frame,sim_time,x,y,z,yaw,pitch,roll,speed_mps,throttle,brake,steer,gear,acc_x,acc_y,acc_z,gnss_lat,gnss_lon,gnss_alt,imu_acc_x,imu_acc_y,imu_acc_z,imu_gyro_x,imu_gyro_y,imu_gyro_z,imu_compass,wp_x,wp_y,wp_road_id,wp_lane_id,odom_m,cloudiness,precipitation,sun_altitude,n_collisions,n_lane_invasions,cmd_manobra,cmd_throttle,cmd_brake,cmd_steer,cmd_target_speed_kmh
152637,0.0,314.65130615234375,2.029468297958374,-0.0038582037668675184,0.07874405384063721,-0.010163321159780025,1.4319502952275798e-05,5.040824956689123,0.6000000238418579,0.0,0.0,1,0.61798095703125,0.0008304044604301453,0.008772850036621094,2.394054565614815e-05,0.0028238023538058473,2.7961416244506836,-0.9917407631874084,-0.0005168496281839907,9.805527687072754,2.2515103410114534e-05,0.0018524614861235023,-0.0001477344922022894,1.572170615196228,314.6504821777344,1.9828459024429321,1,1,0.0,5.0,0.0,45.0,0,0,acelerar,0.6,0.0,0.0,40.0
152638,0.05,314.90704345703125,2.0289971828460693,-0.0037966344971209764,0.06270978599786758,-0.011201509274542332,0.003520144848152995,5.152601085399062,0.0,0.699999988079071,-0.015413662418723106,1,2.2347259521484375,-0.5670527219772339,0.0051822662353515625,2.5739994322078367e-05,0.0028157174337971173,2.796203136444092,2.26780104637146,-0.2600397765636444,9.803397178649902,-0.0017931729089468718,-0.0003821805294137448,-0.008487737737596035,1.5718908309936523,314.9062194824219,1.98298180103302,1,1,0.25573773862743887,5.0,0.0,45.0,0,0,acelerar,0.6,0.0,0.0,40.0
152639,0.1,315.16180419921875,2.0279366970062256,-0.003726062597706914,0.03550143539905548,-0.012267018668353558,0.00849826354533434,4.9521341423374095,0.0,0.699999988079071,-0.010939371772110462,1,-4.009895324707031,-0.10682221502065659,0.0022373185493052006,1.878474482586963e-05,0.002823008341225071,2.796273708343506,-0.38222944736480713,-0.20825131237506866,9.813403129577637,-0.0016040380578488111,0.0024768004659563303,-0.00982463825494051,1.571415901184082,315.1609802246094,1.9831171035766602,1,1,0.5105006880336317,5.0,0.0,45.0,0,0,acelerar,0.6,0.0,0.0,40.0
152640,0.15000000000000002,315.3944091796875,2.0267999172210693,-0.003577060531824827,0.007968460209667683,-0.029731811955571175,0.011999995447695255,4.459086307940801,0.07611126452684402,0.0,-0.010394233278930187,1,-9.861183166503906,-0.0114436075091362,-0.030340194702148438,1.2778949770669049e-05,0.002843586605911927,2.7964227199554443,-8.565112113952637,-0.060244739055633545,9.836874961853027,-0.000994876609183848,0.008307184092700481,-0.009427288547158241,1.5709353685379028,315.3935852050781,1.9832406044006348,1,1,0.7431084463031002,5.0,0.0,45.0,0,0,acelerar,0.6,0.0,0.0,40.0
152641,0.2,315.6131896972656,2.0256197452545166,-0.003375110449269414,-0.01898193173110485,-0.0519094355404377,0.014092600904405117,4.418204889137428,0.8500000238418579,0.0,-0.009913531132042408,1,-0.8179092407226562,-0.041342899203300476,0.0029245377518236637,3.6265345364392486e-05,0.002831822183468977,2.796623468399048,-5.428889274597168,-0.049446795135736465,9.825855255126953,-0.0005848105065524578,0.006016889121383429,-0.009575307369232178,1.570465087890625,315.61236572265625,1.9833568334579468,1,1,0.9618921469702727,5.0,0.0,45.0,0,0,acelerar,0.6,0.0,0.0,40.0
152642,0.25,315.8367004394531,2.024338960647583,-0.0032786750234663486,-0.046539306640625,-0.0623118132352829,0.015137161128222942,4.508081563004943,0.8500000238418579,0.0,-0.00943800713866949,1,1.7972850799560547,-0.04253067076206207,0.002515793079510331,3.3837005440408657e-06,0.002851566816749684,2.7967193126678467,1.6494239568710327,-0.06224837154150009,9.769830703735352,-0.00021464811288751662,0.0021307270508259535,-0.009657323360443115,1.5699840784072876,315.83587646484375,1.9834755659103394,1,1,1.1854065587705334,5.0,0.0,45.0,0,0,acelerar,0.6,0.0,0.0,40.0
152643,0.30000000000000004,316.0649108886719,2.0233681201934814,-0.00327409734018147,-0.0664672777056694,-0.06253037601709366,0.013510442338883877,4.604155868724559,0.8500000238418579,0.0,-0.0011166927870362997,1,1.9228458404541016,0.23596778512001038,0.0019931793212890625,1.0354672593416681e-05,0.0028375896242490797,2.7967238426208496,1.6692479848861694,0.07159697264432907,9.775282859802246,0.000957445940002799,-0.00122413644567132,-0.005534339230507612,1.5696362257003784,316.0640869140625,1.9835968017578125,1,1,1.4136190730282117,5.0,0.0,45.0,0,0,acelerar,0.6,0.0,0.0,40.0
152644,0.35000000000000003,316.29840087890625,2.0225980281829834,-0.003346881829202175,-0.0802917405962944,-0.05417022854089737,0.01035549771040678,4.710498569579286,0.8500000238418579,0.0,-0.0029791761189699173,1,2.1269798278808594,0.026363283395767212,0.0014205933548510075,1.8991507809677312e-05,0.002841371755742994,2.796651840209961,1.9406801462173462,0.051824118942022324,9.781301498413086,0.001167532755061984,-0.003957194741815329,-0.004454969894140959,1.5693949460983276,316.2975769042969,1.9837208986282349,1,1,1.6471103332101575,5.0,0.0,45.0,0,0,acelerar,0.6,0.0,0.0,40.0
152645,0.4,316.537353515625,2.0218429565429688,-0.003478946629911661,-0.091766357421875,-0.03930773586034775,0.006934506818652153,4.819077851986231,0.8500000238418579,0.0,-0.0026865247637033463,1,2.171630859375,0.007674619555473328,0.0008611677912995219,2.3570868638407012e-05,0.0028610645437530838,2.796520233154297,2.0332813262939453,0.003254607319831848,9.787491798400879,0.0011917842784896493,-0.005890226922929287,-0.003786906599998474,1.5691946744918823,316.5365295410156,1.9838478565216064,1,1,1.8860641629095882,5.0,0.0,45.0,0,0,acelerar,0.6,0.0,0.0,40.0
152646,0.45,316.78173828125,2.0210793018341064,-0.003648853162303567,-0.10174560546875,-0.02034713327884674,0.00365002010948956,4.926709590495421,0.8500000238418579,0.0,-0.002410885179415345,1,2.1526527404785156,0.0008875876665115356,0.0003650665166787803,8.998561277553546e-06,0.0028441241573550504,2.7963507175445557,2.106517791748047,0.0025760259013623,9.79559326171875,0.001101513858884573,-0.007002439349889755,-0.0033249936532229185,1.5690205097198486,316.7809143066406,1.9839776754379272,1,1,2.130450121667657,5.0,0.0,45.0,0,0,acelerar,0.6,0.0,0.0,40.0
152647,0.5,317.0315246582031,2.020294189453125,-0.003820667276158929,-0.1107177585363388,0.0006352075724862516,0.0007519634673371911,5.03228799538096,0.8500000238418579,0.0,-0.0022477302700281143,1,2.1115589141845703,-0.0044350698590278625,0.0333593375980854,2.6802501605509396e-05,0.002854104855762451,2.7961790561676025,2.1001064777374268,0.00306990509852767,9.809118270874023,0.0009617537725716829,-0.007586235646158457,-0.0030174856074154377,1.5688639879226685,317.03070068359375,1.9841103553771973,1,1,2.3802377324749573,5.0,0.0,45.0,0,0,acelerar,0.6,0.0,0.0,40.0
152648,0.55,317.28643798828125,2.0194787979125977,-0.003935565706342459,-0.11895751953125,0.021959057077765465,-0.001617431640625,5.133811165314898,0.7966908812522888,0.0,-0.00214791065081954,1,2.0304489135742188,-0.008136667311191559,-0.00439872732385993,3.2011397603499145e-05,0.0028533159492694945,2.7960641384124756,2.0737669467926025,0.0030127838253974915,9.831862449645996,0.0007362737669609487,-0.0072664013132452965,-0.002809752942994237,1.5687201023101807,317.2856140136719,1.984245777130127,1,1,2.635152366646641,5.0,0.0,45.0,0,0,acelerar,0.6,0.0,0.0,40.0
152649,0.6000000000000001,317.54498291015625,2.018646001815796,-0.004035511054098606,-0.12646484375,0.0403117761015892,-0.0033874509390443563,5.140363927189038,0.49325060844421387,0.0,-0.0018045003525912762,1,0.13108253479003906,0.0068561360239982605,-0.0061969761736691,1.4047063395399505e-05,0.0028558667314782507,2.795963764190674,1.5068918466567993,0.00857859943062067,9.814801216125488,0.0005371634033508599,-0.005038263741880655,-0.0024523355532437563,1.5685890913009644,317.5441589355469,1.9843831062316895,1,1,2.893698629773163,5.0,0.0,45.0,0,0,acelerar,0.6,0.0,0.0,40.0
152650,0.65,317.7989807128906,2.017803192138672,-0.004052982199937105,-0.1326904445886612,0.048200640827417374,-0.0045166015625,5.018976186579966,0.40555503964424133,0.0,-0.0019171631429344416,1,-2.4277687072753906,6.377696990966797e-05,-0.007073020096868277,2.2124107033191257e-05,0.002860084449166091,2.795945882797241,-1.611733078956604,0.005071158986538649,9.844484329223633,0.0003001577570103109,-0.0010533243184909225,-0.0020578745752573013,1.5684804916381836,317.79815673828125,1.984518051147461,1,1,3.1476978307995487,5.0,0.0,45.0,0,0,acelerar,0.6,0.0,0.0,40.0
152651,0.7000000000000001,318.04888916015625,2.0169689655303955,-0.004042072221636772,-0.1394653469324112,0.047824982553720474,-0.00506591796875,5.018034156087263,0.611290693283081,0.0,-0.0016962391091510653,1,-0.018835067749023438,0.0014994293451309204,-0.03921699523925781,1.101781519527945e-05,0.00287336918476288,2.79595685005188,-1.4618324041366577,0.01182152796536684,9.82262897491455,0.0001060719441738911,0.00034775090171024203,-0.0020797636825591326,1.5683622360229492,318.0480651855469,1.9846508502960205,1,1,3.3976076704392666,5.0,0.0,45.0,0,0,acelerar,0.6,0.0,0.0,40.0
152652,0.75,318.3037414550781,2.0161073207855225,-0.004018192179501057,-0.145233154296875,0.048077698796987534,-0.005096436012536287,5.143578812104487,0.5269242525100708,0.0,-0.001516502583399415,1,2.5108909606933594,-0.005536600947380066,0.027356529608368874,1.4386844526979017e-05,0.0028493634459475768,2.79598069190979,1.9782310724258423,0.005007079336792231,9.813499450683594,-5.0623439165065065e-05,-0.00025807740166783333,-0.001982147339731455,1.5682615041732788,318.30291748046875,1.9847861528396606,1,1,3.6524614219490545,5.0,0.0,45.0,0,0,acelerar,0.6,0.0,0.0,40.0
152653,0.8,318.56219482421875,2.0152313709259033,-0.004000186920166016,-0.1507568210363388,0.047538112848997116,-0.0047607421875,5.133672061257224,0.1479405015707016,0.0,-0.0014079684624448419,1,-0.19812583923339844,0.0028364360332489014,-0.005286216735839844,1.8745294352147194e-05,0.0028502193144532744,2.7959988117218018,1.4581283330917358,0.005958185065537691,9.806448936462402,-0.00016787128697615117,0.0012766221771016717,-0.0015812598867341876,1.5681651830673218,318.5613708496094,1.9849234819412231,1,1,3.910916275469542,5.0,0.0,45.0,0,0,acelerar,0.6,0.0,0.0,40.0
152654,0.8500000000000001,318.8103942871094,2.0143723487854004,-0.0038968848530203104,-0.1558532416820526,0.035079848021268845,-0.004089354537427425,4.8034227865478005,0.0,0.699999988079071,-0.0014587424229830503,1,-6.604976654052734,0.015978477895259857,-0.03655700758099556,7.5896423807192505e-06,0.0028663709357860806,2.796102523803711,-3.863992691040039,0.003066383069381118,9.846664428710938,-0.000250357436016202,0.006876977160573006,-0.0015515623381361365,1.5680761337280273,318.8095703125,1.9850553274154663,1,1,4.159117224900105,5.0,0.0,45.0,0,0,acelerar,0.6,0.0,0.0,40.0
152655,0.9,319.0353698730469,2.0135819911956787,-0.003688602475449443,-0.1594848483800888,0.004412301816046238,-0.0033874514047056437,4.310439996942351,0.0,0.699999988079071,-0.001158227096311748,1,-9.859580993652344,0.03861995413899422,0.0005796435289084911,4.087834611590332e-06,0.0028708646617188996,2.796311378479004,-8.919281959533691,0.002628299407660961,9.852718353271484,-0.00025469096726737916,0.01296178437769413,-0.0011011917376890779,1.5680128335952759,319.0345458984375,1.9851748943328857,1,1,4.384094199128671,5.0,0.0,45.0,0,0,acelerar,0.6,0.0,0.0,40.0
152656,0.9500000000000001,319.23565673828125,2.012861490249634,-0.003344745608046651,-0.1622924655675888,-0.039888303726911545,-0.0025939939077943563,3.8189708187407776,0.0,0.699999988079071,-0.0014495250070467591,1,-9.829349517822266,0.027202758938074112,0.003006362821906805,3.4226559493188725e-05,0.0028633982706166806,2.79665470123291,-9.626907348632812,0.002103419741615653,9.857129096984863,-0.00027064367895945907,0.016845988109707832,-0.0009154931176453829,1.5679638385772705,319.2348327636719,1.985281229019165,1,1,4.584382360304079,5.0,0.0,45.0,0,0,acelerar,0.6,0.0,0.0,40.0
152657,1.0,319.41131591796875,2.0122196674346924,-0.002918415004387498,-0.1644592434167862,-0.09172943234443665,-0.0018920896109193563,3.329283884894798,0.0,0.699999988079071,-0.001185351051390171,1,-9.793667793273926,0.036981552839279175,0.004672622308135033,2.7163054689213862e-05,0.0028496502072550985,2.7970778942108154,-9.715789794921875,0.0017007214482873678,9.826409339904785,-0.00022933489526621997,0.018677731975913048,-0.0006627044640481472,1.5679259300231934,319.4104919433594,1.9853745698928833,1,1,4.760042712532495,5.0,0.0,45.0,0,0,acelerar,0.6,0.0,0.0,40.0
152658,1.05,319.5625305175781,2.011664867401123,-0.002458286238834262,-0.1660156100988388,-0.14572890102863312,-0.0013122556265443563,2.841742110695268,0.049632541835308075,0.0,-0.0011315717129036784,1,-9.75076675415039,0.03623850643634796,0.005596925038844347,5.126606156140948e-06,0.0028640931913417665,2.797532558441162,-9.765002250671387,0.004189969971776009,9.797774314880371,-0.00017862739332485944,0.01872699148952961,-0.0004726791230496019,1.5678987503051758,319.56170654296875,1.9854549169540405,1,1,4.91125832990749,5.0,0.0,45.0,0,0,acelerar,0.6,0.0,0.0,40.0
152659,1.1,319.7016906738281,2.011155128479004,-0.002100620185956359,-0.1676330715417862,-0.18737256526947021,-0.0008544921875,2.8569581453546466,0.8500000238418579,0.0,-0.0011636738199740648,1,0.3043174743652344,-0.0018935836851596832,0.005822562612593174,3.96043459120878e-06,0.002867615149671593,2.797884464263916,-5.1019463539123535,0.0017180957365781069,9.752273559570312,-0.00014984961308073252,0.010402750223875046,-0.000678821059409529,1.5678706169128418,319.70086669921875,1.985528826713562,1,1,5.050419419732531,5.0,0.0,45.0,0,0,acelerar,0.6,0.0,0.0,40.0
152660,1.1500000000000001,319.8486633300781,2.010620594024658,-0.0019920540507882833,-0.1698608249425888,-0.20144276320934296,-0.00045776370097883046,2.9963004536002282,0.8500000238418579,0.0,-0.0011636738199740648,1,2.7868223190307617,-0.011884607374668121,0.005694007966667414,9.732062057643232e-06,0.002875328089377221,2.797990322113037,2.5658562183380127,-0.0019017655868083239,9.720643997192383,-0.00012669581337831914,0.0015069337096065283,-0.0008234495762735605,1.5678317546844482,319.84783935546875,1.9856069087982178,1,1,5.197393048020954,5.0,0.0,45.0,0,0,acelerar,0.6,0.0,0.0,40.0
152661,1.2000000000000002,320.0026550292969,2.0100831985473633,-0.0020852850284427404,-0.171875,-0.19299381971359253,-0.00024414061044808477,3.1340625107717535,0.8500000238418579,0.0,-0.0006012359517626464,1,2.755274772644043,0.004075299948453903,0.005172920413315296,2.453295891933655e-05,0.0028550432865380522,2.797898769378662,2.3272087574005127,0.0036834946367889643,9.738909721374512,-5.493000571732409e-05,-0.00570879178121686,-0.0006537153967656195,1.5677965879440308,320.0018310546875,1.9856886863708496,1,1,5.351385684929921,5.0,0.0,45.0,0,0,acelerar,0.6,0.0,0.0,40.0
152662,1.25,320.1639709472656,2.009521245956421,-0.002335605677217245,-0.173919677734375,-0.16687516868114471,-6.103514533606358e-05,3.2758637593645132,0.7012462019920349,0.0,-0.0009267422719858587,1,2.835984230041504,-0.016472376883029938,0.004401969723403454,1.1686858602802235e-05,0.002903495968787359,2.79765248298645,2.551614761352539,-0.0015330608002841473,9.755598068237305,-6.14837117609568e-05,-0.011123916134238243,-0.0007518562488257885,1.5677608251571655,320.16314697265625,1.9857743978500366,1,1,5.51270258169159,5.0,0.0,45.0,0,0,acelerar,0.6,0.0,0.0,40.0
152663,1.3,320.33203125,2.0089197158813477,-0.0026905250269919634,-0.1762695014476776,-0.12881052494049072,0.0001401231565978378,3.3994272587921155,0.190067857503891,0.0,-0.0010249688057228923,1,2.4712276458740234,-0.01601036638021469,0.003330803010612726,1.398709702297326e-05,0.002874565288575366,2.797302484512329,2.458064556121826,-0.0069254180416464806,9.774065971374512,-6.966902583371848e-05,-0.014410825446248055,-0.0008427497814409435,1.56771981716156,320.3312072753906,1.9858636856079102,1,1,5.680763960936201,5.0,0.0,45.0,0,0,acelerar,0.6,0.0,0.0,40.0
152664,1.35,320.5046081542969,2.008298397064209,-0.003086261684074998,-0.178558349609375,-0.08572570234537125,0.00030430059996433556,3.457542942140544,0.0,0.2527713179588318,-0.0008381697698496282,1,1.1623096466064453,-0.0031919777393341064,0.0022985455580055714,1.045693797358904e-05,0.0028772147785517247,2.796910524368286,1.6753637790679932,-0.003222725121304393,9.795799255371094,-4.883077053818852e-05,-0.015111953020095825,-0.0007671933271922171,1.5676798820495605,320.5037841796875,1.9859553575515747,1,1,5.853341983678859,5.0,0.0,45.0,0,0,acelerar,0.6,0.0,0.0,40.0
152665,1.4000000000000001,320.6776428222656,2.0076777935028076,-0.0034576605539768934,-0.1805114597082138,-0.044737737625837326,0.000401865690946579,3.4349772259251026,0.0,0.45427045226097107,-0.0007147158030420542,1,-0.45130252838134766,0.004061218351125717,0.001216316595673561,1.5512940035781428e-05,0.002880111689725908,2.796541452407837,0.2323351353406906,-0.0004064917447976768,9.819169998168945,-2.523036346246954e-05,-0.013482299633324146,-0.0006360729457810521,1.567645788192749,320.67681884765625,1.9860472679138184,1,1,6.026377764567772,5.0,0.0,45.0,0,0,acelerar,0.6,0.0,0.0,40.0
152666,1.4500000000000002,320.84832763671875,2.007253646850586,-0.003762912703678012,-0.1785888522863388,-0.01049800030887127,-0.000335693359375,3.3860073516738005,0.0,0.36337918043136597,0.0036759430076926947,1,-0.9790420532226562,0.13084006309509277,0.0003049848601222038,3.646494737755299e-05,0.002882142561260363,2.7962372303009033,-0.8219913244247437,0.059454545378685,9.835865020751953,0.0003781314881052822,-0.010869203135371208,0.0013311207294464111,1.5676794052124023,320.8475036621094,1.9861379861831665,1,1,6.197063106015947,5.0,0.0,45.0,0,0,acelerar,0.6,0.0,0.0,40.0
152667,1.5,321.01654052734375,2.0069453716278076,-0.003992176149040461,-0.174224853515625,0.01579822599887848,-0.0013427734375,3.3404773142250224,0.0,0.18386508524417877,0.0023523650597780943,1,-0.9105730056762695,0.017188675701618195,-0.0004795077256858349,1.4813253854361531e-05,0.0028693778700800174,2.7960076332092285,-0.8374059200286865,0.03814490884542465,9.840152740478516,0.0003193934098817408,-0.008036884479224682,0.0016132574528455734,1.5677555799484253,321.0157165527344,1.9862273931503296,1,1,6.3652762791208835,5.0,0.0,45.0,0,0,acelerar,0.6,0.0,0.0,40.0
152668,1.55,321.1827697753906,2.006662130355835,-0.004148426000028849,-0.1694335788488388,0.03419875353574753,-0.002105712890625,3.3079302682566514,0.0,0.020298702642321587,0.0023108883760869503,1,-0.6509256362915039,0.01062098890542984,-0.0010099407518282533,2.5249608509705093e-05,0.00289023158855134,2.7958507537841797,-0.6141671538352966,0.012981231324374676,9.839430809020996,0.00023220697767101228,-0.005365277640521526,0.001708697760477662,1.5678391456604004,321.18194580078125,1.9863156080245972,1,1,6.531505768477759,5.0,0.0,45.0,0,0,acelerar,0.6,0.0,0.0,40.0
152669,1.6,321.34747314453125,2.006385087966919,-0.004238300025463104,-0.164703369140625,0.045304641127586365,-0.0025634767953306437,3.281883550625295,0.0953710675239563,0.0,0.002022232161834836,1,-0.52093505859375,-0.00020840205252170563,-0.0013235094957053661,2.4669221489381585e-05,0.0028806720304613417,2.7957606315612793,-0.46224233508110046,0.006901522632688284,9.837087631225586,0.00011476874351501465,-0.0029367562383413315,0.001614437554962933,1.567921757698059,321.3466491699219,1.9864031076431274,1,1,6.69620937062039,5.0,0.0,45.0,0,0,acelerar,0.6,0.0,0.0,40.0
152670,1.6500000000000001,321.51129150390625,2.0061147212982178,-0.004273929633200169,-0.16015625,0.050304342061281204,-0.002716064453125,3.2740819190261146,0.18840329349040985,0.0,0.002044448396191001,1,-0.15602588653564453,0.004832763224840164,-0.0015161512419581413,1.2101748960947543e-05,0.0028888464515508193,2.795724630355835,-0.23138993978500366,0.007998304441571236,9.83184814453125,3.2688549254089594e-05,-0.0010284737218171358,0.0015757952351123095,1.5680010318756104,321.5104675292969,1.9864901304244995,1,1,6.860027953102513,5.0,0.0,45.0,0,0,acelerar,0.6,0.0,0.0,40.0
152671,1.7000000000000002,321.6751708984375,2.005849599838257,-0.00426965719088912,-0.155792236328125,0.050755131989717484,-0.0026855464093387127,3.2814165239391238,0.21432477235794067,0.0,0.001928608980961144,1,0.14669418334960938,0.0013772211968898773,-0.001545715145766735,2.8495451406244673e-05,0.0028953591703131305,2.795728921890259,0.11868885159492493,0.006306514143943787,9.825993537902832,-4.203181015327573e-05,0.00035525939892977476,0.001504287007264793,1.5680772066116333,321.6743469238281,1.9865772724151611,1,1,7.023907562088248,5.0,0.0,45.0,0,0,acelerar,0.6,0.0,0.0,40.0
152672,1.75,321.8397216796875,2.005584478378296,-0.004239368252456188,-0.1516723781824112,0.048036716878414154,-0.0024414060171693563,3.29955833152406,0.1861046999692917,0.0,0.001752118463627994,1,0.3628349304199219,-0.0011808611452579498,-0.0013801574241369963,3.01429664386488e-06,0.0029006037032505826,2.795759439468384,0.33822184801101685,0.005198249127715826,9.820188522338867,-0.0001033979351632297,0.0012983010383322835,0.0013983120443299413,1.5681490898132324,321.8388977050781,1.9866646528244019,1,1,7.188458556917736,5.0,0.0,45.0,0,0,acelerar,0.6,0.0,0.0,40.0
152673,1.8,322.0050964355469,2.0053248405456543,-0.004190387669950724,-0.1477050930261612,0.04305068030953407,-0.0021057126577943563,3.3137060628755504,0.11947755515575409,0.0,0.0018134547863155603,1,0.2829599380493164,0.003816438838839531,-0.0012046813499182463,1.8108761942865586e-05,0.002889689705300585,2.7958085536956787,0.3873649835586548,0.005324776750057936,9.817211151123047,-0.00012929011427331716,0.0020094960927963257,0.001384015311487019,1.5682183504104614,322.0042724609375,1.9867525100708008,1,1,7.353833516592265,5.0,0.0,45.0,0,0,acelerar,0.6,0.0,0.0,40.0
152674,1.85,322.1710205078125,2.0050692558288574,-0.004127979278564453,-0.1438598483800888,0.03636392578482628,-0.0016784666804596782,3.3213771553726574,0.0690007135272026,0.0,0.0016594893531873822,1,0.15342235565185547,0.0002976972609758377,-0.0009218215709552169,3.343556877690733e-05,0.0028915867323077928,2.7958712577819824,0.2562202215194702,0.004274603445082903,9.815153121948242,-0.00015144562348723412,0.002531827427446842,0.001315288245677948,1.5682854652404785,322.1701965332031,1.9868406057357788,1,1,7.519757785705483,5.0,0.0,45.0,0,0,acelerar,0.6,0.0,0.0,40.0
152675,1.9000000000000001,322.3369445800781,2.0048177242279053,-0.004055194556713104,-0.1401672065258026,0.02840675599873066,-0.0012207027757540345,3.317459843953566,0.04214552789926529,0.0,0.001622605137526989,1,-0.07834434509277344,0.0015387032181024551,-0.0007089615100994706,3.876529196977192e-06,0.0029007108103803053,2.7959444522857666,0.03486058861017227,0.0023918556980788708,9.814281463623047,-0.0001548597210785374,0.002921182429417968,0.0012732010800391436,1.5683499574661255,322.33612060546875,1.9869288206100464,1,1,7.6856820486249084,5.0,0.0,45.0,0,0,acelerar,0.6,0.0,0.0,40.0
152676,1.9500000000000002,322.50250244140625,2.004575490951538,-0.00397706963121891,-0.1365356296300888,0.019711924716830254,-0.000823974609375,3.309929609851215,0.05763617902994156,0.0,0.0016456834273412824,1,-0.15059947967529297,0.004325825721025467,-0.00037994381273165345,9.877067723808007e-06,0.0029100908447384746,2.796022653579712,-0.13663005828857422,0.0023856055922806263,9.812000274658203,-0.0001374365674564615,0.0030744264367967844,0.0012647303519770503,1.5684133768081665,322.5016784667969,1.9870166778564453,1,1,7.851240087162767,5.0,0.0,45.0,0,0,acelerar,0.6,0.0,0.0,40.0
152677,2.0,322.6676025390625,2.004340887069702,-0.0038988685701042414,-0.1329955905675888,0.010976113379001617,-0.00042724606464616954,3.300153894795667,0.08518706262111664,0.0,0.0015619019977748394,1,-0.1955127716064453,0.0014050258323550224,-0.00017738333554007113,2.0935489805475857e-05,0.0029116925042101277,2.7961010932922363,-0.17812690138816833,0.002545952098444104,9.810112953186035,-0.00012214021990075707,0.00300127943046391,0.0012236337643116713,1.5684751272201538,322.6667785644531,1.9871044158935547,1,1,8.016340351502606,5.0,0.0,45.0,0,0,acelerar,0.6,0.0,0.0,40.0
152678,2.0500000000000003,322.8323669433594,2.0041072368621826,-0.0038278389256447554,-0.129669189453125,0.002943811472505331,-0.00012207030522404239,3.2966442171853783,0.12066178023815155,0.0,0.0014079684624448419,1,-0.07019519805908203,-0.001338268630206585,2.6321358745917678e-05,-4.4821320617118964e-07,0.002890894409172294,2.7961721420288086,-0.1494932472705841,-0.0014123257715255022,9.807117462158203,-0.0001080185393220745,0.00263982848264277,0.0011355611495673656,1.568533182144165,322.83154296875,1.987191915512085,1,1,8.181104921467522,5.0,0.0,45.0,0,0,acelerar,0.6,0.0,0.0,40.0
152679,2.1,322.9970703125,2.003870725631714,-0.003768863622099161,-0.1265868991613388,-0.0037566039245575666,0.00018141786858905107,3.29635257960493,0.13255497813224792,0.0,0.001263840589672327,1,-0.00583648681640625,-0.0030457042157649994,0.00021495812688954175,3.1521566949042745e-05,0.0028943970856262612,2.7962310314178467,-0.04063951224088669,-0.0013694176450371742,9.805153846740723,-9.321448305854574e-05,0.0021154317073524,0.0010351029923185706,1.5685869455337524,322.9962463378906,1.9872794151306152,1,1,8.345808460421107,5.0,0.0,45.0,0,0,acelerar,0.6,0.0,0.0,40.0
152680,2.15,323.1619873046875,2.0036427974700928,-0.003725833725184202,-0.12359619140625,-0.008701660670340061,0.0003673086757771671,3.3017765130976384,0.1332213580608368,0.0,0.0014193737879395485,1,0.10848522186279297,0.00534936785697937,0.0002832413883879781,2.90918566626311e-05,0.0028972590978058616,2.796273946762085,0.03850919008255005,0.0011953101493418217,9.803600311279297,-4.787715806742199e-05,0.0014637128915637732,0.0010575903579592705,1.5686391592025757,323.1611633300781,1.987367033958435,1,1,8.510725610115792,5.0,0.0,45.0,0,0,acelerar,0.6,0.0,0.0,40.0
152681,2.2,323.3271789550781,2.003420114517212,-0.0036992072127759457,-0.1206359788775444,-0.011843547224998474,0.0004679152916651219,3.3056276963543967,0.1130051538348198,0.0,0.00129096454475075,1,0.07702350616455078,-0.00018705148249864578,0.0003284453123342246,1.5170091230968505e-05,0.0029191969830743856,2.7963006496429443,0.07797250896692276,0.0007133765611797571,9.803454399108887,-2.581542867119424e-05,0.0008614941616542637,0.001013566623441875,1.5686907768249512,323.32635498046875,1.987454891204834,1,1,8.675917410597764,5.0,0.0,45.0,0,0,acelerar,0.6,0.0,0.0,40.0
152682,2.25,323.4925842285156,2.0031938552856445,-0.0036873817443847656,-0.1179504245519638,-0.013339358381927013,0.0005309419939294457,3.3096431134118665,0.09932270646095276,0.0,0.0011014206102117896,1,0.08030414581298828,-0.00356422271579504,0.0003747940354514867,2.0477983114401354e-05,0.0028997955612624507,2.7963125705718994,0.0477222204208374,-0.0020972914062440395,9.804152488708496,-1.674381383054424e-05,0.0003126367228105664,0.0009113980340771377,1.5687377452850342,323.49176025390625,1.987542748451233,1,1,8.841322838786121,5.0,0.0,45.0,0,0,acelerar,0.6,0.0,0.0,40.0
152683,2.3000000000000003,323.6580505371094,2.002969741821289,-0.0036870765034109354,-0.11535642296075821,-0.013551094569265842,0.0005365438410080969,3.30866715388652,0.08484238386154175,0.0,0.0011636738199740648,1,-0.019516944885253906,0.00186895951628685,0.0003849029599223286,3.2817189940809155e-05,0.0028976631646434603,2.7963128089904785,-0.012318371795117855,-0.0003463301691226661,9.805389404296875,7.411406386381714e-06,-7.7150332799647e-05,0.0008983926963992417,1.568782925605774,323.6572265625,1.9876306056976318,1,1,9.006789299153432,5.0,0.0,45.0,0,0,acelerar,0.6,0.0,0.0,40.0
152684,2.35,323.8234558105469,2.0027472972869873,-0.0036953925155103207,-0.112884521484375,-0.012758792378008366,0.0004995585768483579,3.3076241263936983,0.08895207941532135,0.0,0.0010428630048409104,1,-0.02086162567138672,-0.0008852314203977585,0.00031604766263626516,1.764124728715586e-05,0.0028969470631051582,2.79630446434021,-0.02218298800289631,-0.00028115662280470133,9.806558609008789,1.7437623682781123e-05,-0.0003862004086840898,0.0008382906671613455,1.5688260793685913,323.8226318359375,1.9877184629440308,1,1,9.172194722167628,5.0,0.0,45.0,0,0,acelerar,0.6,0.0,0.0,40.0
152685,2.4000000000000004,323.98876953125,2.002523183822632,-0.00370897282846272,-0.1106262058019638,-0.011324453167617321,0.0004456944006960839,3.303859608227199,0.0927167534828186,0.0,0.0009459785069338977,1,-0.07529258728027344,-0.001775519922375679,0.0002544402959756553,2.083824623073146e-05,0.002898918988372652,2.796290874481201,-0.07193628698587418,-0.001070821308530867,9.807720184326172,2.0964693248970434e-05,-0.0005654319538734853,0.0007732383091934025,1.5688655376434326,323.9879455566406,1.9878063201904297,1,1,9.337508594784405,5.0,0.0,45.0,0,0,acelerar,0.6,0.0,0.0,40.0
152686,2.45,324.1539306640625,2.002296209335327,-0.003726367838680744,-0.1085510104894638,-0.009459811262786388,0.0003882228338625282,3.303061043849606,0.10659872740507126,0.0,0.0008381697698496282,1,-0.015974044799804688,-0.0021920260041952133,0.00019493103900458664,2.796152582120017e-05,0.0029186371596335867,2.7962734699249268,-0.05161679536104202,-0.0015674366150051355,9.808585166931152,2.1103083781781606e-05,-0.0007120245136320591,0.0006946056964807212,1.568901777267456,324.1531066894531,1.987894058227539,1,1,9.502669883557912,5.0,0.0,45.0,0,0,acelerar,0.6,0.0,0.0,40.0
152687,2.5,324.3190612792969,2.002070903778076,-0.003745822934433818,-0.106597900390625,-0.007294641807675362,0.0003099457244388759,3.3016919521275767,0.10912159085273743,0.0,0.0008796547190286219,1,-0.027379989624023438,0.001484667882323265,0.0001306533522438258,2.104922890037055e-05,0.002913778431252727,2.7962541580200195,-0.04124951362609863,0.00034126578248105943,9.809292793273926,3.086925789830275e-05,-0.000767633318901062,0.0006816653185524046,1.5689358711242676,324.3182373046875,1.9879817962646484,1,1,9.667800652496584,5.0,0.0,45.0,0,0,acelerar,0.6,0.0,0.0,40.0
152688,2.5500000000000003,324.4842529296875,2.001857042312622,-0.003766345791518688,-0.1045226901769638,-0.005033849272876978,0.00018186973466072232,3.303730768191054,0.11412004381418228,0.0,0.0010249688057228923,1,0.04078388214111328,0.006283372640609741,6.542206392623484e-05,1.3611947231761902e-05,0.0029455308279058563,2.7962334156036377,0.029131446033716202,0.003539209719747305,9.809378623962402,5.1013157644774765e-05,-0.0008055848884396255,0.0007357966969721019,1.568972110748291,324.4834289550781,1.9880695343017578,1,1,9.832992441322498,5.0,0.0,45.0,0,0,acelerar,0.6,0.0,0.0,40.0
152689,2.6,324.64947509765625,2.0016579627990723,-0.0037867927458137274,-0.102294921875,-0.002807207638397813,9.962024705600925e-06,3.3041526617733505,0.10637123882770538,0.0,0.0011148579651489854,1,0.008444786071777344,0.006262287497520447,2.021792170125991e-05,1.731079446353763e-05,0.0029230881826470324,2.796212911605835,0.009510202333331108,0.005094264633953571,9.810079574584961,6.306072464212775e-05,-0.0007534816395491362,0.0008006137213669717,1.5690109729766846,324.6486511230469,1.9881572723388672,1,1,9.998214729228659,5.0,0.0,45.0,0,0,acelerar,0.6,0.0,0.0,40.0
152690,2.6500000000000004,324.81494140625,2.0014402866363525,-0.003806476481258869,-0.10052490234375,-0.0005805660621263087,-6.103515625e-05,3.3155447411768817,0.8500000238418579,0.0,0.0004400774778332561,1,0.22782325744628906,-0.015760548412799835,7.05716956872493e-06,8.410256721211806e-06,0.0028978257512577025,2.7961933612823486,0.09991015493869781,-0.0052828420884907246,9.810392379760742,1.347978809462802e-06,-0.0008170315413735807,0.0005273635033518076,1.5690418481826782,324.8141174316406,1.9882451295852661,1,1,10.163681181002286,5.0,0.0,45.0,0,0,acelerar,0.6,0.0,0.0,40.0
152691,2.7,324.98199462890625,2.0012271404266357,-0.0038345525972545147,-0.0987853929400444,0.0024861886631697416,-0.0001220703125,3.3638229276832914,0.8500000238418579,0.0,0.0009825967717915773,1,0.965576171875,0.00971426721662283,-4.367826477391645e-05,2.7600328105878248e-05,0.002918728689400235,2.7961654663085938,0.6404212117195129,0.003077458357438445,9.806535720825195,3.436766201048158e-05,-0.0013244348810985684,0.0006398636032827199,1.5690722465515137,324.9811706542969,1.9883339405059814,1,1,10.330734539637021,5.0,0.0,45.0,0,0,acelerar,0.6,0.0,0.0,40.0
152692,2.75,325.15325927734375,2.0010218620300293,-0.003887348109856248,-0.0969848558306694,0.008148415014147758,-0.00021362301777116954,3.473749798675734,0.8500000238418579,0.0,0.0008796547190286219,1,2.1985387802124023,7.012858986854553e-06,-9.021761798067018e-05,4.174817396371418e-06,0.0029327374153757255,2.796112537384033,1.6213868856430054,0.005434965714812279,9.799925804138184,3.34673750330694e-05,-0.002490582875907421,0.0006268779397942126,1.5691035985946655,325.1524353027344,1.9884248971939087,1,1,10.501999311098173,5.0,0.0,45.0,0,0,acelerar,0.6,0.0,0.0,40.0
152693,2.8000000000000003,325.33123779296875,2.000798225402832,-0.003974018152803183,-0.0955200046300888,0.017341848462820053,-0.000244140625,3.612635669970427,0.8500000238418579,0.0,0.0005190677475184202,1,2.777705192565918,-0.012193904258310795,-9.670255531091243e-05,1.661538676005367e-05,0.0029246706181076713,2.7960259914398193,2.602971076965332,-0.0015611926792189479,9.79561996459961,-5.76960019316175e-06,-0.0036292700096964836,0.00045593734830617905,1.569129228591919,325.3304138183594,1.9885194301605225,1,1,10.67997796722699,5.0,0.0,45.0,0,0,acelerar,0.6,0.0,0.0,40.0
152694,2.85,325.5162048339844,2.000561475753784,-0.004084491636604071,-0.09423825889825821,0.029000980779528618,-0.00021362301777116954,3.7525781363280974,0.8500000238418579,0.0,0.0006220098002813756,1,2.7988481521606445,-0.0026665162295103073,-0.00011005402484443039,2.179512800437275e-05,0.0029259706465776126,2.795915126800537,2.7549631595611572,0.0004971505259163678,9.79899787902832,-8.72379769134568e-06,-0.0042948792688548565,0.00043767396709881723,1.569151520729065,325.515380859375,1.9886177778244019,1,1,10.864945159757102,5.0,0.0,45.0,0,0,acelerar,0.6,0.0,0.0,40.0
152695,2.9000000000000004,325.7081604003906,2.000319004058838,-0.004205570090562105,-0.0929870530962944,0.04173928499221802,-0.00018310545419808477,3.8903206805376755,0.8500000238418579,0.0,0.0006220098002813756,1,2.754850387573242,-0.002066921442747116,-0.00012550353130791336,1.749614470504289e-05,0.002937016703040454,2.7957937717437744,2.797142505645752,0.002293682424351573,9.803668022155762,-1.0232851309410762e-05,-0.004490538500249386,0.00043865328188985586,1.5691734552383423,325.7082214355469,1.988720178604126,27,1,11.05690087930426,5.0,0.0,45.0,0,0,acelerar,0.6,0.0,0.0,40.0
152696,2.95,325.9065856933594,2.003061532974243,-0.004322910215705633,-0.03472900390625,0.05408826470375061,-0.012908934615552425,4.013081369833722,0.8500000238418579,0.0,0.15062201023101807,1,2.4133872985839844,2.6852786540985107,-6.179809861350805e-05,1.5976211485878642e-05,0.002935868995841025,2.7956759929656982,2.6086885929107666,0.9473013281822205,9.808813095092773,0.00866309367120266,-0.004078926984220743,0.04014502838253975,1.570190191268921,325.90667724609375,1.9888255596160889,27,1,11.255345124256303,5.0,0.0,45.0,0,0,acelerar,0.6,0.0,0.0,40.0
152697,3.0,326.1098937988281,2.0145373344421387,-0.004417514894157648,0.19469761848449707,0.06406717002391815,-0.058258056640625,4.112765311029867,0.8500000238418579,0.0,0.20177100598812103,1,1.7418098449707031,4.35288143157959,-9.956359281204641e-05,3.335678030657223e-05,0.002944430078070801,2.795579433441162,2.0006556510925293,2.854719400405884,9.813386917114258,0.01992722600698471,-0.00297724362462759,0.10560251027345657,1.5741944313049316,326.11004638671875,1.9889336824417114,27,1,11.458976850096416,5.0,0.0,45.0,0,0,acelerar,0.6,0.0,0.0,40.0
152698,3.0500000000000003,326.31787109375,2.033397674560547,-0.004487781319767237,0.5698468089103699,0.07151207327842712,-0.12039186805486679,4.2260846714418125,0.8500000238418579,0.0,0.1987871527671814,1,2.006664276123047,2.7114315032958984,-0.00017833709716796875,2.6938120289077854e-05,0.0029472094007480533,2.795503854751587,1.9782251119613647,2.6222896575927734,9.810409545898438,0.022195441648364067,-0.002019472885876894,0.14472627639770508,1.5807420015335083,326.3181457519531,1.989044189453125,27,1,11.667807565347795,5.0,0.0,45.0,0,0,acelerar,0.6,0.0,0.0,40.0
152699,3.1,326.53118896484375,2.0564305782318115,-0.004539737477898598,1.0189281702041626,0.07705818861722946,-0.1783141940832138,4.345610273882472,0.8500000238418579,0.0,0.19175449013710022,1,2.212066650390625,1.5988028049468994,-0.0002058029203908518,1.0574363015777063e-05,0.0029521458803645063,2.7954440116882324,2.2439427375793457,1.7394930124282837,9.807875633239746,0.0189081858843565,-0.0011932965135201812,0.16345487534999847,1.5885800123214722,326.5316162109375,1.9891575574874878,27,1,11.882365316966094,5.0,0.0,45.0,0,0,acelerar,0.6,0.0,0.0,40.0
152700,3.1500000000000004,326.75018310546875,2.0821261405944824,-0.004575824830681086,1.5009984970092773,0.0808626040816307,-0.22216796875,4.465497413695971,0.8500000238418579,0.0,0.18346744775772095,1,2.2726821899414062,1.0869252681732178,-0.0001939773210324347,3.1131769388745284e-05,0.0029324869466836735,2.795400381088257,2.358130931854248,1.3159794807434082,9.808215141296387,0.013302248902618885,-0.0004322745662648231,0.1711609661579132,1.5969936847686768,326.7507629394531,1.989274024963379,27,1,12.10286179211528,5.0,0.0,45.0,0,0,acelerar,0.6,0.0,0.0,40.0
152701,3.2,326.974853515625,2.109846353530884,-0.004595966078341007,1.994173526763916,0.08293215185403824,-0.2486267387866974,4.583651626564081,0.8500000238418579,0.0,0.1747475415468216,1,2.264852523803711,0.8567345142364502,-6.217960617505014e-05,3.3213597243805263e-06,0.002938711581780773,2.795374631881714,2.372817039489746,1.111069679260254,9.80903434753418,0.007132073398679495,0.00026828949921764433,0.17299477756023407,1.605601191520691,326.9755859375,1.9893934726715088,27,1,12.329235826414749,5.0,0.0,45.0,0,0,acelerar,0.6,0.0,0.0,40.0
152702,3.25,327.2052001953125,2.139338493347168,-0.004600772634148598,2.486710786819458,0.08328048884868622,-0.2579346001148224,4.6992962826559515,0.8500000238418579,0.0,0.16597089171409607,1,2.2270870208740234,0.7505369186401367,-6.866466719657183e-06,2.658329121048464e-05,0.0029311745511360135,2.79536771774292,2.357452869415283,0.9886294603347778,9.809654235839844,0.0013472973369061947,0.0008879523957148194,0.17165204882621765,1.6141976118087769,327.20611572265625,1.9895159006118774,27,1,12.561462825607347,5.0,0.0,45.0,0,0,acelerar,0.6,0.0,0.0,40.0
152703,3.3000000000000003,327.4410400390625,2.170513868331909,-0.004590778145939112,2.9721829891204834,0.08203056454658508,-0.2521361708641052,4.8121434545456925,0.8500000238418579,0.0,0.1573483794927597,1,2.1767711639404297,0.6978809833526611,0.00014972691133152694,3.4117397656029835e-05,0.0029451661692884257,2.795379161834717,2.2713961601257324,0.8976742029190063,9.810324668884277,-0.0035431808792054653,0.0014009057777002454,0.16855432093143463,1.6226706504821777,327.4421691894531,1.9896413087844849,27,1,12.799354262833372,5.0,0.0,45.0,0,0,acelerar,0.6,0.0,0.0,40.0
152704,3.35,327.68231201171875,2.203348398208618,-0.004567584954202175,3.4469821453094482,0.07935996353626251,-0.2342834323644638,4.922105618415363,0.8500000238418579,0.0,0.14897821843624115,1,2.1218013763427734,0.6674575805664062,0.0002086639142362401,1.3477901396122132e-05,0.002944844374415615,2.7954061031341553,2.2338650226593018,0.8094237446784973,9.809860229492188,-0.007294749841094017,0.0017876785714179277,0.16446037590503693,1.6309574842453003,327.6836242675781,1.9897695779800415,27,1,13.042850199435327,5.0,0.0,45.0,0,0,acelerar,0.6,0.0,0.0,40.0
152705,3.4000000000000004,327.92877197265625,2.2378430366516113,-0.004533176310360432,3.9090511798858643,0.07557603716850281,-0.20782466232776642,5.029185223124098,0.8500000238418579,0.0,0.14093352854251862,1,2.065610885620117,0.6468284130096436,0.00028648378793150187,2.20359415576942e-05,0.002942559636435669,2.7954461574554443,2.154974937438965,0.7256953120231628,9.809755325317383,-0.00983569398522377,0.0020378672052174807,0.15979942679405212,1.6390221118927002,327.9302978515625,1.9899005889892578,27,1,13.291712395091128,5.0,0.0,45.0,0,0,acelerar,0.6,0.0,0.0,40.0
152706,3.45,328.18035888671875,2.2739710807800293,-0.004410343244671822,4.356645584106445,0.07089053094387054,-0.17514033615589142,5.133512078198795,0.8500000238418579,0.0,0.13324476778507233,1,2.013978958129883,0.6154680252075195,0.030535506084561348,1.0177465568012325e-05,0.0029533852713148597,2.795574188232422,2.1152889728546143,0.649220883846283,9.840843200683594,-0.011588260531425476,0.0021977683063596487,0.15452522039413452,1.646834135055542,328.18212890625,1.9900343418121338,27,1,13.545880077733978,5.0,0.0,45.0,0,0,acelerar,0.6,0.0,0.0,40.0
152707,3.5,328.43658447265625,2.311724901199341,-0.004291400779038668,4.789732456207275,0.06552883237600327,-0.1403808444738388,5.212370495050475,0.8500000238418579,0.0,0.125980943441391,1,1.5000629425048828,0.5958986282348633,-0.00504722585901618,2.867086209610237e-05,0.002949567366884511,2.7956981658935547,1.9225962162017822,0.5594200491905212,9.804669380187988,-0.01180915255099535,0.0025586606934666634,0.15102048218250275,1.6543928384780884,328.4385986328125,1.9901705980300903,27,1,13.804872166117521,5.0,0.0,45.0,0,0,acelerar,0.6,0.0,0.0,40.0
152708,3.5500000000000003,328.6894836425781,2.349858045578003,-0.004121875856071711,5.200145244598389,0.053357433527708054,-0.1040344163775444,5.071448699125583,0.8500000238418579,0.0,0.11911679804325104,1,-2.8106021881103516,-0.28166890144348145,-0.005956267938017845,-1.932342792309967e-06,0.0029589297913589197,2.795872211456299,-1.1880720853805542,0.32347843050956726,9.830617904663086,-0.012764557264745235,0.005677813198417425,0.13966171443462372,1.6615558862686157,328.69171142578125,1.9903050661087036,27,1,14.060630111932264,5.0,0.0,45.0,0,0,acelerar,0.6,0.0,0.0,40.0
152709,3.6,328.9378967285156,2.388292074203491,-0.003916339948773384,5.587573528289795,0.03579701855778694,-0.0692138746380806,5.023247731295393,0.8500000238418579,0.0,0.11283838003873825,1,-1.0148334503173828,0.21567583084106445,-0.006197547540068626,3.318466997287176e-05,0.0029416632482131715,2.796081066131592,-1.6756749153137207,0.28072717785835266,9.824702262878418,-0.011466440744698048,0.006496116518974304,0.13020843267440796,1.6683177947998047,328.9395751953125,1.990437626838684,27,1,14.311998836759711,5.0,0.0,45.0,0,0,acelerar,0.6,0.0,0.0,40.0
152710,3.6500000000000004,329.18878173828125,2.428077220916748,-0.0037522315979003906,5.956233978271484,0.021030152216553688,-0.039703369140625,5.095143078291596,0.8500000238418579,0.0,0.10703754425048828,1,1.3713264465332031,0.5065858364105225,-0.005980109795928001,1.5781498126970814e-05,0.0029503086457022968,2.7962467670440674,0.9936455488204956,0.3412454426288605,9.792058944702148,-0.009358090348541737,0.005045733414590359,0.1306881606578827,1.674752116203308,329.1282653808594,1.9935576915740967,27,1,14.566018808462909,5.0,0.0,45.0,0,0,acelerar,0.6,0.0,0.0,40.0
152711,3.7,329.4371337890625,2.471381187438965,-0.003613605396822095,6.354434967041016,0.0058534718118608,-0.028198234736919403,5.081953204193376,0.8500000238418579,0.0,0.20166563987731934,1,-0.7771968841552734,2.683001756668091,-0.004650115966796875,2.795639593337669e-05,0.002966810438853886,2.7963860034942627,-0.8554858565330505,1.168328046798706,9.798967361450195,0.0008975479868240654,0.004673653282225132,0.15510769188404083,1.6817020177841187,329.492919921875,2.0163278579711914,27,1,14.818117945002108,5.0,0.0,45.0,0,0,acelerar,0.6,0.0,0.0,40.0
152712,3.75,329.69000244140625,2.520893096923828,-0.0035324287600815296,6.831128120422363,-0.00262279249727726,-0.03961181640625,5.187185003123901,0.8500000238418579,0.0,0.17222033441066742,1,1.7595577239990234,1.8536901473999023,-0.0039119720458984375,2.95690409878798e-05,0.0029710922805912796,2.796466827392578,1.9384956359863281,1.8158589601516724,9.785476684570312,0.005163314286619425,0.002463052049279213,0.17096827924251556,1.6900218725204468,329.6852111816406,2.0372886657714844,27,1,15.07578824697535,5.0,0.0,45.0,0,0,acelerar,0.6,0.0,0.0,40.0
152713,3.8000000000000003,329.9381103515625,2.5751497745513916,-0.003445911221206188,7.383647441864014,-0.012547057121992111,-0.0677490085363388,5.054851885521803,0.8500000238418579,0.0,0.27107203006744385,1,-3.4220123291015625,2.958076000213623,-0.002993011148646474,1.8447470063279647e-05,0.002965738422556819,2.7965517044067383,-1.5939788818359375,1.8119581937789917,9.809078216552734,0.013942371122539043,0.003984073176980019,0.21225091814994812,1.6996651887893677,329.87371826171875,2.063920259475708,27,1,15.329759351924876,5.0,0.0,45.0,0,0,acelerar,0.6,0.0,0.0,40.0
152714,3.85,330.1831970214844,2.6354188919067383,-0.003394870785996318,8.024923324584961,-0.02087305672466755,-0.1108093187212944,5.113699527102867,0.8500000238418579,0.0,0.2390686273574829,1,0.6097507476806641,2.2775721549987793,-0.0013631824404001236,1.864715804210163e-05,0.002970448145515959,2.7965996265411377,-0.8961083889007568,2.283924102783203,9.79058837890625,0.015968982130289078,0.0021154461428523064,0.23277369141578674,1.7108575105667114,330.2889099121094,2.1442251205444336,27,1,15.582147628752836,5.0,0.0,45.0,0,0,acelerar,0.6,0.0,0.0,40.0
152715,3.9000000000000004,330.4314880371094,2.7036168575286865,-0.0033962440211325884,8.770180702209473,-0.022218603640794754,-0.167938232421875,5.164312405095507,0.8500000238418579,0.0,0.339369535446167,1,-0.10275840759277344,3.8919687271118164,-0.0008604046888649464,2.8925076873075778e-05,0.0029803063399261227,2.7965915203094482,1.6520367860794067,2.694568634033203,9.780207633972168,0.02177388407289982,0.001097612315788865,0.27817729115486145,1.7238646745681763,330.47674560546875,2.190596103668213,27,1,15.839634309874533,5.0,0.0,45.0,0,0,acelerar,0.6,0.0,0.0,40.0
152716,3.95,330.6736755371094,2.777567148208618,-0.0033991432283073664,9.602975845336914,-0.025087283924221992,-0.2276916205883026,5.102945719777506,0.8500000238418579,0.0,0.3046417236328125,1,-2.0084095001220703,2.153308391571045,0.00034923548810184,2.8767336250457187e-05,0.00297597170665579,2.7965786457061768,-1.983309030532837,2.6688344478607178,9.796886444091797,0.020118391141295433,0.0015585366636514664,0.29853370785713196,1.738399624824524,330.6598815917969,2.2420244216918945,27,1,16.092860356417727,5.0,0.0,45.0,0,0,acelerar,0.6,0.0,0.0,40.0
152717,4.0,330.9166259765625,2.859951972961426,-0.003429965814575553,10.540226936340332,-0.02301090583205223,-0.2926941215991974,5.171714382354505,0.8500000238418579,0.0,0.4060344994068146,1,-0.2920341491699219,4.733004570007324,0.0005147932097315788,1.7712703371379728e-05,0.0029631982791650186,2.7965333461761475,0.8786528706550598,3.208097219467163,9.781046867370605,0.024761129170656204,0.0007717303815297782,0.3507203161716461,1.7547577619552612,331.0643005371094,2.3781981468200684,27,1,16.349399194374122,5.0,0.0,45.0,0,0,acelerar,0.6,0.0,0.0,40.0
152718,4.05,331.1541442871094,2.9486546516418457,-0.0034783361479640007,11.560123443603516,-0.022245924919843674,-0.3513489067554474,5.120435513814993,0.8500000238418579,0.0,0.3686816990375519,1,-1.950216293334961,2.0423126220703125,-0.030844304710626602,1.4566959139320283e-05,0.002972491013532233,2.796468734741211,-1.5665135383605957,3.0989935398101807,9.782838821411133,0.01853254809975624,0.0014875192428007722,0.3642359972000122,1.7725582122802734,331.2413635253906,2.4480700492858887,27,1,16.602940341035023,5.0,0.0,45.0,0,0,acelerar,0.6,0.0,0.0,40.0
152719,4.1000000000000005,331.3913879394531,3.0465753078460693,-0.003523654770106077,12.683429718017578,-0.01776532083749771,-0.4097289741039276,5.20210686012563,0.8500000238418579,0.0,0.4707784354686737,1,-0.44989585876464844,4.941339492797852,0.03418426215648651,2.9192268015305337e-05,0.0029696474916109422,2.7964046001434326,0.7096235752105713,3.6921284198760986,9.784302711486816,0.021403228864073753,0.0010375936981290579,0.4136979579925537,1.792163610458374,331.4184265136719,2.5245039463043213,27,1,16.85959771086661,5.0,0.0,45.0,0,0,acelerar,0.6,0.0,0.0,40.0
152720,4.15,331.6239318847656,3.1557891368865967,-0.003561420366168022,13.974287986755371,-0.013639886863529682,-0.4757384955883026,5.155627348475061,0.8500000238418579,0.0,0.5391460061073303,1,-3.5169219970703125,4.779195785522461,0.0010961531661450863,3.8225886825680905e-05,0.00297695983331803,2.796341896057129,-0.6790088415145874,4.774538516998291,9.771001815795898,0.023190343752503395,0.003186743939295411,0.47586318850517273,1.8146933317184448,331.7991638183594,2.712477922439575,27,1,17.11651082255069,5.0,0.0,45.0,0,0,acelerar,0.6,0.0,0.0,40.0
152721,4.2,331.8515625,3.2739531993865967,-0.003635196713730693,15.365604400634766,-0.010224792174994946,-0.5315550565719604,5.229961404862111,0.8500000238418579,0.0,0.49771204590797424,1,-0.48607826232910156,3.822174072265625,0.0030736923217773438,1.6394100951103623e-06,0.0029779741428598784,2.7962441444396973,-0.8472393751144409,4.259857177734375,9.756843566894531,0.017664887011051178,0.00287744402885437,0.49615752696990967,1.8389763832092285,331.96722412109375,2.8064112663269043,27,1,17.37298390624269,5.0,0.0,45.0,0,0,acelerar,0.6,0.0,0.0,40.0
152722,4.25,332.0768737792969,3.4023866653442383,-0.0036692998837679625,16.863346099853516,-0.005375358741730452,-0.5800780057907104,5.27655871778013,0.8500000238418579,0.0,0.5916993021965027,1,-2.014932632446289,4.922375679016113,0.0013612747425213456,2.716713579787156e-05,0.0029873138595985895,2.796187162399292,0.3351006805896759,4.448163032531738,9.78174877166748,0.01670663245022297,0.0038853222504258156,0.5423821210861206,1.865117073059082,332.3260192871094,3.031680107116699,27,1,17.632329867761833,5.0,0.0,45.0,0,0,acelerar,0.6,0.0,0.0,40.0
152723,4.3,332.2965087890625,3.5391383171081543,-0.003696918487548828,18.44822120666504,-0.0027798868250101805,-0.6137999892234802,5.233770595840342,0.8500000238418579,0.0,0.548276424407959,1,-2.794208526611328,2.5236892700195312,-0.031703755259513855,3.897266630046515e-05,0.0029871863511500706,2.796142578125,-0.9834741950035095,4.268370151519775,9.769787788391113,0.007810056209564209,0.005647706333547831,0.5563423037528992,1.8927783966064453,332.48455810546875,3.142876148223877,27,1,17.89105859012351,5.0,0.0,45.0,0,0,acelerar,0.6,0.0,0.0,40.0
152724,4.3500000000000005,332.5107421875,3.684823751449585,-0.0037050056271255016,20.112333297729492,-0.0018919622525572777,-0.63592529296875,5.293306130571858,0.8500000238418579,0.0,0.6403868198394775,1,-2.327089309692383,5.026979446411133,0.03448085859417915,3.470290513503189e-05,0.0029909607201895816,2.7961223125457764,-0.7051818370819092,4.4364013671875,9.771105766296387,0.007949255406856537,0.006490672938525677,0.5995264053344727,1.9218227863311768,332.64007568359375,3.259582042694092,27,1,18.150134244682814,5.0,0.0,45.0,0,0,acelerar,0.6,0.0,0.0,40.0
152725,4.4,332.72015380859375,3.840169906616211,-0.0036890602204948664,21.860191345214844,-0.0017690189415588975,-0.6486510634422302,5.286557491410991,0.8500000238418579,0.0,0.5954440236091614,1,-2.473134994506836,2.7650880813598633,0.00035667442716658115,2.1167036010311726e-05,0.0030037971888944156,2.7961316108703613,-0.30579423904418945,4.613400936126709,9.770108222961426,0.0005945194861851633,0.007630966603755951,0.6093655228614807,1.9523289203643799,332.9627990722656,3.528442144393921,27,1,18.410874834108714,5.0,0.0,45.0,0,0,acelerar,0.6,0.0,0.0,40.0
152726,4.45,332.9211730957031,4.002771854400635,-0.003698596963658929,23.674816131591797,-0.005675886757671833,-0.6499022841453552,5.300771912867601,0.8500000238418579,0.0,0.685447633266449,1,-3.595438003540039,4.379386901855469,-0.030474280938506126,2.9086880659412357e-05,0.002997812374936622,2.796121120452881,-1.790236473083496,4.34783935546875,9.753321647644043,0.0009375670342706144,0.008876745589077473,0.6486220359802246,1.9840002059936523,333.1050109863281,3.6596665382385254,27,1,18.669424920577953,5.0,0.0,45.0,0,0,acelerar,0.6,0.0,0.0,40.0
152727,4.5,333.1127014160156,4.176718235015869,-0.0036930274218320847,25.62664031982422,-0.011843547224998474,-0.6595153212547302,5.298367086102749,0.8500000238418579,0.0,0.800000011920929,1,-5.152034759521484,4.956216812133789,0.004055786412209272,2.8873874468808474e-05,0.002994343522108536,2.79612135887146,-1.39082670211792,5.702848434448242,9.74893569946289,0.005110459867864847,0.01078282855451107,0.7050040364265442,2.018065929412842,333.2424011230469,3.7949633598327637,27,1,18.928153428498646,5.0,0.0,45.0,0,0,acelerar,0.6,0.0,0.0,40.0
152728,4.55,333.2931213378906,4.361346244812012,-0.0036578557919710875,27.715377807617188,-0.019896339625120163,-0.6755064725875854,5.324248375017915,0.8500000238418579,0.0,0.7637961506843567,1,-4.247469902038574,4.337472915649414,0.004603194538503885,2.7281454521564448e-05,0.0029893444228817683,2.796147346496582,-1.8646252155303955,5.861316680908203,9.751240730285645,0.005177745595574379,0.011543567292392254,0.7431975603103638,2.054521083831787,333.5208740234375,4.099479675292969,27,1,19.186298446290323,5.0,0.0,45.0,0,0,acelerar,0.6,0.0,0.0,40.0
152729,4.6000000000000005,333.46575927734375,4.555627346038818,-0.003622455522418022,29.880353927612305,-0.026706038042902946,-0.6856993436813354,5.380210440967995,0.8500000238418579,0.0,0.7407140135765076,1,-3.1026220321655273,3.8224220275878906,0.004833030980080366,2.843516974640083e-05,0.0030095715751743343,2.7961766719818115,-0.755247175693512,5.153507232666016,9.750001907348633,0.0019161413656547666,0.011230498552322388,0.7631543278694153,2.0923068523406982,333.6432800292969,4.248284339904785,27,1,19.446200359389326,5.0,0.0,45.0,0,0,acelerar,0.6,0.0,0.0,40.0
152730,4.65,333.6329345703125,4.758885860443115,-0.003601932432502508,32.07919692993164,-0.03094075433909893,-0.6836852431297302,5.453566624410606,0.8500000238418579,0.0,0.7162803411483765,1,-2.3360729217529297,3.466310501098633,0.004784965422004461,2.9321289440496276e-05,0.0030043711657940417,2.7961981296539307,0.006537497043609619,4.598093032836914,9.752631187438965,-0.0029166776221245527,0.010306294076144695,0.7703816294670105,2.130683660507202,333.89056396484375,4.583627223968506,27,1,19.7093763504239,5.0,0.0,45.0,0,0,acelerar,0.6,0.0,0.0,40.0
152731,4.7,333.7921142578125,4.971000671386719,-0.00351404189132154,34.33397674560547,-0.034547094255685806,-0.6768798828125,5.4819392587559825,0.8500000238418579,0.0,0.800000011920929,1,-4.573497772216797,3.6367130279541016,0.001320457668043673,5.231276868198667e-05,0.002985274486715478,2.7962899208068848,-0.6444652676582336,4.960999488830566,9.7799711227417,-0.002242405666038394,0.010867292061448097,0.8000379800796509,2.170037031173706,333.998291015625,4.747237205505371,27,1,19.97457602224541,5.0,0.0,45.0,0,0,acelerar,0.6,0.0,0.0,40.0
152732,4.75,333.94049072265625,5.191730976104736,-0.003482074709609151,36.67206954956055,-0.03878864273428917,-0.6728211641311646,5.513447705678097,0.8500000238418579,0.0,0.800000011920929,1,-4.658050537109375,3.4053421020507812,0.0022270202171057463,4.683434305145985e-05,0.0029934175561448085,2.7963240146636963,-1.3782706260681152,5.422093391418457,9.722945213317871,-0.0018915114924311638,0.011187052354216576,0.8257160186767578,2.2108447551727295,334.10107421875,4.915558338165283,27,1,20.240541137891125,5.0,0.0,45.0,0,0,acelerar,0.6,0.0,0.0,40.0
152733,4.800000000000001,334.0789489746094,5.4207353591918945,-0.0033686256501823664,39.06942367553711,-0.042729660868644714,-0.66796875,5.558306742731547,0.8500000238418579,0.0,0.7952303290367126,1,-4.281520843505859,3.192768096923828,0.03216838836669922,3.253333019492534e-05,0.003012874335922303,2.796440362930298,-1.027738094329834,5.2515869140625,9.781490325927734,-0.002614486264064908,0.011078919284045696,0.8431980013847351,2.2526869773864746,334.29827880859375,5.280791759490967,27,1,20.508148490194916,5.0,0.0,45.0,0,0,acelerar,0.6,0.0,0.0,40.0
152734,4.8500000000000005,334.2064514160156,5.655242919921875,-0.003268298925831914,41.5049934387207,-0.047824982553720474,-0.6574401259422302,5.504429593410188,0.8500000238418579,0.0,0.800000011920929,1,-5.175914764404297,1.1587333679199219,-0.036661144345998764,5.0707928912507814e-05,0.0029898952748434473,2.796546220779419,-1.7867155075073242,4.787200927734375,9.75008487701416,-0.005830470006912947,0.011966008692979813,0.8508703708648682,2.2951948642730713,334.3827209472656,5.459295749664307,27,1,20.77507669890295,5.0,0.0,45.0,0,0,acelerar,0.6,0.0,0.0,40.0
152735,4.9,334.32342529296875,5.895854473114014,-0.0032105445861816406,43.96429443359375,-0.05257879197597504,-0.6439514756202698,5.573612554516323,0.8500000238418579,0.0,0.800000011920929,1,-4.182746410369873,3.1519508361816406,0.03157844394445419,5.693530214420116e-05,0.0029981266691748013,2.7966115474700928,-1.3656247854232788,4.882848262786865,9.738239288330078,-0.005336669273674488,0.011083604767918587,0.8630483746528625,2.338118314743042,334.46142578125,5.641512393951416,27,1,21.04261512122576,5.0,0.0,45.0,0,0,acelerar,0.6,0.0,0.0,40.0
152736,4.95,334.4303894042969,6.143535137176514,-0.0031257818918675184,46.45646667480469,-0.05584362521767616,-0.6308898329734802,5.58587552370605,0.8500000238418579,0.0,0.800000011920929,1,-4.823553562164307,1.924734115600586,-0.004331397358328104,6.263274232866923e-05,0.0029948203800662814,2.7967028617858887,-0.7822288274765015,5.002228260040283,9.76522445678711,-0.005737535189837217,0.01100962795317173,0.8792673349380493,2.3816146850585938,334.6043395996094,6.027396202087402,27,1,21.312405840974712,5.0,0.0,45.0,0,0,acelerar,0.6,0.0,0.0,40.0
152737,5.0,334.5306701660156,6.391857147216797,-0.0030525396578013897,48.85427474975586,-0.05942264199256897,-0.5902099013328552,5.530944722220333,0.42100000381469727,0.0,0.0,1,-0.24815082550048828,-1.074075698852539,-0.00478363037109375,6.906667854251331e-05,0.003019383007250119,2.796797037124634,-1.5964295864105225,2.8315463066101074,9.78079605102539,-0.022748813033103943,0.009084390476346016,0.802092432975769,2.42346453666687,334.6631774902344,6.216315269470215,27,1,21.580211837624038,5.0,0.0,45.0,0,0,cruzeiro,0.421,0.0,0.0,40.0
152738,5.050000000000001,334.6365661621094,6.637382507324219,-0.0030256842728704214,50.91943359375,-0.06005784869194031,-0.4818115532398224,5.459436387852715,0.42100000381469727,0.0,0.0,1,4.315474033355713,-3.0057334899902344,-0.004176139831542969,6.746635311494738e-05,0.003013199236062527,2.7968738079071045,0.3411475121974945,-1.0105310678482056,9.812254905700684,-0.04990779608488083,0.005586016923189163,0.6574016809463501,2.459507703781128,334.7622985839844,6.604856014251709,27,1,21.847600439558686,5.0,0.0,45.0,0,0,cruzeiro,0.421,0.0,0.0,40.0
152739,5.1000000000000005,334.75592041015625,6.877092361450195,-0.003038425464183092,52.49845504760742,-0.057797059416770935,-0.2935790717601776,5.437926354665744,0.8500000238418579,0.0,0.15000000596046448,1,7.068159580230713,-3.386974334716797,-0.0033420557156205177,6.973249416721206e-05,0.003014265196971177,2.7969233989715576,1.1592406034469604,-4.081966876983643,9.821359634399414,-0.07514722645282745,0.0013919398188591003,0.4798664152622223,2.4870667457580566,334.79974365234375,6.790748596191406,27,1,22.115380667902624,5.0,0.0,45.0,1,0,cruzeiro,0.421,0.0,0.0,40.0
152740,5.15,334.8849792480469,7.115089416503906,-0.0031334112863987684,53.696922302246094,-0.05410875380039215,-0.07781980186700821,5.413242446769965,0.8500000238418579,0.0,0.30000001192092896,1,1.9458866119384766,-1.4587211608886719,-0.009575581178069115,5.8705609846492656e-05,0.003011612921210092,2.7968623638153076,1.4954043626785278,-2.9885752201080322,9.771265983581543,-0.07167045772075653,-0.002033378928899765,0.3863103985786438,2.5079843997955322,334.83099365234375,6.97764253616333,27,1,22.386118145640594,5.0,0.0,45.0,2,0,cruzeiro,0.421,0.0,0.0,40.0
152741,5.2,335.0080261230469,7.352431297302246,-0.0031885718926787376,54.810794830322266,-0.04848751053214073,0.08458442240953445,5.3701041239390666,0.8500000238418579,0.0,0.45000001788139343,1,-3.5668420791625977,0.7002544403076172,0.00011799333151429892,4.882729382198024e-05,0.0030106754266326016,2.7968075275421143,-1.8338342905044556,0.7783988118171692,9.812033653259277,-0.04612451791763306,-0.00187026709318161,0.3940136134624481,2.5274252891540527,334.9006042480469,7.471276760101318,46,-1,22.65346006496519,5.0,0.0,45.0,2,0,cruzeiro,0.421,0.0,0.0,40.0
152742,5.25,335.11859130859375,7.593024253845215,-0.003024158300831914,56.01917266845703,-0.039615094661712646,0.1609327793121338,5.270971434272619,0.8500000238418579,0.0,0.6000000238418579,1,-6.355278491973877,0.4605388641357422,0.16380997002124786,6.298984118810609e-05,0.00301482695689688,2.796963930130005,-1.905724287033081,3.142249822616577,9.902081489562988,-0.014695834368467331,-0.004678192548453808,0.441270112991333,2.548515796661377,334.8952331542969,7.769842147827148,46,-1,22.91824229811746,5.0,0.0,45.0,3,0,cruzeiro,0.421,0.0,0.0,40.0
152743,5.300000000000001,335.21142578125,7.833921909332275,-0.0026579475961625576,57.40919876098633,-0.029383473098278046,0.15076161921024323,5.184622505385847,0.8500000238418579,0.0,0.75,0,-7.60045051574707,0.7365226745605469,0.018416494131088257,8.566714360569699e-05,0.0030107248545537396,2.7973318099975586,-3.8275022506713867,4.319278240203857,9.903968811035156,0.014341674745082855,-0.005108054261654615,0.5164703726768494,2.5727760791778564,334.89508056640625,8.010610580444336,46,-1,23.176408755529195,5.0,0.0,45.0,4,0,cruzeiro,0.421,0.0,0.0,40.0
152744,5.3500000000000005,335.2844543457031,8.074037551879883,-0.0021395301446318626,59.01210021972656,-0.015285962261259556,0.06986737996339798,5.030127596256926,0.8500000238418579,0.0,0.769999086856842,0,-8.925285339355469,-0.9272098541259766,0.16396565735340118,6.236836935697831e-05,0.0030022476026676918,2.797858238220215,-4.432884216308594,5.236039161682129,9.878647804260254,0.03585102781653404,-0.007267460227012634,0.5890718102455139,2.6007518768310547,334.89501953125,8.069620132446289,46,-1,23.427384238439647,5.0,0.0,45.0,5,0,cruzeiro,0.421,0.0,0.0,40.0
152745,5.4,335.33953857421875,8.315568923950195,-0.0008393287425860763,60.816314697265625,0.03355671837925911,-0.0484924279153347,5.060529174250729,0.8500000238418579,0.0,0.7451846599578857,0,-6.822710990905762,1.7940998077392578,0.7632042169570923,7.635693604708495e-05,0.0030175581389435273,2.799159288406372,-3.5951390266418457,5.8089375495910645,10.11703872680664,0.0412127859890461,-0.02801087126135826,0.6536063551902771,2.6322412490844727,334.8948974609375,8.315299034118652,27,1,23.67511731238281,5.0,0.0,45.0,6,0,cruzeiro,0.421,0.0,0.0,40.0
152746,5.45,335.38226318359375,8.561705589294434,0.002098827390000224,62.74666213989258,0.16143834590911865,-0.14193721115589142,5.113527654322966,0.8500000238418579,0.0,0.713871955871582,2,-4.947859764099121,1.6070938110351562,0.9441327452659607,8.263477646490253e-05,0.003024606413869159,2.8020787239074707,-1.979001522064209,5.66180944442749,10.449124336242676,0.026009906083345413,-0.054721489548683167,0.6849093437194824,2.6659317016601562,334.8947448730469,8.561409950256348,27,1,23.924934546121854,5.0,0.0,45.0,7,0,cruzeiro,0.421,0.0,0.0,40.0
152747,5.5,335.41644287109375,8.813260078430176,0.005314540583640337,64.7273941040039,0.31644946336746216,-0.1993407905101776,5.210782821905584,0.8500000238418579,0.0,0.6793864369392395,2,-3.3410282135009766,2.192087173461914,-0.48045843839645386,7.58751344572275e-05,0.0030121981893733076,2.805255174636841,0.14548230171203613,4.589138984680176,9.89601993560791,0.024262504652142525,-0.04529754817485809,0.6960951685905457,2.7005021572113037,334.89459228515625,8.812943458557129,27,1,24.17880047932665,5.0,0.0,45.0,8,0,cruzeiro,0.421,0.0,0.0,40.0
152748,5.550000000000001,335.4436340332031,9.070462226867676,0.007070445921272039,66.71725463867188,0.4231916666030884,-0.25653076171875,5.318253275136078,0.8500000238418579,0.0,0.6439108848571777,2,-2.4933342933654785,2.261371612548828,-0.7677323818206787,6.317903621092182e-05,0.0030201975934059586,2.8069658279418945,2.0694403648376465,3.2756752967834473,9.19429874420166,0.024608774110674858,-0.027353649958968163,0.6944756507873535,2.735231876373291,334.8944396972656,9.07012939453125,27,1,24.437435945683692,5.0,0.0,45.0,8,0,cruzeiro,0.421,0.0,0.0,40.0
152749,5.6000000000000005,335.4653015136719,9.33353042602539,0.007555751595646143,68.68584442138672,0.483754962682724,-0.3074035048484802,5.432220521875824,0.8500000238418579,0.0,0.6081514358520508,2,-1.9156110286712646,2.3195648193359375,-0.6264028549194336,9.020384566065019e-05,0.003024666680410876,2.807415723800659,2.4334640502929688,2.9759111404418945,9.269500732421875,0.02247045375406742,-0.011441143229603767,0.6835922002792358,2.769590377807617,334.894287109375,9.333184242248535,27,1,24.70139495219407,5.0,0.0,45.0,8,0,cruzeiro,0.421,0.0,0.0,40.0
152750,5.65,335.4825744628906,9.602595329284668,0.006968898698687553,70.6121597290039,0.50203937292099,-0.3466186225414276,5.5450495869477185,0.8500000238418579,0.0,0.5729446411132812,2,-1.5823901891708374,2.260713577270508,-0.5546640157699585,8.50347497544952e-05,0.0029953682628397456,2.806810140609741,2.6660289764404297,2.651498317718506,9.349020957946777,0.017982764169573784,0.0031916312873363495,0.6679655313491821,2.803210973739624,334.89410400390625,9.602238655090332,27,1,24.971013714413317,5.0,0.0,45.0,8,0,cruzeiro,0.421,0.0,0.0,40.0
152751,5.7,335.4957275390625,9.873988151550293,0.00559247937053442,72.47342681884766,0.4808931052684784,-0.3679504096508026,5.534070120225736,0.8500000238418579,0.0,0.5388838052749634,2,-1.550909399986267,-0.23921966552734375,-0.40271905064582825,8.11371036423913e-05,0.003036955145261309,2.805436134338379,1.2942372560501099,2.2586894035339355,9.477662086486816,0.010761930607259274,0.016817260533571243,0.6423564553260803,2.8356964588165283,334.8939514160156,9.873623847961426,27,1,25.242725082210256,5.0,0.0,45.0,8,0,cruzeiro,0.421,0.0,0.0,40.0
152752,5.75,335.5050354003906,10.147552490234375,0.003723354311659932,74.25582122802734,0.42929786443710327,-0.3731078505516052,5.610193701579607,0.8500000238418579,0.0,0.5063966512680054,2,-1.0885820388793945,1.4957904815673828,-0.25122031569480896,8.473299051026632e-05,0.0030360239940866417,2.8035855293273926,1.1128253936767578,2.1430044174194336,9.597633361816406,0.004766805097460747,0.025204988196492195,0.6144365072250366,2.866805076599121,334.893798828125,10.14718246459961,27,1,25.51644772227162,5.0,0.0,45.0,8,0,cruzeiro,0.421,0.0,0.0,40.0
152753,5.800000000000001,335.5105895996094,10.425335884094238,0.0016190146561712027,75.95232391357422,0.358523428440094,-0.3665160536766052,5.707236502792566,0.8500000238418579,0.0,0.47579333186149597,2,-1.4007329940795898,1.893758773803711,-0.11238180100917816,7.854914702061097e-05,0.003010071184041407,2.801506996154785,1.7086772918701172,2.2577128410339355,9.694082260131836,0.0006353762000799179,0.030153460800647736,0.5833835601806641,2.8964147567749023,334.89361572265625,10.424962043762207,27,1,25.794286637892284,5.0,0.0,45.0,8,0,cruzeiro,0.421,0.0,0.0,40.0
152754,5.8500000000000005,335.5125427246094,10.708365440368652,-0.0004934120224788785,77.58423614501953,0.2781389355659485,-0.3522949516773224,5.7756291607323424,0.8500000238418579,0.0,0.44726768136024475,2,-1.432708501815796,1.3040733337402344,0.0051465630531311035,7.674395843291492e-05,0.0030274893995836747,2.7994203567504883,1.9748003482818604,2.1330370903015137,9.784396171569824,-0.0026681870222091675,0.032642997801303864,0.5614867210388184,2.9248969554901123,334.8934631347656,10.707990646362305,27,1,26.07732293313047,5.0,0.0,45.0,8,0,cruzeiro,0.421,0.0,0.0,40.0
152755,5.9,335.5143737792969,10.99489974975586,-0.0024245642125606537,79.08171844482422,0.1950223743915558,-0.31622314453125,5.840748655026147,0.8500000238418579,0.0,0.3133814334869385,2,1.7830429077148438,1.3823223114013672,0.09661518037319183,9.571707359389653e-05,0.0030023955107527115,2.797516345977783,1.4254121780395508,0.9238573312759399,9.873226165771484,-0.01521386206150055,0.03149360790848732,0.4973951280117035,2.951033115386963,334.8932800292969,10.994524955749512,16,-1,26.363863092998635,5.0,0.0,45.0,8,0,cruzeiro,0.421,0.0,0.0,40.0
152756,5.95,335.5176086425781,11.285988807678223,-0.004054889548569918,80.41895294189453,0.11639324575662613,-0.26019287109375,5.915314890227408,0.8500000238418579,0.0,0.31190577149391174,2,0.35378098487854004,1.5055561065673828,0.16029030084609985,0.00010413163864523435,0.003005405616409335,2.795910358428955,1.7798411846160889,0.250826358795166,9.92458724975586,-0.019758125767111778,0.028604019433259964,0.44684919714927673,2.974371910095215,334.8930969238281,11.285612106323242,16,-1,26.654970124831564,5.0,0.0,45.0,8,0,cruzeiro,0.421,0.0,0.0,40.0
152757,6.0,335.5198669433594,11.58090877532959,-0.005304050166159868,81.63287353515625,0.04626086726784706,-0.19985957443714142,5.974217333971903,0.8500000238418579,0.0,0.2866693437099457,2,-0.24679183959960938,1.1718463897705078,0.19683152437210083,0.00010866120529531667,0.00302035014003708,2.794677972793579,1.241521954536438,0.8226085901260376,9.955645561218262,-0.0202427227050066,0.024588273838162422,0.4092734456062317,2.9955592155456543,334.8929138183594,11.580530166625977,16,-1,26.949898738638197,5.0,0.0,45.0,8,0,cruzeiro,0.421,0.0,0.0,40.0
152758,6.050000000000001,335.5205078125,11.87900161743164,-0.006146030500531197,82.74952697753906,-0.012294339947402477,-0.1426696628332138,6.021555088693364,0.8500000238418579,0.0,0.2638125419616699,2,-0.3700101375579834,0.9352779388427734,0.20947463810443878,8.744587926749013e-05,0.003003050829551497,2.7938451766967773,0.8950310945510864,0.8345269560813904,9.967988967895508,-0.018957288935780525,0.0197615809738636,0.3795798718929291,3.015047550201416,334.8927307128906,11.878622055053711,16,-1,27.247992269641024,5.0,0.0,45.0,8,0,cruzeiro,0.421,0.0,0.0,40.0
152759,6.1000000000000005,335.519287109375,12.181341171264648,-0.006609897594898939,83.78666687011719,-0.05621245503425598,-0.0934448167681694,6.101672288013865,0.8500000238418579,0.0,0.24285703897476196,2,-0.5322802066802979,1.58355712890625,0.20226573944091797,0.00011209146997532982,0.0030183985444833176,2.7933850288391113,1.2687830924987793,0.8092803955078125,9.959005355834961,-0.015830792486667633,0.014047762379050255,0.3508369028568268,3.0331499576568604,334.8925476074219,12.180962562561035,16,-1,27.55033428777291,5.0,0.0,45.0,8,0,cruzeiro,0.421,0.0,0.0,40.0
152760,6.15,335.51593017578125,12.487127304077148,-0.006736850365996361,84.74803924560547,-0.08554128557443619,-0.0540466345846653,6.16076608614345,0.8500000238418579,0.0,0.22347578406333923,2,-0.520305335521698,1.161050796508789,0.18025875091552734,0.00010570075040140114,0.003016809302481644,2.7932589054107666,0.9577188491821289,0.8419002294540405,9.944323539733887,-0.012473402544856071,0.008734369650483131,0.323030024766922,3.04992938041687,334.8923645019531,12.486750602722168,16,-1,27.856138846312472,5.0,0.0,45.0,8,0,cruzeiro,0.421,0.0,0.0,40.0
152761,6.2,335.51025390625,12.797857284545898,-0.00660425191745162,85.63764190673828,-0.09960464388132095,-0.02627563662827015,6.2639722549114625,0.8500000238418579,0.0,0.20566211640834808,2,-0.6176859140396118,2.0375823974609375,0.14843501150608063,0.0001170942746260243,0.0030214543578890294,2.793390989303589,1.559993028640747,0.8569871187210083,9.915538787841797,-0.008447914384305477,0.0032547060400247574,0.30132442712783813,3.0654547214508057,334.8921813964844,12.797483444213867,16,-1,28.166920668171315,5.0,0.0,45.0,8,0,cruzeiro,0.421,0.0,0.0,40.0
152762,6.25,335.5025329589844,13.110916137695312,-0.00626451475545764,86.46849822998047,-0.10223426669836044,-0.008209222927689552,6.302398845060095,0.8500000238418579,0.0,0.18931588530540466,2,-0.5164051055908203,0.7432651519775391,0.11153183877468109,9.668510309505722e-05,0.0030343230641433194,2.7937307357788086,0.6204010844230652,0.7020505666732788,9.89406967163086,-0.0054209246300160885,-0.0005408972501754761,0.28621289134025574,3.0799567699432373,334.8919982910156,13.110547065734863,16,-1,28.480074717421687,5.0,0.0,45.0,8,0,cruzeiro,0.421,0.0,0.0,40.0
152763,6.300000000000001,335.4926452636719,13.427106857299805,-0.005799579434096813,87.23719024658203,-0.09472788870334625,0.0008734549628570676,6.344042056451181,0.8500000238418579,0.0,0.1740836203098297,2,-0.5608385801315308,0.8033657073974609,0.07363319396972656,0.00011302847517726065,0.003013323322724157,2.794196367263794,0.9848586916923523,0.738966166973114,9.86212158203125,-0.0024199369363486767,-0.0035427710972726345,0.25687292218208313,3.0933728218078613,334.8918151855469,13.426743507385254,16,-1,28.796419999799344,5.0,0.0,45.0,8,1,cruzeiro,0.421,0.0,0.0,40.0
152764,6.3500000000000005,335.48089599609375,13.745491981506348,-0.005272082984447479,87.9607925415039,-0.08013177663087845,0.0028711799532175064,6.407261298993495,0.8500000238418579,0.0,0.16016127169132233,2,-0.5857914686203003,1.2321186065673828,0.03801954910159111,0.00011997421895246861,0.0029987111814646747,2.794724941253662,0.6924699544906616,0.645045816898346,9.836088180541992,0.00013733096420764923,-0.006032548379153013,0.25063356757164,3.106001377105713,334.8916015625,13.745136260986328,16,-1,29.11502184003985,5.0,0.0,45.0,8,1,cruzeiro,0.421,0.0,0.0,40.0
152765,6.4,335.46722412109375,14.066676139831543,-0.004745883867144585,88.62503814697266,-0.060453999787569046,-0.0007324214093387127,6.453887047133674,0.8500000238418579,0.0,0.1470417082309723,2,-0.48573553562164307,0.9040260314941406,0.0070802681148052216,0.0001236943651758241,0.0030285037649172984,2.795252561569214,0.9908742904663086,0.6643413305282593,9.810730934143066,0.0018911715596914291,-0.0073304674588143826,0.2221136838197708,3.1175966262817383,334.89141845703125,14.066328048706055,16,-1,29.436496852638154,5.0,0.0,45.0,8,1,cruzeiro,0.421,0.0,0.0,40.0
152766,6.45,335.4518737792969,14.390178680419922,-0.004262714181095362,89.25077819824219,-0.03839249163866043,-0.008300780318677425,6.50600179137443,0.8500000238418579,0.0,0.13529230654239655,2,-0.4835331439971924,1.0128402709960938,-0.017670635133981705,0.00011233045122843074,0.0030221456190723875,2.79573655128479,0.8661424517631531,0.6128825545310974,9.792993545532227,0.0030220234766602516,-0.007918336428701878,0.20891614258289337,3.1285178661346436,334.8912353515625,14.389840126037598,16,-1,29.760363378788075,5.0,0.0,45.0,8,1,cruzeiro,0.421,0.0,0.0,40.0
152767,6.5,335.43463134765625,14.717912673950195,-0.0038707160856574774,89.83778381347656,-0.01440486777573824,-0.01898193359375,6.617858378815878,0.8500000238418579,0.0,0.12418597936630249,2,-0.624006986618042,2.1994400024414062,-0.03564929589629173,0.0001391070066244931,0.0030190676031710065,2.796128749847412,1.6537644863128662,0.6779296398162842,9.77347469329834,0.004157479852437973,-0.00866604596376419,0.19954389333724976,3.1387665271759033,334.8910217285156,14.717584609985352,16,-1,30.088550630161713,5.0,0.0,45.0,8,1,cruzeiro,0.421,0.0,0.0,40.0
152768,6.550000000000001,335.4156188964844,15.050048828125,-0.003583621932193637,90.38314056396484,0.009398339316248894,-0.03097534365952015,6.661604287815222,0.8500000238418579,0.0,0.11388992518186569,2,-0.4948323965072632,0.8414173126220703,-0.046749673783779144,0.0001272976467717467,0.0030091147531698995,2.7964160442352295,1.7736096382141113,0.6734457015991211,9.767315864562988,0.004304433707147837,-0.007592983543872833,0.18379850685596466,3.1482789516448975,334.8908386230469,15.049731254577637,16,-1,30.42123050362807,5.0,0.0,45.0,8,1,cruzeiro,0.421,0.0,0.0,40.0
152769,6.6000000000000005,335.39508056640625,15.38353443145752,-0.003381595481187105,90.89068603515625,0.028966831043362617,-0.042205799371004105,6.697407310106934,0.8500000238418579,0.0,0.10452848672866821,2,-0.4527115821838379,0.6839275360107422,-0.05170918256044388,0.00012947620307494632,0.003016366046095979,2.796617031097412,0.6421594619750977,0.6273699402809143,9.774842262268066,0.003970973193645477,-0.006082110572606325,0.1731300950050354,3.157137632369995,334.890625,15.38322925567627,16,-1,30.755347953984156,5.0,0.0,45.0,8,1,cruzeiro,0.421,0.0,0.0,40.0
152770,6.65,335.3730773925781,15.719202995300293,-0.003269138280302286,91.36388397216797,0.04432109370827675,-0.052093494683504105,6.742260937627315,0.8500000238418579,0.0,0.0959433987736702,2,-0.4657161235809326,0.8632659912109375,-0.051354214549064636,0.00014115415213910237,0.0030185548298365212,2.7967288494110107,0.9782076478004456,0.5759429335594177,9.772868156433105,0.003441035747528076,-0.0045187808573246,0.16046203672885895,3.1653943061828613,334.8904113769531,15.718911170959473,16,-1,31.091736902094496,5.0,0.0,45.0,8,1,cruzeiro,0.421,0.0,0.0,40.0
152771,6.7,335.34967041015625,16.056541442871094,-0.0032325934153050184,91.80169677734375,0.05480543524026871,-0.0599365197122097,6.790151149386208,0.8500000238418579,0.0,0.08809719234704971,2,-0.4369473457336426,0.9254074096679688,-0.046881865710020065,0.00015012010532890495,0.0030164149361033674,2.796764373779297,0.7928405404090881,0.5858809351921082,9.778326988220215,0.0026657322887331247,-0.0030164867639541626,0.15038402378559113,3.1730360984802246,334.8902282714844,16.056264877319336,16,-1,31.429886447466917,5.0,0.0,45.0,8,1,cruzeiro,0.421,0.0,0.0,40.0
152772,6.75,335.3285827636719,16.397235870361328,-0.003270282642915845,92.1224136352539,0.06184053048491478,-0.048736572265625,6.846187941836962,0.8500000238418579,0.0,-0.007379321381449699,2,2.498410940170288,1.3066864013671875,-0.039587970823049545,0.00014145851188011977,0.0030192007642976535,2.796726942062378,1.3854790925979614,-0.5930137634277344,9.7797212600708,-0.007742331363260746,-0.0017908085137605667,0.08582914620637894,3.1786351203918457,334.8900146484375,16.396970748901367,16,-1,31.77123287231585,5.0,0.0,45.0,8,1,cruzeiro,0.421,0.0,0.0,40.0
152773,6.800000000000001,335.31060791015625,16.74015998840332,-0.0033522986341267824,92.33265686035156,0.06451795995235443,-0.0214233361184597,6.883670678978889,0.8500000238418579,0.0,0.009905418381094933,2,0.8832710981369019,0.8042812347412109,-0.030684661120176315,0.00015102387465286947,0.003013450388149754,2.7966456413269043,0.93278568983078,-0.954649806022644,9.791813850402832,-0.01004241593182087,-0.000334189273416996,0.06648335605859756,3.1823065280914307,334.8898010253906,16.739906311035156,16,-1,32.114627755932055,5.0,0.0,45.0,8,1,cruzeiro,0.421,0.0,0.0,40.0
152774,6.8500000000000005,335.2935485839844,17.085824966430664,-0.0034668920561671257,92.47254943847656,0.06406033784151077,0.008044793270528316,6.939381328126914,0.8500000238418579,0.0,0.006115712225437164,2,0.4943031072616577,1.1430168151855469,-0.021244429051876068,0.00017423101526460968,0.0030075011504074275,2.7965312004089355,1.1483817100524902,-0.36077964305877686,9.795469284057617,-0.0099723469465971,0.0006297864019870758,0.04095509648323059,3.184746265411377,334.88958740234375,17.085582733154297,16,-1,32.46071343556079,5.0,0.0,45.0,8,1,cruzeiro,0.421,0.0,0.0,40.0
152775,6.9,335.27685546875,17.43407440185547,-0.0035955237690359354,92.56430053710938,0.060979925096035004,0.03434654325246811,6.9845522434686,0.8500000238418579,0.0,0.003540349891409278,2,0.26960432529449463,0.9185695648193359,-0.012111472897231579,0.0001611091706661523,0.0029932033960859885,2.7964022159576416,1.0851287841796875,-0.2742275595664978,9.802750587463379,-0.008410317823290825,0.0015035034157335758,0.02640155889093876,3.1863481998443604,334.8893737792969,17.433841705322266,16,-1,32.80936272836077,5.0,0.0,45.0,8,1,cruzeiro,0.421,0.0,0.0,40.0
152776,6.95,335.2603454589844,17.783557891845703,-0.003714237129315734,92.62767028808594,0.054976191371679306,0.05467572808265686,6.993331268335989,0.8500000238418579,0.0,0.0019111090805381536,2,0.16957461833953857,0.18426895141601562,-0.0040092458948493,0.0001581719154595113,0.0030087585904684617,2.79628324508667,0.5544978976249695,-0.22458040714263916,9.813247680664062,-0.006091785617172718,0.002650519134476781,0.02146449312567711,3.1874537467956543,334.8891906738281,17.783334732055664,16,-1,33.15923597712125,5.0,0.0,45.0,8,1,cruzeiro,0.421,0.0,0.0,40.0
152777,7.0,335.2437438964844,18.136917114257812,-0.003835773328319192,92.67269134521484,0.04928664118051529,0.06791670620441437,7.095060181927625,0.8500000238418579,0.0,0.0008491200860589743,2,0.015178918838500977,2.0377540588378906,0.002661515027284622,0.00016814613889149158,0.0030161105594773523,2.79616117477417,1.5527124404907227,-0.1838228702545166,9.80728530883789,-0.003591516986489296,0.002110430970788002,0.013157067820429802,3.1882388591766357,334.88897705078125,18.136703491210938,16,-1,33.51298497279633,5.0,0.0,45.0,8,1,cruzeiro,0.421,0.0,0.0,40.0
152778,7.050000000000001,335.22711181640625,18.491392135620117,-0.003927326295524836,92.70439910888672,0.04196467995643616,0.07425172626972198,7.111391166906542,0.0,0.699999988079071,-0.0005557169206440449,2,0.08206486701965332,0.33095359802246094,0.007672309875488281,0.00015127818259039327,0.0030144850110607416,2.796069622039795,0.48599159717559814,-0.15547847747802734,9.82164192199707,-0.0012754302006214857,0.0026282379403710365,0.013888717629015446,3.1887941360473633,334.8887634277344,18.491188049316406,16,-1,33.867849970869585,5.0,0.0,45.0,8,1,cruzeiro,0.421,0.0,0.0,40.0
152779,7.1000000000000005,335.2102355957031,18.84695053100586,-0.003987750969827175,92.71488189697266,0.03393237665295601,0.07419231534004211,7.134346862696251,0.0,0.699999988079071,0.0,2,0.0028324127197265625,0.4597759246826172,0.010956190526485443,0.00016516351194678514,0.003007202974570284,2.7960095405578613,0.45733553171157837,-0.04414084553718567,9.822339057922363,0.000842593377456069,0.002765948884189129,-0.001316359732300043,3.1889755725860596,334.8885498046875,18.846757888793945,16,-1,34.22380864733991,5.0,0.0,45.0,8,1,cruzeiro,0.421,0.0,0.0,40.0
152780,7.15,335.19342041015625,19.194568634033203,-0.003947162535041571,92.69452667236328,0.0184346791356802,0.06897877156734467,6.829675575104563,0.0,0.699999988079071,-0.0006155604496598244,2,0.33512115478515625,-6.084375381469727,0.012678336352109909,0.00017119183175850865,0.003007842405277151,2.796050548553467,-3.0242886543273926,-0.01954507827758789,9.85142707824707,0.0024039908312261105,0.0073415543884038925,-0.006568479351699352,3.188621997833252,334.8883361816406,19.19438362121582,16,-1,34.57183320971634,5.0,0.0,45.0,8,1,cruzeiro,0.421,0.0,0.0,40.0
152781,7.2,335.1778869628906,19.522432327270508,-0.003737277816981077,92.69730377197266,-0.011385925114154816,0.059960220009088516,6.410163978018227,0.0,0.699999988079071,0.00017573311924934387,2,0.4177778959274292,-8.379850387573242,0.012938117608428001,0.00018705163922974166,0.0030251214849217694,2.7962613105773926,-7.638933181762695,-0.19114398956298828,9.876023292541504,0.003567691892385483,0.012030038051307201,0.007098280359059572,3.1886701583862305,334.88812255859375,19.52225685119629,16,-1,34.900064666659695,5.0,0.0,45.0,8,1,cruzeiro,0.421,0.0,0.0,40.0
152782,7.25,335.16357421875,19.827260971069336,-0.003383197821676731,92.71285247802734,-0.053070567548274994,0.0486207939684391,5.915057364495446,0.0,0.699999988079071,-0.0006155604496598244,2,0.508696436882019,-9.889154434204102,0.01207962166517973,0.00017855650146725999,0.002995040541083809,2.796614646911621,-9.004478454589844,-0.1327524185180664,9.858664512634277,0.0041695162653923035,0.01594388857483864,0.0044868579134345055,3.188941717147827,334.887939453125,19.827096939086914,16,-1,35.2052291415336,5.0,0.0,45.0,8,1,cruzeiro,0.421,0.0,0.0,40.0
152783,7.300000000000001,335.15045166015625,20.107301712036133,-0.0029273414984345436,92.72267150878906,-0.10244600474834442,0.03610685095191002,5.420969468155492,0.0,0.699999988079071,-0.00043982735951431096,2,0.477372407913208,-9.870233535766602,0.010421751998364925,0.0001878547398760151,0.003024697387819639,2.797067880630493,-9.79437255859375,-0.021800994873046875,9.832412719726562,0.0044443123042583466,0.01783810183405876,0.002825769828632474,3.1891114711761475,334.8877868652344,20.10714340209961,16,-1,35.48557717192668,5.0,0.0,45.0,8,1,cruzeiro,0.421,0.0,0.0,40.0
152784,7.3500000000000005,335.1384582519531,20.362667083740234,-0.002426090184599161,92.7283706665039,-0.15414370596408844,0.023494761437177658,4.9279616047780594,0.0,0.699999988079071,-0.000890448922291398,0,0.4787963628768921,-9.848546981811523,0.008244132623076439,0.00019113760646389145,0.0030067410164728026,2.797563314437866,-9.859962463378906,0.024102210998535156,9.800551414489746,0.004330161958932877,0.017972977831959724,0.0015426678583025932,3.18921160697937,334.88763427734375,20.362516403198242,16,-1,35.741224027776504,5.0,0.0,45.0,8,1,cruzeiro,0.421,0.0,0.0,40.0
152785,7.4,335.1276550292969,20.593509674072266,-0.002019367180764675,92.73127746582031,-0.20226921141147614,0.012033133767545223,4.43652423323424,0.0,0.699999988079071,-0.001072056358680129,0,0.46880632638931274,-9.817571640014648,-0.023887062445282936,0.00018700085782974197,0.003006941195960711,2.7979631423950195,-9.925607681274414,-0.000713348388671875,9.736661911010742,0.0038367081433534622,0.01621818356215954,0.0007006560917943716,3.189262866973877,334.8874816894531,20.593366622924805,16,-1,35.972319270330225,5.0,0.0,45.0,8,1,cruzeiro,0.421,0.0,0.0,40.0
152786,7.45,335.1180114746094,20.79989242553711,-0.0016403389163315296,92.7322998046875,-0.2451491355895996,0.0019335080869495869,3.9459884602634547,0.0,0.699999988079071,-0.0011148579651489854,3,0.4601597785949707,-9.799919128417969,0.008395005017518997,0.00019575016681406418,0.0030151817500605393,2.7983338832855225,-9.939692497253418,0.03153419494628906,9.755921363830566,0.0032968567684292793,0.014025034382939339,0.00019177229842171073,3.1892805099487305,334.8873596191406,20.799755096435547,16,-1,36.178927203985275,5.0,0.0,45.0,8,1,cruzeiro,0.421,0.0,0.0,40.0
152787,7.5,335.11083984375,20.981914520263672,-0.001312427455559373,92.70610809326172,-0.28063878417015076,-0.0004882976063527167,3.455518736211338,0.0,0.699999988079071,-0.04235091805458069,3,1.4417753219604492,-9.760336875915527,0.007269668392837048,0.0001867955567645525,0.0030126150873149606,2.7986538410186768,-9.971925735473633,-0.38179492950439453,9.740965843200684,-0.0004262058064341545,0.011236829683184624,-0.014699269086122513,3.188821792602539,334.8872375488281,20.981779098510742,16,-1,36.36109052427185,5.0,0.0,45.0,8,1,cruzeiro,0.421,0.0,0.0,40.0
152788,7.550000000000001,335.1058654785156,21.139652252197266,-0.0010511206928640604,92.6595458984375,-0.3075292408466339,0.0014804113889113069,2.9679476712142816,0.0,0.42005544900894165,-0.030261250212788582,3,0.5633271932601929,-9.738960266113281,0.005827140994369984,0.00020043370075202989,0.003005815575876286,2.7989087104797363,-9.964004516601562,-0.33069610595703125,9.730558395385742,-0.0006089545786380768,0.008126684464514256,-0.01680070161819458,3.1880106925964355,334.88714599609375,21.1395206451416,16,-1,36.518906671687255,5.0,0.0,45.0,8,1,cruzeiro,0.421,0.0,0.0,40.0
152789,7.6000000000000005,335.10186767578125,21.274198532104492,-0.000871524796821177,92.6125259399414,-0.3245500922203064,0.002858426421880722,2.581271354400605,0.8500000238418579,0.0,-0.029149748384952545,3,0.3274400532245636,-7.727560997009277,0.004222678951919079,0.00019798411852045805,0.0030176995775160784,2.7990834712982178,-9.534825325012207,-0.008400917053222656,9.724270820617676,-0.0003013783134520054,0.0035308729857206345,-0.016319846734404564,3.1871891021728516,334.8870544433594,21.27406883239746,16,-1,36.65351233227988,5.0,0.0,45.0,8,1,cruzeiro,0.421,0.0,0.0,40.0
152790,7.65,335.09808349609375,21.405101776123047,-0.0009147834498435259,92.56449127197266,-0.31748083233833313,0.003994120750576258,2.6423722353187835,0.8500000238418579,0.0,-0.028181331232190132,3,0.00438883900642395,1.2225103378295898,0.0028297421522438526,0.00018674990862994176,0.0030235110097397103,2.799041986465454,-1.9817475080490112,0.005591154098510742,9.712529182434082,-0.00029649678617715836,-0.006169258151203394,-0.01694844663143158,3.1863510608673096,334.8869934082031,21.40497589111328,16,-1,36.784470261824026,5.0,0.0,45.0,8,1,cruzeiro,0.421,0.0,0.0,40.0
152791,7.7,335.09429931640625,21.539779663085938,-0.0011848639696836472,92.5155029296875,-0.28621906042099,0.005001200828701258,2.7216236590288836,0.8500000238418579,0.0,-0.02720523625612259,3,-0.016989558935165405,1.585087776184082,0.0015033723320811987,0.0001894094059669682,0.0030230548512939297,2.7987797260284424,0.984917402267456,-0.08629125356674194,9.72683048248291,-0.0002571325749158859,-0.013793287798762321,-0.0172056145966053,3.1854968070983887,334.88690185546875,21.539655685424805,16,-1,36.919201302244176,5.0,0.0,45.0,8,1,cruzeiro,0.421,0.0,0.0,40.0
152792,7.75,335.09051513671875,21.67925262451172,-0.0016238593962043524,92.46609497070312,-0.23705536127090454,0.005780803970992565,2.8187867718119684,0.8500000238418579,0.0,-0.02619657851755619,3,-0.04256144165992737,1.9428014755249023,0.00035152421332895756,0.0001932626065758188,0.003006444011031897,2.798352003097534,1.5273574590682983,-0.08851921558380127,9.750065803527832,-0.00017065741121768951,-0.0190806332975626,-0.017424263060092926,3.184634208679199,334.8868103027344,21.67913055419922,16,-1,37.058725590397835,5.0,0.0,45.0,8,1,cruzeiro,0.421,0.0,0.0,40.0
152793,7.800000000000001,335.08648681640625,21.822914123535156,-0.0021620369516313076,92.41694641113281,-0.17754392325878143,0.006283144000917673,2.866935927071801,0.8500000238418579,0.0,-0.02516733668744564,3,-0.007283836603164673,0.9630870819091797,-0.0006511691026389599,0.00018775152694196201,0.0029955125392922195,2.7978243827819824,1.4449049234390259,0.016733407974243164,9.774682998657227,-7.440149784088135e-05,-0.021287057548761368,-0.017081087455153465,3.1837751865386963,334.8867492675781,21.82279396057129,16,-1,37.2024435561022,5.0,0.0,45.0,8,1,cruzeiro,0.421,0.0,0.0,40.0
152794,7.8500000000000005,335.08258056640625,21.96687126159668,-0.0027130316011607647,92.36933135986328,-0.11693966388702393,0.006299411877989769,2.865806807707737,0.8500000238418579,0.0,-0.024192996323108673,0,0.007418841123580933,-0.022411346435546875,-0.0014612195082008839,0.0001939661069686336,0.0030147233742308936,2.79728102684021,0.0751284658908844,-0.04504859820008278,9.803918838500977,8.789077401161194e-05,-0.020862029865384102,-0.016411449760198593,3.182945728302002,334.88665771484375,21.966753005981445,16,-1,37.34645368209315,5.0,0.0,45.0,8,1,cruzeiro,0.421,0.0,0.0,40.0
152795,7.9,335.0787048339844,22.11129379272461,-0.003237018594518304,92.32323455810547,-0.05953875556588173,0.005945337470620871,2.9009132655149745,0.8500000238418579,0.0,-0.02322818711400032,0,-0.005762875080108643,0.7021903991699219,-0.00200138078071177,0.00019822874681456608,0.0030132308065546954,2.7967615127563477,0.23609550297260284,-0.051044315099716187,9.819621086120605,0.000150216743350029,-0.01957295835018158,-0.01602473109960556,3.1821391582489014,334.8865661621094,22.111177444458008,16,-1,37.49092820856479,5.0,0.0,45.0,8,1,cruzeiro,0.421,0.0,0.0,40.0
152796,7.95,335.07470703125,22.26036262512207,-0.0037328528705984354,92.27777099609375,-0.005580264143645763,0.0055127558298408985,3.0193659572095695,0.8500000238418579,0.0,-0.022306224331259727,2,-0.05838662385940552,2.368335723876953,-0.00226840958930552,0.00019131471038778903,0.0030160286266786773,2.796267032623291,1.9271775484085083,-0.00758206844329834,9.820265769958496,0.00013976171612739563,-0.018232524394989014,-0.01587621122598648,3.181347608566284,334.886474609375,22.2602481842041,16,-1,37.640050638866356,5.0,0.0,45.0,8,1,cruzeiro,0.421,0.0,0.0,40.0
152797,8.0,335.0705871582031,22.415958404541016,-0.004185047000646591,92.23241424560547,0.04322826489806175,0.0051627554930746555,3.158114023006271,0.8500000238418579,0.0,-0.02138851210474968,2,-0.06196528673171997,2.7742719650268555,-0.0023223876487463713,0.0002074971151677107,0.003007802299240583,2.795813798904419,2.718318223953247,-0.04651832580566406,9.82451057434082,8.153356611728668e-05,-0.01613563299179077,-0.015886662527918816,3.1805570125579834,334.8863830566406,22.415849685668945,16,-1,37.79570095183396,5.0,0.0,45.0,8,1,cruzeiro,0.421,0.0,0.0,40.0
152798,8.05,335.0663146972656,22.578393936157227,-0.004572391510009766,92.18712615966797,0.08468068391084671,0.0049205259419977665,3.2917845677706876,0.6145073771476746,0.0,-0.020473336800932884,2,-0.060620903968811035,2.672724723815918,-0.002162361051887274,0.0002015980100431144,0.0029940664131782742,2.795424461364746,2.894723653793335,-0.05079817771911621,9.831197738647461,3.80026176571846e-05,-0.013226720504462719,-0.015820389613509178,3.1797640323638916,334.88629150390625,22.57828712463379,16,-1,37.958192661942206,5.0,0.0,45.0,8,1,cruzeiro,0.421,0.0,0.0,40.0
152799,8.1,335.06195068359375,22.74656105041504,-0.004872150253504515,92.1423110961914,0.11636592447757721,0.004740987904369831,3.394686272047847,0.13369837403297424,0.0,-0.019557984545826912,2,-0.04245594143867493,2.0576047897338867,-0.0018745422130450606,0.00019620917482910609,0.0030243918279201877,2.795121908187866,2.503872871398926,-0.043695926666259766,9.839775085449219,1.786649227142334e-05,-0.009516946040093899,-0.01559916976839304,3.178982734680176,334.88616943359375,22.7464542388916,16,-1,38.126416390747416,5.0,0.0,45.0,8,1,cruzeiro,0.421,0.0,0.0,40.0
152800,8.15,335.0574645996094,22.917804718017578,-0.005059451796114445,92.09854888916016,0.135872945189476,0.004518549423664808,3.4294375262435253,0.0,0.23323287069797516,-0.018651500344276428,2,-0.005960315465927124,0.6950759887695312,-0.0014781950740143657,0.00020871696193603488,0.0029987132230860744,2.7949326038360596,1.492079734802246,0.005445361137390137,9.851646423339844,4.6506524085998535e-05,-0.004896290600299835,-0.015067555010318756,3.1782193183898926,334.8860778808594,22.917701721191406,16,-1,38.297718809421184,5.0,0.0,45.0,8,1,cruzeiro,0.421,0.0,0.0,40.0
152801,8.200000000000001,335.05316162109375,23.088457107543945,-0.005116214510053396,92.05672454833984,0.14127562940120697,0.004123992286622524,3.3991218996911883,0.0,0.350262314081192,-0.01780545525252819,2,0.022822320461273193,-0.6059455871582031,-0.001044845674186945,0.00021003543356209274,0.003003893194340581,2.794875144958496,0.060890547931194305,-0.06206192821264267,9.862688064575195,0.00012475025141611695,4.145843558944762e-05,-0.014319625683128834,3.17748761177063,334.885986328125,23.08835792541504,16,-1,38.468425439858215,5.0,0.0,45.0,8,1,cruzeiro,0.421,0.0,0.0,40.0
152802,8.25,335.0488586425781,23.25739288330078,-0.00505563709884882,92.01703643798828,0.13412441313266754,0.003566775470972061,3.3696640704872802,0.0,0.23332129418849945,-0.016943592578172684,2,0.02518296241760254,-0.5887317657470703,-0.0005704877548851073,0.00021056119800634242,0.003022407402022996,2.7949366569519043,-0.4178996682167053,0.014916777610778809,9.8585844039917,0.000166197307407856,0.003998005762696266,-0.013610095717012882,3.1767966747283936,334.8858642578125,23.257295608520508,16,-1,38.637416007508214,5.0,0.0,45.0,8,1,cruzeiro,0.421,0.0,0.0,40.0
152803,8.3,335.04461669921875,23.424882888793945,-0.004907169379293919,91.97945404052734,0.11765000224113464,0.0029082191176712513,3.346060693486293,0.0,0.12733130156993866,-0.01618232950568199,2,0.015532076358795166,-0.4718351364135742,-0.00016689300537109375,0.00020741187291312764,0.0030236349854174736,2.7950868606567383,-0.3752377927303314,-0.006844043731689453,9.846261024475098,0.00020488398149609566,0.0067622060887515545,-0.01285745669156313,3.176140308380127,334.8857727050781,23.424787521362305,16,-1,38.80495972127738,5.0,0.0,45.0,8,1,cruzeiro,0.421,0.0,0.0,40.0
152804,8.35,335.04034423828125,23.59174346923828,-0.004705142695456743,91.94369506835938,0.09552019089460373,0.00224848254583776,3.342049483610575,0.0,0.04302254691720009,-0.015465691685676575,0,0.011378973722457886,-0.07998466491699219,0.0001310347579419613,0.00022281955610257558,0.0030188055855323134,2.79529070854187,-0.12477805465459824,0.004405006766319275,9.831707000732422,0.0001918775960803032,0.008235861547291279,-0.0122957993298769,3.1755168437957764,334.88568115234375,23.591650009155273,16,-1,38.97187499088649,5.0,0.0,45.0,8,1,cruzeiro,0.421,0.0,0.0,40.0
152805,8.4,335.03619384765625,23.758373260498047,-0.004477100446820259,91.90960693359375,0.07076075673103333,0.0016341939335688949,3.3378614616708355,0.0,0.03091183677315712,-0.014794416725635529,0,0.006358921527862549,-0.08363723754882812,0.000369071785826236,0.0001921612220875431,0.0030187994158814456,2.795520544052124,-0.031056363135576248,-0.03886249661445618,9.820435523986816,0.0001854822039604187,0.00880526751279831,-0.011698060669004917,3.1749210357666016,334.88555908203125,23.758283615112305,16,-1,39.13855646279508,5.0,0.0,45.0,8,1,cruzeiro,0.421,0.0,0.0,40.0
152806,8.450000000000001,335.03216552734375,23.922887802124023,-0.004229907877743244,91.8773422241211,0.04411618784070015,0.0010415674187242985,3.271040158075916,0.0,0.015808358788490295,-0.014123724773526192,0,0.04182785749435425,-1.3358211517333984,0.0005094529478810728,0.00021195599977693035,0.003010516564301319,2.795768976211548,-0.8017697930335999,-0.023677468299865723,9.817963600158691,0.00018769875168800354,0.009505420923233032,-0.011035596951842308,3.174358367919922,334.8854675292969,23.922800064086914,16,-1,39.303120315967476,5.0,0.0,45.0,8,1,cruzeiro,0.421,0.0,0.0,40.0
152807,8.5,335.0281982421875,24.084535598754883,-0.003979816567152739,91.8470687866211,0.017348678782582283,0.0004588525043800473,3.224758643735871,0.23231859505176544,0.0,-0.01348957046866417,1,0.02454608678817749,-0.9253120422363281,0.000585365341976285,0.00020742765887957088,0.0030249354820176067,2.796020030975342,-1.1414340734481812,0.0368269681930542,9.811518669128418,0.00018790271133184433,0.009070811793208122,-0.010336177423596382,3.173830032348633,334.8853759765625,24.084449768066406,16,-1,39.464816789358586,5.0,0.0,45.0,8,1,cruzeiro,0.421,0.0,0.0,40.0
152808,8.55,335.0242004394531,24.2452392578125,-0.0037604712415486574,91.8183364868164,-0.0060720378533005714,-3.0517194318235852e-05,3.224314869203847,0.3965514004230499,0.0,-0.012912319041788578,1,0.006957054138183594,-0.008721351623535156,0.0005880355602130294,0.00021736503614771768,0.003022379885195296,2.7962396144866943,-0.44457486271858215,-0.005924105644226074,9.797297477722168,0.0001371246762573719,0.00743183633312583,-0.009912176989018917,3.173330545425415,334.8852844238281,24.245155334472656,16,-1,39.62557016711846,5.0,0.0,45.0,8,1,cruzeiro,0.421,0.0,0.0,40.0
152809,8.6,335.020263671875,24.407169342041016,-0.003597049741074443,91.79063415527344,-0.02343437820672989,-0.0003356939705554396,3.260067721036088,0.3926832675933838,0.0,-0.012404843233525753,1,-0.01340031623840332,0.7149362564086914,0.0005111693753860891,0.0001957423194891449,0.0029957597607762217,2.7964024543762207,0.36737725138664246,-0.021557927131652832,9.787495613098145,8.0072320997715e-05,0.005092986393719912,-0.009564770385622978,3.1728460788726807,334.8851623535156,24.407087326049805,16,-1,39.787548098693165,5.0,0.0,45.0,8,1,cruzeiro,0.421,0.0,0.0,40.0
152810,8.65,335.01629638671875,24.571483612060547,-0.003498935606330633,91.76374053955078,-0.03380943462252617,-0.0004577644867822528,3.308825408519514,0.25960230827331543,0.0,-0.011861328966915607,1,-0.015920400619506836,0.975041389465332,0.000453948974609375,0.00021934917304485574,0.003014371677663501,2.7965004444122314,0.8122616410255432,0.004902899265289307,9.784543991088867,1.2220581993460655e-05,0.0026806751266121864,-0.009313923306763172,3.172375202178955,334.88507080078125,24.57140350341797,16,-1,39.95191025578403,5.0,0.0,45.0,8,1,cruzeiro,0.421,0.0,0.0,40.0
152811,8.700000000000001,335.0123291015625,24.73790168762207,-0.0034578132908791304,91.73766326904297,-0.03808513283729553,-0.00042724708328023553,3.341373254592058,0.08245210349559784,0.0,-0.011355734430253506,1,-0.011221617460250854,0.6508684158325195,0.0003921508614439517,0.0002275341854747691,0.0030109725846994605,2.796541452407837,0.7135025858879089,-0.05178391933441162,9.787586212158203,-2.4846813175827265e-05,0.0007918751798570156,-0.008981234394013882,3.1719205379486084,334.8849792480469,24.737825393676758,16,-1,40.11837561321647,5.0,0.0,45.0,8,1,cruzeiro,0.421,0.0,0.0,40.0
152812,8.75,335.0083923339844,24.905241012573242,-0.0034567450638860464,91.71258544921875,-0.03808513283729553,-0.00030517744016833603,3.3486614366993215,0.0,0.032836366444826126,-0.010831003077328205,1,0.003571063280105591,0.14587879180908203,0.00026416778564453125,0.00022844830960722112,0.0030143185928104355,2.7965426445007324,0.2789869010448456,-0.00848400592803955,9.794328689575195,-5.1324983360245824e-05,-0.000437691604020074,-0.008637677878141403,3.171480894088745,334.8848876953125,24.905166625976562,16,-1,40.28576123928418,5.0,0.0,45.0,8,1,cruzeiro,0.421,0.0,0.0,40.0
152813,8.8,335.00445556640625,25.072265625,-0.0034784888848662376,91.68869018554688,-0.03564675524830818,-0.0001525887055322528,3.3337708010371996,0.0,0.0560726635158062,-0.010349784977734089,1,0.010160505771636963,-0.29766082763671875,0.00017452239990234375,0.00023255843070648828,0.003010445335396212,2.796520948410034,-0.18006642162799835,-0.004849344491958618,9.800749778747559,-4.8331799916923046e-05,-0.0010815595742315054,-0.008198932744562626,3.171067237854004,334.884765625,25.072195053100586,16,-1,40.45283224004515,5.0,0.0,45.0,8,1,cruzeiro,0.421,0.0,0.0,40.0
152814,8.85,335.00048828125,25.238428115844727,-0.003513507777824998,91.66585540771484,-0.03176720812916756,0.0,3.3155019042103526,0.00020092190243303776,0.0,-0.00991719402372837,1,0.015778392553329468,-0.36511898040771484,9.613038855604827e-05,0.0002206028560586138,0.003021112010317718,2.7964861392974854,-0.37748822569847107,0.020824581384658813,9.804557800292969,-5.51899429410696e-05,-0.0014816796174272895,-0.00783696398139,3.170668125152588,334.8846740722656,25.238359451293945,16,-1,40.619042085467235,5.0,0.0,45.0,8,1,cruzeiro,0.421,0.0,0.0,40.0
152815,8.9,334.99664306640625,25.403566360473633,-0.003554935334250331,91.64415740966797,-0.027218302711844444,0.00014025901327840984,3.294696282416689,0.06639893352985382,0.0,-0.009536092169582844,1,0.014150440692901611,-0.41590213775634766,-8.773786248639226e-06,0.00022949634175395496,0.0030152887306184105,2.7964446544647217,-0.4278463125228882,-0.01788926124572754,9.807141304016113,-4.7790235839784145e-05,-0.0016561939846724272,-0.007449211087077856,3.170290470123291,334.88458251953125,25.403501510620117,16,-1,40.784225091603794,5.0,0.0,45.0,8,1,cruzeiro,0.421,0.0,0.0,40.0
152816,8.950000000000001,334.992919921875,25.567975997924805,-0.0036011694464832544,91.6234359741211,-0.022157132625579834,0.00027331680757924914,3.2850746392508983,0.1416327953338623,0.0,-0.009111173450946808,1,0.010634660720825195,-0.1922464370727539,-4.653935320675373e-05,0.00022714270551980108,0.0030071544517313213,2.796398639678955,-0.3081544041633606,-0.06144872307777405,9.80800724029541,-4.915706813335419e-05,-0.0018376384396106005,-0.007136717438697815,3.169926643371582,334.88446044921875,25.56791114807129,16,-1,40.94867687995536,5.0,0.0,45.0,8,1,cruzeiro,0.421,0.0,0.0,40.0
152817,9.0,334.98919677734375,25.732223510742188,-0.0036519812420010567,91.60365295410156,-0.016631510108709335,0.0003828182816505432,3.285757614579432,0.17495138943195343,0.0,-0.008680837228894234,1,0.0012505054473876953,0.013689994812011719,-0.00011024472769349813,0.0002282115291808047,0.003000784307397967,2.7963478565216064,-0.07566364109516144,0.011976979672908783,9.808103561401367,-3.615766763687134e-05,-0.0019863650668412447,-0.006790985353291035,3.169581651687622,334.8843688964844,25.732160568237305,16,-1,41.11296658526855,5.0,0.0,45.0,8,1,cruzeiro,0.421,0.0,0.0,40.0
152818,9.05,334.9855041503906,25.8968505859375,-0.003706989111378789,91.5846939086914,-0.010716565884649754,0.0004844202194362879,3.2969804147723463,0.1712624728679657,0.0,-0.00831998698413372,1,0.0004489719867706299,0.2245187759399414,-0.00013027191744185984,0.00023973184045312894,0.0030241688204677244,2.796293020248413,0.1409599930047989,-0.014037162065505981,9.80838680267334,-4.014698788523674e-05,-0.002108864253386855,-0.006542002782225609,3.1692495346069336,334.88427734375,25.896791458129883,16,-1,41.277635068534714,5.0,0.0,45.0,8,1,cruzeiro,0.421,0.0,0.0,40.0
152819,9.1,334.9825744628906,26.06204605102539,-0.0037626074627041817,91.5511703491211,-0.0047606416046619415,0.003931867424398661,3.3068911562938648,0.12958742678165436,0.0,-0.02659524232149124,1,0.5356418490409851,0.20767688751220703,-0.00015125275240279734,0.0002431871992627402,0.002995688911006202,2.7962374687194824,0.2182304859161377,-0.24669285118579865,9.80976676940918,-0.0016844173660501838,-0.002028203336521983,-0.014269858598709106,3.168665647506714,334.8841857910156,26.061986923217773,16,-1,41.44285651010466,5.0,0.0,45.0,8,1,cruzeiro,0.421,0.0,0.0,40.0
152820,9.15,334.9800720214844,26.22769546508789,-0.003813953371718526,91.50872039794922,0.0006830188794992864,0.008328793570399284,3.314924305774703,0.09405003488063812,0.0,-0.020594604313373566,1,0.06889261305332184,0.16157150268554688,-0.00012187956599518657,0.0002505963652724226,0.0030206436166489927,2.7961857318878174,0.1883375495672226,-0.16643911600112915,9.811535835266113,-0.001420527114532888,-0.0017946424195542932,-0.015098637901246548,3.167924642562866,334.8840637207031,26.227638244628906,16,-1,41.60852482509652,5.0,0.0,45.0,8,1,cruzeiro,0.421,0.0,0.0,40.0
152821,9.200000000000001,334.97772216796875,26.393484115600586,-0.0038558386731892824,91.46569061279297,0.005122641567140818,0.011608446016907692,3.314406983746655,0.065342977643013,0.0,-0.019643111154437065,1,0.028819814324378967,-0.0099945068359375,-0.0001234054652741179,0.0002131824316949662,0.0030192525329458915,2.7961440086364746,0.07380662113428116,-0.08388055115938187,9.813882827758789,-0.0009717291104607284,-0.0013594640186056495,-0.014960136264562607,3.1671760082244873,334.88397216796875,26.3934268951416,16,-1,41.77433012793803,5.0,0.0,45.0,8,1,cruzeiro,0.421,0.0,0.0,40.0
152822,9.25,334.9753723144531,26.55912971496582,-0.003885135520249605,91.42357635498047,0.008189396001398563,0.013590707443654537,3.310921503020671,0.06822502613067627,0.0,-0.018763184547424316,1,0.02463899552822113,-0.06942272186279297,-0.00012588499521370977,0.0002621728167109536,0.0029944602516023214,2.796114683151245,-0.02908473275601864,-0.021576667204499245,9.815000534057617,-0.0005284757353365421,-0.0008726901141926646,-0.014580466784536839,3.166440725326538,334.8838806152344,26.55907440185547,16,-1,41.93999239401155,5.0,0.0,45.0,8,1,cruzeiro,0.421,0.0,0.0,40.0
152823,9.3,334.9730529785156,26.72446060180664,-0.003900775918737054,91.38298034667969,0.009828642010688782,0.014316434040665627,3.3037415662793066,0.08113270252943039,0.0,-0.01790825091302395,1,0.013952404260635376,-0.1434469223022461,-7.362365431617945e-05,0.0002317724593677758,0.0030187271932153354,2.7960991859436035,-0.09776151180267334,-0.030060499906539917,9.815478324890137,-9.8893215181306e-05,-0.00037055969005450606,-0.013960310257971287,3.1657299995422363,334.8837890625,26.724407196044922,16,-1,42.10533954839517,5.0,0.0,45.0,8,1,cruzeiro,0.421,0.0,0.0,40.0
152824,9.35,334.97076416015625,26.889034271240234,-0.0039012336637824774,91.3441390991211,0.009821811690926552,0.013955560512840748,3.2791624135706186,0.0,1.0,-0.01709822379052639,1,0.02272479236125946,-0.49135684967041016,-5.149840944795869e-05,0.0002507763324844942,0.003005687443168412,2.796098470687866,-0.2671511173248291,-0.056099504232406616,9.816048622131348,0.00024697219487279654,0.0003100449393969029,-0.01334349438548088,3.1650538444519043,334.8836669921875,26.88898277282715,16,-1,42.269929132999785,5.0,0.0,45.0,8,1,cruzeiro,0.421,0.0,0.0,40.0
152825,9.4,334.9686279296875,27.05124282836914,-0.003876590635627508,91.30743408203125,0.007233169861137867,0.012671219184994698,3.218080554412945,0.0,1.0,-0.016339031979441643,1,0.02344861626625061,-1.221451759338379,-4.806518700206652e-05,0.0002483911191451022,0.003005324942987248,2.7961232662200928,-0.8969392776489258,-0.021683037281036377,9.82018756866455,0.0005554301897063851,0.0013341621961444616,-0.012506832368671894,3.164412260055542,334.8835754394531,27.051191329956055,16,-1,42.43215175622619,5.0,0.0,45.0,8,1,cruzeiro,0.421,0.0,0.0,40.0
152826,9.450000000000001,334.966552734375,27.209484100341797,-0.0038227271288633347,91.27303314208984,0.0015026414766907692,0.01068263128399849,3.1280001597257017,0.0,1.0,-0.015601744875311852,1,0.03581680357456207,-1.8013238906860352,-5.722049536416307e-06,0.00022546185316072706,0.0029990426357168944,2.796177387237549,-1.5246714353561401,-0.03796112537384033,9.821830749511719,0.0007596267387270927,0.0024574720300734043,-0.0117188123986125,3.163811445236206,334.88348388671875,27.20943260192871,16,-1,42.59040663479588,5.0,0.0,45.0,8,1,cruzeiro,0.421,0.0,0.0,40.0
152827,9.5,334.964599609375,27.35414695739746,-0.003674106439575553,91.23869323730469,-0.014158980920910835,0.007903708145022392,2.7022407354406797,0.0,1.0,-0.014917166903614998,1,0.10865584015846252,-8.514513969421387,-2.307891918462701e-05,0.00024994663291124216,0.0030213331596810364,2.796325922012329,-5.239790916442871,0.06187629699707031,9.846527099609375,0.001103140413761139,0.00787237100303173,-0.010762037709355354,3.1632132530212402,334.8833923339844,27.354097366333008,16,-1,42.73508267603552,5.0,0.0,45.0,8,1,cruzeiro,0.421,0.0,0.0,40.0
152828,9.55,334.96307373046875,27.47431755065918,-0.003381824353709817,91.21257781982422,-0.044833358377218246,0.00430492265149951,2.217130748250012,0.0,1.0,-0.014222570694983006,1,0.1173817366361618,-9.701504707336426,9.53677954385057e-07,0.00024147320310510177,0.003018110893549571,2.796617031097412,-9.511475563049316,0.040386199951171875,9.85959529876709,0.0013372823596000671,0.012353447265923023,-0.008121060207486153,3.1627562046051025,334.8833312988281,27.474267959594727,16,-1,42.85526295641175,5.0,0.0,45.0,8,1,cruzeiro,0.421,0.0,0.0,40.0
152829,9.600000000000001,334.9619140625,27.570247650146484,-0.0029984472785145044,91.19315338134766,-0.08515196293592453,0.00028846910572610795,1.7362848465941707,0.0,1.0,-0.013749640434980392,1,0.1107688620686531,-9.616291046142578,-3.5667417250806466e-05,0.00024149802555258092,0.0030189483007993616,2.7969985008239746,-9.524847984313965,0.027986526489257812,9.831951141357422,0.001434922218322754,0.01496244128793478,-0.005973967723548412,3.1624155044555664,334.8832702636719,27.570199966430664,16,-1,42.951200065068626,5.0,0.0,45.0,8,1,cruzeiro,0.421,0.0,0.0,40.0
152830,9.65,334.9610595703125,27.642269134521484,-0.002571811666712165,91.17923736572266,-0.12988287210464478,-0.003784181084483862,1.2619987286242287,0.0,1.0,-0.01341351866722107,1,0.1037588119506836,-9.485163688659668,-4.329682269599289e-05,0.00024267679804467233,0.003014887562443491,2.7974209785461426,-9.498961448669434,0.07569503784179688,9.804815292358398,0.0014177914708852768,0.015848543494939804,-0.004157119430601597,3.1621735095977783,334.8832092285156,27.642221450805664,16,-1,43.02322661828671,5.0,0.0,45.0,8,1,cruzeiro,0.421,0.0,0.0,40.0
152831,9.700000000000001,334.96044921875,27.690900802612305,-0.0021463201846927404,91.17013549804688,-0.17453181743621826,-0.007659912575036287,0.7994277829009939,0.0,1.0,-0.013147026300430298,1,0.09578756242990494,-9.250930786132812,-0.00010337829735362902,0.00025096098189115556,0.003013711235290475,2.7978405952453613,-9.388880729675293,0.08244895935058594,9.78041934967041,0.0013081450015306473,0.015219954773783684,-0.0025530869606882334,3.162013530731201,334.8831787109375,27.690855026245117,16,-1,43.07186211633418,5.0,0.0,45.0,8,1,cruzeiro,0.421,0.0,0.0,40.0
152832,9.75,334.96014404296875,27.717166900634766,-0.0017604255117475986,91.16531372070312,-0.2150006890296936,-0.011077890172600746,0.3642824091703539,0.0,1.0,-0.013031812384724617,1,0.08644033968448639,-8.702491760253906,-9.021758160088211e-05,0.00024403680039972582,0.0030086639966563347,2.7982194423675537,-9.064148902893066,0.09549999237060547,9.759711265563965,0.0011179512366652489,0.013208415359258652,-0.0011351597495377064,3.16192889213562,334.8831787109375,27.717119216918945,16,-1,43.09812998715736,5.0,0.0,45.0,8,1,cruzeiro,0.421,0.0,0.0,40.0
152833,9.8,334.9601135253906,27.72365379333496,-0.0014528846368193626,91.16397857666016,-0.24728699028491974,-0.013885490596294403,0.0010711668802775621,0.0,1.0,-0.01294355932623148,1,0.06442686170339584,-7.267045974731445,-7.610320608364418e-05,0.0002624569836486954,0.003017661690164729,2.798520803451538,-8.115199089050293,0.05636787414550781,9.743959426879883,0.0008639395236968994,0.009709101170301437,-1.0496210961719044e-05,3.1619081497192383,334.8831787109375,27.723608016967773,16,-1,43.10461695164211,5.0,0.0,45.0,8,1,cruzeiro,0.421,0.0,0.0,40.0
152834,9.850000000000001,334.9601135253906,27.723522186279297,-0.0013295173412188888,91.16399383544922,-0.2603394687175751,-0.015472391620278358,0.00032193864624478763,0.0,1.0,-0.012946262024343014,1,-0.004901626147329807,-0.016268176957964897,-1.907392288558185e-07,0.0002417501690146567,0.0030014978862399626,2.7986412048339844,-3.0660924911499023,0.0640254020690918,9.72396469116211,0.0003541003679856658,0.0013073422014713287,2.065688249786035e-06,3.161905288696289,334.8831787109375,27.723474502563477,16,-1,43.10474855869777,5.0,0.0,45.0,8,1,cruzeiro,0.421,0.0,0.0,40.0
152835,9.9,334.9601135253906,27.723608016967773,-0.0014106178423389792,91.16399383544922,-0.25198614597320557,-0.01571655087172985,0.0004666677346612256,0.0,1.0,-0.012937272898852825,1,-0.005469650030136108,-0.011443817056715488,0.00015926361083984375,0.0002446329893038274,0.003017309317479816,2.7985622882843018,-0.37461090087890625,0.0394168496131897,9.728514671325684,-8.051889017224312e-05,-0.005495129153132439,-1.454707671655342e-06,3.161905288696289,334.8831787109375,27.723562240600586,16,-1,43.10483438938625,5.0,0.0,45.0,8,1,cruzeiro,0.421,0.0,0.0,40.0
152836,9.950000000000001,334.9601135253906,27.723859786987305,-0.0016489600529894233,91.16398620605469,-0.22717207670211792,-0.014862040989100933,0.000917201399598288,0.0,1.0,-0.012964146211743355,1,-0.004451697692275047,-0.008622930385172367,0.0002367019624216482,0.0002535203714219338,0.0030078466281028542,2.7983291149139404,-0.29484641551971436,0.007733792066574097,9.747265815734863,-0.0004292977973818779,-0.010532873682677746,-3.928227670257911e-06,3.161905288696289,334.8831787109375,27.723814010620117,16,-1,43.10508615940578,5.0,0.0,45.0,8,1,cruzeiro,0.421,0.0,0.0,40.0
152837,10.0,334.9601135253906,27.72422981262207,-0.0019951057620346546,91.16395568847656,-0.19097891449928284,-0.01318360585719347,0.0012540032894864468,0.4449999928474426,0.0,0.0,1,-0.003979895729571581,-0.005888951942324638,0.00025920866755768657,0.0002292386490959211,0.0029954623128792273,2.7979891300201416,-0.20711323618888855,0.02579803764820099,9.766702651977539,-0.0006822403520345688,-0.01380302757024765,-3.967232260038145e-06,3.1619081497192383,334.8831787109375,27.724180221557617,16,-1,43.105456185040545,5.0,0.0,45.0,8,1,cruzeiro,0.445,0.0,0.0,40.0
152838,10.05,334.9601135253906,27.72466468811035,-0.0024025917518883944,91.16392517089844,-0.14828339219093323,-0.010925297625362873,0.0014458963429644894,0.4449999928474426,0.0,0.0,1,-0.002404681406915188,-0.0032167136669158936,0.00024204252986237407,0.0002664492751461007,0.0030249084670550285,2.7975878715515137,-0.1263507902622223,0.013920463621616364,9.785094261169434,-0.000843612477183342,-0.015428859740495682,-3.719262167578563e-06,3.161905288696289,334.8831787109375,27.724618911743164,16,-1,43.105891060528826,5.0,0.0,45.0,8,1,cruzeiro,0.445,0.0,0.0,40.0
152839,10.100000000000001,334.96014404296875,27.725116729736328,-0.002829608740285039,91.16389465332031,-0.10345003753900528,-0.008361812680959702,0.0015262852851078807,0.0,1.0,0.009556080214679241,1,-0.0021617591846734285,-0.0008447119034826756,0.00018615723820403218,0.00023872330544574816,0.0029916575407648066,2.797165870666504,-0.05309716612100601,-0.0178544744849205,9.801641464233398,-0.0009156828746199608,-0.015623264014720917,-1.5567065929644741e-06,3.1619081497192383,334.8831787109375,27.725069046020508,16,-1,43.10634413111294,5.0,0.0,45.0,8,1,cruzeiro,0.445,0.0,0.0,40.0
152840,10.15,334.96014404296875,27.725555419921875,-0.003241367172449827,91.16388702392578,-0.060119323432445526,-0.005706785712391138,0.001405409489496154,0.0,1.0,-0.02082190103828907,1,0.002858157968148589,0.0014555291272699833,0.00011196134437341243,0.00023496939000241173,0.003001616173882427,2.796757221221924,0.013852192088961601,0.020491093397140503,9.815408706665039,-0.0009256638586521149,-0.014658045023679733,-4.595952304953244e-06,3.1619081497192383,334.8831787109375,27.725507736206055,16,-1,43.10678282129849,5.0,0.0,45.0,8,1,cruzeiro,0.445,0.0,0.0,40.0
152841,10.200000000000001,334.9601745605469,27.725954055786133,-0.003611621679738164,91.16387176513672,-0.021112114191055298,-0.0031433110125362873,0.0012728881018466115,0.0,1.0,-0.012959673069417477,1,-0.00023848027922213078,0.0029371376149356365,3.814711817540228e-06,0.00023972989205305978,0.0029910281597663986,2.7963879108428955,0.06531736254692078,0.009140536189079285,9.825727462768555,-0.0008595939725637436,-0.012830863706767559,-2.3471372969652293e-06,3.161905288696289,334.8831787109375,27.725908279418945,16,-1,43.10718262359319,5.0,0.0,45.0,8,1,cruzeiro,0.445,0.0,0.0,40.0
152842,10.25,334.9601745605469,27.726285934448242,-0.003922137897461653,91.16387939453125,0.01162498164921999,-0.0008850092999637127,0.001061086632002825,0.0,1.0,-0.012940254993736744,1,0.0010960997315123677,0.00414186529815197,-3.776549419853836e-05,0.00024715923474878535,0.0030102399252066032,2.7960777282714844,0.0980222299695015,-0.011801093816757202,9.833731651306152,-0.0007504178211092949,-0.010443675331771374,-1.3711787687498145e-06,3.1619081497192383,334.8831787109375,27.72623634338379,16,-1,43.1075145022553,5.0,0.0,45.0,8,1,cruzeiro,0.445,0.0,0.0,40.0
152843,10.3,334.9602355957031,27.72654151916504,-0.004162311553955078,91.16387176513672,0.037005964666604996,0.0010443420615047216,0.0008132028137688508,0.0,1.0,-0.012932781130075455,1,0.0014413066674023867,0.004801129922270775,-0.0001127243012888357,0.0002458855331851258,0.0029930367123399116,2.795836925506592,0.11822129786014557,-0.032458215951919556,9.8375825881958,-0.0006106500513851643,-0.007779482286423445,-6.644345376116689e-07,3.161905288696289,334.8831787109375,27.72649574279785,16,-1,43.107777273710674,5.0,0.0,45.0,8,1,cruzeiro,0.445,0.0,0.0,40.0
152844,10.350000000000001,334.9602355957031,27.726720809936523,-0.004329090006649494,91.16387176513672,0.05464151129126549,0.0025820210576057434,0.0004743723802225688,0.0,1.0,-0.01292529795318842,1,0.007110437378287315,0.005063494201749563,-0.0001447677641408518,0.00025355570375881965,0.0030213865201790717,2.7956695556640625,0.13121776282787323,0.02708756923675537,9.839178085327148,-0.0004705791361629963,-0.00508569972589612,7.889876769695547e-07,3.161905288696289,334.8831787109375,27.72667121887207,16,-1,43.10795656448216,5.0,0.0,45.0,8,1,cruzeiro,0.445,0.0,0.0,40.0
152845,10.4,334.9602355957031,27.726823806762695,-0.004425220191478729,91.16387939453125,0.06482531875371933,0.0036420105025172234,0.00023922204576338612,0.0,1.0,-0.012949216179549694,1,4.9344180297339335e-05,0.0047018080949783325,-0.00011920928955078125,0.0002460718543085113,0.0030236682418011205,2.7955727577209473,0.1257012039422989,-0.02295713871717453,9.83822250366211,-0.0003037776332348585,-0.002562782494351268,4.2428200686117634e-07,3.161905288696289,334.8831787109375,27.726774215698242,16,-1,43.10805956130833,5.0,0.0,45.0,8,1,cruzeiro,0.445,0.0,0.0,40.0
152846,10.450000000000001,334.96026611328125,27.726858139038086,-0.004457874223589897,91.16387939453125,0.0682813972234726,0.0042410967871546745,3.26028426324324e-05,0.0,1.0,-0.012922311201691628,1,4.7249672206817195e-05,0.0041379304602742195,-0.00010433196439407766,0.00026168136634653036,0.003008824709943243,2.7955398559570312,0.11649640649557114,-0.012858748435974121,9.835336685180664,-0.0001480697246734053,-0.0003588105028029531,1.6693152815605572e-07,3.1619081497192383,334.8831787109375,27.726808547973633,16,-1,43.10810549634624,5.0,0.0,45.0,8,1,cruzeiro,0.445,0.0,0.0,40.0
152847,10.5,334.96026611328125,27.726835250854492,-0.004437351133674383,91.16387939453125,0.06613671779632568,0.0044264723546803,0.0001361582272155201,0.0,1.0,-0.01291781198233366,1,4.172283297521062e-05,0.0033637462183833122,-8.525847806595266e-05,0.000265122034282349,0.0030069370303839114,2.795560836791992,0.09883057326078415,-0.002536863088607788,9.831534385681152,-1.2286240234971046e-05,0.0014311028644442558,-2.320837211300386e-08,3.1619081497192383,334.8831787109375,27.72678565979004,16,-1,43.108128384529834,5.0,0.0,45.0,8,1,cruzeiro,0.445,0.0,0.0,40.0
152848,10.55,334.96026611328125,27.72679901123047,-0.00440217973664403,91.16388702392578,0.06243475526571274,0.0043522268533706665,4.142196055074197e-05,0.0,1.0,-0.012910323217511177,1,4.645462831831537e-05,-0.0018953660037368536,-3.910064697265625e-05,0.0002515845029054726,0.0030140505313259805,2.7955963611602783,0.03444117680191994,-0.0012280214577913284,9.81567096710205,2.510854392312467e-05,0.00041987095028162,7.989554262621823e-08,3.1619081497192383,334.8831787109375,27.72675132751465,16,-1,43.10816462415386,5.0,0.0,45.0,8,1,cruzeiro,0.445,0.0,0.0,40.0
152849,10.600000000000001,334.96026611328125,27.726762771606445,-0.004365863744169474,91.16387176513672,0.05861667916178703,0.00410311296582222,0.00017850219492294376,0.0,1.0,-0.012923793867230415,1,2.659687197592575e-05,0.0027406541630625725,-7.705688767600805e-05,0.0002590518141420989,0.0030054948341761215,2.7956326007843018,0.011286298744380474,-0.000727939885109663,9.810384750366211,0.00012455845717340708,0.0018864809535443783,-9.561108527122997e-08,3.161905288696289,334.8831787109375,27.726716995239258,16,-1,43.10820086377788,5.0,0.0,45.0,8,1,cruzeiro,0.445,0.0,0.0,40.0
152850,10.65,334.9602355957031,27.726688385009766,-0.004296894185245037,91.16387176513672,0.0513288676738739,0.003616961883381009,0.0002749444986457379,0.0,1.0,-0.012910323217511177,1,1.6202498954953626e-05,0.0019285798771306872,-3.337860107421875e-05,0.00023977699051000543,0.0030155366397569623,2.795701742172241,0.06378881633281708,-0.0017372779548168182,9.823149681091309,0.00019623618572950363,0.00292411376722157,-2.379352963544079e-07,3.1619081497192383,334.8831787109375,27.726640701293945,16,-1,43.10828126706351,5.0,0.0,45.0,8,1,cruzeiro,0.445,0.0,0.0,40.0
152851,10.700000000000001,334.9602355957031,27.72658920288086,-0.004206638317555189,91.16387176513672,0.04179392382502556,0.00297412252984941,0.0003315510878132261,0.0,1.0,-0.012923793867230415,1,7.386856850644108e-06,0.0011324748629704118,4.76837158203125e-06,0.00024137382723110243,0.0030112788583868204,2.795792818069458,0.03965537250041962,-0.0011698082089424133,9.818567276000977,0.00023982231505215168,0.0035437827464193106,-3.5815003229799913e-07,3.161905288696289,334.8831787109375,27.72654151916504,16,-1,43.10838044919242,5.0,0.0,45.0,8,1,cruzeiro,0.445,0.0,0.0,40.0
152852,10.75,334.9602355957031,27.726476669311523,-0.004105701576918364,91.16387176513672,0.03114566020667553,0.0022495852317661047,0.0003523793629988174,0.0,1.0,-0.012941746041178703,1,1.2747477740049362e-06,0.0004166841972619295,2.098086042678915e-06,0.0002438159983240766,0.0030114155517299494,2.795893907546997,0.02262813225388527,-0.010738717392086983,9.814051628112793,0.0002584666945040226,0.0037844101898372173,-4.478973778532236e-07,3.1619081497192383,334.8831787109375,27.726430892944336,16,-1,43.10849298276175,5.0,0.0,45.0,8,1,cruzeiro,0.445,0.0,0.0,40.0
152853,10.8,334.9602355957031,27.726362228393555,-0.004003543872386217,91.16387176513672,0.02038128301501274,0.0015097861178219318,0.0003432783076868665,0.0,1.0,-0.012946226634085178,1,-4.653265932574868e-06,-0.00018168298993259668,2.0027164282510057e-05,0.0002544586682738145,0.003026956223482346,2.7959959506988525,0.005786176770925522,-0.010307231917977333,9.810545921325684,0.0002555141691118479,0.0037039541639387608,-4.979942218596989e-07,3.161905288696289,334.8831787109375,27.726316452026367,16,-1,43.10860742367972,5.0,0.0,45.0,8,1,cruzeiro,0.445,0.0,0.0,40.0
152854,10.850000000000001,334.9602355957031,27.72625732421875,-0.00390764232724905,91.16387939453125,0.01028626412153244,0.000809266057331115,0.000311168140257531,0.0,1.0,-0.012922311201691628,1,-9.36535798246041e-06,-0.0006417284021154046,3.6621091567212716e-05,0.0002494598832419047,0.0030038878244229347,2.7960922718048096,-0.009080702438950539,0.020085860043764114,9.807502746582031,0.00023503461852669716,0.003372440580278635,-5.03346427649376e-07,3.1619081497192383,334.8831787109375,27.72620964050293,16,-1,43.108712327854526,5.0,0.0,45.0,8,1,cruzeiro,0.445,0.0,0.0,40.0
152855,10.9,334.9602355957031,27.726163864135742,-0.0038237189874053,91.16387939453125,0.0014684905763715506,0.00018930589430965483,0.00026320822032826726,0.0,1.0,-0.01292828656733036,1,-1.1437009561632294e-05,-0.0009592104470357299,-1.525881998531986e-06,0.00023446952122623362,0.0030270889397599485,2.7961761951446533,-0.019947687163949013,-0.009624090045690536,9.805156707763672,0.00020253821276128292,0.002864043228328228,-4.682751466589252e-07,3.1619081497192383,334.8831787109375,27.726118087768555,16,-1,43.108805787937534,5.0,0.0,45.0,8,1,cruzeiro,0.445,0.0,0.0,40.0
152856,10.950000000000001,334.9602355957031,27.726093292236328,-0.003755435813218355,91.16387939453125,-0.005710037890821695,-0.00033569353399798274,0.00020608026577440686,0.0,1.0,-0.012938755564391613,1,-1.3326607586350292e-05,-0.0011426338460296392,-2.2888161765877157e-06,0.00025257398037624267,0.0030008264416921406,2.7962443828582764,-0.0245184525847435,0.010537788271903992,9.803747177124023,0.00016213883645832539,0.0022503819782286882,-3.992104780081718e-07,3.1619081497192383,334.8831787109375,27.726045608520508,16,-1,43.10887635983695,5.0,0.0,45.0,8,1,cruzeiro,0.445,0.0,0.0,40.0
152857,11.0,334.9602355957031,27.726093292236328,-0.003755435813218355,91.16387939453125,-0.005710037890821695,-0.00033569353399798274,6.0456775738258786e-06,0.0,1.0,-0.012935766950249672,1,-4.6249075239757076e-05,-0.004241651855409145,7.152557373046875e-05,0.000235560075950476,0.003015167689753241,2.7962443828582764,-0.11220141500234604,0.0023170411586761475,9.782646179199219,-2.9125294531695545e-06,-6.431050860555843e-05,9.835396941326735e-10,3.1619081497192383,334.8831787109375,27.726045608520508,16,-1,43.10887635983695,5.0,0.0,45.0,8,1,cruzeiro,0.445,0.0,0.0,40.0
152858,11.05,334.9602355957031,27.726097106933594,-0.003759784623980522,91.16387939453125,-0.00525241531431675,-0.00030517569393850863,1.7634665305563968e-05,0.0,1.0,-0.012935766950249672,1,-9.507655818197236e-07,-0.00023181535652838647,1.9073468138230965e-07,0.00023755800878294948,0.003012998230204346,2.7962400913238525,-0.007147273514419794,0.00017919344827532768,9.808281898498535,-9.955692803487182e-06,-0.00019099573546554893,2.374772556379412e-08,3.1619081497192383,334.8831787109375,27.726049423217773,16,-1,43.108880174534214,5.0,0.0,45.0,8,1,cruzeiro,0.445,0.0,0.0,40.0
152859,11.100000000000001,334.9602355957031,27.726104736328125,-0.0037664221599698067,91.16387939453125,-0.0045489058829844,-0.0002746580867096782,2.5635990719222332e-05,0.0,1.0,-0.012935766950249672,1,-4.619357696356019e-07,-0.00016004426288418472,-4.38690176451928e-06,0.00023502820302029098,0.0030252586735315954,2.7962334156036377,-0.005777436774224043,0.00014858273789286613,9.809062957763672,-1.4874240150675178e-05,-0.0002785249089356512,4.016639820747514e-08,3.1619081497192383,334.8831787109375,27.726057052612305,16,-1,43.108887803928745,5.0,0.0,45.0,8,1,cruzeiro,0.445,0.0,0.0,40.0
152860,11.15,334.9602355957031,27.726118087768555,-0.003775043413043022,91.16387939453125,-0.0036609810777008533,-0.00021362317784223706,3.020709800922077e-05,0.0,1.0,-0.012946226634085178,1,-4.7088150267882156e-07,-9.137387678492814e-05,8.58306884765625e-06,0.0002499015330925649,0.00301444573513271,2.79622483253479,-0.0018767067231237888,6.196321919560432e-05,9.809219360351562,-1.7977814422920346e-05,-0.00032855552854016423,5.0171244936336734e-08,3.1619081497192383,334.8831787109375,27.7260684967041,16,-1,43.108901155369175,5.0,0.0,45.0,8,1,cruzeiro,0.445,0.0,0.0,40.0
152861,11.200000000000001,334.9602355957031,27.72612762451172,-0.0037842749152332544,91.16387939453125,-0.002684264210984111,-0.00015258784696925431,3.168438765734789e-05,0.0,1.0,-0.012932781130075455,1,-3.651345537036832e-07,-2.9592083592433482e-05,-7.629394076502649e-06,0.0002480214373912427,0.0030024112780467358,2.796215772628784,-0.0029592840000987053,7.690559141337872e-05,9.809765815734863,-1.9400817109271884e-05,-0.00034486944787204266,5.43973364131034e-08,3.1619081497192383,334.8831787109375,27.7260799407959,16,-1,43.10891069211234,5.0,0.0,45.0,8,1,cruzeiro,0.445,0.0,0.0,40.0
152862,11.25,334.9602355957031,27.726139068603516,-0.003793582785874605,91.16387939453125,-0.0017075472278520465,-0.00012207029067212716,3.0587409900560485e-05,0.0,1.0,-0.012935766950249672,1,6.730996915393916e-07,2.1939631551504135e-05,-2.2888182229507947e-06,0.00024366036724536848,0.0030058938860549342,2.79620623588562,0.0009571398259140551,-4.490022547543049e-06,9.809844017028809,-1.8727296264842153e-05,-0.00033307375269941986,5.400659119914053e-08,3.1619081497192383,334.8831787109375,27.726091384887695,16,-1,43.108922136204136,5.0,0.0,45.0,8,1,cruzeiro,0.445,0.0,0.0,40.0
152863,11.3,334.9602355957031,27.72614860534668,-0.003802127670496702,91.16387939453125,-0.0007923019002191722,-6.103509440436028e-05,2.750224141762663e-05,0.0,1.0,-0.012914823368191719,1,3.144918991893064e-08,6.173013389343396e-05,8.01086389401462e-06,0.00024246055115881347,0.003030230139828006,2.7961976528167725,-0.00013585966371465474,1.0450741683598608e-05,9.810469627380371,-1.7510668840259314e-05,-0.00029957288643345237,4.954299015480501e-08,3.1619081497192383,334.8831787109375,27.726099014282227,16,-1,43.1089316729473,5.0,0.0,45.0,8,1,cruzeiro,0.445,0.0,0.0,40.0
152864,11.350000000000001,334.9602355957031,27.726158142089844,-0.0038095281925052404,91.16387939453125,-3.415094397496432e-05,0.0,2.3051908115534502e-05,0.0,1.0,-0.01292080245912075,1,9.818156740948325e-07,8.898499800125137e-05,-2.2888182229507947e-06,0.00024097702810107455,0.0030069884570168024,2.7961905002593994,0.0024942588061094284,-5.0780363380908966e-05,9.810391426086426,-1.4844888937659562e-05,-0.0002512194332666695,4.24668584741994e-08,3.1619081497192383,334.8831787109375,27.726110458374023,16,-1,43.108941209690464,5.0,0.0,45.0,8,1,cruzeiro,0.445,0.0,0.0,40.0
152865,11.4,334.9602355957031,27.72616195678711,-0.003812122158706188,91.16387939453125,0.00025954717420972884,5.82724987907568e-06,3.633032499559136e-07,0.0,1.0,-0.012941746041178703,1,3.244699655624572e-06,0.00045537593541666865,-8.01086389401462e-06,0.00025078106750516465,0.0029974594077231695,2.79618763923645,0.006293156649917364,-0.0001279488205909729,9.811875343322754,-1.21254970508744e-07,-3.1472941373067442e-06,8.54764536928343e-10,3.1619081497192383,334.8831787109375,27.72611427307129,16,-1,43.10894502438773,5.0,0.0,45.0,8,1,cruzeiro,0.445,0.0,0.0,40.0
152866,11.450000000000001,334.9602355957031,27.72616195678711,-0.003812122158706188,91.16387939453125,0.00025954717420972884,5.82724987907568e-06,4.601196588866785e-07,0.0,1.0,-0.012935766950249672,1,-6.572843744834245e-07,1.3496460269379895e-05,-1.9073496559940395e-07,0.00025903291816394496,0.0030188197211629695,2.79618763923645,0.005043411627411842,-0.00010255817323923111,9.811094284057617,-1.5898740457487293e-07,4.2124352148675825e-06,-2.52399406930337e-10,3.1619081497192383,334.8831787109375,27.72611427307129,16,-1,43.10894502438773,5.0,0.0,45.0,8,1,cruzeiro,0.445,0.0,0.0,40.0
152867,11.5,334.9602355957031,27.72616195678711,-0.003812122158706188,91.16387939453125,0.00025954717420972884,5.82724987907568e-06,9.250949709571386e-07,0.0,1.0,-0.012935766950249672,1,3.9073543689482904e-07,1.0117078090843279e-05,3.814699311988079e-07,0.00023407646540181897,0.0029979202550550208,2.79618763923645,4.443883153726347e-05,-9.97721144813113e-07,9.8100004196167,2.1243340597720817e-07,9.726035386847798e-06,-1.2090278778131847e-09,3.1619081497192383,334.8831787109375,27.72611427307129,16,-1,43.10894502438773,5.0,0.0,45.0,8,1,cruzeiro,0.445,0.0,0.0,40.0
152868,11.55,334.9602355957031,27.72616195678711,-0.003812122158706188,91.16387939453125,0.00025954717420972884,5.82724987907568e-06,1.2517150636158731e-06,0.0,1.0,-0.012935766950249672,1,1.9731784561827226e-07,7.033650945231784e-06,3.2424923119833693e-06,0.00024375415250506787,0.0030169095048933623,2.79618763923645,4.443883153726347e-05,-9.97721144813113e-07,9.8100004196167,3.2166735763894394e-07,1.3569080692832358e-05,-1.9225208092166213e-09,3.1619081497192383,334.8831787109375,27.72611427307129,16,-1,43.10894502438773,5.0,0.0,45.0,8,1,cruzeiro,0.445,0.0,0.0,40.0
152869,11.600000000000001,334.9602355957031,27.72616195678711,-0.003812122158706188,91.16387939453125,0.00025954717420972884,5.82724987907568e-06,1.4450704388361575e-06,0.0,1.0,-0.012935766950249672,1,-4.090171046300384e-07,3.6393498703546356e-06,-2.6702878130890895e-06,0.00025569480294325924,0.003005966562412311,2.79618763923645,4.443883153726347e-05,-9.97721144813113e-07,9.8100004196167,2.493834472261369e-07,1.5571691619697958e-05,-2.360265982659371e-09,3.1619081497192383,334.8831787109375,27.72611427307129,16,-1,43.10894502438773,5.0,0.0,45.0,8,1,cruzeiro,0.445,0.0,0.0,40.0
152870,11.65,334.9602355957031,27.72616195678711,-0.0038107489235699177,91.16387939453125,0.00010928302071988583,3.2559173632762395e-06,1.5239067366896714e-06,0.0,1.0,-0.012935766950249672,1,3.5334046799562202e-09,9.553150448482484e-07,-3.4332276754867053e-06,0.00025888263361076384,0.0030293120194784815,2.796189308166504,0.0037679383531212807,-7.672817446291447e-05,9.810625076293945,3.624445525929332e-07,1.6100881111924537e-05,-2.5050945762217225e-09,3.1619081497192383,334.8831787109375,27.72611427307129,16,-1,43.10894502438773,5.0,0.0,45.0,8,1,cruzeiro,0.445,0.0,0.0,40.0
152871,11.700000000000001,334.9602355957031,27.726158142089844,-0.003810291178524494,91.16387939453125,0.00010928302071988583,3.2559173632762395e-06,1.41903295098697e-06,0.0,1.0,-0.012935766950249672,1,-1.4217185650977626e-07,-1.4572901818610262e-06,3.623962356869015e-06,0.00022043854645538262,0.003018578152094221,2.796189546585083,-0.004980257712304592,0.00010100333020091057,9.809531211853027,1.4805482351221144e-07,1.5326753782574087e-05,-2.4780910656829747e-09,3.1619081497192383,334.8831787109375,27.726110458374023,16,-1,43.108948839084995,5.0,0.0,45.0,8,1,cruzeiro,0.445,0.0,0.0,40.0
152872,11.75,334.9602355957031,27.726158142089844,-0.003810291178524494,91.16387939453125,0.00010928302071988583,3.2559173632762395e-06,1.3212740463601917e-06,0.0,1.0,-0.012935766950249672,1,1.6710532690922264e-07,-3.08904191115289e-06,-4.76837158203125e-06,0.00026359256484077663,0.003014347515616634,2.796189546585083,0.0012684528483077884,-2.5947578251361847e-05,9.809844017028809,3.1250237952917814e-07,1.365328898828011e-05,-2.2716992731375285e-09,3.1619081497192383,334.8831787109375,27.726110458374023,16,-1,43.108948839084995,5.0,0.0,45.0,8,1,cruzeiro,0.445,0.0,0.0,40.0
152873,11.8,334.9602355957031,27.726158142089844,-0.003810291178524494,91.16387939453125,0.00010928302071988583,3.2559173632762395e-06,0.0,0.0,1.0,-0.012935766950249672,1,2.539635772791371e-07,-2.5056142476387322e-05,8.39233416627394e-06,0.00025060787087362145,0.0029950254125453166,2.796189546585083,1.871108906925656e-05,-5.57468410988804e-07,9.8100004196167,0.0,0.0,0.0,3.1619081497192383,334.8831787109375,27.726110458374023,16,-1,43.108948839084995,5.0,0.0,45.0,8,1,cruzeiro,0.445,0.0,0.0,40.0
152874,11.850000000000001,334.9602355957031,27.726158142089844,-0.003810291178524494,91.16387939453125,0.00010928302071988583,3.2559173632762395e-06,2.1136068405155426e-07,0.0,1.0,-0.012935766950249672,1,-1.4339051057632446e-09,5.113865881867241e-07,-4.19616708313697e-06,0.0002654506397791312,0.003009218997888808,2.796189546585083,1.871108906925656e-05,-5.57468410988804e-07,9.8100004196167,1.2239325997143169e-08,2.7805580771200766e-07,-4.295863317849147e-11,3.1619081497192383,334.8831787109375,27.726110458374023,16,-1,43.108948839084995,5.0,0.0,45.0,8,1,cruzeiro,0.445,0.0,0.0,40.0
152875,11.9,334.9602355957031,27.726158142089844,-0.003810291178524494,91.16387939453125,0.00010928302071988583,3.2559173632762395e-06,3.3449120810203366e-07,0.0,1.0,-0.012935766950249672,1,1.8710335325522465e-07,-1.1891323481449945e-07,-2.47955313170678e-06,0.0002566886892397935,0.0030128250226227346,2.796189546585083,1.871108906925656e-05,-5.57468410988804e-07,9.8100004196167,1.0928596338999341e-07,2.146537667613302e-07,-5.0113316274469355e-11,3.1619081497192383,334.8831787109375,27.726110458374023,16,-1,43.108948839084995,5.0,0.0,45.0,8,1,cruzeiro,0.445,0.0,0.0,40.0
152876,11.950000000000001,334.9602355957031,27.726158142089844,-0.003810291178524494,91.16387939453125,0.00010928302071988583,3.2559173632762395e-06,4.960390373322608e-07,0.0,1.0,-0.012935766950249672,1,-1.7625458781367342e-07,-1.6694670534889156e-07,-3.2424923119833693e-06,0.00025150541049491325,0.003009927781064959,2.796189546585083,1.871108906925656e-05,-5.57468410988804e-07,9.8100004196167,2.0016670987388352e-08,1.2279744510124146e-07,-2.1040412467865366e-11,3.1619081497192383,334.8831787109375,27.726110458374023,16,-1,43.108948839084995,5.0,0.0,45.0,8,1,cruzeiro,0.445,0.0,0.0,40.0
152877,12.0,334.9602355957031,27.726158142089844,-0.003810291178524494,91.16387939453125,0.00010928302071988583,3.2559173632762395e-06,5.341274649626092e-07,0.0,1.0,-0.012935766950249672,1,2.1303314667875384e-09,-5.316108442343648e-08,-7.629398623976158e-07,0.0002483485572840738,0.003010111058856125,2.796189546585083,1.871108906925656e-05,-5.57468410988804e-07,9.8100004196167,2.1612585499042325e-08,9.385601629219309e-08,-1.6570932126480642e-11,3.1619081497192383,334.8831787109375,27.726110458374023,16,-1,43.108948839084995,5.0,0.0,45.0,8,1,cruzeiro,0.445,0.0,0.0,40.0
152878,12.05,334.9602355957031,27.726158142089844,-0.003810291178524494,91.16387939453125,0.00010928302071988583,3.2559173632762395e-06,5.913020769414417e-07,0.0,1.0,-0.012935766950249672,1,1.5166878863936972e-09,-6.662826734782357e-08,-1.144409225162235e-06,0.00025877805641151384,0.0030067995104020038,2.796189546585083,1.871108906925656e-05,-5.57468410988804e-07,9.8100004196167,2.2935491728048873e-08,5.776756140107864e-08,-1.2016845851725577e-11,3.1619081497192383,334.8831787109375,27.726110458374023,16,-1,43.108948839084995,5.0,0.0,45.0,8,1,cruzeiro,0.445,0.0,0.0,40.0
152879,12.100000000000001,334.9602355957031,27.726158142089844,-0.003810291178524494,91.16387939453125,0.00010928302071988583,3.2559173632762395e-06,6.77109826351182e-07,0.0,1.0,-0.012935766950249672,1,2.2132862209645054e-09,-8.69525607072319e-08,-1.716613269309164e-06,0.00024683457858166834,0.0030045672634316243,2.796189546585083,1.871108906925656e-05,-5.57468410988804e-07,9.8100004196167,2.438176593955177e-08,1.0444962228461918e-08,-4.657794983042862e-12,3.1619081497192383,334.8831787109375,27.726110458374023,16,-1,43.108948839084995,5.0,0.0,45.0,8,1,cruzeiro,0.445,0.0,0.0,40.0
152880,12.15,334.9602355957031,27.726158142089844,-0.003810291178524494,91.16387939453125,0.00010928302071988583,3.2559173632762395e-06,7.629475219578669e-07,0.0,1.0,-0.012935766950249672,1,2.2112578434985153e-09,-8.695238307154796e-08,-1.716613269309164e-06,0.00023958062596442063,0.0030144192661084044,2.796189546585083,1.871108906925656e-05,-5.57468410988804e-07,9.8100004196167,2.582805436190938e-08,-3.6877629838727444e-08,2.7131508845146257e-12,3.1619081497192383,334.8831787109375,27.726110458374023,16,-1,43.108948839084995,5.0,0.0,45.0,8,1,cruzeiro,0.445,0.0,0.0,40.0
152881,12.200000000000001,334.9602355957031,27.726158142089844,-0.003810291178524494,91.16387939453125,0.00010928302071988583,3.2559173632762395e-06,8.39262478619922e-07,0.0,1.0,-0.012935766950249672,1,6.667744134603026e-10,-7.038882188226125e-08,-1.5258797247952316e-06,0.0002356890100033826,0.0030144715234002315,2.796189546585083,1.871108906925656e-05,-5.57468410988804e-07,9.8100004196167,2.497748141649936e-08,-7.533978418905463e-08,9.792270293240701e-12,3.1619081497192383,334.8831787109375,27.726110458374023,16,-1,43.108948839084995,5.0,0.0,45.0,8,1,cruzeiro,0.445,0.0,0.0,40.0
152882,12.25,334.9602355957031,27.726158142089844,-0.003810291178524494,91.16387939453125,0.00010928302071988583,3.2559173632762395e-06,1.914240694923487e-08,0.0,1.0,-0.012935766950249672,1,-1.837641327995243e-08,1.0609879552703205e-07,1.640319896978326e-05,0.00024568806137516107,0.0029984367516391894,2.796189546585083,1.871108906925656e-05,-5.57468410988804e-07,9.8100004196167,3.37545102979675e-10,-1.7361697857154468e-08,8.732570330911849e-13,3.1619081497192383,334.8831787109375,27.726110458374023,16,-1,43.108948839084995,5.0,0.0,45.0,8,1,cruzeiro,0.445,0.0,0.0,40.0
152883,12.3,334.9602355957031,27.726158142089844,-0.003810291178524494,91.16387939453125,0.00010928302071988583,3.2559173632762395e-06,5.738044360934597e-08,0.0,1.0,-0.012935766950249672,1,1.8445228677776981e-09,-5.31646335844016e-08,-7.629394076502649e-07,0.00025085659686986504,0.003010204590697064,2.796189546585083,1.871108906925656e-05,-5.57468410988804e-07,9.8100004196167,1.9344774671026244e-09,-4.63031426534144e-08,5.375303934601616e-12,3.1619081497192383,334.8831787109375,27.726110458374023,16,-1,43.108948839084995,5.0,0.0,45.0,8,1,cruzeiro,0.445,0.0,0.0,40.0
152884,12.350000000000001,334.9602355957031,27.726158142089844,-0.003810291178524494,91.16387939453125,0.00010928302071988583,3.2559173632762395e-06,9.561971809173145e-08,0.0,1.0,-0.012935766950249672,1,1.8421341119179147e-09,-5.316465490068367e-08,-7.62939350806846e-07,0.0002384932750262425,0.003013631953379615,2.796189546585083,1.871108906925656e-05,-5.57468410988804e-07,9.8100004196167,3.5314187130097707e-09,-7.524457856789013e-08,9.879842603754962e-12,3.1619081497192383,334.8831787109375,27.726110458374023,16,-1,43.108948839084995,5.0,0.0,45.0,8,1,cruzeiro,0.445,0.0,0.0,40.0
152885,12.4,334.9602355957031,27.726158142089844,-0.003810291178524494,91.16387939453125,0.00010928302071988583,3.2559173632762395e-06,1.3385918059998808e-07,0.0,1.0,-0.012935766950249672,1,1.8421322245387728e-09,-5.316462647897424e-08,-7.629395781805215e-07,0.00025162857767803247,0.003004076923005584,2.796189546585083,1.871108906925656e-05,-5.57468410988804e-07,9.8100004196167,5.128363511630596e-09,-1.0418601448236586e-07,1.4384245530796314e-11,3.1619081497192383,334.8831787109375,27.726110458374023,16,-1,43.108948839084995,5.0,0.0,45.0,8,1,cruzeiro,0.445,0.0,0.0,40.0
152886,12.450000000000001,334.9602355957031,27.726158142089844,-0.003810291178524494,91.16387939453125,0.00010928302071988583,3.2559173632762395e-06,9.538286503089984e-08,0.0,1.0,-0.012935766950249672,1,4.609362669327766e-09,2.2481034989141335e-07,4.5776364459015895e-06,0.0002600130474436202,0.002998437475596972,2.796189546585083,1.871108906925656e-05,-5.57468410988804e-07,9.8100004196167,6.194769142098266e-10,1.1221059637023245e-08,3.376591367620918e-11,3.1619081497192383,334.8831787109375,27.726110458374023,16,-1,43.108948839084995,5.0,0.0,45.0,8,1,cruzeiro,0.445,0.0,0.0,40.0
152887,12.5,334.9602355957031,27.726158142089844,-0.003810291178524494,91.16387939453125,0.00010928302071988583,3.2559173632762395e-06,1.0491554888917785e-07,0.0,1.0,-0.012935766950249672,1,-1.3043505830978575e-08,-2.120128517191233e-09,1.9073496559940395e-07,0.0002787237963618583,0.003016161053963685,2.796189546585083,1.871108906925656e-05,-5.57468410988804e-07,9.8100004196167,-7.798490742061404e-10,1.668319171699295e-08,-2.2362227087430187e-12,3.1619081497192383,334.8831787109375,27.726110458374023,16,-1,43.108948839084995,5.0,0.0,45.0,8,1,cruzeiro,0.445,0.0,0.0,40.0
152888,12.55,334.9602355957031,27.726158142089844,-0.003810291178524494,91.16387939453125,0.00010928302071988583,3.2559173632762395e-06,1.0491903648257733e-07,0.0,1.0,-0.012935766950249672,1,-7.171332971900313e-10,4.36961800076574e-09,0.0,0.00026095970500840225,0.0030163627789790435,2.796189546585083,1.871108906925656e-05,-5.57468410988804e-07,9.8100004196167,-1.7278924957508934e-09,1.9070231616069577e-08,-2.5680241353548405e-12,3.1619081497192383,334.8831787109375,27.726110458374023,16,-1,43.108948839084995,5.0,0.0,45.0,8,1,cruzeiro,0.445,0.0,0.0,40.0
152889,12.600000000000001,334.9602355957031,27.726158142089844,-0.003810291178524494,91.16387939453125,0.00010928302071988583,3.2559173632762395e-06,1.0492326688180471e-07,0.0,1.0,-0.012935766950249672,1,-8.89195661546438e-10,4.64154492618718e-09,0.0,0.0002531486307250208,0.0030089143910601588,2.796189546585083,1.871108906925656e-05,-5.57468410988804e-07,9.8100004196167,-2.6753461668249656e-09,2.1457058352325475e-08,1.5924148935239635e-13,3.1619081497192383,334.8831787109375,27.726110458374023,16,-1,43.108948839084995,5.0,0.0,45.0,8,1,cruzeiro,0.445,0.0,0.0,40.0
152890,12.65,334.9602355957031,27.726158142089844,-0.003810291178524494,91.16387939453125,0.00010928302071988583,3.2559173632762395e-06,9.539180277796613e-09,0.0,1.0,-0.012935766950249672,1,1.2717787933880231e-09,-3.7179859191383e-08,-1.9073486328125e-06,0.00022402306334491471,0.0030093186631603994,2.796189546585083,1.871108906925656e-05,-5.57468410988804e-07,9.8100004196167,-1.81515058539361e-09,1.3696012102215605e-09,1.2730864539650666e-13,3.1619081497192383,334.8831787109375,27.726110458374023,16,-1,43.108948839084995,5.0,0.0,45.0,8,1,cruzeiro,0.445,0.0,0.0,40.0
152891,12.700000000000001,334.9602355957031,27.726158142089844,-0.003810291178524494,91.16387939453125,0.00010928302071988583,3.2559173632762395e-06,1.9085207438340978e-08,0.0,1.0,-0.012935766950249672,1,-1.1161876978249552e-09,9.997549454965338e-09,1.9073485191256623e-07,0.00023821324524554542,0.002998898369313053,2.796189546585083,1.871108906925656e-05,-5.57468410988804e-07,9.8100004196167,-3.258058267618935e-09,6.822466591671628e-09,-6.872637224944467e-13,3.1619081497192383,334.8831787109375,27.726110458374023,16,-1,43.108948839084995,5.0,0.0,45.0,8,1,cruzeiro,0.445,0.0,0.0,40.0
152892,12.75,334.9602355957031,27.726158142089844,-0.003810291178524494,91.16387939453125,0.00010928302071988583,3.2559173632762395e-06,2.8633885978555244e-08,0.0,1.0,-0.012935766950249672,1,-1.1321571458111634e-09,9.99514426780479e-09,1.9073485191256623e-07,0.00023698290718833335,0.002994921338157098,2.796189546585083,1.871108906925656e-05,-5.57468410988804e-07,9.8100004196167,-4.700909883581517e-09,1.227533719116991e-08,-1.5304795191600773e-12,3.1619081497192383,334.8831787109375,27.726110458374023,16,-1,43.108948839084995,5.0,0.0,45.0,8,1,cruzeiro,0.445,0.0,0.0,40.0
152893,12.8,334.9602355957031,27.726158142089844,-0.003810291178524494,91.16387939453125,0.00010928302071988583,3.2559173632762395e-06,3.84309066998285e-08,0.0,1.0,-0.012935766950249672,1,-8.333412893080094e-08,5.152620552451026e-09,1.9073485191256623e-07,0.00025507419153448894,0.003013492277958164,2.796189546585083,1.871108906925656e-05,-5.57468410988804e-07,9.8100004196167,-2.807628796119843e-09,1.2603851295978075e-08,1.2379441222121201e-11,3.1619081497192383,334.8831787109375,27.726110458374023,16,-1,43.108948839084995,5.0,0.0,45.0,8,1,cruzeiro,0.445,0.0,0.0,40.0
152894,12.850000000000001,334.9602355957031,27.726158142089844,-0.003810291178524494,91.16387939453125,0.00010928302071988583,3.2559173632762395e-06,4.7713469741907773e-08,0.0,1.0,-0.012935766950249672,1,8.328321854378373e-08,5.485358833823284e-09,1.907348234908568e-07,0.0002475937142551021,0.0029955803252761934,2.796189546585083,1.871108906925656e-05,-5.57468410988804e-07,9.8100004196167,-4.552372701027707e-09,1.8061577122807648e-08,-2.4319663036870276e-12,3.1619081497192383,334.8831787109375,27.726110458374023,16,-1,43.108948839084995,5.0,0.0,45.0,8,1,cruzeiro,0.445,0.0,0.0,40.0
152895,12.9,334.9602355957031,27.726158142089844,-0.003810291178524494,91.16387939453125,0.00010928302071988583,3.2559173632762395e-06,5.7246309970397735e-08,0.0,1.0,-0.012935766950249672,1,-5.161443494827722e-10,6.264677665512863e-10,1.9073489454513037e-07,0.00024303160038264936,0.0030227740567881365,2.796189546585083,1.871108906925656e-05,-5.57468410988804e-07,9.8100004196167,-2.9552520430797813e-09,1.839493002364634e-08,-2.122057954703771e-12,3.1619081497192383,334.8831787109375,27.726110458374023,16,-1,43.108948839084995,5.0,0.0,45.0,8,1,cruzeiro,0.445,0.0,0.0,40.0
152896,12.950000000000001,334.9602355957031,27.726158142089844,-0.003810291178524494,91.16387939453125,0.00010928302071988583,3.2559173632762395e-06,5.725348017398725e-08,0.0,1.0,-0.012935766950249672,1,7.131822910011465e-10,4.658151642189523e-09,0.0,0.00024177707204010688,0.003006261481985518,2.796189546585083,1.871108906925656e-05,-5.57468410988804e-07,9.8100004196167,-3.908441570388277e-09,2.0781763865329594e-08,2.7045751163808085e-13,3.1619081497192383,334.8831787109375,27.726110458374023,16,-1,43.108948839084995,5.0,0.0,45.0,8,1,cruzeiro,0.445,0.0,0.0,40.0
152897,13.0,334.9602355957031,27.726158142089844,-0.003810291178524494,91.16387939453125,0.00010928302071988583,3.2559173632762395e-06,6.680250686654838e-08,0.0,1.0,-0.012935766950249672,1,-1.2670304805340038e-08,7.207234808959129e-09,1.9073489454513037e-07,0.00024053223027088565,0.0030130528030696832,2.796189546585083,1.871108906925656e-05,-5.57468410988804e-07,9.8100004196167,-2.7006468172885434e-09,2.4861510183882274e-08,-1.197537186602149e-12,3.1619081497192383,334.8831787109375,27.726110458374023,16,-1,43.108948839084995,5.0,0.0,45.0,8,1,cruzeiro,0.445,0.0,0.0,40.0
152898,13.05,334.9602355957031,27.726158142089844,-0.003810291178524494,91.16387939453125,0.00010928302071988583,3.2559173632762395e-06,7.763404894606187e-08,0.0,1.0,-0.012935766950249672,1,2.943700678770256e-07,-1.2482323086260294e-07,-2.86102294921875e-06,0.00024367968584350195,0.0030268217029317266,2.796189546585083,1.871108906925656e-05,-5.57468410988804e-07,9.8100004196167,8.977737309123768e-08,-4.567437628111293e-08,1.0252036199143166e-11,3.1619081497192383,334.8831787109375,27.726110458374023,16,-1,43.108948839084995,5.0,0.0,45.0,8,1,cruzeiro,0.445,0.0,0.0,40.0
152899,13.100000000000001,334.9602355957031,27.726158142089844,-0.003810291178524494,91.16387939453125,0.00010928302071988583,3.2559173632762395e-06,9.547017853263328e-09,0.0,1.0,-0.012935766950249672,1,-2.7946424552283133e-07,8.733721301723563e-08,1.716613724056515e-06,0.0002493488715403902,0.0030129273994390924,2.796189546585083,1.871108906925656e-05,-5.57468410988804e-07,9.8100004196167,-1.5301484523888575e-09,4.431972566720788e-09,-3.229151158707505e-13,3.1619081497192383,334.8831787109375,27.726110458374023,16,-1,43.108948839084995,5.0,0.0,45.0,8,1,cruzeiro,0.445,0.0,0.0,40.0
152900,13.15,334.9602355957031,27.726158142089844,-0.003810291178524494,91.16387939453125,0.00010928302071988583,3.2559173632762395e-06,1.909648876429802e-08,0.0,1.0,-0.012935766950249672,1,-1.1322287551962518e-09,9.995138938734272e-09,1.9073485191256623e-07,0.00023042715751010577,0.003022444376782175,2.796189546585083,1.871108906925656e-05,-5.57468410988804e-07,9.8100004196167,-2.972999624262229e-09,9.884841389862231e-09,-1.1660686522266261e-12,3.1619081497192383,334.8831787109375,27.726110458374023,16,-1,43.108948839084995,5.0,0.0,45.0,8,1,cruzeiro,0.445,0.0,0.0,40.0
152901,13.200000000000001,334.9602355957031,27.726158142089844,-0.003810291178524494,91.16387939453125,0.00010928302071988583,3.2559173632762395e-06,1.9709865056496815e-08,0.0,1.0,-0.012935766950249672,1,-9.299709802235157e-08,1.1394452048563153e-09,0.0,0.00025828077563140427,0.003004287268666473,2.796189546585083,1.871108906925656e-05,-5.57468410988804e-07,9.8100004196167,1.500774615692535e-09,8.159718234423963e-09,1.2140411939642881e-11,3.1619081497192383,334.8831787109375,27.726110458374023,16,-1,43.108948839084995,5.0,0.0,45.0,8,1,cruzeiro,0.445,0.0,0.0,40.0
152902,13.25,334.9602355957031,27.726158142089844,-0.003810291178524494,91.16387939453125,0.00010928302071988583,3.2559173632762395e-06,2.8638091304140405e-08,0.0,1.0,-0.012935766950249672,1,9.474423023903e-08,5.771936262277677e-09,1.9073485191256623e-07,0.0002529420155840245,0.0030031192059852283,2.796189546585083,1.871108906925656e-05,-5.57468410988804e-07,9.8100004196167,-2.850253366659672e-10,1.361740231686781e-08,-1.75939547219367e-12,3.1619081497192383,334.8831787109375,27.726110458374023,16,-1,43.108948839084995,5.0,0.0,45.0,8,1,cruzeiro,0.445,0.0,0.0,40.0
152903,13.3,334.9602355957031,27.726158142089844,-0.003810291178524494,91.16387939453125,0.00010928302071988583,3.2559173632762395e-06,1.0597013742608581e-07,0.0,1.0,-0.012935766950249672,1,2.8750412184308516e-07,-1.1896826634938407e-07,-2.670288040462765e-06,0.00023823781433541911,0.0030066547986536416,2.796189546585083,1.871108906925656e-05,-5.57468410988804e-07,9.8100004196167,9.719363447402429e-08,-5.387715162896711e-08,1.2051869918705549e-11,3.1619081497192383,334.8831787109375,27.726110458374023,16,-1,43.108948839084995,5.0,0.0,45.0,8,1,cruzeiro,0.445,0.0,0.0,40.0
152904,13.350000000000001,334.9602355957031,27.726158142089844,-0.003810291178524494,91.16387939453125,0.00010928302071988583,3.2559173632762395e-06,3.818613968298189e-08,0.0,1.0,-0.012935766950249672,1,-2.870663706744381e-07,1.2836237317515042e-07,2.86102294921875e-06,0.00025906297017875944,0.0030045765557389923,2.796189546585083,1.871108906925656e-05,-5.57468410988804e-07,9.8100004196167,5.801172875408156e-10,1.8719648053888704e-08,-2.5515052310548514e-12,3.1619081497192383,334.8831787109375,27.726110458374023,16,-1,43.108948839084995,5.0,0.0,45.0,8,1,cruzeiro,0.445,0.0,0.0,40.0
152905,13.4,334.9602355957031,27.726158142089844,-0.003810291178524494,91.16387939453125,0.00010928302071988583,3.2559173632762395e-06,3.8491593058718485e-08,0.0,1.0,-0.012935766950249672,1,-9.502787179371808e-08,-1.3975953727651813e-09,0.0,0.00023796337612814854,0.0030109860106933293,2.796189546585083,1.871108906925656e-05,-5.57468410988804e-07,9.8100004196167,2.5889672627954496e-09,1.5643841777546186e-08,1.0959139845612142e-11,3.1619081497192383,334.8831787109375,27.726110458374023,16,-1,43.108948839084995,5.0,0.0,45.0,8,1,cruzeiro,0.445,0.0,0.0,40.0
152906,13.450000000000001,334.9602355957031,27.726158142089844,-0.003810291178524494,91.16387939453125,0.00010928302071988583,3.2559173632762395e-06,4.772346523340921e-08,0.0,1.0,-0.012935766950249672,1,9.51447418628959e-08,5.780040890357441e-09,1.907348234908568e-07,0.0002778445041601418,0.003018982711708474,2.796189546585083,1.871108906925656e-05,-5.57468410988804e-07,9.8100004196167,8.017355668243908e-10,2.1101529412703712e-08,-2.931421381677235e-12,3.1619081497192383,334.8831787109375,27.726110458374023,16,-1,43.108948839084995,5.0,0.0,45.0,8,1,cruzeiro,0.445,0.0,0.0,40.0
152907,13.5,334.9602355957031,27.726158142089844,-0.003810291178524494,91.16387939453125,0.00010928302071988583,3.2559173632762395e-06,9.540862229257302e-09,0.0,1.0,-0.012935766950249672,1,-1.2498710955100023e-09,-3.443921769985536e-08,-7.629394076502649e-07,0.00024042080443699264,0.0030070080243405637,2.796189546585083,1.871108906925656e-05,-5.57468410988804e-07,9.8100004196167,-1.7201804425326372e-09,2.39039033012034e-09,-6.517005427604701e-15,3.1619081497192383,334.8831787109375,27.726110458374023,16,-1,43.108948839084995,5.0,0.0,45.0,8,1,cruzeiro,0.445,0.0,0.0,40.0
152908,13.55,334.9602355957031,27.726158142089844,-0.003810291178524494,91.16387939453125,0.00010928302071988583,3.2559173632762395e-06,1.9088506493475814e-08,0.0,1.0,-0.012935766950249672,1,-1.1300516078449618e-09,9.995217986613625e-09,1.9073485191256623e-07,0.0002670055737669219,0.003010692892772283,2.796189546585083,1.871108906925656e-05,-5.57468410988804e-07,9.8100004196167,-3.1630387198333665e-09,7.84325671077113e-09,-8.46867931683648e-13,3.1619081497192383,334.8831787109375,27.726110458374023,16,-1,43.108948839084995,5.0,0.0,45.0,8,1,cruzeiro,0.445,0.0,0.0,40.0
152909,13.600000000000001,334.9602355957031,27.726158142089844,-0.003810291178524494,91.16387939453125,0.00010928302071988583,3.2559173632762395e-06,1.054643707689587e-07,0.0,1.0,-0.012935766950249672,1,-1.8196146811533254e-07,-1.2560396100980142e-07,-2.47955313170678e-06,0.00024590752358356725,0.0030170643040748355,2.796189546585083,1.871108906925656e-05,-5.57468410988804e-07,9.8100004196167,-1.0222316859653802e-07,-5.502612054897327e-08,-1.2676905532249538e-11,3.1619081497192383,334.8831787109375,27.726110458374023,16,-1,43.108948839084995,5.0,0.0,45.0,8,1,cruzeiro,0.445,0.0,0.0,40.0
152910,13.65,334.9602355957031,27.726158142089844,-0.003810291178524494,91.16387939453125,0.00010928302071988583,3.2559173632762395e-06,3.81683362473293e-08,0.0,1.0,-0.012935766950249672,1,1.816932382325831e-07,1.3623937888951332e-07,2.86102294921875e-06,0.000271191208446665,0.003029780036357067,2.796189546585083,1.871108906925656e-05,-5.57468410988804e-07,9.8100004196167,-3.013727933875998e-09,1.3629480655197312e-08,-1.690695868895864e-12,3.1619081497192383,334.8831787109375,27.726110458374023,16,-1,43.108948839084995,5.0,0.0,45.0,8,1,cruzeiro,0.445,0.0,0.0,40.0
152911,13.700000000000001,334.9602355957031,27.726158142089844,-0.003810291178524494,91.16387939453125,0.00010928302071988583,3.2559173632762395e-06,2.2917600189880375e-07,0.0,1.0,-0.012935766950249672,1,1.3999355008564862e-09,-2.572173514181486e-07,-5.34057608092553e-06,0.0002566647281471279,0.0030193478138045857,2.796189546585083,1.871108906925656e-05,-5.57468410988804e-07,9.8100004196167,-6.039101663191104e-09,-1.1944534605845547e-07,-2.003166382769095e-11,3.1619081497192383,334.8831787109375,27.726110458374023,16,-1,43.108948839084995,5.0,0.0,45.0,8,1,cruzeiro,0.445,0.0,0.0,40.0
152912,13.75,334.9602355957031,27.726158142089844,-0.003810291178524494,91.16387939453125,0.00010928302071988583,3.2559173632762395e-06,9.590239508496033e-08,0.0,1.0,-0.012935766950249672,1,1.8327327211409283e-07,1.3951866151273862e-07,2.670288040462765e-06,0.0002484394390537392,0.0030260329109098047,2.796189546585083,1.871108906925656e-05,-5.57468410988804e-07,9.8100004196167,9.097797004642416e-08,-4.9078149544357075e-08,-8.90424973337689e-12,3.1619081497192383,334.8831787109375,27.726110458374023,16,-1,43.108948839084995,5.0,0.0,45.0,8,1,cruzeiro,0.445,0.0,0.0,40.0
152913,13.8,334.9602355957031,27.726158142089844,-0.003810291178524494,91.16387939453125,0.00010928302071988583,3.2559173632762395e-06,4.773385582194998e-08,0.0,1.0,-0.012935766950249672,1,-1.8679060076465248e-07,1.3581311009147612e-07,2.8610227218450746e-06,0.0002389026986181608,0.0030140829349676887,2.796189546585083,1.871108906925656e-05,-5.57468410988804e-07,9.8100004196167,-5.995104856992839e-09,2.351442418557781e-08,-3.2663947501648805e-12,3.1619081497192383,334.8831787109375,27.726110458374023,16,-1,43.108948839084995,5.0,0.0,45.0,8,1,cruzeiro,0.445,0.0,0.0,40.0
152914,13.850000000000001,334.9602355957031,27.726158142089844,-0.003810291178524494,91.16387939453125,0.00010928302071988583,3.2559173632762395e-06,4.7729211386643324e-08,0.0,1.0,-0.012935766950249672,1,-2.1663326688070583e-09,-2.5285462612600895e-09,0.0,0.0002691334130192746,0.003014006616538779,2.796189546585083,1.871108906925656e-05,-5.57468410988804e-07,9.8100004196167,-6.895998438949391e-09,2.215683636563881e-08,-2.688702776046381e-12,3.1619081497192383,334.8831787109375,27.726110458374023,16,-1,43.108948839084995,5.0,0.0,45.0,8,1,cruzeiro,0.445,0.0,0.0,40.0
152915,13.9,334.9602355957031,27.726158142089844,-0.003810291178524494,91.16387939453125,0.00010928302071988583,3.2559173632762395e-06,0.0,0.0,1.0,-0.012935766950249672,1,9.092181230130336e-09,-4.066677661285212e-08,-9.536742595628311e-07,0.00024615709370458093,0.003012037671581481,2.796189546585083,1.871108906925656e-05,-5.57468410988804e-07,9.8100004196167,0.0,0.0,0.0,3.1619081497192383,334.8831787109375,27.726110458374023,16,-1,43.108948839084995,5.0,0.0,45.0,8,1,cruzeiro,0.445,0.0,0.0,40.0
152916,13.950000000000001,334.9602355957031,27.726158142089844,-0.003810291178524494,91.16387939453125,0.00010928302071988583,3.2559173632762395e-06,9.551480503274522e-09,0.0,1.0,-0.012935766950249672,1,-3.2907496727574426e-09,1.0084465706938772e-08,1.9073485191256623e-07,0.00023717367915899844,0.003007390684914014,2.796189546585083,1.871108906925656e-05,-5.57468410988804e-07,9.8100004196167,-1.435128904603289e-09,5.452763129909499e-09,-4.824950118262339e-13,3.1619081497192383,334.8831787109375,27.726110458374023,16,-1,43.108948839084995,5.0,0.0,45.0,8,1,cruzeiro,0.445,0.0,0.0,40.0
152917,14.0,334.9602355957031,27.726158142089844,-0.003810291178524494,91.16387939453125,0.00010928302071988583,3.2559173632762395e-06,1.9110740308047008e-08,0.0,1.0,-0.012935766950249672,1,-1.2849898922695502e-08,7.479466823667735e-09,1.9073485191256623e-07,0.00023732153298418156,0.0030178482289358608,2.796189546585083,1.871108906925656e-05,-5.57468410988804e-07,9.8100004196167,-2.2670931798529637e-10,9.53229584155224e-09,1.1806207053655093e-12,3.1619081497192383,334.8831787109375,27.726110458374023,16,-1,43.108948839084995,5.0,0.0,45.0,8,1,cruzeiro,0.445,0.0,0.0,40.0
152918,14.05,334.9602355957031,27.726158142089844,-0.003810291178524494,91.16387939453125,0.00010928302071988583,3.2559173632762395e-06,2.864409926209686e-08,0.0,1.0,-0.012935766950249672,1,1.2409469896113023e-08,1.0036236730570636e-08,1.9073485191256623e-07,0.00024204722971056357,0.0029961662072111603,2.796189546585083,1.871108906925656e-05,-5.57468410988804e-07,9.8100004196167,-1.7180443734332584e-09,1.4985349849894192e-08,-1.967073422551313e-12,3.1619081497192383,334.8831787109375,27.726110458374023,16,-1,43.108948839084995,5.0,0.0,45.0,8,1,cruzeiro,0.445,0.0,0.0,40.0
152919,14.100000000000001,334.9602355957031,27.726158142089844,-0.003810291178524494,91.16387939453125,0.00010928302071988583,3.2559173632762395e-06,1.1537907957589861e-07,0.0,1.0,-0.012935766950249672,1,2.8082905600967933e-07,-1.248643286544393e-07,-2.8610227218450746e-06,0.0002528236100604164,0.003009185936846904,2.796189546585083,1.871108906925656e-05,-5.57468410988804e-07,9.8100004196167,9.080844165509916e-08,-5.555071069807127e-08,1.1786048699502505e-11,3.1619081497192383,334.8831787109375,27.726110458374023,16,-1,43.108948839084995,5.0,0.0,45.0,8,1,cruzeiro,0.445,0.0,0.0,40.0
152920,14.15,334.9602355957031,27.726158142089844,-0.003810291178524494,91.16387939453125,0.00010928302071988583,3.2559173632762395e-06,2.8654945335003635e-08,0.0,1.0,-0.012935766950249672,1,-2.8373011673465953e-07,1.2857378806074848e-07,2.8610227218450746e-06,0.00025781414755122854,0.00301829171492335,2.796189546585083,1.871108906925656e-05,-5.57468410988804e-07,9.8100004196167,-5.817039294697679e-09,1.7045973521589985e-08,-2.259868073922755e-12,3.1619081497192383,334.8831787109375,27.726110458374023,16,-1,43.108948839084995,5.0,0.0,45.0,8,1,cruzeiro,0.445,0.0,0.0,40.0
152921,14.200000000000001,334.9602355957031,27.726158142089844,-0.003810291178524494,91.16387939453125,0.00010928302071988583,3.2559173632762395e-06,3.818203893407575e-08,0.0,1.0,-0.012935766950249672,1,-4.896760774641962e-10,6.267875107823784e-10,1.9073485191256623e-07,0.000255903551112836,0.002998654319142758,2.796189546585083,1.871108906925656e-05,-5.57468410988804e-07,9.8100004196167,-4.220014560019081e-09,1.7379328198785515e-08,-1.957656476161973e-12,3.1619081497192383,334.8831787109375,27.726110458374023,16,-1,43.108948839084995,5.0,0.0,45.0,8,1,cruzeiro,0.445,0.0,0.0,40.0
152922,14.25,334.9602355957031,27.726158142089844,-0.003810291178524494,91.16387939453125,0.00010928302071988583,3.2559173632762395e-06,3.821807304530314e-08,0.0,1.0,-0.012935766950249672,1,-2.5484787613549997e-09,1.365244362006024e-08,0.0,0.00023035400685124217,0.0030068496656242014,2.796189546585083,1.871108906925656e-05,-5.57468410988804e-07,9.8100004196167,-7.634550769353154e-09,1.840648167217296e-08,3.157633876593735e-11,3.1619081497192383,334.8831787109375,27.726110458374023,16,-1,43.108948839084995,5.0,0.0,45.0,8,1,cruzeiro,0.445,0.0,0.0,40.0
152923,14.3,334.9602355957031,27.726158142089844,-0.003810291178524494,91.16387939453125,0.00010928302071988583,3.2559173632762395e-06,4.7739610311748654e-08,0.0,1.0,-0.012935766950249672,1,-1.1069477778846704e-08,-4.316320634245585e-09,1.907348234908568e-07,0.0002637654779734777,0.0030114348805483923,2.796189546585083,1.871108906925656e-05,-5.57468410988804e-07,9.8100004196167,-6.431648102989129e-09,2.2495246554399273e-08,-8.103655550414923e-13,3.1619081497192383,334.8831787109375,27.726110458374023,16,-1,43.108948839084995,5.0,0.0,45.0,8,1,cruzeiro,0.445,0.0,0.0,40.0
152924,14.350000000000001,334.9602355957031,27.726158142089844,-0.003810291178524494,91.16387939453125,0.00010928302071988583,3.2559173632762395e-06,9.543477682266576e-09,0.0,1.0,-0.012935766950249672,1,1.737066313012292e-08,-3.494413647331385e-08,-7.629394076502649e-07,0.0002546562932709395,0.0030016824162686926,2.796189546585083,1.871108906925656e-05,-5.57468410988804e-07,9.8100004196167,-1.6251673340406114e-09,3.4111811153536564e-09,-1.6356616853053368e-13,3.1619081497192383,334.8831787109375,27.726110458374023,16,-1,43.108948839084995,5.0,0.0,45.0,8,1,cruzeiro,0.445,0.0,0.0,40.0
152925,14.4,334.9602355957031,27.726158142089844,-0.003810291178524494,91.16387939453125,0.00010928302071988583,3.2559173632762395e-06,1.9092267031863026e-08,0.0,1.0,-0.012935766950249672,1,-1.131964744160996e-09,9.99514426780479e-09,1.9073485191256623e-07,0.0002579152997329703,0.0030154227493569006,2.796189546585083,1.871108906925656e-05,-5.57468410988804e-07,9.8100004196167,-3.068018727958588e-09,8.8640499384951e-09,-1.0064751766389324e-12,3.1619081497192383,334.8831787109375,27.726110458374023,16,-1,43.108948839084995,5.0,0.0,45.0,8,1,cruzeiro,0.445,0.0,0.0,40.0
152926,14.450000000000001,334.9602355957031,27.726158142089844,-0.003810291178524494,91.16387939453125,0.00010928302071988583,3.2559173632762395e-06,1.9743347727322242e-08,0.0,1.0,-0.012935766950249672,1,-9.672679368577519e-08,-3.927319802699003e-09,0.0,0.00025290351212582494,0.0030205067501612457,2.796189546585083,1.871108906925656e-05,-5.57468410988804e-07,9.8100004196167,-3.525271630167026e-09,4.437571199389367e-09,1.2736830687365419e-11,3.1619081497192383,334.8831787109375,27.726110458374023,16,-1,43.108948839084995,5.0,0.0,45.0,8,1,cruzeiro,0.445,0.0,0.0,40.0
152927,14.5,334.9602355957031,27.726158142089844,-0.003810291178524494,91.16387939453125,0.00010928302071988583,3.2559173632762395e-06,2.8626271570364645e-08,0.0,1.0,-0.012935766950249672,1,9.515240151358739e-08,5.780116385523115e-09,1.9073485191256623e-07,0.00026589308166670265,0.0029994579713986122,2.796189546585083,1.871108906925656e-05,-5.57468410988804e-07,9.8100004196167,-5.312531747847515e-09,9.895253505476376e-09,-1.1549891902259968e-12,3.1619081497192383,334.8831787109375,27.726110458374023,16,-1,43.108948839084995,5.0,0.0,45.0,8,1,cruzeiro,0.445,0.0,0.0,40.0
152928,14.55,334.9602355957031,27.726158142089844,-0.003810291178524494,91.16387939453125,0.00010928302071988583,3.2559173632762395e-06,3.815724188933037e-08,0.0,1.0,-0.012935766950249672,1,2.039184598956467e-09,-9.377743026561802e-10,1.9073485191256623e-07,0.00023920244988197113,0.0030125348010444095,2.796189546585083,1.871108906925656e-05,-5.57468410988804e-07,9.8100004196167,-3.787985924930126e-09,9.54835055466674e-09,-2.2329607780868788e-12,3.1619081497192383,334.8831787109375,27.726110458374023,16,-1,43.108948839084995,5.0,0.0,45.0,8,1,cruzeiro,0.445,0.0,0.0,40.0
152929,14.600000000000001,334.9602355957031,27.726158142089844,-0.003810291178524494,91.16387939453125,0.00010928302071988583,3.2559173632762395e-06,3.8153282286834064e-08,0.0,1.0,-0.012935766950249672,1,-1.8744137353365886e-09,-4.682321197435613e-09,0.0,0.0002366367198535346,0.0030177464919490258,2.796189546585083,1.871108906925656e-05,-5.57468410988804e-07,9.8100004196167,-2.471512328128256e-09,6.819046660666572e-09,-2.893111911064089e-13,3.1619081497192383,334.8831787109375,27.726110458374023,16,-1,43.108948839084995,5.0,0.0,45.0,8,1,cruzeiro,0.445,0.0,0.0,40.0
152930,14.65,334.9602355957031,27.726158142089844,-0.003810291178524494,91.16387939453125,0.00010928302071988583,3.2559173632762395e-06,4.7697768114322905e-08,0.0,1.0,-0.012935766950249672,1,7.354522546521025e-10,1.0014886697717884e-08,1.907348234908568e-07,0.00023892238190249658,0.00301871966037487,2.796189546585083,1.871108906925656e-05,-5.57468410988804e-07,9.8100004196167,-3.9210483748775005e-09,1.2271929250573521e-08,-1.5336549304828528e-12,3.1619081497192383,334.8831787109375,27.726110458374023,16,-1,43.108948839084995,5.0,0.0,45.0,8,1,cruzeiro,0.445,0.0,0.0,40.0
152931,14.700000000000001,334.9602355957031,27.726158142089844,-0.003810291178524494,91.16387939453125,0.00010928302071988583,3.2559173632762395e-06,5.745441515060893e-08,0.0,1.0,-0.012935766950249672,1,-9.672669420979219e-08,-3.927316249985324e-09,1.9073489454513037e-07,0.00024863698749889694,0.0030101179758404437,2.796189546585083,1.871108906925656e-05,-5.57468410988804e-07,9.8100004196167,-4.37829772437226e-09,7.845459393251986e-09,1.2209545006969247e-11,3.1619081497192383,334.8831787109375,27.726110458374023,16,-1,43.108948839084995,5.0,0.0,45.0,8,1,cruzeiro,0.445,0.0,0.0,40.0
152932,14.75,334.9602355957031,27.726158142089844,-0.003810291178524494,91.16387939453125,0.00010928302071988583,3.2559173632762395e-06,9.539180278048522e-09,0.0,1.0,-0.012935766950249672,1,9.843891035643537e-08,-1.607388888658079e-08,-9.536742595628311e-07,0.0002279766640983627,0.003006937451189685,2.796189546585083,1.871108906925656e-05,-5.57468410988804e-07,9.8100004196167,-1.8151501413044002e-09,1.369601099199258e-09,1.2730596199612976e-13,3.1619081497192383,334.8831787109375,27.726110458374023,16,-1,43.108948839084995,5.0,0.0,45.0,8,1,cruzeiro,0.445,0.0,0.0,40.0
152933,14.8,334.9602355957031,27.726158142089844,-0.003810291178524494,91.16387939453125,0.00010928302071988583,3.2559173632762395e-06,1.908520743850747e-08,0.0,1.0,-0.012935766950249672,1,-1.1161876978249552e-09,9.997549454965338e-09,1.9073485191256623e-07,0.00025043818121751714,0.0030106670400159028,2.796189546585083,1.871108906925656e-05,-5.57468410988804e-07,9.8100004196167,-3.258058267618935e-09,6.822466591671628e-09,-6.872580304330411e-13,3.1619081497192383,334.8831787109375,27.726110458374023,16,-1,43.108948839084995,5.0,0.0,45.0,8,1,cruzeiro,0.445,0.0,0.0,40.0
152934,14.850000000000001,334.9602355957031,27.726158142089844,-0.003810291178524494,91.16387939453125,0.00010928302071988583,3.2559173632762395e-06,1.9090985371114615e-08,0.0,1.0,-0.012935766950249672,1,-2.6085846815959712e-09,2.111676389304762e-09,0.0,0.0002412629646985198,0.0030094357430954797,2.796189546585083,1.871108906925656e-05,-5.57468410988804e-07,9.8100004196167,-6.671539765079615e-09,7.8586248619672e-09,2.3022952901768923e-12,3.1619081497192383,334.8831787109375,27.726110458374023,16,-1,43.108948839084995,5.0,0.0,45.0,8,1,cruzeiro,0.445,0.0,0.0,40.0
152935,14.9,334.9602355957031,27.726158142089844,-0.003810291178524494,91.16387939453125,0.00010928302071988583,3.2559173632762395e-06,1.9099845060371955e-08,0.0,1.0,-0.012935766950249672,1,4.615726911794127e-09,5.217351883857191e-09,0.0,0.0002447852530510619,0.0029975021030424496,2.796189546585083,1.871108906925656e-05,-5.57468410988804e-07,9.8100004196167,-5.229891186786517e-09,1.0916206605315892e-08,-1.9054402153328986e-12,3.1619081497192383,334.8831787109375,27.726110458374023,16,-1,43.108948839084995,5.0,0.0,45.0,8,1,cruzeiro,0.445,0.0,0.0,40.0
152936,14.950000000000001,334.9602355957031,27.726158142089844,-0.003810291178524494,91.16387939453125,0.00010928302071988583,3.2559173632762395e-06,1.9083282861251692e-08,0.0,1.0,-0.012935766950249672,1,8.600954615189949e-09,-9.257804300943917e-09,0.0,0.0002464816041426576,0.0030085509906286343,2.796189546585083,1.871108906925656e-05,-5.57468410988804e-07,9.8100004196167,6.380955319684745e-09,5.7586748702931345e-09,-1.2544485849391718e-12,3.1619081497192383,334.8831787109375,27.726110458374023,16,-1,43.108948839084995,5.0,0.0,45.0,8,1,cruzeiro,0.445,0.0,0.0,40.0
152937,15.0,334.9602355957031,27.726158142089844,-0.003810291178524494,91.16387939453125,0.00010928302071988583,3.2559173632762395e-06,2.8615981126873604e-08,0.0,0.6000000238418579,0.0,1,3.436217976826583e-10,-1.0959111396147136e-09,1.9073485191256623e-07,0.0002538519957285945,0.0030182485575807614,2.796189546585083,1.871108906925656e-05,-5.57468410988804e-07,9.8100004196167,1.2570442464721054e-08,5.050360130098852e-09,1.0448364856684503e-13,3.1619081497192383,334.8831787109375,27.726110458374023,16,-1,43.108948839084995,5.0,0.0,45.0,8,1,frear,0.0,0.6,0.0,15.0
152938,15.05,334.9602355957031,27.726158142089844,-0.003810291178524494,91.16387939453125,0.00010928302071988583,3.2559173632762395e-06,3.816034462073748e-08,0.0,0.6000000238418579,0.0,1,-1.2617629163713673e-09,1.0003540218406215e-08,1.9073485191256623e-07,0.00024376084869594082,0.0030260442377568206,2.796189546585083,1.871108906925656e-05,-5.57468410988804e-07,9.8100004196167,1.1128056698339606e-08,1.0503220515545308e-08,1.1878764302492711e-13,3.1619081497192383,334.8831787109375,27.726110458374023,16,-1,43.108948839084995,5.0,0.0,45.0,8,1,frear,0.0,0.6,0.0,15.0
152939,15.100000000000001,334.9602355957031,27.726158142089844,-0.003810291178524494,91.16387939453125,0.00010928302071988583,3.2559173632762395e-06,3.853919890942908e-08,0.0,1.0,0.009732878766953945,1,1.0124524862931139e-07,7.282392466834153e-09,0.0,0.0002363471267360484,0.0029940812397200598,2.796189546585083,1.871108906925656e-05,-5.57468410988804e-07,9.8100004196167,7.997109641166844e-09,1.0170526643094036e-08,5.344123147482671e-12,3.1619081497192383,334.8831787109375,27.726110458374023,16,-1,43.108948839084995,5.0,0.0,45.0,8,1,frear,0.0,0.6,0.0,15.0
152940,15.15,334.9602355957031,27.726158142089844,-0.003810291178524494,91.16387939453125,0.00010928302071988583,3.2559173632762395e-06,4.7691500881784625e-08,0.0,1.0,-0.020882844924926758,1,-9.643084553090375e-08,-1.2736077081854091e-08,1.907348234908568e-07,0.00024626357052305424,0.0030106634237512817,2.796189546585083,1.871108906925656e-05,-5.57468410988804e-07,9.8100004196167,1.707951469143154e-08,7.413145652890307e-09,-1.6168871797006545e-12,3.1619081497192383,334.8831787109375,27.726110458374023,16,-1,43.108948839084995,5.0,0.0,45.0,8,1,frear,0.0,0.6,0.0,15.0
152941,15.200000000000001,334.9602355957031,27.726158142089844,-0.003810291178524494,91.16387939453125,0.00010928302071988583,3.2559173632762395e-06,9.547017853263328e-09,0.0,1.0,-0.012935766950249672,1,-1.3254912722970857e-08,-5.886207077310246e-09,-7.629394076502649e-07,0.000258069480003299,0.0030274188844288683,2.796189546585083,1.871108906925656e-05,-5.57468410988804e-07,9.8100004196167,-1.5301484523888575e-09,4.431972566720788e-09,-3.2291728427509547e-13,3.1619081497192383,334.8831787109375,27.726110458374023,16,-1,43.108948839084995,5.0,0.0,45.0,8,1,frear,0.0,0.6,0.0,15.0
152942,15.25,334.9602355957031,27.726158142089844,-0.003810291178524494,91.16387939453125,0.00010928302071988583,3.2559173632762395e-06,1.90862523088975e-08,0.0,1.0,-0.012935766950249672,1,-1.2270773286360281e-09,4.988240931425025e-09,1.9073485191256623e-07,0.0002490322639291509,0.0030005214608337947,2.796189546585083,1.871108906925656e-05,-5.57468410988804e-07,9.8100004196167,-2.8355229275689453e-09,7.161015780354774e-09,-6.763920478401741e-13,3.1619081497192383,334.8831787109375,27.726110458374023,16,-1,43.108948839084995,5.0,0.0,45.0,8,1,frear,0.0,0.6,0.0,15.0
152943,15.3,334.9602355957031,27.726158142089844,-0.003810291178524494,91.16387939453125,0.00010928302071988583,3.2559173632762395e-06,2.863500809670825e-08,0.0,1.0,-0.012935766950249672,1,-8.734016287981206e-10,9.998188943427522e-09,1.9073485191256623e-07,0.000262602688997261,0.0029886772677656945,2.796189546585083,1.871108906925656e-05,-5.57468410988804e-07,9.8100004196167,-4.279301357712484e-09,1.2613885935763847e-08,-1.5852927694529062e-12,3.1619081497192383,334.8831787109375,27.726110458374023,16,-1,43.108948839084995,5.0,0.0,45.0,8,1,frear,0.0,0.6,0.0,15.0
152944,15.350000000000001,334.9602355957031,27.726158142089844,-0.003810291178524494,91.16387939453125,0.00010928302071988583,3.2559173632762395e-06,1.1498916144243507e-07,0.0,1.0,-0.012935766950249672,1,1.978998795948428e-07,-1.3838456425219192e-07,-2.8610227218450746e-06,0.00024405148318486057,0.003005442858537378,2.796189546585083,1.871108906925656e-05,-5.57468410988804e-07,9.8100004196167,8.861829314810166e-08,-6.132218999255201e-08,-7.298815198064634e-12,3.1619081497192383,334.8831787109375,27.726110458374023,16,-1,43.108948839084995,5.0,0.0,45.0,8,1,frear,0.0,0.6,0.0,15.0
152945,15.4,334.9602355957031,27.726158142089844,-0.003810291178524494,91.16387939453125,0.00010928302071988583,3.2559173632762395e-06,2.8631781425062763e-08,0.0,1.0,-0.012935766950249672,1,-2.0066789829797926e-07,1.3583806435235601e-07,2.8610227218450746e-06,0.00024739557139831335,0.003008405576181928,2.796189546585083,1.871108906925656e-05,-5.57468410988804e-07,9.8100004196167,-8.305098830874158e-09,1.1270143929209553e-08,-1.346561425731585e-12,3.1619081497192383,334.8831787109375,27.726110458374023,16,-1,43.108948839084995,5.0,0.0,45.0,8,1,frear,0.0,0.6,0.0,15.0
152946,15.450000000000001,334.9602355957031,27.726158142089844,-0.003810291178524494,91.16387939453125,0.00010928302071988583,3.2559173632762395e-06,3.8173276812637516e-08,0.0,1.0,-0.012935766950249672,1,-1.0520714965878142e-08,6.289480047882989e-10,1.9073485191256623e-07,0.00024276131947566058,0.0030157782048974577,2.796189546585083,1.871108906925656e-05,-5.57468410988804e-07,9.8100004196167,-6.672160601794985e-09,1.1603338734289537e-08,8.028997930918658e-13,3.1619081497192383,334.8831787109375,27.726110458374023,16,-1,43.108948839084995,5.0,0.0,45.0,8,1,frear,0.0,0.6,0.0,15.0
152947,15.5,334.9602355957031,27.726158142089844,-0.003810291178524494,91.16387939453125,0.00010928302071988583,3.2559173632762395e-06,3.85390807727371e-08,0.0,1.0,-0.012935766950249672,1,-8.586752642258944e-08,1.1730163507195357e-08,0.0,0.0002610090669238463,0.003003404458084503,2.796189546585083,1.871108906925656e-05,-5.57468410988804e-07,9.8100004196167,-5.2026472019406356e-09,1.5678399023499878e-08,1.1166848695731701e-11,3.1619081497192383,334.8831787109375,27.726110458374023,16,-1,43.108948839084995,5.0,0.0,45.0,8,1,frear,0.0,0.6,0.0,15.0
152948,15.55,334.9602355957031,27.726158142089844,-0.003810291178524494,91.16387939453125,0.00010928302071988583,3.2559173632762395e-06,4.772465387228088e-08,0.0,1.0,-0.012935766950249672,1,9.70639888464575e-08,5.7998383873325565e-09,1.907348234908568e-07,0.00025266120864010476,0.0030091465084325928,2.796189546585083,1.871108906925656e-05,-5.57468410988804e-07,9.8100004196167,-6.996753398880173e-09,2.113609909315528e-08,-2.8994064094067795e-12,3.1619081497192383,334.8831787109375,27.726110458374023,16,-1,43.108948839084995,5.0,0.0,45.0,8,1,frear,0.0,0.6,0.0,15.0
152949,15.600000000000001,334.9602355957031,27.726158142089844,-0.003810291178524494,91.16387939453125,0.00010928302071988583,3.2559173632762395e-06,9.540862229257302e-09,0.0,1.0,-0.012935766950249672,1,4.1124121885616205e-09,-3.435502549109515e-08,-7.629394076502649e-07,0.00027051732380435454,0.0030254257713551733,2.796189546585083,1.871108906925656e-05,-5.57468410988804e-07,9.8100004196167,-1.7201804425326372e-09,2.39039033012034e-09,-6.517384898365071e-15,3.1619081497192383,334.8831787109375,27.726110458374023,16,-1,43.108948839084995,5.0,0.0,45.0,8,1,frear,0.0,0.6,0.0,15.0
152950,15.65,334.9602355957031,27.726158142089844,-0.003810291178524494,91.16387939453125,0.00010928302071988583,3.2559173632762395e-06,1.908850649331077e-08,0.0,1.0,-0.012935766950249672,1,-1.130051385800357e-09,9.995217986613625e-09,1.9073485191256623e-07,0.00024211489429738607,0.0030088792887710833,2.796189546585083,1.871108906925656e-05,-5.57468410988804e-07,9.8100004196167,-3.1630387198333665e-09,7.84325671077113e-09,-8.468717806013604e-13,3.1619081497192383,334.8831787109375,27.726110458374023,16,-1,43.108948839084995,5.0,0.0,45.0,8,1,frear,0.0,0.6,0.0,15.0
152951,15.700000000000001,334.9602355957031,27.726158142089844,-0.003810291178524494,91.16387939453125,0.00010928302071988583,3.2559173632762395e-06,1.0542775229466894e-07,0.0,1.0,-0.012935766950249672,1,1.8657109990272147e-07,-1.1891962259369393e-07,-2.47955313170678e-06,0.00025257322776063405,0.0030149990971751204,2.796189546585083,1.871108906925656e-05,-5.57468410988804e-07,9.8100004196167,9.388550381572713e-08,-5.555873627827168e-08,-7.911876015453956e-12,3.1619081497192383,334.8831787109375,27.726110458374023,16,-1,43.108948839084995,5.0,0.0,45.0,8,1,frear,0.0,0.6,0.0,15.0
152952,15.75,334.9602355957031,27.726158142089844,-0.003810291178524494,91.16387939453125,0.00010928302071988583,3.2559173632762395e-06,3.817988261997038e-08,0.0,1.0,-0.012935766950249672,1,-1.867911691988411e-07,1.358130816697667e-07,2.86102294921875e-06,0.00025808157264485375,0.0030037908000651323,2.796189546585083,1.871108906925656e-05,-5.57468410988804e-07,9.8100004196167,-3.087569311333027e-09,1.7033839228020042e-08,-2.269959394063381e-12,3.1619081497192383,334.8831787109375,27.726110458374023,16,-1,43.108948839084995,5.0,0.0,45.0,8,1,frear,0.0,0.6,0.0,15.0
152953,15.8,334.9602355957031,27.726158142089844,-0.003810291178524494,91.16387939453125,0.00010928302071988583,3.2559173632762395e-06,3.8453290444128e-08,0.0,1.0,-0.012935766950249672,1,-8.70935323860067e-08,-5.411493475548923e-10,0.0,0.00027399821286756663,0.003023703140186796,2.796189546585083,1.871108906925656e-05,-5.57468410988804e-07,9.8100004196167,-6.1569318532406214e-09,1.4320752583785179e-08,1.2114514252870023e-11,3.1619081497192383,334.8831787109375,27.726110458374023,16,-1,43.108948839084995,5.0,0.0,45.0,8,1,frear,0.0,0.6,0.0,15.0
152954,15.850000000000001,334.9602355957031,27.726158142089844,-0.003810291178524494,91.16387939453125,0.00010928302071988583,3.2559173632762395e-06,2.291730553217237e-07,0.0,1.0,-0.012935766950249672,1,8.605415047213683e-08,-2.6172006073466036e-07,-5.34057608092553e-06,0.00023956180942853565,0.0030052314578626347,2.796189546585083,1.871108906925656e-05,-5.57468410988804e-07,9.8100004196167,-9.485042085088935e-09,-1.1874920602394923e-07,-2.0122216393136938e-11,3.1619081497192383,334.8831787109375,27.726110458374023,16,-1,43.108948839084995,5.0,0.0,45.0,8,1,frear,0.0,0.6,0.0,15.0
152955,15.9,334.9602355957031,27.726158142089844,-0.003810291178524494,91.16387939453125,0.00010928302071988583,3.2559173632762395e-06,9.588836416099074e-08,0.0,1.0,-0.012935766950249672,1,1.8327750694879796e-07,1.3951870414530276e-07,2.670288040462765e-06,0.0002444527595232404,0.003011415102449234,2.796189546585083,1.871108906925656e-05,-5.57468410988804e-07,9.8100004196167,8.753198699196219e-08,-4.838202372070555e-08,-8.996287222118315e-12,3.1619081497192383,334.8831787109375,27.726110458374023,16,-1,43.108948839084995,5.0,0.0,45.0,8,1,frear,0.0,0.6,0.0,15.0
152956,15.950000000000001,334.9602355957031,27.726158142089844,-0.003810291178524494,91.16387939453125,0.00010928302071988583,3.2559173632762395e-06,8.647589471961332e-08,0.0,1.0,-0.012935766950249672,1,-3.676199185065343e-07,2.1397106308995717e-10,1.907348234908568e-07,0.00027562875496890514,0.002989290549138047,2.796189546585083,1.871108906925656e-05,-5.57468410988804e-07,9.8100004196167,-1.0705835506996664e-07,-4.4111686747783097e-08,-1.4345322672804084e-11,3.1619081497192383,334.8831787109375,27.726110458374023,16,-1,43.108948839084995,5.0,0.0,45.0,8,1,frear,0.0,0.6,0.0,15.0
152957,16.0,334.9602355957031,27.726158142089844,-0.003810291178524494,91.16387939453125,0.00010928302071988583,3.2559173632762395e-06,0.0,0.0,1.0,-0.012935766950249672,1,1.9014211716239515e-07,9.118957677856088e-08,1.716613724056515e-06,0.00024994366405074574,0.003020880517013381,2.796189546585083,1.871108906925656e-05,-5.57468410988804e-07,9.8100004196167,0.0,0.0,0.0,3.1619081497192383,334.8831787109375,27.726110458374023,16,-1,43.108948839084995,5.0,0.0,45.0,8,1,frear,0.0,0.6,0.0,15.0
152958,16.05,334.9602355957031,27.726158142089844,-0.003810291178524494,91.16387939453125,0.00010928302071988583,3.2559173632762395e-06,9.551480503274522e-09,0.0,1.0,-0.012935766950249672,1,-3.2907496727574426e-09,1.0084465706938772e-08,1.9073485191256623e-07,0.0002484661313589942,0.003008349466497918,2.796189546585083,1.871108906925656e-05,-5.57468410988804e-07,9.8100004196167,-1.435128904603289e-09,5.452763129909499e-09,-4.824945781453649e-13,3.1619081497192383,334.8831787109375,27.726110458374023,16,-1,43.108948839084995,5.0,0.0,45.0,8,1,frear,0.0,0.6,0.0,15.0
152959,16.1,334.9602355957031,27.726158142089844,-0.003810291178524494,91.16387939453125,0.00010928302071988583,3.2559173632762395e-06,1.9090800306888746e-08,0.0,1.0,-0.012935766950249672,1,-2.8441025090586436e-09,4.971441924794817e-09,1.9073485191256623e-07,0.0002475806661893631,0.003003167567001753,2.796189546585083,1.871108906925656e-05,-5.57468410988804e-07,9.8100004196167,-2.73471734146824e-09,8.18179124451035e-09,-4.982229906413949e-13,3.1619081497192383,334.8831787109375,27.726110458374023,16,-1,43.108948839084995,5.0,0.0,45.0,8,1,frear,0.0,0.6,0.0,15.0
152960,16.150000000000002,334.9602355957031,27.726158142089844,-0.003810291178524494,91.16387939453125,0.00010928302071988583,3.2559173632762395e-06,2.863894611997088e-08,0.0,1.0,-0.012935766950249672,1,7.435024818036595e-10,1.0014977291916694e-08,1.9073485191256623e-07,0.00026476080441874104,0.003019676567944941,2.796189546585083,1.871108906925656e-05,-5.57468410988804e-07,9.8100004196167,-4.184284918551384e-09,1.363467294623888e-08,-1.744849165326301e-12,3.1619081497192383,334.8831787109375,27.726110458374023,16,-1,43.108948839084995,5.0,0.0,45.0,8,1,frear,0.0,0.6,0.0,15.0
152961,16.2,334.9602355957031,27.726158142089844,-0.003810291178524494,91.16387939453125,0.00010928302071988583,3.2559173632762395e-06,3.849438666586996e-08,0.0,1.0,-0.012935766950249672,1,-9.505829012823597e-08,-1.3979328805646674e-09,1.9073485191256623e-07,0.0002562828504212422,0.0030054287936565624,2.796189546585083,1.871108906925656e-05,-5.57468410988804e-07,9.8100004196167,-2.175319480102189e-09,1.0558872887145299e-08,1.177484845737986e-11,3.1619081497192383,334.8831787109375,27.726110458374023,16,-1,43.108948839084995,5.0,0.0,45.0,8,1,frear,0.0,0.6,0.0,15.0
152962,16.25,334.9602355957031,27.726158142089844,-0.003810291178524494,91.16387939453125,0.00010928302071988583,3.2559173632762395e-06,4.770718533436849e-08,0.0,1.0,-0.012935766950249672,1,9.51447418628959e-08,5.780023126789047e-09,1.907348234908568e-07,0.0002517982320912171,0.003020419184011359,2.796189546585083,1.871108906925656e-05,-5.57468410988804e-07,9.8100004196167,-3.962552952430087e-09,1.6016556969589146e-08,-2.115801891328095e-12,3.1619081497192383,334.8831787109375,27.726110458374023,16,-1,43.108948839084995,5.0,0.0,45.0,8,1,frear,0.0,0.6,0.0,15.0
152963,16.3,334.9602355957031,27.726158142089844,-0.003810291178524494,91.16387939453125,0.00010928302071988583,3.2559173632762395e-06,5.723941000064986e-08,0.0,1.0,-0.012935766950249672,1,-1.2049459208185453e-08,-5.650930834377732e-09,1.9073489454513037e-07,0.00023896221686093953,0.003000182735903024,2.796189546585083,1.871108906925656e-05,-5.57468410988804e-07,9.8100004196167,-2.2504513808030424e-09,1.2945370997385908e-08,6.17015065342702e-13,3.1619081497192383,334.8831787109375,27.726110458374023,16,-1,43.108948839084995,5.0,0.0,45.0,8,1,frear,0.0,0.6,0.0,15.0
152964,16.35,334.9602355957031,27.726158142089844,-0.003810291178524494,91.16387939453125,0.00010928302071988583,3.2559173632762395e-06,6.759393472640198e-08,0.0,1.0,-0.012935766950249672,1,-1.686845365611589e-07,-1.2556603223856655e-07,-2.47955313170678e-06,0.0002451799232746754,0.002995343528326145,2.796189546585083,1.871108906925656e-05,-5.57468410988804e-07,9.8100004196167,-1.0135811123745953e-07,-4.992381974489035e-08,-1.3476040595927774e-11,3.1619081497192383,334.8831787109375,27.726110458374023,16,-1,43.108948839084995,5.0,0.0,45.0,8,1,frear,0.0,0.6,0.0,15.0
152965,16.400000000000002,334.9602355957031,27.726158142089844,-0.003810291178524494,91.16387939453125,0.00010928302071988583,3.2559173632762395e-06,7.63137236247665e-08,0.0,1.0,-0.012935766950249672,1,1.816939061427547e-07,1.3623939310036803e-07,2.86102294921875e-06,0.0002442810319168831,0.003013615141142679,2.796189546585083,1.871108906925656e-05,-5.57468410988804e-07,9.8100004196167,-2.1486759038680248e-09,1.873177524203129e-08,-2.4903258708658393e-12,3.1619081497192383,334.8831787109375,27.726110458374023,16,-1,43.108948839084995,5.0,0.0,45.0,8,1,frear,0.0,0.6,0.0,15.0
152966,16.45,334.9602355957031,27.726158142089844,-0.003810291178524494,91.16387939453125,0.00010928302071988583,3.2559173632762395e-06,9.543477682266576e-09,0.0,1.0,-0.012935766950249672,1,9.757761265660747e-10,-2.814701716147283e-08,-1.3351440202313825e-06,0.00024394509458737333,0.0030141221528339765,2.796189546585083,1.871108906925656e-05,-5.57468410988804e-07,9.8100004196167,-1.6251673340406114e-09,3.4111811153536564e-09,-1.6356592458504488e-13,3.1619081497192383,334.8831787109375,27.726110458374023,16,-1,43.108948839084995,5.0,0.0,45.0,8,1,frear,0.0,0.6,0.0,15.0
152967,16.5,334.9602355957031,27.726158142089844,-0.003810291178524494,91.16387939453125,0.00010928302071988583,3.2559173632762395e-06,1.910287889653334e-08,0.0,1.0,-0.012935766950249672,1,-1.4565611827777047e-08,4.9494461862309436e-09,1.9073485191256623e-07,0.0002587234985528386,0.0030218984134791635,2.796189546585083,1.871108906925656e-05,-5.57468410988804e-07,9.8100004196167,-2.882791338976176e-09,6.140045361036073e-09,1.725855244306962e-12,3.1619081497192383,334.8831787109375,27.726110458374023,16,-1,43.108948839084995,5.0,0.0,45.0,8,1,frear,0.0,0.6,0.0,15.0
152968,16.55,334.9602355957031,27.726158142089844,-0.003810291178524494,91.16387939453125,0.00010928302071988583,3.2559173632762395e-06,2.863137796075616e-08,0.0,1.0,-0.012935766950249672,1,1.2464727916494667e-08,1.0036984576800023e-08,1.9073485191256623e-07,0.00025868028391208385,0.002992270544908194,2.796189546585083,1.871108906925656e-05,-5.57468410988804e-07,9.8100004196167,-4.3743240141225215e-09,1.1593096260753555e-08,-1.4254524210305375e-12,3.1619081497192383,334.8831787109375,27.726110458374023,16,-1,43.108948839084995,5.0,0.0,45.0,8,1,frear,0.0,0.6,0.0,15.0
152969,16.6,334.9602355957031,27.726158142089844,-0.003810291178524494,91.16387939453125,0.00010928302071988583,3.2559173632762395e-06,1.1538234608948864e-07,0.0,1.0,-0.012935766950249672,1,2.8082905600967933e-07,-1.2486430023272987e-07,-2.8610227218450746e-06,0.0002496559289740918,0.0030114370990333436,2.796189546585083,1.871108906925656e-05,-5.57468410988804e-07,9.8100004196167,8.815217000801567e-08,-5.8942973168996105e-08,1.2327932077949022e-11,3.1619081497192383,334.8831787109375,27.726110458374023,16,-1,43.108948839084995,5.0,0.0,45.0,8,1,frear,0.0,0.6,0.0,15.0
152970,16.650000000000002,334.9602355957031,27.726158142089844,-0.003810291178524494,91.16387939453125,0.00010928302071988583,3.2559173632762395e-06,2.86406340834071e-08,0.0,1.0,-0.012935766950249672,1,-2.8373011673465953e-07,1.2857375963903905e-07,2.8610227218450746e-06,0.00024278289132574458,0.003012767256294125,2.796189546585083,1.871108906925656e-05,-5.57468410988804e-07,9.8100004196167,-8.473322488100621e-09,1.3653719932449349e-08,-1.7182658290995634e-12,3.1619081497192383,334.8831787109375,27.726110458374023,16,-1,43.108948839084995,5.0,0.0,45.0,8,1,frear,0.0,0.6,0.0,15.0
152971,16.7,334.9602355957031,27.726158142089844,-0.003810291178524494,91.16387939453125,0.00010928302071988583,3.2559173632762395e-06,3.8180221550395394e-08,0.0,1.0,-0.012935766950249672,1,-1.052486808816866e-08,6.288947140831169e-10,1.9073485191256623e-07,0.00025960802125858494,0.0030107581016097238,2.796189546585083,1.871108906925656e-05,-5.57468410988804e-07,9.8100004196167,-6.840367383631474e-09,1.3986911184815654e-08,4.3215734810142514e-13,3.1619081497192383,334.8831787109375,27.726110458374023,16,-1,43.108948839084995,5.0,0.0,45.0,8,1,frear,0.0,0.6,0.0,15.0
152972,16.75,334.9602355957031,27.726158142089844,-0.003810291178524494,91.16387939453125,0.00010928302071988583,3.2559173632762395e-06,4.7723095582207227e-08,0.0,1.0,-0.012935766950249672,1,-1.2093503976018383e-09,7.493810016967473e-09,1.907348234908568e-07,0.00024244908767080518,0.0030171515055173468,2.796189546585083,1.871108906925656e-05,-5.57468410988804e-07,9.8100004196167,-5.6736251252687e-09,1.8066616647161027e-08,-1.2378805120706604e-13,3.1619081497192383,334.8831787109375,27.726110458374023,16,-1,43.108948839084995,5.0,0.0,45.0,8,1,frear,0.0,0.6,0.0,15.0
152973,16.8,334.9602355957031,27.726158142089844,-0.003810291178524494,91.16387939453125,0.00010928302071988583,3.2559173632762395e-06,7.701280029732488e-08,0.0,1.0,-0.012935766950249672,1,-1.6841929095789965e-07,-1.2556286321796506e-07,-2.47955313170678e-06,0.00024956139910749074,0.0030275611421331514,2.796189546585083,1.871108906925656e-05,-5.57468410988804e-07,9.8100004196167,-1.0478224510279688e-07,-4.480256166061736e-08,-1.4258334964101227e-11,3.1619081497192383,334.8831787109375,27.726110458374023,16,-1,43.108948839084995,5.0,0.0,45.0,8,1,frear,0.0,0.6,0.0,15.0
152974,16.85,334.9602355957031,27.726158142089844,-0.003810291178524494,91.16387939453125,0.00010928302071988583,3.2559173632762395e-06,9.539180278048522e-09,0.0,1.0,-0.012935766950249672,1,1.85061509228035e-07,9.498580766376108e-08,1.716613724056515e-06,0.0002436962027220335,0.003001447602926589,2.796189546585083,1.871108906925656e-05,-5.57468410988804e-07,9.8100004196167,-1.8151501413044002e-09,1.369601099199258e-09,1.273059484436026e-13,3.1619081497192383,334.8831787109375,27.726110458374023,16,-1,43.108948839084995,5.0,0.0,45.0,8,1,frear,0.0,0.6,0.0,15.0
152975,16.900000000000002,334.9602355957031,27.726158142089844,-0.003810291178524494,91.16387939453125,0.00010928302071988583,3.2559173632762395e-06,1.908520743850747e-08,0.0,1.0,-0.012935766950249672,1,-1.1161876978249552e-09,9.997549454965338e-09,1.9073485191256623e-07,0.00024254934490976042,0.0029954315492233827,2.796189546585083,1.871108906925656e-05,-5.57468410988804e-07,9.8100004196167,-3.258058267618935e-09,6.822466591671628e-09,-6.872581388532584e-13,3.1619081497192383,334.8831787109375,27.726110458374023,16,-1,43.108948839084995,5.0,0.0,45.0,8,1,frear,0.0,0.6,0.0,15.0
152976,16.95,334.9602355957031,27.726158142089844,-0.003810291178524494,91.16387939453125,0.00010928302071988583,3.2559173632762395e-06,2.86285985645609e-08,0.0,1.0,-0.012935766950249672,1,4.347969206897062e-10,7.517531486200824e-09,1.9073485191256623e-07,0.0002567053570944455,0.0029921507371711295,2.796189546585083,1.871108906925656e-05,-5.57468410988804e-07,9.8100004196167,-2.0972032999111434e-09,1.0902179603533568e-08,-1.263395312846305e-12,3.1619081497192383,334.8831787109375,27.726110458374023,16,-1,43.108948839084995,5.0,0.0,45.0,8,1,frear,0.0,0.6,0.0,15.0
152977,17.0,334.9602355957031,27.726158142089844,-0.003810291178524494,91.16387939453125,0.00010928302071988583,3.2559173632762395e-06,3.817744002010948e-08,0.0,1.0,-0.012935766950249672,1,-8.744527324466844e-10,9.998172956215967e-09,1.9073485191256623e-07,0.00024291890307516327,0.003006395147920727,2.796189546585083,1.871108906925656e-05,-5.57468410988804e-07,9.8100004196167,-3.5409772891625835e-09,1.635504887076422e-08,-2.1720880302722456e-12,3.1619081497192383,334.8831787109375,27.726110458374023,16,-1,43.108948839084995,5.0,0.0,45.0,8,1,frear,0.0,0.6,0.0,15.0
152978,17.05,334.9602355957031,27.726158142089844,-0.003810291178524494,91.16387939453125,0.00010928302071988583,3.2559173632762395e-06,3.8176072707926116e-08,0.0,1.0,-0.012935766950249672,1,-1.2054261588900772e-08,-5.650968581960569e-09,0.0,0.00024765636388813904,0.0030201205486975477,2.796189546585083,1.871108906925656e-05,-5.57468410988804e-07,9.8100004196167,-1.8288579539671446e-09,1.3283878885772538e-08,5.62088570132957e-13,3.1619081497192383,334.8831787109375,27.726110458374023,16,-1,43.108948839084995,5.0,0.0,45.0,8,1,frear,0.0,0.6,0.0,15.0
152979,17.1,334.9602355957031,27.726158142089844,-0.003810291178524494,91.16387939453125,0.00010928302071988583,3.2559173632762395e-06,8.6479716990617e-08,0.0,1.0,-0.012935766950249672,1,-1.686845507720136e-07,-1.2556603223856655e-07,-2.47955313170678e-06,0.0002529960693552613,0.0030052215470988694,2.796189546585083,1.871108906925656e-05,-5.57468410988804e-07,9.8100004196167,-1.0093651781062363e-07,-4.9585302974719525e-08,-1.3531111127396134e-11,3.1619081497192383,334.8831787109375,27.726110458374023,16,-1,43.108948839084995,5.0,0.0,45.0,8,1,frear,0.0,0.6,0.0,15.0
152980,17.150000000000002,334.9602355957031,27.726158142089844,-0.003810291178524494,91.16387939453125,0.00010928302071988583,3.2559173632762395e-06,5.723928501966199e-08,0.0,1.0,-0.012935766950249672,1,1.8022171843767865e-07,1.2996677867249673e-07,2.8610227218450746e-06,0.00025545166003006046,0.003009081134862924,2.796189546585083,1.871108906925656e-05,-5.57468410988804e-07,9.8100004196167,-1.6481322973049828e-09,1.5665900576777858e-08,-1.6788639705875297e-12,3.1619081497192383,334.8831787109375,27.726110458374023,16,-1,43.108948839084995,5.0,0.0,45.0,8,1,frear,0.0,0.6,0.0,15.0
152981,17.2,334.9602355957031,27.726158142089844,-0.003810291178524494,91.16387939453125,0.00010928302071988583,3.2559173632762395e-06,7.71085085948559e-08,0.0,1.0,-0.012935766950249672,1,2.0352635488052329e-07,-1.326710474813808e-07,-2.670288040462765e-06,0.0002472430460672814,0.003006181838898726,2.796189546585083,1.871108906925656e-05,-5.57468410988804e-07,9.8100004196167,9.620542584798386e-08,-5.522855062167764e-08,-8.271676746329781e-12,3.1619081497192383,334.8831787109375,27.726110458374023,16,-1,43.108948839084995,5.0,0.0,45.0,8,1,frear,0.0,0.6,0.0,15.0
152982,17.25,334.9602355957031,27.726158142089844,-0.003810291178524494,91.16387939453125,0.00010928302071988583,3.2559173632762395e-06,6.677654637825856e-08,0.0,1.0,-0.012935766950249672,1,-2.0112820209305937e-07,1.358284151820044e-07,2.86102294921875e-06,0.0002518268711698812,0.003015263243995093,2.796189546585083,1.871108906925656e-05,-5.57468410988804e-07,9.8100004196167,-7.163230009155086e-10,1.7363781523727084e-08,-2.33297040540259e-12,3.1619081497192383,334.8831787109375,27.726110458374023,16,-1,43.108948839084995,5.0,0.0,45.0,8,1,frear,0.0,0.6,0.0,15.0
152983,17.3,334.9602355957031,27.726158142089844,-0.003810291178524494,91.16387939453125,0.00010928302071988583,3.2559173632762395e-06,9.547017853263328e-09,0.0,1.0,-0.012935766950249672,1,-1.919542302886157e-10,-2.3783899294471667e-08,-1.144409225162235e-06,0.0002373271991361736,0.003008464865118355,2.796189546585083,1.871108906925656e-05,-5.57468410988804e-07,9.8100004196167,-1.5301484523888575e-09,4.431972566720788e-09,-3.2291728427509547e-13,3.1619081497192383,334.8831787109375,27.726110458374023,16,-1,43.108948839084995,5.0,0.0,45.0,8,1,frear,0.0,0.6,0.0,15.0
152984,17.35,334.9602355957031,27.726158142089844,-0.003810291178524494,91.16387939453125,0.00010928302071988583,3.2559173632762395e-06,1.907615063163696e-08,0.0,1.0,-0.012935766950249672,1,8.891877456562725e-09,-5.087563259564831e-09,1.9073485191256623e-07,0.00026126637297941955,0.0030340590597717773,2.796189546585083,1.871108906925656e-05,-5.57468410988804e-07,9.8100004196167,2.8749034264308193e-09,1.6893204612955515e-09,-6.727123740869756e-13,3.1619081497192383,334.8831787109375,27.726110458374023,16,-1,43.108948839084995,5.0,0.0,45.0,8,1,frear,0.0,0.6,0.0,15.0
152985,17.400000000000002,334.9602355957031,27.726158142089844,-0.003810291178524494,91.16387939453125,0.00010928302071988583,3.2559173632762395e-06,2.86121002066886e-08,0.0,1.0,-0.012935766950249672,1,7.685413416780307e-10,-4.77938755238938e-09,1.9073485191256623e-07,0.00026061324300620357,0.0030251649910298392,2.796189546585083,1.871108906925656e-05,-5.57468410988804e-07,9.8100004196167,1.1608743299973412e-08,-1.0727214672101582e-09,3.7495646778434866e-13,3.1619081497192383,334.8831787109375,27.726110458374023,16,-1,43.108948839084995,5.0,0.0,45.0,8,1,frear,0.0,0.6,0.0,15.0
152986,17.45,334.9602355957031,27.726158142089844,-0.003810291178524494,91.16387939453125,0.00010928302071988583,3.2559173632762395e-06,3.8149974906709144e-08,0.0,1.0,-0.012935766950249672,1,-1.6171558536726138e-09,9.99327642858816e-09,1.9073485191256623e-07,0.0002496758703275492,0.003009907489016029,2.796189546585083,1.871108906925656e-05,-5.57468410988804e-07,9.8100004196167,1.0167631181445813e-08,4.380138918236298e-09,-3.7085344018784883e-13,3.1619081497192383,334.8831787109375,27.726110458374023,16,-1,43.108948839084995,5.0,0.0,45.0,8,1,frear,0.0,0.6,0.0,15.0
152987,17.5,334.9602355957031,27.726158142089844,-0.003810291178524494,91.16387939453125,0.00010928302071988583,3.2559173632762395e-06,4.7692854035392546e-08,0.0,1.0,-0.012935766950249672,1,-1.132177684937119e-09,9.995140715091111e-09,1.907348234908568e-07,0.00024561912645161386,0.0030174492536190764,2.796189546585083,1.871108906925656e-05,-5.57468410988804e-07,9.8100004196167,8.7247826741077e-09,9.833008185466952e-09,-1.2140695350090769e-12,3.1619081497192383,334.8831787109375,27.726110458374023,16,-1,43.108948839084995,5.0,0.0,45.0,8,1,frear,0.0,0.6,0.0,15.0
152988,17.55,334.9602355957031,27.726158142089844,-0.003810291178524494,91.16387939453125,0.00010928302071988583,3.2559173632762395e-06,5.7238110222939384e-08,0.0,1.0,-0.012935766950249672,1,-1.1321571458111634e-09,9.99514426780479e-09,1.9073489454513037e-07,0.0002663616151382786,0.0030126144423122123,2.796189546585083,1.871108906925656e-05,-5.57468410988804e-07,9.8100004196167,7.281935054948008e-09,1.5285877452697605e-08,-2.05728641587688e-12,3.1619081497192383,334.8831787109375,27.726110458374023,16,-1,43.108948839084995,5.0,0.0,45.0,8,1,frear,0.0,0.6,0.0,15.0
152989,17.6,334.9602355957031,27.726158142089844,-0.003810291178524494,91.16387939453125,0.00010928302071988583,3.2559173632762395e-06,7.715128864566481e-08,0.0,1.0,-0.012935766950249672,1,1.988274931363776e-07,-1.3836826440183358e-07,-2.670288040462765e-06,0.00024596287997859066,0.003021640214299793,2.796189546585083,1.871108906925656e-05,-5.57468410988804e-07,9.8100004196167,1.0056710664230195e-07,-5.865192420628773e-08,-7.784183020387303e-12,3.1619081497192383,334.8831787109375,27.726110458374023,16,-1,43.108948839084995,5.0,0.0,45.0,8,1,frear,0.0,0.6,0.0,15.0
152990,17.650000000000002,334.9602355957031,27.726158142089844,-0.003810291178524494,91.16387939453125,0.00010928302071988583,3.2559173632762395e-06,6.676964655989874e-08,0.0,1.0,-0.012935766950249672,1,-2.0132736722189293e-07,1.3582597091499338e-07,2.86102294921875e-06,0.00024293792151887204,0.00301843494305848,2.796189546585083,1.871108906925656e-05,-5.57468410988804e-07,9.8100004196167,3.6460710006736008e-09,1.3940411491830673e-08,-1.8201622934560513e-12,3.1619081497192383,334.8831787109375,27.726110458374023,16,-1,43.108948839084995,5.0,0.0,45.0,8,1,frear,0.0,0.6,0.0,15.0
152991,17.7,334.9602355957031,27.726158142089844,-0.003810291178524494,91.16387939453125,0.00010928302071988583,3.2559173632762395e-06,9.540862229257302e-09,0.0,1.0,-0.012935766950249672,1,-3.359380329470696e-09,-2.1330473387592974e-08,-1.144409225162235e-06,0.00023993807830059553,0.0030080675413302624,2.796189546585083,1.871108906925656e-05,-5.57468410988804e-07,9.8100004196167,-1.7201804425326372e-09,2.39039033012034e-09,-6.5175204236366316e-15,3.1619081497192383,334.8831787109375,27.726110458374023,16,-1,43.108948839084995,5.0,0.0,45.0,8,1,frear,0.0,0.6,0.0,15.0
152992,17.75,334.9602355957031,27.726158142089844,-0.003810291178524494,91.16387939453125,0.00010928302071988583,3.2559173632762395e-06,1.1497531597960799e-07,0.0,1.0,-0.012935766950249672,1,-1.8195936490883469e-07,-1.2560388995552785e-07,-2.47955313170678e-06,0.00025690252008437996,0.0030049651901010175,2.796189546585083,1.871108906925656e-05,-5.57468410988804e-07,9.8100004196167,-1.0078030499016677e-07,-6.04789889280255e-08,-1.183359313317034e-11,3.1619081497192383,334.8831787109375,27.726110458374023,16,-1,43.108948839084995,5.0,0.0,45.0,8,1,frear,0.0,0.6,0.0,15.0
152993,17.8,334.9602355957031,27.726158142089844,-0.003810291178524494,91.16387939453125,0.00010928302071988583,3.2559173632762395e-06,2.8626996428712343e-08,0.0,1.0,-0.012935766950249672,1,1.7989351874803106e-07,1.3996596237575432e-07,2.8610227218450746e-06,0.0002497131266979824,0.0030191690426165105,2.796189546585083,1.871108906925656e-05,-5.57468410988804e-07,9.8100004196167,-4.1103120906882396e-09,1.0230294833490916e-08,-1.1551600604883805e-12,3.1619081497192383,334.8831787109375,27.726110458374023,16,-1,43.108948839084995,5.0,0.0,45.0,8,1,frear,0.0,0.6,0.0,15.0
152994,17.85,334.9602355957031,27.726158142089844,-0.003810291178524494,91.16387939453125,0.00010928302071988583,3.2559173632762395e-06,3.817549543826926e-08,0.0,1.0,-0.012935766950249672,1,-9.095396658054256e-10,9.997744854217672e-09,1.9073485191256623e-07,0.00023834029074144668,0.003001009593006699,2.796189546585083,1.871108906925656e-05,-5.57468410988804e-07,9.8100004196167,-5.553960846782502e-09,1.568316321254315e-08,-2.057683017031575e-12,3.1619081497192383,334.8831787109375,27.726110458374023,16,-1,43.108948839084995,5.0,0.0,45.0,8,1,frear,0.0,0.6,0.0,15.0
152995,17.900000000000002,334.9602355957031,27.726158142089844,-0.003810291178524494,91.16387939453125,0.00010928302071988583,3.2559173632762395e-06,3.8175677963456405e-08,0.0,1.0,-0.012935766950249672,1,-1.2054252707116575e-08,-5.650981904636865e-09,0.0,0.00024517837485994563,0.002995796654957473,2.796189546585083,1.871108906925656e-05,-5.57468410988804e-07,9.8100004196167,-3.841847728836001e-09,1.261198256941043e-08,6.762608051671948e-13,3.1619081497192383,334.8831787109375,27.726110458374023,16,-1,43.108948839084995,5.0,0.0,45.0,8,1,frear,0.0,0.6,0.0,15.0
152996,17.95,334.9602355957031,27.726158142089844,-0.003810291178524494,91.16387939453125,0.00010928302071988583,3.2559173632762395e-06,2.291808214976424e-07,0.0,1.0,-0.012935766950249672,1,1.4455356911469153e-08,-2.571820232333266e-07,-5.34057608092553e-06,0.00024934164462443563,0.002989624903037281,2.796189546585083,1.871108906925656e-05,-5.57468410988804e-07,9.8100004196167,-6.91395030116837e-09,-1.2046267272580735e-07,-1.9868587677884797e-11,3.1619081497192383,334.8831787109375,27.726110458374023,16,-1,43.108948839084995,5.0,0.0,45.0,8,1,frear,0.0,0.6,0.0,15.0
152997,18.0,334.9602355957031,27.726158142089844,-0.003810291178524494,91.16387939453125,0.00010928302071988583,3.2559173632762395e-06,9.590430287995317e-08,0.0,1.0,-0.012935766950249672,1,1.8327391160255502e-07,1.395186473018839e-07,2.670288040462765e-06,0.0002568138479889359,0.0030004365240330908,2.796189546585083,1.871108906925656e-05,-5.57468410988804e-07,9.8100004196167,9.010310009216482e-08,-5.0095476211708956e-08,-8.741393893452187e-12,3.1619081497192383,334.8831787109375,27.726110458374023,16,-1,43.108948839084995,5.0,0.0,45.0,8,1,frear,0.0,0.6,0.0,15.0
152998,18.05,334.9602355957031,27.726158142089844,-0.003810291178524494,91.16387939453125,0.00010928302071988583,3.2559173632762395e-06,4.772989848387594e-08,0.0,1.0,-0.012935766950249672,1,-1.8679058655379777e-07,1.3581311009147612e-07,2.8610227218450746e-06,0.00024894958546063493,0.0030284218933758775,2.796189546585083,1.871108906925656e-05,-5.57468410988804e-07,9.8100004196167,-6.869976587609017e-09,2.249709041279857e-08,-3.1036015771257475e-12,3.1619081497192383,334.8831787109375,27.726110458374023,16,-1,43.108948839084995,5.0,0.0,45.0,8,1,frear,0.0,0.6,0.0,15.0
152999,18.1,334.9602355957031,27.726158142089844,-0.003810291178524494,91.16387939453125,0.00010928302071988583,3.2559173632762395e-06,0.0,0.0,1.0,-0.012935766950249672,1,7.501139265286838e-09,-4.1308876319590127e-08,-9.536742595628311e-07,0.0002526096916769649,0.0030101015816513263,2.796189546585083,1.871108906925656e-05,-5.57468410988804e-07,9.8100004196167,0.0,0.0,0.0,3.1619081497192383,334.8831787109375,27.726110458374023,16,-1,43.108948839084995,5.0,0.0,45.0,8,1,frear,0.0,0.6,0.0,15.0
153000,18.150000000000002,334.9602355957031,27.726158142089844,-0.003810291178524494,91.16387939453125,0.00010928302071988583,3.2559173632762395e-06,9.551480503274522e-09,0.0,1.0,-0.012935766950249672,1,-3.2907496727574426e-09,1.0084465706938772e-08,1.9073485191256623e-07,0.00026790619543838433,0.0030178409011370486,2.796189546585083,1.871108906925656e-05,-5.57468410988804e-07,9.8100004196167,-1.435128904603289e-09,5.452763129909499e-09,-4.824949034060166e-13,3.1619081497192383,334.8831787109375,27.726110458374023,16,-1,43.108948839084995,5.0,0.0,45.0,8,1,frear,0.0,0.6,0.0,15.0
153001,18.2,334.9602355957031,27.726158142089844,-0.003810291178524494,91.16387939453125,0.00010928302071988583,3.2559173632762395e-06,1.1496034582306656e-07,0.0,1.0,-0.012935766950249672,1,-1.819616102238797e-07,-1.2560397522065614e-07,-2.47955313170678e-06,0.00022926693330894808,0.0030116388296193572,2.796189546585083,1.871108906925656e-05,-5.57468410988804e-07,9.8100004196167,-1.0049524235000717e-07,-5.741661368574569e-08,-1.2312324770835659e-11,3.1619081497192383,334.8831787109375,27.726110458374023,16,-1,43.108948839084995,5.0,0.0,45.0,8,1,frear,0.0,0.6,0.0,15.0
153002,18.25,334.9602355957031,27.726158142089844,-0.003810291178524494,91.16387939453125,0.00010928302071988583,3.2559173632762395e-06,1.910242956761059e-08,0.0,1.0,-0.012935766950249672,1,1.8169328086514724e-07,1.3623939310036803e-07,2.670288040462765e-06,0.00024162614457757912,0.0030184440471004445,2.796189546585083,1.871108906925656e-05,-5.57468410988804e-07,9.8100004196167,-1.285810569129353e-09,1.1238988406603312e-08,-1.326292482957403e-12,3.1619081497192383,334.8831787109375,27.726110458374023,16,-1,43.108948839084995,5.0,0.0,45.0,8,1,frear,0.0,0.6,0.0,15.0
153003,18.3,334.9602355957031,27.726158142089844,-0.003810291178524494,91.16387939453125,0.00010928302071988583,3.2559173632762395e-06,2.8652296068899247e-08,0.0,1.0,-0.012935766950249672,1,-9.106368437095114e-10,9.997734196076635e-09,1.9073485191256623e-07,0.0002471223563477298,0.0030250758942003695,2.796189546585083,1.871108906925656e-05,-5.57468410988804e-07,9.8100004196167,-2.7294539961530973e-09,1.6691858562012385e-08,-2.2284882272849416e-12,3.1619081497192383,334.8831787109375,27.726110458374023,16,-1,43.108948839084995,5.0,0.0,45.0,8,1,frear,0.0,0.6,0.0,15.0
153004,18.35,334.9602355957031,27.726158142089844,-0.003810291178524494,91.16387939453125,0.00010928302071988583,3.2559173632762395e-06,3.8179966351940804e-08,0.0,1.0,-0.012935766950249672,1,-5.203507069673208e-10,6.264211371842521e-10,1.9073485191256623e-07,0.0002544228573585616,0.0030157112965554797,2.796189546585083,1.871108906925656e-05,-5.57468410988804e-07,9.8100004196167,-1.1323173509936169e-09,1.7025211462851075e-08,-1.9172489117147418e-12,3.1619081497192383,334.8831787109375,27.726110458374023,16,-1,43.108948839084995,5.0,0.0,45.0,8,1,frear,0.0,0.6,0.0,15.0
153005,18.400000000000002,334.9602355957031,27.726158142089844,-0.003810291178524494,91.16387939453125,0.00010928302071988583,3.2559173632762395e-06,9.651910272448677e-08,0.0,1.0,-0.012935766950249672,1,2.891051167352998e-07,-1.1895188123389744e-07,-2.6702878130890895e-06,0.00026011650519443095,0.002993201914776534,2.796189546585083,1.871108906925656e-05,-5.57468410988804e-07,9.8100004196167,9.634062791974429e-08,-5.046933182484281e-08,1.1524593779288494e-11,3.1619081497192383,334.8831787109375,27.726110458374023,16,-1,43.108948839084995,5.0,0.0,45.0,8,1,frear,0.0,0.6,0.0,15.0
153006,18.45,334.9602355957031,27.726158142089844,-0.003810291178524494,91.16387939453125,0.00010928302071988583,3.2559173632762395e-06,4.772746156306743e-08,0.0,1.0,-0.012935766950249672,1,-2.870663138310192e-07,1.2836237317515042e-07,2.8610227218450746e-06,0.0002559811823973479,0.0030144723696850515,2.796189546585083,1.871108906925656e-05,-5.57468410988804e-07,9.8100004196167,-2.729034775938999e-10,2.2127469634369845e-08,-3.0787100299689563e-12,3.1619081497192383,334.8831787109375,27.726110458374023,16,-1,43.108948839084995,5.0,0.0,45.0,8,1,frear,0.0,0.6,0.0,15.0
153007,18.5,334.9602355957031,27.726158142089844,-0.003810291178524494,91.16387939453125,0.00010928302071988583,3.2559173632762395e-06,3.818948580312218e-08,0.0,1.0,-0.012935766950249672,1,-1.3705258261609288e-08,-8.806013696016635e-09,-1.907348234908568e-07,0.0002506395744946832,0.003023847828970417,2.796189546585083,1.871108906925656e-05,-5.57468410988804e-07,9.8100004196167,-1.0587974941245193e-09,1.7365344717745756e-08,-7.701128688746006e-14,3.1619081497192383,334.8831787109375,27.726110458374023,16,-1,43.108948839084995,5.0,0.0,45.0,8,1,frear,0.0,0.6,0.0,15.0
153008,18.55,334.9602355957031,27.726158142089844,-0.003810291178524494,91.16387939453125,0.00010928302071988583,3.2559173632762395e-06,9.543477682266576e-09,0.0,1.0,-0.012935766950249672,1,1.3287322353505715e-08,-2.5620119359359705e-08,-5.722045557376987e-07,0.00023994486313107076,0.0030025814290440276,2.796189546585083,1.871108906925656e-05,-5.57468410988804e-07,9.8100004196167,-1.6251673340406114e-09,3.4111811153536564e-09,-1.6356611432042506e-13,3.1619081497192383,334.8831787109375,27.726110458374023,16,-1,43.108948839084995,5.0,0.0,45.0,8,1,frear,0.0,0.6,0.0,15.0
153009,18.6,334.9602355957031,27.726158142089844,-0.003810291178524494,91.16387939453125,0.00010928302071988583,3.2559173632762395e-06,1.9108591576085925e-08,0.0,1.0,-0.012935766950249672,1,-2.0927357624600518e-09,1.6173389738582955e-08,1.9073485191256623e-07,0.0002493381584459786,0.0030040188058393933,2.796189546585083,1.871108906925656e-05,-5.57468410988804e-07,9.8100004196167,-2.569148893627471e-09,5.78898795566829e-09,3.352813859880399e-11,3.1619081497192383,334.8831787109375,27.726110458374023,16,-1,43.108948839084995,5.0,0.0,45.0,8,1,frear,0.0,0.6,0.0,15.0
153010,18.650000000000002,334.9602355957031,27.726158142089844,-0.003810291178524494,91.16387939453125,0.00010928302071988583,3.2559173632762395e-06,2.863011824025799e-08,0.0,1.0,-0.012935766950249672,1,2.475475380236958e-10,-1.8087820130574528e-09,1.9073485191256623e-07,0.00023326673457425671,0.0030147950302109048,2.796189546585083,1.871108906925656e-05,-5.57468410988804e-07,9.8100004196167,-4.016079913071735e-09,1.1251088061214887e-08,-1.3736465307237489e-12,3.1619081497192383,334.8831787109375,27.726110458374023,16,-1,43.108948839084995,5.0,0.0,45.0,8,1,frear,0.0,0.6,0.0,15.0
153011,18.7,334.9602355957031,27.726158142089844,-0.003810291178524494,91.16387939453125,0.00010928302071988583,3.2559173632762395e-06,3.818365432156834e-08,0.0,1.0,-0.012935766950249672,1,-1.284972572790366e-08,7.479461494597217e-09,1.9073485191256623e-07,0.0002478015243584497,0.003002059077132969,2.796189546585083,1.871108906925656e-05,-5.57468410988804e-07,9.8100004196167,-2.8076581060076933e-09,1.533061855241158e-08,2.888163070247779e-13,3.1619081497192383,334.8831787109375,27.726110458374023,16,-1,43.108948839084995,5.0,0.0,45.0,8,1,frear,0.0,0.6,0.0,15.0
153012,18.75,334.9602355957031,27.726158142089844,-0.003810291178524494,91.16387939453125,0.00010928302071988583,3.2559173632762395e-06,4.772280568387862e-08,0.0,1.0,-0.012935766950249672,1,1.2409470784291443e-08,1.0036234066035377e-08,1.907348234908568e-07,0.000249052355647662,0.003020322457430836,2.796189546585083,1.871108906925656e-05,-5.57468410988804e-07,9.8100004196167,-4.298993161455655e-09,2.078367167257511e-08,-2.8586792221590995e-12,3.1619081497192383,334.8831787109375,27.726110458374023,16,-1,43.108948839084995,5.0,0.0,45.0,8,1,frear,0.0,0.6,0.0,15.0
153013,18.8,334.9602355957031,27.726158142089844,-0.003810291178524494,91.16387939453125,0.00010928302071988583,3.2559173632762395e-06,5.7250456309495906e-08,0.0,1.0,-0.012935766950249672,1,-1.2053602560513355e-08,-5.650977463744766e-09,1.9073489454513037e-07,0.00024744186126802846,0.003015423496506798,2.796189546585083,1.871108906925656e-05,-5.57468410988804e-07,9.8100004196167,-2.5868800435091543e-09,1.771248925308555e-08,-1.2478034014037909e-13,3.1619081497192383,334.8831787109375,27.726110458374023,16,-1,43.108948839084995,5.0,0.0,45.0,8,1,frear,0.0,0.6,0.0,15.0
153014,18.85,334.9602355957031,27.726158142089844,-0.003810291178524494,91.16387939453125,0.00010928302071988583,3.2559173632762395e-06,5.741950910939335e-08,0.0,1.0,-0.012935766950249672,1,-7.005715474406315e-08,5.190576857216911e-09,0.0,0.0002518582330483088,0.003021483309183338,2.796189546585083,1.871108906925656e-05,-5.57468410988804e-07,9.8100004196167,-7.411422586756089e-10,1.8041182769934494e-08,1.152281482036388e-11,3.1619081497192383,334.8831787109375,27.726110458374023,16,-1,43.108948839084995,5.0,0.0,45.0,8,1,frear,0.0,0.6,0.0,15.0
153015,18.900000000000002,334.9602355957031,27.726158142089844,-0.003810291178524494,91.16387939453125,0.00010928302071988583,3.2559173632762395e-06,6.755518361105252e-08,0.0,1.0,-0.012935766950249672,1,-9.754548102591798e-08,-1.3011376154281606e-07,-2.47955313170678e-06,0.00024278499726072654,0.0030135475404478593,2.796189546585083,1.871108906925656e-05,-5.57468410988804e-07,9.8100004196167,-1.0010316486841475e-07,-4.4823330824783625e-08,-1.427631797501494e-11,3.1619081497192383,334.8831787109375,27.726110458374023,16,-1,43.108948839084995,5.0,0.0,45.0,8,1,frear,0.0,0.6,0.0,15.0
153016,18.95,334.9602355957031,27.726158142089844,-0.003810291178524494,91.16387939453125,0.00010928302071988583,3.2559173632762395e-06,9.539180278048522e-09,0.0,1.0,-0.012935766950249672,1,1.818477670667562e-07,9.49353946566589e-08,1.5258788153005298e-06,0.00023767335100067897,0.002990484688396634,2.796189546585083,1.871108906925656e-05,-5.57468410988804e-07,9.8100004196167,-1.8151501413044002e-09,1.369601099199258e-09,1.273058264708582e-13,3.1619081497192383,334.8831787109375,27.726110458374023,16,-1,43.108948839084995,5.0,0.0,45.0,8,1,frear,0.0,0.6,0.0,15.0
153017,19.0,334.9602355957031,27.726158142089844,-0.003810291178524494,91.16387939453125,0.00010928302071988583,3.2559173632762395e-06,1.908520743850747e-08,0.0,1.0,-0.012935766950249672,1,-1.1161876978249552e-09,9.997549454965338e-09,1.9073485191256623e-07,0.00024752193193101733,0.003004740959184516,2.796189546585083,1.871108906925656e-05,-5.57468410988804e-07,9.8100004196167,-3.258058267618935e-09,6.822466591671628e-09,-6.872605783081465e-13,3.1619081497192383,334.8831787109375,27.726110458374023,16,-1,43.108948839084995,5.0,0.0,45.0,8,1,frear,0.0,0.6,0.0,15.0
153018,19.05,334.9602355957031,27.726158142089844,-0.003810291178524494,91.16387939453125,0.00010928302071988583,3.2559173632762395e-06,1.9094845032139395e-08,0.0,1.0,-0.012935766950249672,1,-8.925701844297862e-10,4.641696804696949e-09,0.0,0.00024932730874262064,0.003025031699124326,2.796189546585083,1.871108906925656e-05,-5.57468410988804e-07,9.8100004196167,-4.2054963955706626e-09,9.209291107481477e-09,2.076053955482604e-12,3.1619081497192383,334.8831787109375,27.726110458374023,16,-1,43.108948839084995,5.0,0.0,45.0,8,1,frear,0.0,0.6,0.0,15.0
153019,19.1,334.9602355957031,27.726158142089844,-0.003810291178524494,91.16387939453125,0.00010928302071988583,3.2559173632762395e-06,2.8643703089281656e-08,0.0,1.0,-0.012935766950249672,1,-9.527545419274475e-10,9.722907812204085e-09,1.9073485191256623e-07,0.00024349014760239983,0.0030357901228655346,2.796189546585083,1.871108906925656e-05,-5.57468410988804e-07,9.8100004196167,-5.648971068694664e-09,1.4662374425711278e-08,-1.8980244893135323e-12,3.1619081497192383,334.8831787109375,27.726110458374023,16,-1,43.108948839084995,5.0,0.0,45.0,8,1,frear,0.0,0.6,0.0,15.0
153020,19.150000000000002,334.9602355957031,27.726158142089844,-0.003810291178524494,91.16387939453125,0.00010928302071988583,3.2559173632762395e-06,9.600303785950488e-08,0.0,1.0,-0.012935766950249672,1,1.9520021510288643e-07,-1.4103167700341146e-07,-2.47955313170678e-06,0.0002769824086842465,0.003020879339217742,2.796189546585083,1.871108906925656e-05,-5.57468410988804e-07,9.8100004196167,1.0198505862035745e-07,-6.070042957162514e-08,-8.288736016992537e-12,3.1619081497192383,334.8831787109375,27.726110458374023,16,-1,43.108948839084995,5.0,0.0,45.0,8,1,frear,0.0,0.6,0.0,15.0
153021,19.200000000000003,334.9602355957031,27.726158142089844,-0.003810291178524494,91.16387939453125,0.00010928302071988583,3.2559173632762395e-06,4.7696470185540823e-08,0.0,1.0,-0.012935766950249672,1,-1.8783279642775597e-07,1.3614105398573884e-07,2.8610227218450746e-06,0.00025719793760593633,0.002990649379697231,2.796189546585083,1.871108906925656e-05,-5.57468410988804e-07,9.8100004196167,5.015689641396648e-09,1.189187059935648e-08,-1.5071781713296706e-12,3.1619081497192383,334.8831787109375,27.726110458374023,16,-1,43.108948839084995,5.0,0.0,45.0,8,1,frear,0.0,0.6,0.0,15.0
153022,19.25,334.9602355957031,27.726158142089844,-0.003810291178524494,91.16387939453125,0.00010928302071988583,3.2559173632762395e-06,5.7242875215671365e-08,0.0,1.0,-0.012935766950249672,1,-1.0966789698585444e-09,9.995561711662049e-09,1.9073489454513037e-07,0.00024303379954083824,0.003017092488860896,2.796189546585083,1.871108906925656e-05,-5.57468410988804e-07,9.8100004196167,3.5727101277416295e-09,1.7344738978408714e-08,-2.3605071890198115e-12,3.1619081497192383,334.8831787109375,27.726110458374023,16,-1,43.108948839084995,5.0,0.0,45.0,8,1,frear,0.0,0.6,0.0,15.0
153023,19.3,334.9602355957031,27.726158142089844,-0.003810291178524494,91.16387939453125,0.00010928302071988583,3.2559173632762395e-06,4.770448848422387e-08,0.0,1.0,-0.012935766950249672,1,-3.852671959236886e-09,-4.168692058215129e-09,-1.9073489454513037e-07,0.0002650671458811604,0.0030195014656584926,2.796189546585083,1.871108906925656e-05,-5.57468410988804e-07,9.8100004196167,-4.453251989389173e-09,1.499729407328232e-08,1.1068501800867714e-12,3.1619081497192383,334.8831787109375,27.726110458374023,16,-1,43.108948839084995,5.0,0.0,45.0,8,1,frear,0.0,0.6,0.0,15.0
153024,19.35,334.9602355957031,27.726158142089844,-0.003810291178524494,91.16387939453125,0.00010928302071988583,3.2559173632762395e-06,2.1011498415944664e-07,0.0,1.0,-0.012935766950249672,1,4.141132325941044e-09,-2.5481625698375865e-07,-5.149840944795869e-06,0.00022955881744358807,0.003021660366883395,2.796189546585083,1.871108906925656e-05,-5.57468410988804e-07,9.8100004196167,-5.0162327625002945e-09,-1.1672673849716375e-07,-2.0007752399298084e-11,3.1619081497192383,334.8831787109375,27.726110458374023,16,-1,43.108948839084995,5.0,0.0,45.0,8,1,frear,0.0,0.6,0.0,15.0
153025,19.400000000000002,334.9602355957031,27.726158142089844,-0.003810291178524494,91.16387939453125,0.00010928302071988583,3.2559173632762395e-06,9.547017853263328e-09,0.0,1.0,-0.012935766950249672,1,-3.4644263013916543e-09,2.3515438840604475e-07,4.38690176451928e-06,0.00023802892795877882,0.003010788395002407,2.796189546585083,1.871108906925656e-05,-5.57468410988804e-07,9.8100004196167,-1.5301484523888575e-09,4.431972566720788e-09,-3.229124866804822e-13,3.1619081497192383,334.8831787109375,27.726110458374023,16,-1,43.108948839084995,5.0,0.0,45.0,8,1,frear,0.0,0.6,0.0,15.0
153026,19.450000000000003,334.9602355957031,27.726158142089844,-0.003810291178524494,91.16387939453125,0.00010928302071988583,3.2559173632762395e-06,1.9096488764460153e-08,0.0,1.0,-0.012935766950249672,1,-1.1322289772408567e-09,9.995138938734272e-09,1.9073485191256623e-07,0.00025266769856692293,0.0030145814603912977,2.796189546585083,1.871108906925656e-05,-5.57468410988804e-07,9.8100004196167,-2.972999624262229e-09,9.884841389862231e-09,-1.1660746153385748e-12,3.1619081497192383,334.8831787109375,27.726110458374023,16,-1,43.108948839084995,5.0,0.0,45.0,8,1,frear,0.0,0.6,0.0,15.0
153027,19.5,334.9602355957031,27.726158142089844,-0.003810291178524494,91.16387939453125,0.00010928302071988583,3.2559173632762395e-06,1.9799752879665195e-08,0.0,1.0,-0.012935766950249672,1,-9.750795726404249e-08,1.1715822978430879e-08,0.0,0.0002516493494001526,0.003021988887283612,2.796189546585083,1.871108906925656e-05,-5.57468410988804e-07,9.8100004196167,-1.4618075638850314e-09,1.395973114881599e-08,1.1417139803016063e-11,3.1619081497192383,334.8831787109375,27.726110458374023,16,-1,43.108948839084995,5.0,0.0,45.0,8,1,frear,0.0,0.6,0.0,15.0
153028,19.55,334.9602355957031,27.726158142089844,-0.003810291178524494,91.16387939453125,0.00010928302071988583,3.2559173632762395e-06,2.866696153635e-08,0.0,1.0,-0.012935766950249672,1,9.706339909598682e-08,5.799831725994409e-09,1.9073485191256623e-07,0.00024289494562047652,0.003002300461574293,2.796189546585083,1.871108906925656e-05,-5.57468410988804e-07,9.8100004196167,-3.2559128726461495e-09,1.9417431218471393e-08,-2.6493867863464082e-12,3.1619081497192383,334.8831787109375,27.726110458374023,16,-1,43.108948839084995,5.0,0.0,45.0,8,1,frear,0.0,0.6,0.0,15.0
153029,19.6,334.9602355957031,27.726158142089844,-0.003810291178524494,91.16387939453125,0.00010928302071988583,3.2559173632762395e-06,2.8671197653409066e-08,0.0,1.0,-0.012935766950249672,1,-1.2280335859315983e-08,-2.527476006264351e-09,0.0,0.00023971155955017197,0.003011740952231946,2.796189546585083,1.871108906925656e-05,-5.57468410988804e-07,9.8100004196167,-4.120593644074688e-09,1.8059687079130526e-08,-2.1289612054612578e-13,3.1619081497192383,334.8831787109375,27.726110458374023,16,-1,43.108948839084995,5.0,0.0,45.0,8,1,frear,0.0,0.6,0.0,15.0
153030,19.650000000000002,334.9602355957031,27.726158142089844,-0.003810291178524494,91.16387939453125,0.00010928302071988583,3.2559173632762395e-06,9.599963307059341e-08,0.0,1.0,-0.012935766950249672,1,2.1339117495244864e-07,-1.326752396835218e-07,-2.47955313170678e-06,0.00024979286914707076,0.0030209290049044166,2.796189546585083,1.871108906925656e-05,-5.57468410988804e-07,9.8100004196167,9.369763631639216e-08,-5.283461490535046e-08,-8.632682242659673e-12,3.1619081497192383,334.8831787109375,27.726110458374023,16,-1,43.108948839084995,5.0,0.0,45.0,8,1,frear,0.0,0.6,0.0,15.0
153031,19.700000000000003,334.9602355957031,27.726158142089844,-0.003810291178524494,91.16387939453125,0.00010928302071988583,3.2559173632762395e-06,4.771895966158813e-08,0.0,1.0,-0.012935766950249672,1,-2.0112771892399905e-07,1.358284293928591e-07,2.8610227218450746e-06,0.00025894965168639204,0.002993701247376691,2.796189546585083,1.871108906925656e-05,-5.57468410988804e-07,9.8100004196167,-3.224110756150367e-09,1.9757729674552138e-08,-2.6941903569221992e-12,3.1619081497192383,334.8831787109375,27.726110458374023,16,-1,43.108948839084995,5.0,0.0,45.0,8,1,frear,0.0,0.6,0.0,15.0
153032,19.75,334.9602355957031,27.726158142089844,-0.003810291178524494,91.16387939453125,0.00010928302071988583,3.2559173632762395e-06,4.7723301374933466e-08,0.0,1.0,-0.012935766950249672,1,-2.343528038295517e-09,1.8407408930443125e-09,0.0,0.00026182779132589816,0.0030059015444550705,2.796189546585083,1.871108906925656e-05,-5.57468410988804e-07,9.8100004196167,-6.6385226205056824e-09,2.079409355815187e-08,-2.813024769718342e-12,3.1619081497192383,334.8831787109375,27.726110458374023,16,-1,43.108948839084995,5.0,0.0,45.0,8,1,frear,0.0,0.6,0.0,15.0
153033,19.8,334.9602355957031,27.726158142089844,-0.003810291178524494,91.16387939453125,0.00010928302071988583,3.2559173632762395e-06,1.9783802257590098e-08,0.0,1.0,-0.012935766950249672,1,1.1211486139472981e-07,-4.506290451899986e-08,-1.3351439065445447e-06,0.0002522982163443277,0.0030145689443799592,2.796189546585083,1.871108906925656e-05,-5.57468410988804e-07,9.8100004196167,3.9760434944469125e-09,-7.852746897185625e-09,2.134118576302413e-11,3.1619081497192383,334.8831787109375,27.726110458374023,16,-1,43.108948839084995,5.0,0.0,45.0,8,1,frear,0.0,0.6,0.0,15.0
153034,19.85,334.9602355957031,27.726158142089844,-0.003810291178524494,91.16387939453125,0.00010928302071988583,3.2559173632762395e-06,1.9996924512177794e-08,0.0,1.0,-0.012935766950249672,1,1.2141150307343196e-08,-2.041974767053034e-08,0.0,0.00024588293425743644,0.0030128497911193217,2.796189546585083,1.871108906925656e-05,-5.57468410988804e-07,9.8100004196167,1.873388200124282e-08,-1.2674618687924522e-08,-1.2044308259073766e-11,3.1619081497192383,334.8831787109375,27.726110458374023,16,-1,43.108948839084995,5.0,0.0,45.0,8,1,frear,0.0,0.6,0.0,15.0
153035,19.900000000000002,334.9602355957031,27.726158142089844,-0.003810291178524494,91.16387939453125,0.00010928302071988583,3.2559173632762395e-06,1.919462066962844e-08,0.0,1.0,-0.012935766950249672,1,-8.980844512507247e-08,-6.099523108815674e-09,0.0,0.00025455255766949734,0.0029900875411642,2.796189546585083,1.871108906925656e-05,-5.57468410988804e-07,9.8100004196167,3.610567134160192e-08,-1.8541904012181476e-08,2.600199569546824e-12,3.1619081497192383,334.8831787109375,27.726110458374023,16,-1,43.108948839084995,5.0,0.0,45.0,8,1,frear,0.0,0.6,0.0,15.0
153036,19.950000000000003,334.9602355957031,27.726158142089844,-0.003810291178524494,91.16387939453125,0.00010928302071988583,3.2559173632762395e-06,1.9302604431889477e-08,0.0,1.0,-0.012935766950249672,1,2.0599461691972465e-08,-1.7318857459258652e-09,0.0,0.0002454483067483426,0.0030235643858561043,2.796189546585083,1.871108906925656e-05,-5.57468410988804e-07,9.8100004196167,4.531800357199245e-08,-1.9603982437388368e-08,2.741351254071517e-13,3.1619081497192383,334.8831787109375,27.726110458374023,16,-1,43.108948839084995,5.0,0.0,45.0,8,1,frear,0.0,0.6,0.0,15.0
153037,20.0,334.9602355957031,27.726158142089844,-0.003810291178524494,91.16387939453125,0.00010928302071988583,3.2559173632762395e-06,2.0551377185466246e-08,0.4090000092983246,0.0,0.0,1,1.005215821692218e-07,-2.700057954996282e-09,0.0,0.00024937861296926543,0.002995367630845237,2.796189546585083,1.871108906925656e-05,-5.57468410988804e-07,9.8100004196167,4.697627886685041e-08,-1.892743739517755e-08,-6.2877186096654825e-12,3.1619081497192383,334.8831787109375,27.726110458374023,16,-1,43.108948839084995,5.0,0.0,45.0,8,1,cruzeiro,0.409,0.0,0.0,40.0
153038,20.05,334.9602355957031,27.726158142089844,-0.003810291178524494,91.16387939453125,0.00010928302071988583,3.2559173632762395e-06,2.9664447366702378e-08,0.4090000092983246,0.0,0.0,1,3.1861802085586532e-09,-2.482840599782321e-09,-1.9073485191256623e-07,0.00026016923951622915,0.003028545870236655,2.796189546585083,1.871108906925656e-05,-5.57468410988804e-07,9.8100004196167,5.152863025159604e-08,-2.0309226300696537e-08,-6.379549666313267e-12,3.1619081497192383,334.8831787109375,27.726110458374023,16,-1,43.108948839084995,5.0,0.0,45.0,8,1,cruzeiro,0.409,0.0,0.0,40.0
153039,20.1,334.9602355957031,27.726158142089844,-0.003810291178524494,91.16387939453125,0.00010928302071988583,3.2559173632762395e-06,1.147271858931427e-07,0.0,1.0,0.009732878766953945,1,-2.9158695724618156e-07,1.216387914837469e-07,2.8610227218450746e-06,0.00023655127282630305,0.003008859603213011,2.796189546585083,1.871108906925656e-05,-5.57468410988804e-07,9.8100004196167,-3.462200837134333e-08,4.270152231811153e-08,3.69811689951427e-12,3.1619081497192383,334.8831787109375,27.726110458374023,16,-1,43.108948839084995,5.0,0.0,45.0,8,1,cruzeiro,0.409,0.0,0.0,40.0
153040,20.150000000000002,334.9602355957031,27.726158142089844,-0.003810291178524494,91.16387939453125,0.00010928302071988583,3.2559173632762395e-06,2.1005489246054534e-08,0.0,1.0,-0.020882844924926758,1,3.073016614507651e-07,-1.3624747907670098e-07,-2.670288040462765e-06,0.0002465366210687836,0.0030201279565318937,2.796189546585083,1.871108906925656e-05,-5.57468410988804e-07,9.8100004196167,6.794176954372233e-08,-2.8210990876686992e-08,-1.6214427370209172e-11,3.1619081497192383,334.8831787109375,27.726110458374023,16,-1,43.108948839084995,5.0,0.0,45.0,8,1,cruzeiro,0.409,0.0,0.0,40.0
153041,20.200000000000003,334.9602355957031,27.726158142089844,-0.003810291178524494,91.16387939453125,0.00010928302071988583,3.2559173632762395e-06,0.0,0.0,1.0,-0.012935766950249672,1,-1.6720247231205576e-07,5.492195498391084e-08,3.8146970382513246e-07,0.00024053150722259774,0.0029955158584727424,2.796189546585083,1.871108906925656e-05,-5.57468410988804e-07,9.8100004196167,0.0,0.0,0.0,3.1619081497192383,334.8831787109375,27.726110458374023,16,-1,43.108948839084995,5.0,0.0,45.0,8,1,cruzeiro,0.409,0.0,0.0,40.0
153042,20.25,334.9602355957031,27.726158142089844,-0.003810291178524494,91.16387939453125,0.00010928302071988583,3.2559173632762395e-06,9.551480503274522e-09,0.0,1.0,-0.012935766950249672,1,-3.2907496727574426e-09,1.0084465706938772e-08,1.9073485191256623e-07,0.00025146243505126507,0.00300666103619568,2.796189546585083,1.871108906925656e-05,-5.57468410988804e-07,9.8100004196167,-1.435128904603289e-09,5.452763129909499e-09,-4.825024386111154e-13,3.1619081497192383,334.8831787109375,27.726110458374023,16,-1,43.108948839084995,5.0,0.0,45.0,8,1,cruzeiro,0.409,0.0,0.0,40.0
153043,20.3,334.9602355957031,27.726158142089844,-0.003810291178524494,91.16387939453125,0.00010928302071988583,3.2559173632762395e-06,1.1496932758691701e-07,0.0,1.0,-0.012935766950249672,1,1.9208422941119352e-07,-1.23425934361876e-07,-2.47955313170678e-06,0.0002592800401887263,0.0030107776276083196,2.796189546585083,1.871108906925656e-05,-5.57468410988804e-07,9.8100004196167,9.849873805478637e-08,-6.034472477267627e-08,-7.777167798650453e-12,3.1619081497192383,334.8831787109375,27.726110458374023,16,-1,43.108948839084995,5.0,0.0,45.0,8,1,cruzeiro,0.409,0.0,0.0,40.0
153044,20.35,334.9602355957031,27.726158142089844,-0.003810291178524494,91.16387939453125,0.00010928302071988583,3.2559173632762395e-06,2.862199402638738e-08,0.0,1.0,-0.012935766950249672,1,-1.8848740523935703e-07,1.297501626140729e-07,2.8610227218450746e-06,0.00024689833029491014,0.0029925530376005436,2.796189546585083,1.871108906925656e-05,-5.57468410988804e-07,9.8100004196167,6.686917686238303e-09,8.820813413024098e-09,-6.361429395404516e-13,3.1619081497192383,334.8831787109375,27.726110458374023,16,-1,43.108948839084995,5.0,0.0,45.0,8,1,cruzeiro,0.409,0.0,0.0,40.0
153045,20.400000000000002,334.9602355957031,27.726158142089844,-0.003810291178524494,91.16387939453125,0.00010928302071988583,3.2559173632762395e-06,3.816988175072297e-08,0.0,1.0,-0.012935766950249672,1,7.632809939650542e-10,1.0015209994662655e-08,1.9073485191256623e-07,0.0002428865450726636,0.0029969490520472273,2.796189546585083,1.871108906925656e-05,-5.57468410988804e-07,9.8100004196167,5.237278166703163e-09,1.4273695114752627e-08,-1.8896331981793635e-12,3.1619081497192383,334.8831787109375,27.726110458374023,16,-1,43.108948839084995,5.0,0.0,45.0,8,1,cruzeiro,0.409,0.0,0.0,40.0
153046,20.450000000000003,334.9602355957031,27.726158142089844,-0.003810291178524494,91.16387939453125,0.00010928302071988583,3.2559173632762395e-06,4.7718469803781187e-08,0.0,1.0,-0.012935766950249672,1,-1.1320633319655826e-09,9.99514426780479e-09,1.907348234908568e-07,0.0002472488916171034,0.003011133357588903,2.796189546585083,1.871108906925656e-05,-5.57468410988804e-07,9.8100004196167,3.794427883008211e-09,1.97265652701617e-08,-2.732903963895139e-12,3.1619081497192383,334.8831787109375,27.726110458374023,16,-1,43.108948839084995,5.0,0.0,45.0,8,1,cruzeiro,0.409,0.0,0.0,40.0
153047,20.5,334.9602355957031,27.726158142089844,-0.003810291178524494,91.16387939453125,0.00010928302071988583,3.2559173632762395e-06,5.724858127637068e-08,0.0,1.0,-0.012935766950249672,1,-1.17068745808524e-08,-2.5193713781845872e-09,1.9073489454513037e-07,0.0002415065846778208,0.003022713034241121,2.796189546585083,1.871108906925656e-05,-5.57468410988804e-07,9.8100004196167,3.318580965583351e-09,1.8367090959259258e-08,-3.2895585669497074e-13,3.1619081497192383,334.8831787109375,27.726110458374023,16,-1,43.108948839084995,5.0,0.0,45.0,8,1,cruzeiro,0.409,0.0,0.0,40.0
153048,20.55,334.9602355957031,27.726158142089844,-0.003810291178524494,91.16387939453125,0.00010928302071988583,3.2559173632762395e-06,6.753271344943397e-08,0.0,1.0,-0.012935766950249672,1,-1.7057539025699953e-07,-1.2559280548885e-07,-2.47955313170678e-06,0.0002443366893546528,0.0029948553506785056,2.796189546585083,1.871108906925656e-05,-5.57468410988804e-07,9.8100004196167,-9.578231185969344e-08,-4.45021086648012e-08,-1.4348456450763436e-11,3.1619081497192383,334.8831787109375,27.726110458374023,16,-1,43.108948839084995,5.0,0.0,45.0,8,1,cruzeiro,0.409,0.0,0.0,40.0
153049,20.6,334.9602355957031,27.726158142089844,-0.003810291178524494,91.16387939453125,0.00010928302071988583,3.2559173632762395e-06,7.632645551427467e-08,0.0,1.0,-0.012935766950249672,1,1.8169382087762642e-07,1.3623937888951332e-07,2.86102294921875e-06,0.000261176686797383,0.0030236828002472857,2.796189546585083,1.871108906925656e-05,-5.57468410988804e-07,9.8100004196167,3.4271270266117426e-09,2.4153484545763604e-08,-3.362327126790743e-12,3.1619081497192383,334.8831787109375,27.726110458374023,16,-1,43.108948839084995,5.0,0.0,45.0,8,1,cruzeiro,0.409,0.0,0.0,40.0
153050,20.650000000000002,334.9602355957031,27.726158142089844,-0.003810291178524494,91.16387939453125,0.00010928302071988583,3.2559173632762395e-06,9.605333271385465e-09,0.0,1.0,-0.012935766950249672,1,-1.821620898567744e-08,-5.755421028652563e-08,-1.716613724056515e-06,0.0002601614660650131,0.003012958233128472,2.796189546585083,1.871108906925656e-05,-5.57468410988804e-07,9.8100004196167,-1.542045069413689e-08,-6.7394054781289014e-09,3.632950602676377e-13,3.1619081497192383,334.8831787109375,27.726110458374023,16,-1,43.108948839084995,5.0,0.0,45.0,8,1,cruzeiro,0.409,0.0,0.0,40.0
153051,20.700000000000003,334.9602355957031,27.726158142089844,-0.003810291178524494,91.16387939453125,0.00010928302071988583,3.2559173632762395e-06,1.928733702982941e-08,0.0,1.0,-0.012935766950249672,1,-2.662899234451288e-08,-2.1798411964368825e-08,-1.9073485191256623e-07,0.00025092925606052917,0.003002830995754436,2.796189546585083,1.871108906925656e-05,-5.57468410988804e-07,9.8100004196167,-3.5166046075119084e-08,-1.8225279063699418e-08,1.419972537990144e-12,3.1619081497192383,334.8831787109375,27.726110458374023,16,-1,43.108948839084995,5.0,0.0,45.0,8,1,cruzeiro,0.409,0.0,0.0,40.0
153052,20.75,334.9602355957031,27.726158142089844,-0.003810291178524494,91.16387939453125,0.00010928302071988583,3.2559173632762395e-06,3.835037913864191e-08,0.0,1.0,-0.012935766950249672,1,-4.835407629855126e-09,-2.5945270820670885e-08,-3.8146970382513246e-07,0.00024174115609433387,0.0029946167229156226,2.796189546585083,1.871108906925656e-05,-5.57468410988804e-07,9.8100004196167,-4.7394017599344807e-08,-3.2127445592777804e-08,3.0860275272714954e-12,3.1619081497192383,334.8831787109375,27.726110458374023,16,-1,43.108948839084995,5.0,0.0,45.0,8,1,cruzeiro,0.409,0.0,0.0,40.0
153053,20.8,334.9602355957031,27.726158142089844,-0.003810291178524494,91.16387939453125,0.00010928302071988583,3.2559173632762395e-06,7.662696738895659e-08,0.0,1.0,-0.012935766950249672,1,1.842540342522625e-07,1.1010085643192724e-07,2.2888182229507947e-06,0.0002572682051665953,0.0030030091362079356,2.796189546585083,1.871108906925656e-05,-5.57468410988804e-07,9.8100004196167,3.796569103542424e-08,2.22923972614808e-08,1.720013714789914e-11,3.1619081497192383,334.8831787109375,27.726110458374023,16,-1,43.108948839084995,5.0,0.0,45.0,8,1,cruzeiro,0.409,0.0,0.0,40.0
153054,20.85,334.9602355957031,27.726158142089844,-0.003810291178524494,91.16387939453125,0.00010928302071988583,3.2559173632762395e-06,6.678168061512614e-08,0.0,1.0,-0.012935766950249672,1,-1.1444108594105273e-07,-1.8886126440520457e-08,-1.907348234908568e-07,0.0002270254290467466,0.0030078424470759155,2.796189546585083,1.871108906925656e-05,-5.57468410988804e-07,9.8100004196167,2.9987312188950455e-08,1.6206421094011603e-08,-2.4013718531029626e-12,3.1619081497192383,334.8831787109375,27.726110458374023,16,-1,43.108948839084995,5.0,0.0,45.0,8,1,cruzeiro,0.409,0.0,0.0,40.0
153055,20.900000000000002,334.9602355957031,27.726158142089844,-0.003810291178524494,91.16387939453125,0.00010928302071988583,3.2559173632762395e-06,7.632079141841738e-08,0.0,1.0,-0.012935766950249672,1,-3.726183805952132e-09,6.829397047880548e-09,1.907348234908568e-07,0.0002521211477303342,0.0030095015752210083,2.796189546585083,1.871108906925656e-05,-5.57468410988804e-07,9.8100004196167,2.6440730493959563e-08,1.9966613251654053e-08,-2.90823029720777e-12,3.1619081497192383,334.8831787109375,27.726110458374023,16,-1,43.108948839084995,5.0,0.0,45.0,8,1,cruzeiro,0.409,0.0,0.0,40.0
153056,20.950000000000003,334.9602355957031,27.726158142089844,-0.003810291178524494,91.16387939453125,0.00010928302071988583,3.2559173632762395e-06,4.854419685215963e-08,0.0,1.0,-0.012935766950249672,1,-1.7140997954356862e-07,-1.3159281309071957e-07,-2.47955313170678e-06,0.0002400819567244372,0.003010713367146479,2.796189546585083,1.871108906925656e-05,-5.57468410988804e-07,9.8100004196167,-7.688323933052743e-08,-4.628812177998043e-08,-1.3363976592017934e-11,3.1619081497192383,334.8831787109375,27.726110458374023,16,-1,43.108948839084995,5.0,0.0,45.0,8,1,cruzeiro,0.409,0.0,0.0,40.0
153057,21.0,334.9602355957031,27.726158142089844,-0.003810291178524494,91.16387939453125,0.00010928302071988583,3.2559173632762395e-06,9.53873643941913e-08,0.0,1.0,-0.012935766950249672,1,1.6543449987693748e-07,1.3205880122768576e-07,2.8610227218450746e-06,0.00025450085835266976,0.0029915965838683287,2.796189546585083,1.871108906925656e-05,-5.57468410988804e-07,9.8100004196167,2.0417928681126796e-08,1.3856885416885234e-08,3.213278601532643e-11,3.1619081497192383,334.8831787109375,27.726110458374023,16,-1,43.108948839084995,5.0,0.0,45.0,8,1,cruzeiro,0.409,0.0,0.0,40.0
153058,21.05,334.9602355957031,27.726158142089844,-0.003810291178524494,91.16387939453125,0.00010928302071988583,3.2559173632762395e-06,9.539180278048522e-09,0.0,1.0,-0.012935766950249672,1,-1.3242647867173218e-08,-3.518854541084693e-08,-1.716613724056515e-06,0.0002576437646327878,0.0030125050612497825,2.796189546585083,1.871108906925656e-05,-5.57468410988804e-07,9.8100004196167,-1.8151501413044002e-09,1.369601099199258e-09,1.2730584002338535e-13,3.1619081497192383,334.8831787109375,27.726110458374023,16,-1,43.108948839084995,5.0,0.0,45.0,8,1,cruzeiro,0.409,0.0,0.0,40.0
153059,21.1,334.9602355957031,27.726158142089844,-0.003810291178524494,91.16387939453125,0.00010928302071988583,3.2559173632762395e-06,1.9085207438340978e-08,0.0,1.0,-0.012935766950249672,1,-1.1161873647580478e-09,9.997549454965338e-09,1.9073485191256623e-07,0.0002335764702709031,0.003023717529302473,2.796189546585083,1.871108906925656e-05,-5.57468410988804e-07,9.8100004196167,-3.258058267618935e-09,6.822466591671628e-09,-6.872596025261912e-13,3.1619081497192383,334.8831787109375,27.726110458374023,16,-1,43.108948839084995,5.0,0.0,45.0,8,1,cruzeiro,0.409,0.0,0.0,40.0
153060,21.150000000000002,334.9602355957031,27.726158142089844,-0.003810291178524494,91.16387939453125,0.00010928302071988583,3.2559173632762395e-06,2.8633885978555244e-08,0.0,1.0,-0.012935766950249672,1,-1.1321571458111634e-09,9.99514426780479e-09,1.9073485191256623e-07,0.0002455536112281453,0.0030234397632540886,2.796189546585083,1.871108906925656e-05,-5.57468410988804e-07,9.8100004196167,-4.700909883581517e-09,1.227533719116991e-08,-1.5304775675961668e-12,3.1619081497192383,334.8831787109375,27.726110458374023,16,-1,43.108948839084995,5.0,0.0,45.0,8,1,cruzeiro,0.409,0.0,0.0,40.0
153061,21.200000000000003,334.9602355957031,27.726158142089844,-0.003810291178524494,91.16387939453125,0.00010928302071988583,3.2559173632762395e-06,3.849282704185339e-08,0.0,1.0,-0.012935766950249672,1,-9.505840381507369e-08,-1.3979484236870121e-09,1.9073485191256623e-07,0.00022809483656395345,0.0030208115282022727,2.796189546585083,1.871108906925656e-05,-5.57468410988804e-07,9.8100004196167,-2.691940004240223e-09,9.199530026648972e-09,1.1989278493607092e-11,3.1619081497192383,334.8831787109375,27.726110458374023,16,-1,43.108948839084995,5.0,0.0,45.0,8,1,cruzeiro,0.409,0.0,0.0,40.0
153062,21.25,334.9602355957031,27.726158142089844,-0.003810291178524494,91.16387939453125,0.00010928302071988583,3.2559173632762395e-06,4.770357040415198e-08,0.0,1.0,-0.012935766950249672,1,9.514477028460533e-08,5.780027567681145e-09,1.907348234908568e-07,0.0002661804728975159,0.0030239609501024342,2.796189546585083,1.871108906925656e-05,-5.57468410988804e-07,9.8100004196167,-4.479173476568121e-09,1.465721410909282e-08,-1.9013967917508312e-12,3.1619081497192383,334.8831787109375,27.726110458374023,16,-1,43.108948839084995,5.0,0.0,45.0,8,1,cruzeiro,0.409,0.0,0.0,40.0
153063,21.3,334.9602355957031,27.726158142089844,-0.003810291178524494,91.16387939453125,0.00010928302071988583,3.2559173632762395e-06,4.770631006166028e-08,0.0,1.0,-0.012935766950249672,1,-1.394880477789684e-08,-5.056872698361303e-09,0.0,0.0002616698593899247,0.0029900844106834365,2.796189546585083,1.871108906925656e-05,-5.57468410988804e-07,9.8100004196167,-7.810067259583775e-09,1.1948790401561382e-08,7.584960220671788e-13,3.1619081497192383,334.8831787109375,27.726110458374023,16,-1,43.108948839084995,5.0,0.0,45.0,8,1,cruzeiro,0.409,0.0,0.0,40.0
153064,21.35,334.9602355957031,27.726158142089844,-0.003810291178524494,91.16387939453125,0.00010928302071988583,3.2559173632762395e-06,5.723518976649299e-08,0.0,1.0,-0.012935766950249672,1,1.1521694709415442e-08,2.802842402616079e-09,1.9073489454513037e-07,0.00024410494100969403,0.0030097929157051903,2.796189546585083,1.871108906925656e-05,-5.57468410988804e-07,9.8100004196167,-8.865345790809442e-09,1.3655739650175747e-08,-2.7674314662801125e-12,3.1619081497192383,334.8831787109375,27.726110458374023,16,-1,43.108948839084995,5.0,0.0,45.0,8,1,cruzeiro,0.409,0.0,0.0,40.0
153065,21.400000000000002,334.9602355957031,27.726158142089844,-0.003810291178524494,91.16387939453125,0.00010928302071988583,3.2559173632762395e-06,5.723695565608122e-08,0.0,1.0,-0.012935766950249672,1,1.637578961322106e-11,1.5914669582173246e-09,0.0,0.00023628513921515436,0.0030086622642358516,2.796189546585083,1.871108906925656e-05,-5.57468410988804e-07,9.8100004196167,-7.629334497494256e-09,1.4330830744313516e-08,-1.7715629310743886e-12,3.1619081497192383,334.8831787109375,27.726110458374023,16,-1,43.108948839084995,5.0,0.0,45.0,8,1,cruzeiro,0.409,0.0,0.0,40.0
153066,21.450000000000003,334.9602355957031,27.726158142089844,-0.003810291178524494,91.16387939453125,0.00010928302071988583,3.2559173632762395e-06,5.724361939760737e-08,0.0,1.0,-0.012935766950249672,1,-1.0297911856582687e-08,6.315525880040695e-10,0.0,0.000249409205543073,0.0030026146192341794,2.796189546585083,1.871108906925656e-05,-5.57468410988804e-07,9.8100004196167,-5.997197405349652e-09,1.4664021108501402e-08,3.224718398125298e-13,3.1619081497192383,334.8831787109375,27.726110458374023,16,-1,43.108948839084995,5.0,0.0,45.0,8,1,cruzeiro,0.409,0.0,0.0,40.0
153067,21.5,334.9602355957031,27.726158142089844,-0.003810291178524494,91.16387939453125,0.00010928302071988583,3.2559173632762395e-06,9.547017853263328e-09,0.0,1.0,-0.012935766950249672,1,1.5003887909870173e-08,-1.870725085950653e-08,-9.536742595628311e-07,0.00026852164322711645,0.0030089590489553184,2.796189546585083,1.871108906925656e-05,-5.57468410988804e-07,9.8100004196167,-1.5301484523888575e-09,4.431972566720788e-09,-3.2291525139602206e-13,3.1619081497192383,334.8831787109375,27.726110458374023,16,-1,43.108948839084995,5.0,0.0,45.0,8,1,cruzeiro,0.409,0.0,0.0,40.0
153068,21.55,334.9602355957031,27.726158142089844,-0.003810291178524494,91.16387939453125,0.00010928302071988583,3.2559173632762395e-06,1.909648876429802e-08,0.0,1.0,-0.012935766950249672,1,-1.1322287551962518e-09,9.995138938734272e-09,1.9073485191256623e-07,0.00024797870961513867,0.003008851861025675,2.796189546585083,1.871108906925656e-05,-5.57468410988804e-07,9.8100004196167,-2.972999624262229e-09,9.884841389862231e-09,-1.1660690859074951e-12,3.1619081497192383,334.8831787109375,27.726110458374023,16,-1,43.108948839084995,5.0,0.0,45.0,8,1,cruzeiro,0.409,0.0,0.0,40.0
153069,21.6,334.9602355957031,27.726158142089844,-0.003810291178524494,91.16387939453125,0.00010928302071988583,3.2559173632762395e-06,1.9108631820000993e-08,0.0,1.0,-0.012935766950249672,1,-7.376657618074489e-10,4.37586766821596e-09,0.0,0.000256066617146401,0.0030208065114294977,2.796189546585083,1.871108906925656e-05,-5.57468410988804e-07,9.8100004196167,-3.920972879711826e-09,1.2271877736225179e-08,-1.2032902885900087e-12,3.1619081497192383,334.8831787109375,27.726110458374023,16,-1,43.108948839084995,5.0,0.0,45.0,8,1,cruzeiro,0.409,0.0,0.0,40.0
153070,21.650000000000002,334.9602355957031,27.726158142089844,-0.003810291178524494,91.16387939453125,0.00010928302071988583,3.2559173632762395e-06,1.9125057707464674e-08,0.0,1.0,-0.012935766950249672,1,4.4055759040873e-09,5.482432285930372e-09,0.0,0.0002524805438840605,0.0030153932280683757,2.796189546585083,1.871108906925656e-05,-5.57468410988804e-07,9.8100004196167,-2.478588001508797e-09,1.5329245428574723e-08,-2.6066963258047915e-12,3.1619081497192383,334.8831787109375,27.726110458374023,16,-1,43.108948839084995,5.0,0.0,45.0,8,1,cruzeiro,0.409,0.0,0.0,40.0
153071,21.700000000000003,334.9602355957031,27.726158142089844,-0.003810291178524494,91.16387939453125,0.00010928302071988583,3.2559173632762395e-06,1.911764113444734e-08,0.0,1.0,-0.012935766950249672,1,-2.697043699484425e-09,-2.3237767265982257e-09,0.0,0.0002315278971197887,0.0030210131204314048,2.796189546585083,1.871108906925656e-05,-5.57468410988804e-07,9.8100004196167,1.3130252440873846e-09,1.3950721466926552e-08,-1.4195495907226574e-12,3.1619081497192383,334.8831787109375,27.726110458374023,16,-1,43.108948839084995,5.0,0.0,45.0,8,1,cruzeiro,0.409,0.0,0.0,40.0
153072,21.75,334.9602355957031,27.726158142089844,-0.003810291178524494,91.16387939453125,0.00010928302071988583,3.2559173632762395e-06,1.054232882914011e-07,0.0,1.0,-0.012935766950249672,1,-1.8009504287874734e-07,-1.2558427897602087e-07,-2.47955313170678e-06,0.00024242163730171627,0.003013834539004335,2.796189546585083,1.871108906925656e-05,-5.57468410988804e-07,9.8100004196167,-9.775378373433341e-08,-4.8918629147465253e-08,-1.365048091922505e-11,3.1619081497192383,334.8831787109375,27.726110458374023,16,-1,43.108948839084995,5.0,0.0,45.0,8,1,cruzeiro,0.409,0.0,0.0,40.0
153073,21.8,334.9602355957031,27.726158142089844,-0.003810291178524494,91.16387939453125,0.00010928302071988583,3.2559173632762395e-06,3.817286236175834e-08,0.0,1.0,-0.012935766950249672,1,1.6868723662355478e-07,1.2368940360829583e-07,2.86102294921875e-06,0.00023709413929985489,0.003022764482537411,2.796189546585083,1.871108906925656e-05,-5.57468410988804e-07,9.8100004196167,1.649588909913291e-09,1.2928045300952817e-08,6.247498178513222e-13,3.1619081497192383,334.8831787109375,27.726110458374023,16,-1,43.108948839084995,5.0,0.0,45.0,8,1,cruzeiro,0.409,0.0,0.0,40.0
153074,21.85,334.9602355957031,27.726158142089844,-0.003810291178524494,91.16387939453125,0.00010928302071988583,3.2559173632762395e-06,9.597130984669223e-08,0.0,1.0,-0.012935766950249672,1,-1.7302211574588e-07,-1.282643751210344e-07,-2.6702878130890895e-06,0.00023998430245931844,0.0030145238789174864,2.796189546585083,1.871108906925656e-05,-5.57468410988804e-07,9.8100004196167,-9.991472893489117e-08,-5.129172109263891e-08,-1.3721889943751897e-11,3.1619081497192383,334.8831787109375,27.726110458374023,16,-1,43.108948839084995,5.0,0.0,45.0,8,1,cruzeiro,0.409,0.0,0.0,40.0
153075,21.900000000000002,334.9602355957031,27.726158142089844,-0.003810291178524494,91.16387939453125,0.00010928302071988583,3.2559173632762395e-06,9.540862229257302e-09,0.0,1.0,-0.012935766950249672,1,1.8451096650551335e-07,1.0887344359389317e-07,2.0980833141948096e-06,0.00025137237734064287,0.003019387074871872,2.796189546585083,1.871108906925656e-05,-5.57468410988804e-07,9.8100004196167,-1.7201804425326372e-09,2.39039033012034e-09,-6.517588186272412e-15,3.1619081497192383,334.8831787109375,27.726110458374023,16,-1,43.108948839084995,5.0,0.0,45.0,8,1,cruzeiro,0.409,0.0,0.0,40.0
153076,21.950000000000003,334.9602355957031,27.726158142089844,-0.003810291178524494,91.16387939453125,0.00010928302071988583,3.2559173632762395e-06,1.908850649331077e-08,0.0,1.0,-0.012935766950249672,1,-1.130051385800357e-09,9.995217986613625e-09,1.9073485191256623e-07,0.0002529851695160079,0.003018587925524286,2.796189546585083,1.871108906925656e-05,-5.57468410988804e-07,9.8100004196167,-3.1630387198333665e-09,7.84325671077113e-09,-8.468721058620121e-13,3.1619081497192383,334.8831787109375,27.726110458374023,16,-1,43.108948839084995,5.0,0.0,45.0,8,1,cruzeiro,0.409,0.0,0.0,40.0
153077,22.0,334.9602355957031,27.726158142089844,-0.003810291178524494,91.16387939453125,0.00010928302071988583,3.2559173632762395e-06,2.8644423339841395e-08,0.0,1.0,-0.012935766950249672,1,-1.2849792341285138e-08,7.479467711846155e-09,1.9073485191256623e-07,0.00024015766124442338,0.0029955278101426184,2.796189546585083,1.871108906925656e-05,-5.57468410988804e-07,9.8100004196167,-1.9546169127693247e-09,1.192278986650308e-08,8.162588443702545e-13,3.1619081497192383,334.8831787109375,27.726110458374023,16,-1,43.108948839084995,5.0,0.0,45.0,8,1,cruzeiro,0.409,0.0,0.0,40.0
153078,22.05,334.9602355957031,27.726158142089844,-0.003810291178524494,91.16387939453125,0.00010928302071988583,3.2559173632762395e-06,3.818124236797829e-08,0.0,1.0,-0.012935766950249672,1,1.2409473448826702e-08,1.0036231401500117e-08,1.9073485191256623e-07,0.000230990129273535,0.003003796413921179,2.796189546585083,1.871108906925656e-05,-5.57468410988804e-07,9.8100004196167,-3.4459528563957065e-09,1.7375841210309773e-08,-2.3314774590110776e-12,3.1619081497192383,334.8831787109375,27.726110458374023,16,-1,43.108948839084995,5.0,0.0,45.0,8,1,cruzeiro,0.409,0.0,0.0,40.0
153079,22.1,334.9602355957031,27.726158142089844,-0.003810291178524494,91.16387939453125,0.00010928302071988583,3.2559173632762395e-06,3.8451269403853094e-08,0.0,1.0,-0.012935766950249672,1,-8.54123882731983e-08,1.988460507362788e-09,0.0,0.0002586344508360827,0.003020956221533367,2.796189546585083,1.871108906925656e-05,-5.57468410988804e-07,9.8100004196167,-4.049152124707689e-09,1.6013416370697087e-08,1.1836366956008426e-11,3.1619081497192383,334.8831787109375,27.726110458374023,16,-1,43.108948839084995,5.0,0.0,45.0,8,1,cruzeiro,0.409,0.0,0.0,40.0
153080,22.150000000000002,334.9602355957031,27.726158142089844,-0.003810291178524494,91.16387939453125,0.00010928302071988583,3.2559173632762395e-06,2.291650934480376e-07,0.0,1.0,-0.012935766950249672,1,8.599891287985884e-08,-2.617208565425244e-07,-5.34057608092553e-06,0.00023895692723975402,0.0030040971765430977,2.796189546585083,1.871108906925656e-05,-5.57468410988804e-07,9.8100004196167,-7.377067845482088e-09,-1.1705654401339416e-07,-2.0396176067527527e-11,3.1619081497192383,334.8831787109375,27.726110458374023,16,-1,43.108948839084995,5.0,0.0,45.0,8,1,cruzeiro,0.409,0.0,0.0,40.0
153081,22.200000000000003,334.9602355957031,27.726158142089844,-0.003810291178524494,91.16387939453125,0.00010928302071988583,3.2559173632762395e-06,9.588751440309938e-08,0.0,1.0,-0.012935766950249672,1,1.8327750694879796e-07,1.395187325670122e-07,2.670288040462765e-06,0.00024875156822780185,0.00301499922768761,2.796189546585083,1.871108906925656e-05,-5.57468410988804e-07,9.8100004196167,8.96399825478511e-08,-4.66893581574368e-08,-9.27011072071604e-12,3.1619081497192383,334.8831787109375,27.726110458374023,16,-1,43.108948839084995,5.0,0.0,45.0,8,1,cruzeiro,0.409,0.0,0.0,40.0
153082,22.25,334.9602355957031,27.726158142089844,-0.003810291178524494,91.16387939453125,0.00010928302071988583,3.2559173632762395e-06,8.646003129376622e-08,0.0,1.0,-0.012935766950249672,1,-3.676198900848249e-07,2.1395329952156317e-10,1.907348234908568e-07,0.000247975855961825,0.0029868378220073164,2.796189546585083,1.871108906925656e-05,-5.57468410988804e-07,9.8100004196167,-1.0495037372493243e-07,-4.241902473722803e-08,-1.461902474075849e-11,3.1619081497192383,334.8831787109375,27.726110458374023,16,-1,43.108948839084995,5.0,0.0,45.0,8,1,cruzeiro,0.409,0.0,0.0,40.0
153083,22.3,334.9602355957031,27.726158142089844,-0.003810291178524494,91.16387939453125,0.00010928302071988583,3.2559173632762395e-06,0.0,0.0,1.0,-0.012935766950249672,1,1.8873643625738623e-07,8.803851869743085e-08,1.716613724056515e-06,0.0002345433086136228,0.00298353971227533,2.796189546585083,1.871108906925656e-05,-5.57468410988804e-07,9.8100004196167,0.0,0.0,0.0,3.1619081497192383,334.8831787109375,27.726110458374023,16,-1,43.108948839084995,5.0,0.0,45.0,8,1,cruzeiro,0.409,0.0,0.0,40.0
153084,22.35,334.9602355957031,27.726158142089844,-0.003810291178524494,91.16387939453125,0.00010928302071988583,3.2559173632762395e-06,9.629688777086843e-09,0.0,1.0,-0.012935766950249672,1,-2.212470029405722e-08,-1.4935647385527773e-08,-1.9073485191256623e-07,0.0002443821077010699,0.003021848550432139,2.796189546585083,1.871108906925656e-05,-5.57468410988804e-07,9.8100004196167,-1.9803675144203225e-08,-7.741169483210797e-09,5.721222649281155e-13,3.1619081497192383,334.8831787109375,27.726110458374023,16,-1,43.108948839084995,5.0,0.0,45.0,8,1,cruzeiro,0.409,0.0,0.0,40.0
153085,22.400000000000002,334.9602355957031,27.726158142089844,-0.003810291178524494,91.16387939453125,0.00010928302071988583,3.2559173632762395e-06,2.0295381522972074e-08,0.0,1.0,-0.012935766950249672,1,-1.0942875405817176e-07,-2.9059211925641648e-08,-1.9073485191256623e-07,0.0002499920667334965,0.0030118437748143942,2.796189546585083,1.871108906925656e-05,-5.57468410988804e-07,9.8100004196167,-3.92523133996292e-08,-1.92226963235953e-08,-1.83901453093549e-11,3.1619081497192383,334.8831787109375,27.726110458374023,16,-1,43.108948839084995,5.0,0.0,45.0,8,1,cruzeiro,0.409,0.0,0.0,40.0
153086,22.450000000000003,334.9602355957031,27.726158142089844,-0.003810291178524494,91.16387939453125,0.00010928302071988583,3.2559173632762395e-06,5.7743117742688974e-08,0.0,1.0,-0.012935766950249672,1,-2.76543232757831e-09,-3.342079679669041e-08,-7.629394076502649e-07,0.00022983684997392005,0.003000440049234555,2.796189546585083,1.871108906925656e-05,-5.57468410988804e-07,9.8100004196167,-4.63959679564141e-08,-3.723225461271795e-08,-1.607999497443835e-11,3.1619081497192383,334.8831787109375,27.726110458374023,16,-1,43.108948839084995,5.0,0.0,45.0,8,1,cruzeiro,0.409,0.0,0.0,40.0
153087,22.5,334.9602355957031,27.726158142089844,-0.003810291178524494,91.16387939453125,0.00010928302071988583,3.2559173632762395e-06,5.7615644677344994e-08,0.0,1.0,-0.012935766950249672,1,2.619898680222832e-07,1.2045993003084732e-07,2.2888182229507947e-06,0.00024374661965133158,0.00301150152070312,2.796189546585083,1.871108906925656e-05,-5.57468410988804e-07,9.8100004196167,4.1188805255387706e-08,1.887411826828611e-08,1.7366127633144934e-11,3.1619081497192383,334.8831787109375,27.726110458374023,16,-1,43.108948839084995,5.0,0.0,45.0,8,1,cruzeiro,0.409,0.0,0.0,40.0
153088,22.55,334.9602355957031,27.726158142089844,-0.003810291178524494,91.16387939453125,0.00010928302071988583,3.2559173632762395e-06,6.680757587033852e-08,0.0,1.0,-0.012935766950249672,1,-1.0288029983485103e-07,2.5261970293399827e-09,1.9073489454513037e-07,0.0002646094990611647,0.00301912375705632,2.796189546585083,1.871108906925656e-05,-5.57468410988804e-07,9.8100004196167,4.011077336940616e-08,2.433120371847508e-08,-3.626007480383997e-12,3.1619081497192383,334.8831787109375,27.726110458374023,16,-1,43.108948839084995,5.0,0.0,45.0,8,1,cruzeiro,0.409,0.0,0.0,40.0
153089,22.6,334.9602355957031,27.726158142089844,-0.003810291178524494,91.16387939453125,0.00010928302071988583,3.2559173632762395e-06,7.657423808113931e-08,0.0,1.0,-0.012935766950249672,1,9.312643811654198e-08,1.1304757130403686e-08,1.907348234908568e-07,0.00024160753540648615,0.003023124536028433,2.796189546585083,1.871108906925656e-05,-5.57468410988804e-07,9.8100004196167,3.410386284485867e-08,2.6394342711455465e-08,1.6884906667291588e-11,3.1619081497192383,334.8831787109375,27.726110458374023,16,-1,43.108948839084995,5.0,0.0,45.0,8,1,cruzeiro,0.409,0.0,0.0,40.0
153090,22.650000000000002,334.9602355957031,27.726158142089844,-0.003810291178524494,91.16387939453125,0.00010928302071988583,3.2559173632762395e-06,5.7898343855613484e-08,0.0,1.0,-0.012935766950249672,1,-2.727890660025878e-07,-1.4190260344548733e-07,-2.670288040462765e-06,0.00024357796613706627,0.003012673919855103,2.796189546585083,1.871108906925656e-05,-5.57468410988804e-07,9.8100004196167,-7.132877044568886e-08,-4.120656882378171e-08,-1.463616901287157e-11,3.1619081497192383,334.8831787109375,27.726110458374023,16,-1,43.108948839084995,5.0,0.0,45.0,8,1,cruzeiro,0.409,0.0,0.0,40.0
153091,22.700000000000003,334.9602355957031,27.726158142089844,-0.003810291178524494,91.16387939453125,0.00010928302071988583,3.2559173632762395e-06,7.632033551655522e-08,0.0,1.0,-0.012935766950249672,1,1.7191703705066175e-07,1.2136712257415638e-07,2.670288040462765e-06,0.0002486262261870553,0.003005359996294089,2.796189546585083,1.871108906925656e-05,-5.57468410988804e-07,9.8100004196167,2.4059062297965284e-08,1.963702622731489e-08,-4.060654590354318e-12,3.1619081497192383,334.8831787109375,27.726110458374023,16,-1,43.108948839084995,5.0,0.0,45.0,8,1,cruzeiro,0.409,0.0,0.0,40.0
153092,22.75,334.9602355957031,27.726158142089844,-0.003810291178524494,91.16387939453125,0.00010928302071988583,3.2559173632762395e-06,1.910821516424275e-08,0.0,1.0,-0.012935766950249672,1,-2.6171086631165963e-08,-5.748508868919089e-08,-1.9073485191256623e-06,0.00025014314397843294,0.003011633474514553,2.796189546585083,1.871108906925656e-05,-5.57468410988804e-07,9.8100004196167,-7.268223356504677e-09,-1.1200764760133097e-08,5.477500506119448e-13,3.1619081497192383,334.8831787109375,27.726110458374023,16,-1,43.108948839084995,5.0,0.0,45.0,8,1,cruzeiro,0.409,0.0,0.0,40.0
153093,22.8,334.9602355957031,27.726158142089844,-0.003810291178524494,91.16387939453125,0.00010928302071988583,3.2559173632762395e-06,5.726137569487277e-08,0.0,1.0,-0.012935766950249672,1,2.941942245371365e-09,-2.1697450947044672e-08,-7.629394076502649e-07,0.0002466128678749857,0.003019232910972448,2.796189546585083,1.871108906925656e-05,-5.57468410988804e-07,9.8100004196167,-8.388976624473798e-09,-2.3110116487146115e-08,2.972633207296016e-12,3.1619081497192383,334.8831787109375,27.726110458374023,16,-1,43.108948839084995,5.0,0.0,45.0,8,1,cruzeiro,0.409,0.0,0.0,40.0
153094,22.85,334.9602355957031,27.726158142089844,-0.003810291178524494,91.16387939453125,0.00010928302071988583,3.2559173632762395e-06,7.634565084726917e-08,0.0,1.0,-0.012935766950249672,1,-1.5196821578911113e-09,-1.281403427810801e-08,-3.8146970382513246e-07,0.0002499280528015635,0.0030063083041370073,2.796189546585083,1.871108906925656e-05,-5.57468410988804e-07,9.8100004196167,-7.845248006788097e-09,-2.992036129967346e-08,9.63811929571845e-13,3.1619081497192383,334.8831787109375,27.726110458374023,16,-1,43.108948839084995,5.0,0.0,45.0,8,1,cruzeiro,0.409,0.0,0.0,40.0
153095,22.900000000000002,334.9602355957031,27.726158142089844,-0.003810291178524494,91.16387939453125,0.00010928302071988583,3.2559173632762395e-06,1.1451477302414673e-07,0.0,1.0,-0.012935766950249672,1,5.669282820974786e-09,-2.656184960869723e-08,-7.629394076502649e-07,0.0002497349061970755,0.0030047599394294475,2.796189546585083,1.871108906925656e-05,-5.57468410988804e-07,9.8100004196167,-6.4933409760215e-09,-4.4563996937085903e-08,5.8138077685399026e-12,3.1619081497192383,334.8831787109375,27.726110458374023,16,-1,43.108948839084995,5.0,0.0,45.0,8,1,cruzeiro,0.409,0.0,0.0,40.0
153096,22.950000000000003,334.9602355957031,27.726158142089844,-0.003810291178524494,91.16387939453125,0.00010928302071988583,3.2559173632762395e-06,1.3388691697476994e-07,0.0,1.0,-0.012935766950249672,1,-1.1559338020106225e-07,2.4348796046069765e-07,4.95910626341356e-06,0.0002551864586509811,0.0030091924504205845,2.796189546585083,1.871108906925656e-05,-5.57468410988804e-07,9.8100004196167,-1.780513514404447e-09,8.544604668259126e-08,2.91197729991588e-12,3.1619081497192383,334.8831787109375,27.726110458374023,16,-1,43.108948839084995,5.0,0.0,45.0,8,1,cruzeiro,0.409,0.0,0.0,40.0
153097,23.0,334.9602355957031,27.726158142089844,-0.003810291178524494,91.16387939453125,0.00010928302071988583,3.2559173632762395e-06,1.1478064421458045e-07,0.0,1.0,-0.012935766950249672,1,1.571796026667016e-08,-1.7173338306974983e-08,-3.8146978909026075e-07,0.00024519351612774075,0.002998769950480152,2.796189546585083,1.871108906925656e-05,-5.57468410988804e-07,9.8100004196167,7.929870093903446e-10,7.590310246996523e-08,5.167987999349366e-12,3.1619081497192383,334.8831787109375,27.726110458374023,16,-1,43.108948839084995,5.0,0.0,45.0,8,1,cruzeiro,0.409,0.0,0.0,40.0
153098,23.05,334.9602355957031,27.726158142089844,-0.003810291178524494,91.16387939453125,0.00010928302071988583,3.2559173632762395e-06,7.655482207903608e-08,0.0,1.0,-0.012935766950249672,1,1.02209597230285e-07,-1.7803074570110766e-08,-7.629394076502649e-07,0.00024696572817241134,0.003011960803931458,2.796189546585083,1.871108906925656e-05,-5.57468410988804e-07,9.8100004196167,3.066581655275513e-09,6.227124771385206e-08,2.438915909508399e-11,3.1619081497192383,334.8831787109375,27.726110458374023,16,-1,43.108948839084995,5.0,0.0,45.0,8,1,cruzeiro,0.409,0.0,0.0,40.0
153099,23.1,334.9602355957031,27.726158142089844,-0.003810291178524494,91.16387939453125,0.00010928302071988583,3.2559173632762395e-06,6.73939832980716e-08,0.0,1.0,-0.012935766950249672,1,-1.8340310248277092e-07,-1.5165258560045913e-07,-2.86102294921875e-06,0.00023941038492715337,0.0030186572717668123,2.796189546585083,1.871108906925656e-05,-5.57468410988804e-07,9.8100004196167,-9.280824286861389e-08,-8.432415654624492e-09,-1.954732209430432e-11,3.1619081497192383,334.8831787109375,27.726110458374023,16,-1,43.108948839084995,5.0,0.0,45.0,8,1,cruzeiro,0.409,0.0,0.0,40.0
153100,23.150000000000002,334.9602355957031,27.726158142089844,-0.003810291178524494,91.16387939453125,0.00010928302071988583,3.2559173632762395e-06,9.539180277796613e-09,0.0,1.0,-0.012935766950249672,1,1.7964026710615144e-07,2.7929633716894386e-08,1.5258788153005298e-06,0.00026107850502533723,0.003018679496179345,2.796189546585083,1.871108906925656e-05,-5.57468410988804e-07,9.8100004196167,-1.81515058539361e-09,1.3696012102215605e-09,1.2730876736925106e-13,3.1619081497192383,334.8831787109375,27.726110458374023,16,-1,43.108948839084995,5.0,0.0,45.0,8,1,cruzeiro,0.409,0.0,0.0,40.0
153101,23.200000000000003,334.9602355957031,27.726158142089844,-0.003810291178524494,91.16387939453125,0.00010928302071988583,3.2559173632762395e-06,1.9085207438340978e-08,0.0,1.0,-0.012935766950249672,1,-1.1161876978249552e-09,9.997549454965338e-09,1.9073485191256623e-07,0.00025286296912575666,0.0030123695708682017,2.796189546585083,1.871108906925656e-05,-5.57468410988804e-07,9.8100004196167,-3.258058267618935e-09,6.822466591671628e-09,-6.872635056540122e-13,3.1619081497192383,334.8831787109375,27.726110458374023,16,-1,43.108948839084995,5.0,0.0,45.0,8,1,cruzeiro,0.409,0.0,0.0,40.0
153102,23.25,334.9602355957031,27.726158142089844,-0.003810291178524494,91.16387939453125,0.00010928302071988583,3.2559173632762395e-06,1.978197629585752e-08,0.0,1.0,-0.012935766950249672,1,-9.750795726404249e-08,1.1715844294712952e-08,0.0,0.00024500169323594777,0.0030050777782691393,2.796189546585083,1.871108906925656e-05,-5.57468410988804e-07,9.8100004196167,-1.746867539509367e-09,1.0897360347428275e-08,1.1895845419829243e-11,3.1619081497192383,334.8831787109375,27.726110458374023,16,-1,43.108948839084995,5.0,0.0,45.0,8,1,cruzeiro,0.409,0.0,0.0,40.0
153103,23.3,334.9602355957031,27.726158142089844,-0.003810291178524494,91.16387939453125,0.00010928302071988583,3.2559173632762395e-06,2.8650842584052513e-08,0.0,1.0,-0.012935766950249672,1,9.706339909598682e-08,5.7998206237641625e-09,1.9073485191256623e-07,0.00025163950457475324,0.0030259493174327754,2.796189546585083,1.871108906925656e-05,-5.57468410988804e-07,9.8100004196167,-3.5409719600920653e-09,1.6355059528905258e-08,-2.1705720987946764e-12,3.1619081497192383,334.8831787109375,27.726110458374023,16,-1,43.108948839084995,5.0,0.0,45.0,8,1,cruzeiro,0.409,0.0,0.0,40.0
153104,23.35,334.9602355957031,27.726158142089844,-0.003810291178524494,91.16387939453125,0.00010928302071988583,3.2559173632762395e-06,9.601025994498583e-08,0.0,1.0,-0.012935766950249672,1,2.016997626697048e-07,-1.326902889786652e-07,-2.47955313170678e-06,0.0002573866386571655,0.0030170149139650557,2.796189546585083,1.871108906925656e-05,-5.57468410988804e-07,9.8100004196167,9.431911962565209e-08,-5.453939166955024e-08,-8.370225519638286e-12,3.1619081497192383,334.8831787109375,27.726110458374023,16,-1,43.108948839084995,5.0,0.0,45.0,8,1,cruzeiro,0.409,0.0,0.0,40.0
153105,23.400000000000002,334.9602355957031,27.726158142089844,-0.003810291178524494,91.16387939453125,0.00010928302071988583,3.2559173632762395e-06,4.771315518536826e-08,0.0,1.0,-0.012935766950249672,1,-2.0112830156904238e-07,1.3582844360371382e-07,2.8610227218450746e-06,0.00025417195641942557,0.002992317485748742,2.796189546585083,1.871108906925656e-05,-5.57468410988804e-07,9.8100004196167,-2.602629223247277e-09,1.8052938699497645e-08,-2.4313699924921606e-12,3.1619081497192383,334.8831787109375,27.726110458374023,16,-1,43.108948839084995,5.0,0.0,45.0,8,1,cruzeiro,0.409,0.0,0.0,40.0
153106,23.450000000000003,334.9602355957031,27.726158142089844,-0.003810291178524494,91.16387939453125,0.00010928302071988583,3.2559173632762395e-06,5.724298601750648e-08,0.0,1.0,-0.012935766950249672,1,-1.2019457429346403e-08,-5.650566681225655e-09,1.9073489454513037e-07,0.00024276725756656846,0.0029976933052041086,2.796189546585083,1.871108906925656e-05,-5.57468410988804e-07,9.8100004196167,-8.906368975658552e-10,1.4981758056364924e-08,2.928768881062249e-13,3.1619081497192383,334.8831787109375,27.726110458374023,16,-1,43.108948839084995,5.0,0.0,45.0,8,1,cruzeiro,0.409,0.0,0.0,40.0
153107,23.5,334.9602355957031,27.726158142089844,-0.003810291178524494,91.16387939453125,0.00010928302071988583,3.2559173632762395e-06,7.774126857847972e-08,0.0,1.0,-0.012935766950249672,1,3.0077632118263864e-07,-1.1893039442156805e-07,-2.670288040462765e-06,0.00024175114234615934,0.00300571715577297,2.796189546585083,1.871108906925656e-05,-5.57468410988804e-07,9.8100004196167,9.654050359131361e-08,-5.251262180649974e-08,1.1842363895064878e-11,3.1619081497192383,334.8831787109375,27.726110458374023,16,-1,43.108948839084995,5.0,0.0,45.0,8,1,cruzeiro,0.409,0.0,0.0,40.0
153108,23.55,334.9602355957031,27.726158142089844,-0.003810291178524494,91.16387939453125,0.00010928302071988583,3.2559173632762395e-06,6.678297792933545e-08,0.0,1.0,-0.012935766950249672,1,-2.870657453968306e-07,1.2836238738600514e-07,2.86102294921875e-06,0.00025185115763427633,0.003001255198412934,2.796189546585083,1.871108906925656e-05,-5.57468410988804e-07,9.8100004196167,-7.30189242403867e-11,2.008417787635608e-08,-2.7611133865401705e-12,3.1619081497192383,334.8831787109375,27.726110458374023,16,-1,43.108948839084995,5.0,0.0,45.0,8,1,cruzeiro,0.409,0.0,0.0,40.0
153109,23.6,334.9602355957031,27.726158142089844,-0.003810291178524494,91.16387939453125,0.00010928302071988583,3.2559173632762395e-06,9.547017853263328e-09,0.0,1.0,-0.012935766950249672,1,-5.685615867001559e-10,-2.879628269170098e-08,-1.144409225162235e-06,0.0002471582948034967,0.003005409157211204,2.796189546585083,1.871108906925656e-05,-5.57468410988804e-07,9.8100004196167,-1.5301484523888575e-09,4.431972566720788e-09,-3.229173384852041e-13,3.1619081497192383,334.8831787109375,27.726110458374023,16,-1,43.108948839084995,5.0,0.0,45.0,8,1,cruzeiro,0.409,0.0,0.0,40.0
153110,23.650000000000002,334.9602355957031,27.726158142089844,-0.003810291178524494,91.16387939453125,0.00010928302071988583,3.2559173632762395e-06,1.1505030714363454e-07,0.0,1.0,-0.012935766950249672,1,2.0454208993214706e-07,-1.3251917607703945e-07,-2.47955313170678e-06,0.00025083563233486815,0.003024882690240872,2.796189546585083,1.871108906925656e-05,-5.57468410988804e-07,9.8100004196167,9.631976638502238e-08,-6.646259009812638e-08,-6.064275383937945e-12,3.1619081497192383,334.8831787109375,27.726110458374023,16,-1,43.108948839084995,5.0,0.0,45.0,8,1,cruzeiro,0.409,0.0,0.0,40.0
153111,23.700000000000003,334.9602355957031,27.726158142089844,-0.003810291178524494,91.16387939453125,0.00010928302071988583,3.2559173632762395e-06,2.861618472513994e-08,0.0,1.0,-0.012935766950249672,1,-2.0397548894379725e-07,1.3565724543695978e-07,2.8610227218450746e-06,0.00024208267999504927,0.0030102868409969683,2.796189546585083,1.871108906925656e-05,-5.57468410988804e-07,9.8100004196167,-5.917777379238487e-10,6.129840190993718e-09,-5.821694580403214e-13,3.1619081497192383,334.8831787109375,27.726110458374023,16,-1,43.108948839084995,5.0,0.0,45.0,8,1,cruzeiro,0.409,0.0,0.0,40.0
153112,23.75,334.9602355957031,27.726158142089844,-0.003810291178524494,91.16387939453125,0.00010928302071988583,3.2559173632762395e-06,3.816237958876284e-08,0.0,1.0,-0.012935766950249672,1,-1.0974863240420518e-09,9.995551941699432e-09,1.9073485191256623e-07,0.0002632713658729091,0.0030039458088851343,2.796189546585083,1.871108906925656e-05,-5.57468410988804e-07,9.8100004196167,-2.0347528106867685e-09,1.1582708125956742e-08,-1.435272148526956e-12,3.1619081497192383,334.8831787109375,27.726110458374023,16,-1,43.108948839084995,5.0,0.0,45.0,8,1,cruzeiro,0.409,0.0,0.0,40.0
153113,23.8,334.9602355957031,27.726158142089844,-0.003810291178524494,91.16387939453125,0.00010928302071988583,3.2559173632762395e-06,9.65396360494993e-08,0.0,1.0,-0.012935766950249672,1,2.874993754176103e-07,-1.1896833029823028e-07,-2.6702878130890895e-06,0.00023519102345538444,0.003019089974785117,2.796189546585083,1.871108906925656e-05,-5.57468410988804e-07,9.8100004196167,9.54439300926424e-08,-5.591184404352134e-08,1.237735521714134e-11,3.1619081497192383,334.8831787109375,27.726110458374023,16,-1,43.108948839084995,5.0,0.0,45.0,8,1,cruzeiro,0.409,0.0,0.0,40.0
153114,23.85,334.9602355957031,27.726158142089844,-0.003810291178524494,91.16387939453125,0.00010928302071988583,3.2559173632762395e-06,4.770877613170943e-08,0.0,1.0,-0.012935766950249672,1,-2.870663990961475e-07,1.2836237317515042e-07,2.8610227218450746e-06,0.0002620962650669145,0.003020074437316168,2.796189546585083,1.871108906925656e-05,-5.57468410988804e-07,9.8100004196167,-1.1695906465547523e-09,1.6684953862977636e-08,-2.225901320901391e-12,3.1619081497192383,334.8831787109375,27.726110458374023,16,-1,43.108948839084995,5.0,0.0,45.0,8,1,cruzeiro,0.409,0.0,0.0,40.0
153115,23.900000000000002,334.9602355957031,27.726158142089844,-0.003810291178524494,91.16387939453125,0.00010928302071988583,3.2559173632762395e-06,5.741259708230522e-08,0.0,1.0,-0.012935766950249672,1,-8.330358980401797e-08,5.1529935873873e-09,1.9073489454513037e-07,0.0002485306592122771,0.003021589815560389,2.796189546585083,1.871108906925656e-05,-5.57468410988804e-07,9.8100004196167,7.235847476749768e-10,1.701346619142896e-08,1.1675318697945691e-11,3.1619081497192383,334.8831787109375,27.726110458374023,16,-1,43.108948839084995,5.0,0.0,45.0,8,1,cruzeiro,0.409,0.0,0.0,40.0
153116,23.950000000000003,334.9602355957031,27.726158142089844,-0.003810291178524494,91.16387939453125,0.00010928302071988583,3.2559173632762395e-06,6.755454250217615e-08,0.0,1.0,-0.012935766950249672,1,-9.754612051438016e-08,-1.301137899645255e-07,-2.47955313170678e-06,0.00023474861430962222,0.0030253140817678168,2.796189546585083,1.871108906925656e-05,-5.57468410988804e-07,9.8100004196167,-9.863843786206417e-08,-4.5851052732359676e-08,-1.4123304088731192e-11,3.1619081497192383,334.8831787109375,27.726110458374023,16,-1,43.108948839084995,5.0,0.0,45.0,8,1,cruzeiro,0.409,0.0,0.0,40.0
153117,24.0,334.9602355957031,27.726158142089844,-0.003810291178524494,91.16387939453125,0.00010928302071988583,3.2559173632762395e-06,9.540862229257302e-09,0.0,1.0,-0.012935766950249672,1,1.8086728914568084e-07,9.867697770005179e-08,1.5258788153005298e-06,0.0002478777316016323,0.00301279199000254,2.796189546585083,1.871108906925656e-05,-5.57468410988804e-07,9.8100004196167,-1.7201804425326372e-09,2.39039033012034e-09,-6.51724937309351e-15,3.1619081497192383,334.8831787109375,27.726110458374023,16,-1,43.108948839084995,5.0,0.0,45.0,8,1,cruzeiro,0.409,0.0,0.0,40.0
153118,24.05,334.9602355957031,27.726158142089844,-0.003810291178524494,91.16387939453125,0.00010928302071988583,3.2559173632762395e-06,1.908850649331077e-08,0.0,1.0,-0.012935766950249672,1,-1.130051385800357e-09,9.995217986613625e-09,1.9073485191256623e-07,0.0002438574629538681,0.003011514411198902,2.796189546585083,1.871108906925656e-05,-5.57468410988804e-07,9.8100004196167,-3.1630387198333665e-09,7.84325671077113e-09,-8.468715637609259e-13,3.1619081497192383,334.8831787109375,27.726110458374023,16,-1,43.108948839084995,5.0,0.0,45.0,8,1,cruzeiro,0.409,0.0,0.0,40.0
153119,24.1,334.9602355957031,27.726158142089844,-0.003810291178524494,91.16387939453125,0.00010928302071988583,3.2559173632762395e-06,2.38720569692134e-07,0.0,1.0,-0.012935766950249672,1,5.741742636899971e-09,-2.545187385294412e-07,-5.14984139954322e-06,0.00022671001082720353,0.0030253584396434116,2.796189546585083,1.871108906925656e-05,-5.57468410988804e-07,9.8100004196167,-3.731770448212046e-09,-1.238809943515662e-07,-1.8898532044842042e-11,3.1619081497192383,334.8831787109375,27.726110458374023,16,-1,43.108948839084995,5.0,0.0,45.0,8,1,cruzeiro,0.409,0.0,0.0,40.0
153120,24.150000000000002,334.9602355957031,27.726158142089844,-0.003810291178524494,91.16387939453125,0.00010928302071988583,3.2559173632762395e-06,2.86465636607339e-08,0.0,1.0,-0.012935766950249672,1,-7.332416451788504e-09,2.6826151611203386e-07,5.34057608092553e-06,0.00025688380268341747,0.00300063237644116,2.796189546585083,1.871108906925656e-05,-5.57468410988804e-07,9.8100004196167,-5.195698093984902e-09,1.5341145243041865e-08,-2.002130666117763e-12,3.1619081497192383,334.8831787109375,27.726110458374023,16,-1,43.108948839084995,5.0,0.0,45.0,8,1,cruzeiro,0.409,0.0,0.0,40.0
153121,24.200000000000003,334.9602355957031,27.726158142089844,-0.003810291178524494,91.16387939453125,0.00010928302071988583,3.2559173632762395e-06,3.819043311050308e-08,0.0,1.0,-0.012935766950249672,1,-1.1751766226808513e-09,7.500824850126264e-09,1.9073485191256623e-07,0.0002611664568009775,0.003011549048622498,2.796189546585083,1.871108906925656e-05,-5.57468410988804e-07,9.8100004196167,-4.029082845136145e-09,1.94208489290304e-08,-2.2453024682567158e-12,3.1619081497192383,334.8831787109375,27.726110458374023,16,-1,43.108948839084995,5.0,0.0,45.0,8,1,cruzeiro,0.409,0.0,0.0,40.0
153122,24.25,334.9602355957031,27.726158142089844,-0.003810291178524494,91.16387939453125,0.00010928302071988583,3.2559173632762395e-06,9.64683953293268e-08,0.0,1.0,-0.012935766950249672,1,2.847577889042441e-07,-1.2230721324613114e-07,-2.6702878130890895e-06,0.00025019633736768186,0.00301391075011287,2.796189546585083,1.871108906925656e-05,-5.57468410988804e-07,9.8100004196167,9.095553110682886e-08,-4.9764526721673974e-08,1.0891430986259554e-11,3.1619081497192383,334.8831787109375,27.726110458374023,16,-1,43.108948839084995,5.0,0.0,45.0,8,1,cruzeiro,0.409,0.0,0.0,40.0
153123,24.3,334.9602355957031,27.726158142089844,-0.003810291178524494,91.16387939453125,0.00010928302071988583,3.2559173632762395e-06,8.646809420303416e-08,0.0,1.0,-0.012935766950249672,1,-4.6495989636241575e-07,-7.03343161490011e-09,1.907348234908568e-07,0.00026510973933703384,0.0030105694134903724,2.796189546585083,1.871108906925656e-05,-5.57468410988804e-07,9.8100004196167,-1.0328579946872196e-07,-4.549007570631147e-08,-1.4149592955647883e-11,3.1619081497192383,334.8831787109375,27.726110458374023,16,-1,43.108948839084995,5.0,0.0,45.0,8,1,cruzeiro,0.409,0.0,0.0,40.0
153124,24.35,334.9602355957031,27.726158142089844,-0.003810291178524494,91.16387939453125,0.00010928302071988583,3.2559173632762395e-06,4.7725914993341013e-08,0.0,1.0,-0.012935766950249672,1,1.8004904234203423e-07,1.3308445545590075e-07,2.6702878130890895e-06,0.00025051112996855694,0.003019830332576191,2.796189546585083,1.871108906925656e-05,-5.57468410988804e-07,9.8100004196167,-6.5743925858896546e-09,2.147458033618932e-08,-2.89653023788361e-12,3.1619081497192383,334.8831787109375,27.726110458374023,16,-1,43.108948839084995,5.0,0.0,45.0,8,1,cruzeiro,0.409,0.0,0.0,40.0
153125,24.400000000000002,334.9602355957031,27.726158142089844,-0.003810291178524494,91.16387939453125,0.00010928302071988583,3.2559173632762395e-06,0.0,0.0,1.0,-0.012935766950249672,1,7.45916306499339e-09,-3.9432883625067916e-08,-9.536742595628311e-07,0.0002519670863764378,0.003019922401634346,2.796189546585083,1.871108906925656e-05,-5.57468410988804e-07,9.8100004196167,0.0,0.0,0.0,3.1619081497192383,334.8831787109375,27.726110458374023,16,-1,43.108948839084995,5.0,0.0,45.0,8,1,cruzeiro,0.409,0.0,0.0,40.0
153126,24.450000000000003,334.9602355957031,27.726158142089844,-0.003810291178524494,91.16387939453125,0.00010928302071988583,3.2559173632762395e-06,9.551480503274522e-09,0.0,1.0,-0.012935766950249672,1,-3.2907496727574426e-09,1.0084465706938772e-08,1.9073485191256623e-07,0.0002449330172910169,0.0030039408971589973,2.796189546585083,1.871108906925656e-05,-5.57468410988804e-07,9.8100004196167,-1.435128904603289e-09,5.452763129909499e-09,-4.824942528847131e-13,3.1619081497192383,334.8831787109375,27.726110458374023,16,-1,43.108948839084995,5.0,0.0,45.0,8,1,cruzeiro,0.409,0.0,0.0,40.0
153127,24.5,334.9602355957031,27.726158142089844,-0.003810291178524494,91.16387939453125,0.00010928302071988583,3.2559173632762395e-06,1.0734789490594227e-08,0.0,1.0,-0.012935766950249672,1,9.979597592746359e-08,9.946416135164782e-09,0.0,0.00024438451649778757,0.003003909991164789,2.796189546585083,1.871108906925656e-05,-5.57468410988804e-07,9.8100004196167,-2.447838376440359e-09,6.813074548972509e-09,1.9552652899545997e-11,3.1619081497192383,334.8831787109375,27.726110458374023,16,-1,43.108948839084995,5.0,0.0,45.0,8,1,cruzeiro,0.409,0.0,0.0,40.0
153128,24.55,334.9602355957031,27.726158142089844,-0.003810291178524494,91.16387939453125,0.00010928302071988583,3.2559173632762395e-06,1.9077014113951558e-08,0.0,1.0,-0.012935766950249672,1,-9.822393565173115e-08,-2.7164412941260707e-08,1.9073485191256623e-07,0.00023132106892965852,0.003018264996697496,2.796189546585083,1.871108906925656e-05,-5.57468410988804e-07,9.8100004196167,-3.427318429061188e-10,-3.742685272811741e-09,-1.9842699532091057e-13,3.1619081497192383,334.8831787109375,27.726110458374023,16,-1,43.108948839084995,5.0,0.0,45.0,8,1,cruzeiro,0.409,0.0,0.0,40.0
153129,24.6,334.9602355957031,27.726158142089844,-0.003810291178524494,91.16387939453125,0.00010928302071988583,3.2559173632762395e-06,2.8613191173999544e-08,0.0,1.0,-0.012935766950249672,1,3.747205212789595e-09,-8.471234824725116e-10,1.9073485191256623e-07,0.00025605947579400266,0.0030278401569177613,2.796189546585083,1.871108906925656e-05,-5.57468410988804e-07,9.8100004196167,5.8345541731341655e-09,-4.451134127947398e-09,1.0107318627883277e-12,3.1619081497192383,334.8831787109375,27.726110458374023,16,-1,43.108948839084995,5.0,0.0,45.0,8,1,cruzeiro,0.409,0.0,0.0,40.0
153130,24.650000000000002,334.9602355957031,27.726158142089844,-0.003810291178524494,91.16387939453125,0.00010928302071988583,3.2559173632762395e-06,3.8147127238649675e-08,0.0,1.0,-0.012935766950249672,1,-1.1989008674717638e-09,9.994427507820092e-09,1.9073485191256623e-07,0.00024397178962111242,0.0030353937687124808,2.796189546585083,1.871108906925656e-05,-5.57468410988804e-07,9.8100004196167,4.391941921255693e-09,1.001732474747996e-09,1.8355365242073846e-13,3.1619081497192383,334.8831787109375,27.726110458374023,16,-1,43.108948839084995,5.0,0.0,45.0,8,1,cruzeiro,0.409,0.0,0.0,40.0
153131,24.700000000000003,334.9602355957031,27.726158142089844,-0.003810291178524494,91.16387939453125,0.00010928302071988583,3.2559173632762395e-06,4.7687495709110246e-08,0.0,1.0,-0.012935766950249672,1,-1.1321610315917496e-09,9.995137162377432e-09,1.907348234908568e-07,0.00024375933847998853,0.0030062458323101846,2.796189546585083,1.871108906925656e-05,-5.57468410988804e-07,9.8100004196167,2.9490911934715314e-09,6.45459996562181e-09,-6.596648683028505e-13,3.1619081497192383,334.8831787109375,27.726110458374023,16,-1,43.108948839084995,5.0,0.0,45.0,8,1,cruzeiro,0.409,0.0,0.0,40.0
153132,24.75,334.9602355957031,27.726158142089844,-0.003810291178524494,91.16387939453125,0.00010928302071988583,3.2559173632762395e-06,5.7231078725345305e-08,0.0,1.0,-0.012935766950249672,1,-1.132157256833466e-09,9.99514426780479e-09,1.9073489454513037e-07,0.000272554533728665,0.00301255110009896,2.796189546585083,1.871108906925656e-05,-5.57468410988804e-07,9.8100004196167,1.5062404656873696e-09,1.1907469676941673e-08,-1.502876924470986e-12,3.1619081497192383,334.8831787109375,27.726110458374023,16,-1,43.108948839084995,5.0,0.0,45.0,8,1,cruzeiro,0.409,0.0,0.0,40.0
153133,24.8,334.9602355957031,27.726158142089844,-0.003810291178524494,91.16387939453125,0.00010928302071988583,3.2559173632762395e-06,5.7223451893938314e-08,0.0,1.0,-0.012935766950249672,1,2.2673130040118394e-09,-1.0326149713080213e-08,0.0,0.00024366536039245433,0.0030077487218279084,2.796189546585083,1.871108906925656e-05,-5.57468410988804e-07,9.8100004196167,9.906391262859415e-10,6.463547475021869e-09,-1.8693813857995067e-12,3.1619081497192383,334.8831787109375,27.726110458374023,16,-1,43.108948839084995,5.0,0.0,45.0,8,1,cruzeiro,0.409,0.0,0.0,40.0
153134,24.85,334.9602355957031,27.726158142089844,-0.003810291178524494,91.16387939453125,0.00010928302071988583,3.2559173632762395e-06,9.543477682266576e-09,0.0,1.0,-0.012935766950249672,1,-4.201789582936044e-09,-5.3495097240841005e-09,-9.536742595628311e-07,0.0002555637011371192,0.0030239061494086736,2.796189546585083,1.871108906925656e-05,-5.57468410988804e-07,9.8100004196167,-1.6251673340406114e-09,3.4111811153536564e-09,-1.6356658865887552e-13,3.1619081497192383,334.8831787109375,27.726110458374023,16,-1,43.108948839084995,5.0,0.0,45.0,8,1,cruzeiro,0.409,0.0,0.0,40.0
153135,24.900000000000002,334.9602355957031,27.726158142089844,-0.003810291178524494,91.16387939453125,0.00010928302071988583,3.2559173632762395e-06,1.9092267031863026e-08,0.0,1.0,-0.012935766950249672,1,-1.131964744160996e-09,9.99514426780479e-09,1.9073485191256623e-07,0.00023648905975072297,0.003013166462622564,2.796189546585083,1.871108906925656e-05,-5.57468410988804e-07,9.8100004196167,-3.068018727958588e-09,8.8640499384951e-09,-1.0064760440006704e-12,3.1619081497192383,334.8831787109375,27.726110458374023,16,-1,43.108948839084995,5.0,0.0,45.0,8,1,cruzeiro,0.409,0.0,0.0,40.0
153136,24.950000000000003,334.9602355957031,27.726158142089844,-0.003810291178524494,91.16387939453125,0.00010928302071988583,3.2559173632762395e-06,1.0545929121940037e-07,0.0,1.0,-0.012935766950249672,1,-1.8196148232618725e-07,-1.2560397522065614e-07,-2.47955313170678e-06,0.00023661751860139078,0.003015665348883146,2.796189546585083,1.871108906925656e-05,-5.57468410988804e-07,9.8100004196167,-1.0212814771648482e-07,-5.400531222221616e-08,-1.2836587695574941e-11,3.1619081497192383,334.8831787109375,27.726110458374023,16,-1,43.108948839084995,5.0,0.0,45.0,8,1,cruzeiro,0.409,0.0,0.0,40.0
153137,25.0,334.9602355957031,27.726158142089844,-0.003810291178524494,91.16387939453125,0.00010928302071988583,3.2559173632762395e-06,3.816230622262812e-08,0.0,1.0,0.0,1,1.8012157454450062e-07,1.299650733699309e-07,2.86102294921875e-06,0.00023708621123453953,0.0030156442736171693,2.796189546585083,1.871108906925656e-05,-5.57468410988804e-07,9.8100004196167,-2.8393909445867394e-09,1.1245905540135936e-08,4.1561583818613967e-13,3.1619081497192383,334.8831787109375,27.726110458374023,16,-1,43.108948839084995,5.0,0.0,45.0,8,1,parar,0.0,1.0,0.0,0.0
153138,25.05,334.9602355957031,27.726158142089844,-0.003810291178524494,91.16387939453125,0.00010928302071988583,3.2559173632762395e-06,8.649463147214181e-08,0.0,1.0,0.0,1,-1.801740125983997e-07,-1.254608292811099e-07,-2.47955313170678e-06,0.00024308349796932192,0.003011931187600737,2.796189546585083,1.871108906925656e-05,-5.57468410988804e-07,9.8100004196167,-1.0190593968673056e-07,-5.1623544550238876e-08,-1.0884700259172764e-11,3.1619081497192383,334.8831787109375,27.726110458374023,16,-1,43.108948839084995,5.0,0.0,45.0,8,1,parar,0.0,1.0,0.0,0.0
153139,25.1,334.9602355957031,27.726158142089844,-0.003810291178524494,91.16387939453125,0.00010928302071988583,3.2559173632762395e-06,5.724248020914148e-08,0.0,1.0,0.009732878766953945,1,1.8152312009078742e-07,1.3613515648103203e-07,2.8610227218450746e-06,0.000233524912835249,0.002990661839774645,2.796189546585083,1.871108906925656e-05,-5.57468410988804e-07,9.8100004196167,-2.695873746461075e-09,1.7032121490956342e-08,2.0079790694765842e-12,3.1619081497192383,334.8831787109375,27.726110458374023,16,-1,43.108948839084995,5.0,0.0,45.0,8,1,parar,0.0,1.0,0.0,0.0
153140,25.150000000000002,334.9602355957031,27.726158142089844,-0.003810291178524494,91.16387939453125,0.00010928302071988583,3.2559173632762395e-06,5.741897208140401e-08,0.0,1.0,-0.020882844924926758,1,-8.3100104575351e-08,5.285474280469771e-09,0.0,0.00024287897171028193,0.003014673572195704,2.796189546585083,1.871108906925656e-05,-5.57468410988804e-07,9.8100004196167,-8.034408693902151e-10,1.736053789613834e-08,1.5921883603220444e-11,3.1619081497192383,334.8831787109375,27.726110458374023,16,-1,43.108948839084995,5.0,0.0,45.0,8,1,parar,0.0,1.0,0.0,0.0
153141,25.200000000000003,334.9602355957031,27.726158142089844,-0.003810291178524494,91.16387939453125,0.00010928302071988583,3.2559173632762395e-06,2.0058048097476886e-07,0.0,1.0,-0.012935766950249672,1,9.045837146004487e-08,-2.591766872228618e-07,-5.149840944795869e-06,0.00024283175074536588,0.002994384749015978,2.796189546585083,1.871108906925656e-05,-5.57468410988804e-07,9.8100004196167,-1.6751400266912242e-09,-1.1435873403797814e-07,-2.0391572111422285e-11,3.1619081497192383,334.8831787109375,27.726110458374023,16,-1,43.108948839084995,5.0,0.0,45.0,8,1,parar,0.0,1.0,0.0,0.0
153142,25.25,334.9602355957031,27.726158142089844,-0.003810291178524494,91.16387939453125,0.00010928302071988583,3.2559173632762395e-06,9.539180277796613e-09,0.0,1.0,-0.012935766950249672,1,-5.829401850121485e-09,2.2510218400384474e-07,4.19616708313697e-06,0.00026601394805560006,0.003004448798563487,2.796189546585083,1.871108906925656e-05,-5.57468410988804e-07,9.8100004196167,-1.81515058539361e-09,1.3696012102215605e-09,1.27306504097216e-13,3.1619081497192383,334.8831787109375,27.726110458374023,16,-1,43.108948839084995,5.0,0.0,45.0,8,1,parar,0.0,1.0,0.0,0.0
153143,25.3,334.9602355957031,27.726158142089844,-0.003810291178524494,91.16387939453125,0.00010928302071988583,3.2559173632762395e-06,1.9085207438340978e-08,0.0,1.0,-0.012935766950249672,1,-1.1161876978249552e-09,9.997549454965338e-09,1.9073485191256623e-07,0.00024320792912270293,0.0030100560235127314,2.796189546585083,1.871108906925656e-05,-5.57468410988804e-07,9.8100004196167,-3.258058267618935e-09,6.822466591671628e-09,-6.872621504012966e-13,3.1619081497192383,334.8831787109375,27.726110458374023,16,-1,43.108948839084995,5.0,0.0,45.0,8,1,parar,0.0,1.0,0.0,0.0
153144,25.35,334.9602355957031,27.726158142089844,-0.003810291178524494,91.16387939453125,0.00010928302071988583,3.2559173632762395e-06,2.8612960186309883e-08,0.0,1.0,-0.012935766950249672,1,6.547062447737062e-09,-4.909391115859307e-09,1.9073485191256623e-07,0.0002592011087815382,0.003032758338648079,2.796189546585083,1.871108906925656e-05,-5.57468410988804e-07,9.8100004196167,5.455096818707261e-09,4.060618064016808e-09,-3.9577743209465166e-13,3.1619081497192383,334.8831787109375,27.726110458374023,16,-1,43.108948839084995,5.0,0.0,45.0,8,1,parar,0.0,1.0,0.0,0.0
153145,25.400000000000002,334.9602355957031,27.726158142089844,-0.003810291178524494,91.16387939453125,0.00010928302071988583,3.2559173632762395e-06,3.816154556674397e-08,0.0,1.0,-0.012935766950249672,1,1.8070215546117652e-08,-1.0762341018377697e-09,1.9073485191256623e-07,0.00023351028088448687,0.0030061789617122367,2.796189546585083,1.871108906925656e-05,-5.57468410988804e-07,9.8100004196167,7.2813906015767316e-09,3.3715994440797203e-09,-4.4274523961331316e-14,3.1619081497192383,334.8831787109375,27.726110458374023,16,-1,43.108948839084995,5.0,0.0,45.0,8,1,parar,0.0,1.0,0.0,0.0
153146,25.450000000000003,334.9602355957031,27.726158142089844,-0.003810291178524494,91.16387939453125,0.00010928302071988583,3.2559173632762395e-06,4.76860626603204e-08,0.0,1.0,-0.012935766950249672,1,-1.0692509988530219e-08,-5.0659751948956e-09,1.907348234908568e-07,0.0002506109789580779,0.0030239518215041125,2.796189546585083,1.871108906925656e-05,-5.57468410988804e-07,9.8100004196167,1.6056286966659172e-08,6.095959292906628e-10,9.117889548850705e-14,3.1619081497192383,334.8831787109375,27.726110458374023,16,-1,43.108948839084995,5.0,0.0,45.0,8,1,parar,0.0,1.0,0.0,0.0
153147,25.5,334.9602355957031,27.726158142089844,-0.003810291178524494,91.16387939453125,0.00010928302071988583,3.2559173632762395e-06,5.722465574853547e-08,0.0,1.0,-0.012935766950249672,1,-1.6177231776381973e-09,9.993269323160803e-09,1.9073489454513037e-07,0.00025891394947187395,0.003005254829147986,2.796189546585083,1.871108906925656e-05,-5.57468410988804e-07,9.8100004196167,1.4615176624488413e-08,6.062456314737119e-09,-6.544649804735014e-13,3.1619081497192383,334.8831787109375,27.726110458374023,16,-1,43.108948839084995,5.0,0.0,45.0,8,1,parar,0.0,1.0,0.0,0.0
153148,25.55,334.9602355957031,27.726158142089844,-0.003810291178524494,91.16387939453125,0.00010928302071988583,3.2559173632762395e-06,6.676667518507087e-08,0.0,1.0,-0.012935766950249672,1,-1.1321787951601436e-09,9.995140715091111e-09,1.9073489454513037e-07,0.0002478168762879551,0.0030007034225292837,2.796189546585083,1.871108906925656e-05,-5.57468410988804e-07,9.8100004196167,1.31723281171503e-08,1.1515325581967772e-08,-1.497680777139132e-12,3.1619081497192383,334.8831787109375,27.726110458374023,16,-1,43.108948839084995,5.0,0.0,45.0,8,1,parar,0.0,1.0,0.0,0.0
153149,25.6,334.9602355957031,27.726158142089844,-0.003810291178524494,91.16387939453125,0.00010928302071988583,3.2559173632762395e-06,7.631068724267073e-08,0.0,1.0,-0.012935766950249672,1,-1.1321577009226758e-09,9.99514426780479e-09,1.907348234908568e-07,0.00024864196703923257,0.0030100091693157647,2.796189546585083,1.871108906925656e-05,-5.57468410988804e-07,9.8100004196167,1.1729482274347447e-08,1.6968190408306327e-08,-2.3408850812617343e-12,3.1619081497192383,334.8831787109375,27.726110458374023,16,-1,43.108948839084995,5.0,0.0,45.0,8,1,parar,0.0,1.0,0.0,0.0
153150,25.650000000000002,334.9602355957031,27.726158142089844,-0.003810291178524494,91.16387939453125,0.00010928302071988583,3.2559173632762395e-06,5.752648703726718e-08,0.0,1.0,-0.012935766950249672,1,-7.630526255297809e-08,-1.2651418046516483e-07,-2.670288040462765e-06,0.00024621958872351855,0.003009604326578653,2.796189546585083,1.871108906925656e-05,-5.57468410988804e-07,9.8100004196167,-9.440771719937402e-08,-5.064161712198256e-08,8.264043095673745e-12,3.1619081497192383,334.8831787109375,27.726110458374023,16,-1,43.108948839084995,5.0,0.0,45.0,8,1,parar,0.0,1.0,0.0,0.0
153151,25.700000000000003,334.9602355957031,27.726158142089844,-0.003810291178524494,91.16387939453125,0.00010928302071988583,3.2559173632762395e-06,9.538752149937847e-09,0.0,1.0,-0.012935766950249672,1,7.339150442930986e-08,9.204323703215778e-08,1.3351440202313825e-06,0.00025291848309073715,0.0029939579795411073,2.796189546585083,1.871108906925656e-05,-5.57468410988804e-07,9.8100004196167,6.086426473927986e-09,-1.7290644471756877e-09,5.040934033043176e-13,3.1619081497192383,334.8831787109375,27.726110458374023,16,-1,43.108948839084995,5.0,0.0,45.0,8,1,parar,0.0,1.0,0.0,0.0
153152,25.75,334.9602355957031,27.726158142089844,-0.003810291178524494,91.16387939453125,0.00010928302071988583,3.2559173632762395e-06,1.907677403985172e-08,0.0,1.0,-0.012935766950249672,1,-1.6158413496114576e-09,9.993293303978135e-09,1.9073485191256623e-07,0.00024670300857699943,0.0030020270019833215,2.796189546585083,1.871108906925656e-05,-5.57468410988804e-07,9.8100004196167,4.64530724997303e-09,3.723797270538398e-09,-2.420658888179633e-13,3.1619081497192383,334.8831787109375,27.726110458374023,16,-1,43.108948839084995,5.0,0.0,45.0,8,1,parar,0.0,1.0,0.0,0.0
153153,25.8,334.9602355957031,27.726158142089844,-0.003810291178524494,91.16387939453125,0.00010928302071988583,3.2559173632762395e-06,2.862287952191306e-08,0.0,1.0,-0.012935766950249672,1,-1.1321812376507978e-09,9.99514160326953e-09,1.9073485191256623e-07,0.0002580058244691219,0.002997815403048832,2.796189546585083,1.871108906925656e-05,-5.57468410988804e-07,9.8100004196167,3.2024569662780777e-09,9.176666537769052e-09,-1.08526588323693e-12,3.1619081497192383,334.8831787109375,27.726110458374023,16,-1,43.108948839084995,5.0,0.0,45.0,8,1,parar,0.0,1.0,0.0,0.0
153154,25.85,334.9602355957031,27.726158142089844,-0.003810291178524494,91.16387939453125,0.00010928302071988583,3.2559173632762395e-06,3.815411088347696e-08,0.0,1.0,-0.012935766950249672,1,8.891947622657881e-09,-5.087554821869844e-09,1.9073485191256623e-07,0.00025275975057205245,0.00300595252072361,2.796189546585083,1.871108906925656e-05,-5.57468410988804e-07,9.8100004196167,7.607508401008545e-09,6.4340168748344695e-09,-1.4351584157190622e-12,3.1619081497192383,334.8831787109375,27.726110458374023,16,-1,43.108948839084995,5.0,0.0,45.0,8,1,parar,0.0,1.0,0.0,0.0
153155,25.900000000000002,334.9602355957031,27.726158142089844,-0.003810291178524494,91.16387939453125,0.00010928302071988583,3.2559173632762395e-06,3.8148582763685705e-08,0.0,1.0,-0.012935766950249672,1,-4.778286655238162e-09,-6.112644168609904e-09,0.0,0.00025340274263520145,0.0030233780021973753,2.796189546585083,1.871108906925656e-05,-5.57468410988804e-07,9.8100004196167,8.87095019663775e-09,3.024284822572554e-09,-1.6808231781233196e-13,3.1619081497192383,334.8831787109375,27.726110458374023,16,-1,43.108948839084995,5.0,0.0,45.0,8,1,parar,0.0,1.0,0.0,0.0
153156,25.950000000000003,334.9602355957031,27.726158142089844,-0.003810291178524494,91.16387939453125,0.00010928302071988583,3.2559173632762395e-06,4.769046061665757e-08,0.0,1.0,-0.012935766950249672,1,-1.190484155699778e-09,9.994531424695197e-09,1.907348234908568e-07,0.00026702309609184625,0.0030205855869809848,2.796189546585083,1.871108906925656e-05,-5.57468410988804e-07,9.8100004196167,7.4283095230498475e-09,8.477149648911109e-09,-9.96476230523402e-13,3.1619081497192383,334.8831787109375,27.726110458374023,16,-1,43.108948839084995,5.0,0.0,45.0,8,1,parar,0.0,1.0,0.0,0.0
153157,26.0,334.9602355957031,27.726158142089844,-0.003810291178524494,91.16387939453125,0.00010928302071988583,3.2559173632762395e-06,5.722587654785584e-08,0.0,1.0,-0.012935766950249672,1,1.3793763908864776e-09,-6.052514045506996e-10,1.9073489454513037e-07,0.00023843724105766627,0.0030305528485570785,2.796189546585083,1.871108906925656e-05,-5.57468410988804e-07,9.8100004196167,8.955196584281566e-09,8.129993567251859e-09,-9.947402060048183e-13,3.1619081497192383,334.8831787109375,27.726110458374023,16,-1,43.108948839084995,5.0,0.0,45.0,8,1,parar,0.0,1.0,0.0,0.0
153158,26.05,334.9602355957031,27.726158142089844,-0.003810291178524494,91.16387939453125,0.00010928302071988583,3.2559173632762395e-06,5.723268587205135e-08,0.0,1.0,-0.012935766950249672,1,1.651896575083356e-08,-3.6082847820750885e-09,0.0,0.0002447735237526405,0.0030123559188979807,2.796189546585083,1.871108906925656e-05,-5.57468410988804e-07,9.8100004196167,8.314852806279305e-09,6.090314919049433e-09,-4.694244667459435e-13,3.1619081497192383,334.8831787109375,27.726110458374023,16,-1,43.108948839084995,5.0,0.0,45.0,8,1,parar,0.0,1.0,0.0,0.0
153159,26.1,334.9602355957031,27.726158142089844,-0.003810291178524494,91.16387939453125,0.00010928302071988583,3.2559173632762395e-06,2.870503886964453e-10,0.0,1.0,-0.012935766950249672,1,-1.630345991543436e-08,-1.53791894774713e-08,-1.1444091114753974e-06,0.00025789828126811075,0.003011633827171124,2.796189546585083,1.871108906925656e-05,-5.57468410988804e-07,9.8100004196167,3.703079176631263e-09,-2.0587880289468785e-09,-9.628821516700393e-15,3.1619081497192383,334.8831787109375,27.726110458374023,16,-1,43.108948839084995,5.0,0.0,45.0,8,1,parar,0.0,1.0,0.0,0.0
153160,26.150000000000002,334.9602355957031,27.726158142089844,-0.003810291178524494,91.16387939453125,0.00010928302071988583,3.2559173632762395e-06,9.537821196003776e-09,0.0,1.0,-0.012935766950249672,1,-3.2076652445311993e-09,6.425382448327355e-09,1.9073485191256623e-07,0.0002554365101220657,0.00301414747043799,2.796189546585083,1.871108906925656e-05,-5.57468410988804e-07,9.8100004196167,4.813522913593715e-09,1.340213717782035e-09,1.2837245101562228e-13,3.1619081497192383,334.8831787109375,27.726110458374023,16,-1,43.108948839084995,5.0,0.0,45.0,8,1,parar,0.0,1.0,0.0,0.0
153161,26.200000000000003,334.9602355957031,27.726158142089844,-0.003810291178524494,91.16387939453125,0.00010928302071988583,3.2559173632762395e-06,1.9083952113808116e-08,0.0,1.0,-0.012935766950249672,1,-1.133449889501037e-09,9.995122951522717e-09,1.9073485191256623e-07,0.00024027845851172345,0.0030160467945990485,2.796189546585083,1.871108906925656e-05,-5.57468410988804e-07,9.8100004196167,3.370676848746257e-09,6.7930798763882194e-09,-7.144524230041915e-13,3.1619081497192383,334.8831787109375,27.726110458374023,16,-1,43.108948839084995,5.0,0.0,45.0,8,1,parar,0.0,1.0,0.0,0.0
153162,26.25,334.9602355957031,27.726158142089844,-0.003810291178524494,91.16387939453125,0.00010928302071988583,3.2559173632762395e-06,1.97474199888214e-08,0.0,1.0,-0.012935766950249672,1,9.979613935229281e-08,9.946427681484238e-09,0.0,0.0002394598068692477,0.003008330335390553,2.796189546585083,1.871108906925656e-05,-5.57468410988804e-07,9.8100004196167,2.357967154864582e-09,8.15338907500518e-09,1.9320283220491952e-11,3.1619081497192383,334.8831787109375,27.726110458374023,16,-1,43.108948839084995,5.0,0.0,45.0,8,1,parar,0.0,1.0,0.0,0.0
153163,26.3,334.9602355957031,27.726158142089844,-0.003810291178524494,91.16387939453125,0.00010928302071988583,3.2559173632762395e-06,1.9080501477388666e-08,0.0,1.0,-0.012935766950249672,1,-8.993096400899958e-08,-1.9396445338770718e-08,0.0,0.00025450020124274773,0.0030079010276296567,2.796189546585083,1.871108906925656e-05,-5.57468410988804e-07,9.8100004196167,1.1849942360697696e-08,1.649582692664353e-09,-6.372811349811269e-13,3.1619081497192383,334.8831787109375,27.726110458374023,16,-1,43.108948839084995,5.0,0.0,45.0,8,1,parar,0.0,1.0,0.0,0.0
153164,26.35,334.9602355957031,27.726158142089844,-0.003810291178524494,91.16387939453125,0.00010928302071988583,3.2559173632762395e-06,2.8619017629563894e-08,0.0,1.0,-0.012935766950249672,1,-5.02595964846364e-09,1.0151868679031395e-08,1.9073485191256623e-07,0.00025583582240663703,0.0030277215970074276,2.796189546585083,1.871108906925656e-05,-5.57468410988804e-07,9.8100004196167,1.042102404369416e-08,7.102266330605289e-09,-7.96514004926252e-13,3.1619081497192383,334.8831787109375,27.726110458374023,16,-1,43.108948839084995,5.0,0.0,45.0,8,1,parar,0.0,1.0,0.0,0.0
153165,26.400000000000002,334.9602355957031,27.726158142089844,-0.003810291178524494,91.16387939453125,0.00010928302071988583,3.2559173632762395e-06,3.849253080593837e-08,0.0,1.0,-0.012935766950249672,1,9.428269720501703e-08,1.4452731456060519e-08,1.9073485191256623e-07,0.00024232963918414783,0.003010432539895248,2.796189546585083,1.871108906925656e-05,-5.57468410988804e-07,9.8100004196167,6.523003470704225e-09,1.085807088685442e-08,1.9469120760007286e-11,3.1619081497192383,334.8831787109375,27.726110458374023,16,-1,43.108948839084995,5.0,0.0,45.0,8,1,parar,0.0,1.0,0.0,0.0
153166,26.450000000000003,334.9602355957031,27.726158142089844,-0.003810291178524494,91.16387939453125,0.00010928302071988583,3.2559173632762395e-06,3.8162874141552283e-08,0.0,1.0,-0.012935766950249672,1,-9.922190713496093e-08,-5.762106347617646e-09,0.0,0.0002481430935065265,0.0030218461902933877,2.796189546585083,1.871108906925656e-05,-5.57468410988804e-07,9.8100004196167,3.4559874961814785e-09,1.1898843688129546e-08,-1.1805314755267138e-12,3.1619081497192383,334.8831787109375,27.726110458374023,16,-1,43.108948839084995,5.0,0.0,45.0,8,1,parar,0.0,1.0,0.0,0.0
153167,26.5,334.9602355957031,27.726158142089844,-0.003810291178524494,91.16387939453125,0.00010928302071988583,3.2559173632762395e-06,0.0,0.0,1.0,-0.012935766950249672,1,1.2144453498397212e-10,-2.2031505508834925e-08,-7.629394076502649e-07,0.0002586585078804393,0.00300084682983487,2.796189546585083,1.871108906925656e-05,-5.57468410988804e-07,9.8100004196167,0.0,0.0,0.0,3.1619081497192383,334.8831787109375,27.726110458374023,16,-1,43.108948839084995,5.0,0.0,45.0,8,1,parar,0.0,1.0,0.0,0.0
153168,26.55,334.9602355957031,27.726158142089844,-0.003810291178524494,91.16387939453125,0.00010928302071988583,3.2559173632762395e-06,9.551480503274522e-09,0.0,1.0,-0.012935766950249672,1,-3.2907496727574426e-09,1.0084465706938772e-08,1.9073485191256623e-07,0.00022885935235329556,0.003009184627629281,2.796189546585083,1.871108906925656e-05,-5.57468410988804e-07,9.8100004196167,-1.435128904603289e-09,5.452763129909499e-09,-4.824946865655821e-13,3.1619081497192383,334.8831787109375,27.726110458374023,16,-1,43.108948839084995,5.0,0.0,45.0,8,1,parar,0.0,1.0,0.0,0.0
153169,26.6,334.9602355957031,27.726158142089844,-0.003810291178524494,91.16387939453125,0.00010928302071988583,3.2559173632762395e-06,1.1496034582306656e-07,0.0,1.0,-0.012935766950249672,1,-1.819616102238797e-07,-1.2560397522065614e-07,-2.47955313170678e-06,0.0002621953781615349,0.0030221314642205352,2.796189546585083,1.871108906925656e-05,-5.57468410988804e-07,9.8100004196167,-1.0049524235000717e-07,-5.741661368574569e-08,-1.2312313495133065e-11,3.1619081497192383,334.8831787109375,27.726110458374023,16,-1,43.108948839084995,5.0,0.0,45.0,8,1,parar,0.0,1.0,0.0,0.0
153170,26.650000000000002,334.9602355957031,27.726158142089844,-0.003810291178524494,91.16387939453125,0.00010928302071988583,3.2559173632762395e-06,1.9088817601948405e-08,0.0,1.0,-0.012935766950249672,1,1.8022106473836175e-07,1.2996677867249673e-07,2.670288040462765e-06,0.0002629775845323212,0.0029933541405427486,2.796189546585083,1.871108906925656e-05,-5.57468410988804e-07,9.8100004196167,-1.2068506194395923e-09,7.83460674114167e-09,-4.600428653474264e-13,3.1619081497192383,334.8831787109375,27.726110458374023,16,-1,43.108948839084995,5.0,0.0,45.0,8,1,parar,0.0,1.0,0.0,0.0
153171,26.700000000000003,334.9602355957031,27.726158142089844,-0.003810291178524494,91.16387939453125,0.00010928302071988583,3.2559173632762395e-06,2.8637179448614094e-08,0.0,1.0,-0.012935766950249672,1,6.993625123463687e-10,1.0014447937578552e-08,1.9073485191256623e-07,0.0002549187065940106,0.003019166797074092,2.796189546585083,1.871108906925656e-05,-5.57468410988804e-07,9.8100004196167,-2.6562601007640296e-09,1.3287488442870199e-08,-1.6980489280296607e-12,3.1619081497192383,334.8831787109375,27.726110458374023,16,-1,43.108948839084995,5.0,0.0,45.0,8,1,parar,0.0,1.0,0.0,0.0
153172,26.75,334.9602355957031,27.726158142089844,-0.003810291178524494,91.16387939453125,0.00010928302071988583,3.2559173632762395e-06,2.864316638439432e-08,0.0,1.0,-0.012935766950249672,1,-2.6084914228619027e-09,2.1116774995277865e-09,0.0,0.0002473017425815971,0.003029023658726316,2.796189546585083,1.871108906925656e-05,-5.57468410988804e-07,9.8100004196167,-6.0697384896002404e-09,1.4323648933611821e-08,1.2914790764595452e-12,3.1619081497192383,334.8831787109375,27.726110458374023,16,-1,43.108948839084995,5.0,0.0,45.0,8,1,parar,0.0,1.0,0.0,0.0
153173,26.8,334.9602355957031,27.726158142089844,-0.003810291178524494,91.16387939453125,0.00010928302071988583,3.2559173632762395e-06,2.2916610163834864e-07,0.0,1.0,-0.012935766950249672,1,5.9764051485444725e-09,-2.5479025111962983e-07,-5.149840944795869e-06,0.0002570667029774387,0.003019580954585933,2.796189546585083,1.871108906925656e-05,-5.57468410988804e-07,9.8100004196167,-6.639297112087661e-09,-1.1740038985408319e-07,-1.989491904552665e-11,3.1619081497192383,334.8831787109375,27.726110458374023,16,-1,43.108948839084995,5.0,0.0,45.0,8,1,parar,0.0,1.0,0.0,0.0
153174,26.85,334.9602355957031,27.726158142089844,-0.003810291178524494,91.16387939453125,0.00010928302071988583,3.2559173632762395e-06,3.856090020109672e-08,0.0,1.0,-0.012935766950249672,1,-1.0370824554684077e-07,2.6998219482265995e-07,5.34057608092553e-06,0.0002573710581034294,0.0030179198780189717,2.796189546585083,1.871108906925656e-05,-5.57468410988804e-07,9.8100004196167,-5.14917353200417e-09,2.0443781778567427e-08,1.0428001344375826e-11,3.1619081497192383,334.8831787109375,27.726110458374023,16,-1,43.108948839084995,5.0,0.0,45.0,8,1,parar,0.0,1.0,0.0,0.0
153175,26.900000000000002,334.9602355957031,27.726158142089844,-0.003810291178524494,91.16387939453125,0.00010928302071988583,3.2559173632762395e-06,4.774450040208648e-08,0.0,1.0,-0.012935766950249672,1,9.706387515961978e-08,5.799836166886507e-09,1.907348234908568e-07,0.00025626654363598676,0.0030257624672032643,2.796189546585083,1.871108906925656e-05,-5.57468410988804e-07,9.8100004196167,-6.943277952586868e-09,2.590148184822283e-08,-3.64260227883606e-12,3.1619081497192383,334.8831787109375,27.726110458374023,16,-1,43.108948839084995,5.0,0.0,45.0,8,1,parar,0.0,1.0,0.0,0.0
153176,26.950000000000003,334.9602355957031,27.726158142089844,-0.003810291178524494,91.16387939453125,0.00010928302071988583,3.2559173632762395e-06,9.543477682266576e-09,0.0,1.0,-0.012935766950249672,1,4.239185447119098e-09,-4.1236788206333586e-08,-7.629394076502649e-07,0.00024301913211978275,0.0030036149619974703,2.796189546585083,1.871108906925656e-05,-5.57468410988804e-07,9.8100004196167,-1.6251673340406114e-09,3.4111811153536564e-09,-1.635669952346902e-13,3.1619081497192383,334.8831787109375,27.726110458374023,16,-1,43.108948839084995,5.0,0.0,45.0,8,1,parar,0.0,1.0,0.0,0.0
153177,27.0,334.9602355957031,27.726158142089844,-0.003810291178524494,91.16387939453125,0.00010928302071988583,3.2559173632762395e-06,1.9092267031699436e-08,0.0,1.0,-0.012935766950249672,1,-1.131964522116391e-09,9.99514426780479e-09,1.9073485191256623e-07,0.00024938660766927854,0.002998795564579438,2.796189546585083,1.871108906925656e-05,-5.57468410988804e-07,9.8100004196167,-3.068018727958588e-09,8.8640499384951e-09,-1.0064884039054367e-12,3.1619081497192383,334.8831787109375,27.726110458374023,16,-1,43.108948839084995,5.0,0.0,45.0,8,1,parar,0.0,1.0,0.0,0.0
153178,27.05,334.9602355957031,27.726158142089844,-0.003810291178524494,91.16387939453125,0.00010928302071988583,3.2559173632762395e-06,2.3871586696503273e-07,0.0,1.0,-0.012935766950249672,1,5.741742636899971e-09,-2.5451879537286004e-07,-5.14984139954322e-06,0.00024146889066990583,0.003007654059345611,2.796189546585083,1.871108906925656e-05,-5.57468410988804e-07,9.8100004196167,-3.6367424627314904e-09,-1.228602002356638e-07,-1.9058142217143192e-11,3.1619081497192383,334.8831787109375,27.726110458374023,16,-1,43.108948839084995,5.0,0.0,45.0,8,1,parar,0.0,1.0,0.0,0.0
153179,27.1,334.9602355957031,27.726158142089844,-0.003810291178524494,91.16387939453125,0.00010928302071988583,3.2559173632762395e-06,2.86513163154124e-08,0.0,1.0,-0.012935766950249672,1,-7.332418228145343e-09,2.682615445337433e-07,5.34057608092553e-06,0.00024683896552936234,0.0030071459303400725,2.796189546585083,1.871108906925656e-05,-5.57468410988804e-07,9.8100004196167,-5.100678990288543e-09,1.6361939358944255e-08,-2.161726093269367e-12,3.1619081497192383,334.8831787109375,27.726110458374023,16,-1,43.108948839084995,5.0,0.0,45.0,8,1,parar,0.0,1.0,0.0,0.0
153180,27.150000000000002,334.9602355957031,27.726158142089844,-0.003810291178524494,91.16387939453125,0.00010928302071988583,3.2559173632762395e-06,3.81942771907257e-08,0.0,1.0,-0.012935766950249672,1,4.352446181243863e-10,7.517528821665564e-09,1.9073485191256623e-07,0.00023216688626938152,0.0030076322580754886,2.796189546585083,1.871108906925656e-05,-5.57468410988804e-07,9.8100004196167,-3.9398173612426035e-09,2.0441650150360147e-08,-2.7418163225934045e-12,3.1619081497192383,334.8831787109375,27.726110458374023,16,-1,43.108948839084995,5.0,0.0,45.0,8,1,parar,0.0,1.0,0.0,0.0
153181,27.200000000000003,334.9602355957031,27.726158142089844,-0.003810291178524494,91.16387939453125,0.00010928302071988583,3.2559173632762395e-06,3.823583489914171e-08,0.0,1.0,-0.012935766950249672,1,-3.8965302096016785e-09,1.3639049889491162e-08,0.0,0.00027016161678851234,0.0030224839589010908,2.796189546585083,1.871108906925656e-05,-5.57468410988804e-07,9.8100004196167,-7.349528985400866e-09,2.1468794741963393e-08,3.1097652231082407e-11,3.1619081497192383,334.8831787109375,27.726110458374023,16,-1,43.108948839084995,5.0,0.0,45.0,8,1,parar,0.0,1.0,0.0,0.0
153182,27.25,334.9602355957031,27.726158142089844,-0.003810291178524494,91.16387939453125,0.00010928302071988583,3.2559173632762395e-06,3.8243774803601196e-08,0.0,1.0,-0.012935766950249672,1,-2.3739810117717752e-09,1.840159136179409e-09,0.0,0.00025912033019061086,0.003012004431823868,2.796189546585083,1.871108906925656e-05,-5.57468410988804e-07,9.8100004196167,-1.0763832491988978e-08,2.2505165730990484e-08,3.095277853470968e-11,3.1619081497192383,334.8831787109375,27.726110458374023,16,-1,43.108948839084995,5.0,0.0,45.0,8,1,parar,0.0,1.0,0.0,0.0
153183,27.3,334.9602355957031,27.726158142089844,-0.003810291178524494,91.16387939453125,0.00010928302071988583,3.2559173632762395e-06,4.774937471356873e-08,0.0,1.0,-0.012935766950249672,1,6.047062850456086e-10,-4.294968825035994e-09,1.907348234908568e-07,0.00024751313495720127,0.003006944351753361,2.796189546585083,1.871108906925656e-05,-5.57468410988804e-07,9.8100004196167,-9.602722172985523e-09,2.659410114347338e-08,-3.336524849809064e-12,3.1619081497192383,334.8831787109375,27.726110458374023,16,-1,43.108948839084995,5.0,0.0,45.0,8,1,parar,0.0,1.0,0.0,0.0
153184,27.35,334.9602355957031,27.726158142089844,-0.003810291178524494,91.16387939453125,0.00010928302071988583,3.2559173632762395e-06,9.539180277796613e-09,0.0,1.0,-0.012935766950249672,1,7.85927678492726e-09,-4.619814220063745e-08,-7.629394076502649e-07,0.00024805694753261663,0.0030129795557770076,2.796189546585083,1.871108906925656e-05,-5.57468410988804e-07,9.8100004196167,-1.81515058539361e-09,1.3696012102215605e-09,1.2730876736925106e-13,3.1619081497192383,334.8831787109375,27.726110458374023,16,-1,43.108948839084995,5.0,0.0,45.0,8,1,parar,0.0,1.0,0.0,0.0
153185,27.400000000000002,334.9602355957031,27.726158142089844,-0.003810291178524494,91.16387939453125,0.00010928302071988583,3.2559173632762395e-06,1.9085207438340978e-08,0.0,1.0,-0.012935766950249672,1,-1.1161876978249552e-09,9.997549454965338e-09,1.9073485191256623e-07,0.0002557028970274888,0.003022684208716043,2.796189546585083,1.871108906925656e-05,-5.57468410988804e-07,9.8100004196167,-3.258058267618935e-09,6.822466591671628e-09,-6.872635056540122e-13,3.1619081497192383,334.8831787109375,27.726110458374023,16,-1,43.108948839084995,5.0,0.0,45.0,8,1,parar,0.0,1.0,0.0,0.0
153186,27.450000000000003,334.9602355957031,27.726158142089844,-0.003810291178524494,91.16387939453125,0.00010928302071988583,3.2559173632762395e-06,1.054322780202212e-07,0.0,1.0,-0.012935766950249672,1,1.8657109990272147e-07,-1.1891961548826657e-07,-2.47955313170678e-06,0.0002442087721080799,0.0029980332761426207,2.796189546585083,1.871108906925656e-05,-5.57468410988804e-07,9.8100004196167,9.379049004110129e-08,-5.657953039417407e-08,-7.752279720940614e-12,3.1619081497192383,334.8831787109375,27.726110458374023,16,-1,43.108948839084995,5.0,0.0,45.0,8,1,parar,0.0,1.0,0.0,0.0
153187,27.5,334.9602355957031,27.726158142089844,-0.003810291178524494,91.16387939453125,0.00010928302071988583,3.2559173632762395e-06,3.817615630725471e-08,0.0,1.0,-0.012935766950249672,1,-1.867911834096958e-07,1.358130816697667e-07,2.86102294921875e-06,0.0002452228050403693,0.0029999711301372254,2.796189546585083,1.871108906925656e-05,-5.57468410988804e-07,9.8100004196167,-3.182588415029386e-09,1.601305044118817e-08,-2.1103637500713424e-12,3.1619081497192383,334.8831787109375,27.726110458374023,16,-1,43.108948839084995,5.0,0.0,45.0,8,1,parar,0.0,1.0,0.0,0.0
153188,27.55,334.9602355957031,27.726158142089844,-0.003810291178524494,91.16387939453125,0.00010928302071988583,3.2559173632762395e-06,9.601323352042804e-08,0.0,1.0,-0.012935766950249672,1,2.0173035863990663e-07,-1.3268993370729731e-07,-2.6702878130890895e-06,0.0002496626841323024,0.003010822530441771,2.796189546585083,1.871108906925656e-05,-5.57468410988804e-07,9.8100004196167,9.467739658930441e-08,-5.488141852083572e-08,-8.318341675195295e-12,3.1619081497192383,334.8831787109375,27.726110458374023,16,-1,43.108948839084995,5.0,0.0,45.0,8,1,parar,0.0,1.0,0.0,0.0
153189,27.6,334.9602355957031,27.726158142089844,-0.003810291178524494,91.16387939453125,0.00010928302071988583,3.2559173632762395e-06,4.771202507076139e-08,0.0,1.0,-0.012935766950249672,1,-2.0112828735818766e-07,1.358284293928591e-07,2.8610227218450746e-06,0.00024170386726630853,0.0030186828303869215,2.796189546585083,1.871108906925656e-05,-5.57468410988804e-07,9.8100004196167,-2.2443522595949617e-09,1.771092428271004e-08,-2.379772160582272e-12,3.1619081497192383,334.8831787109375,27.726110458374023,16,-1,43.108948839084995,5.0,0.0,45.0,8,1,parar,0.0,1.0,0.0,0.0
153190,27.650000000000002,334.9602355957031,27.726158142089844,-0.003810291178524494,91.16387939453125,0.00010928302071988583,3.2559173632762395e-06,4.771219448850226e-08,0.0,1.0,-0.012935766950249672,1,-1.3918807439949887e-08,-5.056499663425029e-09,0.0,0.0002541174913292099,0.0030019834990327463,2.796189546585083,1.871108906925656e-05,-5.57468410988804e-07,9.8100004196167,-5.57534995948572e-09,1.500250768060596e-08,2.716795701167979e-13,3.1619081497192383,334.8831787109375,27.726110458374023,16,-1,43.108948839084995,5.0,0.0,45.0,8,1,parar,0.0,1.0,0.0,0.0
153191,27.700000000000003,334.9602355957031,27.726158142089844,-0.003810291178524494,91.16387939453125,0.00010928302071988583,3.2559173632762395e-06,9.648055954613265e-08,0.0,1.0,-0.012935766950249672,1,2.94593689886824e-07,-1.2231173229793058e-07,-2.8610227218450746e-06,0.0002364829124760337,0.0030057786153321895,2.796189546585083,1.871108906925656e-05,-5.57468410988804e-07,9.8100004196167,8.937404771813817e-08,-5.418270987433971e-08,1.1587366482990191e-11,3.1619081497192383,334.8831787109375,27.726110458374023,16,-1,43.108948839084995,5.0,0.0,45.0,8,1,parar,0.0,1.0,0.0,0.0
153192,27.75,334.9602355957031,27.726158142089844,-0.003810291178524494,91.16387939453125,0.00010928302071988583,3.2559173632762395e-06,8.643246284054653e-08,0.0,1.0,-0.012935766950249672,1,-9.64268664915835e-08,-3.491074096473312e-10,1.907348234908568e-07,0.0002402286755002325,0.0029984521284661123,2.796189546585083,1.871108906925656e-05,-5.57468410988804e-07,9.8100004196167,9.12413895548525e-08,-5.0440888799130335e-08,-8.687757110936722e-12,3.1619081497192383,334.8831787109375,27.726110458374023,16,-1,43.108948839084995,5.0,0.0,45.0,8,1,parar,0.0,1.0,0.0,0.0
153193,27.8,334.9602355957031,27.726158142089844,-0.003810291178524494,91.16387939453125,0.00010928302071988583,3.2559173632762395e-06,9.547017853263328e-09,0.0,1.0,-0.012935766950249672,1,-1.833805640671926e-07,1.0332432509585487e-07,1.9073485191256623e-06,0.0002258346221767471,0.0030250680907358283,2.796189546585083,1.871108906925656e-05,-5.57468410988804e-07,9.8100004196167,-1.5301484523888575e-09,4.431972566720788e-09,-3.229120258945589e-13,3.1619081497192383,334.8831787109375,27.726110458374023,16,-1,43.108948839084995,5.0,0.0,45.0,8,1,parar,0.0,1.0,0.0,0.0
153194,27.85,334.9602355957031,27.726158142089844,-0.003810291178524494,91.16387939453125,0.00010928302071988583,3.2559173632762395e-06,1.9096488764460153e-08,0.0,1.0,-0.012935766950249672,1,-1.1322289772408567e-09,9.995138938734272e-09,1.9073485191256623e-07,0.00025849608122164967,0.0030039798007948657,2.796189546585083,1.871108906925656e-05,-5.57468410988804e-07,9.8100004196167,-2.972999624262229e-09,9.884841389862231e-09,-1.166073856397054e-12,3.1619081497192383,334.8831787109375,27.726110458374023,16,-1,43.108948839084995,5.0,0.0,45.0,8,1,parar,0.0,1.0,0.0,0.0
153195,27.900000000000002,334.9602355957031,27.726158142089844,-0.003810291178524494,91.16387939453125,0.00010928302071988583,3.2559173632762395e-06,2.864630989603671e-08,0.0,1.0,-0.012935766950249672,1,-1.1321577009226758e-09,9.99514160326953e-09,1.9073485191256623e-07,0.0002524514580161241,0.003013118341257893,2.796189546585083,1.871108906925656e-05,-5.57468410988804e-07,9.8100004196167,-4.415850796135601e-09,1.5337709768914465e-08,-2.009292905669202e-12,3.1619081497192383,334.8831787109375,27.726110458374023,16,-1,43.108948839084995,5.0,0.0,45.0,8,1,parar,0.0,1.0,0.0,0.0
153196,27.950000000000003,334.9602355957031,27.726158142089844,-0.003810291178524494,91.16387939453125,0.00010928302071988583,3.2559173632762395e-06,2.863751552025575e-08,0.0,1.0,-0.012935766950249672,1,-3.8636684962511936e-09,-5.058262697588134e-09,0.0,0.0002381485956336593,0.003003179529130818,2.796189546585083,1.871108906925656e-05,-5.57468410988804e-07,9.8100004196167,-7.782849920090484e-09,1.262945303892593e-08,-1.1988574195875845e-12,3.1619081497192383,334.8831787109375,27.726110458374023,16,-1,43.108948839084995,5.0,0.0,45.0,8,1,parar,0.0,1.0,0.0,0.0
153197,28.0,334.9602355957031,27.726158142089844,-0.003810291178524494,91.16387939453125,0.00010928302071988583,3.2559173632762395e-06,9.594595518112195e-08,0.0,1.0,-0.012935766950249672,1,1.892908301215357e-07,-1.3237341534022562e-07,-2.47955313170678e-06,0.00024026348368145876,0.0030060032227794973,2.796189546585083,1.871108906925656e-05,-5.57468410988804e-07,9.8100004196167,8.976252274806029e-08,-5.792298196638512e-08,-8.65579916770054e-12,3.1619081497192383,334.8831787109375,27.726110458374023,16,-1,43.108948839084995,5.0,0.0,45.0,8,1,parar,0.0,1.0,0.0,0.0
153198,28.05,334.9602355957031,27.726158142089844,-0.003810291178524494,91.16387939453125,0.00010928302071988583,3.2559173632762395e-06,4.770418596110384e-08,0.0,1.0,-0.012935766950249672,1,-1.8736545825959183e-07,1.3614983629395283e-07,2.8610227218450746e-06,0.00024321439472053784,0.0030114526117160376,2.796189546585083,1.871108906925656e-05,-5.57468410988804e-07,9.8100004196167,-7.208520003132435e-09,1.4669321757310172e-08,-1.8815773591973617e-12,3.1619081497192383,334.8831787109375,27.726110458374023,16,-1,43.108948839084995,5.0,0.0,45.0,8,1,parar,0.0,1.0,0.0,0.0
153199,28.1,334.9602355957031,27.726158142089844,-0.003810291178524494,91.16387939453125,0.00010928302071988583,3.2559173632762395e-06,5.7238429769363104e-08,0.0,1.0,-0.012935766950249672,1,-4.848599299833722e-10,6.268385810415111e-10,1.9073489454513037e-07,0.00025285803693598895,0.003003118364702629,2.796189546585083,1.871108906925656e-05,-5.57468410988804e-07,9.8100004196167,-5.611509479308552e-09,1.5002672881792023e-08,-1.580433266895609e-12,3.1619081497192383,334.8831787109375,27.726110458374023,16,-1,43.108948839084995,5.0,0.0,45.0,8,1,parar,0.0,1.0,0.0,0.0
153200,28.150000000000002,334.9602355957031,27.726158142089844,-0.003810291178524494,91.16387939453125,0.00010928302071988583,3.2559173632762395e-06,5.7263799397910404e-08,0.0,1.0,-0.012935766950249672,1,-4.871741898782034e-10,1.6189837026558962e-08,0.0,0.00024840149015993405,0.002993722082081319,2.796189546585083,1.871108906925656e-05,-5.57468410988804e-07,9.8100004196167,-6.561238663493896e-09,1.7380493488872162e-08,3.174008972317566e-11,3.1619081497192383,334.8831787109375,27.726110458374023,16,-1,43.108948839084995,5.0,0.0,45.0,8,1,parar,0.0,1.0,0.0,0.0
153201,28.200000000000003,334.9602355957031,27.726158142089844,-0.003810291178524494,91.16387939453125,0.00010928302071988583,3.2559173632762395e-06,9.540862229257302e-09,0.0,1.0,-0.012935766950249672,1,5.0944013452181025e-09,-3.9281268016111426e-08,-9.536742595628311e-07,0.0002399009791022155,0.003003500914999847,2.796189546585083,1.871108906925656e-05,-5.57468410988804e-07,9.8100004196167,-1.7201804425326372e-09,2.39039033012034e-09,-6.517018980131857e-15,3.1619081497192383,334.8831787109375,27.726110458374023,16,-1,43.108948839084995,5.0,0.0,45.0,8,1,parar,0.0,1.0,0.0,0.0
153202,28.25,334.9602355957031,27.726158142089844,-0.003810291178524494,91.16387939453125,0.00010928302071988583,3.2559173632762395e-06,1.907668275737177e-08,0.0,1.0,-0.012935766950249672,1,6.599808699547793e-09,1.76345216207352e-09,1.9073485191256623e-07,0.000252754005521395,0.003009886425715592,2.796189546585083,1.871108906925656e-05,-5.57468410988804e-07,9.8100004196167,2.260221121375139e-09,3.394075243079442e-09,-8.499866392328026e-13,3.1619081497192383,334.8831787109375,27.726110458374023,16,-1,43.108948839084995,5.0,0.0,45.0,8,1,parar,0.0,1.0,0.0,0.0
153203,28.3,334.9602355957031,27.726158142089844,-0.003810291178524494,91.16387939453125,0.00010928302071988583,3.2559173632762395e-06,2.8617207394434895e-08,0.0,1.0,-0.012935766950249672,1,-3.2097677848952344e-09,6.425298515466693e-09,1.9073485191256623e-07,0.00025829837344438887,0.0030235016534590495,2.796189546585083,1.871108906925656e-05,-5.57468410988804e-07,9.8100004196167,3.3706755164786273e-09,6.793074547317701e-09,-7.148574267257235e-13,3.1619081497192383,334.8831787109375,27.726110458374023,16,-1,43.108948839084995,5.0,0.0,45.0,8,1,parar,0.0,1.0,0.0,0.0
153204,28.35,334.9602355957031,27.726158142089844,-0.003810291178524494,91.16387939453125,0.00010928302071988583,3.2559173632762395e-06,3.838428286882914e-08,0.0,1.0,-0.012935766950249672,1,-8.333537948601588e-08,5.15257969624372e-09,1.9073485191256623e-07,0.000246368107161955,0.0030188068609078864,2.796189546585083,1.871108906925656e-05,-5.57468410988804e-07,9.8100004196167,5.2639603786985845e-09,7.1215939811963835e-09,1.3195436063262456e-11,3.1619081497192383,334.8831787109375,27.726110458374023,16,-1,43.108948839084995,5.0,0.0,45.0,8,1,parar,0.0,1.0,0.0,0.0
153205,28.400000000000002,334.9602355957031,27.726158142089844,-0.003810291178524494,91.16387939453125,0.00010928302071988583,3.2559173632762395e-06,4.769791446553738e-08,0.0,1.0,-0.012935766950249672,1,8.328317591121959e-08,5.485394360960072e-09,1.907348234908568e-07,0.00023946547393073446,0.003004879767630143,2.796189546585083,1.871108906925656e-05,-5.57468410988804e-07,9.8100004196167,3.5192133651662516e-09,1.2579318919847537e-08,-1.6159471764171096e-12,3.1619081497192383,334.8831787109375,27.726110458374023,16,-1,43.108948839084995,5.0,0.0,45.0,8,1,parar,0.0,1.0,0.0,0.0
153206,28.450000000000003,334.9602355957031,27.726158142089844,-0.003810291178524494,91.16387939453125,0.00010928302071988583,3.2559173632762395e-06,5.724466769987531e-08,0.0,1.0,-0.012935766950249672,1,-1.1279401856967297e-09,9.995191341261034e-09,1.9073489454513037e-07,0.00022882933720914765,0.0030011072536382808,2.796189546585083,1.871108906925656e-05,-5.57468410988804e-07,9.8100004196167,2.076349758795004e-09,1.803218907525661e-08,-2.4605014206646736e-12,3.1619081497192383,334.8831787109375,27.726110458374023,16,-1,43.108948839084995,5.0,0.0,45.0,8,1,parar,0.0,1.0,0.0,0.0
153207,28.5,334.9602355957031,27.726158142089844,-0.003810291178524494,91.16387939453125,0.00010928302071988583,3.2559173632762395e-06,5.724286100638864e-08,0.0,1.0,-0.012935766950249672,1,-1.3953609823147417e-08,-5.056923768620436e-09,0.0,0.0002596156983033626,0.0030061104899488664,2.796189546585083,1.871108906925656e-05,-5.57468410988804e-07,9.8100004196167,-1.2545271488306753e-09,1.5323767144082012e-08,2.0099780130219957e-13,3.1619081497192383,334.8831787109375,27.726110458374023,16,-1,43.108948839084995,5.0,0.0,45.0,8,1,parar,0.0,1.0,0.0,0.0
153208,28.55,334.9602355957031,27.726158142089844,-0.003810291178524494,91.16387939453125,0.00010928302071988583,3.2559173632762395e-06,7.704563087720459e-08,0.0,1.0,-0.012935766950249672,1,-1.7482088310316612e-07,-1.2828995465952175e-07,-2.670288040462765e-06,0.0002521071071785019,0.0029961418000113435,2.796189546585083,1.871108906925656e-05,-5.57468410988804e-07,9.8100004196167,-1.0281240747644915e-07,-4.889601967761337e-08,-1.4081814707356255e-11,3.1619081497192383,334.8831787109375,27.726110458374023,16,-1,43.108948839084995,5.0,0.0,45.0,8,1,parar,0.0,1.0,0.0,0.0
153209,28.6,334.9602355957031,27.726158142089844,-0.003810291178524494,91.16387939453125,0.00010928302071988583,3.2559173632762395e-06,0.0,0.0,1.0,-0.012935766950249672,1,1.8997479855897836e-07,1.0007467921013813e-07,1.5258788153005298e-06,0.00023744802732629354,0.00300804422688833,2.796189546585083,1.871108906925656e-05,-5.57468410988804e-07,9.8100004196167,0.0,0.0,0.0,3.1619081497192383,334.8831787109375,27.726110458374023,16,-1,43.108948839084995,5.0,0.0,45.0,8,1,parar,0.0,1.0,0.0,0.0
153210,28.650000000000002,334.9602355957031,27.726158142089844,-0.003810291178524494,91.16387939453125,0.00010928302071988583,3.2559173632762395e-06,9.551480503274522e-09,0.0,1.0,-0.012935766950249672,1,-3.2907496727574426e-09,1.0084465706938772e-08,1.9073485191256623e-07,0.0002606024882313551,0.0029954795086979966,2.796189546585083,1.871108906925656e-05,-5.57468410988804e-07,9.8100004196167,-1.435128904603289e-09,5.452763129909499e-09,-4.824946865655821e-13,3.1619081497192383,334.8831787109375,27.726110458374023,16,-1,43.108948839084995,5.0,0.0,45.0,8,1,parar,0.0,1.0,0.0,0.0
153211,28.700000000000003,334.9602355957031,27.726158142089844,-0.003810291178524494,91.16387939453125,0.00010928302071988583,3.2559173632762395e-06,1.9113950113001867e-08,0.0,1.0,-0.012935766950249672,1,-4.154343091755663e-09,1.3635998108441072e-08,1.9073485191256623e-07,0.00024781836467603456,0.0030244647546880396,2.796189546585083,1.871108906925656e-05,-5.57468410988804e-07,9.8100004196167,-4.843917267294273e-09,6.479897063371709e-09,3.342241067239016e-11,3.1619081497192383,334.8831787109375,27.726110458374023,16,-1,43.108948839084995,5.0,0.0,45.0,8,1,parar,0.0,1.0,0.0,0.0
153212,28.75,334.9602355957031,27.726158142089844,-0.003810291178524494,91.16387939453125,0.00010928302071988583,3.2559173632762395e-06,2.863323045112643e-08,0.0,1.0,-0.012935766950249672,1,6.48078257725615e-10,-1.8006773849776891e-09,1.9073485191256623e-07,0.00026210654417603395,0.00301608683237481,2.796189546585083,1.871108906925656e-05,-5.57468410988804e-07,9.8100004196167,-6.292284027153983e-09,1.1941996724829096e-08,-1.4704412817576062e-12,3.1619081497192383,334.8831787109375,27.726110458374023,16,-1,43.108948839084995,5.0,0.0,45.0,8,1,parar,0.0,1.0,0.0,0.0
153213,28.8,334.9602355957031,27.726158142089844,-0.003810291178524494,91.16387939453125,0.00010928302071988583,3.2559173632762395e-06,3.818791998807009e-08,0.0,1.0,-0.012935766950249672,1,-1.2849714181584204e-08,7.479467711846155e-09,1.9073485191256623e-07,0.0002449808025973954,0.003004856585064942,2.796189546585083,1.871108906925656e-05,-5.57468410988804e-07,9.8100004196167,-5.083867549160459e-09,1.6021528992382628e-08,1.9210086537983784e-13,3.1619081497192383,334.8831787109375,27.726110458374023,16,-1,43.108948839084995,5.0,0.0,45.0,8,1,parar,0.0,1.0,0.0,0.0
153214,28.85,334.9602355957031,27.726158142089844,-0.003810291178524494,91.16387939453125,0.00010928302071988583,3.2559173632762395e-06,8.647801843082692e-08,0.0,1.0,-0.012935766950249672,1,-1.6841987360294297e-07,-1.255628916396745e-07,-2.47955313170678e-06,0.0002521967069585418,0.003001347057377813,2.796189546585083,1.871108906925656e-05,-5.57468410988804e-07,9.8100004196167,-1.0419247331583392e-07,-4.6847652868109435e-08,-1.3942108752218463e-11,3.1619081497192383,334.8831787109375,27.726110458374023,16,-1,43.108948839084995,5.0,0.0,45.0,8,1,parar,0.0,1.0,0.0,0.0
153215,28.900000000000002,334.9602355957031,27.726158142089844,-0.003810291178524494,91.16387939453125,0.00010928302071988583,3.2559173632762395e-06,4.772112935832023e-08,0.0,1.0,-0.012935766950249672,1,1.800191000711493e-07,1.3308408597367816e-07,2.6702878130890895e-06,0.0002477047741310645,0.003016981769249639,2.796189546585083,1.871108906925656e-05,-5.57468410988804e-07,9.8100004196167,-7.480958075234412e-09,2.0116996068964e-08,-2.680544805219731e-12,3.1619081497192383,334.8831787109375,27.726110458374023,16,-1,43.108948839084995,5.0,0.0,45.0,8,1,parar,0.0,1.0,0.0,0.0
153216,28.950000000000003,334.9602355957031,27.726158142089844,-0.003810291178524494,91.16387939453125,0.00010928302071988583,3.2559173632762395e-06,4.7730300480160936e-08,0.0,1.0,-0.012935766950249672,1,-4.939482156629538e-10,4.372215922643363e-09,0.0,0.00024894722155600733,0.0029992653476967343,2.796189546585083,1.871108906925656e-05,-5.57468410988804e-07,9.8100004196167,-8.429804410070574e-09,2.2504028862613268e-08,-3.0712312033831513e-12,3.1619081497192383,334.8831787109375,27.726110458374023,16,-1,43.108948839084995,5.0,0.0,45.0,8,1,parar,0.0,1.0,0.0,0.0
153217,29.0,334.9602355957031,27.726158142089844,-0.003810291178524494,91.16387939453125,0.00010928302071988583,3.2559173632762395e-06,5.7254673513518704e-08,0.0,1.0,-0.012935766950249672,1,7.656830725011332e-10,-2.4818236354917644e-09,1.9073489454513037e-07,0.0002434352923389571,0.003022846167894556,2.796189546585083,1.871108906925656e-05,-5.57468410988804e-07,9.8100004196167,-4.650575036180271e-09,2.1125686089362716e-08,-2.5095192850849157e-12,3.1619081497192383,334.8831787109375,27.726110458374023,16,-1,43.108948839084995,5.0,0.0,45.0,8,1,parar,0.0,1.0,0.0,0.0
153218,29.05,334.9602355957031,27.726158142089844,-0.003810291178524494,91.16387939453125,0.00010928302071988583,3.2559173632762395e-06,5.483311194895083e-10,0.0,1.0,-0.012935766950249672,1,-2.6733326663475054e-09,-4.2139998157608716e-08,-1.1444091114753974e-06,0.0002495495862208219,0.0029995452465101944,2.796189546585083,1.871108906925656e-05,-5.57468410988804e-07,9.8100004196167,-7.938870894008687e-09,-1.6667138780235291e-09,1.00194598982601e-13,3.1619081497192383,334.8831787109375,27.726110458374023,16,-1,43.108948839084995,5.0,0.0,45.0,8,1,parar,0.0,1.0,0.0,0.0
153219,29.1,334.9602355957031,27.726158142089844,-0.003810291178524494,91.16387939453125,0.00010928302071988583,3.2559173632762395e-06,2.0040927981705677e-08,0.0,1.0,-0.012935766950249672,1,-1.0973824515758679e-07,-2.296487977559991e-08,-3.8146970382513246e-07,0.0002621524272742437,0.0030099685615426206,2.796189546585083,1.871108906925656e-05,-5.57468410988804e-07,9.8100004196167,-2.2378571884473786e-08,-9.766262465404907e-09,-1.9946589518982094e-11,3.1619081497192383,334.8831787109375,27.726110458374023,16,-1,43.108948839084995,5.0,0.0,45.0,8,1,parar,0.0,1.0,0.0,0.0
153220,29.150000000000002,334.9602355957031,27.726158142089844,-0.003810291178524494,91.16387939453125,0.00010928302071988583,3.2559173632762395e-06,3.8279316411112056e-08,0.0,1.0,-0.012935766950249672,1,7.525615330905566e-08,-1.8728540496226742e-08,-3.8146970382513246e-07,0.00025693412775375067,0.00300375540753356,2.796189546585083,1.871108906925656e-05,-5.57468410988804e-07,9.8100004196167,-3.958443173246451e-08,-2.3652020786357753e-08,1.6989148803048248e-12,3.1619081497192383,334.8831787109375,27.726110458374023,16,-1,43.108948839084995,5.0,0.0,45.0,8,1,parar,0.0,1.0,0.0,0.0
153221,29.200000000000003,334.9602355957031,27.726158142089844,-0.003810291178524494,91.16387939453125,0.00010928302071988583,3.2559173632762395e-06,8.59197614482551e-08,0.0,1.0,-0.012935766950249672,1,7.831623349829897e-08,1.1576874214824784e-07,2.47955313170678e-06,0.0002493721442734642,0.003012159205198429,2.796189546585083,1.871108906925656e-05,-5.57468410988804e-07,9.8100004196167,5.542066361385878e-08,3.787942404187561e-08,-5.446075448251042e-12,3.1619081497192383,334.8831787109375,27.726110458374023,16,-1,43.108948839084995,5.0,0.0,45.0,8,1,parar,0.0,1.0,0.0,0.0
153222,29.25,334.9602355957031,27.726158142089844,-0.003810291178524494,91.16387939453125,0.00010928302071988583,3.2559173632762395e-06,3.894675452141458e-08,0.0,1.0,-0.012935766950249672,1,-1.758615724156698e-07,-1.3680477195521235e-07,-2.47955313170678e-06,0.0002748100969599665,0.0030187330253995124,2.796189546585083,1.871108906925656e-05,-5.57468410988804e-07,9.8100004196167,-5.283174431269799e-08,-3.107654578116126e-08,-1.6299139121711548e-11,3.1619081497192383,334.8831787109375,27.726110458374023,16,-1,43.108948839084995,5.0,0.0,45.0,8,1,parar,0.0,1.0,0.0,0.0
153223,29.3,334.9602355957031,27.726158142089844,-0.003810291178524494,91.16387939453125,0.00010928302071988583,3.2559173632762395e-06,9.565518410757239e-08,0.0,1.0,-0.012935766950249672,1,2.7165569349563157e-07,1.3886014471609087e-07,2.6702878130890895e-06,0.00025842082144457266,0.003007312081834413,2.796189546585083,1.871108906925656e-05,-5.57468410988804e-07,9.8100004196167,3.172944573748282e-08,3.491471289862602e-08,1.6421907236829902e-11,3.1619081497192383,334.8831787109375,27.726110458374023,16,-1,43.108948839084995,5.0,0.0,45.0,8,1,parar,0.0,1.0,0.0,0.0
153224,29.35,334.9602355957031,27.726158142089844,-0.003810291178524494,91.16387939453125,0.00010928302071988583,3.2559173632762395e-06,9.543163292078962e-08,0.0,1.0,-0.012935766950249672,1,-1.0480854939487472e-07,-7.178950767183778e-09,0.0,0.00023205631536050818,0.0029994478214377404,2.796189546585083,1.871108906925656e-05,-5.57468410988804e-07,9.8100004196167,1.980685837565943e-08,2.8837062515663092e-08,3.053652816720209e-11,3.1619081497192383,334.8831787109375,27.726110458374023,16,-1,43.108948839084995,5.0,0.0,45.0,8,1,parar,0.0,1.0,0.0,0.0
153225,29.400000000000002,334.9602355957031,27.726158142089844,-0.003810291178524494,91.16387939453125,0.00010928302071988583,3.2559173632762395e-06,3.0080473516796934e-08,0.0,1.0,-0.012935766950249672,1,-1.9558632402549847e-07,-1.3774096885299514e-07,-2.47955313170678e-06,0.00025788437873209945,0.003026153384396991,2.796189546585083,1.871108906925656e-05,-5.57468410988804e-07,9.8100004196167,-7.920360189928033e-08,-3.402305281952067e-08,-1.6061409147116734e-11,3.1619081497192383,334.8831787109375,27.726110458374023,16,-1,43.108948839084995,5.0,0.0,45.0,8,1,parar,0.0,1.0,0.0,0.0
153226,29.450000000000003,334.9602355957031,27.726158142089844,-0.003810291178524494,91.16387939453125,0.00010928302071988583,3.2559173632762395e-06,9.539180278048522e-09,0.0,1.0,-0.012935766950249672,1,1.6775258870893595e-07,7.46883017654909e-08,7.629394076502649e-07,0.00024170268537794358,0.0030058615594300018,2.796189546585083,1.871108906925656e-05,-5.57468410988804e-07,9.8100004196167,-1.8151501413044002e-09,1.369601099199258e-09,1.2730611107392847e-13,3.1619081497192383,334.8831787109375,27.726110458374023,16,-1,43.108948839084995,5.0,0.0,45.0,8,1,parar,0.0,1.0,0.0,0.0
153227,29.5,334.9602355957031,27.726158142089844,-0.003810291178524494,91.16387939453125,0.00010928302071988583,3.2559173632762395e-06,1.908520743850747e-08,0.0,1.0,-0.012935766950249672,1,-1.1161876978249552e-09,9.997549454965338e-09,1.9073485191256623e-07,0.0002470499742118892,0.0030275103286641633,2.796189546585083,1.871108906925656e-05,-5.57468410988804e-07,9.8100004196167,-3.258058267618935e-09,6.822466591671628e-09,-6.872579220128239e-13,3.1619081497192383,334.8831787109375,27.726110458374023,16,-1,43.108948839084995,5.0,0.0,45.0,8,1,parar,0.0,1.0,0.0,0.0
153228,29.55,334.9602355957031,27.726158142089844,-0.003810291178524494,91.16387939453125,0.00010928302071988583,3.2559173632762395e-06,1.0546953391672717e-07,0.0,1.0,-0.012935766950249672,1,-1.8196149653704197e-07,-1.2560397522065614e-07,-2.47955313170678e-06,0.00025303154419610395,0.0029980879904343847,2.796189546585083,1.871108906925656e-05,-5.57468410988804e-07,9.8100004196167,-1.0231818947659121e-07,-5.6046893348593585e-08,-1.2517042957682634e-11,3.1619081497192383,334.8831787109375,27.726110458374023,16,-1,43.108948839084995,5.0,0.0,45.0,8,1,parar,0.0,1.0,0.0,0.0
153229,29.6,334.9602355957031,27.726158142089844,-0.003810291178524494,91.16387939453125,0.00010928302071988583,3.2559173632762395e-06,3.8157671457528196e-08,0.0,1.0,-0.012935766950249672,1,1.8022106473836175e-07,1.2996677867249673e-07,2.86102294921875e-06,0.00025119648879602495,0.0029991691204288027,2.796189546585083,1.871108906925656e-05,-5.57468410988804e-07,9.8100004196167,-3.029787087882596e-09,9.204311979260638e-09,-6.648464331154846e-13,3.1619081497192383,334.8831787109375,27.726110458374023,16,-1,43.108948839084995,5.0,0.0,45.0,8,1,parar,0.0,1.0,0.0,0.0
153230,29.650000000000002,334.9602355957031,27.726158142089844,-0.003810291178524494,91.16387939453125,0.00010928302071988583,3.2559173632762395e-06,4.770356904328995e-08,0.0,1.0,-0.012935766950249672,1,6.993639001251495e-10,1.0014444384864873e-08,1.907348234908568e-07,0.0002495555340887978,0.003012203901406053,2.796189546585083,1.871108906925656e-05,-5.57468410988804e-07,9.8100004196167,-4.479195681028614e-09,1.4657195457346006e-08,-1.902865885694549e-12,3.1619081497192383,334.8831787109375,27.726110458374023,16,-1,43.108948839084995,5.0,0.0,45.0,8,1,parar,0.0,1.0,0.0,0.0
153231,29.700000000000003,334.9602355957031,27.726158142089844,-0.003810291178524494,91.16387939453125,0.00010928302071988583,3.2559173632762395e-06,5.7237884899871374e-08,0.0,1.0,-0.012935766950249672,1,-5.202704933537916e-10,6.264189167382028e-10,1.9073489454513037e-07,0.0002406339809001412,0.003014016291288669,2.796189546585083,1.871108906925656e-05,-5.57468410988804e-07,9.8100004196167,-2.8820590358691334e-09,1.4990545693649437e-08,-1.5916450015612815e-12,3.1619081497192383,334.8831787109375,27.726110458374023,16,-1,43.108948839084995,5.0,0.0,45.0,8,1,parar,0.0,1.0,0.0,0.0
153232,29.75,334.9602355957031,27.726158142089844,-0.003810291178524494,91.16387939453125,0.00010928302071988583,3.2559173632762395e-06,7.772910764903508e-08,0.0,1.0,-0.012935766950249672,1,2.891051167352998e-07,-1.189518883393248e-07,-2.670288040462765e-06,0.00024904421005679354,0.003023660411216212,2.796189546585083,1.871108906925656e-05,-5.57468410988804e-07,9.8100004196167,9.45908738003709e-08,-5.250399226497393e-08,1.1850400868929079e-11,3.1619081497192383,334.8831787109375,27.726110458374023,16,-1,43.108948839084995,5.0,0.0,45.0,8,1,parar,0.0,1.0,0.0,0.0
153233,29.8,334.9602355957031,27.726158142089844,-0.003810291178524494,91.16387939453125,0.00010928302071988583,3.2559173632762395e-06,6.678312094090431e-08,0.0,1.0,-0.012935766950249672,1,-2.8706634225272865e-07,1.2836238738600514e-07,2.86102294921875e-06,0.00024186283602624202,0.002997216210658905,2.796189546585083,1.871108906925656e-05,-5.57468410988804e-07,9.8100004196167,-2.022652267896774e-09,2.0092803865168207e-08,-2.7531028672089786e-12,3.1619081497192383,334.8831787109375,27.726110458374023,16,-1,43.108948839084995,5.0,0.0,45.0,8,1,parar,0.0,1.0,0.0,0.0
153234,29.85,334.9602355957031,27.726158142089844,-0.003810291178524494,91.16387939453125,0.00010928302071988583,3.2559173632762395e-06,6.678621184494286e-08,0.0,1.0,-0.012935766950249672,1,-2.3755208911069303e-09,1.8468360174495047e-09,0.0,0.0002611242407854053,0.0030198913087389765,2.796189546585083,1.871108906925656e-05,-5.57468410988804e-07,9.8100004196167,-5.43694511634385e-09,2.1129158866983744e-08,-2.5758733254027666e-12,3.1619081497192383,334.8831787109375,27.726110458374023,16,-1,43.108948839084995,5.0,0.0,45.0,8,1,parar,0.0,1.0,0.0,0.0
153235,29.900000000000002,334.9602355957031,27.726158142089844,-0.003810291178524494,91.16387939453125,0.00010928302071988583,3.2559173632762395e-06,9.547017853263328e-09,0.0,1.0,-0.012935766950249672,1,3.1475131390124034e-09,-3.062203646209127e-08,-1.144409225162235e-06,0.00026292348414948095,0.003007838158581023,2.796189546585083,1.871108906925656e-05,-5.57468410988804e-07,9.8100004196167,-1.5301484523888575e-09,4.431972566720788e-09,-3.229151158707505e-13,3.1619081497192383,334.8831787109375,27.726110458374023,16,-1,43.108948839084995,5.0,0.0,45.0,8,1,parar,0.0,1.0,0.0,0.0
153236,29.950000000000003,334.9602355957031,27.726158142089844,-0.003810291178524494,91.16387939453125,0.00010928302071988583,3.2559173632762395e-06,1.910673813073255e-08,0.0,1.0,-0.012935766950249672,1,-1.2849868724629232e-08,7.479465047310896e-09,1.9073485191256623e-07,0.00024895038969553583,0.0029980362347288856,2.796189546585083,1.871108906925656e-05,-5.57468410988804e-07,9.8100004196167,-3.2172930986007486e-10,8.51150439018511e-09,1.3402240471929727e-12,3.1619081497192383,334.8831787109375,27.726110458374023,16,-1,43.108948839084995,5.0,0.0,45.0,8,1,parar,0.0,1.0,0.0,0.0
