time,seconds_elapsed,z,y,x
1789130050696236000,0.102236083984375,0.040071964263916016,-0.7398195266723633,0.20039653778076172
1789130050712242200,0.1182421875,0.047478675842285156,0.08072900772094727,0.007758378982543945
1789130050728248600,0.13424853515625,0.14366483688354492,-0.05651998519897461,0.1335313320159912
1789130050744256000,0.150256103515625,0.08705759048461914,0.01313638687133789,0.034688711166381836
1789130050760262400,0.166262451171875,-0.12248706817626953,0.0719156265258789,0.10549664497375488
1789130050776271400,0.182271240234375,-0.08207035064697266,0.04391050338745117,0.010968923568725586
1789130050792281900,0.19828173828125,-0.00935506820678711,-0.07684135437011719,-0.05020904541015625
1789130050808289500,0.21428955078125,-0.04990577697753906,-0.24069929122924805,0.06267070770263672
1789130050824301300,0.23030126953125,0.14961671829223633,-0.09333038330078125,-0.13673043251037598
1789130050840311600,0.2463115234375,0.02067279815673828,0.05680418014526367,0.02106308937072754
1789130050856329500,0.26232958984375,0.15915346145629883,-0.03862905502319336,0.13189387321472168
1789130050872344600,0.278344482421875,0.2348484992980957,0.041357994079589844,0.017319917678833008
1789130050888356000,0.294356201171875,-0.07351160049438477,0.09514808654785156,0.07102632522583008
1789130050904367900,0.310367919921875,-0.13575029373168945,-0.010002613067626953,0.21944236755371094
1789130050920378400,0.32637841796875,0.05927324295043945,0.2676544189453125,-0.10287213325500488
1789130050936388900,0.342388916015625,0.27907896041870117,0.24496841430664062,0.07995891571044922
1789130050952397600,0.3583974609375,0.4210214614868164,0.18915653228759766,-0.04268002510070801
1789130050968406300,0.37440625,0.03355979919433594,0.10045480728149414,0.03446221351623535
1789130050984413400,0.390413330078125,-0.017854690551757812,0.16365909576416016,0.035547494888305664
1789130051000428000,0.406427978515625,0.29022884368896484,0.1935100555419922,-0.0068416595458984375
1789130051016440800,0.42244091796875,0.30141115188598633,0.1422867774963379,0.062236785888671875
1789130051032454700,0.43845458984375,-0.0490875244140625,0.07119369506835938,0.0889657735824585
1789130051048465400,0.45446533203125,-0.2573847770690918,0.010988235473632812,0.07682311534881592
1789130051064472600,0.47047265625,-0.2560720443725586,-0.03535890579223633,-0.04813504219055176
1789130051080480000,0.48647998046875,-0.3309030532836914,-0.07304191589355469,-0.178466796875
1789130051096485600,0.502485595703125,-0.19143390655517578,-0.07888269424438477,-0.1615595817565918
1789130051112489200,0.5184892578125,-0.19838762283325195,-0.04659557342529297,-0.460313081741333
1789130051128491000,0.534490966796875,-0.44951295852661133,-0.07033920288085938,-0.10182905197143555
1789130051144492300,0.5504921875,-0.45200300216674805,-0.05956411361694336,-0.4057619571685791
1789130051160498000,0.566497802734375,-1.0883846282958984,-0.014827251434326172,-0.16298818588256836
1789130051176508200,0.582508056640625,-1.290027141571045,0.2938680648803711,0.05083656311035156
1789130051192509700,0.598509765625,-0.6292591094970703,0.4741067886352539,0.5143108367919922
1789130051208517000,0.61451708984375,0.35138940811157227,0.4394364356994629,0.5698299407958984
1789130051224521000,0.63052099609375,0.8892502784729004,0.19858551025390625,0.2862509489059448
1789130051240524500,0.646524658203125,1.0177440643310547,-0.04997587203979492,-0.011835098266601562
1789130051256529700,0.66252978515625,0.8496737480163574,-0.24644136428833008,-0.02443385124206543
1789130051272536300,0.678536376953125,0.49553775787353516,-0.15717506408691406,-0.18482863903045654
1789130051288539000,0.694538818359375,0.02053689956665039,0.12896442413330078,0.07026481628417969
1789130051304546000,0.710546142578125,0.08343839645385742,0.3379793167114258,-0.02577793598175049
1789130051320556000,0.72655615234375,0.12594032287597656,0.15001201629638672,0.34603261947631836
1789130051336564200,0.742564208984375,0.32011842727661133,0.08930253982543945,-0.1755824089050293
1789130051352568000,0.758568115234375,-0.20659303665161133,0.0767374038696289,-0.043512940406799316
1789130051368572700,0.77457275390625,-0.39181089401245117,-0.06939077377319336,0.047077059745788574
1789130051384576800,0.79057666015625,-0.2909278869628906,0.20866155624389648,0.14030718803405762
1789130051400584200,0.806584228515625,0.03596067428588867,0.22559165954589844,0.09677934646606445
1789130051416593400,0.822593505859375,0.576667308807373,0.1330409049987793,-0.0595475435256958
1789130051432601900,0.838601806640625,0.8539729118347168,-0.04465007781982422,0.15663433074951172
1789130051448613600,0.854613525390625,1.070479393005371,-0.09792232513427734,0.02739131450653076
1789130051472633900,0.8786337890625,0.9838032722473145,-0.13447046279907227,0.008951663970947266
1789130051488646100,0.894646240234375,0.9225282669067383,-0.021112918853759766,-0.12337446212768555
1789130051504657200,0.9106572265625,0.7379775047302246,-0.037467002868652344,0.10461747646331787
1789130051520661800,0.926661865234375,0.4853067398071289,-0.028364181518554688,-0.06130814552307129
1789130051536666400,0.942666259765625,-0.06072187423706055,0.08802986145019531,-0.11696875095367432
1789130051552669400,0.95866943359375,-0.5091142654418945,0.010626792907714844,-0.1046144962310791
1789130051568680400,0.974680419921875,-0.7397184371948242,0.08658218383789062,0.010387539863586426
1789130051584683500,0.99068359375,-0.8005385398864746,0.22340106964111328,0.3891535997390747
1789130051600684500,1.0066845703125,-0.3630232810974121,0.39641427993774414,0.5638593435287476
1789130051616690400,1.0226904296875,-0.09110260009765625,0.33032894134521484,0.11421144008636475
1789130051632694000,1.038694091796875,-0.28294801712036133,0.03167247772216797,0.043965697288513184
1789130051648693500,1.054693603515625,-0.4400453567504883,0.004236698150634766,-0.015375018119812012
1789130051664690400,1.0706904296875,-0.35115718841552734,-0.13586091995239258,0.030052661895751953
1789130051680692500,1.0866923828125,-0.07924890518188477,-0.1728954315185547,-0.05024111270904541
1789130051696694000,1.102694091796875,-0.011898517608642578,-0.2169513702392578,-0.2545682191848755
1789130051712696300,1.1186962890625,0.0840139389038086,-0.15346622467041016,-0.359289288520813
1789130051728700400,1.134700439453125,0.3425302505493164,0.0858006477355957,-0.16867399215698242
1789130051744709000,1.150709228515625,0.553776741027832,0.23305034637451172,0.12941491603851318
1789130051760710400,1.16671044921875,0.5994992256164551,0.44287729263305664,0.3775991201400757
1789130051776710400,1.18271044921875,0.4573831558227539,0.37432861328125,0.22281944751739502
1789130051792714200,1.19871435546875,0.04338836669921875,0.274777889251709,0.15328967571258545
1789130051808714800,1.21471484375,-0.3222341537475586,-0.06978940963745117,0.167893648147583
1789130051824715800,1.2307158203125,-0.1678023338317871,-0.2482309341430664,0.11771690845489502
1789130051840721000,1.246720947265625,-0.003784656524658203,-0.26517677307128906,-0.07642769813537598
1789130051856726000,1.26272607421875,-0.3262052536010742,-0.1258101463317871,0.11686086654663086
1789130051872727800,1.278727783203125,-0.16611766815185547,0.09299850463867188,-0.0887988805770874
1789130051888735700,1.29473583984375,0.05360984802246094,0.1269230842590332,0.10244214534759521
1789130051904741400,1.310741455078125,0.34897661209106445,0.02902078628540039,0.10819971561431885
1789130051920744200,1.326744140625,0.2987179756164551,0.0549321174621582,-0.15911471843719482
1789130051936749300,1.342749267578125,0.011912822723388672,-0.08431339263916016,0.20954906940460205
1789130051952760600,1.358760498046875,0.16455650329589844,0.08315515518188477,0.03041207790374756
1789130051968765000,1.374764892578125,-0.027604103088378906,0.26642417907714844,0.14953148365020752
1789130051984773000,1.390773193359375,0.1246795654296875,0.3050408363342285,-0.04334557056427002
1789130052008780500,1.414780517578125,0.5469341278076172,-0.09075784683227539,0.20944130420684814
1789130052024790000,1.4307900390625,0.6339554786682129,-0.2735600471496582,-0.11712467670440674
1789130052040796400,1.44679638671875,0.16842222213745117,-0.213958740234375,-0.28836238384246826
1789130052056803600,1.462803466796875,-0.07825279235839844,-0.33747386932373047,-0.08595776557922363
1789130052072806700,1.478806640625,0.05257415771484375,-0.23232078552246094,-0.3074096441268921
1789130052088809700,1.494809814453125,-0.006600856781005859,-0.03705167770385742,-0.10640311241149902
1789130052104813800,1.510813720703125,0.11784696578979492,0.08919525146484375,0.1006917953491211
1789130052120816400,1.52681640625,0.0984029769897461,0.5390715599060059,-0.05455052852630615
1789130052136820700,1.54282080078125,-0.32677173614501953,0.6926670074462891,0.2998164892196655
1789130052152828000,1.558827880859375,0.1305079460144043,0.5208659172058105,0.279729962348938
1789130052176827600,1.58282763671875,0.11720609664916992,0.06240415573120117,0.2882370948791504
1789130052192829000,1.598828857421875,-0.21978473663330078,-0.10085201263427734,0.3007657527923584
1789130052208831200,1.614831298828125,-0.11792373657226562,-0.5156736373901367,0.6030416488647461
1789130052224832500,1.63083251953125,0.07762670516967773,-0.7222108840942383,0.20973610877990723
1789130052240835000,1.6468349609375,-0.24547052383422852,-0.20302343368530273,-0.9366422891616821
1789130052256837000,1.662837158203125,-0.9911012649536133,0.19276714324951172,-0.6843246221542358
1789130052272833800,1.678833740234375,-0.5652704238891602,0.1258544921875,-0.01181340217590332
1789130052288829700,1.69482958984375,-0.027045726776123047,0.2630581855773926,0.07962977886199951
1789130052304832300,1.710832275390625,-0.3538198471069336,0.12204217910766602,0.47156822681427
1789130052320839200,1.726839111328125,-0.6130242347717285,0.12258720397949219,0.4492257833480835
1789130052336852500,1.7428525390625,-0.7391738891601562,0.3716597557067871,0.23897778987884521
1789130052352863000,1.758863037109375,-1.1544160842895508,0.5587420463562012,0.36234748363494873
1789130052368864800,1.77486474609375,-1.2784185409545898,0.7342820167541504,0.2272965908050537
1789130052384864800,1.79086474609375,-1.4115819931030273,0.8148112297058105,0.4068366289138794
1789130052400870100,1.8068701171875,-1.679837703704834,0.8186545372009277,1.0229352712631226
1789130052416872000,1.822871826171875,-1.357837200164795,0.19865179061889648,1.808975100517273
1789130052432869400,1.838869384765625,-1.0250468254089355,-1.6379380226135254,0.9169602394104004
1789130052448866800,1.85486669921875,-0.26424598693847656,-0.8332729339599609,0.5152139663696289
1789130052464868000,1.8708681640625,0.759397029876709,0.9094886779785156,0.4858911633491516
1789130052480867300,1.886867431640625,1.2374563217163086,2.430619716644287,0.3323299288749695
1789130052496873000,1.902873046875,0.17692089080810547,2.376047134399414,0.4285396337509155
1789130052512881000,1.918880859375,-1.766667366027832,1.5101284980773926,0.9992793202400208
1789130052528883200,1.93488330078125,-3.150282621383667,0.8118224143981934,1.074225902557373
1789130052544883500,1.950883544921875,-4.800450325012207,0.6765842437744141,0.6507534980773926
1789130052560885200,1.96688525390625,-5.709597110748291,0.20746707916259766,0.4786953926086426
1789130052576889300,1.982889404296875,-5.299738883972168,-1.2139892578125,0.8477485179901123
1789130052592893700,1.998893798828125,0.2989988327026367,-2.1345410346984863,-0.11209052801132202
1789130052608895200,2.014895263671875,-2.423175811767578,-2.4321069717407227,0.6022165417671204
1789130052624898800,2.03089892578125,-1.7333521842956543,-2.1520514488220215,0.5640636682510376
1789130052640894700,2.046894775390625,-2.485548973083496,-1.5003480911254883,0.5901172757148743
1789130052656891100,2.06289111328125,-3.8886663913726807,-1.55186128616333,0.8242647647857666
1789130052672887300,2.07888720703125,-5.178691864013672,-1.3158268928527832,1.343406081199646
1789130052688875000,2.094875,-5.4420928955078125,-0.7982330322265625,1.6813074350357056
1789130052704871200,2.11087109375,-4.257237434387207,-0.07660531997680664,1.4913021326065063
1789130052720872200,2.1268720703125,-1.2704100608825684,1.3006563186645508,0.3535550832748413
1789130052736871700,2.14287158203125,2.083815574645996,2.135913372039795,-0.6756779551506042
1789130052752872200,2.1588720703125,3.721132278442383,0.4584946632385254,-1.6450014114379883
1789130052768875500,2.17487548828125,3.7439537048339844,-1.6281590461730957,-1.451594352722168
1789130052784880600,2.190880615234375,2.5830583572387695,-1.736257553100586,-0.405085951089859
1789130052800883700,2.2068837890625,0.6777076721191406,-0.6299190521240234,1.0957813262939453
1789130052816886300,2.22288623046875,-1.05511474609375,-0.4856388568878174,1.3959386348724365
1789130052832893000,2.238892822265625,-0.1810922622680664,-1.7991313934326172,0.7529675960540771
1789130052848902400,2.25490234375,1.2293548583984375,-3.593003749847412,-0.14239251613616943
1789130052864903700,2.270903564453125,2.354670524597168,-4.994894981384277,-0.7809358835220337
1789130052880908800,2.28690869140625,4.666054725646973,-5.041224956512451,-1.1733567714691162
1789130052896918300,2.302918212890625,6.2895612716674805,-4.349845886230469,-1.0495715141296387
1789130052912920300,2.31892041015625,6.020967483520508,-3.451404333114624,-0.9151501655578613
1789130052928922400,2.33492236328125,5.1558685302734375,-1.7149838209152222,0.0498049259185791
1789130052944925200,2.35092529296875,4.43714714050293,0.48848557472229004,2.4528353214263916
1789130052960919600,2.36691943359375,6.496962547302246,2.459050178527832,4.086597442626953
1789130052976912400,2.382912353515625,6.133301734924316,2.042356014251709,3.70440936088562
1789130052992907500,2.398907470703125,4.508576393127441,-0.10884380340576172,2.8504738807678223
1789130053008901600,2.414901611328125,-0.6312971115112305,-1.0084428787231445,3.429741859436035
1789130053024902400,2.43090234375,-3.7353997230529785,-1.0354150533676147,1.7215968370437622
1789130053040903000,2.44690283203125,-4.106940746307373,0.4907710552215576,-0.09696424007415771
1789130053056900900,2.46290087890625,-1.371586799621582,1.9696924686431885,-0.7286889553070068
1789130053072902100,2.478902099609375,-0.4386119842529297,2.697592258453369,0.13454341888427734
1789130053088898000,2.49489794921875,-1.2674751281738281,2.0809948444366455,0.6932048797607422
1789130053104893200,2.51089306640625,-1.7833342552185059,1.9691977500915527,0.768629789352417
1789130053120891100,2.52689111328125,-2.344482898712158,0.8511035442352295,-0.5507817268371582
1789130053136891000,2.542890869140625,-2.7398767471313477,-0.5492665767669678,-0.7891154289245605
1789130053152883200,2.55888330078125,-0.5034265518188477,0.33730530738830566,0.4166862964630127
1789130053168879600,2.574879638671875,2.7387123107910156,1.1356792449951172,1.87559175491333
1789130053184872400,2.59087255859375,3.693753242492676,-1.090050220489502,-2.1464290618896484
1789130053200870400,2.606870361328125,0.4816265106201172,-1.1174097061157227,-0.5036931037902832
1789130053216863200,2.62286328125,3.8025102615356445,-1.3379254341125488,1.224107265472412
1789130053232857000,2.638857177734375,-6.080516338348389,-2.678882598876953,0.3186163902282715
1789130053248853200,2.654853271484375,-0.5752811431884766,-2.2693934440612793,0.1862943172454834
1789130053264845600,2.670845458984375,-1.2160344123840332,-1.6797734498977661,-0.15319442749023438
1789130053280846600,2.6868466796875,0.0970611572265625,-0.5551552772521973,0.15328025817871094
1789130053296845300,2.70284521484375,1.8437433242797852,-1.0478756427764893,-0.19475746154785156
1789130053312834600,2.71883447265625,1.510462760925293,-1.7751333713531494,-0.24392414093017578
1789130053328827100,2.7348271484375,0.6751871109008789,-1.2899365425109863,0.028942108154296875
1789130053344820500,2.750820556640625,2.6730728149414062,-2.6727712154388428,-2.0146687030792236
1789130053360815600,2.766815673828125,-8.87018871307373,-2.1109442710876465,-2.9303932189941406
1789130053376812000,2.78281201171875,-6.884346961975098,-1.9138109683990479,-2.153752326965332
1789130053392803000,2.798802978515625,-0.2647991180419922,-1.2575228214263916,-1.6833220720291138
1789130053408797400,2.81479736328125,0.9877414703369141,-0.25724756717681885,-1.2397408485412598
1789130053424792800,2.830792724609375,-1.0169944763183594,-3.4581356048583984,-3.3647513389587402
1789130053440786000,2.846785888671875,-0.3853778839111328,-5.181100845336914,-0.6257444620132446
1789130053456780500,2.862780517578125,-2.156317710876465,-5.08020544052124,2.887030601501465
1789130053472779500,2.878779541015625,-85.19636535644531,18.531538009643555,-6.206957817077637
1789130053488781600,2.894781494140625,0.875126838684082,-4.184548854827881,0.927908182144165
1789130053504784000,2.910783935546875,-5.960825443267822,-2.0513064861297607,2.551624298095703
1789130053520788200,2.926788330078125,-2.6857643127441406,0.45140981674194336,1.9487059116363525
1789130053536791300,2.942791259765625,-1.4062390327453613,1.858367919921875,0.793448805809021
1789130053552788000,2.9587880859375,-57.52670669555664,14.089929580688477,-9.92908763885498
1789130053568791600,2.97479150390625,8.889396667480469,3.555009365081787,-4.662240982055664
1789130053584796400,2.99079638671875,8.997225761413574,3.206174612045288,-2.2994308471679688
1789130053600797700,3.006797607421875,4.623461723327637,-0.6597180366516113,1.4839926958084106
1789130053616803600,3.022803466796875,0.42812061309814453,0.07572507858276367,2.0443832874298096
1789130053632815000,3.038815185546875,-1.279160976409912,-0.6622984409332275,0.9381016492843628
1789130053648822500,3.054822509765625,-2.298438549041748,-0.8134846687316895,0.9775419235229492
1789130053664836000,3.070836181640625,0.20592784881591797,-1.0803477764129639,1.279496192932129
1789130053680846600,3.0868466796875,-0.7570953369140625,-1.2958836555480957,1.7576261758804321
1789130053696852200,3.102852294921875,0.3935127258300781,-1.0266282558441162,0.05769968032836914
1789130053712856300,3.118856201171875,1.3634071350097656,-1.1300060749053955,-2.131160259246826
1789130053728856600,3.134856689453125,1.9119873046875,-0.27451419830322266,-0.7665777206420898
1789130053744863500,3.150863525390625,-0.4385490417480469,-0.5284225940704346,0.495547890663147
1789130053760869000,3.166869140625,-0.5813369750976562,-0.5582602024078369,0.2694658041000366
1789130053776883200,3.18288330078125,-1.3779587745666504,-0.49065375328063965,0.5293960571289062
1789130053792889900,3.198889892578125,-0.73907470703125,-1.0470893383026123,0.09080684185028076
1789130053808895200,3.214895263671875,-0.22385025024414062,-1.4832029342651367,0.5200743675231934
1789130053824906500,3.230906494140625,0.1320934295654297,-1.6183042526245117,0.7948198318481445
1789130053840919000,3.2469189453125,-0.11523246765136719,-1.2647347450256348,0.38615894317626953
1789130053856931000,3.26293115234375,0.2291707992553711,-0.5425052642822266,-0.3170963525772095
1789130053872951000,3.278950927734375,-0.03223228454589844,0.20333266258239746,-0.35666847229003906
1789130053888964400,3.29496435546875,-0.8584461212158203,0.09928250312805176,-0.5298522710800171
1789130053904970500,3.310970458984375,-0.42864322662353516,1.954010009765625,0.11481690406799316
1789130053920975400,3.326975341796875,1.9666404724121094,2.920077085494995,-0.20553237199783325
1789130053936987000,3.34298681640625,-0.023906707763671875,2.7622485160827637,-0.40559911727905273
1789130053952999000,3.3589990234375,-1.9641623497009277,1.5292079448699951,-0.7672982215881348
1789130053969009200,3.375009033203125,-2.5072717666625977,-0.19648456573486328,-0.8752971887588501
1789130053985015800,3.391015869140625,-1.4175186157226562,-0.1740868091583252,-0.44675153493881226
1789130054001020200,3.407020263671875,10.53817081451416,-1.036636233329773,3.0834364891052246
1789130054017022700,3.423022705078125,-2.1136765480041504,1.117424726486206,2.4098846912384033
1789130054033026300,3.4390263671875,-3.260580539703369,0.6342591047286987,-0.25432175397872925
1789130054049032700,3.45503271484375,-4.3201985359191895,-0.17952275276184082,-0.4490697383880615
1789130054065039400,3.471039306640625,-3.174376964569092,0.3043251037597656,-0.2652127742767334
1789130054081048800,3.487048828125,2.824310302734375,-0.31101101636886597,1.68612802028656
1789130054097058300,3.503058349609375,6.042261123657227,-0.9693096876144409,5.5793023109436035
1789130054113061600,3.5190615234375,-0.3439474105834961,0.9833564758300781,-0.14378702640533447
1789130054129064400,3.535064453125,-0.4903450012207031,-0.16034013032913208,-1.5284545421600342
1789130054145070000,3.551070068359375,0.12554454803466797,-0.30810391902923584,-0.910225510597229
1789130054161077000,3.567076904296875,1.0463857650756836,-0.8374755382537842,-0.9851531982421875
1789130054177084400,3.58308447265625,-0.4956846237182617,-0.6348927021026611,-1.174469232559204
1789130054193090000,3.599090087890625,-1.2768278121948242,-0.6620673537254333,-0.001887679100036621
1789130054209097500,3.615097412109375,0.5130691528320312,-1.2059550285339355,0.6618516445159912
1789130054225101600,3.6311015625,-1.0957355499267578,-0.4124297499656677,-0.1961461305618286
1789130054241106700,3.647106689453125,0.883488655090332,0.9605143070220947,-0.25261223316192627
1789130054257110300,3.6631103515625,1.9325199127197266,-0.3281358480453491,-0.9161111116409302
1789130054273120300,3.679120361328125,2.4637346267700195,-0.08842407166957855,-0.019610881805419922
1789130054289129500,3.69512939453125,1.692056655883789,-0.0643433928489685,-0.001490950584411621
1789130054305138700,3.711138671875,-0.4108133316040039,-0.694063663482666,-0.8637178540229797
1789130054321147000,3.72714697265625,1.0248432159423828,-0.4540725350379944,0.422336220741272
1789130054337157000,3.7431572265625,0.149169921875,-1.831430435180664,0.13572931289672852
1789130054353162800,3.759162841796875,2.075860023498535,1.6074366569519043,5.251545429229736
1789130054369172500,3.77517236328125,2.489501953125,1.9510061740875244,1.6068536043167114
1789130054385181400,3.791181396484375,2.9737548828125,0.6784294247627258,0.8665744066238403
1789130054401189000,3.807189208984375,-0.5699958801269531,0.596464216709137,0.746065616607666
1789130054417198600,3.823198486328125,0.22046184539794922,0.6966286897659302,2.3838627338409424
1789130054433207000,3.83920703125,0.05535125732421875,0.3420604467391968,1.2867683172225952
1789130054449217300,3.85521728515625,-0.3741302490234375,-0.4632316827774048,0.10225546360015869
1789130054465227000,3.87122705078125,0.2302255630493164,-0.7524181604385376,-0.3513554334640503
1789130054481235700,3.887235595703125,-0.14740657806396484,-0.723217248916626,-0.4385332465171814
1789130054497242400,3.903242431640625,0.6433277130126953,0.2669224143028259,0.315138578414917
1789130054513246000,3.919245849609375,-1.625260353088379,-0.12998248636722565,0.0506739616394043
1789130054529249800,3.935249755859375,0.14996337890625,0.4033510982990265,0.7705135345458984
1789130054545252600,3.951252685546875,0.39612293243408203,0.2949197292327881,1.2778172492980957
1789130054561259500,3.967259521484375,-0.07221603393554688,-0.035803429782390594,-0.08885622024536133
1789130054577261600,3.983261474609375,0.1445159912109375,-0.651528000831604,0.12643277645111084
1789130054593263600,3.999263671875,0.4169759750366211,-0.7930158376693726,-2.1359565258026123
1789130054609273900,4.01527392578125,0.1123189926147461,-2.505033254623413,-3.423015594482422
1789130054625279500,4.031279541015625,0.09332466125488281,-1.89468252658844,-2.6909377574920654
1789130054641282600,4.047282470703125,-0.19813823699951172,0.28233346343040466,1.5879096984863281
1789130054657287400,4.063287353515625,-0.6008024215698242,1.5801899433135986,4.479453086853027
1789130054673292300,4.079292236328125,2.2366952896118164,1.558563232421875,5.8706159591674805
1789130054689294000,4.095294189453125,0.1682415008544922,-0.4628086984157562,0.7751784324645996
1789130054705297200,4.111297119140625,0.19774341583251953,-0.8568774461746216,0.0698843002319336
1789130054721300000,4.127300048828125,0.10227394104003906,-0.6587957143783569,0.13439631462097168
1789130054737306600,4.143306640625,-0.1559915542602539,-0.30496519804000854,0.24685978889465332
1789130054753312000,4.15931201171875,0.021816253662109375,-0.3022288680076599,-0.08837854862213135
1789130054769320000,4.17531982421875,0.42424774169921875,-0.3049383759498596,-0.022543787956237793
1789130054785323800,4.19132373046875,0.17006301879882812,0.17096546292304993,-0.18178200721740723
1789130054801325800,4.207325927734375,-0.15575408935546875,-0.05696886032819748,0.5912415981292725
1789130054817326600,4.22332666015625,0.012334823608398438,-0.6409642696380615,0.5781617164611816
1789130054833331700,4.239331787109375,0.137359619140625,-0.38229629397392273,0.5213769674301147
1789130054849332000,4.25533203125,0.4727973937988281,-0.3783133924007416,0.09319460391998291
1789130054865337600,4.271337646484375,0.3287649154663086,-0.2953886389732361,0.23956894874572754
1789130054881344800,4.2873447265625,0.021903038024902344,-0.2066527158021927,0.7258683443069458
1789130054897353500,4.303353515625,-0.02602672576904297,-0.9553623795509338,-0.815432608127594
1789130054913357600,4.319357666015625,-0.4181547164916992,-0.19950354099273682,0.3731040954589844
1789130054929357800,4.33535791015625,-0.1161346435546875,-0.1770186424255371,0.054586172103881836
1789130054945357300,4.351357421875,0.6360683441162109,-0.05428348481655121,0.11416041851043701
1789130054961364700,4.36736474609375,0.32021522521972656,0.03135374188423157,-0.18377339839935303
1789130054977368600,4.38336865234375,-0.24007415771484375,0.3488942086696625,0.1710646152496338
1789130054993372000,4.399371826171875,0.6982975006103516,-0.19835367798805237,-0.3349993824958801
1789130055009375200,4.415375244140625,-0.03461265563964844,-0.051089413464069366,-0.16964387893676758
1789130055025381600,4.431381591796875,-0.09761714935302734,-0.06905439496040344,-0.1722548007965088
1789130055041390600,4.447390625,0.4234018325805664,-0.2146923542022705,-0.23553431034088135
1789130055057398000,4.46339794921875,-0.02760791778564453,-0.24874427914619446,-0.12199211120605469
1789130055073399800,4.47939990234375,0.2970895767211914,-0.27734798192977905,-0.18945717811584473
1789130055089405400,4.495405517578125,-0.07783126831054688,-0.5560779571533203,-0.05637967586517334
1789130055105407700,4.51140771484375,-0.2849464416503906,-0.23432557284832,-0.30346763134002686
1789130055121411300,4.527411376953125,0.34600257873535156,-0.5025472640991211,-0.3070904016494751
1789130055137417500,4.54341748046875,0.05628490447998047,-0.439842164516449,-0.2700033187866211
1789130055153421000,4.559421142578125,-0.36716747283935547,0.20589235424995422,-0.11756277084350586
1789130055169427000,4.575427001953125,-0.10613536834716797,0.1303049623966217,-0.6373844146728516
1789130055185425000,4.5914248046875,0.3604459762573242,0.09627506136894226,-0.10326707363128662
1789130055201429800,4.6074296875,0.22898578643798828,0.23290212452411652,-0.40762490034103394
1789130055217435000,4.623434814453125,-0.06409168243408203,0.258003830909729,0.1283867359161377
1789130055233443300,4.639443359375,0.715855598449707,0.05344283580780029,-0.10440510511398315
1789130055249457200,4.65545703125,0.23674774169921875,0.2904944121837616,-0.4078103303909302
1789130055265469400,4.671469482421875,0.41748809814453125,0.12787115573883057,-0.2575231194496155
1789130055281477600,4.6874775390625,0.3445405960083008,-0.16859766840934753,0.0787816047668457
1789130055297489000,4.703489013671875,0.36313915252685547,-0.44056054949760437,-0.3131290674209595
1789130055313499400,4.71949951171875,-0.08267021179199219,-0.020606666803359985,0.1796020269393921
1789130055329505800,4.735505859375,0.4151268005371094,-0.133991539478302,0.28242361545562744
1789130055345512700,4.7515126953125,0.8123559951782227,-0.5873119235038757,-0.10781627893447876
1789130055361521700,4.767521728515625,-0.0260009765625,-0.1847008764743805,0.08754134178161621
1789130055377533700,4.78353369140625,0.1078023910522461,0.13725095987319946,-0.1250154972076416
1789130055393543400,4.79954345703125,-0.3908958435058594,-0.2979983687400818,-0.6686969995498657
1789130055409552000,4.8155517578125,-0.32442569732666016,0.202755868434906,0.1611713171005249
1789130055425568000,4.831568115234375,0.4412851333618164,-0.1720680296421051,-0.06349611282348633
1789130055441580500,4.84758056640625,0.2249431610107422,-0.29193127155303955,-0.5995340943336487
1789130055457589200,4.86358935546875,-0.2354259490966797,0.014057368040084839,0.34702908992767334
1789130055473602300,4.879602294921875,0.5106639862060547,0.3023796081542969,-0.1381435990333557
1789130055489613800,4.89561376953125,-0.02601909637451172,-0.3009472191333771,-0.052845895290374756
1789130055505626400,4.91162646484375,-0.4289436340332031,0.08088162541389465,-0.05562382936477661
1789130055521635300,4.92763525390625,0.18816471099853516,-0.13316917419433594,0.21905624866485596
1789130055537651500,4.9436513671875,0.5035953521728516,-0.5169894695281982,-0.34334665536880493
1789130055553666000,4.959666015625,0.08654594421386719,-0.256063312292099,-0.0601351261138916
1789130055569684700,4.975684814453125,-0.05773353576660156,-0.12822341918945312,-0.06211644411087036
1789130055585695700,4.99169580078125,-0.034232139587402344,-0.0688457190990448,0.08678364753723145
1789130055601706200,5.007706298828125,0.5685701370239258,-0.08672234416007996,0.11684727668762207
1789130055617712000,5.023712158203125,0.1273975372314453,-0.10471364855766296,-0.08662420511245728
1789130055633719300,5.03971923828125,0.15556716918945312,0.019887655973434448,0.3695928454399109
1789130055649727000,5.05572705078125,0.4185953140258789,0.20374485850334167,-0.13374543190002441
1789130055665737200,5.0717373046875,0.06853771209716797,-0.13909092545509338,-0.15788418054580688
1789130055681745700,5.08774560546875,-0.03278541564941406,0.054921895265579224,-0.18997591733932495
1789130055697756200,5.103756103515625,0.5456695556640625,0.5274916887283325,0.038802266120910645
1789130055713768200,5.119768310546875,0.6935348510742188,-0.0017825067043304443,-0.3529829978942871
1789130055729779500,5.135779541015625,-0.14941692352294922,-0.386577844619751,-0.030522406101226807
1789130055745793000,5.15179296875,-0.585484504699707,-0.587544858455658,-0.04121410846710205
1789130055761803300,5.16780322265625,0.24728679656982422,-0.1436540186405182,0.1880582571029663
1789130055777812200,5.183812255859375,0.5917863845825195,0.11226961016654968,-0.24400097131729126
1789130055793819400,5.1998193359375,-0.07906913757324219,-0.29499390721321106,-0.32479381561279297
1789130055809827800,5.215827880859375,-0.3762474060058594,-0.36170974373817444,0.2054382562637329
1789130055825834800,5.231834716796875,-0.4050331115722656,-0.26233139634132385,-0.06739318370819092
1789130055841842200,5.24784228515625,0.3276538848876953,0.2756537199020386,-0.4265564978122711
1789130055857853700,5.263853759765625,0.35649585723876953,0.21769022941589355,-0.11336421966552734
1789130055873865000,5.279864990234375,0.10274982452392578,0.09899258613586426,0.1133577823638916
1789130055889875500,5.29587548828125,0.46648693084716797,0.6002000570297241,0.523687481880188
1789130055905881900,5.3118818359375,0.11249256134033203,0.32117772102355957,-0.29308366775512695
1789130055921891800,5.327891845703125,0.217987060546875,0.10257723927497864,0.01224827766418457
1789130055937902800,5.34390283203125,0.16054630279541016,-0.07275480031967163,0.3287544250488281
1789130055953908500,5.359908447265625,0.28496456146240234,0.1428077518939972,0.06158328056335449
1789130055969910300,5.37591015625,0.5576982498168945,0.46191900968551636,0.04897254705429077
1789130055985911800,5.391911865234375,-0.14630603790283203,0.4078442454338074,-0.3591133654117584
1789130056001923600,5.407923583984375,-0.09848976135253906,-0.04579204320907593,-0.06275081634521484
1789130056025943000,5.431943115234375,-0.0033426284790039062,0.12519216537475586,-0.019429802894592285
1789130056041954000,5.4479541015625,0.2837791442871094,-0.18700963258743286,-0.1852063536643982
1789130056057969200,5.46396923828125,0.566004753112793,-0.13419502973556519,-0.2296079397201538
1789130056073983000,5.47998291015625,0.12993526458740234,0.279183954000473,0.017274558544158936
1789130056089997300,5.495997314453125,0.3304910659790039,-0.02411988377571106,-0.3166404962539673
1789130056106019000,5.51201904296875,-0.07731914520263672,-0.4666822850704193,0.17283964157104492
1789130056122037800,5.528037841796875,0.5825538635253906,-0.05558684468269348,-0.06508564949035645
1789130056138051000,5.544051025390625,-0.14098834991455078,-0.40589046478271484,-0.5745899677276611
1789130056154068200,5.560068115234375,-0.20884990692138672,-0.2692394256591797,0.04870927333831787
1789130056170080500,5.57608056640625,0.8578910827636719,-0.027617305517196655,-0.03098130226135254
1789130056186096000,5.59209619140625,0.06749534606933594,-0.16140055656433105,-0.43168359994888306
1789130056210118000,5.616117919921875,-0.23097515106201172,0.0399642288684845,-0.8294664025306702
1789130056226130400,5.63213037109375,-0.24277687072753906,0.1638146936893463,0.3215875029563904
1789130056242140700,5.648140625,-0.16857433319091797,0.17452451586723328,0.1416947841644287
1789130056258157600,5.664157470703125,0.21397972106933594,-0.08179950714111328,-0.08647817373275757
1789130056274169900,5.680169921875,0.43878936767578125,-0.07694900035858154,0.060890376567840576
1789130056290187500,5.6961875,-0.05482006072998047,0.1208527535200119,-0.011267781257629395
1789130056306203100,5.712203125,-0.4476499557495117,0.3732374906539917,0.12006145715713501
1789130056322217700,5.7282177734375,0.26564884185791016,0.6419366598129272,-0.10687249898910522
1789130056338229500,5.7442294921875,0.7395505905151367,0.8485739231109619,0.11130326986312866
1789130056354239700,5.76023974609375,0.10255050659179688,-0.005019843578338623,-0.002090632915496826
1789130056370253300,5.77625341796875,0.2653923034667969,0.010637938976287842,0.10815286636352539
1789130056386271000,5.79227099609375,0.08350563049316406,-0.3476150929927826,-0.7065407633781433
1789130056402289700,5.80828955078125,-0.2419605255126953,-0.1610996127128601,0.15302586555480957
1789130056418302700,5.824302734375,0.5865192413330078,-0.4911155700683594,-0.00611191987991333
1789130056442325000,5.848324951171875,0.1269092559814453,-0.7712001800537109,-0.24312159419059753
1789130056458337500,5.864337646484375,0.007197380065917969,-0.3030986189842224,0.37880605459213257
1789130056474352400,5.880352294921875,0.39993953704833984,-0.08021801710128784,-0.018729567527770996
1789130056490369300,5.896369384765625,0.6011562347412109,-0.3503037095069885,-0.5982337594032288
1789130056506388500,5.912388427734375,0.0453948974609375,0.25438952445983887,-0.10443556308746338
1789130056522403600,5.928403564453125,-0.30909252166748047,0.11326256394386292,1.1728531122207642
1789130056538422300,5.94442236328125,0.21300029754638672,-0.2320537269115448,-0.5272215008735657
1789130056554447400,5.960447265625,0.15075111389160156,0.04701027274131775,-0.51692134141922
1789130056570469400,5.976469482421875,-0.2181720733642578,0.4574621021747589,0.022008657455444336
1789130056586485200,5.9924853515625,0.25569915771484375,0.15876570343971252,0.5218427777290344
1789130056602498800,6.008498779296875,0.3801250457763672,-0.018874019384384155,0.31681644916534424
1789130056618513700,6.024513671875,-0.3429136276245117,-0.2646043598651886,-0.19170820713043213
1789130056634522600,6.040522705078125,0.5044832229614258,-0.7842540740966797,-0.38925671577453613
1789130056650536700,6.05653662109375,0.5616846084594727,-0.60466468334198,-0.19230127334594727
1789130056666547200,6.072547119140625,-0.5491123199462891,-0.8983927965164185,-0.005621194839477539
1789130056682559000,6.08855908203125,0.23612213134765625,0.07042619585990906,-0.01331484317779541
1789130056698571300,6.1045712890625,0.5472402572631836,0.3227650821208954,0.26832133531570435
1789130056714586600,6.120586669921875,0.4037456512451172,-0.038700252771377563,0.4040301442146301
1789130056730602800,6.136602783203125,0.23635005950927734,-0.8457045555114746,-0.17444062232971191
1789130056746625000,6.152625,-0.18950748443603516,-0.5349438190460205,-0.3032459020614624
1789130056762639000,6.16863916015625,-0.1942758560180664,0.4008171856403351,-0.35685330629348755
1789130056778656500,6.184656494140625,0.4667167663574219,0.14537079632282257,0.365034282207489
1789130056794674200,6.200674072265625,0.7110738754272461,0.22725722193717957,0.1953568458557129
1789130056810691600,6.216691650390625,0.3137845993041992,-0.024597227573394775,0.0074312686920166016
1789130056826713600,6.232713623046875,0.1558675765991211,-0.1727829873561859,0.4082198143005371
1789130056842733600,6.248733642578125,0.7208995819091797,-0.1872900426387787,-0.3340766727924347
1789130056858753800,6.26475390625,-0.4188251495361328,-0.7028473019599915,-0.013892114162445068
1789130056874777000,6.280777099609375,-0.25136756896972656,0.02490803599357605,-0.029068291187286377
1789130056890794800,6.296794677734375,0.1699695587158203,0.7503684759140015,0.19042277336120605
1789130056906809900,6.312809814453125,-0.011951446533203125,0.16013020277023315,0.23694419860839844
1789130056922824400,6.328824462890625,0.3089027404785156,-0.2754053771495819,0.3131840229034424
1789130056938843400,6.344843505859375,0.011898994445800781,0.3216317296028137,0.14183640480041504
1789130056954864600,6.36086474609375,0.1460399627685547,-0.1694256067276001,-0.05902969837188721
1789130056970892500,6.376892578125,0.05980205535888672,-0.6640147566795349,-0.2267114222049713
1789130056986915600,6.39291552734375,-0.0790863037109375,0.275339812040329,-0.2737010419368744
1789130057002940400,6.4089404296875,-0.0552978515625,-0.021391242742538452,0.16937768459320068
1789130057018963500,6.42496337890625,0.4709634780883789,-0.07787135243415833,-0.31680572032928467
1789130057034986500,6.440986572265625,-0.051242828369140625,0.4042440950870514,0.04497498273849487
1789130057051007000,6.457007080078125,-0.6165475845336914,0.20116128027439117,-0.07901251316070557
1789130057067026400,6.4730263671875,-0.22406005859375,-0.11167648434638977,-0.058161139488220215
1789130057083044600,6.489044677734375,0.25905704498291016,0.5165894031524658,-0.32977429032325745
1789130057099060500,6.505060546875,-0.20589160919189453,0.29160892963409424,0.23554110527038574
1789130057115079400,6.521079345703125,0.8811130523681641,0.24850240349769592,0.4552041292190552
1789130057131096000,6.537095947265625,1.3934907913208008,0.15524253249168396,-0.07788723707199097
1789130057147112700,6.55311279296875,-0.3350553512573242,-0.42923736572265625,0.39228832721710205
1789130057163127800,6.5691279296875,-0.11951351165771484,0.11848150193691254,0.20291966199874878
1789130057179148800,6.585148681640625,0.5556735992431641,0.02882322669029236,0.24861353635787964
1789130057195169500,6.60116943359375,0.39273548126220703,-0.30503156781196594,-0.3017551302909851
1789130057211193300,6.617193359375,-0.13862991333007812,-0.1404721736907959,0.13484936952590942
1789130057227213800,6.6332138671875,0.25402259826660156,-0.3329589068889618,0.8334017992019653
1789130057243234800,6.64923486328125,0.2732381820678711,0.26122283935546875,-0.13940462470054626
1789130057259252000,6.665251953125,-0.1050252914428711,-0.12968716025352478,-0.38304823637008667
1789130057275270400,6.6812705078125,-0.6409902572631836,-0.7276309728622437,0.16026538610458374
1789130057291291100,6.697291015625,-0.36299896240234375,0.12964622676372528,0.09164482355117798
1789130057307317000,6.71331689453125,0.45603370666503906,0.47535085678100586,-0.018865585327148438
1789130057323337200,6.729337158203125,-0.32407474517822266,-0.5224002599716187,0.22803324460983276
1789130057339354000,6.74535400390625,-0.38053131103515625,-0.15369144082069397,-0.08346641063690186
1789130057355375400,6.761375244140625,-0.17867755889892578,-0.20942720770835876,-0.2819361984729767
1789130057371395600,6.7773955078125,-0.6514968872070312,-0.38321879506111145,0.35915279388427734
1789130057387413500,6.79341357421875,0.8018341064453125,-0.12906759977340698,-0.06784892082214355
1789130057403433000,6.809432861328125,0.23500442504882812,-0.7428343892097473,-0.017866313457489014
1789130057419447800,6.82544775390625,-0.14424800872802734,-0.7841368913650513,0.24090898036956787
1789130057435466800,6.841466796875,0.17055988311767578,-0.2886183261871338,0.1749659776687622
1789130057451487200,6.8574873046875,0.23016834259033203,-0.04380255937576294,0.2809827923774719
1789130057467503400,6.87350341796875,0.041217803955078125,-0.31291884183883667,0.3085227608680725
1789130057483516400,6.889516357421875,-0.17601490020751953,-0.78276526927948,-0.012930333614349365
1789130057499533000,6.905532958984375,-0.4361095428466797,-0.5344671010971069,0.3203011751174927
1789130057515553300,6.92155322265625,0.4380207061767578,-0.19989997148513794,0.22284162044525146
1789130057531573200,6.9375732421875,-0.4725637435913086,-0.5803535580635071,0.7298508882522583
1789130057547594800,6.9535947265625,-0.1323871612548828,-0.5912982821464539,0.32721972465515137
1789130057563623200,6.969623046875,0.08423042297363281,-0.265799343585968,0.6349963545799255
1789130057579647200,6.985647216796875,-0.2928009033203125,-0.5897372961044312,0.8014262914657593
1789130057595674600,7.001674560546875,-0.22914409637451172,-0.29931771755218506,1.0792686939239502
1789130057611699200,7.01769921875,-0.034790992736816406,-0.7106741070747375,0.6244300007820129
1789130057627718000,7.0337177734375,-0.39130592346191406,-0.5459468364715576,1.1068750619888306
1789130057643738600,7.049738525390625,0.109344482421875,-0.10479462146759033,1.0177174806594849
1789130057659759900,7.065759765625,0.06577301025390625,-0.11101877689361572,0.784220814704895
1789130057675784400,7.081784423828125,-0.24990463256835938,-0.3466390371322632,1.0075210332870483
1789130057691810300,7.097810302734375,0.06590747833251953,-0.20962131023406982,0.7787103652954102
1789130057707832600,7.11383251953125,0.008167266845703125,-0.28834688663482666,0.7547751665115356
1789130057723855400,7.12985546875,-0.21584320068359375,-0.3365441560745239,0.6063899993896484
1789130057739876600,7.145876708984375,0.3698463439941406,-0.6953821182250977,1.1050955057144165
1789130057755899000,7.16189892578125,-0.023912429809570312,-0.26116061210632324,1.1406428813934326
1789130057771919400,7.17791943359375,0.25144290924072266,0.4105594754219055,0.8196196556091309
1789130057787941000,7.193941162109375,0.12835979461669922,-0.2506225109100342,0.5794429779052734
1789130057803965000,7.20996484375,-0.10599327087402344,-0.039975881576538086,0.8351534605026245
1789130057819983600,7.225983642578125,-0.052967071533203125,0.4163094758987427,0.8018046617507935
1789130057836003000,7.242003173828125,-0.2014179229736328,-0.1972966194152832,0.6629482507705688
1789130057852015600,7.258015625,0.26891136169433594,0.2570149898529053,0.45177173614501953
1789130057868028700,7.274028564453125,0.59149169921875,0.31926578283309937,0.581841230392456
1789130057884047600,7.290047607421875,0.14441776275634766,0.1864922046661377,0.2398695945739746
1789130057900070400,7.3060703125,0.2746095657348633,0.36362510919570923,0.5713562965393066
1789130057916094000,7.322093994140625,0.2666177749633789,0.8252977728843689,0.4781496524810791
1789130057932123400,7.338123291015625,0.6063852310180664,0.4901100695133209,0.2760918140411377
1789130057948145000,7.354144775390625,0.5984344482421875,0.048688411712646484,0.2913801670074463
1789130057964160800,7.370160888671875,0.3055400848388672,-0.15444260835647583,0.2568087577819824
1789130057980171500,7.386171630859375,-0.12236690521240234,0.44247788190841675,0.4407644271850586
1789130057996188200,7.402188232421875,-0.02260303497314453,0.414955735206604,0.07460165023803711
1789130058012206600,7.41820654296875,0.35605716705322266,0.2459295392036438,-0.18941783905029297
1789130058028220700,7.434220703125,0.05870532989501953,0.4327998161315918,0.1241765022277832
1789130058044233500,7.4502333984375,0.2548236846923828,-0.06718283891677856,0.15728497505187988
1789130058060248800,7.466248779296875,-0.037917137145996094,0.2684849202632904,-0.11837434768676758
1789130058076259800,7.482259765625,-0.29609107971191406,0.42027121782302856,0.014637470245361328
1789130058092274000,7.49827392578125,-0.2626771926879883,0.750883162021637,0.06239175796508789
1789130058108283400,7.514283447265625,0.49942493438720703,0.6696586608886719,-0.42476439476013184
1789130058124299300,7.53029931640625,-0.25130271911621094,0.33429864048957825,-0.026639461517333984
1789130058140318700,7.546318603515625,-0.6247348785400391,0.03678314387798309,0.20810580253601074
1789130058156337700,7.562337646484375,-0.4378080368041992,0.8070539236068726,-0.22341585159301758
1789130058172353000,7.57835302734375,-0.1979808807373047,0.8980082273483276,-0.17050385475158691
1789130058188374300,7.594374267578125,0.05055427551269531,0.8724411725997925,-0.4344470500946045
1789130058204396300,7.610396240234375,0.23560333251953125,1.1070129871368408,0.2778005599975586
1789130058220414500,7.62641455078125,0.2252950668334961,0.8766162991523743,-0.20129656791687012
1789130058236435500,7.642435546875,-0.14690399169921875,0.6448755860328674,-0.22658300399780273
1789130058252451800,7.658451904296875,0.3174905776977539,0.4215030074119568,-0.5143334865570068
1789130058268473600,7.6744736328125,0.3979053497314453,0.44400912523269653,-0.34815406799316406
1789130058284494600,7.69049462890625,-0.3336362838745117,-0.33493712544441223,0.06881237030029297
1789130058300518400,7.706518310546875,0.7342033386230469,-0.05393724516034126,-0.3333737850189209
1789130058316538400,7.722538330078125,0.24885272979736328,0.2718345820903778,-0.7428529262542725
1789130058332555300,7.73855517578125,-0.3181314468383789,0.02082878351211548,-0.41341471672058105
1789130058348574700,7.75457470703125,-0.048483848571777344,0.5321804285049438,-0.2895066738128662
1789130058364593400,7.770593505859375,0.2740926742553711,0.6688409447669983,-0.74610435962677
1789130058380609300,7.786609375,-0.06762027740478516,0.30307620763778687,-0.45939719676971436
1789130058396620500,7.80262060546875,0.19764232635498047,-0.23611584305763245,-0.314597487449646
1789130058412639200,7.81863916015625,0.35769081115722656,0.1222430169582367,-0.608036994934082
1789130058428661800,7.834661865234375,0.0931396484375,-0.35961273312568665,-0.6232073307037354
1789130058444684800,7.850684814453125,-0.3573284149169922,-0.9651858806610107,-0.4713153839111328
1789130058460704800,7.866704833984375,0.24811172485351562,-0.22720910608768463,-0.4505727291107178
1789130058476728600,7.882728515625,0.6066751480102539,0.08013331145048141,-0.63446044921875
1789130058492744200,7.898744140625,0.21591567993164062,-0.5209354162216187,-0.4741814136505127
1789130058508761000,7.914760986328125,0.576324462890625,-0.4104800820350647,-0.6188212633132935
1789130058524783000,7.930783203125,0.3090095520019531,-0.025085944682359695,-0.4465358257293701
1789130058540799500,7.946799560546875,0.014187812805175781,0.24816466867923737,-0.440559983253479
1789130058556815400,7.9628154296875,0.6778793334960938,0.15536755323410034,-0.3694103956222534
1789130058572832000,7.97883203125,0.6531705856323242,-0.20895305275917053,-0.3785057067871094
1789130058588853000,7.99485302734375,0.2009449005126953,-0.3800618052482605,-0.6091728806495667
1789130058604868600,8.01086865234375,-0.11164283752441406,-0.20556294918060303,0.09488725662231445
1789130058620884000,8.026884033203125,0.10875988006591797,-0.26086145639419556,-0.5130659937858582
1789130058636898300,8.042898193359376,0.07182598114013672,0.15963757038116455,-0.004069805145263672
1789130058652912000,8.058912109375,-0.16121578216552734,0.14495578408241272,-0.2768535614013672
1789130058668931000,8.07493115234375,0.01775836944580078,-0.33723247051239014,-0.1676708459854126
1789130058692952800,8.098952880859375,0.03865623474121094,-0.5227357745170593,-0.1247098445892334
1789130058708969000,8.114968994140625,0.04659843444824219,0.24703969061374664,0.02234804630279541
1789130058724982300,8.130982177734374,0.15070343017578125,0.09165195375680923,-0.240675687789917
1789130058740996900,8.146996826171875,-0.13863372802734375,0.11336497217416763,0.010486006736755371
1789130058757011000,8.163010986328125,0.5196819305419922,-0.08823592960834503,-0.08385908603668213
1789130058773031000,8.179031005859375,0.2876148223876953,-0.06994417309761047,0.24135315418243408
1789130058789049000,8.195049072265626,0.12881183624267578,-0.10193471610546112,-0.28345274925231934
1789130058805066800,8.211066650390626,0.032448768615722656,-0.6244117617607117,-0.2735731601715088
1789130058821085700,8.227085693359374,0.07004547119140625,-0.23002687096595764,0.0916374921798706
1789130058837104000,8.243104248046874,0.18346595764160156,-0.2396615594625473,-0.4412146210670471
1789130058853119500,8.259119384765626,0.09667110443115234,-0.7372597455978394,0.07642531394958496
1789130058869132300,8.27513232421875,-0.08585071563720703,0.08778366446495056,-0.18680709600448608
1789130058885145900,8.291145751953126,-0.009408950805664062,0.016380002722144127,0.26004159450531006
1789130058901153300,8.3071533203125,-0.14841079711914062,-0.25227487087249756,-0.0691370964050293
1789130058917164300,8.323164306640624,0.26370906829833984,0.003718600608408451,0.6559121608734131
1789130058933176800,8.3391767578125,0.25959110260009766,0.371123343706131,0.3244049549102783
1789130058949190400,8.3551904296875,0.07566165924072266,-0.005485984496772289,0.343064546585083
1789130058965205000,8.371205078125,-0.40901947021484375,-0.11609718948602676,0.0674508810043335
1789130058981216800,8.387216796875,0.045815467834472656,-0.663085401058197,0.709028959274292
1789130058997228500,8.403228515625,0.5843238830566406,0.06163031980395317,0.5445696115493774
1789130059013240300,8.419240234375,-0.5562448501586914,-0.2509773373603821,0.5612401962280273
1789130059029256000,8.435255859375,-0.21123313903808594,-0.031111780554056168,0.4767749309539795
1789130059045269000,8.45126904296875,0.5368404388427734,0.3378492295742035,0.49093449115753174
1789130059061279700,8.46727978515625,-0.10466575622558594,0.21004092693328857,0.3518853187561035
1789130059077297000,8.483296875,-0.8157873153686523,0.48227953910827637,0.6575568914413452
1789130059093308200,8.49930810546875,0.24499225616455078,0.6919563412666321,0.6878863573074341
1789130059109321700,8.51532177734375,0.1766204833984375,0.8194259405136108,0.6869173049926758
1789130059125337900,8.531337890625,-0.3118877410888672,0.5783360600471497,0.7203810214996338
1789130059141351700,8.5473515625,0.37238502502441406,0.23647525906562805,0.4716954231262207
1789130059157364700,8.56336474609375,0.22265911102294922,-0.06531611829996109,0.4204518795013428
1789130059173379300,8.57937939453125,-0.38190650939941406,-0.257453590631485,0.4816305637359619
1789130059189395500,8.5953955078125,-0.11079883575439453,-0.6669433116912842,0.22757220268249512
1789130059205412600,8.61141259765625,-0.15797710418701172,-0.8277785181999207,0.31096315383911133
1789130059221430000,8.627429931640625,-0.3665456771850586,-0.5057016611099243,0.43198275566101074
1789130059237444400,8.6434443359375,0.06576251983642578,-0.33602315187454224,0.06506681442260742
1789130059253459000,8.659458984375,-0.5219926834106445,-0.679811418056488,0.278186559677124
1789130059269480200,8.675480224609375,-0.23383808135986328,0.34117764234542847,0.2633509635925293
1789130059285503500,8.69150341796875,0.04076099395751953,0.25339221954345703,0.20666933059692383
1789130059301521400,8.707521484375,-0.47862720489501953,-0.10482463240623474,0.15167236328125
1789130059317542000,8.7235419921875,0.39842987060546875,-0.14188480377197266,0.5350251197814941
1789130059333557000,8.739556884765625,0.02552032470703125,-0.024752385914325714,0.07254290580749512
1789130059349566500,8.75556640625,0.27535247802734375,0.06819488108158112,0.13125348091125488
1789130059365578500,8.77157861328125,0.17906475067138672,-0.050838205963373184,0.3585982322692871
1789130059381592000,8.787592041015625,0.025564193725585938,0.030080392956733704,0.23559975624084473
1789130059397608700,8.803608642578125,-0.26782989501953125,-0.06056234985589981,0.011337518692016602
1789130059413620700,8.819620849609375,-0.01696300506591797,0.16750314831733704,0.44544243812561035
1789130059429633000,8.835633056640624,-0.4367485046386719,-0.1741362363100052,0.09556937217712402
1789130059445643300,8.851643310546875,-0.6025152206420898,-0.22043873369693756,0.56353759765625
1789130059461652700,8.86765283203125,-0.721501350402832,-0.050025574862957,0.03612709045410156
1789130059477664800,8.883664794921875,-0.3412513732910156,0.115671806037426,0.09435057640075684
1789130059493677800,8.899677734375,0.31305980682373047,0.5117272734642029,1.0522527694702148
1789130059509689300,8.915689453125,0.037756919860839844,0.21415647864341736,0.47332024574279785
1789130059525699600,8.931699462890625,-0.10525226593017578,-0.04310717433691025,0.28718113899230957
1789130059541710300,8.94771044921875,0.043168067932128906,0.004210315644741058,0.1968216896057129
1789130059557716200,8.96371630859375,-0.7736568450927734,-0.8332198858261108,0.38234591484069824
1789130059573727500,8.9797275390625,-0.2556953430175781,-0.6999117732048035,-0.04187369346618652
1789130059589737500,8.995737548828124,-0.02704143524169922,-0.4020077884197235,0.41759395599365234
1789130059605745400,9.011745361328124,-0.21876907348632812,-0.0672474205493927,0.2905759811401367
1789130059621753600,9.027753662109374,0.2838783264160156,0.3742370009422302,0.38928842544555664
1789130059637766100,9.04376611328125,-0.3056793212890625,0.21525463461875916,0.9063999652862549
1789130059653776600,9.059776611328125,-0.2970609664916992,0.30753782391548157,0.3197188377380371
1789130059669784600,9.07578466796875,-0.44149017333984375,0.07415690273046494,0.6290445327758789
1789130059685798000,9.0917978515625,0.2099475860595703,-0.4506690502166748,0.41469764709472656
1789130059701809200,9.10780908203125,0.15570926666259766,-0.5461843609809875,-0.10950279235839844
1789130059717821000,9.123821044921876,-0.32024097442626953,-0.2765224575996399,0.4214465618133545
1789130059733833200,9.139833251953124,-0.1003875732421875,-0.24912764132022858,0.11964774131774902
1789130059749849300,9.155849365234374,-0.31333351135253906,-0.003269486129283905,0.3644556999206543
1789130059765858600,9.171858642578124,-0.0572662353515625,0.5001732707023621,0.3421623706817627
1789130059781877800,9.187877685546875,0.10602664947509766,0.30818337202072144,0.7192409038543701
1789130059797895700,9.203895751953125,0.2985992431640625,0.27551326155662537,0.4392983913421631
1789130059813907000,9.219906982421875,-0.014025688171386719,0.3165164589881897,0.4342184066772461
1789130059829915400,9.235915283203125,0.07363224029541016,-0.2644314467906952,0.3052330017089844
1789130059845932300,9.251932373046875,-0.09929370880126953,-0.18789665400981903,0.12623834609985352
1789130059861949200,9.26794921875,-0.4014616012573242,-0.13426241278648376,0.33078622817993164
1789130059877965000,9.283965087890625,-0.09871101379394531,-0.07658128440380096,-0.14149856567382812
1789130059893981000,9.29998095703125,-0.12168312072753906,0.09403141587972641,0.5219404697418213
1789130059909991700,9.31599169921875,0.09894466400146484,0.24496351182460785,0.3636128902435303
1789130059926003200,9.332003173828125,-0.0046844482421875,0.8114898204803467,0.4029700756072998
1789130059942020400,9.348020263671875,0.3216838836669922,0.3028210401535034,0.4353675842285156
1789130059958034400,9.364034423828125,-0.15133190155029297,-0.3665638864040375,-0.10534954071044922
1789130059974045000,9.380044921875,-0.6797103881835938,-0.40839436650276184,-0.04767107963562012
1789130059990055000,9.396054931640625,0.1317911148071289,-0.13495966792106628,0.270733118057251
1789130060006072000,9.412072021484375,0.09408378601074219,0.4457678198814392,0.06937599182128906
1789130060022083800,9.428083740234374,-0.3689556121826172,0.27757561206817627,0.45516347885131836
1789130060038098200,9.44409814453125,0.3762950897216797,0.39228343963623047,0.6747517585754395
1789130060054116900,9.460116943359376,-0.19485092163085938,0.6734128594398499,0.38113975524902344
1789130060070132200,9.47613232421875,0.22562885284423828,-0.09486986696720123,-0.2934267520904541
1789130060086147000,9.49214697265625,-0.7411184310913086,-0.2532522678375244,0.28197383880615234
1789130060102163700,9.508163818359375,-0.08295154571533203,-0.036556147038936615,0.10208582878112793
1789130060118180600,9.5241806640625,-0.3710012435913086,-0.1668402999639511,-0.08550381660461426
1789130060134199800,9.54019970703125,-0.5892515182495117,0.16590610146522522,0.48221445083618164
1789130060150214400,9.55621435546875,-0.4573631286621094,0.3299369513988495,0.48977041244506836
1789130060166231300,9.572231201171874,0.1425313949584961,0.23078638315200806,0.40920305252075195
1789130060182248700,9.588248779296874,-0.3485698699951172,0.23523922264575958,-0.00820159912109375
1789130060198269200,9.604269287109375,0.16702938079833984,-0.4763045310974121,0.046172142028808594
1789130060222290200,9.628290283203125,-0.08478450775146484,0.09347287565469742,0.5726275444030762
1789130060238304300,9.64430419921875,0.44678211212158203,0.06747815757989883,0.13132762908935547
1789130060254319000,9.660319091796875,-0.004302024841308594,-0.8358728289604187,-0.5232155323028564
1789130060270333700,9.676333740234375,0.1926736831665039,-0.5501465201377869,-0.18456506729125977
1789130060286351600,9.6923515625,-0.29914093017578125,0.2362830638885498,0.0710296630859375
1789130060302368800,9.70836865234375,-0.31171321868896484,0.4914264678955078,0.33534765243530273
1789130060318382000,9.724382080078126,0.4561271667480469,0.32020437717437744,0.6861896514892578
1789130060334396700,9.740396728515625,0.11510753631591797,-0.04197558015584946,0.22341203689575195
1789130060350414800,9.756414794921875,-0.057417869567871094,-0.6748265624046326,-0.2557096481323242
1789130060366437000,9.77243701171875,-0.2962350845336914,-0.7138559818267822,-0.12826776504516602
1789130060382457600,9.78845751953125,0.1035757064819336,0.1516226828098297,0.3599820137023926
1789130060398470400,9.804470458984374,-0.015232086181640625,0.22835759818553925,0.27187061309814453
1789130060414486500,9.820486572265626,0.21109771728515625,0.1477380394935608,0.2595977783203125
1789130060430504400,9.83650439453125,-0.061801910400390625,0.5315577983856201,0.0344843864440918
1789130060446524000,9.85252392578125,0.4790372848510742,-0.26029765605926514,0.006386280059814453
1789130060462539000,9.8685390625,0.2813138961791992,-0.7536848783493042,-0.4453723430633545
1789130060478556200,9.88455615234375,-0.012854576110839844,-0.5110658407211304,-0.369006872177124
1789130060494570200,9.9005703125,-0.24195575714111328,-0.2852881848812103,-0.45592188835144043
1789130060510586400,9.91658642578125,0.24937152862548828,0.4586164355278015,-0.23932933807373047
1789130060526599700,9.932599609375,0.7776403427124023,0.48071324825286865,-0.492694616317749
1789130060542615000,9.948614990234375,0.12247085571289062,-0.23393499851226807,-0.42436909675598145
1789130060558632700,9.9646328125,0.7324848175048828,0.12888579070568085,-0.8983156681060791
1789130060574645500,9.9806455078125,0.4008665084838867,0.03896452486515045,-1.0580105781555176
1789130060590658800,9.996658935546876,-0.6143836975097656,-0.14552927017211914,-0.6685841083526611
1789130060606677200,10.01267724609375,0.45730113983154297,0.5122506618499756,-0.28620433807373047
1789130060622693600,10.028693603515626,0.38990116119384766,0.2540290951728821,-0.14418935775756836
1789130060638712000,10.044712158203126,0.8612689971923828,0.007177174091339111,-0.7571656703948975
1789130060654731800,10.060731689453124,0.3870429992675781,-0.41772744059562683,-1.0501220226287842
1789130060670748200,10.076748046875,-0.30543994903564453,-0.2710869014263153,-0.5068240165710449
1789130060686770000,10.09277001953125,-0.29003143310546875,-0.008710205554962158,-0.4058060646057129
1789130060710801700,10.1168017578125,-0.22043132781982422,0.08149686455726624,-0.6082067489624023
1789130060726818300,10.132818359375,-0.009622573852539062,0.256532222032547,-0.4281280040740967
1789130060742831900,10.148831787109375,0.0936737060546875,0.4649234414100647,-0.07504963874816895
1789130060758841300,10.16484130859375,-0.1413402557373047,0.2737812399864197,-0.14305567741394043
1789130060774850800,10.180850830078125,-0.09693336486816406,-0.33529525995254517,-0.16258740425109863
1789130060790867200,10.1968671875,0.24858570098876953,-0.396773099899292,-0.21877551078796387
1789130060806885000,10.212885009765625,0.3179445266723633,-0.22190529108047485,-0.4465909004211426
1789130060822901000,10.22890087890625,-0.7410297393798828,-0.5307386517524719,-0.573706865310669
1789130060838909400,10.244909423828124,-0.6310157775878906,0.06764943897724152,0.12570476531982422
1789130060854926300,10.26092626953125,0.3690004348754883,0.42156144976615906,0.31484413146972656
1789130060870941700,10.276941650390626,0.5788402557373047,-0.1155860424041748,-0.02252793312072754
1789130060886951400,10.292951416015624,0.3031606674194336,-0.5229609608650208,-0.6033484935760498
1789130060902960600,10.308960693359374,-0.8536357879638672,-0.7734251022338867,-0.5803258419036865
1789130060918974000,10.324973876953125,-0.5479669570922852,-0.39329031109809875,0.05534672737121582
1789130060934985500,10.3409853515625,0.6333417892456055,0.3298138678073883,-0.10653352737426758
1789130060950996000,10.356995849609374,-0.10235118865966797,0.07712459564208984,-0.2531242370605469
1789130060967006000,10.373005859375,0.27983665466308594,0.17894817888736725,0.08620476722717285
1789130060983020500,10.3890205078125,0.7747869491577148,-0.13536149263381958,0.06764841079711914
1789130060999032000,10.405031982421875,-0.44023990631103516,-0.6460832357406616,-0.3845374584197998
1789130061015037200,10.421037109375,-0.15379714965820312,-0.2890670597553253,-0.2609083652496338
1789130061031044900,10.437044921875,0.34635353088378906,0.07615494728088379,-0.2468094825744629
1789130061047052800,10.453052734375,-0.2462158203125,0.10939699411392212,0.33209848403930664
1789130061063061800,10.469061767578125,0.5358724594116211,0.06625145673751831,0.35961055755615234
1789130061079080200,10.485080078125,0.4322080612182617,-0.42273789644241333,-0.11572885513305664
1789130061095097600,10.50109765625,0.44997692108154297,-0.6917126178741455,-0.41609835624694824
1789130061111113000,10.517113037109375,0.1026620864868164,-0.1129491925239563,-0.12411928176879883
1789130061127131600,10.533131591796876,-0.22427940368652344,0.4342672824859619,0.4673604965209961
1789130061143154700,10.54915478515625,0.2174224853515625,-0.13439446687698364,0.1939074993133545
1789130061159173400,10.56517333984375,0.2700538635253906,0.060170531272888184,0.4213876724243164
1789130061175189500,10.581189453125,0.2840709686279297,-0.5573197603225708,-0.6226434707641602
1789130061191207400,10.59720751953125,0.0016183853149414062,-0.5430712103843689,-0.13164448738098145
1789130061207228200,10.613228271484376,-0.09343528747558594,0.04959136247634888,0.43016934394836426
1789130061223251000,10.6292509765625,-0.18760967254638672,-0.12756633758544922,0.2113173007965088
1789130061239269600,10.64526953125,0.44721221923828125,-0.3035091161727905,-0.29518628120422363
1789130061255280600,10.66128076171875,-0.15181732177734375,-0.46449851989746094,-0.10142016410827637
1789130061271289000,10.6772890625,-0.11276531219482422,0.0011410117149353027,0.016317367553710938
1789130061287299300,10.69329931640625,0.23635578155517578,0.47741642594337463,0.5950942039489746
1789130061303313200,10.709313232421875,0.48015594482421875,0.35544463992118835,0.12405133247375488
1789130061319331300,10.725331298828126,0.04980945587158203,-0.6883265972137451,-0.32163071632385254
1789130061335347200,10.74134716796875,-0.07876777648925781,-0.1957339644432068,0.023446083068847656
1789130061351363800,10.75736376953125,0.17618370056152344,0.18899554014205933,0.6372849941253662
1789130061367378400,10.77337841796875,0.22610187530517578,-0.09992283582687378,0.18263006210327148
1789130061383393800,10.789393798828126,0.3384981155395508,-0.8532348275184631,-0.2943451404571533
1789130061399413200,10.805413330078125,-0.24905014038085938,-0.7568846940994263,-0.09924745559692383
1789130061415430400,10.821430419921874,0.21085834503173828,-0.24940049648284912,0.541079044342041
1789130061431453200,10.837453125,0.24314022064208984,-0.7011807560920715,-0.011745691299438477
1789130061447478500,10.853478515625,0.03539276123046875,-0.7450421452522278,-0.4072389602661133
1789130061463503000,10.869503173828125,0.21415996551513672,-0.24729204177856445,0.14321255683898926
1789130061479522300,10.885522216796875,-0.20109844207763672,-0.07547140121459961,0.5529792308807373
1789130061495539200,10.901539306640625,0.2792673110961914,-0.9342702627182007,-0.12993955612182617
1789130061511558400,10.917558349609376,-0.22841930389404297,-1.3972431421279907,-0.21944928169250488
1789130061527580000,10.933579833984375,0.2660083770751953,-0.341396689414978,0.12267398834228516
1789130061551609000,10.957609130859375,0.008650779724121094,-0.13644802570343018,0.07118678092956543
1789130061567630600,10.973630615234375,-0.3614540100097656,0.04245448112487793,0.002743959426879883
1789130061583650600,10.989650634765624,0.07201099395751953,-0.549350380897522,-0.2831287384033203
1789130061599673000,11.005673095703125,0.6418857574462891,0.010563135147094727,0.2842264175415039
1789130061615692500,11.021692626953126,0.5607547760009766,-0.30243921279907227,-0.11945772171020508
1789130061631715600,11.037715576171875,-0.14167404174804688,-0.3846144676208496,-0.17151999473571777
1789130061647732700,11.053732666015625,-0.04741096496582031,-0.5170118808746338,-0.3308084011077881
1789130061663748400,11.069748291015625,-0.06655597686767578,0.16471600532531738,0.4588618278503418
1789130061679757800,11.0857578125,0.18612957000732422,-0.05378603935241699,0.21820807456970215
1789130061695779000,11.101779052734376,0.10895061492919922,0.05324351787567139,-0.19872403144836426
1789130061719815200,11.125815185546875,-0.00345611572265625,-0.02479422092437744,0.05373430252075195
1789130061735838200,11.141838134765624,0.5815334320068359,-0.5429345369338989,-0.21019601821899414
1789130061751859000,11.15785888671875,0.34169578552246094,-0.28125953674316406,0.13713669776916504
1789130061767875800,11.173875732421875,-0.45772457122802734,0.03544890880584717,0.2847304344177246
1789130061783893000,11.18989306640625,-0.3473196029663086,-0.18950653076171875,0.09943079948425293
1789130061799914800,11.205914794921876,0.5672807693481445,0.7217528820037842,0.30856776237487793
1789130061815935500,11.221935546875,0.5438976287841797,0.5604340434074402,0.13311409950256348
1789130061831950600,11.23795068359375,-0.3043785095214844,-0.2517353296279907,0.004561185836791992
1789130061847967700,11.2539677734375,-0.5398235321044922,0.05303776264190674,-0.5062658786773682
1789130061863981800,11.26998193359375,-0.4346151351928711,0.19184160232543945,0.24587059020996094
1789130061879996400,11.285996337890625,0.036070823669433594,0.26279258728027344,0.6149611473083496
1789130061896012300,11.30201220703125,-0.1263437271118164,-0.3502321243286133,-0.20500397682189941
1789130061912025900,11.31802587890625,0.3951854705810547,0.09239053726196289,-0.09972572326660156
1789130061928032500,11.334032470703125,0.33693885803222656,0.5552238821983337,0.1363818645477295
1789130061944042800,11.350042724609375,-0.444732666015625,-0.3881189823150635,-0.09020161628723145
1789130061960055800,11.366055908203125,-0.8712968826293945,-0.5017539262771606,-0.0166776180267334
1789130061976061000,11.38206103515625,0.23896026611328125,-0.11388719081878662,-0.5633389949798584
1789130061992071400,11.398071533203124,0.2235555648803711,1.0194017887115479,0.10927009582519531
1789130062008081000,11.414080810546874,-0.4378042221069336,0.1043311357498169,0.4793436527252197
1789130062024084700,11.430084716796875,-0.05784130096435547,-0.22066009044647217,-0.10403895378112793
1789130062048091000,11.4540908203125,0.07278060913085938,-0.19310855865478516,-0.1826181411743164
1789130062064103700,11.470103759765625,0.2122516632080078,-0.19576919078826904,0.08984661102294922
1789130062080118300,11.4861181640625,-0.4082345962524414,-0.029558181762695312,0.14373254776000977
1789130062096141300,11.502141357421875,0.031981468200683594,0.2030634880065918,0.20121455192565918
1789130062112158500,11.518158447265625,0.1327991485595703,0.21599793434143066,0.08493328094482422
1789130062128175600,11.534175537109375,0.38736629486083984,-0.4649161100387573,-0.3411388397216797
1789130062144186400,11.550186279296875,0.06098175048828125,0.06615912914276123,0.3435230255126953
1789130062160203000,11.566203125,-0.41773509979248047,0.24929773807525635,0.3607809543609619
1789130062176210200,11.582210205078125,0.4685802459716797,-0.1414850950241089,-0.11103010177612305
1789130062192222000,11.598221923828126,0.21046066284179688,-0.18700039386749268,0.05425238609313965
1789130062208234000,11.61423388671875,-0.22509288787841797,0.652816653251648,0.37328624725341797
1789130062224252000,11.630251953125,-0.19692420959472656,0.5817860960960388,0.31774115562438965
1789130062240269800,11.646269775390625,0.13281917572021484,-0.4580371379852295,-0.2772336006164551
1789130062264292400,11.670292236328125,0.11704444885253906,0.39527297019958496,0.0479738712310791
1789130062280308700,11.686308837890625,0.32152557373046875,-0.25819218158721924,-0.3539395332336426
1789130062296323600,11.702323486328124,0.3102426528930664,0.23868143558502197,-0.22989201545715332
1789130062312336000,11.7183359375,-0.13624095916748047,0.7833600044250488,0.38100528717041016
1789130062328349700,11.734349609375,-0.42470836639404297,-0.15119600296020508,-0.10446953773498535
1789130062344359000,11.75035888671875,0.8472471237182617,-0.18238162994384766,-0.24897527694702148
1789130062360361700,11.76636181640625,0.28084278106689453,0.13232266902923584,-0.06300973892211914
1789130062376368000,11.7823681640625,-0.31945323944091797,-0.2789628505706787,-0.035932302474975586
1789130062392369700,11.79836962890625,0.1627645492553711,0.03156018257141113,-0.1902472972869873
1789130062408374500,11.81437451171875,0.008725166320800781,0.17986583709716797,-0.3124978542327881
1789130062424378600,11.830378662109375,0.3871898651123047,0.27997028827667236,0.37907910346984863
1789130062440387000,11.846386962890625,-0.1357135772705078,0.5026814937591553,0.0032987594604492188
1789130062456393200,11.862393310546874,-0.0936899185180664,0.5542324185371399,0.15509295463562012
1789130062472402700,11.878402587890625,0.3984689712524414,0.4513719081878662,0.001890420913696289
1789130062488408800,11.894408935546876,-0.21424102783203125,0.6746718287467957,0.22365641593933105
1789130062504413400,11.910413330078125,-0.19106674194335938,0.6332971453666687,0.09615445137023926
1789130062520423200,11.926423095703125,0.012432098388671875,0.16469168663024902,-0.017516374588012695
1789130062536424400,11.942424560546876,0.10721969604492188,0.23927664756774902,0.18841767311096191
1789130062552419800,11.958419921875,0.2692232131958008,0.3465026021003723,-0.11883902549743652
1789130062568427300,11.97442724609375,-0.11044788360595703,0.40208113193511963,0.33065080642700195
1789130062584434000,11.990433837890626,0.046851158142089844,0.3058931827545166,0.40724635124206543
1789130062600436500,12.0064365234375,0.18960285186767578,0.691620409488678,0.2777996063232422
1789130062616441300,12.02244140625,0.9928712844848633,0.4627261757850647,-0.2555851936340332
1789130062632448500,12.038448486328125,-0.19611167907714844,0.3276427388191223,0.3525986671447754
1789130062648459300,12.054459228515626,-0.33549022674560547,0.22155821323394775,0.20646023750305176
1789130062664472300,12.070472412109375,0.7019100189208984,0.0733027458190918,-0.17241382598876953
1789130062680483300,12.0864833984375,0.13507080078125,-0.1438753604888916,0.09663510322570801
1789130062696493800,12.102493896484376,-0.2159261703491211,0.12770509719848633,0.20201754570007324
1789130062712503300,12.11850341796875,-0.04473304748535156,-0.1072307825088501,-0.19089555740356445
1789130062728512000,12.134511962890626,-0.32741355895996094,-0.32517802715301514,0.06071019172668457
1789130062744520700,12.150520751953126,-0.0032129287719726562,0.08120572566986084,-0.07612061500549316
1789130062760527000,12.166527099609375,-0.07089614868164062,-0.10293006896972656,-0.028920888900756836
1789130062776540700,12.182540771484375,0.25385284423828125,0.022362232208251953,-0.2529635429382324
1789130062792555800,12.1985556640625,0.14660358428955078,-0.04845154285430908,0.036684513092041016
1789130062808571600,12.214571533203125,0.04387092590332031,0.224504292011261,0.06650638580322266
1789130062824578000,12.230578125,-0.13454151153564453,-0.07675325870513916,-0.20299959182739258
1789130062840589300,12.24658935546875,-0.4565000534057617,-0.03175950050354004,-0.26468729972839355
1789130062856600300,12.262600341796874,-0.36166858673095703,-0.01982426643371582,0.16165709495544434
1789130062872612000,12.278612060546875,0.6056051254272461,0.053143978118896484,-0.17646074295043945
1789130062888623400,12.294623291015625,0.2404947280883789,0.00010919570922851562,0.043822288513183594
1789130062904631300,12.31063134765625,-0.5459051132202148,0.1868240237236023,-0.2180325984954834
1789130062920643300,12.326643310546874,-0.3466482162475586,0.38803213834762573,0.0378565788269043
1789130062936657000,12.342656982421875,0.27530956268310547,0.014345765113830566,0.16063547134399414
1789130062952667600,12.358667724609376,0.31882286071777344,0.09878706932067871,0.19404053688049316
1789130062968675300,12.37467529296875,-0.00028324127197265625,0.09309124946594238,0.08521699905395508
1789130062984684800,12.390684814453126,0.2965116500854492,-0.19683873653411865,0.02083277702331543
1789130063000697000,12.406697021484375,0.8127222061157227,-0.022418618202209473,0.051336050033569336
1789130063016712700,12.422712646484374,-0.10111045837402344,0.1181688904762268,0.4552459716796875
1789130063032720100,12.43872021484375,0.7136287689208984,-0.396234393119812,0.012058019638061523
1789130063048727300,12.454727294921875,0.5683355331420898,0.26458489894866943,0.2593975067138672
1789130063064736500,12.470736572265626,0.16925907135009766,0.3602425456047058,0.018285036087036133
1789130063080751900,12.486751953125,0.31157588958740234,0.7374385595321655,0.31231689453125
1789130063096766500,12.502766357421875,0.4538536071777344,0.04228711128234863,0.30339598655700684
1789130063112780500,12.518780517578126,0.20447826385498047,0.17534679174423218,-0.16179490089416504
1789130063128793000,12.53479296875,0.06845855712890625,0.47895652055740356,-0.3965792655944824
1789130063144800800,12.55080078125,0.18077850341796875,0.23493558168411255,-0.24694132804870605
1789130063160811800,12.566811767578125,0.42559337615966797,0.20053476095199585,-0.279848575592041
1789130063176829400,12.582829345703125,-0.16452407836914062,0.14090490341186523,-0.19941139221191406
1789130063192845600,12.598845458984375,0.056548118591308594,0.12976670265197754,-0.41349196434020996
1789130063208863000,12.614863037109375,-0.1769866943359375,0.04396343231201172,-0.6181983947753906
1789130063224878600,12.630878662109374,-0.3462400436401367,-0.03480297327041626,-0.21708059310913086
1789130063240891600,12.6468916015625,-0.337677001953125,0.09080302715301514,-0.31141090393066406
1789130063256901000,12.662901123046876,-0.009996414184570312,-0.0678752064704895,-0.5624983310699463
1789130063272905700,12.67890576171875,-0.3814716339111328,-0.1486847996711731,-0.4474647045135498
1789130063288917800,12.694917724609375,-0.6317272186279297,-0.20775198936462402,-0.22749662399291992
1789130063304933600,12.71093359375,-0.04244709014892578,0.12291961908340454,-0.11481642723083496
1789130063320941000,12.726941162109375,0.3173980712890625,0.10574394464492798,-0.5827209949493408
1789130063336953900,12.742953857421876,-0.5482168197631836,0.05671346187591553,-0.21944117546081543
1789130063352965400,12.75896533203125,0.10669612884521484,0.19858288764953613,-0.2681417465209961
1789130063368981500,12.7749814453125,0.1983165740966797,-0.05884873867034912,-0.2043626308441162
1789130063384999400,12.79099951171875,0.1435995101928711,-0.26817750930786133,0.047528743743896484
1789130063401016800,12.807016845703124,0.48734188079833984,-0.012707352638244629,0.10485959053039551
1789130063417025500,12.823025634765624,-0.0820159912109375,0.2785365581512451,-0.14889073371887207
1789130063433036000,12.8390361328125,0.13971710205078125,0.14137983322143555,-0.16252350807189941
1789130063449043200,12.855043212890624,0.28481388092041016,-0.1820056438446045,0.18803787231445312
1789130063465053200,12.87105322265625,0.10895633697509766,-0.12285161018371582,0.1605381965637207
1789130063481060900,12.887060791015625,-0.17625713348388672,-0.3060593605041504,0.08817601203918457
1789130063497064000,12.90306396484375,-0.47620105743408203,0.0357438325881958,0.10252213478088379
1789130063513064700,12.919064697265625,0.31517601013183594,-0.2875938415527344,0.28896307945251465
1789130063529066200,12.935066162109376,0.18833541870117188,-0.23397791385650635,-0.007615327835083008
1789130063545070300,12.9510703125,-0.42699432373046875,-0.16031229496002197,0.3428494930267334
1789130063561078500,12.96707861328125,-0.3048362731933594,0.1706051230430603,0.10660290718078613
1789130063577093600,12.98309375,-0.483673095703125,-0.08080935478210449,0.024036169052124023
1789130063593099500,12.999099609375,-0.04207897186279297,0.08210647106170654,0.11588621139526367
1789130063609109500,13.015109619140626,-0.45319271087646484,0.027579307556152344,0.321439266204834
1789130063625121000,13.03112109375,-0.17432022094726562,0.20504862070083618,0.20131611824035645
1789130063641127400,13.04712744140625,-0.31092166900634766,0.23372721672058105,0.24523019790649414
1789130063657129000,13.06312890625,0.16025066375732422,0.27063125371932983,-0.13638615608215332
1789130063673133000,13.079133056640625,0.20463180541992188,0.3975977301597595,0.5196259021759033
1789130063689140500,13.095140380859375,0.22597026824951172,0.264160692691803,0.1427309513092041
1789130063705149000,13.11114892578125,0.2509031295776367,0.024747133255004883,-0.23070907592773438
1789130063721155000,13.127155029296874,-0.4612417221069336,0.03227555751800537,0.4475595951080322
1789130063737155000,13.143155029296874,0.4519309997558594,0.12720507383346558,0.3187243938446045
1789130063753158400,13.159158447265625,0.5589284896850586,-0.20712101459503174,0.4016859531402588
1789130063777167600,13.183167724609374,0.09495353698730469,0.053134918212890625,-0.0015916824340820312
1789130063793178400,13.199178466796875,-0.06336021423339844,-0.040860772132873535,-0.24113965034484863
1789130063809189400,13.215189453125,0.15668201446533203,0.19069087505340576,0.24212908744812012
1789130063825195000,13.231195068359375,-0.244140625,0.08247250318527222,0.3518502712249756
1789130063841204000,13.247203857421875,-0.03196239471435547,-0.10259294509887695,-0.09738850593566895
1789130063857209900,13.2632099609375,-0.26151084899902344,-0.2864435911178589,-0.23776960372924805
1789130063873212200,13.279212158203125,-0.5626430511474609,0.14178097248077393,0.03742575645446777
1789130063889218000,13.295218017578126,0.3625173568725586,0.5421205759048462,0.12956714630126953
1789130063905228800,13.311228759765624,-0.1895313262939453,-0.10623455047607422,-0.0025632381439208984
1789130063921236200,13.327236328125,-0.06220436096191406,0.19035035371780396,0.2587146759033203
1789130063937243000,13.343242919921876,0.06400871276855469,0.20470845699310303,0.3893895149230957
1789130063953252000,13.359252197265626,-0.21964168548583984,0.11847585439682007,-0.15600156784057617
1789130063969265000,13.375264892578125,-0.2848987579345703,0.03914719820022583,0.09017348289489746
1789130063985279500,13.391279541015624,-0.038771629333496094,0.2707784175872803,0.29758214950561523
1789130064001291000,13.407291015625,0.3035001754760742,0.5474697947502136,0.14394021034240723
1789130064017301800,13.4233017578125,0.05114459991455078,0.5959928631782532,-0.2173004150390625
1789130064033320200,13.4393203125,-0.3685331344604492,0.18124055862426758,0.07423686981201172
1789130064049335000,13.4553349609375,0.5031681060791016,0.21980786323547363,0.4325072765350342
1789130064065345000,13.471344970703125,0.04437446594238281,-0.12399280071258545,0.4855020046234131
1789130064081358300,13.4873583984375,-0.4353780746459961,-0.06776189804077148,0.25792813301086426
1789130064097374000,13.5033740234375,-0.02845001220703125,0.18899470567703247,0.28189969062805176
1789130064113384400,13.519384521484374,-0.20541667938232422,0.3269806504249573,0.3656737804412842
1789130064129395500,13.5353955078125,-0.13417625427246094,0.031022250652313232,0.35294342041015625
1789130064145406200,13.55140625,0.11380577087402344,0.06361597776412964,0.11021089553833008
1789130064161416200,13.567416259765626,-0.5546627044677734,0.4044649004936218,0.4048006534576416
1789130064177431800,13.583431884765625,-0.1527576446533203,0.3511057496070862,0.1593918800354004
1789130064193447400,13.599447509765625,-0.05748271942138672,0.04745984077453613,0.19809794425964355
1789130064209461000,13.6154609375,-0.15137481689453125,0.16087323427200317,-0.03899717330932617
1789130064225475300,13.631475341796875,-0.23647022247314453,0.03335827589035034,0.20928621292114258
1789130064241491500,13.647491455078125,-0.4195718765258789,0.12115609645843506,-0.32787179946899414
1789130064257498600,13.66349853515625,0.019134521484375,0.20273613929748535,0.004379749298095703
1789130064273506600,13.679506591796875,0.05281257629394531,0.21686846017837524,0.41629910469055176
1789130064289515000,13.695514892578124,0.5299673080444336,0.470366895198822,0.3051145076751709
1789130064305524200,13.711524169921875,0.1760997772216797,0.5574671030044556,0.014360666275024414
1789130064321535200,13.72753515625,0.11423492431640625,0.1831674575805664,0.05862259864807129
1789130064337548800,13.743548828125,0.33109474182128906,0.3417831063270569,0.17132830619812012
1789130064353562600,13.759562744140625,-0.2037372589111328,-0.0034847259521484375,0.1698451042175293
1789130064369576200,13.775576171875,-0.2738218307495117,0.25413864850997925,0.0969228744506836
1789130064385589000,13.791589111328125,0.18256473541259766,0.13835889101028442,0.03542137145996094
1789130064401604000,13.80760400390625,-0.1577606201171875,0.0814703106880188,0.27678847312927246
1789130064417618000,13.823617919921874,0.060173988342285156,0.05338233709335327,0.25627970695495605
1789130064433630000,13.8396298828125,0.21161460876464844,-0.058004915714263916,0.23873639106750488
1789130064449641700,13.855641845703126,-0.44115638732910156,0.07972872257232666,0.36648011207580566
1789130064465650200,13.871650146484376,-0.19595623016357422,-0.02898949384689331,0.55448317527771
1789130064481659600,13.88765966796875,-0.05248069763183594,-0.030263781547546387,0.5894484519958496
1789130064497669000,13.903669189453124,-0.09046554565429688,-0.4087398648262024,0.1556854248046875
1789130064513684500,13.9196845703125,-0.2537374496459961,-0.6457581520080566,-0.17731404304504395
1789130064529696000,13.935696044921874,-0.3640108108520508,-0.017252087593078613,0.20704030990600586
1789130064545703700,13.95170361328125,-0.19421100616455078,0.1277502179145813,0.31566715240478516
1789130064561712400,13.96771240234375,0.34164905548095703,0.10000669956207275,-0.04907369613647461
1789130064577726700,13.983726806640625,0.5306034088134766,0.16904163360595703,0.29360294342041016
1789130064593745400,13.999745361328126,0.3581514358520508,0.010625958442687988,0.552229642868042
1789130064609760000,14.015760009765625,0.8041133880615234,0.40540117025375366,0.39224934577941895
1789130064633784800,14.039784912109376,0.16553688049316406,0.20954394340515137,0.6251528263092041
1789130064649806300,14.055806396484375,0.13219356536865234,0.22671568393707275,0.28576040267944336
1789130064665827600,14.07182763671875,-0.02768993377685547,0.16591227054595947,0.34961533546447754
1789130064681846500,14.087846435546876,-0.1471118927001953,0.2978006899356842,0.6190330982208252
1789130064697863200,14.10386328125,0.2443990707397461,0.06378865242004395,0.33686113357543945
1789130064713881300,14.11988134765625,-0.06211376190185547,0.2711680233478546,0.47058820724487305
1789130064737904400,14.143904296875,-0.008481979370117188,0.34328919649124146,0.20398712158203125
1789130064753917700,14.159917724609375,-0.27361583709716797,0.14871525764465332,0.5106582641601562
1789130064769933000,14.17593310546875,-0.7813100814819336,0.1451696753501892,0.2913055419921875
1789130064785947400,14.191947509765624,-0.32703113555908203,0.2698555588722229,0.14165973663330078
1789130064801959000,14.207958984375,-0.8029308319091797,0.12514835596084595,-0.1387009620666504
1789130064817967000,14.223967041015625,-0.727229118347168,0.3271140158176422,0.7077493667602539
1789130064833974000,14.23997412109375,0.4165363311767578,-0.33181077241897583,0.13145160675048828
1789130064849988400,14.25598828125,-0.3065500259399414,-0.10482335090637207,-0.11984395980834961
1789130064866004200,14.272004150390625,-0.7252836227416992,0.0423203706741333,0.26505231857299805
1789130064882020900,14.288020751953125,0.6884336471557617,0.43917930126190186,0.20140457153320312
1789130064898038500,14.30403857421875,0.02250957489013672,0.40110892057418823,0.7408761978149414
1789130064914054000,14.320053955078125,0.5601873397827148,0.17307302355766296,0.4788088798522949
1789130064930071600,14.336071533203125,0.09238052368164062,0.10954204201698303,0.0017299652099609375
1789130064946087700,14.352087646484375,-0.9590778350830078,0.37847185134887695,0.46194934844970703
1789130064962104300,14.368104248046874,0.9135541915893555,0.7160883545875549,-0.04165458679199219
1789130064978118700,14.38411865234375,1.010605812072754,0.09974411129951477,0.43906259536743164
1789130064994129200,14.400129150390624,0.06402778625488281,-0.03580367565155029,0.5220975875854492
1789130065010138000,14.41613818359375,0.8062524795532227,0.1300373077392578,0.05259227752685547
1789130065026150100,14.432150146484375,0.09270668029785156,0.2130039632320404,0.35403919219970703
1789130065042158800,14.448158935546875,0.45224761962890625,0.4988032579421997,0.21367406845092773
1789130065058172400,14.46417236328125,0.7779035568237305,0.2682969868183136,0.28481101989746094
1789130065074190300,14.4801904296875,0.5291938781738281,0.39167118072509766,-0.013278961181640625
1789130065090206000,14.4962060546875,0.07085132598876953,0.4053727686405182,0.3315467834472656
1789130065106218800,14.51221875,0.34607505798339844,0.3397938013076782,0.07009267807006836
1789130065122228000,14.52822802734375,0.3560657501220703,0.09252509474754333,-0.01376485824584961
1789130065138237200,14.5442373046875,0.2726707458496094,0.5117529630661011,0.3898458480834961
1789130065154251300,14.560251220703124,-0.011341094970703125,0.26929348707199097,0.3657526969909668
1789130065170267000,14.576266845703126,-0.049594879150390625,-0.01792970299720764,-0.05401325225830078
1789130065186277600,14.592277587890624,0.23147964477539062,0.5751364827156067,0.0424952507019043
1789130065202284500,14.608284423828126,0.2804412841796875,0.435244619846344,0.503913402557373
1789130065218293000,14.62429296875,0.10502910614013672,0.7108346223831177,0.26901674270629883
1789130065234300000,14.6402998046875,0.06763553619384766,0.6276447772979736,-0.016268253326416016
1789130065250306800,14.656306884765625,-0.7728195190429688,-0.005969211459159851,-0.0447382926940918
1789130065266313700,14.672313720703125,-0.3941783905029297,0.176301047205925,-0.06932687759399414
1789130065282321400,14.6883212890625,-0.38936519622802734,-0.01306384801864624,0.35762453079223633
1789130065298337000,14.7043369140625,0.5112667083740234,-0.1257120668888092,-0.016685009002685547
1789130065314351000,14.72035107421875,-0.047860145568847656,0.2468399703502655,0.18710803985595703
1789130065330367500,14.736367431640625,-0.23185062408447266,-0.038200583308935165,0.4500460624694824
1789130065346379500,14.752379638671876,0.47739601135253906,-0.23004379868507385,0.046759605407714844
1789130065362388700,14.768388671875,-0.4389762878417969,-0.028086207807064056,0.33318042755126953
1789130065378400500,14.784400390625,-0.03887748718261719,0.007047288119792938,0.7316207885742188
1789130065394410800,14.80041064453125,0.7701225280761719,-0.46077948808670044,0.25387048721313477
1789130065410420000,14.816419921875,-0.745025634765625,0.49276432394981384,0.717949390411377
1789130065426433500,14.83243359375,0.1376495361328125,0.4056626260280609,0.3469657897949219
1789130065442446800,14.84844677734375,0.8746681213378906,0.25580310821533203,0.09467697143554688
1789130065458461400,14.86446142578125,0.2333984375,0.2008221447467804,0.6550068855285645
1789130065474475800,14.880475830078124,-0.05914306640625,-0.21403390169143677,1.2511849403381348
1789130065490486300,14.896486328125,0.8650493621826172,-0.2597276270389557,0.3909001350402832
1789130065506497500,14.91249755859375,0.03139495849609375,0.21544374525547028,0.46534204483032227
1789130065522507800,14.9285078125,-0.03674793243408203,-0.10819580405950546,0.8244647979736328
1789130065538515500,14.944515380859375,0.3644084930419922,-0.24276846647262573,0.6712942123413086
1789130065554529300,14.960529296875,0.4767341613769531,0.09203830361366272,0.5497236251831055
1789130065570538800,14.976538818359375,-0.1078786849975586,0.11315788328647614,0.6829948425292969
1789130065586547000,14.992546875,0.3205223083496094,0.2436615228652954,0.5041298866271973
1789130065602555400,15.008555419921874,0.08696746826171875,0.3343881070613861,0.36090850830078125
1789130065618567700,15.024567626953125,0.04152965545654297,-0.019985683262348175,0.43088674545288086
1789130065634577700,15.04057763671875,0.1910409927368164,0.07550123333930969,0.24479389190673828
1789130065650586400,15.05658642578125,-0.12553882598876953,0.04687806963920593,0.4542355537414551
1789130065666597600,15.07259765625,-0.2068805694580078,-0.04033142700791359,0.38018369674682617
1789130065682611000,15.08861083984375,0.08690071105957031,-0.33737558126449585,0.32737207412719727
1789130065698625300,15.104625244140625,0.12396812438964844,0.0724186822772026,0.5224285125732422
1789130065714637800,15.120637939453125,0.5431976318359375,0.5189986228942871,0.2593693733215332
1789130065730646800,15.136646728515625,0.034050941467285156,0.33682548999786377,0.34491729736328125
1789130065746661400,15.152661376953125,0.06515026092529297,0.11675363779067993,0.29305267333984375
1789130065762673000,15.1686728515625,0.08666801452636719,0.040705520659685135,-0.07960939407348633
1789130065778687000,15.18468701171875,0.12622737884521484,0.14184461534023285,0.10508918762207031
1789130065794696200,15.2006962890625,0.23279666900634766,0.15237535536289215,0.20844697952270508
1789130065810708500,15.21670849609375,0.1659221649169922,0.05216119438409805,0.08538389205932617
1789130065826714600,15.232714599609375,0.16294574737548828,0.0354958176612854,-0.008383750915527344
1789130065842719500,15.248719482421874,-0.012683868408203125,0.006501197814941406,0.23829317092895508
1789130065858724400,15.264724365234375,0.19969940185546875,0.043936312198638916,0.13989591598510742
1789130065874732000,15.28073193359375,0.1151742935180664,-0.14407216012477875,0.12777328491210938
1789130065890734000,15.296734130859376,0.15848731994628906,0.02821400761604309,0.046253204345703125
1789130065906740200,15.312740234375,0.05370521545410156,0.024721622467041016,-0.1269822120666504
1789130065922752500,15.32875244140625,0.13883304595947266,-0.03253704309463501,-0.06760072708129883
1789130065938765300,15.344765380859375,0.12396240234375,0.05045562982559204,0.08164596557617188
1789130065954780200,15.3607802734375,0.03836536407470703,-0.3503892421722412,-0.14444923400878906
1789130065970790100,15.3767900390625,0.07135772705078125,-0.12367913126945496,-0.09572410583496094
1789130065986799000,15.392799072265625,0.04645729064941406,-0.384426087141037,0.1835484504699707
1789130066002809000,15.40880908203125,0.16808509826660156,-0.3860306739807129,-0.2523508071899414
1789130066018813400,15.4248134765625,0.13680648803710938,-0.20944471657276154,0.1443796157836914
1789130066034815500,15.4408154296875,0.35932445526123047,-0.00980301946401596,-0.0095367431640625
1789130066050821600,15.456821533203126,0.5909709930419922,0.05038870871067047,-0.2057514190673828
1789130066066826200,15.472826171875,-0.06662940979003906,0.017627283930778503,0.19426488876342773
1789130066082834000,15.488833984375,0.5056076049804688,-0.1770252287387848,-0.06519699096679688
1789130066098840800,15.5048408203125,0.6066722869873047,0.05412088334560394,0.04731130599975586
1789130066114851000,15.52085107421875,0.5122394561767578,0.014950461685657501,-0.07137203216552734
1789130066130867000,15.536866943359374,0.2595357894897461,-0.2600700259208679,0.10249710083007812
1789130066146881300,15.55288134765625,0.6568756103515625,-0.05169014632701874,0.13953351974487305
1789130066162897700,15.568897705078125,0.3289051055908203,0.12687939405441284,0.11960220336914062
1789130066178911500,15.584911376953125,0.2984304428100586,-0.04901041090488434,-0.09290552139282227
1789130066194928400,15.600928466796875,0.3947410583496094,0.2248452752828598,-0.032965660095214844
1789130066210949600,15.61694970703125,0.2994203567504883,-0.0933045968413353,0.1516284942626953
1789130066226968300,15.63296826171875,0.3670310974121094,-0.11048589646816254,-0.3008279800415039
1789130066242982700,15.648982666015625,0.02637004852294922,0.19809886813163757,0.04377412796020508
1789130066258992600,15.66499267578125,0.49640369415283203,-0.10444486141204834,0.1272878646850586
1789130066275005200,15.681005126953124,0.2237110137939453,0.04698241129517555,-0.0899348258972168
1789130066291022000,15.69702197265625,0.15204334259033203,0.10133197903633118,-0.01966571807861328
1789130066307036000,15.713035888671875,0.10537052154541016,0.20414696633815765,-0.1714797019958496
1789130066323045600,15.729045654296876,0.39504051208496094,-0.050649259239435196,-0.1972494125366211
1789130066339053800,15.7450537109375,0.07325172424316406,-0.07911452651023865,0.00914144515991211
1789130066355061000,15.76106103515625,0.18327713012695312,-0.024856064468622208,-0.1403036117553711
1789130066371073800,15.77707373046875,0.05179405212402344,-0.04299736022949219,-0.027469158172607422
1789130066387084800,15.793084716796875,0.3570518493652344,-0.012428835034370422,-0.30421924591064453
1789130066403097000,15.80909716796875,0.039412498474121094,-0.009301569312810898,-0.17318105697631836
1789130066419105300,15.825105224609375,0.35349273681640625,-0.004478096961975098,0.17876720428466797
1789130066435118000,15.8411181640625,0.1899394989013672,-0.04822780564427376,-0.08909368515014648
1789130066451126300,15.857126220703124,0.30426979064941406,-0.048268869519233704,-0.18482732772827148
1789130066467137800,15.8731376953125,0.22622966766357422,-0.03942044824361801,0.04657459259033203
1789130066483144200,15.889144287109374,0.35901355743408203,-0.05386471375823021,0.00003528594970703125
1789130066499148800,15.905148681640625,0.443450927734375,0.04628843069076538,-0.03605365753173828
1789130066515155000,15.921155029296875,0.09776592254638672,0.16573402285575867,-0.025733470916748047
1789130066531161900,15.937161865234375,0.21211910247802734,-0.055000659078359604,0.007921695709228516
1789130066547173400,15.95317333984375,0.3645801544189453,0.17019662261009216,-0.168731689453125
1789130066563182300,15.969182373046875,0.04556846618652344,0.1395619809627533,0.056980133056640625
1789130066579192300,15.9851923828125,0.1764669418334961,-0.15464834868907928,0.1250462532043457
1789130066595202000,16.0012021484375,0.33991432189941406,-0.17738361656665802,-0.23125171661376953
1789130066611208700,16.017208740234373,0.3914642333984375,0.27296149730682373,-0.17247724533081055
1789130066627214300,16.03321435546875,0.20672321319580078,0.06218493729829788,0.052195072174072266
1789130066643220200,16.04922021484375,0.2913932800292969,0.05283588171005249,-0.0414433479309082
1789130066659228000,16.065227783203124,0.1851968765258789,0.048522256314754486,-0.15543317794799805
1789130066675240200,16.081240234375,-0.12464523315429688,-0.06980624049901962,0.0520167350769043
1789130066691251200,16.097251220703125,0.47113895416259766,0.12399440258741379,0.04761934280395508
1789130066707256300,16.11325634765625,0.21149826049804688,0.07952457666397095,0.05441474914550781
1789130066723264300,16.12926416015625,0.24381065368652344,0.050026893615722656,-0.019940853118896484
1789130066747278800,16.15327880859375,0.20577526092529297,-0.0017603635787963867,-0.0018720626831054688
1789130066763287000,16.169287109375,0.43256664276123047,0.07791391760110855,0.013437271118164062
1789130066779298000,16.185298095703125,0.0382537841796875,-0.010027393698692322,0.06446456909179688
1789130066795306500,16.201306396484377,0.08537101745605469,0.08005596697330475,0.06592035293579102
1789130066811316500,16.21731640625,0.29460620880126953,0.08875994384288788,-0.2473773956298828
1789130066827327700,16.23332763671875,0.26332855224609375,-0.12195567041635513,-0.08937311172485352
1789130066843340000,16.249340087890626,0.0870981216430664,-0.12559710443019867,-0.17794322967529297
1789130066859352000,16.26535205078125,0.2513093948364258,0.04404614120721817,0.01512765884399414
1789130066875361500,16.281361572265624,0.07247161865234375,0.06101817637681961,0.09004354476928711
1789130066891372500,16.29737255859375,0.21968650817871094,-0.01874605566263199,-0.008236885070800781
1789130066907387600,16.3133876953125,0.25719261169433594,-0.11281295120716095,0.1273179054260254
1789130066923402200,16.32940234375,-0.001132965087890625,-0.1398497074842453,0.27046871185302734
1789130066939417300,16.345417236328124,0.10530567169189453,-0.09503719955682755,0.3593583106994629
1789130066955428900,16.361428955078125,0.24642658233642578,-0.07889167964458466,0.24973392486572266
1789130066971430100,16.37743017578125,-0.021615982055664062,-0.022624723613262177,0.41284847259521484
1789130066987438000,16.39343798828125,0.14902019500732422,-0.04169248044490814,0.2736043930053711
1789130067003441700,16.409441650390626,0.07076358795166016,-0.11876001954078674,0.3066225051879883
1789130067019446300,16.4254462890625,0.11815357208251953,0.014694370329380035,0.33757495880126953
1789130067035449900,16.441449951171876,0.1468353271484375,0.009779270738363266,0.3917255401611328
1789130067051457000,16.45745703125,0.040907859802246094,-0.06012319028377533,0.3033280372619629
1789130067067473000,16.473472900390625,0.23100852966308594,-0.061678893864154816,0.34583282470703125
1789130067083487000,16.489487060546875,0.0375823974609375,0.09640052914619446,0.27913618087768555
1789130067099500300,16.505500244140624,-0.025396347045898438,0.015196476131677628,0.44501590728759766
1789130067115512800,16.521512939453125,0.21289730072021484,-0.061494842171669006,0.33396005630493164
1789130067131523600,16.537523681640625,0.08556461334228516,0.06161006912589073,0.20211458206176758
1789130067147534300,16.553534423828125,0.18154335021972656,0.021299466490745544,0.28412675857543945
1789130067163539700,16.569539794921877,0.12747478485107422,0.009126361459493637,0.15836668014526367
1789130067179541000,16.585541015625,0.21551227569580078,0.10778839886188507,0.09762334823608398
1789130067195547000,16.601546875,0.3120689392089844,0.028949253261089325,0.11539030075073242
1789130067211560700,16.617560791015624,0.10655879974365234,0.16960173845291138,0.07642412185668945
1789130067227572700,16.63357275390625,0.2456798553466797,0.07120411843061447,0.08557653427124023
1789130067243584500,16.64958447265625,0.1782550811767578,0.049720458686351776,-0.023830890655517578
1789130067259593000,16.665593017578125,0.1919708251953125,0.1521843671798706,0.0539860725402832
1789130067275600100,16.68160009765625,0.2428598403930664,0.10101043432950974,-0.1247248649597168
1789130067291607300,16.697607177734376,0.3071308135986328,0.03025127202272415,-0.12449216842651367
1789130067307621400,16.713621337890626,0.2020578384399414,0.016862794756889343,-0.1594076156616211
1789130067323636000,16.729635986328127,0.3083839416503906,0.03193704038858414,-0.2827110290527344
1789130067339648800,16.745648681640624,0.3662548065185547,-0.019937239587306976,-0.3195919990539551
1789130067355663400,16.761663330078125,0.20554447174072266,-0.02247750014066696,-0.3027501106262207
1789130067371673000,16.777673095703125,0.30599117279052734,-0.02346263825893402,-0.39650726318359375
1789130067387686000,16.793685791015626,0.3452892303466797,-0.051704104989767075,-0.4207878112792969
1789130067403697400,16.809697509765623,0.2179584503173828,-0.024988599121570587,-0.30756187438964844
1789130067419714000,16.825714111328125,0.36672210693359375,-0.0357012078166008,-0.4732532501220703
1789130067435725800,16.841725830078126,0.4210700988769531,-0.08329305797815323,-0.6654520034790039
1789130067451736300,16.857736328125,0.24025917053222656,-0.1056022122502327,-0.4580869674682617
1789130067467747600,16.87374755859375,0.2633695602416992,-0.05050970986485481,-0.446779727935791
1789130067483758800,16.8897587890625,0.4087848663330078,-0.011124983429908752,-0.6884658336639404
1789130067499766800,16.905766845703123,0.41646575927734375,-0.0728599950671196,-0.6243278980255127
1789130067515776800,16.92177685546875,0.2724037170410156,-0.09887750446796417,-0.533057451248169
1789130067531788500,16.93778857421875,0.2407217025756836,-0.029182109981775284,-0.43077921867370605
1789130067547798300,16.95379833984375,0.22635364532470703,-0.023624036461114883,-0.4198272228240967
1789130067563805400,16.969805419921876,0.35425376892089844,-0.02331833355128765,-0.5960044860839844
1789130067579811300,16.985811279296875,0.2854328155517578,-0.03783522546291351,-0.5256106853485107
1789130067595815200,17.001815185546874,0.17633724212646484,-0.028281215578317642,-0.3406662940979004
1789130067611820000,17.017820068359374,0.1773519515991211,0.003045797348022461,-0.33830714225769043
1789130067627827000,17.033826904296873,0.15210533142089844,0.024065496399998665,-0.3506309986114502
1789130067643836000,17.0498359375,0.1338796615600586,0.011034969240427017,-0.3342123031616211
1789130067659853300,17.065853271484375,0.21639251708984375,0.011472849175333977,-0.4516642093658447
1789130067675867600,17.08186767578125,0.1830768585205078,-0.008137566968798637,-0.4320363998413086
1789130067691875300,17.097875244140624,0.028554916381835938,-0.0043146489188075066,-0.3196747303009033
1789130067707887600,17.1138876953125,0.08753204345703125,0.028258197009563446,-0.30994248390197754
1789130067723892700,17.129892822265624,0.05683422088623047,0.05011748895049095,-0.30809450149536133
1789130067739897600,17.145897705078124,0.06530570983886719,0.047543108463287354,-0.29866600036621094
1789130067755900000,17.16189990234375,0.050734519958496094,0.00696750171482563,-0.281829833984375
1789130067771905500,17.177905517578125,0.02283477783203125,0.023938365280628204,-0.3011019229888916
1789130067787915000,17.1939150390625,-0.004826545715332031,0.031093057245016098,-0.32083940505981445
1789130067803926000,17.209926025390626,0.0116119384765625,0.023961305618286133,-0.256986141204834
1789130067819944000,17.22594384765625,-0.0291900634765625,0.05543956533074379,-0.29415464401245117
1789130067835956500,17.24195654296875,0.01131439208984375,0.043327394872903824,-0.3356966972351074
1789130067851968000,17.257968017578126,0.0038433074951171875,-0.006533566862344742,-0.2954275608062744
1789130067867984100,17.273984130859375,-0.012475013732910156,0.011527065187692642,-0.2570984363555908
1789130067884001800,17.290001708984374,-0.037105560302734375,-0.0036246217787265778,-0.18875694274902344
1789130067900018000,17.306017822265623,-0.0033426284790039062,0.005433131009340286,-0.18526554107666016
1789130067916031200,17.32203125,0.016531944274902344,-0.023707404732704163,-0.18309712409973145
1789130067932044300,17.338044189453125,0.03171539306640625,-0.014034589752554893,-0.15244364738464355
1789130067948047000,17.354047119140624,0.04235363006591797,-0.023168403655290604,-0.1655442714691162
1789130067964058400,17.370058349609376,0.09997177124023438,-0.04122771695256233,-0.2382194995880127
1789130067980063500,17.3860634765625,0.10902690887451172,-0.029787162318825722,-0.2370131015777588
1789130067996075000,17.402074951171876,0.18773651123046875,-0.037033628672361374,-0.32984328269958496
1789130068012088600,17.418088623046874,0.16823101043701172,-0.043283917009830475,-0.3625037670135498
1789130068028101400,17.434101318359374,0.160797119140625,-0.029668211936950684,-0.42140817642211914
1789130068044106000,17.45010595703125,0.17456817626953125,-0.03021247684955597,-0.4761524200439453
1789130068060108300,17.4661083984375,0.13494491577148438,-0.04938114061951637,-0.42728734016418457
1789130068076115200,17.482115234375,0.11549091339111328,-0.054535381495952606,-0.38554906845092773
1789130068092119300,17.498119384765626,0.09702873229980469,-0.017500586807727814,-0.35578250885009766
1789130068108121900,17.514121826171873,0.08896923065185547,0.004337737336754799,-0.3806629180908203
1789130068124121900,17.530121826171875,0.04838085174560547,-0.00797192845493555,-0.3363480567932129
1789130068140117800,17.54611767578125,0.052336692810058594,-0.0017412174493074417,-0.301135778427124
1789130068156122400,17.562122314453124,0.062241554260253906,0.004167349077761173,-0.2646505832672119
1789130068172131300,17.57813134765625,0.01642322540283203,0.014300108887255192,-0.21466684341430664
1789130068188139800,17.594139892578124,0.019881248474121094,0.01459865365177393,-0.18846511840820312
1789130068204149500,17.6101494140625,0.010207176208496094,0.005035509821027517,-0.1616525650024414
1789130068220155600,17.62615576171875,-0.036647796630859375,0.00008497480303049088,-0.11479043960571289
1789130068236163000,17.6421630859375,-0.03924274444580078,0.004663900006562471,-0.08638191223144531
1789130068252167400,17.65816748046875,-0.08878517150878906,-0.0002313246950507164,-0.05171847343444824
1789130068268171000,17.6741708984375,-0.0752859115600586,0.004612900782376528,-0.03425168991088867
1789130068284176400,17.69017626953125,-0.08043956756591797,0.019015446305274963,-0.004209756851196289
1789130068300183800,17.706183837890624,-0.03740882873535156,0.00944280531257391,-0.013553619384765625
1789130068316186000,17.72218603515625,-0.06609821319580078,0.004929857794195414,0.015027999877929688
1789130068332189700,17.738189697265625,-0.037240028381347656,0.005105725955218077,0.043300628662109375
1789130068348193800,17.75419384765625,-0.027482986450195312,0.01965118758380413,0.03786802291870117
1789130068364201200,17.770201171875,0.015752792358398438,0.0007185237482190132,0.03736090660095215
1789130068380199400,17.786199462890625,0.05892753601074219,0.005376651417464018,0.03229260444641113
1789130068396198100,17.8021982421875,0.06370067596435547,0.00562733830884099,0.03713417053222656
1789130068412200000,17.818199951171874,0.020667076110839844,0.015216931700706482,0.04648900032043457
1789130068428202200,17.8342021484375,0.039806365966796875,0.005785597488284111,0.03217482566833496
1789130068444206000,17.8502060546875,0.0062847137451171875,-0.0034798779524862766,0.046547651290893555
1789130068460210000,17.8662099609375,0.011036872863769531,0.015907032415270805,0.022737741470336914
1789130068476217000,17.882217041015625,-0.0320587158203125,0.011388605460524559,0.022737741470336914
1789130068492225000,17.89822509765625,-0.03211784362792969,-0.007436360698193312,-0.005780935287475586
1789130068508228400,17.914228271484376,-0.051239013671875,0.0168598759919405,-0.025051593780517578
1789130068524233200,17.930233154296875,-0.07046985626220703,-0.002027925569564104,-0.0439302921295166
1789130068540237300,17.9462373046875,-0.06094551086425781,0.0029280162416398525,-0.0581052303314209
1789130068556247300,17.962247314453126,-0.06578540802001953,-0.0016664719441905618,-0.08186483383178711
1789130068572248600,17.97824853515625,-0.06104755401611328,0.003406301373615861,-0.08647274971008301
1789130068588249300,17.994249267578127,-0.05175590515136719,-0.010721885599195957,-0.10460019111633301
1789130068604247800,18.010247802734376,-0.037654876708984375,-0.01541669201105833,-0.07971572875976562
1789130068620247300,18.026247314453126,0.0050983428955078125,-0.000820376502815634,-0.0641181468963623
1789130068636251100,18.042251220703125,0.004856109619140625,0.008870192803442478,-0.06803607940673828
1789130068652251400,18.05825146484375,0.042893409729003906,0.00899199303239584,-0.028760671615600586
1789130068668258300,18.07425830078125,0.042613983154296875,0.009103124961256981,-0.008603811264038086
1789130068684267300,18.090267333984375,0.032904624938964844,0.009062427096068859,0.0062367916107177734
1789130068700269300,18.106269287109374,0.02330303192138672,-0.00028458909946493804,0.04463529586791992
1789130068716274200,18.122274169921877,0.02810382843017578,0.023707769811153412,0.049381256103515625
1789130068740283000,18.146282958984376,-0.010150909423828125,0.019149448722600937,0.0396115779876709
1789130068756286700,18.16228662109375,-0.010043144226074219,0.01453910581767559,0.05359387397766113
1789130068772294000,18.1782939453125,-0.03857707977294922,0.019295943900942802,0.03373241424560547
1789130068788300500,18.194300537109374,-0.03843402862548828,0.024184446781873703,0.02364325523376465
1789130068804311600,18.2103115234375,-0.07174968719482422,0.019400501623749733,0.013335227966308594
1789130068820319700,18.22631982421875,-0.0620880126953125,0.00981046911329031,0.008242130279541016
1789130068836330500,18.24233056640625,-0.038055419921875,0.005013225134462118,-0.0016605854034423828
1789130068852337200,18.258337158203126,-0.05235481262207031,0.009752674959599972,-0.016260623931884766
1789130068868343000,18.274343017578126,-0.03798961639404297,-0.009459098801016808,-0.0354151725769043
1789130068884345000,18.290344970703124,-0.03795146942138672,0.005013736430555582,-0.021188020706176758
1789130068900352800,18.306352783203124,-0.014054298400878906,0.0005733428988605738,-0.05454826354980469
1789130068916358700,18.322358642578124,0.0049800872802734375,-0.004034297075122595,-0.04932594299316406
1789130068932366300,18.338366455078123,0.028911590576171875,0.010638955980539322,-0.05408048629760742
1789130068948371500,18.354371337890626,0.019189834594726562,0.006069602444767952,-0.058344364166259766
1789130068964379000,18.37037890625,0.03816699981689453,0.0016200024401769042,-0.05292367935180664
1789130068980388000,18.38638818359375,0.009264945983886719,-0.0029576076194643974,-0.03315281867980957
1789130068996391400,18.402391357421877,0.009092330932617188,0.0020007453858852386,-0.061263084411621094
1789130069012396000,18.41839599609375,0.0089111328125,-0.0072502633556723595,-0.03188204765319824
1789130069028398300,18.4343984375,-0.015051841735839844,0.0022694063372910023,-0.03180575370788574
1789130069044403200,18.4504033203125,-0.005466461181640625,-0.007071618922054768,-0.0031054019927978516
1789130069060414700,18.466414794921874,-0.000682830810546875,0.007556626107543707,0.0064868927001953125
1789130069076426500,18.482426513671875,-0.03440380096435547,0.0030348377767950296,0.012004613876342773
1789130069092432100,18.49843212890625,-0.0057525634765625,0.008227802813053131,0.017076969146728516
1789130069108437000,18.51443701171875,-0.04400444030761719,0.017991438508033752,0.02645730972290039
1789130069124443400,18.530443359375,-0.020038604736328125,0.018134061247110367,0.007215738296508789
1789130069140448300,18.5464482421875,-0.03912544250488281,0.00379734649322927,0.026128530502319336
1789130069156454700,18.56245458984375,-0.03422355651855469,0.02778809703886509,0.0065686702728271484
1789130069172460000,18.5784599609375,-0.02454853057861328,0.013279972597956657,0.03494620323181152
1789130069188460000,18.5944599609375,-0.014836311340332031,0.03233429044485092,0.005731105804443359
1789130069204462300,18.61046240234375,0.004408836364746094,0.027366437017917633,0.005398988723754883
1789130069220466400,18.626466552734374,-0.005221366882324219,0.027351751923561096,-0.027930736541748047
1789130069236465400,18.64246533203125,-0.010058403015136719,0.027377471327781677,-0.022966384887695312
1789130069252465200,18.658465087890626,0.01862335205078125,0.02748078480362892,-0.03715395927429199
1789130069268468700,18.67446875,0.004240989685058594,0.0181198138743639,-0.027516603469848633
1789130069284470300,18.69047021484375,0.013735771179199219,0.02765701711177826,-0.05116391181945801
1789130069300474000,18.70647412109375,-0.019881248474121094,0.03740443289279938,-0.03644514083862305
1789130069316478200,18.722478271484373,-0.0008630752563476562,0.027710136026144028,-0.03595733642578125
1789130069332476700,18.7384765625,-0.020147323608398438,0.022707726806402206,-0.035486698150634766
1789130069348481300,18.754481201171874,-0.010659217834472656,0.017971709370613098,-0.025591135025024414
1789130069364491300,18.7704912109375,-0.015565872192382812,0.022739363834261894,-0.02037835121154785
1789130069380501800,18.786501708984375,-0.02047252655029297,0.017740385606884956,-0.005587339401245117
1789130069396512500,18.802512451171875,-0.02052593231201172,0.022457916289567947,-0.0006070137023925781
1789130069412517600,18.818517578125,-0.04445362091064453,0.017631152644753456,0.008918046951293945
1789130069428532000,18.834531982421876,-0.034821510314941406,0.017566636204719543,0.023084640502929688
1789130069444544300,18.850544189453124,-0.03000926971435547,0.012768588960170746,0.027788400650024414
1789130069460554000,18.866553955078125,-0.01555633544921875,0.017628377303481102,0.02747058868408203
1789130069476567000,18.882567138671874,-0.015570640563964844,0.027191007509827614,0.03231072425842285
1789130069492585500,18.89858544921875,-0.020235061645507812,0.007990634068846703,0.027076005935668945
1789130069508602600,18.9146025390625,-0.020191192626953125,0.0029614802915602922,0.0077631473541259766
1789130069524620000,18.9306201171875,-0.020101547241210938,0.012455358169972897,0.01702141761779785
1789130069540631800,18.9466318359375,-0.0057220458984375,0.0027491527143865824,0.002603769302368164
1789130069556641300,18.962641357421877,-0.015328407287597656,0.012459230609238148,-0.0020775794982910156
1789130069572650000,18.97864990234375,-0.005787849426269531,0.0028585311956703663,-0.006737232208251953
1789130069588661800,18.994661865234374,-0.005827903747558594,0.012454262003302574,-0.011381387710571289
1789130069604673000,19.010673095703126,-0.024974822998046875,0.012464783154428005,-0.011405706405639648
1789130069620686800,19.026686767578123,-0.025008201599121094,0.01741049624979496,-0.025653600692749023
1789130069636698600,19.04269873046875,-0.03462409973144531,0.02222052589058876,-0.011144638061523438
1789130069652714000,19.0587138671875,-0.029916763305664062,0.0172922033816576,-0.030007123947143555
1789130069668726000,19.07472607421875,-0.03961658477783203,0.017127368599176407,-0.019989728927612305
1789130069684739300,19.0907392578125,-0.025313377380371094,0.01216521579772234,-0.01976466178894043
1789130069700750000,19.10675,-0.03969001770019531,0.01665777713060379,-0.005356788635253906
1789130069716763400,19.122763427734377,-0.025358200073242188,0.016450053080916405,-0.010025739669799805
1789130069732777200,19.138777099609374,-0.039750099182128906,0.01150602102279663,-0.0051422119140625
1789130069748783900,19.154783935546874,-0.025396347045898438,0.021020211279392242,-0.00031185150146484375
1789130069764790300,19.170790283203125,-0.035019874572753906,0.016208354383707047,0.009429216384887695
1789130069780800300,19.18680029296875,-0.01588726043701172,0.006558920256793499,0.0047206878662109375
1789130069796811000,19.20281103515625,-0.02062702178955078,0.02081160992383957,0.0045473575592041016
1789130069812821200,19.2188212890625,-0.0014314651489257812,0.02049596793949604,0.009181737899780273
1789130069828825600,19.23482568359375,-0.01567363739013672,0.006266074720770121,0.018313169479370117
1789130069844836000,19.250836181640626,0.013048171997070312,0.01584719307720661,0.013557195663452148
1789130069860845600,19.266845458984374,-0.006056785583496094,0.0013511223951354623,0.013381481170654297
1789130069876859400,19.282859375,-0.015598297119140625,0.0012665127869695425,0.008467435836791992
1789130069892871400,19.298871337890624,-0.03958320617675781,-0.008231895044445992,0.0038330554962158203
1789130069908884700,19.314884765625,-0.006092071533203125,0.006143398117274046,-0.020006895065307617
1789130069924900000,19.330900146484375,-0.006134033203125,0.0013420622562989593,-0.005495548248291016
1789130069940915700,19.346915771484376,-0.025300979614257812,0.006199000868946314,-0.02459716796875
1789130069956926200,19.36292626953125,-0.0347442626953125,0.015752865001559258,-0.02507948875427246
1789130069972932600,19.3789326171875,-0.029878616333007812,0.011229688301682472,-0.02056598663330078
1789130069988938000,19.39493798828125,-0.029938697814941406,0.006218947470188141,-0.029927492141723633
1789130070004950300,19.4109501953125,-0.02994823455810547,-0.003362023737281561,-0.044260501861572266
1789130070020963800,19.4269638671875,-0.03951740264892578,0.0062941317446529865,-0.02034759521484375
1789130070036982300,19.442982177734375,-0.034781455993652344,0.006432006135582924,-0.01536703109741211
1789130070052999000,19.4589990234375,-0.02523040771484375,-0.007800517603754997,-0.010485172271728516
1789130070069011000,19.475010986328126,-0.001232147216796875,0.0019056875025853515,-0.034629106521606445
1789130070085027600,19.491027587890624,-0.005965232849121094,0.0067114802077412605,0.003476858139038086
1789130070101044200,19.507044189453126,0.0131378173828125,0.0019484306685626507,-0.010707378387451172
1789130070117053000,19.523052978515626,-0.006070137023925781,0.0066136461682617664,0.008644819259643555
1789130070133058300,19.539058349609373,0.008297920227050781,0.0018733927281573415,-0.005734920501708984
1789130070149068000,19.555068115234373,-0.0012273788452148438,0.001718056038953364,0.027601957321166992
1789130070165070600,19.571070556640624,0.0130615234375,0.011281564831733704,0.013509750366210938
1789130070181076000,19.587075927734375,-0.02520751953125,0.0161057710647583,0.018160343170166016
1789130070197084200,19.603084228515623,-0.0060787200927734375,0.0015802549896761775,0.008675336837768555
1789130070213091300,19.61909130859375,-0.030038833618164062,0.0016379033913835883,0.013526439666748047
1789130070229096700,19.6350966796875,-0.025211334228515625,0.03004574030637741,-0.000978231430053711
1789130070245110300,19.6511103515625,-0.02040386199951172,0.03008994460105896,0.01331782341003418
1789130070261122000,19.6671220703125,-0.03943061828613281,0.024979980662465096,-0.011080741882324219
1789130070285136400,19.691136474609376,-0.03461647033691406,0.024844225496053696,-0.015964269638061523
1789130070301142500,19.707142578125,-0.04897880554199219,0.010447160340845585,-0.01597309112548828
1789130070317149400,19.7231494140625,-0.015499114990234375,0.014883534982800484,-0.030199766159057617
1789130070333159000,19.739158935546875,0.0036487579345703125,0.014756474643945694,-0.025388717651367188
1789130070349161500,19.755161376953126,-0.0059909820556640625,0.019456323236227036,-0.006010532379150391
1789130070365169200,19.771169189453126,0.0034837722778320312,0.009890767745673656,-0.020003795623779297
1789130070381182000,19.787181884765626,0.003459930419921875,0.01928783394396305,-0.01034235954284668
1789130070397193000,19.80319287109375,0.013007164001464844,0.014469985850155354,-0.005448579788208008
1789130070413206500,19.81920654296875,-0.006134033203125,-0.009333864785730839,-0.04380011558532715
1789130070429217300,19.83521728515625,-0.010988235473632812,-0.009392536245286465,-0.014833688735961914
1789130070445234400,19.851234375,-0.0062046051025390625,-0.004681362770497799,-0.019603967666625977
1789130070461247200,19.867247314453124,-0.02540874481201172,0.0003002250741701573,0.004517793655395508
1789130070477252900,19.8832529296875,-0.020620346069335938,-0.00447407690808177,-0.005056858062744141
1789130070493264000,19.899263916015624,-0.04456043243408203,-0.004329553805291653,0.004511117935180664
1789130070509278000,19.91527783203125,-0.025481224060058594,-0.00927219819277525,0.004782915115356445
1789130070525284600,19.93128466796875,-0.02545642852783203,-0.009156755171716213,0.004689455032348633
1789130070541292000,19.9472919921875,-0.03980731964111328,0.005280497949570417,-0.00014925003051757812
1789130070557292000,19.9632919921875,-0.03979015350341797,0.000512991042342037,0.0045795440673828125
1789130070573296600,19.979296630859373,-0.011044502258300781,0.000630333786830306,-0.0050506591796875
1789130070589300000,19.995300048828124,0.0033693313598632812,-0.008915054611861706,0.013925313949584961
1789130070605304300,20.01130419921875,-0.0014142990112304688,0.005480038933455944,-0.005245208740234375
1789130070621309400,20.027309326171874,-0.025321006774902344,0.000534545280970633,-0.0005853176116943359
1789130070637313000,20.04331298828125,-0.006182670593261719,0.019697876647114754,-0.014894962310791016
1789130070653310500,20.059310546875,-0.011086463928222656,0.014693930745124817,-0.014479398727416992
1789130070669313500,20.0753134765625,0.012830734252929688,0.00029839843045920134,-0.023970603942871094
1789130070685324500,20.091324462890626,-0.006350517272949219,0.009912760928273201,-0.0286557674407959
1789130070701332000,20.10733203125,-0.0016279220581054688,0.029151348397135735,-0.018842458724975586
1789130070717334500,20.12333447265625,0.003170013427734375,0.019440248608589172,-0.018876075744628906
1789130070733343700,20.13934375,-0.006455421447753906,0.009773790836334229,-0.028276443481445312
1789130070757361000,20.16336083984375,-0.020857810974121094,0.02390190400183201,-0.004202365875244141
1789130070773373200,20.179373291015626,-0.040017127990722656,0.014333134517073631,0.0006084442138671875
1789130070789386000,20.195385986328127,0.007814407348632812,0.014149813912808895,-0.003992795944213867
1789130070805398000,20.21139794921875,-0.03075122833251953,0.028563685715198517,-0.012639045715332031
1789130070821414400,20.227414306640625,-0.030814170837402344,0.009088877588510513,0.030683040618896484
1789130070837427500,20.243427490234374,-0.026058197021484375,0.018742986023426056,0.026011228561401367
1789130070853442300,20.2594423828125,-0.02603435516357422,0.0330992117524147,0.016352415084838867
1789130070869449000,20.275448974609375,-0.025946617126464844,0.013859233818948269,0.03039717674255371
1789130070885453800,20.291453857421875,-0.030717849731445312,-0.0004351765674073249,0.025549888610839844
1789130070901461200,20.307461181640626,-0.016300201416015625,-0.0003826426400337368,0.039724111557006836
1789130070917468000,20.323468017578126,-0.021060943603515625,0.01414959505200386,0.02047109603881836
1789130070933482800,20.339482666015623,-0.025899887084960938,0.01913425140082836,0.01586461067199707
1789130070949500200,20.355500244140625,-0.025774002075195312,0.00972512923181057,0.0010478496551513672
1789130070965515300,20.371515380859375,-0.006626129150390625,0.005033756606280804,0.010644197463989258
1789130070981524200,20.387524169921875,-0.0066680908203125,0.014680632390081882,0.0012211799621582031
1789130070997533200,20.403533203125,-0.0019283294677734375,0.01938449963927269,0.010972738265991211
1789130071013544700,20.419544677734375,-0.0019559860229492188,0.019720526412129402,-0.012870311737060547
1789130071029548000,20.435548095703126,-0.006751060485839844,0.00991977471858263,-0.02721428871154785
1789130071045549000,20.451549072265625,-0.0211639404296875,0.014476926997303963,-0.0318300724029541
1789130071061556000,20.467555908203124,-0.011622428894042969,0.004694076254963875,-0.012548685073852539
1789130071077560300,20.483560302734375,-0.03556632995605469,0.02387486957013607,-0.022119998931884766
1789130071093571000,20.499571044921876,-0.016420364379882812,0.014167933724820614,-0.026880502700805664
1789130071109578000,20.515577880859375,-0.04504966735839844,0.018756503239274025,-0.01766681671142578
1789130071125590300,20.53159033203125,-0.049854278564453125,0.02333235926926136,-0.003245830535888672
1789130071141597000,20.547596923828124,-0.05937767028808594,0.028066329658031464,-0.01301264762878418
1789130071157604000,20.56360400390625,-0.04018688201904297,0.027916839346289635,0.006007194519042969
1789130071173612000,20.579612060546875,-0.040184974670410156,0.027657676488161087,0.00599980354309082
1789130071189618200,20.5956181640625,-0.030594825744628906,0.008498071692883968,0.015529394149780273
1789130071205626000,20.611626220703126,-0.020978927612304688,0.02750803902745247,0.03933095932006836
1789130071221636600,20.62763671875,-0.006558418273925781,0.017845306545495987,0.03434014320373535
1789130071237647600,20.643647705078124,0.007775306701660156,0.027211248874664307,0.044034481048583984
1789130071253657900,20.659657958984376,-0.01609516143798828,0.026829920709133148,0.03419947624206543
1789130071269664800,20.675664794921875,0.012685775756835938,0.0029063159599900246,0.03880739212036133
1789130071285676000,20.691676025390624,0.017534255981445312,0.02201119437813759,0.009859561920166016
1789130071301685500,20.707685546875,0.012763023376464844,-0.0019156974740326405,0.0002219676971435547
1789130071317694700,20.72369482421875,-0.011249542236328125,-0.01635601930320263,-0.0043141841888427734
1789130071333708800,20.739708740234374,-0.016101837158203125,0.02206781879067421,-0.008874893188476562
1789130071349722400,20.755722412109375,0.007735252380371094,-0.01629004068672657,0.0010828971862792969
1789130071365735200,20.771735107421875,-0.01620006561279297,-0.01630392298102379,-0.008518218994140625
1789130071381745000,20.787744873046876,-0.035454750061035156,0.007431757636368275,-0.022518396377563477
1789130071397749000,20.8037490234375,-0.06411075592041016,0.012356793507933617,-0.027574777603149414
1789130071413755600,20.819755615234374,-0.045055389404296875,0.002731617074459791,-0.022430896759033203
1789130071429768400,20.8357685546875,-0.05465984344482422,-0.00220415904186666,-0.03670048713684082
1789130071445784000,20.8517841796875,-0.035552978515625,-0.011865356005728245,-0.01737689971923828
1789130071461791700,20.867791748046876,-0.030732154846191406,0.012034648098051548,-0.02707076072692871
1789130071477790700,20.883790771484374,-0.011609077453613281,0.01679309457540512,-0.026960372924804688
1789130071493792800,20.899792724609377,-0.0020914077758789062,0.02644420973956585,-0.012380599975585938
1789130071509797000,20.915797119140624,0.0074710845947265625,0.007203867193311453,-0.021908044815063477
1789130071525797400,20.93179736328125,0.012221336364746094,0.031001945957541466,-0.002618074417114258
1789130071541805000,20.94780517578125,0.02179431915283203,0.0022862842306494713,-0.002603292465209961
1789130071557819600,20.963819580078123,-0.0021419525146484375,0.021298076957464218,0.0069522857666015625
1789130071573827000,20.9798271484375,0.01700115203857422,0.02100325934588909,0.016570329666137695
1789130071589836500,20.99583642578125,0.007456779479980469,0.02565605379641056,0.021240949630737305
1789130071605844200,21.01184423828125,-0.011636734008789062,0.02558233216404915,0.03059864044189453
1789130071621853200,21.027853271484375,-0.025938034057617188,0.03512845188379288,0.02558422088623047
1789130071637867300,21.0438671875,-0.025956153869628906,0.030182812362909317,0.011281251907348633
1789130071653874200,21.059874267578124,-0.011468887329101562,0.025361308827996254,0.03957104682922363
1789130071677886500,21.083886474609375,-0.059067726135253906,0.010502615943551064,0.024179697036743164
1789130071693890000,21.09989013671875,-0.02542591094970703,0.010216346941888332,0.0045871734619140625
1789130071709901300,21.1159013671875,-0.03488636016845703,0.019707301631569862,-0.010196208953857422
1789130071733913300,21.139913330078127,-0.015702247619628906,0.024381503462791443,-0.000732421875
1789130071757918700,21.163918701171873,-0.01570415496826172,0.019567234441637993,-0.029452800750732422
1789130071773925000,21.179925048828125,0.008257865905761719,0.005553469527512789,-0.024741649627685547
1789130071789931500,21.195931640625,0.013111114501953125,-0.004059285391122103,-0.02497243881225586
1789130071805935600,21.211935546875,0.0034837722778320312,-0.008734583854675293,-0.029581785202026367
1789130071821939200,21.227939208984374,0.013011932373046875,-0.0040082125924527645,-0.034192562103271484
1789130071837946400,21.2439462890625,0.0034160614013671875,0.0007655774243175983,-0.029337406158447266
1789130071853949700,21.25994970703125,0.01767253875732422,-0.013441446237266064,-0.0289456844329834
1789130071869955800,21.275955810546876,-0.025465965270996094,-0.008539718575775623,-0.019211292266845703
1789130071885966000,21.291966064453124,-0.020732879638671875,0.006048121489584446,-0.0046498775482177734
1789130071901974500,21.307974609375,-0.030341148376464844,0.01082797534763813,-0.009323835372924805
1789130071917977900,21.323977783203127,-0.02089214324951172,-0.0034289516042917967,-0.013652563095092773
1789130071933974000,21.33997412109375,-0.054561614990234375,0.01585296541452408,0.01083064079284668
1789130071949971500,21.355971435546873,-0.016271591186523438,0.01596161350607872,0.03004598617553711
1789130071965970200,21.37197021484375,0.0029163360595703125,-0.003188712988048792,0.02513718605041504
1789130071981967600,21.387967529296876,-0.04488945007324219,0.006500175688415766,0.01048731803894043
1789130071997963000,21.403962890625,-0.044770240783691406,0.006509747356176376,0.019632339477539062
1789130072013963500,21.419963623046876,-0.011191368103027344,-0.012709040194749832,0.009844064712524414
1789130072029959400,21.43595947265625,0.008013725280761719,0.006563815288245678,0.009654998779296875
1789130072045955800,21.451955810546874,0.027202606201171875,-0.007803440093994141,0.004740476608276367
1789130072061946000,21.467946044921874,0.008022308349609375,0.016157427802681923,-0.0191037654876709
1789130072077945900,21.48394580078125,0.008029937744140625,-0.0029166911263018847,-0.0047664642333984375
1789130072093952500,21.499952392578123,0.0031652450561523438,-0.007704802323132753,-0.01885986328125
1789130072109963000,21.515962890625,0.012684822082519531,-0.0030321343801915646,-0.03780508041381836
1789130072125970700,21.531970703125,-0.01613330841064453,0.016301803290843964,-0.027911901473999023
1789130072141979400,21.5479794921875,-0.030495643615722656,-0.007509206421673298,-0.027919769287109375
1789130072157987600,21.563987548828123,-0.016182899475097656,-0.0029124533757567406,-0.022945404052734375
1789130072173995300,21.579995361328123,-0.030516624450683594,0.0018368600867688656,-0.01826786994934082
1789130072190004200,21.596004150390623,-0.021004676818847656,0.006707973312586546,-0.018034934997558594
1789130072206013000,21.612012939453123,-0.035330772399902344,-0.007576792035251856,-0.027755022048950195
1789130072222026200,21.628026123046876,-0.035129547119140625,0.0021032558288425207,0.01940321922302246
1789130072238034700,21.64403466796875,-0.03512859344482422,0.002036547288298607,0.000247955322265625
1789130072254039300,21.660039306640623,-0.02552509307861328,0.0020673079416155815,0.00493931770324707
1789130072270038800,21.676038818359373,-0.02070140838623047,0.007161197252571583,0.004812479019165039
1789130072286038500,21.69203857421875,-0.0015811920166015625,0.02625643089413643,-0.004642963409423828
1789130072302039300,21.708039306640625,0.008020401000976562,0.011704904958605766,0.009630680084228516
1789130072318041900,21.724041748046876,-0.0015201568603515625,0.006722074933350086,0.014287233352661133
1789130072334045200,21.740045166015626,0.008115768432617188,0.011319777928292751,-0.014652490615844727
1789130072350050300,21.75605029296875,0.008089065551757812,0.006776800844818354,-0.004981517791748047
1789130072366049500,21.772049560546876,0.008252143859863281,-0.0028534166049212217,0.008797407150268555
1789130072382051600,21.788051513671874,0.0034475326538085938,0.02574782446026802,-0.01987457275390625
1789130072398055700,21.8040556640625,-0.0013628005981445312,0.002077536890283227,-0.010218143463134766
1789130072414059500,21.8200595703125,-0.0157623291015625,0.011645941063761711,-0.01967334747314453
1789130072430063400,21.8360634765625,-0.020635604858398438,0.007050284184515476,-0.028943777084350586
1789130072446064400,21.852064453125,-0.02545642852783203,0.006964213214814663,-0.019246816635131836
1789130072462070500,21.868070556640625,-0.020685195922851562,0.011753639206290245,-0.023975849151611328
1789130072478076700,21.88407666015625,-0.030282974243164062,0.006817717105150223,-0.03347468376159668
1789130072494076200,21.900076171875,-0.03509998321533203,0.0067609455436468124,-0.02858591079711914
1789130072510077200,21.9160771484375,-0.020755767822265625,0.0066606272011995316,-0.009360551834106445
1789130072526081000,21.9320810546875,-0.03510570526123047,-0.0027213147841393948,0.004952907562255859
1789130072542083000,21.9480830078125,-0.015899658203125,0.011699717491865158,-0.000024080276489257812
1789130072558082300,21.964082275390624,-0.011140823364257812,-0.007329028099775314,0.0000820159912109375
1789130072574080500,21.98008056640625,-0.0063228607177734375,0.016829773783683777,-0.00002384185791015625
1789130072590084600,21.996084716796876,0.00323486328125,0.007161416113376617,0.019197463989257812
1789130072606088400,22.01208837890625,-0.0015583038330078125,0.007087328005582094,0.01442718505859375
1789130072622093600,22.028093505859374,0.022383689880371094,0.01666157692670822,0.009639739990234375
1789130072638098700,22.0440986328125,0.012816429138183594,0.0023279315792024136,0.03354334831237793
1789130072654101500,22.0601015625,-0.006350517272949219,0.00695559149608016,0.004864692687988281
1789130072670103000,22.07610302734375,0.012692451477050781,0.01162920892238617,0.01005411148071289
1789130072686102800,22.092102783203124,-0.0017423629760742188,0.011546280235052109,-0.018429040908813477
1789130072702100200,22.108100341796874,-0.0066127777099609375,0.016357114538550377,0.0010211467742919922
1789130072718101200,22.124101318359376,-0.044898033142089844,0.016457872465252876,-0.013420581817626953
1789130072734099000,22.140098876953125,-0.021066665649414062,0.0019699118565768003,-0.013025045394897461
1789130072758099700,22.164099609375,-0.026004791259765625,0.025824908167123795,0.021034955978393555
1789130072774101500,22.1801015625,-0.04521369934082031,0.02106463350355625,-0.012286663055419922
1789130072790103300,22.196103271484375,-0.01659107208251953,0.006686565466225147,0.0024690628051757812
1789130072806105000,22.21210498046875,-0.026206016540527344,0.001911751925945282,-0.006968975067138672
1789130072822110200,22.228110107421877,-0.011800765991210938,0.016401976346969604,-0.011905670166015625
1789130072838117400,22.244117431640625,-0.011897087097167969,0.016553733497858047,-0.001980304718017578
1789130072854120200,22.2601201171875,-0.0023832321166992188,0.016536928713321686,0.003032684326171875
1789130072870131000,22.276130859375,-0.02635955810546875,0.021374285221099854,0.0031599998474121094
1789130072886137300,22.292137451171875,-0.012007713317871094,0.016571488231420517,-0.0015833377838134766
1789130072902142200,22.30814208984375,-0.0024566650390625,0.006977876648306847,0.01287388801574707
1789130072918149400,22.3241494140625,-0.007288932800292969,0.021303996443748474,0.013034820556640625
1789130072934153500,22.340153564453125,-0.0025482177734375,-0.002636924386024475,0.022781848907470703
1789130072950160100,22.35616015625,0.011742591857910156,0.01170775480568409,0.018263816833496094
1789130072966168300,22.372168212890625,-0.012333869934082031,0.007292202673852444,0.013958215713500977
1789130072982179000,22.388178955078125,-0.007671356201171875,0.01687609776854515,0.014412641525268555
1789130072998187300,22.404187255859377,-0.022078514099121094,0.0024065496399998665,0.028928041458129883
1789130073014197500,22.420197509765625,-0.0269317626953125,0.0072165802121162415,-0.004353761672973633
1789130073030208300,22.436208251953126,-0.02701091766357422,-0.002610767027363181,0.02944803237915039
1789130073046213600,22.452213623046877,-0.022225379943847656,0.006807049736380577,0.0007319450378417969
1789130073062217000,22.468217041015624,-0.027052879333496094,-0.002822729293256998,-0.018284320831298828
1789130073078227700,22.484227783203124,-0.027092933654785156,0.0016543432138860226,-0.008557558059692383
1789130073094231800,22.500231689453123,-0.02715301513671875,-0.0030603373888880014,-0.00834512710571289
1789130073110239000,22.516239013671875,-0.012849807739257812,0.006398322992026806,0.0014581680297851562
1789130073126242600,22.53224267578125,0.0062808990478515625,0.020808467641472816,-0.0224001407623291
1789130073142243600,22.54824365234375,-0.02255725860595703,0.025882557034492493,-0.02680206298828125
1789130073158245000,22.5642451171875,0.006061553955078125,-0.017281536012887955,-0.026395559310913086
1789130073174239000,22.580239013671875,-0.008365631103515625,0.0018787265289574862,-0.030961990356445312
1789130073190241800,22.59624169921875,0.010762214660644531,0.006680500693619251,-0.021292686462402344
1789130073206244400,22.612244384765624,0.0058803558349609375,0.025749504566192627,-0.006591081619262695
1789130073222251000,22.6282509765625,-0.01809978485107422,0.016042130067944527,-0.0016667842864990234
1789130073238254000,22.644254150390626,-0.013339042663574219,0.0016208791639655828,-0.015928983688354492
1789130073254264300,22.660264404296875,-0.008521080017089844,0.006361205596476793,0.0031175613403320312
1789130073270271500,22.676271484375,-0.0037946701049804688,0.03967873379588127,0.027283430099487305
1789130073286282200,22.6922822265625,-0.018136978149414062,0.01566343382000923,0.027199268341064453
1789130073302288600,22.70828857421875,-0.0324554443359375,0.010767769999802113,0.017455101013183594
1789130073318294300,22.724294189453126,-0.04207038879394531,0.010712167248129845,0.022381067276000977
1789130073334305500,22.740305419921874,-0.02766704559326172,0.005771861411631107,0.04140138626098633
1789130073350311200,22.756311279296874,-0.02754974365234375,0.019872574135661125,0.021819114685058594
1789130073366314500,22.772314453125,-0.032250404357910156,0.019815949723124504,0.016715049743652344
1789130073382318300,22.788318359375,-0.022489547729492188,0.005162278190255165,0.011261463165283203
1789130073398320600,22.804320556640626,-0.0033111572265625,0.019344530999660492,0.011171817779541016
1789130073414328000,22.820328125,-0.017681121826171875,0.019281184300780296,0.025554656982421875
1789130073430331600,22.83633154296875,-0.008189201354980469,0.019122924655675888,-0.017232894897460938
1789130073446332000,22.852331787109375,-0.013009071350097656,0.00954107753932476,0.0020329952239990234
1789130073462340600,22.868340576171875,-0.013108253479003906,0.00008146790787577629,-0.011969566345214844
1789130073478343400,22.884343505859373,0.0011548995971679688,0.0050161476247012615,-0.021181583404541016
1789130073494348000,22.90034814453125,-0.0037374496459960938,0.009740326553583145,-0.016018390655517578
1789130073510352400,22.916352294921875,-0.01812744140625,0.004849997349083424,-0.020714282989501953
1789130073526356700,22.932356689453126,-0.0038156509399414062,-0.004506956320255995,-0.02531266212463379
1789130073542361600,22.948361572265625,-0.03256797790527344,0.00508256396278739,-0.006079912185668945
1789130073558363000,22.96436279296875,-0.03256988525390625,0.014798998832702637,0.008295536041259766
1789130073574364200,22.9803642578125,-0.032622337341308594,0.014909692108631134,0.003694295883178711
1789130073590367000,22.996366943359376,-0.05187511444091797,0.014620354399085045,0.013629436492919922
1789130073606371600,23.01237158203125,-0.02319049835205078,0.014760347083210945,0.013796329498291016
1789130073622381000,23.028381103515624,-0.027982711791992188,0.014680852182209492,0.018597126007080078
1789130073638383600,23.044383544921875,-0.032608985900878906,0.009995835833251476,0.03237581253051758
1789130073654382800,23.0603828125,-0.0037946701049804688,0.01929682120680809,0.022497177124023438
1789130073670380500,23.076380615234374,-0.013319015502929688,0.005152633413672447,0.03188514709472656
1789130073686383900,23.0923837890625,-0.0037078857421875,0.014738207682967186,0.022182464599609375
1789130073702391300,23.108391357421876,-0.008516311645507812,0.014739888720214367,0.022254467010498047
1789130073718398700,23.124398681640624,0.020132064819335938,0.019628245383501053,0.01776432991027832
1789130073734407200,23.1404072265625,0.005776405334472656,0.01014956459403038,0.032093048095703125
1789130073766422300,23.17242236328125,-0.013522148132324219,0.005243380554020405,0.0038902759552001953
1789130073782437000,23.18843701171875,-0.01838207244873047,0.015073869377374649,0.0041463375091552734
1789130073798447900,23.20444775390625,-0.03271961212158203,0.0005791150033473969,-0.0007407665252685547
1789130073814451500,23.220451416015624,0.0006914138793945312,0.010236512869596481,-0.00035071372985839844
1789130073830457000,23.23645703125,-0.052031517028808594,0.019755303859710693,0.023769378662109375
1789130073846471000,23.252470947265625,-0.04732227325439453,0.005070435348898172,0.00011706352233886719
1789130073862487000,23.268487060546875,-0.042580604553222656,0.009971286170184612,0.009859800338745117
1789130073878497000,23.2844970703125,-0.028240203857421875,0.01494849007576704,0.009950876235961914
1789130073894509600,23.300509521484376,-0.03784370422363281,0.010032003745436668,0.0196230411529541
1789130073910514700,23.3165146484375,-0.028288841247558594,0.014931173995137215,0.019704580307006836
1789130073926522400,23.3325224609375,-0.03783893585205078,0.005229352042078972,0.01960897445678711
1789130073942534400,23.348534423828124,-0.009007453918457031,0.014639277942478657,0.0192413330078125
1789130073958549000,23.364549072265625,-0.013715744018554688,0.009826982393860817,0.0237424373626709
1789130073974561300,23.380561279296874,-0.008944511413574219,0.014624591916799545,0.00943756103515625
1789130073990571500,23.396571533203126,-0.008973121643066406,0.024084055796265602,-0.00003266334533691406
1789130074006579000,23.412578857421874,-0.008991241455078125,0.014482041820883751,0.000030279159545898438
1789130074022585600,23.428585693359373,0.02930927276611328,0.02423873543739319,0.023998737335205078
1789130074038592500,23.444592529296877,0.010129928588867188,0.009912030771374702,-0.0333712100982666
1789130074054599200,23.46059912109375,0.000484466552734375,0.019545242190361023,-0.004393100738525391
1789130074070602500,23.4766025390625,0.019556045532226562,0.015005627647042274,-0.032826900482177734
1789130074086607600,23.492607666015626,0.0002002716064453125,0.0005669863894581795,-0.03688478469848633
1789130074102620700,23.50862060546875,-0.004746437072753906,0.0005731238052248955,-0.0267333984375
1789130074118631200,23.524631103515624,-0.023962974548339844,0.0054780663922429085,-0.03129434585571289
1789130074134642700,23.540642578125,-0.05275917053222656,-0.008786167949438095,-0.0023288726806640625
1789130074150653200,23.556653076171877,-0.057641029357910156,-0.0039637889713048935,-0.02593255043029785
1789130074166661400,23.572661376953125,-0.062432289123535156,-0.018186302855610847,-0.01634383201599121
1789130074182665000,23.5886650390625,-0.07203102111816406,-0.023040318861603737,0.012462377548217773
1789130074198666800,23.604666748046874,-0.05768775939941406,-0.01344539225101471,0.02212381362915039
1789130074214669600,23.620669677734377,-0.07202816009521484,-0.008524959906935692,0.04118514060974121
1789130074230676500,23.636676513671876,-0.052791595458984375,-0.008178557269275188,0.036095380783081055
1789130074246682600,23.6526826171875,-0.023825645446777344,-0.003148015821352601,0.04003310203552246
1789130074262689800,23.668689697265624,0.00028514862060546875,-0.012645766139030457,0.05378413200378418
1789130074278693000,23.684693115234374,0.0291595458984375,-0.002843918278813362,0.07241606712341309
1789130074294700800,23.70070068359375,0.03409290313720703,-0.0027925532776862383,0.04316353797912598
1789130074310709000,23.716708984375,0.03900623321533203,0.016371581703424454,0.05228900909423828
1789130074326713900,23.7327138671875,0.05335521697998047,0.03068440407514572,0.009250640869140625
1789130074342726000,23.748725830078126,0.01984119415283203,0.016284488141536713,0.01881265640258789
1789130074358732000,23.76473193359375,0.024627685546875,0.03548705577850342,0.014029502868652344
1789130074374740200,23.780740234375,-0.00409698486328125,0.0495341420173645,0.004431724548339844
1789130074390752300,23.796752197265626,0.000667572021484375,0.025460312142968178,-0.03857588768005371
1789130074406769000,23.812768798828124,-0.03283119201660156,0.02018997073173523,-0.00033974647521972656
1789130074422787000,23.828787109375,-0.07118988037109375,0.038815394043922424,-0.014519929885864258
1789130074438804000,23.844803955078124,-0.08077430725097656,0.05771678686141968,-0.06716108322143555
1789130074454820400,23.8608203125,-0.07602787017822266,0.0191616490483284,-0.004761934280395508
1789130074470828800,23.876828857421874,-0.08565330505371094,0.023814883083105087,-0.004582643508911133
1789130074486841300,23.89284130859375,-0.08091354370117188,0.014073461294174194,-0.03313875198364258
1789130074502848500,23.9088486328125,-0.06178092956542969,-0.005213058553636074,0.024399280548095703
1789130074518856200,23.924856201171874,-0.052234649658203125,0.00915814284235239,0.0005691051483154297
1789130074534865000,23.940864990234374,-0.01384735107421875,0.009480506181716919,-0.02845597267150879
1789130074550875000,23.956875,0.0051822662353515625,-0.02845737524330616,0.0007207393646240234
1789130074566878700,23.972878662109373,0.019550323486328125,-0.004367913119494915,0.005502462387084961
1789130074590886700,23.99688671875,0.02431201934814453,-0.03279460221529007,0.048692941665649414
1789130074606893000,24.01289306640625,0.038681983947753906,-0.008783464320003986,0.0007925033569335938
1789130074630899700,24.036899658203126,0.010067939758300781,-0.008417845703661442,0.009946346282958984
1789130074646912300,24.052912353515627,0.03396129608154297,-0.008262070827186108,0.02448892593383789
1789130074662922500,24.068922607421875,-0.0426177978515625,-0.027228856459259987,-0.009158134460449219
1789130074678934300,24.084934326171876,0.0005321502685546875,-0.012682883068919182,0.028951406478881836
1789130074694947300,24.100947265625,-0.037682533264160156,0.011581570841372013,0.07171297073364258
1789130074710957600,24.11695751953125,-0.06641960144042969,0.006919205188751221,-0.014456510543823242
1789130074726965200,24.13296533203125,-0.032883644104003906,0.0067605068907141685,-0.009729862213134766
1789130074742973700,24.1489736328125,-0.10464286804199219,0.04500241205096245,-0.0003936290740966797
1789130074766984700,24.172984619140625,-0.061608314514160156,0.03046586737036705,-0.024111032485961914
1789130074782990800,24.188990966796876,-0.09508228302001953,0.0015834697987884283,-0.043427467346191406
1789130074799006500,24.20500634765625,-0.04724407196044922,0.025264862924814224,-0.014533281326293945
1789130074815020000,24.22102001953125,-0.018552780151367188,0.05379822850227356,-0.000026464462280273438
1789130074831027200,24.237027099609374,-0.023344039916992188,0.05856010690331459,-0.004807233810424805
1789130074847033900,24.253033935546874,-0.008989334106445312,0.0297751072794199,-0.019129514694213867
1789130074863041800,24.269041748046874,0.010084152221679688,0.005579699762165546,-0.04757189750671387
1789130074879050800,24.28505078125,0.010049819946289062,0.014726737514138222,-0.028291702270507812
1789130074895060700,24.301060791015626,0.06254959106445312,0.04318045824766159,0.02500176429748535
1789130074911065300,24.3170654296875,0.02898120880126953,0.04289564862847328,0.04912567138671875
1789130074927077600,24.33307763671875,0.00016880035400390625,0.023483093827962875,0.03505444526672363
1789130074943083500,24.34908349609375,-0.014225959777832031,-0.014915026724338531,0.0016455650329589844
1789130074959078700,24.36507861328125,-0.014136314392089844,-0.01532959844917059,-0.008252382278442383
1789130074975076000,24.381076171875,-0.02388763427734375,-0.005451981909573078,-0.012413978576660156
1789130074991076900,24.397076904296874,-0.004734039306640625,0.0088628139346838,0.045050621032714844
1789130075007081200,24.413081298828125,-0.03342247009277344,0.01855776458978653,0.07362580299377441
1789130075023091700,24.429091796875,-0.062145233154296875,-0.0005107992328703403,0.04965400695800781
1789130075039092700,24.4450927734375,-0.023593902587890625,0.009345774538815022,-0.023052215576171875
1789130075055099400,24.461099365234375,-0.042301177978515625,-0.09616927057504654,-0.0007238388061523438
1789130075071110100,24.477110107421876,-0.17113685607910156,-0.2929537296295166,0.24663972854614258
1789130075087118300,24.493118408203124,-0.008225440979003906,0.03218340873718262,-0.1846938133239746
1789130075103127300,24.509127197265624,-0.1420745849609375,-0.14424283802509308,-0.027493953704833984
1789130075119134000,24.525134033203123,-0.012937545776367188,-0.020130496472120285,0.07360434532165527
1789130075135143700,24.541143798828124,0.097137451171875,-0.08703260868787766,0.011565923690795898
1789130075151153200,24.557153076171875,0.001434326171875,-0.10150624066591263,-0.0030333995819091797
1789130075167163000,24.573162841796876,-0.022637367248535156,-0.0246186014264822,-0.04566478729248047
1789130075183176000,24.589176025390625,0.010743141174316406,0.047314051538705826,-0.0068552494049072266
1789130075199196400,24.605196533203124,0.03458881378173828,-0.005687836557626724,0.02222418785095215
1789130075215213300,24.62121337890625,0.029581069946289062,0.023141149431467056,-0.024868488311767578
1789130075231225600,24.6372255859375,0.0054836273193359375,-0.005673881154507399,0.004424333572387695
1789130075247240400,24.653240478515624,-0.04252052307128906,0.013179142028093338,-0.03344917297363281
1789130075263256300,24.66925634765625,-0.018691062927246094,0.013019202277064323,0.029210329055786133
1789130075279270000,24.685269775390626,-0.047463417053222656,0.05587788298726082,0.04851365089416504
1789130075295285200,24.70128515625,-0.061905860900878906,0.02224230021238327,0.015276432037353516
1789130075311295000,24.717294921875,-0.04278087615966797,0.012408961541950703,-0.008562803268432617
1789130075327307300,24.733307373046873,-0.052382469177246094,-0.021286826580762863,0.001104593276977539
1789130075343317000,24.74931689453125,-0.06674766540527344,0.021745238453149796,0.020258426666259766
1789130075359326200,24.765326171875,-0.03312873840332031,0.012214096263051033,0.0677804946899414
1789130075375336200,24.781336181640626,-0.05207252502441406,0.03648519888520241,0.004771232604980469
1789130075391343000,24.797343017578125,0.0005216598510742188,-0.016232026740908623,-0.023677825927734375
1789130075407352000,24.81335205078125,-0.009111404418945312,-0.020831629633903503,0.005254268646240234
1789130075423351300,24.829351318359375,-0.0043582916259765625,-0.025379283353686333,-0.008980512619018555
1789130075439355100,24.845355224609374,0.024321556091308594,-0.0013889702968299389,0.053449392318725586
1789130075455361800,24.86136181640625,-0.009287834167480469,0.008378975093364716,0.010680675506591797
1789130075471371500,24.87737158203125,0.009873390197753906,-0.010636253282427788,-0.003711700439453125
1789130075487379700,24.893379638671874,-0.009392738342285156,-0.03453574702143669,-0.027246475219726562
1789130075503381000,24.909381103515624,0.009691238403320312,-0.029384426772594452,0.020885944366455078
1789130075519387600,24.9253876953125,-0.0142059326171875,-0.00033858418464660645,0.020728588104248047
1789130075535397400,24.9413974609375,-0.033397674560546875,-0.00038403086364269257,-0.003077983856201172
1789130075551409000,24.957408935546876,-0.062163352966308594,-0.005115881562232971,-0.03168320655822754
1789130075567419400,24.97341943359375,-0.05264854431152344,-0.014717165380716324,-0.02187967300415039
1789130075583426300,24.98942626953125,-0.04313945770263672,-0.00038140034303069115,0.016672849655151367
1789130075599436500,25.0054365234375,-0.03835105895996094,0.01871967874467373,-0.0168459415435791
1789130075615446300,25.0214462890625,-0.038435935974121094,0.01406052801758051,-0.02132701873779297
1789130075631451100,25.037451171875,-0.04798412322998047,0.004431333392858505,0.021664142608642578
1789130075647460600,25.053460693359376,-0.038437843322753906,0.009214695543050766,0.026564598083496094
1789130075663471600,25.0694716796875,0.004497528076171875,0.02378361113369465,0.007989645004272461
1789130075679478300,25.085478271484376,-0.009838104248046875,0.04771598428487778,0.0030944347381591797
1789130075695487000,25.101487060546877,-0.000278472900390625,0.042640943080186844,0.0270998477935791
1789130075711497200,25.117497314453125,-0.01465606689453125,0.03279796242713928,0.0032052993774414062
1789130075727506400,25.13350634765625,0.004517555236816406,0.04225318506360054,-0.001659393310546875
1789130075751514600,25.1575146484375,0.04279518127441406,0.032420068979263306,-0.05422234535217285
1789130075767521800,25.173521728515624,0.06663322448730469,-0.01072319969534874,-0.08736538887023926
1789130075783529200,25.189529296875,0.0040760040283203125,0.02742445282638073,-0.09103751182556152
1789130075799528700,25.20552880859375,0.017869949340820312,0.03222198784351349,-0.08896923065185547
1789130075815532500,25.221532470703124,0.06969451904296875,0.017652267590165138,-0.14335250854492188
1789130075831536400,25.237536376953123,0.030060768127441406,-0.006559139583259821,-0.16726279258728027
1789130075847536400,25.253536376953125,0.0373382568359375,-0.016133753582835197,-0.23550033569335938
1789130075863536000,25.2695361328125,0.0006856918334960938,-0.034758083522319794,-0.27192020416259766
1789130075879535600,25.28553564453125,0.0014886856079101562,-0.024464506655931473,-0.26204824447631836
1789130075895540000,25.3015400390625,-0.0036230087280273438,-0.037798911333084106,-0.3101518154144287
1789130075911544300,25.31754443359375,0.052509307861328125,-0.03180631995201111,-0.35912322998046875
1789130075927552500,25.333552490234375,0.026269912719726562,-0.0015329451998695731,-0.3467288017272949
1789130075943558000,25.349557861328126,0.07557106018066406,-0.009785700589418411,-0.3490417003631592
1789130075959566800,25.36556689453125,0.047690391540527344,-0.0222922395914793,-0.3678708076477051
1789130075975575300,25.3815751953125,0.09557342529296875,-0.010851174592971802,-0.39238929748535156
1789130075991581000,25.397580810546874,0.08103656768798828,-0.028173044323921204,-0.4155700206756592
1789130076007590700,25.413590576171874,0.1237945556640625,-0.012084990739822388,-0.38948583602905273
1789130076023594500,25.429594482421876,0.13779830932617188,-0.020000074058771133,-0.36731815338134766
1789130076039601000,25.445600830078124,0.1376199722290039,-0.013999518007040024,-0.35470712184906006
1789130076055608600,25.461608642578124,0.10884952545166016,-0.017080824822187424,-0.3370853662490845
1789130076071620600,25.47762060546875,0.15231037139892578,-0.0013571502640843391,-0.3922450542449951
1789130076087629000,25.493629150390625,0.12847232818603516,-0.004940525628626347,-0.40230321884155273
1789130076103637800,25.5096376953125,0.12905120849609375,-0.01336856372654438,-0.38970160484313965
1789130076119641300,25.525641357421875,0.14896011352539062,0.0016507254913449287,-0.38662874698638916
1789130076135647500,25.5416474609375,0.15454578399658203,-0.002658441662788391,-0.35891807079315186
1789130076151654100,25.557654052734375,0.18891239166259766,-0.0067727454006671906,-0.3448662757873535
1789130076175657500,25.581657470703124,0.19520092010498047,-0.006000664085149765,-0.39967024326324463
1789130076191666000,25.597666015625,0.16756820678710938,-0.010350421071052551,-0.4034755229949951
1789130076207678200,25.61367822265625,0.21175098419189453,-0.009520912542939186,-0.37735700607299805
1789130076223685600,25.629685546875,0.2125873565673828,-0.022883959114551544,-0.44439148902893066
1789130076239697200,25.645697265625,0.21718406677246094,-0.02674476057291031,-0.4801827669143677
1789130076255704000,25.6617041015625,0.1918010711669922,0.0037554074078798294,-0.5257387161254883
1789130076271715000,25.677715087890626,0.29129886627197266,-0.010599793866276741,-0.5517810583114624
1789130076287721200,25.69372119140625,0.32443904876708984,0.013416202738881111,-0.4931453466415405
1789130076303729700,25.709729736328125,0.3056821823120117,-0.005245061591267586,-0.5183053612709045
1789130076319737000,25.725737060546876,0.24418926239013672,-0.0325535386800766,-0.49053192138671875
1789130076335745500,25.74174560546875,0.21658039093017578,-0.03993229195475578,-0.4577333927154541
1789130076351751000,25.7577509765625,0.22297000885009766,-0.022914355620741844,-0.47346049547195435
1789130076367756500,25.773756591796875,0.29221248626708984,-0.025951586663722992,-0.4526766538619995
1789130076383764700,25.7897646484375,0.27625560760498047,-0.029110632836818695,-0.3846372365951538
1789130076399771600,25.805771728515627,0.2613353729248047,0.00041214004158973694,-0.33283352851867676
1789130076415779000,25.821779052734374,0.180267333984375,-0.022314198315143585,-0.26805979013442993
1789130076431788000,25.8377880859375,0.11900997161865234,-0.011351101100444794,-0.27021050453186035
1789130076447799300,25.85379931640625,0.0821380615234375,0.03184729442000389,-0.25635552406311035
1789130076463807000,25.869806884765627,0.06489849090576172,0.017633400857448578,-0.21755379438400269
1789130076479807200,25.88580712890625,0.04344654083251953,0.03664126619696617,-0.14564502239227295
1789130076495810000,25.90181005859375,0.056105613708496094,-0.0068174973130226135,-0.13696300983428955
1789130076511815200,25.917815185546875,0.054785728454589844,-0.0017960704863071442,-0.12256509065628052
1789130076527821300,25.9338212890625,-0.051609039306640625,-0.0017481222748756409,-0.11573618650436401
1789130076543829800,25.949829833984374,0.0048885345458984375,-0.015537943691015244,-0.10971462726593018
1789130076559839200,25.965839111328126,0.0903482437133789,-0.00014934688806533813,-0.09659576416015625
1789130076575846100,25.98184619140625,0.10897254943847656,0.014415334910154343,-0.06658768653869629
1789130076591850800,25.997850830078125,0.060710906982421875,-0.0473138689994812,-0.01434028148651123
1789130076607851000,26.01385107421875,0.15627574920654297,0.0011069737374782562,-0.007187068462371826
1789130076623849000,26.029848876953125,0.09394168853759766,-0.0029163621366024017,0.012996673583984375
1789130076639847400,26.045847412109374,0.19924449920654297,-0.07392378896474838,0.023091912269592285
1789130076655841800,26.061841796875,0.18487167358398438,0.01752917468547821,0.09024131298065186
1789130076671832300,26.077832275390627,0.17531108856201172,-0.0488317646086216,0.08529341220855713
1789130076687825700,26.09382568359375,0.17533493041992188,-0.04845847561955452,0.08504033088684082
1789130076703822600,26.109822509765625,0.2184438705444336,-0.004580039530992508,0.1376001238822937
1789130076719822600,26.125822509765626,0.17058277130126953,-0.06581459939479828,0.05597877502441406
1789130076743820300,26.1498203125,0.16103744506835938,-0.04556582123041153,0.06525659561157227
1789130076759815000,26.16581494140625,0.20415496826171875,-0.05912760645151138,0.03152960538864136
1789130076775811600,26.1818115234375,0.1419687271118164,-0.05313902348279953,0.03564256429672241
1789130076791815400,26.1978154296875,0.1708393096923828,-0.06609446555376053,0.09636253118515015
1789130076807812900,26.213812744140625,0.09914398193359375,-0.0839800238609314,0.061418771743774414
1789130076823820000,26.229820068359373,-0.015657424926757812,-0.029971901327371597,0.10799628496170044
1789130076839823600,26.24582373046875,0.027547836303710938,0.029639314860105515,0.020675301551818848
1789130076855828700,26.261828857421875,0.05644416809082031,0.0032676756381988525,0.05723637342453003
1789130076871830000,26.277830078125,0.12362194061279297,0.06245960667729378,0.10841292142868042
1789130076887837200,26.293837158203125,0.05674934387207031,-0.012140735983848572,0.05399131774902344
1789130076903845000,26.30984521484375,-0.02451324462890625,-0.0873728021979332,0.07164216041564941
1789130076919850200,26.325850341796876,0.0952911376953125,0.08152849972248077,0.027566909790039062
1789130076935855600,26.341855712890624,-0.00035953521728515625,0.01063574105501175,0.12206733226776123
1789130076951861200,26.357861328125,0.05721569061279297,-0.003835223615169525,0.08245623111724854
1789130076967869700,26.37386962890625,0.1387338638305664,0.11498214304447174,0.06192988157272339
1789130076983875600,26.38987548828125,0.17246723175048828,-0.0007145032286643982,0.12169051170349121
1789130076999882000,26.405882080078126,0.13432025909423828,-0.053522560745477676,0.04805171489715576
1789130077015882500,26.421882568359376,-0.047512054443359375,-0.0013124793767929077,0.13277417421340942
1789130077031882500,26.437882568359374,0.1968669891357422,0.041716624051332474,0.02072376012802124
1789130077047886300,26.45388623046875,0.06290912628173828,-0.02973310649394989,0.03859305381774902
1789130077063894800,26.469894775390625,0.24971771240234375,-0.0435655415058136,0.01399540901184082
1789130077079904800,26.48590478515625,0.22095870971679688,-0.043174196034669876,-0.023960590362548828
1789130077095916800,26.501916748046874,0.19214725494384766,-0.10029192268848419,-0.018227696418762207
1789130077111926000,26.517926025390626,0.3786907196044922,-0.042425937950611115,-0.1787239909172058
1789130077127935000,26.53393505859375,0.34476661682128906,-0.1362546682357788,-0.18836581707000732
1789130077143949800,26.54994970703125,0.19572734832763672,-0.16365016996860504,-0.18146049976348877
1789130077159954400,26.565954345703126,0.194671630859375,0.02512473240494728,-0.23622483015060425
1789130077175958500,26.58195849609375,0.5043802261352539,-0.07193811982870102,-0.3807436525821686
1789130077191964200,26.597964111328125,0.21503734588623047,-0.07148774713277817,-0.37971752882003784
1789130077207971300,26.613971435546876,0.21716880798339844,-0.0009752511978149414,-0.437234491109848
1789130077223980300,26.629980224609376,0.2955484390258789,-0.03622572869062424,-0.4117273688316345
1789130077239989200,26.6459892578125,0.34038829803466797,0.04249287769198418,-0.3980673849582672
1789130077255991000,26.661990966796875,0.3470783233642578,-0.04001867026090622,-0.37898358702659607
1789130077271996700,26.67799658203125,0.11936473846435547,-0.2331008017063141,-0.33663150668144226
1789130077287999700,26.693999755859377,0.18395233154296875,0.10206203162670135,-0.410149484872818
1789130077304009200,26.71000927734375,0.2775917053222656,0.04517235606908798,-0.3714074194431305
1789130077320013300,26.726013427734376,0.36673927307128906,0.008091896772384644,-0.33152997493743896
1789130077336021500,26.742021484375,0.16413593292236328,-0.0298280268907547,-0.21506944298744202
1789130077352025000,26.758025146484375,0.3016977310180664,0.19375306367874146,-0.2773555517196655
1789130077368025900,26.77402587890625,0.26240062713623047,0.04834217205643654,-0.2064097374677658
1789130077384030000,26.790030029296876,0.21846771240234375,0.12063136696815491,-0.23907174170017242
1789130077400027100,26.806027099609373,0.25600528717041016,0.22786232829093933,-0.0566428005695343
1789130077416026600,26.822026611328123,0.21709728240966797,0.18052315711975098,-0.16542455554008484
1789130077432028000,26.83802783203125,0.32198238372802734,0.13333415985107422,-0.07165327668190002
1789130077448025900,26.85402587890625,0.5227327346801758,0.0397365540266037,-0.10925540328025818
1789130077464024600,26.870024658203125,0.2878093719482422,-0.08322204649448395,-0.11534304916858673
1789130077480023600,26.8860234375,0.15353012084960938,0.029728693887591362,-0.018381267786026
1789130077496023800,26.90202392578125,0.26352405548095703,0.11054002493619919,-0.1098368912935257
1789130077512019700,26.918019775390626,0.2633962631225586,-0.14837093651294708,-0.10095749795436859
1789130077528019500,26.93401953125,0.32073211669921875,-0.06258862465620041,-0.1065385639667511
1789130077544016600,26.9500166015625,0.16258621215820312,0.09468689560890198,0.022077828645706177
1789130077560017200,26.96601708984375,0.3971385955810547,0.02963905967772007,0.0203210711479187
1789130077576016600,26.9820166015625,0.20547008514404297,-0.07288026809692383,-0.13738006353378296
1789130077592019500,26.99801953125,0.42088794708251953,-0.1627979874610901,0.08998358249664307
1789130077608021500,27.014021484375,0.2675924301147461,-0.1366090327501297,-0.10831891000270844
1789130077624018700,27.030018798828124,0.31543636322021484,0.00874074175953865,0.15204864740371704
1789130077640014600,27.0460146484375,0.1957406997680664,-0.027119018137454987,0.10905063152313232
1789130077656017200,27.06201708984375,0.46393775939941406,-0.019495747983455658,0.10811227560043335
1789130077672015400,27.078015380859377,0.2485055923461914,-0.15166553854942322,0.10222500562667847
1789130077688013000,27.094012939453126,0.3443927764892578,-0.21415019035339355,0.19029676914215088
1789130077704013000,27.110012939453124,0.5264949798583984,-0.09942208230495453,0.2250010371208191
1789130077720010200,27.12601025390625,0.31603050231933594,-0.14449641108512878,0.1415981650352478
1789130077736008700,27.1420087890625,0.024277687072753906,-0.12670719623565674,0.21285554766654968
1789130077752010800,27.1580107421875,0.14428138732910156,0.044785551726818085,0.10414144396781921
1789130077768017200,27.17401708984375,0.29788684844970703,0.06525152921676636,0.15994396805763245
1789130077784019500,27.19001953125,0.12597274780273438,0.07870177924633026,0.3229740858078003
1789130077800016100,27.20601611328125,-0.13697052001953125,0.14670994877815247,0.30648893117904663
1789130077816015000,27.22201513671875,0.1410531997680664,0.1963563859462738,0.3514201045036316
1789130077832014600,27.2380146484375,-0.12653446197509766,0.22031190991401672,0.26929256319999695
1789130077848006700,27.254006591796873,0.0032777786254882812,0.018060870468616486,0.2075338363647461
1789130077864006000,27.270005859375,-0.09202957153320312,0.19470378756523132,0.12884220480918884
1789130077880009700,27.286009765625,0.018738746643066406,-0.05824136734008789,0.4334433078765869
1789130077896012500,27.302012451171876,0.19205951690673828,-0.16266164183616638,0.1524612009525299
1789130077912018400,27.318018310546876,0.2695913314819336,-0.10894254595041275,0.26091688871383667
1789130077928024000,27.334024169921875,0.1700296401977539,-0.14715047180652618,0.27842238545417786
1789130077944026000,27.350026123046874,0.3627777099609375,-0.25998085737228394,0.23540067672729492
1789130077960030200,27.3660302734375,0.3350334167480469,0.07680647075176239,0.32692158222198486
1789130077976034800,27.382034912109376,0.2546367645263672,0.1105099469423294,0.3562409281730652
1789130077992037400,27.398037353515626,0.28485679626464844,-0.08096863329410553,0.2388685941696167
1789130078008042200,27.414042236328125,-0.010295867919921875,0.08857054263353348,0.3912699222564697
1789130078024045300,27.43004541015625,0.24034500122070312,0.08187191188335419,0.14908355474472046
1789130078040057000,27.44605712890625,0.0023250579833984375,0.12571442127227783,0.15145230293273926
1789130078056060000,27.462059814453124,-0.14019012451171875,0.08852005749940872,0.26382648944854736
1789130078072062500,27.4780625,-0.04802989959716797,0.32121893763542175,0.3905646800994873
1789130078088067600,27.494067626953125,0.1446208953857422,0.17387086153030396,0.14973485469818115
1789130078104074500,27.510074462890625,0.12670516967773438,0.002764284610748291,0.34812045097351074
1789130078120075300,27.5260751953125,0.05169200897216797,-0.05496767908334732,0.34553056955337524
1789130078136082700,27.542082763671875,0.08700275421142578,-0.04314813017845154,0.22167199850082397
1789130078152093400,27.558093505859375,-0.3041563034057617,-0.19322621822357178,0.24609214067459106
1789130078168106000,27.57410595703125,0.013704299926757812,-0.029701173305511475,0.33358341455459595
1789130078184115700,27.59011572265625,0.21647071838378906,0.11216720193624496,0.18460959196090698
1789130078200121300,27.606121337890624,0.09860801696777344,0.06578712165355682,0.3545032739639282
1789130078216124700,27.622124755859375,0.0814371109008789,-0.11998641490936279,0.3030780553817749
1789130078232129500,27.638129638671874,-0.09415912628173828,0.1846562922000885,0.06545621156692505
1789130078248131000,27.654131103515624,0.0990610122680664,-0.05766483396291733,0.27697670459747314
1789130078264134100,27.670134033203126,-0.04778003692626953,-0.05516982078552246,0.12593555450439453
1789130078280133600,27.686133544921876,0.05942249298095703,-0.06557610630989075,0.11154425144195557
1789130078296132600,27.702132568359374,0.08990669250488281,-0.23453117907047272,0.31881892681121826
1789130078312130300,27.71813037109375,0.18772411346435547,-0.2823019325733185,0.12620609998703003
1789130078328129500,27.734129638671874,0.14128398895263672,0.07835902273654938,0.06888687610626221
1789130078344125400,27.75012548828125,0.20477581024169922,0.04154886305332184,0.2723160982131958
1789130078360121600,27.76612158203125,-0.04795360565185547,-0.0815555602312088,0.1377122402191162
1789130078376113400,27.782113525390624,0.09168243408203125,-0.17315927147865295,0.024826765060424805
1789130078392112400,27.7981123046875,0.0016698837280273438,0.3286273777484894,0.1878448724746704
1789130078408118000,27.814117919921873,0.1656951904296875,0.2300998568534851,0.21905148029327393
1789130078424120600,27.83012060546875,0.7463970184326172,-0.10297433286905289,-0.008938193321228027
1789130078440126200,27.846126220703123,0.2395172119140625,-0.3291862905025482,0.09465146064758301
1789130078456133600,27.862133544921875,0.20189571380615234,-0.1550326943397522,0.33699965476989746
1789130078472137500,27.878137451171874,0.03510284423828125,-0.00011927634477615356,0.056409597396850586
1789130078488138800,27.894138671875,0.2892799377441406,0.1582070291042328,-0.00986170768737793
1789130078504147200,27.910147216796876,0.18909072875976562,0.20658710598945618,0.07258892059326172
1789130078520150800,27.92615087890625,0.14662837982177734,-0.024014517664909363,0.20044410228729248
1789130078536153000,27.942153076171873,0.3338041305541992,0.06834710389375687,-0.009593725204467773
1789130078552156700,27.95815673828125,0.18121337890625,-0.32770583033561707,0.032294273376464844
1789130078568159700,27.97415966796875,0.05274486541748047,0.13733139634132385,0.07736325263977051
1789130078584161300,27.990161376953125,0.3215646743774414,0.2441275715827942,0.3201957941055298
1789130078600159500,28.006159423828127,0.1260051727294922,-0.24359014630317688,0.1647629737854004
1789130078616155100,28.022155029296876,0.06441879272460938,-0.009453803300857544,0.13468337059020996
1789130078640153300,28.0461533203125,0.30983638763427734,-0.01666751503944397,0.23390769958496094
1789130078656154000,28.062154052734375,0.2151660919189453,0.13029593229293823,0.12359476089477539
1789130078672151300,28.0781513671875,-0.1863269805908203,-0.07035762071609497,-0.040873169898986816
1789130078688153000,28.094153076171875,0.21660518646240234,-0.00801534578204155,0.20693063735961914
1789130078704158000,28.110157958984374,-0.10387134552001953,-0.08752194046974182,-0.18375515937805176
1789130078720161000,28.1261611328125,-0.13247013092041016,-0.4748237431049347,0.09289050102233887
1789130078736157700,28.14215771484375,-0.02710723876953125,-0.0653623640537262,0.04976308345794678
1789130078752162300,28.158162353515625,-0.026920318603515625,0.08125951886177063,-0.0043212175369262695
1789130078768162600,28.17416259765625,-0.00287628173828125,-0.3644405007362366,-0.09112763404846191
1789130078784160000,28.190159912109376,-0.060263633728027344,-0.4106876850128174,0.10975003242492676
1789130078800155600,28.20615576171875,0.07894515991210938,-0.24089089035987854,-0.03154635429382324
1789130078816153000,28.222153076171875,-0.03561115264892578,-0.24694284796714783,0.013876676559448242
1789130078832149500,28.2381494140625,0.041316986083984375,-0.029169835150241852,0.11716294288635254
1789130078848145700,28.254145751953125,0.12758541107177734,-0.32071244716644287,-0.21301794052124023
1789130078864137200,28.27013720703125,-0.0636281967163086,-0.5612099170684814,0.0053626298904418945
1789130078880127700,28.286127685546877,0.108917236328125,-0.11088824272155762,0.038019418716430664
1789130078896115000,28.302114990234376,-0.07738685607910156,-0.49281343817710876,0.06368041038513184
1789130078912107500,28.318107421875,0.3156852722167969,-0.3491440713405609,-0.25056082010269165
1789130078928100400,28.334100341796876,0.20608901977539062,-0.5791593194007874,0.004647612571716309
1789130078944093200,28.35009326171875,-0.37273216247558594,-0.09763817489147186,0.24921882152557373
1789130078960086000,28.3660859375,-0.051468849182128906,0.21029463410377502,0.21284472942352295
1789130078976079400,28.382079345703126,-0.07457828521728516,0.04472188651561737,-0.0038002729415893555
1789130078992083200,28.398083251953125,0.3569755554199219,0.34965869784355164,0.025272607803344727
1789130079008083200,28.414083251953127,0.16616344451904297,-0.03997334837913513,0.206551194190979
1789130079024085000,28.4300849609375,0.2197704315185547,0.04435582458972931,0.07489645481109619
1789130079040081200,28.4460810546875,0.05826282501220703,0.20425637066364288,0.3130995035171509
1789130079056079600,28.46207958984375,0.23688507080078125,0.09254688769578934,0.2917877435684204
1789130079072080600,28.47808056640625,-0.14458465576171875,-0.07445190846920013,0.3558858633041382
1789130079088080100,28.494080078125,0.09642410278320312,0.08059336990118027,0.1282738447189331
1789130079104075000,28.510074951171877,0.16034793853759766,0.02149723470211029,0.3354264497756958
1789130079120073200,28.5260732421875,0.1191864013671875,0.061566248536109924,0.05217325687408447
1789130079136071400,28.542071533203124,0.0782918930053711,-0.018686801195144653,0.13573169708251953
1789130079152070700,28.558070556640626,-0.015398979187011719,0.3265693783760071,0.378381609916687
1789130079168075500,28.574075439453125,0.06871891021728516,-0.08310118317604065,0.44918370246887207
1789130079184077800,28.590077880859376,0.26360034942626953,-0.055457741022109985,0.09937512874603271
1789130079200081000,28.606080810546874,0.4293546676635742,0.042912550270557404,0.1261507272720337
1789130079216078300,28.622078369140624,-0.2514820098876953,-0.05737386643886566,0.390647292137146
1789130079232079600,28.63807958984375,0.45625782012939453,-0.17842631042003632,0.26373398303985596
1789130079248078800,28.654078857421876,0.18753337860107422,-0.5040143728256226,0.27479588985443115
1789130079272075300,28.6780751953125,-0.09279537200927734,-0.08644646406173706,0.3112844228744507
1789130079288074200,28.69407421875,0.040782928466796875,0.12567241489887238,0.26065754890441895
1789130079304074500,28.710074462890624,-0.14698314666748047,0.3106514811515808,0.3097097873687744
1789130079320072000,28.726072021484374,-0.29581451416015625,-0.009944409132003784,0.2262248992919922
1789130079336072200,28.742072265625,-0.0379638671875,0.0461125522851944,0.44192254543304443
1789130079352068600,28.758068603515625,-0.10141277313232422,0.29356497526168823,0.24902451038360596
1789130079368065300,28.774065185546874,-0.49060630798339844,0.23398783802986145,0.31992459297180176
1789130079384064800,28.790064697265624,-0.20002460479736328,0.26957225799560547,-0.00960230827331543
1789130079400059400,28.806059326171876,-0.06769657135009766,-0.10224992036819458,0.15081787109375
1789130079416059100,28.82205908203125,-0.2080974578857422,-0.20264387130737305,0.12330758571624756
1789130079432054300,28.83805419921875,0.3349485397338867,-0.4717230200767517,-0.06862103939056396
1789130079448047000,28.854047119140624,-0.12757492065429688,-0.12000659108161926,-0.0020688772201538086
1789130079464040700,28.870040771484376,0.08599090576171875,0.021596014499664307,0.19772493839263916
1789130079480034800,28.886034912109373,0.47548770904541016,-0.14536353945732117,0.21747338771820068
1789130079496030700,28.90203076171875,0.06602859497070312,0.012275516986846924,0.166212797164917
1789130079512031000,28.918031005859376,0.08224296569824219,0.22418902814388275,0.06528365612030029
1789130079528033500,28.934033447265627,-0.01662731170654297,0.21519985795021057,0.09450340270996094
1789130079544038000,28.950037841796874,-0.28766727447509766,-0.15903131663799286,0.3529224395751953
1789130079560044800,28.966044921875,0.39311981201171875,-0.20952869951725006,0.12845242023468018
1789130079576046800,28.982046875,-0.04197883605957031,-0.10378327965736389,0.10174036026000977
1789130079592049400,28.99804931640625,-0.007271766662597656,-0.21670544147491455,0.19208014011383057
1789130079608052200,29.01405224609375,0.31485462188720703,-0.05960562825202942,0.2054969072341919
1789130079624050700,29.03005078125,0.18720054626464844,-0.5091787576675415,-0.006882309913635254
1789130079640053200,29.04605322265625,0.32708263397216797,-0.30318310856819153,-0.07707226276397705
1789130079656065500,29.0620654296875,0.035613059997558594,-0.19165998697280884,-0.2174544334411621
1789130079672070000,29.07806982421875,0.342864990234375,0.06735497713088989,-0.08985912799835205
1789130079688077300,29.094077392578125,0.4532785415649414,-0.295681357383728,0.011060595512390137
1789130079704083500,29.11008349609375,0.4146919250488281,-0.24135014414787292,-0.02938401699066162
1789130079720086000,29.1260859375,0.3808860778808594,-0.21358901262283325,-0.11723768711090088
1789130079736088600,29.142088623046874,0.05942821502685547,-0.43749773502349854,-0.15967810153961182
1789130079760103700,29.166103759765626,0.2872428894042969,0.1009078323841095,-0.12734603881835938
1789130079784110000,29.190110107421877,0.04178047180175781,-0.058449774980545044,-0.118896484375
1789130079800111400,29.206111328125,-0.18952465057373047,-0.5294955372810364,0.04287457466125488
1789130079816110800,29.22211083984375,-0.02402973175048828,-0.0652916431427002,-0.08941662311553955
1789130079832116500,29.238116455078124,0.24569129943847656,0.21316127479076385,-0.2822917699813843
1789130079848116700,29.25411669921875,-0.36446666717529297,-0.08638885617256165,-0.193977952003479
1789130079864123400,29.270123291015626,0.150726318359375,0.21583332121372223,-0.058452606201171875
1789130079880135200,29.28613525390625,0.2540321350097656,-0.23896285891532898,-0.04113733768463135
1789130079896148700,29.302148681640624,-0.23104286193847656,-0.5067139863967896,0.09749937057495117
1789130079912165600,29.31816552734375,-0.1741189956665039,-0.07021930813789368,-0.16633331775665283
1789130079928176600,29.3341767578125,0.3074188232421875,-0.3410044312477112,-0.3671056032180786
1789130079944187400,29.3501875,-0.6368045806884766,-0.5372021198272705,-0.009962797164916992
1789130079960200000,29.366199951171875,0.09964466094970703,-0.1941140592098236,-0.13047492504119873
1789130079976213500,29.382213623046876,0.16052532196044922,-0.12019088864326477,-0.4594533443450928
1789130079992224500,29.398224609375,-0.10356998443603516,-0.28088220953941345,0.28061437606811523
1789130080008233700,29.414233642578125,0.3412342071533203,-0.295685350894928,-0.243979811668396
1789130080024239900,29.430239990234377,0.3119239807128906,-0.10194423794746399,0.27518022060394287
1789130080040244200,29.446244140625,-0.5163488388061523,-0.4527786076068878,0.07723009586334229
1789130080056253200,29.462253173828124,-0.36309242248535156,-0.49886131286621094,-0.22923994064331055
1789130080072262100,29.47826220703125,-0.4592409133911133,-0.4035910367965698,-0.026369094848632812
1789130080088269600,29.49426953125,-0.03767108917236328,0.13594287633895874,0.10771453380584717
1789130080104280600,29.510280517578124,0.25954151153564453,-0.05042076110839844,0.021573901176452637
1789130080120290000,29.5262900390625,-0.37613582611083984,-0.4307078719139099,0.1199876070022583
1789130080136299300,29.54229931640625,0.19042110443115234,0.3481726348400116,0.270676851272583
1789130080152306000,29.558305908203124,-0.03367328643798828,0.138352632522583,-0.027933955192565918
1789130080168316200,29.574316162109376,-0.19087505340576172,-0.22866028547286987,-0.011137008666992188
1789130080184324000,29.590323974609376,0.5089330673217773,-0.07875418663024902,0.04458796977996826
1789130080200331000,29.6063310546875,0.514251708984375,-0.04167550802230835,-0.009839892387390137
1789130080216336000,29.6223359375,0.17954444885253906,-0.06785637140274048,0.3857452869415283
1789130080232344600,29.638344482421875,0.36235713958740234,0.43433645367622375,0.13812243938446045
1789130080248347600,29.65434765625,0.5158786773681641,0.19625553488731384,0.16085994243621826
1789130080264353800,29.670353759765625,0.25783252716064453,0.031020760536193848,0.35499346256256104
1789130080280365800,29.68636572265625,-0.21555233001708984,0.2644908130168915,0.20884430408477783
1789130080296370200,29.7023701171875,0.09109783172607422,0.28533846139907837,-0.09328615665435791
1789130080312379000,29.71837890625,0.06278324127197266,0.07598477602005005,-0.037743568420410156
1789130080328384300,29.73438427734375,-0.2196216583251953,0.1511361002922058,0.2052145004272461
1789130080344393000,29.75039306640625,0.10643291473388672,0.0028458833694458008,0.03505277633666992
1789130080360398300,29.7663984375,-0.2908153533935547,0.08644437789916992,-0.15671217441558838
1789130080376404200,29.782404296875,-0.22382259368896484,0.34268009662628174,0.002565145492553711
1789130080392409600,29.79840966796875,0.13977622985839844,0.10706156492233276,0.07784068584442139
1789130080408415700,29.814415771484374,-0.49715709686279297,-0.04539281129837036,0.011565804481506348
1789130080424419800,29.830419921875,-0.29631996154785156,0.3096075654029846,-0.005672574043273926
1789130080440431900,29.846431884765625,0.014722824096679688,-0.14834213256835938,-0.26711201667785645
1789130080456442000,29.862442138671874,-0.3349266052246094,-0.14005392789840698,-0.19525277614593506
1789130080472453400,29.878453369140626,-0.2585182189941406,-0.34183019399642944,0.016399264335632324
1789130080488458500,29.89445849609375,-0.23470592498779297,-0.3689754009246826,-0.14976906776428223
1789130080504460500,29.91046044921875,-0.5507621765136719,-0.09940987825393677,-0.19694757461547852
1789130080520465200,29.926465087890627,-0.18687915802001953,-0.026205122470855713,-0.24403691291809082
1789130080536469800,29.9424697265625,-0.014006614685058594,-0.3704296946525574,-0.40754497051239014
1789130080552473000,29.95847314453125,-0.3060131072998047,-0.4521787762641907,-0.20507168769836426
1789130080568472600,29.97447265625,-0.08084297180175781,-0.060280561447143555,-0.06793379783630371
1789130080584474400,29.990474365234373,0.3453960418701172,-0.0768808126449585,-0.2806771993637085
1789130080600474600,30.006474609375,0.4510354995727539,-0.3954051733016968,-0.1261211633682251
1789130080616474000,30.02247412109375,-0.07498359680175781,-0.18144100904464722,0.16051721572875977
1789130080632473300,30.038473388671875,0.46666526794433594,-0.18143534660339355,0.1327042579650879
1789130080648470500,30.054470458984376,0.15179729461669922,-0.6701058745384216,0.08902692794799805
1789130080664469800,30.0704697265625,0.15766143798828125,-0.28043222427368164,0.03517413139343262
1789130080680471800,30.086471923828125,0.2595701217651367,-0.5621230602264404,0.24264025688171387
1789130080696471300,30.10247119140625,0.1070852279663086,-0.47825944423675537,0.07882201671600342
1789130080712470300,30.11847021484375,0.38036251068115234,-0.07168054580688477,0.11717820167541504
1789130080728466700,30.134466796875,0.3188028335571289,0.1921367049217224,0.06290745735168457
1789130080744459300,30.150459228515626,-0.25423526763916016,-0.4527297616004944,-0.1756889820098877
1789130080760459500,30.16645947265625,-0.06181144714355469,-0.2194874882698059,0.502983808517456
1789130080776460300,30.182460205078126,0.07315349578857422,-0.1345422863960266,-0.221246600151062
1789130080792460300,30.198460205078124,-0.12554359436035156,-0.7051433324813843,0.22133290767669678
1789130080808459800,30.214459716796874,0.07642936706542969,0.41170594096183777,0.0013599395751953125
1789130080824456700,30.230456787109375,-0.21910381317138672,0.7654421925544739,0.19185543060302734
1789130080840454700,30.24645458984375,0.15503787994384766,0.5847034454345703,-0.19199204444885254
1789130080856451800,30.262451904296874,-0.17533206939697266,0.7402126789093018,0.2016158103942871
1789130080872449000,30.278448974609375,0.07892704010009766,0.7304115295410156,-0.27771496772766113
1789130080888445000,30.29444482421875,-0.5967388153076172,0.5075353980064392,0.1788114309310913
1789130080904447200,30.310447265625,0.0013790130615234375,0.4217277467250824,0.6531972885131836
1789130080920455000,30.326454833984375,0.07346725463867188,0.7108681201934814,0.0588153600692749
1789130080936456400,30.34245654296875,-0.7356958389282227,-0.1429309844970703,-0.1793971061706543
1789130080952461800,30.3584619140625,-0.30455875396728516,-0.16506487131118774,0.10060012340545654
1789130080968464100,30.374464111328123,-0.4196605682373047,0.6537051200866699,0.46554136276245117
1789130080984464100,30.390464111328125,0.3942537307739258,0.2779095768928528,0.213692307472229
1789130081000468700,30.40646875,0.6097927093505859,0.44754883646965027,0.1042405366897583
1789130081016477000,30.422476806640624,0.44275569915771484,0.15126323699951172,0.07020366191864014
1789130081032482000,30.43848193359375,-0.45223426818847656,-0.6823174953460693,0.1799987554550171
1789130081048480800,30.454480712890625,-0.16428089141845703,-0.3758534789085388,-0.01765429973602295
1789130081064479200,30.470479248046875,-0.40842437744140625,-0.505883514881134,-0.19311010837554932
1789130081080478700,30.486478759765625,-0.24599838256835938,-0.22423207759857178,-0.40201401710510254
1789130081096474000,30.50247412109375,0.3232593536376953,-0.14052999019622803,0.10756778717041016
1789130081112476700,30.5184765625,0.29443931579589844,0.41404449939727783,0.12200164794921875
1789130081128479700,30.534479736328127,-0.3093099594116211,0.11067038774490356,-0.2260150909423828
1789130081144485600,30.550485595703126,-0.5106430053710938,0.234697163105011,0.42625415325164795
1789130081160487400,30.5664873046875,0.15960311889648438,0.19551390409469604,-0.00917041301727295
1789130081176488400,30.582488525390627,0.42774295806884766,-0.35630863904953003,-0.3688364028930664
1789130081192487000,30.59848681640625,0.08277130126953125,0.056796908378601074,-0.32153379917144775
1789130081208486400,30.614486328125,0.3386859893798828,0.9119470715522766,0.6082020998001099
1789130081224484400,30.630484375,1.4878864288330078,0.1564127802848816,-0.5523819923400879
1789130081240481000,30.64648095703125,-0.7094202041625977,-0.17635947465896606,0.11591088771820068
1789130081256473300,30.662473388671874,0.5701417922973633,-0.8283573985099792,-0.46520352363586426
1789130081272469000,30.678468994140626,-0.20543384552001953,-0.3707464933395386,0.011783838272094727
1789130081288464000,30.6944638671875,0.3406524658203125,-0.3935078978538513,-0.13728654384613037
1789130081304462800,30.710462890625,0.5851268768310547,-0.8782638907432556,0.18859338760375977
1789130081320464000,30.7264638671875,0.2130899429321289,-0.5063363313674927,0.2535637617111206
1789130081336461000,30.7424609375,0.21318817138671875,0.3904359042644501,0.22494029998779297
1789130081352458200,30.758458251953126,0.6584882736206055,-0.2886861562728882,-0.0618290901184082
1789130081368457200,30.774457275390624,-0.15060806274414062,-0.06998860836029053,0.1664060354232788
1789130081384460300,30.790460205078126,-0.16443347930908203,0.8004588484764099,0.2633458375930786
1789130081400462800,30.806462890625,0.832911491394043,-0.1275309920310974,-0.244317889213562
1789130081416468000,30.822468017578124,0.5796833038330078,0.3077468276023865,-0.06098055839538574
1789130081432474400,30.838474365234376,-0.6554574966430664,0.20218294858932495,-0.00036144256591796875
1789130081448476000,30.854475830078126,0.16315746307373047,-0.10394859313964844,-0.01341259479522705
1789130081464477000,30.870476806640625,0.25374507904052734,0.027979910373687744,-0.040966033935546875
1789130081480475100,30.88647509765625,0.10442829132080078,-0.10271275043487549,0.1908489465713501
1789130081496474400,30.902474365234376,-0.12666797637939453,0.042928874492645264,-0.2557789087295532
1789130081512479700,30.918479736328123,-0.6588478088378906,-0.5701189637184143,0.2292923927307129
1789130081528474000,30.93447412109375,0.09728431701660156,-0.5321198105812073,0.3538398742675781
1789130081544472600,30.95047265625,0.519810676574707,-0.2752830982208252,0.7867815494537354
1789130081560475400,30.966475341796876,0.09764575958251953,0.18245762586593628,-0.7132152318954468
1789130081576478200,30.982478271484375,-2.0594725608825684,0.3735388517379761,-0.678374171257019
1789130081592477000,30.998476806640625,-0.04795551300048828,0.20088475942611694,0.36066603660583496
1789130081608479500,31.0144794921875,0.7574758529663086,0.30151891708374023,0.9631853103637695
1789130081624476700,31.0304765625,1.7216835021972656,-0.39711570739746094,0.9703108072280884
1789130081640472300,31.046472412109374,1.1613922119140625,-1.1450233459472656,-0.18612754344940186
1789130081656471300,31.06247119140625,-0.9169521331787109,-0.3668600916862488,-0.3225536346435547
1789130081672473600,31.0784736328125,-1.4968881607055664,-0.1889028549194336,-0.30921220779418945
1789130081688483800,31.09448388671875,0.05419921875,-0.2900383472442627,0.035105109214782715
1789130081704489500,31.110489501953126,0.029712677001953125,0.24476134777069092,0.05447244644165039
1789130081720489200,31.1264892578125,0.20143508911132812,-0.07124388217926025,0.3725850582122803
1789130081736486100,31.142486083984377,0.5123653411865234,0.48807859420776367,-0.4012082815170288
1789130081752484900,31.15848486328125,-1.2680740356445312,-0.5526034832000732,0.4073292016983032
1789130081768481300,31.174481201171876,-1.6254663467407227,0.39035168290138245,0.08954489231109619
1789130081784479000,31.19047900390625,0.5126981735229492,0.6744340658187866,0.8190488815307617
1789130081800474400,31.206474365234374,0.9051246643066406,0.7797002196311951,0.37918365001678467
1789130081816469000,31.222468994140623,-0.23833656311035156,1.060249924659729,0.7183812856674194
1789130081832462600,31.238462646484376,-0.24186992645263672,-0.009267985820770264,0.6964254379272461
1789130081848462000,31.254462158203125,-0.4806957244873047,-0.28450602293014526,0.22242891788482666
1789130081864459000,31.270458984375,-1.072652816772461,-1.0504000186920166,0.8771642446517944
1789130081880464000,31.2864638671875,0.35149478912353516,-0.503167986869812,0.12744104862213135
1789130081896468700,31.30246875,0.005640983581542969,-0.40313273668289185,0.9881364107131958
1789130081912467700,31.3184677734375,-0.2455596923828125,0.05388551950454712,0.044452667236328125
1789130081928464400,31.33446435546875,-1.3591194152832031,0.4510694146156311,0.6769955158233643
1789130081944468700,31.35046875,-1.0302705764770508,-0.05753511190414429,1.054044246673584
1789130081960470500,31.366470458984374,2.808506965637207,-0.18096667528152466,-0.31544792652130127
1789130081976469000,31.382468994140623,-0.3626670837402344,-0.768566370010376,1.2280378341674805
1789130081992462600,31.398462646484376,0.6291790008544922,-0.9534590244293213,0.6415009498596191
1789130082008456200,31.414456298828124,0.284088134765625,-0.03431129455566406,0.4569053649902344
1789130082024443600,31.430443603515624,-0.4778709411621094,-0.07859253883361816,0.42352795600891113
1789130082040431000,31.44643115234375,-0.9029226303100586,0.5738072991371155,0.6149609088897705
1789130082056414200,31.462414306640625,-0.042082786560058594,0.6052738428115845,-0.36628007888793945
1789130082072398800,31.47839892578125,-0.5971460342407227,0.37902528047561646,0.513695478439331
1789130082088394200,31.494394287109376,0.6560325622558594,0.9747942686080933,-0.03664827346801758
1789130082104396500,31.510396484375,-0.48883628845214844,0.42811858654022217,0.05596280097961426
1789130082120395300,31.526395263671876,0.20432472229003906,0.037754595279693604,-0.1677265167236328
1789130082136393500,31.5423935546875,-0.03232383728027344,0.216048464179039,0.6907517910003662
1789130082152389000,31.55838916015625,0.23878192901611328,0.5616404414176941,0.2935218811035156
1789130082168389400,31.574389404296873,-0.3173551559448242,0.28418079018592834,-0.04971599578857422
1789130082184390100,31.59039013671875,-1.0459823608398438,-0.09745138883590698,0.33993101119995117
1789130082200389600,31.6063896484375,0.0766143798828125,0.5185596942901611,-0.03874826431274414
1789130082216389400,31.622389404296875,-0.03560829162597656,-0.28803199529647827,0.5286920070648193
1789130082232387600,31.6383876953125,0.4300498962402344,0.13687855005264282,-0.6785006523132324
1789130082248393500,31.6543935546875,-0.3488044738769531,-0.9035834074020386,0.23431682586669922
1789130082264395500,31.6703955078125,-0.13777446746826172,-0.32695579528808594,-0.05925631523132324
1789130082280396500,31.686396484375,-0.022009849548339844,-0.03582260012626648,-0.2874419689178467
1789130082296398000,31.702398193359375,-0.38539695739746094,0.26739153265953064,0.1321423053741455
1789130082312402400,31.71840234375,0.43874359130859375,0.5727276802062988,-0.03706693649291992
1789130082328404700,31.73440478515625,-0.02237701416015625,0.4775775074958801,0.74576735496521
1789130082344405000,31.750405029296875,0.24988746643066406,0.09359627962112427,0.008295536041259766
1789130082360404700,31.76640478515625,0.3117666244506836,-0.2033376544713974,0.20408082008361816
1789130082376411600,31.78241162109375,-0.4042797088623047,0.48787280917167664,0.5294589996337891
1789130082392409600,31.79840966796875,0.21933460235595703,0.3343780040740967,0.4900023937225342
1789130082408405200,31.8144052734375,0.8571052551269531,-0.07845470309257507,-0.2789723873138428
1789130082424402000,31.83040185546875,-0.5055475234985352,0.6786156892776489,0.5802125930786133
1789130082440397600,31.8463974609375,0.42626285552978516,0.22116857767105103,0.6275148391723633
1789130082456394800,31.862394775390626,1.129897117614746,-0.3699887692928314,0.07059168815612793
1789130082472397300,31.878397216796873,0.026304244995117188,-0.8314762115478516,-0.13457751274108887
1789130082488395500,31.8943955078125,-0.6331148147583008,-0.17062735557556152,0.5343177318572998
1789130082504395300,31.910395263671877,0.19914817810058594,-0.14000862836837769,0.023366212844848633
1789130082520396500,31.926396484375,0.6523017883300781,0.26693978905677795,0.5924727916717529
1789130082536397000,31.94239697265625,0.3414478302001953,-0.25992605090141296,0.6708283424377441
1789130082552398600,31.958398681640624,0.2568206787109375,-0.1744399070739746,0.09092235565185547
1789130082568393200,31.974393310546876,-0.6494131088256836,-0.6396727561950684,-0.04465079307556152
1789130082584393200,31.990393310546875,-0.2773561477661133,-0.14691603183746338,-0.14156246185302734
1789130082600393200,32.006393310546876,-0.09068679809570312,-0.255988210439682,0.5478806495666504
1789130082616390400,32.02239038085938,1.020951271057129,-0.21115273237228394,0.6026511192321777
1789130082632389400,32.03838940429687,0.7862415313720703,-0.1273844838142395,-0.38851046562194824
1789130082648384000,32.05438403320313,-0.4924020767211914,-0.3633641302585602,-0.09607648849487305
1789130082664382500,32.07038256835938,-0.14664840698242188,-0.24870193004608154,0.226243257522583
1789130082680381200,32.08638110351563,0.3896465301513672,-0.589326798915863,0.3219730854034424
1789130082696372000,32.1023720703125,-0.20389270782470703,-0.5585708618164062,0.03847336769104004
1789130082712362200,32.1183623046875,0.41727352142333984,-0.6048562526702881,0.0569460391998291
1789130082728361500,32.134361572265625,0.11101341247558594,-0.30744826793670654,0.1616835594177246
1789130082744355800,32.15035595703125,-0.6157655715942383,0.1296258419752121,0.1343543529510498
1789130082760350500,32.1663505859375,-0.3621053695678711,0.07364878058433533,-0.6651780605316162
1789130082776342500,32.182342529296875,-1.4762821197509766,-0.019076243042945862,0.4740750789642334
1789130082792332800,32.19833276367188,0.20971012115478516,0.6608493328094482,-0.06379032135009766
1789130082808323600,32.21432348632813,0.8694620132446289,0.10051131248474121,-0.30974793434143066
1789130082824318200,32.230318115234375,-0.6971988677978516,-0.14180876314640045,0.22433710098266602
1789130082840313000,32.24631298828125,-0.42897796630859375,0.6439149379730225,0.25287461280822754
1789130082856308500,32.26230859375,0.19906997680664062,0.48389363288879395,0.11171126365661621
1789130082872302800,32.278302734375,0.17615127563476562,-0.20724426209926605,-0.4328892230987549
1789130082888294100,32.294294189453126,-0.7371358871459961,-0.12215445935726166,0.13695716857910156
1789130082904290600,32.31029052734375,0.2265911102294922,0.518349289894104,0.17582416534423828
1789130082920289500,32.32628955078125,0.3526744842529297,-0.11075429618358612,0.2850210666656494
1789130082936285400,32.34228540039062,-0.16722774505615234,-0.00919167697429657,-0.2007732391357422
1789130082960284400,32.36628442382813,-1.1888694763183594,0.37787801027297974,-0.3257942199707031
1789130082976281300,32.38228125,-0.3422355651855469,-0.23587723076343536,0.3706061840057373
1789130082992280300,32.3982802734375,0.5225162506103516,-0.571989119052887,-0.20331239700317383
1789130083008276000,32.41427587890625,-0.0675516128540039,-0.2524913549423218,0.10071158409118652
1789130083024275500,32.430275390625,-1.0699281692504883,0.02248762547969818,-0.06296110153198242
1789130083040279300,32.446279296875,-0.6420764923095703,-0.1581457108259201,0.31924939155578613
1789130083056286500,32.462286376953124,-0.6586360931396484,-0.1881967931985855,0.18637394905090332
1789130083072295200,32.47829516601563,-0.36766529083251953,-0.4634045362472534,0.40953540802001953
1789130083088301300,32.49430126953125,-0.25209999084472656,-0.0028028488159179688,0.20018434524536133
1789130083104303000,32.51030322265625,0.02460765838623047,-0.41967812180519104,-0.19475579261779785
1789130083120307700,32.5263076171875,-0.3268089294433594,-0.8516844511032104,-0.022702455520629883
1789130083136318500,32.542318359375,-0.7933473587036133,-0.24980661273002625,0.14892220497131348
1789130083152322000,32.55832202148437,-0.08271121978759766,0.09363587945699692,0.022803783416748047
1789130083168327000,32.574326904296875,0.28278255462646484,0.37642502784729004,-0.356076717376709
1789130083184331300,32.590331298828126,-0.4622793197631836,0.02377527952194214,0.12597393989562988
1789130083200337400,32.60633740234375,-0.030622482299804688,-0.7382756471633911,0.08020138740539551
1789130083216341200,32.62234130859375,-0.26837921142578125,-0.41907939314842224,0.4961690902709961
1789130083232341800,32.638341796875,0.8635368347167969,-0.5491380095481873,-0.24239230155944824
1789130083248342800,32.6543427734375,0.516261100769043,-0.23685704171657562,0.1864328384399414
1789130083264342300,32.67034228515625,-0.3462362289428711,0.08416727930307388,0.06349539756774902
1789130083280343000,32.686343017578125,0.5183181762695312,0.5436300039291382,0.23263835906982422
1789130083296342300,32.70234228515625,0.12865066528320312,0.17780980467796326,0.19022083282470703
1789130083312345600,32.718345703125,0.12477397918701172,-0.024113580584526062,0.08203315734863281
1789130083328351000,32.73435107421875,0.08934593200683594,-0.39174163341522217,0.10718607902526855
1789130083344358400,32.7503583984375,0.08767032623291016,-0.7493119239807129,-0.05457115173339844
1789130083360364500,32.76636450195313,-0.04240894317626953,0.0713954046368599,-0.18079090118408203
1789130083376372200,32.78237231445313,0.09328556060791016,-0.001422584056854248,0.39879822731018066
1789130083392381200,32.798381103515624,0.4350776672363281,-0.18060413002967834,-0.12357497215270996
1789130083408388900,32.81438891601562,-0.25438785552978516,0.2003934681415558,-0.023328542709350586
1789130083424389600,32.8303896484375,-0.5798139572143555,0.16086715459823608,0.019148588180541992
1789130083440387300,32.84638720703125,-0.12065601348876953,-0.2532162070274353,0.16902685165405273
1789130083456394500,32.86239453125,0.08969974517822266,-0.14393426477909088,-0.18436813354492188
1789130083472408800,32.87840893554687,-0.22670936584472656,0.13548392057418823,-0.22147417068481445
1789130083488415000,32.8944150390625,0.011941909790039062,0.39603549242019653,-0.10442590713500977
1789130083504422400,32.91042236328125,-0.2284698486328125,0.5181715488433838,0.2048499584197998
1789130083520432000,32.92643212890625,-0.03775787353515625,0.11677088588476181,-0.04644203186035156
1789130083536440600,32.94244067382812,-0.3515157699584961,0.05551678687334061,-0.17777061462402344
1789130083552446500,32.95844653320312,-0.3877449035644531,0.40834328532218933,0.11754179000854492
1789130083568447200,32.974447265625,-0.03710365295410156,0.9010018110275269,-0.24564266204833984
1789130083584453400,32.990453369140624,-0.12990093231201172,0.36193910241127014,0.31969308853149414
1789130083600458500,33.00645849609375,0.63275146484375,0.1884656399488449,-0.014824628829956055
1789130083616462000,33.022462158203126,-0.3992300033569336,-0.19209428131580353,-0.38573193550109863
1789130083632470000,33.038469970703126,-0.4782600402832031,-0.017955049872398376,-0.09124279022216797
1789130083648477700,33.054477783203126,0.34839344024658203,0.5374769568443298,-0.08616852760314941
1789130083664487000,33.07048681640625,-0.11727428436279297,0.7321192622184753,-0.25499439239501953
1789130083680494300,33.08649438476562,-0.37282848358154297,0.31831032037734985,0.2435145378112793
1789130083696500700,33.10250073242187,0.5631237030029297,0.550868570804596,-0.05037713050842285
1789130083712512000,33.11851196289062,0.12575244903564453,0.819251537322998,-0.16988658905029297
1789130083728525300,33.134525390625,0.13805294036865234,0.4871695041656494,-0.10616087913513184
1789130083744527600,33.15052758789062,-0.14116382598876953,0.20368614792823792,-0.159088134765625
1789130083760531500,33.16653149414063,0.08099842071533203,0.3361964821815491,-0.22206473350524902
1789130083784543000,33.19054296875,-0.015152931213378906,-0.04609014093875885,-0.21100306510925293
1789130083800548400,33.20654833984375,-0.24373435974121094,-0.2563348412513733,0.09213685989379883
1789130083816554500,33.22255444335938,0.1295032501220703,-0.31074023246765137,0.23273968696594238
1789130083832553500,33.23855346679687,-0.22104263305664062,-0.17485707998275757,-0.40032482147216797
1789130083848562000,33.25456201171875,-0.038199424743652344,-0.06129143387079239,-0.3247251510620117
1789130083864566500,33.27056640625,-0.008890151977539062,0.03648768737912178,-0.36720848083496094
1789130083880569600,33.28656958007812,-0.8137054443359375,-0.24673011898994446,-0.14898943901062012
1789130083896578600,33.30257861328125,-0.014332771301269531,-0.17877580225467682,-0.3267524242401123
1789130083912587000,33.3185869140625,0.08010196685791016,-0.19468283653259277,-0.21008944511413574
1789130083928595200,33.33459521484375,-0.0022678375244140625,-0.01800563931465149,-0.73602294921875
1789130083944600800,33.35060083007812,-0.21769332885742188,-0.07867756485939026,0.09935569763183594
1789130083960607500,33.366607421875,-0.2648649215698242,-0.25586479902267456,0.1661543846130371
1789130083976612900,33.38261279296875,0.08493518829345703,-0.0650821328163147,-0.679983377456665
1789130083992620500,33.39862060546875,0.09662532806396484,0.516130268573761,-0.16788935661315918
1789130084008628700,33.41462866210937,-0.04393768310546875,0.4264068901538849,0.13945770263671875
1789130084024640300,33.43064013671875,0.46028614044189453,0.7889848947525024,-0.19426417350769043
1789130084040652800,33.44665283203125,0.07734203338623047,0.8813215494155884,-0.31705474853515625
1789130084056655400,33.4626552734375,0.2694282531738281,0.7087633013725281,0.023406505584716797
1789130084072653300,33.4786533203125,0.5610427856445312,-0.050278857350349426,-0.34598350524902344
1789130084088656400,33.49465649414063,-0.2053995132446289,-0.106843002140522,-0.21794390678405762
1789130084104661200,33.5106611328125,-0.31891918182373047,-0.31590646505355835,-0.2603456974029541
1789130084120666400,33.526666259765626,-0.008081436157226562,-0.33932843804359436,-0.30348849296569824
1789130084136672500,33.54267260742188,0.08914470672607422,-0.3448689877986908,-0.20467877388000488
1789130084152674000,33.558674072265624,-0.05876350402832031,-0.9213382005691528,-0.3370676040649414
1789130084168673800,33.574673828125,0.14934349060058594,-0.9340009093284607,-0.41349101066589355
1789130084184675800,33.59067578125,0.1932525634765625,0.0693289041519165,0.0796196460723877
1789130084200676000,33.60667602539063,-0.08803462982177734,0.14843764901161194,0.021836042404174805
1789130084216675600,33.62267553710937,0.3708839416503906,0.15246424078941345,-0.2538645267486572
1789130084232676000,33.63867602539062,0.6108922958374023,0.3347110152244568,0.14026880264282227
1789130084248673000,33.654673095703124,0.605595588684082,0.5645371079444885,-0.20856380462646484
1789130084264674300,33.67067431640625,0.30774974822998047,-0.006300017237663269,-0.7179315090179443
1789130084280676000,33.686676025390625,-0.8134069442749023,-0.20041054487228394,-0.08870220184326172
1789130084296676600,33.702676513671875,-0.14510631561279297,0.6334404945373535,0.16801857948303223
1789130084312680000,33.71867993164062,0.4772911071777344,0.09942260384559631,-0.5022324323654175
1789130084328687900,33.73468798828125,0.3243093490600586,0.10838732123374939,-0.12462997436523438
1789130084344689700,33.75068969726563,-0.34580135345458984,0.5805103778839111,-0.4458400011062622
1789130084360694000,33.76669409179687,-0.3941497802734375,0.39588379859924316,-0.36069345474243164
1789130084376694300,33.7826943359375,-0.6231260299682617,0.19862529635429382,-0.5675754547119141
1789130084392694300,33.7986943359375,-0.22980117797851562,0.1650291383266449,-0.43363988399505615
1789130084408688600,33.814688720703124,0.2686767578125,0.057493001222610474,-0.327953577041626
1789130084424682200,33.83068212890625,-0.7990617752075195,0.7330519556999207,-0.25829505920410156
1789130084440683300,33.84668334960938,-0.019758224487304688,0.5716592669487,-0.6667435169219971
1789130084456680700,33.8626806640625,-0.2003030776977539,0.6521182060241699,0.3115534782409668
1789130084472683300,33.878683349609375,0.6079854965209961,0.8871651887893677,-0.5024509429931641
1789130084488684000,33.89468408203125,-0.48997974395751953,0.43022841215133667,0.030335187911987305
1789130084504684500,33.9106845703125,-0.6298732757568359,0.4173741340637207,0.2409961223602295
1789130084520687000,33.92668701171875,0.20787429809570312,0.3229902386665344,-0.24626469612121582
1789130084536687600,33.9426875,1.0835485458374023,0.3911454677581787,0.2928645610809326
1789130084552686800,33.95868676757812,0.9399271011352539,-0.40784212946891785,0.04381394386291504
1789130084568689200,33.97468920898437,0.27255916595458984,0.5982236266136169,-0.4658968448638916
1789130084584689000,33.99068896484375,-0.9686450958251953,0.6078827381134033,0.25689268112182617
1789130084600685800,34.00668579101563,0.7549057006835938,-0.27724704146385193,-0.3164011240005493
1789130084616686000,34.02268603515625,0.7972860336303711,0.22518029808998108,-0.05465126037597656
1789130084632685000,34.03868505859375,0.16502857208251953,0.12812790274620056,-0.49870598316192627
1789130084648679400,34.054679443359376,-0.18017005920410156,-0.5825933218002319,-0.46289920806884766
1789130084664683300,34.070683349609375,0.12458229064941406,0.04535561800003052,-0.2827397584915161
1789130084680682800,34.08668286132813,0.028070449829101562,-0.5375756025314331,0.2062394618988037
1789130084696681500,34.10268139648438,0.19999313354492188,-0.08420771360397339,0.1273512840270996
1789130084712676000,34.11867602539063,0.18510723114013672,0.5128143429756165,-0.5067058801651001
1789130084728672500,34.13467260742188,-0.7307748794555664,-0.24036699533462524,-0.6056835651397705
1789130084744669700,34.15066967773438,-2.6270599365234375,-0.2574407160282135,-0.8731980323791504
1789130084760671500,34.16667138671875,-0.6836977005004883,0.4969513416290283,-0.682086706161499
1789130084776672300,34.18267236328125,-0.439666748046875,1.633995532989502,0.17205595970153809
1789130084792668000,34.19866796875,-0.3572406768798828,-0.1268121600151062,0.8865318298339844
1789130084808670200,34.21467016601562,0.8905839920043945,-0.0190257728099823,0.6167831420898438
1789130084824675000,34.230675048828125,0.6134576797485352,-0.00951114296913147,-0.45375776290893555
1789130084840680400,34.24668041992187,-0.43798351287841797,-0.013102442026138306,-0.9225807189941406
1789130084856683500,34.26268359375,-1.0886335372924805,0.9567777514457703,0.28117823600769043
1789130084872683300,34.27868334960937,0.8277568817138672,0.7409994602203369,0.9701001644134521
1789130084888688400,34.2946884765625,1.7424488067626953,-0.7645780444145203,-0.4049363136291504
1789130084904686000,34.31068603515625,0.7362041473388672,-0.2654423117637634,-0.8565869331359863
1789130084920685300,34.326685302734376,-0.5145931243896484,-0.4388427436351776,0.14188909530639648
1789130084936681500,34.34268139648437,-0.08487129211425781,0.9937814474105835,-0.29469144344329834
1789130084952677000,34.358677001953126,-0.13131427764892578,-0.02035924792289734,-0.19578993320465088
1789130084968672300,34.37467236328125,1.056488037109375,0.9576137065887451,0.4399912357330322
1789130084984673300,34.39067333984375,1.4677047729492188,1.3467435836791992,-0.13171625137329102
1789130085000670500,34.40667041015625,0.615107536315918,-0.5511068105697632,-0.5321947336196899
1789130085016667600,34.422667724609376,-0.9984340667724609,-0.9706394672393799,0.44034743309020996
1789130085032660200,34.43866015625,-0.10214710235595703,0.21704772114753723,0.7272818088531494
1789130085048658000,34.45465795898438,0.9110698699951172,-0.0739784836769104,-0.664827823638916
1789130085064660500,34.47066040039063,0.009318351745605469,0.4737662374973297,-0.2072819471359253
1789130085080660500,34.486660400390626,-0.3716459274291992,0.36524632573127747,-0.03650832176208496
1789130085096658000,34.50265795898437,-0.8160057067871094,1.4306552410125732,-0.57069993019104
1789130085112651000,34.51865112304687,-0.9276523590087891,1.6283166408538818,-0.042318105697631836
1789130085128647700,34.53464770507812,-0.6660003662109375,0.3840002119541168,-0.5138890743255615
1789130085144649700,34.55064965820313,0.6010284423828125,-0.3758905231952667,0.09010004997253418
1789130085160650200,34.56665014648438,0.30742645263671875,-0.31917476654052734,-0.26198720932006836
1789130085176660000,34.58265991210938,0.9463462829589844,-0.7628579139709473,-0.6096348762512207
1789130085192666000,34.598666015625,-0.9651727676391602,-0.845118522644043,0.576549768447876
1789130085208673300,34.61467333984375,-0.7597951889038086,-1.0690025091171265,-0.27210748195648193
1789130085224671500,34.63067138671875,-0.2637672424316406,-0.7792495489120483,-0.1481410264968872
1789130085240671200,34.64667114257813,-0.7806453704833984,-0.7852878570556641,-0.3144264221191406
1789130085256673300,34.66267333984375,-0.7084646224975586,-0.5512384176254272,-0.4349946975708008
1789130085272667600,34.678667724609376,0.07137584686279297,-0.2649002969264984,-0.189530611038208
1789130085288665000,34.6946650390625,-0.6059532165527344,-0.263489693403244,-0.4484933614730835
1789130085304666000,34.710666015625,-0.37592315673828125,-1.3665978908538818,0.08237016201019287
1789130085320666600,34.72666650390625,-0.25173377990722656,-1.1009280681610107,-0.1910170316696167
1789130085336669400,34.74266943359375,-0.2034931182861328,-0.707816481590271,-0.31843364238739014
1789130085352671200,34.75867114257812,-0.6722946166992188,-0.08621162176132202,-0.21439433097839355
1789130085368675000,34.77467504882812,0.13278579711914062,-0.2649245262145996,-0.2837024927139282
1789130085384675600,34.79067553710937,0.39648914337158203,-1.1381752490997314,-0.5396058559417725
1789130085400679000,34.80667895507813,0.4204368591308594,0.7586193084716797,0.29848313331604004
1789130085416679000,34.822678955078125,0.042685508728027344,0.6164956092834473,0.535678505897522
1789130085432682500,34.8386826171875,-0.038125038146972656,0.004121541976928711,-0.24399900436401367
1789130085448682500,34.8546826171875,-0.16713237762451172,0.5065123438835144,0.1172710657119751
1789130085464684300,34.870684326171876,-0.3394937515258789,0.7136220335960388,-0.4774709939956665
1789130085480684800,34.886684814453126,0.23453044891357422,0.7081626057624817,-0.26525139808654785
1789130085496686600,34.9026865234375,0.30480384826660156,0.29879599809646606,0.5259299278259277
1789130085512694300,34.9186943359375,0.4339437484741211,0.5133584141731262,0.3193995952606201
1789130085528699400,34.93469946289063,0.4622669219970703,-0.21265923976898193,-0.41671717166900635
1789130085544705800,34.95070581054687,-0.2661552429199219,-0.3787635266780853,-0.23265326023101807
1789130085560709000,34.966709228515626,0.12565135955810547,0.03366604447364807,0.16316378116607666
1789130085576711000,34.9827109375,1.083104133605957,0.17274561524391174,0.2302762269973755
1789130085592714800,34.99871484375,-0.7223024368286133,0.31451642513275146,0.07534480094909668
1789130085608715800,35.0147158203125,0.30259037017822266,-0.0803932249546051,0.17454183101654053
1789130085624719400,35.03071923828125,0.4513835906982422,0.1950768679380417,-0.12082064151763916
1789130085640723500,35.04672338867187,0.03936481475830078,-0.1293509602546692,0.3247857093811035
1789130085656730400,35.06273046875,-0.08992481231689453,-0.3342827260494232,-0.015995025634765625
1789130085672740400,35.078740234375,0.1056070327758789,0.6865360736846924,0.04452216625213623
1789130085688751000,35.094751220703124,-0.3834543228149414,0.1734965592622757,-0.05022788047790527
1789130085704756700,35.1107568359375,-0.09583473205566406,-0.3373379707336426,0.12758708000183105
1789130085720765200,35.12676513671875,0.6318597793579102,-0.21433883905410767,-0.5251202583312988
1789130085736770000,35.14277001953125,-0.5132436752319336,0.17048151791095734,0.1374887228012085
1789130085752774100,35.15877416992188,-0.8722105026245117,-0.09792539477348328,-0.12193286418914795
1789130085768775700,35.17477563476562,0.0024118423461914062,-0.01524496078491211,-0.5693721771240234
1789130085784777000,35.19077685546875,0.1547384262084961,0.03118884563446045,0.7563977241516113
1789130085800779000,35.206779052734376,-0.05135059356689453,-0.09125062823295593,-0.09462618827819824
1789130085816786400,35.222786376953124,-0.3634939193725586,-0.04294970631599426,-0.5545929670333862
1789130085832789000,35.2387890625,-0.2351369857788086,-0.05998590588569641,0.03460109233856201
1789130085848790300,35.25479028320313,-0.45557594299316406,0.2132801115512848,-0.060254454612731934
1789130085864797000,35.270796875,0.06088066101074219,0.11383894085884094,0.1780235767364502
1789130085880807000,35.286806884765625,-0.3934612274169922,0.1058659553527832,-0.05427539348602295
1789130085896814300,35.302814453125,-0.45050907135009766,-0.3139456808567047,-0.01292121410369873
1789130085912815600,35.31881567382813,-0.12497901916503906,-0.4751916229724884,-0.05531013011932373
1789130085928812500,35.3348125,-0.16350460052490234,-0.21490204334259033,-0.7913062572479248
1789130085944812800,35.350812744140626,-0.8436279296875,-0.01830458641052246,0.20078778266906738
1789130085960812300,35.36681225585937,0.7655239105224609,0.08868604898452759,-0.23107552528381348
1789130085976812500,35.3828125,0.5832090377807617,0.04058000445365906,-0.2389366626739502
1789130085992812500,35.3988125,-0.6511678695678711,-0.057947367429733276,0.2591322660446167
1789130086008814000,35.41481396484375,0.570399284362793,-0.09069103002548218,-0.33228111267089844
1789130086024815000,35.43081518554688,0.08702754974365234,-0.0849488377571106,0.19335997104644775
1789130086040814600,35.44681469726562,0.1064291000366211,0.26605552434921265,0.33991801738739014
1789130086056813000,35.46281298828125,0.4274883270263672,-0.2901655435562134,-0.05498075485229492
1789130086072812500,35.4788125,0.1792144775390625,-0.2420281171798706,0.19437634944915771
1789130086088809000,35.49480908203125,0.4000205993652344,0.2090488225221634,0.25415468215942383
1789130086104809200,35.510809326171874,0.08904170989990234,0.19095489382743835,-0.05820298194885254
1789130086120804400,35.526804443359374,-0.37003517150878906,-0.15649831295013428,-0.07607662677764893
1789130086136799500,35.542799560546875,0.3049201965332031,-0.009025663137435913,0.23601627349853516
1789130086152799700,35.5587998046875,0.6257381439208984,0.0716279149055481,-0.06098365783691406
1789130086168804000,35.57480419921875,-0.2787160873413086,0.33998438715934753,0.04079604148864746
1789130086184808200,35.59080810546875,0.03289985656738281,0.36460572481155396,0.39257025718688965
1789130086200815000,35.60681518554688,-0.07687759399414062,0.3680000603199005,0.01708245277404785
1789130086216818000,35.62281787109375,0.0002593994140625,0.3463095426559448,-0.12958455085754395
1789130086232822800,35.63882275390625,0.019384384155273438,0.35926011204719543,-0.019565820693969727
1789130086248829700,35.65482958984375,-0.2781867980957031,0.417961061000824,-0.256252646446228
1789130086264833000,35.6708330078125,-0.2833261489868164,-0.038686156272888184,-0.0728905200958252
1789130086280837000,35.686837158203126,-0.16869831085205078,0.3353496491909027,0.2015836238861084
1789130086296841200,35.70284130859375,0.5967311859130859,0.2518620789051056,-0.5174829959869385
1789130086312847600,35.71884765625,-0.19344806671142578,-0.18066754937171936,0.5648702383041382
1789130086328854500,35.7348544921875,0.15484619140625,0.5552080869674683,-0.5409848690032959
1789130086344860700,35.750860595703124,-0.5690898895263672,0.42100250720977783,0.030693769454956055
1789130086360861200,35.766861083984374,0.3642730712890625,0.4573596715927124,0.35948991775512695
1789130086376863500,35.782863525390624,0.9002456665039062,0.14692115783691406,-0.267541766166687
1789130086392861000,35.79886083984375,-0.680079460144043,-0.0648009181022644,0.1194605827331543
1789130086408865000,35.814864990234376,-0.6029691696166992,0.7965961694717407,-0.006144165992736816
1789130086424863700,35.83086376953125,-0.3052835464477539,0.4422914385795593,0.06344783306121826
1789130086440864000,35.846864013671876,0.028429031372070312,-0.048521846532821655,0.24970519542694092
1789130086456855000,35.86285498046875,-0.12076091766357422,0.08622480183839798,0.06996631622314453
1789130086472849000,35.87884887695313,-0.6491012573242188,-0.18467828631401062,0.21616125106811523
1789130086488853000,35.89485302734375,-0.44667911529541016,0.045788928866386414,0.5738983154296875
1789130086504855000,35.91085498046875,0.3361015319824219,0.2790425717830658,0.4494924545288086
1789130086520860000,35.92685986328125,-0.07829952239990234,0.11138324439525604,0.4608192443847656
1789130086544866600,35.95086645507813,-0.23907947540283203,-0.19898107647895813,-0.040643930435180664
1789130086560869000,35.966869140625,-0.20327186584472656,-0.18301640450954437,0.23467111587524414
1789130086576870000,35.98286987304687,-0.5295782089233398,0.11851097643375397,0.45954275131225586
1789130086592870000,35.99886987304688,-0.00365447998046875,0.00048436224460601807,0.14429545402526855
1789130086608867300,36.014867431640624,0.6048545837402344,-0.15185140073299408,0.1898491382598877
1789130086624866600,36.030866455078126,-0.40740489959716797,-0.008967950940132141,0.5410571098327637
1789130086640865300,36.046865234375,-0.5299892425537109,-0.04656824469566345,0.13511300086975098
1789130086656862000,36.06286206054688,-0.09606742858886719,0.30171823501586914,0.12292003631591797
1789130086672858000,36.078858154296874,-0.4565553665161133,0.16406035423278809,0.569143533706665
1789130086688857300,36.094857421875,0.1401996612548828,-0.7340224385261536,0.06009483337402344
1789130086704852200,36.11085229492188,-0.2796592712402344,-0.7394581437110901,0.34746503829956055
1789130086720852000,36.12685205078125,-0.45104503631591797,0.14006474614143372,0.2918262481689453
1789130086736850400,36.14285034179687,0.10631275177001953,-0.42847949266433716,0.05004429817199707
1789130086752851500,36.1588515625,0.1840648651123047,-0.24213740229606628,0.2949552536010742
1789130086768852000,36.17485205078125,0.061446189880371094,0.15860573947429657,0.15395617485046387
1789130086784847000,36.19084716796875,0.09229373931884766,0.284963995218277,0.012020587921142578
1789130086800839700,36.206839599609374,0.2624244689941406,-0.028506003320217133,0.43337011337280273
1789130086816829400,36.222829345703126,0.5790958404541016,-0.3807777762413025,0.2741875648498535
1789130086832826000,36.238826171875,-0.1676788330078125,-0.5846792459487915,-0.1418461799621582
1789130086848828000,36.254827880859374,-0.23012256622314453,-0.06752096861600876,0.25313258171081543
1789130086864833800,36.27083374023437,0.2686471939086914,0.16175931692123413,0.21874403953552246
1789130086880838700,36.286838623046876,-0.2195587158203125,-0.48561668395996094,0.10991382598876953
1789130086896842000,36.30284204101562,-0.08362960815429688,0.044501952826976776,-0.18889546394348145
1789130086912844800,36.3188447265625,-0.47368526458740234,0.01242266595363617,0.031514883041381836
1789130086928847000,36.33484716796875,0.48981666564941406,0.17067593336105347,0.12839770317077637
1789130086944846800,36.35084692382812,0.27015018463134766,0.39713871479034424,0.28913164138793945
1789130086960851500,36.3668515625,-0.5092182159423828,0.17156203091144562,0.21321702003479004
1789130086976855300,36.38285522460937,-0.26784420013427734,0.22590133547782898,0.029184579849243164
1789130086992855600,36.39885546875,0.26471996307373047,0.23110143840312958,0.2601137161254883
1789130087008860400,36.4148603515625,0.1607351303100586,0.6021489500999451,0.15463709831237793
1789130087024861200,36.430861083984375,-0.014006614685058594,-0.10344970226287842,0.3708317279815674
1789130087040862500,36.44686254882812,0.25620460510253906,0.3900132477283478,-0.03883051872253418
1789130087056868600,36.46286865234375,-0.13391876220703125,0.28920191526412964,-0.07182908058166504
1789130087072877600,36.47887768554688,-0.14040756225585938,0.08213284611701965,0.11827540397644043
1789130087088883500,36.494883544921876,0.10051727294921875,0.08015541732311249,0.12254691123962402
1789130087104887000,36.51088696289062,-0.3622474670410156,-0.12851408123970032,-0.09418129920959473
1789130087120889000,36.52688916015625,-0.39903831481933594,-0.19286182522773743,0.03441190719604492
1789130087136891000,36.54289086914063,-0.29354095458984375,-0.039752960205078125,-0.01879119873046875
1789130087152893200,36.55889306640625,-0.641845703125,-0.31506145000457764,-0.20035529136657715
1789130087168893700,36.57489379882813,-0.232513427734375,-0.4484865665435791,0.4476897716522217
1789130087184896000,36.59089599609375,-0.0876779556274414,-0.07890146970748901,0.02705979347229004
1789130087200896000,36.60689599609375,-0.47824573516845703,-0.3165047764778137,0.20193767547607422
1789130087216902700,36.62290258789063,-0.25608158111572266,-0.2906564176082611,-0.005606889724731445
1789130087232902700,36.63890258789063,-0.20167064666748047,-0.3683035969734192,-0.07845258712768555
1789130087248905500,36.65490551757812,-0.2655010223388672,0.3649005889892578,0.2602121829986572
1789130087264909600,36.67090966796875,0.7389917373657227,-0.01144099235534668,0.008272171020507812
1789130087280907500,36.686907470703126,0.19210433959960938,-0.18649448454380035,0.14867687225341797
1789130087296907500,36.702907470703124,-0.13617324829101562,0.33882996439933777,0.32825136184692383
1789130087312905500,36.71890551757812,0.07231426239013672,-0.6015108823776245,0.046601295471191406
1789130087328904000,36.73490405273437,0.00264739990234375,-0.16165778040885925,0.17345070838928223
1789130087344900000,36.750900146484376,0.1153554916381836,-0.18655315041542053,0.43300867080688477
1789130087368892000,36.774891845703124,0.46800708770751953,-0.3408467173576355,0.24074625968933105
1789130087384891600,36.7908916015625,-0.08094120025634766,-0.3546741008758545,0.2015676498413086
1789130087400893400,36.8068935546875,-0.2691688537597656,0.3077464699745178,0.23893475532531738
1789130087416894000,36.82289404296875,0.12322425842285156,0.13500124216079712,0.03327131271362305
1789130087432900000,36.83890014648438,0.1434803009033203,-0.6897388100624084,0.010473251342773438
1789130087448909600,36.85490966796875,-0.8811559677124023,0.5923261642456055,-0.10975050926208496
1789130087464921000,36.870921142578126,0.01023101806640625,0.4864768385887146,0.46241283416748047
1789130087480931300,36.88693139648438,1.2900829315185547,-0.2962552011013031,0.03176259994506836
1789130087496940300,36.902940185546875,0.051550865173339844,-0.2217293381690979,0.38540053367614746
1789130087512949000,36.91894897460938,-0.12102413177490234,-0.45463767647743225,-0.18851971626281738
1789130087528953300,36.93495336914062,-0.3502635955810547,0.16204817593097687,0.15424752235412598
1789130087544957700,36.95095776367187,0.34937286376953125,0.07960347831249237,0.3727583885192871
1789130087560961800,36.9669619140625,0.6612129211425781,0.47102561593055725,0.4186692237854004
1789130087576963000,36.982963134765626,0.5076627731323242,-0.1956639587879181,0.04138755798339844
1789130087592968700,36.99896875,-0.3015308380126953,-0.2321157306432724,0.29491400718688965
1789130087608972800,37.014972900390624,0.057806968688964844,0.1964566707611084,0.40908098220825195
1789130087624976000,37.03097583007813,-0.15732860565185547,-0.02471259981393814,-0.09484481811523438
1789130087640976600,37.0469765625,-0.041092872619628906,-0.3720725178718567,0.16896533966064453
1789130087656985300,37.0629853515625,0.0271148681640625,0.048727210611104965,0.2895026206970215
1789130087672991200,37.0789912109375,-0.14877605438232422,0.035395797342061996,0.13696002960205078
1789130087688995000,37.0949951171875,0.1919851303100586,0.012826889753341675,-0.22465181350708008
1789130087705001000,37.1110009765625,-0.15634727478027344,-0.2778887450695038,0.3700103759765625
1789130087721011000,37.12701098632812,-0.6126232147216797,-0.15270261466503143,0.5890836715698242
1789130087737017900,37.14301782226563,0.8302440643310547,-0.05481420457363129,-0.4212217330932617
1789130087761026800,37.16702685546875,-0.41840457916259766,0.51779705286026,0.3749501705169678
1789130087777033000,37.18303295898438,-0.34573936462402344,0.5132871270179749,0.07061100006103516
1789130087793031400,37.19903149414063,-0.6353521347045898,-0.42391979694366455,-0.0665287971496582
1789130087809038600,37.21503857421875,-0.1374053955078125,-0.1555446833372116,0.44120264053344727
1789130087825046500,37.231046630859375,0.5012845993041992,0.30749794840812683,0.24857616424560547
1789130087849064400,37.255064453125,0.3486194610595703,0.30926433205604553,-0.12203574180603027
1789130087865075200,37.2710751953125,0.05609607696533203,0.2625865936279297,-0.2834293842315674
1789130087881080800,37.287080810546875,0.28087902069091797,0.2920982837677002,0.10515022277832031
1789130087897079000,37.3030791015625,0.4962024688720703,0.15865272283554077,-0.10998702049255371
1789130087913082600,37.31908251953125,0.3572120666503906,0.6580051183700562,0.019591093063354492
1789130087937087000,37.3430869140625,0.15540027618408203,-0.016577184200286865,-0.3229360580444336
1789130087953097000,37.359096923828126,-0.5682954788208008,-0.13880786299705505,0.023805618286132812
1789130087969109500,37.37510961914062,0.1684560775756836,0.0908966213464737,-0.0985877513885498
1789130087985124400,37.39112426757813,0.18106651306152344,0.209205761551857,0.05540037155151367
1789130088001137700,37.4071376953125,0.14548873901367188,0.20207080245018005,-0.3688979148864746
1789130088017149400,37.4231494140625,-0.06769657135009766,-0.6647036671638489,-0.0734407901763916
1789130088033160400,37.43916040039063,0.3823432922363281,-0.17905452847480774,-0.24909472465515137
1789130088049169400,37.45516943359375,0.17196178436279297,-0.2079973816871643,-0.22943830490112305
1789130088065172700,37.4711728515625,-0.27335548400878906,-0.28855565190315247,-0.20884180068969727
1789130088081181200,37.48718115234375,0.14214515686035156,-0.11277860403060913,-0.3089158535003662
1789130088097186000,37.50318603515625,-0.12659645080566406,-0.24928951263427734,-0.20006871223449707
1789130088113194200,37.5191943359375,-0.31612586975097656,-0.03724828362464905,0.21624183654785156
1789130088129198600,37.53519848632813,0.7705621719360352,-0.04105214774608612,-0.46088671684265137
1789130088145202700,37.55120263671875,-0.4959726333618164,-0.3104226291179657,-0.44586968421936035
1789130088161204500,37.56720458984375,-0.4608297348022461,-0.26338550448417664,-0.08538627624511719
1789130088177205200,37.58320532226563,-0.013391494750976562,0.14666341245174408,0.02921319007873535
1789130088193213000,37.599212890625,0.3145303726196289,-0.14353249967098236,-0.3022034168243408
1789130088209219600,37.61521948242188,0.41669368743896484,-0.07523666322231293,-0.12364006042480469
1789130088225227500,37.6312275390625,-0.2479085922241211,-0.21410509943962097,-0.49362754821777344
1789130088241240600,37.64724047851563,-0.032958984375,-0.1581878364086151,-0.42742443084716797
1789130088257250000,37.66325,0.5609378814697266,-0.3105921745300293,-0.3393285274505615
1789130088273254000,37.67925390625,0.060112953186035156,-0.0869709849357605,-0.16417360305786133
1789130088289262000,37.695261962890626,0.014222145080566406,0.2525777816772461,-0.1563878059387207
1789130088305270500,37.7112705078125,0.2770261764526367,0.17486748099327087,-0.46794939041137695
1789130088321281800,37.72728173828125,-0.13921356201171875,0.08637958765029907,0.3093085289001465
1789130088337290500,37.74329052734375,0.2916421890258789,-0.06072594225406647,-0.14687037467956543
1789130088353293300,37.759293212890626,0.25342369079589844,-0.2684774398803711,-0.5029637813568115
1789130088369295600,37.775295654296876,-0.3728914260864258,-0.03861252963542938,0.1294410228729248
1789130088385299000,37.791298828125,0.09797096252441406,0.29641658067703247,0.08890700340270996
1789130088401305900,37.807305908203126,0.32071590423583984,0.228983536362648,-0.4959523677825928
1789130088417313500,37.8233134765625,-0.40482330322265625,0.007491737604141235,-0.02190995216369629
1789130088433323500,37.83932348632813,0.05695152282714844,0.2837664484977722,-0.29883360862731934
1789130088449328000,37.855328125,-0.21546268463134766,0.01791493594646454,-0.6994868516921997
1789130088465340400,37.87134033203125,-0.41899871826171875,-0.18946853280067444,0.18589258193969727
1789130088481349000,37.88734912109375,-0.038420677185058594,0.17413465678691864,-0.05360531806945801
1789130088497354800,37.903354736328126,0.00318145751953125,0.06378376483917236,-0.1676170825958252
1789130088513361700,37.91936157226562,-0.35689449310302734,0.02864903211593628,-0.053969383239746094
1789130088529366500,37.935366455078125,0.1397991180419922,0.1578098088502884,-0.11601853370666504
1789130088545374000,37.9513740234375,-0.20646953582763672,-0.04634125530719757,-0.31634092330932617
1789130088561381400,37.96738134765625,0.2990903854370117,0.30329298973083496,0.04066109657287598
1789130088577386000,37.98338598632812,0.2966470718383789,0.059195443987846375,-0.12703371047973633
1789130088593394200,37.999394287109375,0.0831441879272461,0.3703719675540924,-0.1547107696533203
1789130088609403600,38.01540356445312,-0.2866344451904297,0.19300079345703125,0.07420897483825684
1789130088625412400,38.03141235351563,0.5204076766967773,0.1464918553829193,-0.7071812152862549
1789130088641422600,38.04742260742187,-0.15244007110595703,-0.2352284938097,-0.0030591487884521484
1789130088657432600,38.0634326171875,0.0972909927368164,-0.06176343560218811,-0.05429983139038086
1789130088729481700,38.13548168945312,-0.5137567520141602,0.4241752624511719,-0.17558574676513672
1789130088745492000,38.151491943359375,-0.21907520294189453,0.6358558535575867,-0.0660860538482666
1789130088761497600,38.16749755859375,0.27126312255859375,0.12517905235290527,-0.29854893684387207
1789130088785507000,38.191507080078125,-0.06660175323486328,-0.056759417057037354,-0.24454760551452637
1789130088801516000,38.20751611328125,-0.3793478012084961,-0.17286930978298187,0.0775291919708252
1789130088817516000,38.22351611328125,0.2510232925415039,0.010372668504714966,-0.05906057357788086
1789130088833518600,38.2395185546875,-0.5122060775756836,0.334652841091156,-0.4249461889266968
1789130088849524200,38.25552416992188,0.21397876739501953,0.30025947093963623,0.2709927558898926
1789130088865532400,38.27153247070312,0.3036518096923828,-0.15941543877124786,-0.19799494743347168
1789130088881538300,38.28753833007813,-0.22922801971435547,-0.021665677428245544,-0.16878962516784668
1789130088897546000,38.3035458984375,-0.4455757141113281,0.44597727060317993,-0.20390534400939941
1789130088913555000,38.319554931640624,-0.2605171203613281,0.2581135034561157,-0.05867481231689453
1789130088929564700,38.335564697265625,-0.41457653045654297,0.1270727664232254,0.12609124183654785
1789130088945574700,38.35157470703125,0.04446125030517578,0.4889780879020691,-0.001332998275756836
1789130088961581800,38.36758178710937,0.10100746154785156,0.18024185299873352,-0.026985883712768555
1789130088977595100,38.38359521484375,-0.41617774963378906,-0.193537175655365,-0.1373445987701416
1789130088993609200,38.399609130859375,-0.7319869995117188,-0.3543517291545868,0.06239819526672363
1789130089009617200,38.4156171875,-0.44997406005859375,0.5321062803268433,0.14998245239257812
1789130089025625900,38.4316259765625,0.019208908081054688,0.34639739990234375,0.13084125518798828
1789130089041630200,38.44763012695312,0.43677711486816406,-0.18210896849632263,-0.5724501609802246
1789130089057640400,38.463640380859374,-0.35481929779052734,0.6811946034431458,0.26242947578430176
1789130089073650200,38.479650146484374,0.17221736907958984,0.482786625623703,-0.18384122848510742
1789130089089658000,38.495658203125,0.1339740753173828,0.0087820366024971,-0.3560023307800293
1789130089105665800,38.511665771484374,0.4919624328613281,0.6930894255638123,0.0516819953918457
1789130089121672700,38.52767260742188,0.19878101348876953,0.3824593126773834,-0.09570980072021484
1789130089137675300,38.54367529296875,0.2563505172729492,0.37365174293518066,0.055520057678222656
1789130089153680000,38.55967993164062,0.017328262329101562,0.517865002155304,0.17710280418395996
1789130089169683200,38.57568310546875,-0.3254985809326172,0.6251607537269592,-0.06466150283813477
1789130089185685200,38.591685302734376,0.06474876403808594,0.37490588426589966,-0.30237722396850586
1789130089201687300,38.607687255859375,-0.22153282165527344,0.3539271950721741,0.39441442489624023
1789130089217692000,38.62369189453125,0.09508705139160156,0.41956937313079834,-0.19420742988586426
1789130089233701400,38.639701416015626,0.014540672302246094,0.3487783670425415,0.07069993019104004
1789130089249707000,38.65570703125,-0.3820457458496094,0.1793084442615509,0.03525567054748535
1789130089265710000,38.6717099609375,-0.2132883071899414,0.19151365756988525,-0.04778480529785156
1789130089281711000,38.68771118164062,0.6067276000976562,0.30933678150177,0.13766837120056152
1789130089297716000,38.703716064453126,-0.12297630310058594,0.7175342440605164,-0.1463606357574463
1789130089313716700,38.719716796875,-0.3889350891113281,0.5430545210838318,0.008800745010375977
1789130089329718300,38.73571826171875,-0.3196392059326172,0.29057812690734863,0.20168304443359375
1789130089345717500,38.751717529296876,-0.11482048034667969,0.6003230214118958,-0.17183804512023926
1789130089361719800,38.7677197265625,0.08100700378417969,0.15450119972229004,-0.09907746315002441
1789130089377721600,38.7837216796875,0.1776266098022461,-0.14707118272781372,0.3630037307739258
1789130089393725700,38.7997255859375,-0.11045646667480469,0.325320303440094,0.07770371437072754
1789130089409730800,38.81573071289063,-0.10538959503173828,0.24924570322036743,0.19269967079162598
1789130089425735200,38.83173510742188,-0.06073570251464844,0.18382984399795532,0.18913507461547852
1789130089441736200,38.84773608398437,0.12241649627685547,-0.15941697359085083,0.4843606948852539
1789130089457734100,38.86373413085938,-0.15378761291503906,-0.13897943496704102,0.011550426483154297
1789130089473734700,38.87973461914063,-0.49175357818603516,0.2393432855606079,0.1468029022216797
1789130089489732900,38.89573291015625,0.038680076599121094,0.09516489505767822,-0.19443655014038086
1789130089505733600,38.91173364257813,-0.2634429931640625,-0.20924997329711914,0.13799476623535156
1789130089521737200,38.9277373046875,-0.12998008728027344,0.3793143630027771,0.029699087142944336
1789130089537740300,38.943740234375,-0.35129547119140625,0.18734705448150635,0.06772041320800781
1789130089553733600,38.95973364257812,-0.00923919677734375,0.0018799901008605957,0.00153350830078125
1789130089569730600,38.97573046875,-0.4796333312988281,-0.07806068658828735,0.22795534133911133
1789130089585728500,38.991728515625,-0.046311378479003906,-0.2580098509788513,0.24663066864013672
1789130089601727500,39.0077275390625,0.31067371368408203,-0.2129281759262085,0.05358719825744629
1789130089617724000,39.02372387695313,-0.3908205032348633,-0.04453003406524658,0.39160680770874023
1789130089633727000,39.03972705078125,0.07578468322753906,-0.3744577169418335,0.29991579055786133
1789130089649730300,39.05573022460938,0.06372833251953125,-0.35035091638565063,0.1454610824584961
1789130089665732400,39.071732421875,-0.33629417419433594,-0.4570728540420532,0.22484207153320312
1789130089681730000,39.08772998046875,-0.2665901184082031,-0.5247582793235779,0.2466416358947754
1789130089697731600,39.10373168945313,-0.28349971771240234,-0.1525028944015503,0.20990562438964844
1789130089713730300,39.11973022460938,-0.28000736236572266,-0.08506608009338379,0.7472836971282959
1789130089729731800,39.13573193359375,-0.10396289825439453,-0.2614132761955261,0.019803762435913086
1789130089745735000,39.15173486328125,0.5244655609130859,0.12706148624420166,0.861243724822998
1789130089761738200,39.16773828125,0.9236240386962891,0.2163209319114685,1.5543529987335205
1789130089777741000,39.183740966796876,2.043210029602051,0.3405790328979492,0.10688924789428711
1789130089793747000,39.199746826171875,0.6107540130615234,0.030595362186431885,-0.10165143013000488
1789130089809756000,39.215755859375,-0.7551336288452148,-0.7730389833450317,0.38599133491516113
1789130089825763300,39.23176342773438,0.2760782241821289,0.09245169162750244,1.3871691226959229
1789130089841767200,39.24776708984375,2.1335229873657227,-0.07145529985427856,0.8912148475646973
1789130089857774000,39.263774169921874,1.6423969268798828,0.38505351543426514,0.8829934597015381
1789130089873778200,39.27977807617187,0.6864023208618164,-0.41415250301361084,0.4744553565979004
1789130089889779700,39.29577978515625,-0.4078254699707031,-1.1274635791778564,0.2583608627319336
1789130089905786400,39.31178637695312,-0.08369159698486328,0.034743428230285645,0.35958123207092285
1789130089921793800,39.32779370117188,0.25155067443847656,0.04078078269958496,0.9444661140441895
1789130089937797400,39.34379736328125,0.8592805862426758,0.2096724510192871,0.6803832054138184
1789130089953803300,39.35980322265625,0.7566337585449219,0.1354009509086609,0.002450227737426758
1789130089969814000,39.37581396484375,-0.4482564926147461,-0.31892669200897217,-0.47037243843078613
1789130089985824000,39.39182397460937,-1.330885887145996,0.07945215702056885,0.10007452964782715
1789130090001833500,39.40783349609375,-0.8389139175415039,0.14788216352462769,0.022728681564331055
1789130090017843200,39.42384326171875,-0.48958873748779297,0.06637346744537354,-0.1997368335723877
1789130090033856000,39.43985595703125,-0.30794429779052734,0.14412444829940796,-0.0997617244720459
1789130090049866000,39.45586596679688,-0.30028247833251953,0.153830885887146,0.38323450088500977
1789130090065875700,39.47187573242188,0.2064228057861328,0.59196537733078,-0.5282299518585205
1789130090081885200,39.48788525390625,0.16849994659423828,-0.9028885960578918,0.17158842086791992
1789130090097895000,39.50389501953125,-0.3614225387573242,-1.1818861961364746,0.40265774726867676
1789130090113898500,39.5198984375,-0.9459381103515625,0.13250058889389038,-0.16161131858825684
1789130090129902000,39.53590209960937,-0.8267087936401367,-0.4787517786026001,0.2853872776031494
1789130090145913600,39.55191357421875,-0.2874479293823242,-0.260064959526062,-0.3214759826660156
1789130090161928700,39.5679287109375,-0.46115589141845703,-0.18505936861038208,0.08025789260864258
1789130090177937000,39.58393701171875,0.007372856140136719,0.07748663425445557,-0.09976911544799805
1789130090193948200,39.5999482421875,-0.543757438659668,0.007745862007141113,0.12226152420043945
1789130090209955800,39.61595581054687,-1.094273567199707,0.340481162071228,0.19366097450256348
1789130090225960400,39.63196044921875,-0.04558563232421875,-0.15236496925354004,-0.19037246704101562
1789130090241966300,39.64796630859375,-0.27056121826171875,0.2803966999053955,0.12590646743774414
1789130090257973800,39.66397387695312,-0.681269645690918,0.33902227878570557,0.3528158664703369
1789130090273974000,39.67997412109375,-0.047641754150390625,0.6416546106338501,-0.03271365165710449
1789130090289975800,39.695975830078126,-0.8123855590820312,0.1428745985031128,0.1606922149658203
1789130090305974000,39.71197412109375,-1.0493459701538086,0.12140905857086182,-0.07491707801818848
1789130090321968000,39.72796801757813,-0.5629177093505859,0.4725710153579712,0.6561393737792969
1789130090337960200,39.743960205078125,-0.3968954086303711,0.35079336166381836,0.14539885520935059
1789130090353960200,39.75996020507812,-0.2455282211303711,0.06802105903625488,0.26243090629577637
1789130090369960700,39.77596069335937,-0.43648433685302734,0.08138883113861084,0.44916343688964844
1789130090385965800,39.7919658203125,-0.5161447525024414,0.0668708086013794,0.688223123550415
1789130090401967600,39.807967529296874,0.15378761291503906,0.04873073101043701,0.37662649154663086
1789130090417970400,39.82397045898438,0.24125099182128906,0.19884204864501953,0.5355651378631592
1789130090433976600,39.8399765625,-0.3154335021972656,-0.03720235824584961,0.5675506591796875
1789130090449992400,39.85599243164062,0.18409156799316406,-0.3092104196548462,0.19176173210144043
1789130090466007800,39.8720078125,-0.2356128692626953,-0.017235398292541504,0.5059242248535156
1789130090482016000,39.88801611328125,0.08325958251953125,-0.25321149826049805,0.4231870174407959
1789130090498022000,39.90402197265625,0.4484138488769531,-0.26503872871398926,0.40822649002075195
1789130090514024200,39.920024169921874,-0.2605266571044922,0.08602190017700195,0.7670209407806396
1789130090530026800,39.93602685546875,0.03113079071044922,-0.07720959186553955,0.5287270545959473
1789130090546027000,39.952027099609374,0.4082603454589844,0.23990726470947266,0.2794797420501709
1789130090562029300,39.968029296875,-0.2248401641845703,0.1945476531982422,0.5866618156433105
1789130090578038000,39.9840380859375,0.15767669677734375,-0.04157876968383789,0.2563164234161377
1789130090594040300,40.00004028320313,-0.02565479278564453,0.19266033172607422,0.49871277809143066
1789130090610040600,40.01604052734375,0.30617427825927734,0.29244160652160645,0.5953178405761719
1789130090626043000,40.03204296875,0.4784088134765625,0.08001816272735596,0.1699833869934082
1789130090642049500,40.04804956054687,0.16399097442626953,0.04077422618865967,0.5011498928070068
1789130090658052600,40.064052490234374,0.03055095672607422,0.3926279544830322,0.5386466979980469
1789130090674051300,40.08005126953125,0.07642936706542969,0.29527413845062256,0.3595762252807617
1789130090690054100,40.09605419921875,0.24575233459472656,0.2496182918548584,0.1388225555419922
1789130090706057500,40.11205737304687,0.24288082122802734,0.2733415365219116,0.32546305656433105
1789130090722058200,40.128058349609375,0.02900409698486328,0.4280151128768921,0.4310147762298584
1789130090738060500,40.144060546875,0.2551698684692383,0.13815736770629883,0.16892743110656738
1789130090754067200,40.16006713867188,-0.017378807067871094,-0.11907541751861572,0.19160866737365723
1789130090770067700,40.17606762695313,-0.2739429473876953,0.16345882415771484,0.2680068016052246
1789130090786067700,40.192067626953126,0.4043388366699219,0.013115286827087402,0.461961030960083
1789130090802063600,40.20806372070312,-0.021485328674316406,0.832636833190918,0.6239266395568848
1789130090826064400,40.232064453125,0.16356658935546875,0.9021990299224854,0.7274265289306641
1789130090842066700,40.248066650390626,0.9198770523071289,0.2457442283630371,0.3325181007385254
1789130090858069200,40.2640693359375,0.454833984375,0.22664475440979004,0.13706636428833008
1789130090874072800,40.28007275390625,-0.1171407699584961,0.48865580558776855,0.5190300941467285
1789130090890075100,40.2960751953125,0.4030733108520508,0.6182277202606201,0.5546078681945801
1789130090906081500,40.31208154296875,0.9410820007324219,0.7812379598617554,0.25869035720825195
1789130090922088000,40.328087890625,0.05778217315673828,0.4201650619506836,0.5554690361022949
1789130090938096600,40.3440966796875,0.5249509811401367,0.6023809909820557,-0.07091426849365234
1789130090954112300,40.3601123046875,0.1978292465209961,1.1854716539382935,0.41774702072143555
1789130090970122800,40.37612280273437,0.525731086730957,1.0048516988754272,0.29039788246154785
1789130090986140400,40.392140380859374,0.33168697357177734,0.9105780124664307,0.249420166015625
1789130091002149400,40.4081494140625,0.5880231857299805,0.9386990070343018,-0.1405651569366455
1789130091018156500,40.424156494140625,-0.1785259246826172,0.7887301445007324,0.023219585418701172
1789130091034165000,40.4401650390625,-0.3444709777832031,0.4405021667480469,0.2045905590057373
1789130091058173000,40.4641728515625,0.07675457000732422,0.5771037340164185,-0.09453225135803223
1789130091074178800,40.4801787109375,0.04508018493652344,0.7975647449493408,-0.08186173439025879
1789130091090179800,40.496179931640626,-0.02376270294189453,0.4231705665588379,-0.22281312942504883
1789130091106183200,40.51218310546875,0.06786251068115234,0.429901123046875,-0.34325075149536133
1789130091122186800,40.52818676757813,0.2340383529663086,0.4207620620727539,-0.13026809692382812
1789130091138193700,40.54419360351562,0.12197685241699219,0.6463990211486816,-0.3992578983306885
1789130091154199000,40.56019897460938,-0.1423358917236328,1.239335298538208,0.12366795539855957
1789130091170209500,40.57620947265625,0.6838798522949219,0.7605490684509277,-0.4402961730957031
1789130091186215400,40.59221533203125,0.06996345520019531,0.26688599586486816,-0.24533796310424805
1789130091202222000,40.60822216796875,0.28517818450927734,0.700009822845459,0.3086433410644531
1789130091218226200,40.62422607421875,0.4872102737426758,-0.0476987361907959,-0.0944511890411377
1789130091234234000,40.640234130859376,-0.15752410888671875,0.19754528999328613,0.18410634994506836
1789130091250236700,40.65623657226563,0.13031864166259766,0.31680941581726074,0.1969146728515625
1789130091266237700,40.67223779296875,0.015935897827148438,-0.04190826416015625,-0.2635655403137207
1789130091282239700,40.68823974609375,-0.5010690689086914,0.05614662170410156,-0.16878175735473633
1789130091298250200,40.704250244140624,-0.01918506622314453,-0.14472389221191406,-0.0012369155883789062
1789130091314262300,40.72026220703125,0.2230844497680664,-0.6009178161621094,-0.10371255874633789
1789130091330269400,40.73626953125,0.09643840789794922,-0.018735170364379883,0.17800283432006836
1789130091346277600,40.752277587890624,0.18543148040771484,0.3053925037384033,0.3487560749053955
1789130091362284000,40.768283935546876,0.24488449096679688,-0.04726576805114746,0.14116144180297852
1789130091378298600,40.78429858398437,0.4856147766113281,0.04535508155822754,0.21329450607299805
1789130091394314000,40.80031396484375,0.22861862182617188,-0.32022666931152344,0.15428566932678223
1789130091410322400,40.81632250976563,0.2767143249511719,-0.1156315803527832,-0.05658721923828125
1789130091426331600,40.83233154296875,0.16080379486083984,-0.10121560096740723,0.6953458786010742
1789130091442341600,40.848341552734375,0.8945646286010742,0.14878630638122559,0.28891801834106445
1789130091458357000,40.86435693359375,-0.017220497131347656,0.17139029502868652,0.5800623893737793
1789130091474372400,40.880372314453126,1.3426313400268555,-0.30952954292297363,0.11723518371582031
1789130091490378000,40.8963779296875,0.0015439987182617188,-0.1941545009613037,-0.12285256385803223
1789130091506380300,40.91238037109375,0.4748039245605469,-0.5878628492355347,0.35442423820495605
1789130091522389000,40.92838891601563,0.46517086029052734,-0.5696195363998413,0.37471938133239746
1789130091538400500,40.944400390625,0.7052841186523438,-0.012356281280517578,0.4135591983795166
1789130091554411300,40.960411376953125,1.2889842987060547,-0.6001733541488647,0.10674834251403809
1789130091570422000,40.97642211914062,0.5741500854492188,-0.21816468238830566,-0.502406120300293
1789130091586428400,40.99242846679687,-1.2695999145507812,-0.19453072547912598,-0.6906630992889404
1789130091602439400,41.008439453125,-0.1799478530883789,-0.8145126104354858,-0.15873408317565918
1789130091618450200,41.0244501953125,-0.5980291366577148,-0.8006672859191895,0.22837519645690918
1789130091634456000,41.0404560546875,0.7415847778320312,-0.2845344543457031,0.2192833423614502
1789130091650461700,41.05646166992187,0.07436180114746094,-0.40631330013275146,0.11687779426574707
1789130091666470700,41.072470703125,0.09322261810302734,-0.5888885259628296,-0.7057492733001709
1789130091682472700,41.08847265625,-1.365096092224121,-0.6155217885971069,0.17385530471801758
1789130091698472200,41.10447216796875,0.21096038818359375,-0.3133155107498169,0.647519588470459
1789130091714469000,41.12046923828125,1.0746746063232422,0.3851027488708496,0.1706840991973877
1789130091730469600,41.1364697265625,0.798884391784668,-0.11908817291259766,0.13747334480285645
1789130091746468000,41.15246801757812,-0.25855350494384766,-0.3901149034500122,-0.41819095611572266
1789130091762467300,41.16846728515625,-0.5660104751586914,-0.5264651775360107,-0.3081197738647461
1789130091778466300,41.18446630859375,-0.31165504455566406,0.03912162780761719,0.8089768886566162
1789130091794459600,41.20045971679688,0.6707906723022461,0.44108057022094727,0.7607297897338867
1789130091810456000,41.2164560546875,1.2216358184814453,1.50503671169281,-0.08978986740112305
1789130091826457600,41.23245751953125,0.33136653900146484,0.4508446455001831,0.05612659454345703
1789130091842458600,41.248458740234376,-0.1562662124633789,0.031819820404052734,-0.015455484390258789
1789130091858458000,41.2644580078125,-0.40657997131347656,-0.22630846500396729,0.07869386672973633
1789130091874453500,41.28045361328125,0.9990701675415039,0.061397552490234375,0.1675887107849121
1789130091890451500,41.29645141601563,0.8089141845703125,-0.7268306016921997,0.12705683708190918
1789130091906453200,41.31245336914063,0.7033729553222656,0.03686678409576416,-0.12942290306091309
1789130091922454800,41.328454833984374,0.808537483215332,0.10282361507415771,0.20696783065795898
1789130091938456300,41.34445629882813,-0.10444831848144531,-0.8665148019790649,1.2415153980255127
1789130091954455300,41.36045532226562,0.40372180938720703,-0.3943760395050049,0.4563941955566406
1789130091978459000,41.384458984375,-0.3554210662841797,0.010232090950012207,-0.09218907356262207
1789130091994459100,41.40045922851562,0.6338319778442383,-0.8983662128448486,0.29865097999572754
1789130092010453200,41.416453369140626,0.7571601867675781,-0.641464114189148,0.769634485244751
1789130092026453000,41.43245288085937,1.0276737213134766,-0.7338061332702637,0.6225974559783936
1789130092042455300,41.44845532226562,0.7939548492431641,0.5863956212997437,-0.3334040641784668
1789130092058455800,41.46445581054687,-0.5895919799804688,0.2681851387023926,-0.16866064071655273
1789130092074458400,41.480458251953124,-1.1198081970214844,-0.5140358209609985,0.002524137496948242
1789130092090460700,41.496460693359374,-0.04941844940185547,-0.387188196182251,0.1991572380065918
1789130092106468000,41.51246801757812,0.09778881072998047,0.6214582920074463,0.4527585506439209
1789130092122469000,41.52846923828125,0.6834869384765625,0.1643819808959961,-0.6137495040893555
1789130092138466300,41.54446630859375,-0.8961009979248047,0.6083438396453857,-0.2817089557647705
1789130092154467300,41.56046728515625,-1.2048120498657227,0.3233374357223511,0.2732234001159668
1789130092170465000,41.576465087890625,0.0904989242553711,0.24870622158050537,0.19008779525756836
1789130092186464800,41.59246484375,0.4548816680908203,0.22699594497680664,-0.40248823165893555
1789130092202470100,41.60847021484375,-0.8231573104858398,0.774445652961731,0.16418814659118652
1789130092218467600,41.62446752929687,-0.9812812805175781,-0.027232885360717773,-0.1186060905456543
1789130092234464000,41.64046411132812,-0.13397693634033203,-0.2976723909378052,0.47250986099243164
1789130092250459000,41.656458984375,0.19426727294921875,0.12875735759735107,0.8092551231384277
1789130092266457900,41.67245776367187,1.0013246536254883,0.23403942584991455,0.6407482624053955
1789130092282455000,41.688455078125,1.4889545440673828,1.0269930362701416,-0.37193894386291504
1789130092298452500,41.704452392578126,-0.637782096862793,1.048683762550354,-0.2613179683685303
1789130092314451500,41.72045141601563,-0.33061695098876953,0.2681403160095215,0.9349911212921143
1789130092330456800,41.736456787109375,1.5858573913574219,-0.26838529109954834,0.8877499103546143
1789130092346465300,41.75246533203125,1.660618782043457,0.005089282989501953,0.19279003143310547
1789130092362471200,41.76847119140625,1.049539566040039,-0.3371720314025879,-0.5882062911987305
1789130092378474000,41.78447387695312,-0.8968572616577148,-0.45488882064819336,0.059027671813964844
1789130092394476000,41.80047607421875,-0.4926786422729492,-0.03636348247528076,-0.2785356044769287
1789130092410482200,41.81648217773437,0.6585378646850586,-0.5546042919158936,-0.08575797080993652
1789130092426488300,41.83248828125,0.19008731842041016,-0.7394205331802368,0.15663361549377441
1789130092442491400,41.848491455078126,0.8166408538818359,-0.5365468263626099,-0.7589001655578613
1789130092458493000,41.86449291992187,-0.21964263916015625,-0.5376688241958618,-0.8027241230010986
1789130092474498300,41.88049829101563,-0.3071107864379883,-0.6468640565872192,0.252094030380249
1789130092490501000,41.89650122070312,-0.20372676849365234,-0.22977352142333984,-0.6768486499786377
1789130092506502700,41.912502685546876,-0.7031688690185547,0.05778491497039795,-0.39260172843933105
1789130092522500400,41.92850024414062,-0.04564857482910156,0.027259469032287598,-0.46766161918640137
1789130092538497000,41.9444970703125,0.10839271545410156,-0.5040286779403687,-0.2158949375152588
1789130092554496300,41.960496337890625,-0.07033920288085938,-0.5376445055007935,0.10810256004333496
1789130092570495500,41.97649560546875,0.15511131286621094,0.10466945171356201,-0.14129996299743652
1789130092586487600,41.99248754882812,-0.007373809814453125,0.5496523380279541,-0.5926661491394043
1789130092602484200,42.00848413085937,-1.696455478668213,0.9698023796081543,-0.04297685623168945
1789130092618485000,42.024485107421874,-0.8997097015380859,0.2933773994445801,-0.7479374408721924
1789130092634482700,42.04048266601563,0.8529233932495117,0.3687189817428589,-0.8394017219543457
1789130092650477300,42.056477294921876,0.6658391952514648,-0.2893294095993042,1.0203146934509277
1789130092666474800,42.07247485351562,0.3747701644897461,0.07159769535064697,0.2234351634979248
1789130092682474000,42.088473876953124,0.9741907119750977,0.6127285957336426,-0.6847147941589355
1789130092698469000,42.10446923828125,-0.5301713943481445,0.13289296627044678,-0.8278321027755737
1789130092714466800,42.120466796875,-2.007765293121338,0.0045318603515625,-0.05081796646118164
1789130092730468900,42.13646875,1.3889713287353516,0.7233941555023193,-0.13828659057617188
1789130092746466600,42.152466552734374,1.7538557052612305,0.7761213779449463,0.4723954200744629
1789130092762463200,42.168463134765624,1.5446548461914062,0.886451244354248,-0.18494915962219238
1789130092778461400,42.18446142578125,-0.5760469436645508,0.26992952823638916,-0.582420825958252
1789130092802465500,42.208465576171875,-0.5411481857299805,-0.124359130859375,-0.05141925811767578
1789130092818467000,42.22446704101562,1.101369857788086,0.5866936445236206,0.01418924331665039
1789130092834468400,42.24046826171875,0.9926948547363281,0.6721532344818115,0.5238075256347656
1789130092850468600,42.256468505859374,1.6729230880737305,0.36164212226867676,-0.5708215236663818
1789130092866472400,42.27247241210937,0.4798870086669922,-0.06550002098083496,-0.8318852186203003
1789130092882478600,42.288478515625,-0.5604972839355469,-0.07855784893035889,0.0510103702545166
1789130092898484000,42.30448388671875,-0.13107585906982422,-0.1900261640548706,-0.3019707202911377
1789130092914489600,42.320489501953126,0.16797447204589844,-0.18506991863250732,-0.46963930130004883
1789130092930490000,42.33648999023438,0.367706298828125,0.17471933364868164,-0.048464059829711914
1789130092946494700,42.35249462890625,0.9263334274291992,0.16864371299743652,-0.35619473457336426
1789130092962500900,42.3685009765625,0.42264556884765625,0.09278237819671631,-0.06483745574951172
1789130092978504200,42.384504150390626,-0.8099431991577148,-0.2312246561050415,-0.21977543830871582
1789130092994507500,42.40050756835937,-0.6480131149291992,-0.7024171352386475,-0.116607666015625
1789130093010514000,42.416513916015624,-0.7856254577636719,0.0866851806640625,-0.5752992630004883
1789130093026519000,42.43251904296875,0.4315042495727539,0.5439634323120117,-0.03994631767272949
1789130093042533600,42.44853369140625,0.4358787536621094,-0.10810506343841553,0.7926061153411865
1789130093058542000,42.4645419921875,1.3412399291992188,-0.3378441333770752,-0.4317026138305664
1789130093074547200,42.480547119140624,-1.0901336669921875,-0.2799532413482666,0.14385390281677246
1789130093090551300,42.49655126953125,-0.35327720642089844,0.31848859786987305,-0.7290277481079102
1789130093106551800,42.5125517578125,0.22543621063232422,0.3188227415084839,-0.3228534460067749
1789130093122552800,42.528552734375,-0.3143501281738281,-0.12316930294036865,0.03866863250732422
1789130093138555000,42.544554931640626,0.984807014465332,0.37417542934417725,0.030030250549316406
1789130093154550300,42.56055029296875,0.8379611968994141,0.26416468620300293,0.30768465995788574
1789130093170551000,42.57655102539063,0.3467569351196289,-0.2161616086959839,-0.05130624771118164
1789130093186551300,42.59255126953125,0.10971641540527344,0.44831717014312744,-0.019666671752929688
1789130093202553900,42.60855395507812,0.04523277282714844,0.011193633079528809,0.04018354415893555
1789130093218555000,42.624554931640624,0.2971630096435547,0.06634140014648438,0.2092900276184082
1789130093234555400,42.640555419921874,0.6111059188842773,0.3139840364456177,-0.061882734298706055
1789130093250562300,42.65656225585938,0.015064239501953125,0.07915031909942627,0.1696012020111084
1789130093266576100,42.672576171875,0.06497764587402344,0.36271190643310547,-0.12450146675109863
1789130093282579500,42.688579345703126,-0.10060787200927734,0.12907373905181885,-0.14547979831695557
1789130093298584600,42.70458447265625,-0.2716045379638672,0.27072715759277344,0.016858816146850586
1789130093314590700,42.7205908203125,0.1604633331298828,0.04935336112976074,-0.25597667694091797
1789130093330599700,42.736599609375,0.3717689514160156,-0.46115779876708984,-0.1890556812286377
1789130093346602500,42.7526025390625,0.15694236755371094,-0.1340104341506958,-0.10274231433868408
1789130093362611200,42.768611083984375,0.032401084899902344,-0.15540218353271484,-0.004317045211791992
1789130093378616800,42.784616943359374,-0.2890481948852539,-0.4570857286453247,0.061576008796691895
1789130093394615800,42.80061572265625,-0.35837268829345703,-0.3497079610824585,-0.21987903118133545
1789130093410615800,42.81661572265625,0.18580055236816406,-0.387933611869812,-0.18125379085540771
1789130093426620000,42.83261987304687,0.3408374786376953,-0.4205939769744873,-0.11216425895690918
1789130093442624000,42.8486240234375,0.22283267974853516,-0.2400658130645752,-0.22621333599090576
1789130093458627300,42.86462744140625,0.09417533874511719,-0.24633848667144775,-0.1612025499343872
1789130093474630000,42.8806298828125,-0.41228199005126953,-0.33481431007385254,-0.2169400453567505
1789130093490631700,42.896631591796876,-0.04160594940185547,-0.28779423236846924,-0.21126413345336914
1789130093506632700,42.9126328125,0.11904048919677734,-0.5199270248413086,-0.178511381149292
1789130093522634500,42.928634521484376,0.5664596557617188,-0.3685194253921509,0.16441357135772705
1789130093538630400,42.94463037109375,0.7029647827148438,-0.14342820644378662,0.08248734474182129
1789130093554631200,42.960631103515624,0.019548416137695312,-0.07039332389831543,0.2892003059387207
1789130093570628000,42.976628173828125,0.33791065216064453,-0.27963221073150635,-0.19511985778808594
1789130093586628900,42.99262890625,-0.33861446380615234,0.18213200569152832,0.03640413284301758
1789130093602633000,43.008633056640626,-0.13375186920166016,0.3451085090637207,0.11455225944519043
1789130093618640600,43.024640625,0.5698032379150391,0.32555878162384033,-0.17926335334777832
1789130093634651000,43.04065087890625,0.6170644760131836,0.4487508535385132,0.05111134052276611
1789130093650663700,43.05666357421875,-0.5106830596923828,0.7995805740356445,0.6101740598678589
1789130093666671400,43.07267138671875,0.4859323501586914,0.5657047033309937,0.35243499279022217
1789130093682687200,43.08868725585938,0.7379064559936523,0.5337486267089844,0.06959617137908936
1789130093698693600,43.10469360351563,0.22359275817871094,0.39739131927490234,0.17469525337219238
1789130093714699300,43.12069921875,0.7036867141723633,0.266312837600708,0.4561126232147217
1789130093730707500,43.13670751953125,0.5427474975585938,0.8655136823654175,0.439436674118042
1789130093746717200,43.15271728515625,0.5521669387817383,0.3496973514556885,0.10793447494506836
1789130093762723800,43.16872387695312,-0.04749011993408203,0.03409314155578613,0.12769544124603271
1789130093778730800,43.18473071289063,-0.3801994323730469,-0.006673216819763184,-0.13032770156860352
1789130093794741000,43.20074096679687,0.3978614807128906,-0.310123085975647,-0.3067305088043213
1789130093810755000,43.216755126953124,0.3613014221191406,-0.23326516151428223,-0.22304773330688477
1789130093826771500,43.232771484375,-0.1300220489501953,-0.17536413669586182,0.17109501361846924
1789130093842787600,43.24878759765625,0.2546348571777344,-0.30399274826049805,-0.2712376117706299
1789130093858798300,43.26479833984375,0.12210655212402344,-0.3147011995315552,-0.026980042457580566
1789130093874802700,43.280802734375,-0.03511238098144531,-0.27890193462371826,-0.5523437261581421
1789130093890812000,43.29681201171875,-0.393280029296875,-0.17665767669677734,-0.4123431444168091
1789130093906815700,43.312815673828126,0.012869834899902344,-0.1317751407623291,-0.0602647066116333
1789130093922819600,43.328819580078125,0.4450035095214844,-0.3533700704574585,-0.05149221420288086
1789130093938819600,43.34481958007812,0.22799301147460938,-0.4372931718826294,-0.5706918239593506
1789130093954823400,43.36082348632812,-0.7057285308837891,-0.1672154664993286,0.10787248611450195
1789130093970819600,43.37681958007813,0.050896644592285156,-0.16016054153442383,-0.31514084339141846
1789130093986819300,43.3928193359375,0.27622413635253906,-0.2153933048248291,-0.2554885149002075
1789130094002829800,43.40882983398438,0.24885177612304688,-0.0725940465927124,-0.02224576473236084
1789130094018833700,43.42483374023438,-0.046013832092285156,0.1125035285949707,-0.1800013780593872
1789130094034838300,43.44083837890625,0.04253101348876953,0.12743639945983887,-0.3183084726333618
1789130094058835700,43.464835693359376,-0.25568199157714844,0.5053920745849609,0.059426069259643555
1789130094074833700,43.480833740234374,0.07372665405273438,-0.03379344940185547,-0.5682330131530762
1789130094090839300,43.49683935546875,-0.7593564987182617,0.054456472396850586,0.0704185962677002
1789130094106847700,43.51284765625,-0.29477500915527344,-0.03695523738861084,-0.11181628704071045
1789130094122855000,43.52885498046875,0.021404266357421875,-0.4742663502693176,-0.3507411479949951
1789130094138864600,43.54486474609375,-0.9069242477416992,-0.23693537712097168,-0.003171086311340332
1789130094154867700,43.56086767578125,-0.4369792938232422,0.05336284637451172,-0.3218111991882324
1789130094170870800,43.57687084960938,0.03726673126220703,-0.09463286399841309,0.02616441249847412
1789130094186875400,43.59287548828125,-0.46497344970703125,0.2208174467086792,0.11433637142181396
1789130094202877200,43.60887719726563,0.4451150894165039,0.2446666955947876,-0.06453728675842285
1789130094218881500,43.62488159179688,0.04795074462890625,-0.06674385070800781,0.020131230354309082
1789130094234884000,43.64088403320312,-0.41145896911621094,-0.2300705909729004,-0.17263436317443848
1789130094250891300,43.65689135742188,0.24465084075927734,-0.0001049041748046875,-0.2355945110321045
1789130094266900500,43.672900390625,-0.013552665710449219,0.017334699630737305,0.13236689567565918
1789130094282905000,43.688905029296876,0.4174327850341797,0.002865433692932129,0.1610039472579956
1789130094298903600,43.704903564453126,0.21174335479736328,-0.11368751525878906,-0.04475271701812744
1789130094314906000,43.720906005859376,0.010733604431152344,-0.12440145015716553,0.1998288631439209
1789130094330907400,43.73690747070312,0.3983163833618164,-0.12030112743377686,-0.17615771293640137
1789130094346910700,43.75291064453125,0.029564857482910156,-0.14701664447784424,-0.05372452735900879
1789130094362911000,43.768910888671876,-0.08617305755615234,-0.03283846378326416,0.15305519104003906
1789130094378914300,43.78491430664062,0.5169973373413086,-0.032103538513183594,-0.06735897064208984
1789130094394919700,43.80091967773438,0.1813526153564453,0.03445589542388916,0.2993202209472656
1789130094410923500,43.81692358398438,0.5931549072265625,0.17860078811645508,0.34630465507507324
1789130094426926600,43.83292651367187,0.39153003692626953,0.02818143367767334,-0.14192187786102295
1789130094442930200,43.84893017578125,0.1471385955810547,-0.08760273456573486,-0.16913056373596191
1789130094458934000,43.86493408203125,-0.17832088470458984,0.46497559547424316,0.1003580093383789
1789130094474938600,43.88093872070313,-0.10602760314941406,0.3500039577484131,0.07288181781768799
1789130094490942500,43.8969423828125,0.5738935470581055,0.3222355842590332,0.04768478870391846
1789130094506944500,43.912944580078126,0.6364870071411133,0.636609673500061,-0.2023535966873169
1789130094522948600,43.928948486328125,0.015566825866699219,0.5803507566452026,-0.0034379959106445312
1789130094538953700,43.94495361328125,0.37375736236572266,0.35465776920318604,-0.02297651767730713
1789130094554964200,43.960964111328124,0.32387256622314453,0.48890411853790283,-0.0070465803146362305
1789130094570970000,43.97697021484375,0.20520973205566406,0.6818779706954956,0.20470952987670898
1789130094586973200,43.99297314453125,0.4603719711303711,0.5521316528320312,0.10630655288696289
1789130094602980000,44.00897998046875,0.5336093902587891,0.31397366523742676,0.07301473617553711
1789130094618989800,44.02498974609375,0.5064487457275391,0.5110375881195068,-0.03721475601196289
1789130094634996200,44.040996337890626,0.6320686340332031,0.45046961307525635,-0.08314621448516846
1789130094651004700,44.05700463867188,0.07259845733642578,-0.030141115188598633,-0.2765796184539795
1789130094667009800,44.073009765625,-0.41016387939453125,0.010587096214294434,-0.010137557983398438
1789130094683012900,44.08901293945313,-0.27507972717285156,0.5127551555633545,-0.21501398086547852
1789130094699017200,44.10501733398438,0.1424722671508789,0.08689367771148682,-0.02777099609375
1789130094715018800,44.121018798828125,0.1962108612060547,-0.11487436294555664,-0.05056631565093994
1789130094731015000,44.13701489257812,0.40679454803466797,0.28833746910095215,-0.39744651317596436
1789130094747010300,44.15301025390625,-0.04449272155761719,-0.05230557918548584,-0.03774154186248779
1789130094763005700,44.169005615234376,-0.338134765625,-0.2045530080795288,0.07244646549224854
1789130094779004000,44.18500390625,0.13903522491455078,0.21461939811706543,-0.06267821788787842
1789130094803011300,44.20901123046875,0.07442283630371094,0.20841050148010254,0.09830677509307861
1789130094819009300,44.22500927734375,-0.35295963287353516,-0.02318441867828369,-0.2512059211730957
1789130094835012000,44.24101220703125,-0.31629371643066406,0.2916431427001953,-0.16735684871673584
1789130094851015200,44.25701513671875,-0.034295082092285156,0.40265321731567383,0.1670215129852295
1789130094867017000,44.273016845703125,0.6743717193603516,0.08465397357940674,0.08349740505218506
1789130094883018500,44.2890185546875,0.49148082733154297,0.06966829299926758,0.017855167388916016
1789130094899021000,44.30502099609375,-0.0744943618774414,0.026054739952087402,0.00006115436553955078
1789130094915022000,44.32102197265625,0.2985258102416992,0.19493746757507324,0.23171186447143555
1789130094931027200,44.33702709960937,0.5863571166992188,0.17473065853118896,0.042469024658203125
1789130094947037700,44.35303759765625,0.43264007568359375,-0.27686572074890137,0.3913302421569824
1789130094963043800,44.3690439453125,0.24034786224365234,-0.23021423816680908,0.11454808712005615
1789130094979048700,44.38504858398438,-0.24863910675048828,-0.06553196907043457,0.0013840198516845703
1789130094995053800,44.4010537109375,0.2435894012451172,-0.1719266176223755,-0.03458738327026367
1789130095011063800,44.417063720703126,0.23305797576904297,0.00003528594970703125,0.038613200187683105
1789130095027067000,44.43306689453125,0.3949422836303711,0.19065868854522705,0.4952991008758545
1789130095043070000,44.449070068359376,1.097121238708496,0.14097535610198975,0.1627722978591919
1789130095059070500,44.465070556640626,0.6598014831542969,-0.07262802124023438,0.12754857540130615
1789130095075072000,44.48107202148437,0.0404052734375,-0.17612802982330322,0.3135441541671753
1789130095091069700,44.497069580078126,0.45960044860839844,-0.34449172019958496,0.0407865047454834
1789130095107069200,44.51306909179687,0.7210311889648438,0.03476858139038086,0.06698417663574219
1789130095123071500,44.52907153320312,0.2698516845703125,0.050841450691223145,0.3601095676422119
1789130095139070200,44.5450703125,0.3018226623535156,-0.2704463005065918,0.22734689712524414
1789130095155068200,44.56106811523438,0.793212890625,-0.10588622093200684,0.20394611358642578
1789130095171062500,44.5770625,0.7821474075317383,-0.11109280586242676,0.1425950527191162
1789130095187057000,44.59305688476562,0.4407224655151367,-0.17973101139068604,0.1686950922012329
1789130095203052300,44.60905224609375,0.18603801727294922,-0.11732220649719238,0.16580820083618164
1789130095219051800,44.6250517578125,0.5394430160522461,0.010850787162780762,-0.06493115425109863
1789130095235051000,44.641051025390624,0.5145406723022461,-0.14734137058258057,0.1342991590499878
1789130095251053800,44.6570537109375,-0.0031185150146484375,-0.038643598556518555,0.1354081630706787
1789130095267054800,44.67305493164063,0.2116250991821289,-0.044698357582092285,-0.3599240779876709
1789130095283055000,44.68905517578125,0.00038909912109375,0.1156226396560669,-0.22778105735778809
1789130095299057200,44.70505712890625,0.00447845458984375,0.5184218883514404,0.35639405250549316
1789130095315060500,44.721060546875,0.41643238067626953,0.682451605796814,-0.07095479965209961
1789130095331058200,44.73705810546875,0.4110603332519531,0.4267129898071289,-0.5233064293861389
1789130095347057200,44.75305712890625,-0.5365505218505859,-0.48545098304748535,-0.01948869228363037
1789130095363060000,44.76906005859375,0.17220592498779297,-0.005857586860656738,0.17704057693481445
1789130095379058700,44.78505859375,0.5455846786499023,0.5139195919036865,0.12830400466918945
1789130095395054800,44.80105493164063,0.024600982666015625,0.10039710998535156,0.44566595554351807
1789130095411051800,44.8170517578125,-0.1132659912109375,-0.403456449508667,0.043532371520996094
1789130095427054300,44.83305444335937,0.07864952087402344,-0.1860584020614624,-0.1901618242263794
1789130095443055900,44.84905590820313,-0.26056575775146484,-0.5838358402252197,0.5319691896438599
1789130095459057200,44.86505712890625,0.3777303695678711,0.10133850574493408,0.6328463554382324
1789130095475049700,44.8810498046875,0.0056781768798828125,0.17877209186553955,0.3822917938232422
1789130095491046700,44.89704663085938,-0.22285079956054688,-0.2971158027648926,0.2359013557434082
1789130095507045400,44.91304541015625,-0.8237199783325195,0.10142230987548828,0.7842555046081543
1789130095523043800,44.9290439453125,-0.226226806640625,0.03225255012512207,0.710220217704773
1789130095539043000,44.94504296875,0.6071348190307617,0.2660529613494873,0.5978175401687622
1789130095555048400,44.96104833984375,-0.15174484252929688,0.4233940839767456,0.7779124975204468
1789130095571051000,44.97705102539062,-0.5783796310424805,0.45003485679626465,1.0023863315582275
1789130095587055600,44.9930556640625,0.3504171371459961,0.33235418796539307,0.6529659032821655
1789130095603058200,45.00905810546875,0.2032175064086914,-0.1852949857711792,1.1660226583480835
1789130095619057700,45.0250576171875,-0.15848350524902344,-0.7669210433959961,1.4093542098999023
1789130095635059000,45.041058837890624,0.6172065734863281,-0.9679295420646667,0.37313055992126465
1789130095651065000,45.057065185546875,0.33109569549560547,-0.19298779964447021,0.12062430381774902
1789130095667069400,45.0730693359375,-0.8862514495849609,-0.5332952737808228,1.2441836595535278
1789130095683075000,45.089074951171874,0.8778362274169922,-1.0087112188339233,0.575933575630188
1789130095699081000,45.1050810546875,1.4432363510131836,0.01424860954284668,0.7495250701904297
1789130095715085000,45.1210849609375,0.02574920654296875,-0.7768847346305847,1.1612615585327148
1789130095731091200,45.13709130859375,0.7081737518310547,-0.5565931797027588,0.8463515043258667
1789130095747091700,45.153091796875,0.4419565200805664,0.06989014148712158,0.33042585849761963
1789130095763090200,45.16909008789062,-0.7412595748901367,-1.7330455780029297,1.3973917961120605
1789130095779094000,45.18509399414062,0.4168062210083008,-0.7074065208435059,0.6017923355102539
1789130095795095300,45.20109521484375,0.031768798828125,0.14370965957641602,0.6622605323791504
1789130095811100700,45.2171005859375,0.20263195037841797,-1.1736270189285278,1.221031904220581
1789130095827106300,45.23310620117188,0.38904857635498047,-1.0665985345840454,0.5746009349822998
1789130095843111400,45.249111328125,-0.5950469970703125,-0.6106091141700745,1.070483922958374
1789130095859117300,45.265117431640626,-0.5653142929077148,-0.5493432879447937,1.6825635433197021
1789130095875123500,45.28112353515625,0.5611686706542969,-0.6356949210166931,1.0470387935638428
1789130095891126500,45.29712646484375,0.4808645248413086,-0.5186641216278076,1.1722674369812012
1789130095907131100,45.31313110351562,-0.2255859375,-0.748130202293396,0.5875272750854492
1789130095923135000,45.32913500976562,-1.2596254348754883,-0.7748971581459045,1.124086618423462
1789130095939149600,45.34514965820313,-0.7227134704589844,-0.6381078958511353,0.7585957050323486
1789130095955156500,45.36115649414062,-1.1168937683105469,-0.4712525010108948,0.7937660217285156
1789130095971162600,45.37716259765625,-0.8415756225585938,-0.4062422513961792,0.9822995662689209
1789130095987171800,45.393171875,-0.5480451583862305,-0.272253155708313,0.414825439453125
1789130096003180500,45.4091806640625,-0.9481487274169922,-0.07359927892684937,1.0679101943969727
1789130096019187500,45.4251875,-0.07477760314941406,-0.5122811794281006,0.1522672176361084
1789130096035198000,45.441197998046874,-0.9748926162719727,-0.7705076932907104,0.6130857467651367
1789130096051213000,45.457213134765624,-1.6040191650390625,-0.48060110211372375,0.22095012664794922
1789130096067222500,45.47322241210937,-1.3257684707641602,-0.8069645762443542,0.517662525177002
1789130096083235300,45.4892353515625,-0.7177228927612305,-0.6818329095840454,0.252382755279541
1789130096099244500,45.50524462890625,-0.7976531982421875,-0.6998471617698669,1.0596442222595215
1789130096115249000,45.521248779296876,-0.8701848983764648,-1.019985318183899,0.7852602005004883
1789130096131252200,45.53725219726562,-0.2759819030761719,-0.8170588612556458,0.5239837169647217
1789130096147260200,45.55326025390625,-0.5383825302124023,-0.7375003695487976,0.3859522342681885
1789130096163269600,45.56926953125,-0.9064102172851562,0.10688245296478271,1.1990389823913574
1789130096179281200,45.58528125,-0.04607391357421875,-0.27897244691848755,0.6440856456756592
1789130096195288800,45.60128881835937,-0.6237001419067383,-0.3665461242198944,0.8796908855438232
1789130096211296000,45.6172958984375,-0.6071481704711914,-0.4104156196117401,0.8421010971069336
1789130096227302100,45.63330224609375,-0.2989978790283203,-0.4231729805469513,0.4664328098297119
1789130096243309800,45.649309814453126,-0.6630697250366211,-0.5461205840110779,1.223478078842163
1789130096259317200,45.665317138671874,-0.3119010925292969,-0.4007936120033264,0.866140604019165
1789130096275318800,45.68131884765625,0.05045890808105469,-0.4635978937149048,0.835913896560669
1789130096291321300,45.6973212890625,0.1731557846069336,-0.0695987343788147,0.640681266784668
1789130096307325000,45.71332495117188,0.02110767364501953,-0.08161848783493042,0.7248358726501465
1789130096323322600,45.72932250976562,0.12970256805419922,-0.462100625038147,0.7024869918823242
1789130096339322400,45.745322265625,0.2552003860473633,0.17618507146835327,0.7726962566375732
1789130096355324400,45.76132446289063,0.4447450637817383,-0.09540417790412903,0.9949884414672852
1789130096371326700,45.77732666015625,0.44558048248291016,0.4324835538864136,1.0458168983459473
1789130096387331000,45.7933310546875,0.7457542419433594,0.32708096504211426,1.0355114936828613
1789130096403336700,45.809336669921876,0.8027658462524414,0.22849082946777344,1.307485818862915
1789130096419338200,45.82533813476562,0.5390167236328125,1.0089765787124634,1.1575818061828613
1789130096435338800,45.8413388671875,-0.16361427307128906,0.6169664263725281,1.2103071212768555
1789130096451342800,45.8573427734375,0.46553611755371094,0.10216987133026123,0.9741499423980713
1789130096467343400,45.87334326171875,0.19412708282470703,0.48831403255462646,1.624612808227539
1789130096483346200,45.88934619140625,-0.14309310913085938,0.5802909731864929,1.1042206287384033
1789130096499347200,45.90534716796875,0.16721343994140625,-0.2476179301738739,1.184816598892212
1789130096515350000,45.92135009765625,0.2684001922607422,-0.18923261761665344,1.3002078533172607
1789130096531351800,45.93735180664063,-0.42900943756103516,0.11128443479537964,1.4889891147613525
1789130096547350500,45.9533505859375,0.1430797576904297,-0.038384854793548584,1.049619197845459
1789130096563352000,45.96935205078125,-0.5263156890869141,-0.15324699878692627,1.37371826171875
1789130096579355000,45.98535498046875,-0.2398681640625,-0.09886562824249268,0.953585147857666
1789130096595355600,46.00135571289063,-0.2362499237060547,-0.09604936838150024,1.2756237983703613
1789130096611357700,46.01735766601563,-0.1252613067626953,0.06011199951171875,0.7910199165344238
1789130096627360500,46.03336059570312,0.03614997863769531,0.17141813039779663,1.3379321098327637
1789130096643361000,46.04936108398437,-0.2722797393798828,0.23970812559127808,0.6466946601867676
1789130096659367000,46.06536694335937,-0.2078237533569336,0.10658904910087585,0.9008321762084961
1789130096675369200,46.081369140625,-0.0811300277709961,0.1015465259552002,0.8733716011047363
1789130096691366000,46.09736596679687,-0.2480487823486328,0.2151307761669159,0.9985547065734863
1789130096707361300,46.113361328125,-0.29062366485595703,0.1536376178264618,0.33989810943603516
1789130096723362600,46.12936254882813,-0.7959384918212891,0.2337149679660797,0.7516884803771973
1789130096739358700,46.145358642578124,-0.16563796997070312,0.20114260911941528,0.6982946395874023
1789130096755357400,46.161357421875,-0.39000988006591797,-0.16547712683677673,0.5094890594482422
1789130096771357200,46.17735717773437,-0.2576913833618164,0.2632109224796295,0.45517873764038086
1789130096787345200,46.19334521484375,0.28494739532470703,0.09919410943984985,0.17676305770874023
1789130096803338000,46.209337890625,-0.26630496978759766,-0.05458778142929077,0.34465646743774414
1789130096819331600,46.22533154296875,-0.20718669891357422,-0.04744768142700195,0.4222841262817383
1789130096835324000,46.24132397460937,0.11368274688720703,0.06946870684623718,0.2869138717651367
1789130096851317200,46.25731713867187,0.1885232925415039,0.018245548009872437,0.29230165481567383
1789130096867315700,46.27331567382812,-0.02629375457763672,-0.5089211463928223,0.2596249580383301
1789130096883311400,46.289311279296875,-0.06052207946777344,-0.0833013653755188,0.2772235870361328
1789130096899307000,46.30530712890625,0.036556243896484375,0.12832888960838318,0.2134842872619629
1789130096915303000,46.321302978515625,0.32453060150146484,-0.13974355161190033,0.5288534164428711
1789130096931305200,46.33730517578125,0.5946531295776367,-0.09963834285736084,0.39969730377197266
1789130096947302700,46.353302734375,0.3878669738769531,-0.38165026903152466,0.21972990036010742
1789130096963302700,46.369302734375,-0.09244155883789062,-0.49787092208862305,0.012461185455322266
1789130096979307500,46.3853076171875,0.04865074157714844,-0.09737521409988403,0.40584230422973633
1789130097003316500,46.40931640625,-0.27860164642333984,-0.37475496530532837,0.13370227813720703
1789130097027327000,46.43332690429688,-0.4057884216308594,-0.24850669503211975,0.24126815795898438
1789130097043337200,46.44933715820312,0.0022897720336914062,-0.1891295164823532,0.2457270622253418
1789130097059344100,46.46534423828125,-0.046146392822265625,0.17317774891853333,0.11434078216552734
1789130097075350000,46.48135009765625,-0.07422542572021484,0.5182268619537354,0.21584558486938477
1789130097091355100,46.49735522460937,0.1706075668334961,0.5918337106704712,0.054216861724853516
1789130097107354600,46.513354736328125,0.10925483703613281,0.20371800661087036,0.1939535140991211
1789130097123351300,46.529351318359375,0.21474075317382812,0.1712576150894165,0.425809383392334
1789130097139349000,46.54534887695313,0.16710472106933594,0.20529183745384216,0.24574613571166992
1789130097155351300,46.56135131835938,0.30600643157958984,0.2902352511882782,0.3632669448852539
1789130097171355400,46.57735546875,0.28758811950683594,0.3903663456439972,0.3365817070007324
1789130097187363600,46.59336352539062,0.8211183547973633,0.09883156418800354,0.13314056396484375
1789130097203369700,46.60936962890625,0.3444042205810547,0.20017260313034058,0.4320402145385742
1789130097219367700,46.62536767578125,0.7946290969848633,0.06689530611038208,0.3985915184020996
1789130097235369700,46.64136962890625,0.6747055053710938,-0.11992707848548889,0.1020498275756836
1789130097251371500,46.65737158203125,0.6494379043579102,-0.032344967126846313,0.28598880767822266
1789130097267369700,46.67336962890625,0.5189380645751953,0.03081423044204712,0.29740285873413086
1789130097283360500,46.68936059570313,0.43119335174560547,-0.47549599409103394,0.1321549415588379
1789130097299361500,46.70536157226562,0.4231996536254883,-0.435519814491272,-0.09786558151245117
1789130097315359200,46.721359130859376,0.5304508209228516,-0.38576778769493103,-0.1344280242919922
1789130097331347500,46.73734741210937,0.3918018341064453,-0.48008742928504944,-0.11105537414550781
1789130097347340300,46.75334033203125,0.5017356872558594,-0.3540288507938385,-0.3291006088256836
1789130097363336200,46.769336181640625,0.8806858062744141,-0.24235357344150543,-0.42783498764038086
1789130097379331000,46.7853310546875,0.36876392364501953,-0.20568770170211792,-0.47032594680786133
1789130097395330300,46.80133032226563,0.08733749389648438,-0.07209697365760803,-0.4561882019042969
1789130097411325700,46.81732568359375,0.2722291946411133,0.02812427282333374,-0.2885556221008301
1789130097427319800,46.83331982421875,0.30368900299072266,-0.047262534499168396,-0.25897932052612305
1789130097443313700,46.84931372070312,0.3010587692260742,0.04909020662307739,-0.4004645347595215
1789130097459317200,46.86531713867188,-0.02806854248046875,-0.19744564592838287,-0.2511463165283203
1789130097475326200,46.881326171875,0.12067508697509766,-0.08844020962715149,-0.39981937408447266
1789130097491327200,46.8973271484375,0.09034252166748047,0.2546352744102478,-0.1939082145690918
1789130097507329800,46.91332983398438,0.12789344787597656,0.06304025650024414,-0.24917936325073242
1789130097523328300,46.92932836914063,0.6654682159423828,0.1524360030889511,-0.21454906463623047
1789130097539328300,46.945328369140626,0.27512550354003906,0.24603138864040375,-0.10441350936889648
1789130097555329000,46.9613291015625,0.07578086853027344,0.39389297366142273,-0.28820228576660156
1789130097571330300,46.97733032226562,0.2991819381713867,0.09107625484466553,-0.08161306381225586
1789130097587333000,46.9933330078125,0.0010480880737304688,0.348084956407547,-0.15210294723510742
1789130097603332000,47.00933203125,0.5072832107543945,0.049095600843429565,-0.3949141502380371
1789130097619336000,47.0253359375,0.12421417236328125,-0.1458762139081955,0.21236801147460938
1789130097635336400,47.04133642578125,0.06801795959472656,0.18256431818008423,-0.15901803970336914
1789130097651337000,47.0573369140625,0.3519277572631836,-0.2614259719848633,-0.10469913482666016
1789130097675338800,47.0813388671875,-0.1539134979248047,-0.4832771420478821,0.23139238357543945
1789130097691343600,47.09734350585938,0.3184938430786133,-0.13768090307712555,-0.07213354110717773
1789130097707344400,47.11334448242187,0.0007524490356445312,0.11567208170890808,0.04593324661254883
1789130097723348200,47.12934814453125,0.09521102905273438,-0.15926773846149445,-0.09075212478637695
1789130097739351300,47.145351318359374,0.3607196807861328,-0.16972953081130981,0.10531425476074219
1789130097755353600,47.161353515625,0.3068370819091797,-0.007628589868545532,0.06739997863769531
1789130097771362000,47.177362060546876,0.07807254791259766,-0.1614610105752945,-0.0656442642211914
1789130097787367400,47.193367431640624,0.23050880432128906,-0.30875924229621887,-0.06123208999633789
1789130097803366100,47.2093662109375,-0.08513832092285156,-0.27960503101348877,0.07520103454589844
1789130097819363800,47.22536376953125,0.2665119171142578,-0.02071326971054077,-0.38492870330810547
1789130097835366400,47.24136645507812,-0.04805755615234375,-0.0917278528213501,0.09013891220092773
1789130097851370800,47.25737084960937,-0.0021505355834960938,-0.3604357838630676,-0.06476306915283203
1789130097867373300,47.27337329101562,0.00005340576171875,-0.0863628089427948,-0.1273517608642578
1789130097883372000,47.2893720703125,0.23928356170654297,-0.015642404556274414,0.06432485580444336
1789130097899372800,47.305372802734375,0.21036720275878906,-0.26007190346717834,-0.13643217086791992
1789130097915375400,47.321375244140626,0.1952047348022461,-0.09868951141834259,-0.10614013671875
1789130097931371800,47.337371826171875,-0.058032989501953125,0.04060542583465576,0.10857582092285156
1789130097947376600,47.35337670898438,0.23496532440185547,0.07945042848587036,-0.04129600524902344
1789130097963380700,47.36938061523438,0.3364267349243164,0.227789044380188,-0.14802837371826172
1789130097979383600,47.38538354492187,0.09308910369873047,0.35900431871414185,-0.2593107223510742
1789130097995386400,47.401386474609374,-0.0026350021362304688,0.3493287265300751,0.11950159072875977
1789130098011388700,47.417388671875,0.5994853973388672,0.2979294955730438,0.08398818969726562
1789130098027389400,47.433389404296875,0.15772724151611328,0.24393004179000854,-0.1428532600402832
1789130098043392800,47.44939282226562,0.008976936340332031,0.053047388792037964,-0.11293268203735352
1789130098059395000,47.46539501953125,-0.12655925750732422,0.08137482404708862,0.2113170623779297
1789130098075397400,47.4813974609375,0.24233245849609375,0.10202610492706299,-0.06137561798095703
1789130098091406600,47.49740649414063,0.24988937377929688,-0.06580203771591187,-0.310671329498291
1789130098107418000,47.51341821289063,0.03596305847167969,0.23445042967796326,-0.04042816162109375
1789130098123428400,47.52942846679687,0.052826881408691406,0.05713656544685364,-0.07847976684570312
1789130098139431200,47.54543115234375,0.30856990814208984,-0.04774141311645508,-0.3358035087585449
1789130098155431400,47.56143139648437,0.0120391845703125,0.12752410769462585,-0.04442453384399414
1789130098171434000,47.57743408203125,0.15515995025634766,0.11283674836158752,-0.12497997283935547
1789130098187439600,47.59343969726562,0.43691349029541016,0.13642799854278564,-0.3971405029296875
1789130098203447600,47.60944750976562,0.23438644409179688,0.08720597624778748,-0.3810157775878906
1789130098219450600,47.62545068359375,0.38461875915527344,0.0016101598739624023,-0.37123870849609375
1789130098235456500,47.64145654296875,0.49332523345947266,-0.06198766827583313,-0.5368542671203613
1789130098251463000,47.657462890625,0.3072967529296875,-0.08837780356407166,-0.692063570022583
1789130098267463700,47.67346362304688,0.017744064331054688,-0.15144458413124084,-0.5484569072723389
1789130098283465500,47.68946557617188,0.4779825210571289,-0.0680840015411377,-0.5342581272125244
1789130098299471000,47.70547119140625,0.17334747314453125,0.051804035902023315,-0.37791919708251953
1789130098315477200,47.721477294921876,-0.07080936431884766,-0.05057254433631897,-0.3997347354888916
1789130098331484000,47.73748388671875,0.07906246185302734,-0.04827660322189331,-0.5242626667022705
1789130098347492400,47.75349243164062,0.08445549011230469,-0.08413439989089966,-0.3981778621673584
1789130098363496700,47.76949658203125,0.03649616241455078,-0.08409303426742554,-0.38144898414611816
1789130098379496200,47.78549609375,-0.07786083221435547,0.11932417750358582,-0.3464357852935791
1789130098395493400,47.80149340820312,0.3458595275878906,-0.07070603966712952,-0.3485558032989502
1789130098411488000,47.81748803710938,0.11490535736083984,-0.12943723797798157,-0.176985502243042
1789130098427486000,47.83348583984375,0.053131103515625,-0.06009957194328308,-0.20502877235412598
1789130098443485400,47.8494853515625,-0.002590179443359375,0.10899826884269714,-0.19742941856384277
1789130098459489300,47.8654892578125,-0.07685089111328125,-0.07614272832870483,-0.3204350471496582
1789130098475485000,47.88148486328125,-0.07283878326416016,-0.10902246832847595,-0.2507476806640625
1789130098491482400,47.897482421875,-0.149566650390625,0.043584197759628296,-0.3643639087677002
1789130098507484700,47.913484619140625,-0.3112983703613281,-0.05670958757400513,-0.1882312297821045
1789130098523491600,47.92949169921875,-0.013394355773925781,0.030305922031402588,-0.19875621795654297
1789130098539495700,47.94549560546875,0.19400787353515625,-0.008114993572235107,-0.06183791160583496
1789130098555496200,47.96149609375,-0.1728515625,-0.08664712309837341,-0.24636244773864746
1789130098571495200,47.9774951171875,0.08349037170410156,-0.17915275692939758,-0.08300495147705078
1789130098587495200,47.9934951171875,-0.10498714447021484,0.07282641530036926,-0.045281410217285156
1789130098603490000,48.00948999023438,0.14264678955078125,0.11625871062278748,-0.09912633895874023
1789130098619490000,48.02548999023438,0.07271385192871094,0.23364180326461792,0.00410914421081543
1789130098635488500,48.041488525390626,0.057041168212890625,0.07700052857398987,-0.015944242477416992
1789130098651492600,48.05749267578125,0.11239814758300781,0.09582892060279846,-0.2015223503112793
1789130098667500300,48.073500244140625,-0.0052890777587890625,0.19569295644760132,-0.17957115173339844
1789130098683504600,48.089504638671876,-0.09357357025146484,0.10354310274124146,-0.02981710433959961
1789130098699514400,48.105514404296876,0.11525249481201172,0.06995609402656555,-0.12968683242797852
1789130098715521300,48.12152124023437,0.045897483825683594,0.3451032042503357,-0.12281274795532227
1789130098731525600,48.13752563476562,0.09197235107421875,0.2855949103832245,-0.12194180488586426
1789130098747529700,48.15352978515625,0.1276693344116211,0.18506577610969543,-0.14273309707641602
1789130098763538200,48.1695380859375,-0.0761575698852539,0.24393582344055176,-0.10113263130187988
1789130098779546600,48.18554663085938,-0.11606121063232422,0.29038676619529724,-0.03365945816040039
1789130098795557000,48.20155712890625,-0.1263294219970703,0.2071324586868286,0.036539554595947266
1789130098811560200,48.21756030273438,-0.040294647216796875,0.12859785556793213,-0.04293322563171387
1789130098827559400,48.23355932617188,0.050861358642578125,0.17387163639068604,-0.019056320190429688
1789130098843559000,48.249558837890625,0.15128421783447266,-0.02762216329574585,0.01483774185180664
1789130098859561500,48.2655615234375,0.05028343200683594,0.08992612361907959,0.035349130630493164
1789130098875561000,48.28156103515625,-0.02666950225830078,-0.03761857748031616,-0.011301755905151367
1789130098891558100,48.29755810546875,-0.046092987060546875,-0.27694904804229736,-0.04897665977478027
1789130098907559700,48.3135595703125,0.020433425903320312,0.0443652868270874,-0.1771106719970703
1789130098923559400,48.329559326171875,0.10486602783203125,-0.18821540474891663,-0.19713044166564941
1789130098939558400,48.34555834960938,0.114593505859375,-0.4076412320137024,-0.35438013076782227
1789130098955560400,48.361560546875,-0.028520584106445312,-0.13404226303100586,-0.435197114944458
1789130098971562000,48.37756201171875,-0.1633129119873047,-0.2287801206111908,-0.3171229362487793
1789130098987564500,48.393564453125,-0.12616729736328125,-0.3378031551837921,-0.2270195484161377
1789130099003567000,48.409567138671875,0.017540931701660156,-0.3543848991394043,-0.17806053161621094
1789130099019571700,48.42557177734375,-0.1996297836303711,-0.31351804733276367,-0.07884716987609863
1789130099035571500,48.441571533203124,-0.17140579223632812,-0.21782098710536957,-0.27415919303894043
1789130099051569700,48.45756958007812,-0.44248199462890625,-0.27016106247901917,-0.015069246292114258
1789130099067570400,48.4735703125,-0.2800006866455078,-0.18782106041908264,0.1183319091796875
1789130099083574000,48.48957397460938,0.24108219146728516,-0.08443799614906311,-0.2398242950439453
1789130099099573000,48.50557299804687,-0.06147480010986328,0.028506189584732056,-0.11815977096557617
1789130099115573500,48.52157348632812,0.12852096557617188,0.24717339873313904,-0.3344390392303467
1789130099131575600,48.53757543945313,0.22808170318603516,0.11709845066070557,-0.32946109771728516
1789130099147583000,48.5535830078125,0.3182382583618164,0.05559206008911133,-0.25499868392944336
1789130099163580700,48.56958056640625,0.3133230209350586,0.052480846643447876,-0.16255617141723633
1789130099179578400,48.58557836914063,0.34821319580078125,0.18497613072395325,-0.15960121154785156
1789130099195581200,48.60158129882812,0.2978038787841797,0.3040026128292084,-0.10089850425720215
1789130099211583700,48.61758374023437,-0.014942169189453125,0.12549209594726562,-0.17866897583007812
1789130099227587300,48.63358740234375,0.1863079071044922,0.15710273385047913,-0.035422563552856445
1789130099243594500,48.649594482421875,0.019147872924804688,0.276361346244812,-0.055225372314453125
1789130099259603200,48.66560327148437,0.06465721130371094,0.13372313976287842,-0.11377429962158203
1789130099275606800,48.681606689453126,-0.04812145233154297,0.23408329486846924,-0.21442842483520508
1789130099291606500,48.6976064453125,-0.2948274612426758,0.28301069140434265,-0.11372804641723633
1789130099307607000,48.71360693359375,-0.20034408569335938,0.34349894523620605,-0.17367029190063477
1789130099323602000,48.72960180664062,0.12673282623291016,0.22341954708099365,-0.3766453266143799
1789130099339597600,48.74559765625,-0.21751022338867188,0.22576481103897095,-0.2229621410369873
1789130099355599000,48.76159912109375,-0.1537303924560547,0.055007100105285645,-0.23528289794921875
1789130099371604000,48.77760400390625,-0.2649221420288086,0.18157851696014404,0.11523771286010742
1789130099387600400,48.793600341796875,0.2799949645996094,0.1252085566520691,-0.06660008430480957
1789130099403595800,48.809595703125,0.08330917358398438,0.06926906108856201,0.09382438659667969
1789130099419593000,48.82559301757812,0.1506204605102539,0.018049001693725586,0.007498264312744141
1789130099435594000,48.841593994140624,0.1414203643798828,0.07697039842605591,0.20820236206054688
1789130099451594800,48.8575947265625,0.3476572036743164,0.18059909343719482,0.1692962646484375
1789130099467599600,48.873599609375,0.2905416488647461,-0.0404895544052124,0.07753658294677734
1789130099483596300,48.88959619140625,0.266815185546875,-0.007131040096282959,0.02431178092956543
1789130099499594800,48.9055947265625,0.1470928192138672,-0.0301666259765625,0.08643078804016113
1789130099515594500,48.921594482421874,0.24258136749267578,-0.12460458278656006,0.15397906303405762
1789130099531593500,48.937593505859375,0.23262596130371094,0.001655876636505127,0.20256471633911133
1789130099547591400,48.95359130859375,0.40445804595947266,-0.13916179537773132,0.1795973777770996
1789130099563590700,48.969590576171875,0.1643695831298828,-0.2733270227909088,0.1566154956817627
1789130099579589600,48.985589599609376,0.22130775451660156,-0.10106700658798218,0.09015154838562012
1789130099595592400,49.00159252929687,-0.009781837463378906,-0.24298930168151855,-0.01776432991027832
1789130099611594500,49.01759448242188,0.06088447570800781,-0.2553540766239166,0.050386905670166016
1789130099627597800,49.033597900390625,0.011734962463378906,0.08775544166564941,0.05723977088928223
1789130099643606500,49.0496064453125,0.10141372680664062,-0.04930323362350464,0.1075277328491211
1789130099659613700,49.06561376953125,0.018400192260742188,-0.11408254504203796,-0.07125020027160645
1789130099675613200,49.08161328125,-0.08883380889892578,-0.05956721305847168,-0.0815880298614502
1789130099691620000,49.0976201171875,0.014108657836914062,-0.12973564863204956,-0.02901291847229004
1789130099707630000,49.113630126953126,0.0122222900390625,-0.008898019790649414,-0.10144686698913574
1789130099723637000,49.12963696289062,-0.09493350982666016,0.013798773288726807,-0.07792973518371582
1789130099739645000,49.14564501953125,-0.20690345764160156,-0.06008592247962952,-0.11644673347473145
1789130099755649800,49.16164990234375,-0.0891571044921875,0.06171971559524536,-0.23112201690673828
1789130099771653600,49.177653564453124,-0.062183380126953125,-0.1757088303565979,-0.0015788078308105469
1789130099787655200,49.1936552734375,0.08503150939941406,-0.15531820058822632,-0.012773752212524414
1789130099803655000,49.209655029296876,-0.10242176055908203,-0.07034066319465637,-0.15430092811584473
1789130099819655700,49.22565576171875,-0.06487274169921875,0.0817575454711914,0.039495229721069336
1789130099835652900,49.24165283203125,-0.04162025451660156,0.11405152082443237,0.1229865550994873
1789130099851655700,49.25765576171875,0.04869365692138672,0.08895277976989746,-0.09047627449035645
1789130099867656400,49.273656494140624,-0.0909738540649414,0.081973135471344,-0.11664390563964844
1789130099883653600,49.289653564453126,-0.2544078826904297,0.0412784218788147,0.0386965274810791
1789130099899655700,49.30565576171875,0.07032585144042969,0.19000977277755737,-0.08744454383850098
1789130099915658200,49.321658203125,-0.3755168914794922,-0.04946619272232056,0.010553598403930664
1789130099931664100,49.3376640625,-0.0698394775390625,-0.1617298424243927,-0.26466965675354004
1789130099947668200,49.353668212890625,-0.3532218933105469,0.12797504663467407,-0.051192283630371094
1789130099963673900,49.369673828125,-0.1431713104248047,-0.02745378017425537,-0.0059642791748046875
1789130099979677400,49.38567749023437,0.028710365295410156,-0.12163376808166504,0.0486302375793457
1789130099995679000,49.401678955078125,-0.13442707061767578,-0.25296539068222046,-0.007570028305053711
1789130100011679200,49.41767919921875,0.17086029052734375,-0.3601366877555847,-0.009613275527954102
1789130100027683300,49.433683349609375,0.24229145050048828,0.09299492835998535,0.2543375492095947
1789130100043689500,49.449689453125,0.28572654724121094,-0.014117300510406494,0.18107271194458008
1789130100059692300,49.4656923828125,0.3481264114379883,-0.24665552377700806,0.17551589012145996
1789130100075698000,49.481697998046876,0.13755416870117188,0.0037233829498291016,0.19411826133728027
1789130100091701000,49.49770092773438,0.16171550750732422,0.10420984029769897,0.07381439208984375
1789130100107705000,49.513705078125,0.3149690628051758,-0.03387284278869629,0.20769095420837402
1789130100123705000,49.529705078125,0.22894859313964844,-0.013840019702911377,0.07778620719909668
1789130100139708400,49.54570849609375,0.21024131774902344,0.03885054588317871,0.13879966735839844
1789130100155705000,49.561705078125,0.26796531677246094,0.028409063816070557,0.018500804901123047
1789130100171708700,49.57770874023438,-0.042641639709472656,-0.07302585244178772,0.1988353729248047
1789130100187711000,49.5937109375,0.16910552978515625,0.02648293972015381,0.10989737510681152
1789130100203714800,49.60971484375,0.10819435119628906,0.06407982110977173,0.03927755355834961
1789130100219722000,49.625721923828124,0.06138801574707031,0.010080516338348389,0.12271833419799805
1789130100235726000,49.64172607421875,-0.11948776245117188,0.06683611869812012,-0.08126235008239746
1789130100251728100,49.65772802734375,-0.16127586364746094,0.06694167852401733,0.02525496482849121
1789130100267733200,49.673733154296876,-0.2988300323486328,0.18630844354629517,0.050443410873413086
1789130100283736000,49.68973608398438,-0.2542686462402344,0.1712273359298706,-0.058808088302612305
1789130100299733800,49.705733642578124,0.005333900451660156,0.07503944635391235,0.01026463508605957
1789130100315730700,49.721730712890626,-0.3184795379638672,0.08352142572402954,0.09649848937988281
1789130100331736000,49.73773608398437,0.018545150756835938,0.07744944095611572,0.010293006896972656
1789130100347737900,49.75373779296875,-0.3246498107910156,0.014675378799438477,0.044396162033081055
1789130100363741400,49.769741455078126,-0.3039216995239258,-0.04264289140701294,0.06402325630187988
1789130100379745800,49.78574584960938,-0.1778860092163086,0.05350780487060547,0.09329414367675781
1789130100395754800,49.80175463867187,-0.09460639953613281,-0.002623617649078369,0.0496673583984375
1789130100411759000,49.817759033203124,-0.131439208984375,-0.12478792667388916,0.11711525917053223
1789130100427761200,49.83376123046875,0.20992660522460938,0.0224187970161438,0.155869722366333
1789130100443761700,49.84976171875,0.019575119018554688,-0.059778809547424316,0.08977198600769043
1789130100459768800,49.86576879882813,0.13989543914794922,-0.21769005060195923,0.16395998001098633
1789130100475774700,49.88177465820313,0.11188411712646484,-0.12548986077308655,0.2616250514984131
1789130100491784000,49.897783935546876,0.28550052642822266,-0.0510808527469635,0.1565990447998047
1789130100507787800,49.913787841796875,0.3054084777832031,-0.07839477062225342,0.11530923843383789
1789130100523790000,49.9297900390625,0.19665241241455078,-0.03745940327644348,0.3020162582397461
1789130100539794000,49.9457939453125,0.32851314544677734,-0.02101576328277588,0.3276040554046631
1789130100555799300,49.96179931640625,0.2213573455810547,-0.033889055252075195,0.24688458442687988
1789130100571801000,49.977801025390626,0.19032573699951172,-0.07128125429153442,0.2537827491760254
1789130100587805400,49.99380541992188,0.32618045806884766,-0.05570286512374878,0.27213096618652344
1789130100603806000,50.00980590820313,0.054683685302734375,-0.00653839111328125,0.12378644943237305
1789130100619803100,50.02580322265625,-0.2457408905029297,-0.005639374256134033,0.17715668678283691
1789130100635799800,50.0417998046875,0.16680240631103516,-0.08491045236587524,0.0305938720703125
1789130100651801000,50.057801025390624,0.06677913665771484,-0.20577681064605713,0.023257732391357422
1789130100667808300,50.07380834960937,-0.11010932922363281,-0.16460421681404114,-0.0024378299713134766
1789130100683818500,50.089818603515624,0.014768600463867188,-0.15418490767478943,0.08618783950805664
1789130100699827200,50.1058271484375,0.01163482666015625,-0.22495366632938385,0.19060921669006348
1789130100715838200,50.121838134765625,0.2956686019897461,-0.23425829410552979,-0.01093149185180664
1789130100731847400,50.13784741210937,0.08083152770996094,-0.036272525787353516,0.16855931282043457
1789130100747861800,50.15386181640625,-0.01874256134033203,0.0778595507144928,0.17986416816711426
1789130100763874000,50.1698740234375,0.10155010223388672,0.046123236417770386,-0.037357330322265625
1789130100779883800,50.1858837890625,0.04432487487792969,0.060420334339141846,0.024280309677124023
1789130100795893500,50.2018935546875,0.10173892974853516,0.2183125913143158,0.04835867881774902
1789130100811905000,50.21790502929687,0.0349884033203125,0.2935563027858734,0.04297518730163574
1789130100827917300,50.233917236328125,-0.09837913513183594,0.25194790959358215,0.06544709205627441
1789130100843931400,50.24993139648438,-0.025354385375976562,0.22193673253059387,0.04865908622741699
1789130100859941400,50.26594140625,0.1346111297607422,0.11310723423957825,0.08764362335205078
1789130100875948500,50.281948486328126,0.0019588470458984375,0.09763219952583313,0.008623600006103516
1789130100891957500,50.29795751953125,0.04209327697753906,0.3010868430137634,0.09155941009521484
1789130100907969800,50.3139697265625,-0.06159400939941406,0.2590568959712982,-0.0355377197265625
1789130100923978800,50.32997875976562,0.04960823059082031,0.12473931908607483,0.03546023368835449
1789130100939992000,50.34599194335937,-0.29432010650634766,0.17924487590789795,0.006277799606323242
1789130100956000300,50.362000244140624,-0.15029621124267578,0.09735095500946045,-0.1895885467529297
1789130100972019000,50.37801904296875,-0.040696144104003906,0.0958641767501831,-0.03885078430175781
1789130100988031500,50.39403149414063,-0.2043628692626953,0.09251391887664795,-0.27074098587036133
1789130101004043800,50.41004370117187,-0.3634185791015625,0.10988086462020874,0.005184173583984375
1789130101020054000,50.426053955078125,-0.20146751403808594,0.05638200044631958,0.05064201354980469
1789130101036066300,50.44206640625,0.037471771240234375,0.09337759017944336,-0.10113286972045898
1789130101052078300,50.45807836914062,0.022205352783203125,-0.12051764130592346,0.09732532501220703
1789130101068088300,50.47408837890625,0.07389354705810547,-0.049885839223861694,-0.039483070373535156
1789130101084102100,50.49010205078125,0.029572486877441406,0.054810941219329834,0.0014421939849853516
1789130101100113400,50.506113525390624,0.12877368927001953,-0.13145804405212402,0.042555809020996094
1789130101116128500,50.52212841796875,0.0367279052734375,-0.16493290662765503,-0.05109453201293945
1789130101132145000,50.53814477539063,0.0356292724609375,-0.0024413764476776123,-0.03925514221191406
1789130101148157700,50.55415771484375,-0.1519622802734375,-0.20266640186309814,-0.10486817359924316
1789130101164170000,50.570169921875,-0.03346538543701172,-0.23857644200325012,-0.06435465812683105
1789130101180177400,50.58617749023438,-0.044219017028808594,-0.2241022288799286,-0.11045098304748535
1789130101196188000,50.60218798828125,-0.1461029052734375,-0.303599089384079,-0.03664708137512207
1789130101212196400,50.6181962890625,-0.02260112762451172,-0.27852755784988403,0.05017232894897461
1789130101228203300,50.63420336914062,0.0005502700805664062,-0.18964503705501556,-0.13182926177978516
1789130101244215000,50.65021508789062,-0.1199188232421875,-0.24479056894779205,0.007039070129394531
1789130101260225300,50.666225341796874,-0.08186721801757812,-0.2631320059299469,0.05330967903137207
1789130101276238000,50.68223803710937,0.18172550201416016,-0.11670854687690735,0.06519746780395508
1789130101292253000,50.6982529296875,0.1966257095336914,-0.10997933149337769,0.17270469665527344
1789130101308254700,50.714254638671875,0.06888103485107422,-0.020223945379257202,0.09595441818237305
1789130101324256500,50.73025659179687,-0.03504371643066406,0.045368194580078125,0.08709073066711426
1789130101340256300,50.74625634765625,0.08635711669921875,0.05727100372314453,0.23563766479492188
1789130101356258000,50.762258056640626,0.09373092651367188,0.1635889708995819,0.1952381134033203
1789130101372263000,50.77826293945313,0.09660720825195312,0.1014014184474945,0.14460158348083496
1789130101388264000,50.79426391601562,-0.010491371154785156,0.018534749746322632,0.2756812572479248
1789130101404267500,50.810267578125,-0.030081748962402344,0.12004786729812622,0.24557280540466309
1789130101420273700,50.82627368164062,0.028199195861816406,0.12853023409843445,0.3608989715576172
1789130101436284400,50.842284423828126,0.05924510955810547,0.17297545075416565,0.2572054862976074
1789130101452295700,50.858295654296874,0.029985427856445312,0.19516411423683167,0.3309516906738281
1789130101468306200,50.87430615234375,0.15819644927978516,0.12199100852012634,0.33919286727905273
1789130101484316700,50.89031665039062,0.1310415267944336,0.12005296349525452,0.4990062713623047
1789130101500327700,50.90632763671875,-0.05431079864501953,0.0538860559463501,0.4610910415649414
1789130101516340500,50.92234057617188,-0.06553936004638672,0.13316693902015686,0.5963709354400635
1789130101532351500,50.9383515625,-0.0827789306640625,0.060443878173828125,0.4888460636138916
1789130101548355600,50.95435546875,-0.05643939971923828,0.19905555248260498,0.4479396343231201
1789130101564360700,50.97036059570313,-0.07350921630859375,0.011568784713745117,0.5522820949554443
1789130101580369400,50.986369384765624,0.038702964782714844,0.006694972515106201,0.5280299186706543
1789130101596375600,51.00237548828125,0.07427692413330078,0.19945335388183594,0.44290637969970703
1789130101612387000,51.018386962890624,0.030076980590820312,0.0971074104309082,0.3411898612976074
1789130101628400400,51.034400390625,0.09321403503417969,-0.036634624004364014,0.30800461769104004
1789130101644405800,51.05040576171875,0.1384592056274414,0.02365019917488098,0.22510671615600586
1789130101660403700,51.06640380859375,0.08420085906982422,0.052949100732803345,0.05932950973510742
1789130101676407300,51.0824072265625,0.07676219940185547,-0.16983190178871155,0.10164785385131836
1789130101692418000,51.09841796875,-0.0031270980834960938,-0.14805740118026733,0.07830667495727539
1789130101708421600,51.114421630859376,0.045638084411621094,-0.05389031767845154,0.11856746673583984
1789130101724421000,51.13042114257812,-0.14007282257080078,-0.0892941951751709,0.010096549987792969
1789130101740423200,51.14642309570313,-0.09100151062011719,-0.12156292796134949,0.0446314811706543
1789130101756423700,51.16242358398438,-0.12344551086425781,-0.11000329256057739,-0.006819248199462891
1789130101772429600,51.1784296875,-0.20308589935302734,-0.24429479241371155,0.07886266708374023
1789130101788433400,51.194433349609376,-0.15317821502685547,-0.23404543101787567,0.06817102432250977
1789130101804439800,51.21043969726563,-0.21824073791503906,-0.03449276089668274,-0.03355121612548828
1789130101820445200,51.226445068359375,-0.020430564880371094,-0.1509304940700531,0.00953054428100586
1789130101836449300,51.24244921875,-0.034023284912109375,-0.17281997203826904,0.001689910888671875
1789130101852455200,51.258455078125,-0.019632339477539062,-0.16515791416168213,-0.06638431549072266
1789130101868457200,51.274457275390624,-0.02924060821533203,-0.08352482318878174,0.04307365417480469
1789130101884466400,51.29046655273437,0.05179405212402344,0.02078273892402649,-0.06209278106689453
1789130101900468200,51.30646826171875,0.089630126953125,-0.04943811893463135,-0.0998239517211914
1789130101916471600,51.32247143554687,0.0026178359985351562,-0.03051292896270752,-0.06003618240356445
1789130101932473900,51.338473876953124,0.0970144271850586,-0.04081183671951294,-0.19616365432739258
1789130101948476400,51.354476318359374,0.15535449981689453,0.011368125677108765,-0.37938380241394043
1789130101964480500,51.37048046875,0.04773426055908203,-0.08487975597381592,-0.3065946102142334
1789130101980482300,51.386482421875,-0.011229515075683594,-0.04646378755569458,-0.3972041606903076
1789130101996482300,51.402482421875,0.2380046844482422,0.004579514265060425,-0.4806489944458008
1789130102012485400,51.4184853515625,0.17995262145996094,-0.012857645750045776,-0.531731367111206
1789130102028490800,51.43449072265625,0.054256439208984375,0.05256006121635437,-0.47522735595703125
1789130102044496100,51.45049609375,0.13251972198486328,0.055968016386032104,-0.43743252754211426
1789130102060505600,51.466505615234375,0.07654571533203125,0.06839916110038757,-0.35047125816345215
1789130102076520000,51.48252001953125,0.12182331085205078,0.040812909603118896,-0.40782976150512695
1789130102092535800,51.498535888671874,0.17063236236572266,0.054300546646118164,-0.5041284561157227
1789130102108548400,51.51454833984375,0.19601726531982422,0.026084214448928833,-0.44756174087524414
1789130102124554500,51.53055444335938,0.25612354278564453,0.022709399461746216,-0.5032389163970947
1789130102140565000,51.54656494140625,0.17824268341064453,-0.03706827759742737,-0.3975064754486084
1789130102156571100,51.562571044921874,0.07516002655029297,-0.09522226452827454,-0.2620363235473633
1789130102172578300,51.57857836914062,0.20241451263427734,-0.04579281806945801,-0.32373571395874023
1789130102188584400,51.59458447265625,0.08694267272949219,-0.10428068041801453,-0.35550403594970703
1789130102204587000,51.6105869140625,0.021401405334472656,-0.07545973360538483,-0.25360107421875
1789130102220593200,51.62659326171875,0.1677255630493164,-0.01318448781967163,-0.24551987648010254
1789130102236592600,51.64259252929688,0.13330554962158203,-0.0364336222410202,-0.2597062587738037
1789130102252592400,51.65859228515625,0.005286216735839844,-0.003964096307754517,-0.22216176986694336
1789130102268589300,51.67458935546875,0.0020208358764648438,0.08986818790435791,-0.23775005340576172
1789130102284587300,51.69058715820312,-0.028490066528320312,0.02930271625518799,-0.2381904125213623
1789130102300591000,51.70659106445312,-0.0048274993896484375,0.0009792745113372803,-0.17570972442626953
1789130102316599000,51.72259912109375,0.05314159393310547,0.0338282585144043,-0.16324234008789062
1789130102332604400,51.7386044921875,0.015483856201171875,0.08917415142059326,-0.1270754337310791
1789130102348603600,51.75460375976562,0.01742076873779297,0.08289015293121338,-0.008483648300170898
1789130102364604400,51.7706044921875,0.044478416442871094,0.09650784730911255,0.01084756851196289
1789130102380609800,51.78660986328125,-0.09983062744140625,0.03812640905380249,0.0032720565795898438
1789130102396613000,51.802613037109374,0.058220863342285156,0.01392945647239685,0.18994450569152832
1789130102412616700,51.81861669921875,-0.09312725067138672,-0.025314897298812866,0.39519453048706055
1789130102428622800,51.83462280273437,-0.14589595794677734,-0.05010691285133362,0.41507530212402344
1789130102444632300,51.85063232421875,-0.25243377685546875,-0.08295643329620361,0.409839391708374
1789130102460641500,51.8666416015625,-0.28353023529052734,-0.1424911618232727,0.43260693550109863
1789130102476650800,51.882650634765625,-0.31028079986572266,-0.1736156940460205,0.4815070629119873
1789130102492656000,51.89865625,-0.30033016204833984,-0.2233184278011322,0.4549431800842285
1789130102508668700,51.91466870117188,-0.2949953079223633,-0.15787842869758606,0.3571295738220215
1789130102524676600,51.93067651367188,-0.2001953125,-0.14235065877437592,0.35547924041748047
1789130102540680400,51.946680419921876,-0.1887063980102539,-0.1091168001294136,0.34059667587280273
1789130102556687600,51.9626875,-0.16668701171875,-0.1081814169883728,0.3669111728668213
1789130102572695000,51.97869506835937,-0.046833038330078125,-0.020502105355262756,0.18082714080810547
1789130102588702500,51.99470239257813,-0.09237384796142578,0.05471600592136383,0.27483487129211426
1789130102604703500,52.01070336914062,0.008429527282714844,0.0844084769487381,0.2883331775665283
1789130102620704500,52.02670458984375,-0.055579185485839844,0.21163061261177063,0.16353821754455566
1789130102636706800,52.042706787109374,-0.10124778747558594,0.13146255910396576,0.17502927780151367
1789130102652712000,52.0587119140625,-0.16144275665283203,0.13036490976810455,0.16320204734802246
1789130102668716800,52.074716796875,0.037139892578125,0.27994322776794434,0.13195538520812988
1789130102684725200,52.090725341796876,-0.09971332550048828,0.16416865587234497,0.13027620315551758
1789130102700728000,52.10672802734375,-0.08778953552246094,0.12219014763832092,0.19988608360290527
1789130102716732200,52.12273217773438,-0.0002803802490234375,0.16395969688892365,0.09479522705078125
1789130102732736800,52.13873681640625,-0.028520584106445312,0.16812852025032043,0.09230327606201172
1789130102748740000,52.154739990234376,0.08682441711425781,0.09748810529708862,0.18090009689331055
1789130102764744400,52.17074438476563,0.03885459899902344,0.018194466829299927,0.21324849128723145
1789130102780753400,52.18675341796875,0.01922893524169922,-0.002197951078414917,0.1554863452911377
1789130102796760800,52.2027607421875,-0.000476837158203125,-0.04481230676174164,0.18880724906921387
1789130102812766700,52.2187666015625,0.056097984313964844,-0.13659335672855377,0.14608192443847656
1789130102828770300,52.23477026367188,-0.03568553924560547,-0.08314983546733856,0.22278165817260742
1789130102844776700,52.25077661132813,-0.07459163665771484,-0.13277526199817657,0.22224736213684082
1789130102860784400,52.26678442382813,-0.08385848999023438,-0.2136651873588562,0.2242419719696045
1789130102876788500,52.28278857421875,-0.07855796813964844,-0.17180326581001282,0.09153103828430176
1789130102892795600,52.298795654296875,-0.005816459655761719,-0.2747519612312317,0.14925050735473633
1789130102908801500,52.314801513671874,-0.04353904724121094,-0.19030535221099854,0.19342994689941406
1789130102924809000,52.33080908203125,-0.14833545684814453,-0.08698299527168274,0.11330032348632812
1789130102940813600,52.3468134765625,-0.09037208557128906,-0.18781113624572754,0.13861775398254395
1789130102972825900,52.378825927734376,-0.008208274841308594,-0.1285385638475418,0.24312686920166016
1789130102988836400,52.39483642578125,-0.08842849731445312,-0.1296076476573944,0.19559574127197266
1789130103004842800,52.4108427734375,-0.07384109497070312,-0.06046923249959946,0.22700285911560059
1789130103020844300,52.42684423828125,-0.0012645721435546875,-0.020820006728172302,0.16153407096862793
1789130103036852700,52.44285278320312,0.05688285827636719,-0.06507665663957596,0.21608519554138184
1789130103052862700,52.45886279296875,0.11976146697998047,0.012968942523002625,0.32835960388183594
1789130103068862200,52.4748623046875,0.0060577392578125,0.05608077347278595,0.27183055877685547
1789130103084860200,52.490860107421874,0.0843496322631836,0.04511427879333496,0.22396612167358398
1789130103100856800,52.50685693359375,0.11958026885986328,-0.03403779864311218,0.3293642997741699
1789130103116857000,52.52285717773437,0.07358169555664062,0.001386404037475586,0.26686573028564453
1789130103132856300,52.538856201171875,0.004330635070800781,-0.025866255164146423,0.24602985382080078
1789130103148856600,52.554856689453125,0.11188507080078125,0.06603220105171204,0.2883472442626953
1789130103164858000,52.57085815429687,-0.07701587677001953,0.08071255683898926,0.24843883514404297
1789130103180861400,52.586861328125,-0.09696674346923828,0.09010076522827148,0.21048545837402344
1789130103196863700,52.60286376953125,-0.0750732421875,0.05521473288536072,0.14187240600585938
1789130103212866800,52.61886669921875,-0.1735820770263672,0.03470444679260254,0.15622425079345703
1789130103228863000,52.634863037109376,-0.2242584228515625,0.1526104211807251,0.1468348503112793
1789130103244861000,52.65086083984375,-0.15572166442871094,0.11182110011577606,0.11466455459594727
1789130103260866800,52.66686669921875,-0.1828441619873047,0.18471446633338928,0.21168279647827148
1789130103276873000,52.682873046875,0.0020294189453125,0.2501084506511688,0.28221988677978516
1789130103292871700,52.69887158203125,-0.2647523880004883,0.2568280100822449,0.4182429313659668
1789130103308868600,52.71486865234375,0.1675558090209961,0.2540833055973053,0.4107942581176758
1789130103324866600,52.73086645507812,0.1206064224243164,0.2523176372051239,0.7158575057983398
1789130103340862500,52.746862548828126,0.04891395568847656,0.10706043243408203,0.7740249633789062
1789130103356859600,52.76285961914063,0.022457122802734375,0.1908622682094574,0.8283944129943848
1789130103372860700,52.77886059570312,0.1982097625732422,0.21663188934326172,0.8906865119934082
1789130103388860000,52.79485986328125,0.2772712707519531,0.1641620397567749,0.8500051498413086
1789130103404862000,52.810862060546874,0.2829933166503906,0.11542186141014099,0.9467148780822754
1789130103420862200,52.8268623046875,0.2687797546386719,-0.010466963052749634,0.8632164001464844
1789130103436865000,52.842864990234375,0.33444786071777344,-0.017711162567138672,0.768437385559082
1789130103452874800,52.858874755859375,0.30249500274658203,-0.02271905541419983,0.7396240234375
1789130103468880600,52.874880615234375,0.3074369430541992,-0.0531524121761322,0.7757625579833984
1789130103484890400,52.890890380859375,0.3202981948852539,-0.1375862956047058,0.561182975769043
1789130103500896800,52.906896728515626,0.322845458984375,-0.1807394176721573,0.6257133483886719
1789130103516903400,52.9229033203125,0.13399887084960938,-0.24313649535179138,0.45528173446655273
1789130103532909800,52.938909912109374,0.18994426727294922,-0.1825990229845047,0.4802279472351074
1789130103548917800,52.95491772460937,0.13288116455078125,-0.260195255279541,0.40514516830444336
1789130103564920800,52.9709208984375,0.050133705139160156,-0.24522307515144348,0.3188929557800293
1789130103580920600,52.986920654296874,0.2162771224975586,-0.30208271741867065,0.14078617095947266
1789130103596920800,53.0029208984375,-0.011720657348632812,-0.2393341064453125,0.1473550796508789
1789130103612923000,53.0189228515625,0.012403488159179688,-0.24345819652080536,0.04676628112792969
1789130103628924000,53.034923828125,0.17247581481933594,-0.24362675845623016,-0.024728775024414062
1789130103644923400,53.05092333984375,0.062103271484375,-0.19295360147953033,-0.04423999786376953
1789130103660927200,53.06692724609375,0.055599212646484375,-0.17708121240139008,-0.08504104614257812
1789130103676927700,53.082927734375,0.09113216400146484,-0.13922347128391266,-0.09516239166259766
1789130103692931300,53.098931396484375,0.11146831512451172,-0.13304194808006287,-0.09891700744628906
1789130103708937700,53.114937744140626,0.07912826538085938,-0.06697481870651245,-0.1504378318786621
1789130103724946400,53.13094653320312,0.0889596939086914,-0.01731880009174347,-0.1667490005493164
1789130103740954600,53.14695458984375,0.054889678955078125,0.02053724229335785,-0.21508121490478516
1789130103756959700,53.16295971679688,0.26061344146728516,0.07159523665904999,-0.45677947998046875
1789130103772958500,53.17895849609375,0.29262351989746094,0.05840739607810974,-0.6360683441162109
1789130103788956000,53.19495581054687,0.31430816650390625,0.08896008133888245,-0.6671605110168457
1789130103804959500,53.21095947265625,0.36684417724609375,0.14536431431770325,-0.6924633979797363
1789130103820958700,53.22695874023437,0.34125518798828125,0.13069428503513336,-0.6611113548278809
1789130103836958200,53.24295825195313,0.3850059509277344,0.1600703001022339,-0.6476573944091797
1789130103852963300,53.25896337890625,0.34130859375,0.12576206028461456,-0.6398200988769531
1789130103868967400,53.27496752929687,0.27512073516845703,0.08647885918617249,-0.5661435127258301
1789130103884971800,53.2909716796875,0.22200393676757812,0.11904291808605194,-0.42125701904296875
1789130103900982800,53.30698266601563,0.15810012817382812,0.10397826135158539,-0.3972158432006836
1789130103916993500,53.32299365234375,0.178802490234375,0.09008321166038513,-0.3787202835083008
1789130103933002000,53.339001953125,0.2630138397216797,0.101540207862854,-0.42423510551452637
1789130103949013000,53.355012939453125,0.16693496704101562,0.02420419454574585,-0.36240601539611816
1789130103965022700,53.371022705078126,0.09929275512695312,0.017846405506134033,-0.27627134323120117
1789130103981032400,53.387032470703126,0.08850574493408203,0.028422802686691284,-0.2803385257720947
1789130103997043200,53.40304321289062,0.15976905822753906,0.030434787273406982,-0.35738587379455566
1789130104013051400,53.419051513671874,0.16722679138183594,0.009747505187988281,-0.38761210441589355
1789130104029058800,53.43505883789062,0.19239234924316406,-0.02848491072654724,-0.3903369903564453
1789130104045064400,53.451064453125,0.15077972412109375,-0.04547968506813049,-0.3549957275390625
1789130104061070000,53.46707006835938,0.11531639099121094,-0.06123758852481842,-0.3319878578186035
1789130104077079600,53.48307958984375,0.1197042465209961,-0.061276525259017944,-0.29790568351745605
1789130104093089800,53.49908984375,0.15750503540039062,-0.07907520234584808,-0.3351294994354248
1789130104109097500,53.51509741210938,0.17181968688964844,-0.08633789420127869,-0.3204507827758789
1789130104125108000,53.53110791015625,0.19437599182128906,-0.10162067413330078,-0.39804530143737793
1789130104141117000,53.54711694335938,0.18590831756591797,-0.1156107634305954,-0.43611621856689453
1789130104157128200,53.563128173828126,0.15625667572021484,-0.10434745252132416,-0.492523193359375
1789130104173143600,53.5791435546875,0.20440959930419922,-0.07750511169433594,-0.5582146644592285
1789130104189157000,53.5951572265625,0.264923095703125,-0.07471519708633423,-0.6223032474517822
1789130104205169700,53.611169677734374,0.30389976501464844,-0.09558409452438354,-0.7025580406188965
1789130104221179600,53.6271796875,0.2981710433959961,-0.09732720255851746,-0.6424891948699951
1789130104237183500,53.64318359375,0.17382335662841797,-0.07467962056398392,-0.5593376159667969
1789130104253191000,53.65919091796875,0.251373291015625,-0.048723913729190826,-0.5719218254089355
1789130104269202200,53.6752021484375,0.2485361099243164,-0.08550714701414108,-0.513418436050415
1789130104285211100,53.691211181640625,0.17139625549316406,-0.0570058599114418,-0.45961880683898926
1789130104301222100,53.70722216796875,0.10158538818359375,-0.015761852264404297,-0.4116668701171875
1789130104317228500,53.723228515625,0.07321453094482422,-0.018585175275802612,-0.3527851104736328
1789130104333237000,53.73923706054688,0.044910430908203125,-0.0003061443567276001,-0.26511430740356445
1789130104349248500,53.75524853515625,0.029885292053222656,-0.007525645196437836,-0.20792317390441895
1789130104365258000,53.771258056640626,-0.06779861450195312,0.031256504356861115,-0.12840914726257324
1789130104381268700,53.78726879882812,-0.0818166732788086,0.05941760540008545,-0.1088719367980957
1789130104397276400,53.8032763671875,-0.1419382095336914,0.0677325651049614,-0.0377047061920166
1789130104413284900,53.819284912109374,-0.16727638244628906,0.085483118891716,-0.018613100051879883
1789130104429299200,53.83529931640625,-0.1821002960205078,0.06961977481842041,0.040447235107421875
1789130104445310000,53.85131005859375,-0.21586322784423828,0.09681984782218933,0.041333913803100586
1789130104461323800,53.86732373046875,-0.23480796813964844,0.11844481527805328,0.01201319694519043
1789130104477337000,53.883337158203126,-0.20081710815429688,0.11524878442287445,0.02015852928161621
1789130104493347300,53.89934741210938,-0.16660594940185547,0.1114095002412796,-0.010698318481445312
1789130104509354000,53.91535400390625,-0.13234329223632812,0.11186337471008301,-0.017752885818481445
1789130104525365800,53.93136572265625,-0.10289192199707031,0.09783121943473816,-0.0007801055908203125
1789130104541377500,53.94737744140625,-0.06892967224121094,0.10276609659194946,-0.025953054428100586
1789130104557388300,53.96338818359375,-0.025475502014160156,0.07462248206138611,-0.012553215026855469
1789130104573395000,53.97939501953125,-0.006160736083984375,0.10405543446540833,-0.0368044376373291
1789130104589400300,53.995400390625,0.02252197265625,0.06693923473358154,0.04017305374145508
1789130104605407000,54.011406982421875,0.008260726928710938,0.040137022733688354,0.03999471664428711
1789130104621411800,54.02741186523438,0.013176918029785156,0.03795582056045532,0.034912109375
1789130104637415200,54.043415283203124,0.0037059783935546875,0.017324060201644897,0.049012184143066406
1789130104653419000,54.0594189453125,0.023012161254882812,0.011834561824798584,0.053331613540649414
1789130104669417200,54.07541723632813,-0.015062332153320312,-0.007679298520088196,0.0765235424041748
1789130104685420500,54.091420654296876,-0.00031566619873046875,-0.022080272436141968,0.08961987495422363
1789130104701425400,54.10742529296875,-0.02371692657470703,-0.031110599637031555,0.06384706497192383
1789130104717431800,54.12343188476562,-0.037227630615234375,-0.03981339931488037,0.07052993774414062
1789130104733439200,54.13943920898438,-0.03658771514892578,-0.05811247229576111,0.010894536972045898
1789130104749449200,54.15544921875,-0.04084205627441406,-0.047292932868003845,0.01862621307373047
1789130104765458400,54.17145849609375,-0.04046630859375,-0.05602431297302246,-0.016188383102416992
1789130104781465000,54.18746508789062,-0.07842254638671875,-0.04526259005069733,-0.012639045715332031
1789130104797474800,54.20347485351562,-0.05916404724121094,-0.034873172640800476,-0.017815828323364258
1789130104813483800,54.21948388671875,-0.05446434020996094,-0.03412657976150513,-0.05587506294250488
1789130104829491200,54.2354912109375,-0.054564476013183594,-0.024042263627052307,-0.04599285125732422
1789130104845500000,54.2515,-0.06428337097167969,-0.019127830862998962,-0.055104970932006836
1789130104861509000,54.267509033203126,-0.04527568817138672,-0.009587258100509644,-0.05462074279785156
1789130104877514000,54.28351391601562,-0.03111553192138672,0.00952361524105072,-0.02520465850830078
1789130104893520600,54.299520751953125,-0.026350021362304688,0.03802447021007538,-0.029907703399658203
1789130104909525000,54.31552490234375,-0.012088775634765625,0.042444974184036255,-0.0008106231689453125
1789130104925531400,54.33153149414063,-0.016923904418945312,0.037278831005096436,-0.01021265983581543
1789130104941530600,54.34753051757812,-0.021680831909179688,0.04123370349407196,-0.0006911754608154297
1789130104957534500,54.36353442382813,0.007160186767578125,0.05977627635002136,0.008554458618164062
1789130104973544400,54.37954443359375,-0.007014274597167969,0.05893091857433319,0.03191399574279785
1789130104989553000,54.395552978515624,-0.025938034057617188,0.06269596517086029,0.031209468841552734
1789130105005557000,54.41155688476562,-0.030457496643066406,0.047037944197654724,0.025610923767089844
1789130105021557500,54.4275576171875,-0.020676612854003906,0.05064135789871216,0.00585174560546875
1789130105037558800,54.44355883789063,-0.030107498168945312,0.04485902190208435,0.010215282440185547
1789130105053556700,54.459556640625,-0.06343460083007812,0.034184083342552185,0.019226551055908203
1789130105069557500,54.4755576171875,-0.08719825744628906,0.03342686593532562,-0.0004763603210449219
1789130105085559600,54.4915595703125,-0.0632028579711914,0.018186956644058228,0.008979558944702148
1789130105101557500,54.5075576171875,-0.06315994262695312,0.017787903547286987,0.03280377388000488
1789130105117559600,54.5235595703125,-0.07255172729492188,-0.0016110539436340332,-0.0013170242309570312
1789130105133564400,54.539564453125,-0.08688068389892578,-0.011291638016700745,-0.011004447937011719
1789130105149568500,54.555568603515624,-0.06296920776367188,-0.01105162501335144,-0.025283098220825195
1789130105165570300,54.5715703125,-0.048623085021972656,-0.015687882900238037,-0.01565241813659668
1789130105181574100,54.58757421875,-0.02943897247314453,-0.02969379723072052,-0.02056145668029785
1789130105197582800,54.603582763671874,-0.03898048400878906,-0.03892849385738373,-0.02069997787475586
1789130105213589800,54.61958984375,-0.010282516479492188,-0.04348351061344147,-0.03976154327392578
1789130105229594400,54.63559448242187,-0.0056247711181640625,-0.0335506796836853,-0.020197153091430664
1789130105245600000,54.65160009765625,0.0038604736328125,-0.023467227816581726,-0.01992321014404297
1789130105261610200,54.6676103515625,-0.015275955200195312,-0.02765965461730957,-0.010440349578857422
1789130105277617200,54.6836171875,-0.0106048583984375,-0.027503594756126404,0.004303932189941406
1789130105293627000,54.699626953125,-0.005794525146484375,-0.02263067662715912,-0.0053501129150390625
1789130105309634300,54.71563427734375,-0.03460407257080078,-0.003535851836204529,-0.0050852298736572266
1789130105325642200,54.731642333984375,-0.020277023315429688,-0.003448277711868286,0.02376532554626465
1789130105341653200,54.7476533203125,-0.034699440002441406,0.006287679076194763,0.02873396873474121
1789130105357662200,54.763662109375,-0.07784748077392578,0.03507934510707855,0.028902292251586914
1789130105373666000,54.779666015625,-0.04426765441894531,0.039639681577682495,0.01913928985595703
1789130105389668400,54.79566845703125,-0.07291507720947266,0.039232492446899414,0.023673534393310547
1789130105405671400,54.81167138671875,-0.048844337463378906,0.04822523891925812,0.01850104331970215
1789130105421672000,54.827671875,-0.06300926208496094,0.04287321865558624,0.008293867111206055
1789130105437683500,54.84368334960938,-0.043799400329589844,0.04702401161193848,0.00814509391784668
1789130105453696300,54.8596962890625,-0.04368305206298828,0.0462612509727478,0.007808208465576172
1789130105469706200,54.87570629882813,-0.04364204406738281,0.045554712414741516,-0.021013736724853516
1789130105485708300,54.891708251953126,-0.029150962829589844,0.025555193424224854,-0.03095555305480957
1789130105501713700,54.907713623046874,-0.024252891540527344,0.02985648810863495,-0.016924381256103516
1789130105517717500,54.92371752929687,-0.014674186706542969,0.024997800588607788,-0.012137174606323242
1789130105533728800,54.93972875976562,-0.02425861358642578,0.010520920157432556,-0.02168130874633789
1789130105549736700,54.95573681640625,-0.033946990966796875,0.005852997303009033,-0.002164602279663086
1789130105565750000,54.97175,-0.019715309143066406,-0.003728702664375305,-0.020877838134765625
1789130105581762800,54.9877626953125,-0.014904022216796875,-0.003453359007835388,-0.001817464828491211
1789130105597773600,55.003773681640624,-0.029326438903808594,-0.008002027869224548,0.022298097610473633
1789130105613784000,55.0197841796875,-0.04369926452636719,-0.017220348119735718,-0.006431102752685547
1789130105629794800,55.035794921875,-0.039023399353027344,-0.0315607488155365,0.008306264877319336
1789130105645804500,55.05180444335937,-0.07733440399169922,-0.031523704528808594,0.017891645431518555
1789130105661816300,55.06781640625,-0.04386711120605469,-0.026326745748519897,-0.0011134147644042969
1789130105677825500,55.08382543945312,-0.0629434585571289,-0.03576745092868805,0.01777362823486328
1789130105693838300,55.09983837890625,-0.04854011535644531,-0.025778651237487793,0.008046150207519531
1789130105709851000,55.115850830078124,-0.05820941925048828,-0.030156150460243225,0.013117551803588867
1789130105725858800,55.13185888671875,-0.05336952209472656,-0.03939881920814514,-0.011016368865966797
1789130105741866500,55.14786645507812,-0.0293426513671875,-0.02489069104194641,0.01263570785522461
1789130105757871000,55.16387109375,-0.04355907440185547,-0.005319178104400635,-0.016609907150268555
1789130105773876200,55.17987622070312,-0.0148162841796875,-0.0003391653299331665,0.026432275772094727
1789130105789880000,55.19588012695313,-0.033901214599609375,0.0044224560260772705,0.011839866638183594
1789130105805880000,55.211880126953126,-0.024384498596191406,0.028286397457122803,0.00725865364074707
1789130105821881000,55.22788110351563,-0.06260967254638672,0.0330679714679718,-0.021745681762695312
1789130105837885700,55.2438857421875,-0.010038375854492188,0.027972519397735596,-0.02617931365966797
1789130105853893400,55.25989331054687,-0.014618873596191406,0.032499298453330994,-0.0029125213623046875
1789130105869901600,55.27590161132812,-0.024248123168945312,0.0516989529132843,-0.021894454956054688
1789130105885905000,55.29190478515625,-0.033829689025878906,0.027433186769485474,-0.02185821533203125
1789130105901911000,55.3079111328125,-0.02435588836669922,0.031872257590293884,-0.016709089279174805
1789130105917924400,55.32392431640625,-0.024356842041015625,0.02647431194782257,-0.016666889190673828
1789130105933934800,55.33993481445312,-0.048356056213378906,0.026347875595092773,-0.006891727447509766
1789130105949947400,55.35594750976563,-0.05798053741455078,0.03090326488018036,-0.011509418487548828
1789130105965952000,55.37195190429688,-0.03408527374267578,0.0066601186990737915,0.017394542694091797
1789130105981965600,55.38796557617187,-0.029191017150878906,0.0064763277769088745,-0.021250486373901367
1789130105997974800,55.40397485351563,-0.04824638366699219,-0.008067965507507324,-0.021564006805419922
1789130106013986600,55.41998657226563,-0.05780315399169922,-0.012716129422187805,0.002301454544067383
1789130106030000000,55.43600024414062,-0.014801025390625,-0.0031618624925613403,0.012186765670776367
1789130106046014700,55.4520146484375,-0.03394794464111328,-0.002977043390274048,-0.006997823715209961
1789130106062026500,55.46802661132813,-0.033951759338378906,-0.007616207003593445,0.021737337112426758
1789130106078036500,55.48403637695313,-0.04825401306152344,-0.017045065760612488,-0.002424478530883789
1789130106094039300,55.50003930664062,-0.038604736328125,-0.01693977415561676,-0.007457733154296875
1789130106110046700,55.51604663085938,-0.03386688232421875,-0.0212850421667099,-0.012109041213989258
1789130106126058000,55.53205810546875,-0.019529342651367188,-0.03558945655822754,-0.007231950759887695
1789130106142067700,55.54806762695313,-0.04362964630126953,-0.016271308064460754,-0.025873184204101562
1789130106158076200,55.564076171875,-0.029305458068847656,-0.020956605672836304,-0.006588935852050781
1789130106174087000,55.5800869140625,-0.02462005615234375,-0.006230667233467102,-0.011057615280151367
1789130106190096400,55.596096435546876,-0.02948474884033203,-0.010972380638122559,-0.006018638610839844
1789130106206105300,55.61210522460937,-0.024774551391601562,0.00838424265384674,-0.005772113800048828
1789130106222112000,55.628112060546876,-0.020059585571289062,0.008400633931159973,-0.01510930061340332
1789130106246125600,55.65212548828125,-0.06305789947509766,0.017803609371185303,-0.010630607604980469
1789130106262132500,55.668132568359376,-0.07743072509765625,0.008229047060012817,-0.01539754867553711
1789130106278142000,55.684141845703124,-0.08237361907958984,0.013005897402763367,-0.010097265243530273
1789130106294148400,55.7001484375,-0.06322479248046875,0.017621278762817383,-0.0004897117614746094
1789130106310153200,55.7161533203125,-0.05373859405517578,0.022582024335861206,-0.0049915313720703125
1789130106326157000,55.73215698242188,-0.03938865661621094,0.01772448420524597,-0.014510154724121094
1789130106342163000,55.748162841796876,-0.039398193359375,0.02699245512485504,0.004693746566772461
1789130106358162700,55.76416259765625,-0.03936767578125,0.03171373903751373,0.01895880699157715
1789130106374172700,55.780172607421875,-0.039356231689453125,0.021917596459388733,0.004572868347167969
1789130106390180000,55.79618017578125,-0.029753684997558594,0.017055422067642212,0.014067888259887695
1789130106406186500,55.8121865234375,-0.04416465759277344,0.007442653179168701,0.009432792663574219
1789130106422191900,55.82819189453125,-0.024988174438476562,0.021646350622177124,0.014155149459838867
1789130106438197000,55.844197021484376,-0.02966022491455078,0.011847198009490967,0.013787031173706055
1789130106454207200,55.86020727539063,-0.04398918151855469,0.0023135393857955933,-0.0054934024810791016
1789130106470218000,55.876218017578125,-0.053496360778808594,0.0023698806762695312,0.008638381958007812
1789130106486229500,55.8922294921875,-0.044022560119628906,-0.0024912357330322266,0.008982181549072266
1789130106502242600,55.90824267578125,-0.05360698699951172,-0.00737607479095459,-0.014929056167602539
1789130106518254800,55.9242548828125,-0.05359172821044922,-0.012173578143119812,0.013754844665527344
1789130106534266000,55.94026611328125,-0.05834197998046875,-0.012213140726089478,0.018419265747070312
1789130106550281200,55.95628125,-0.04873085021972656,-0.01211819052696228,-0.0008542537689208984
1789130106566298400,55.97229833984375,-0.05353736877441406,-0.01679496467113495,0.008772850036621094
1789130106582312400,55.9883125,-0.03446388244628906,-0.02133771777153015,0.004238128662109375
1789130106598323000,56.004322998046874,-0.058452606201171875,-0.01661570370197296,0.004397153854370117
1789130106614332400,56.02033251953125,-0.04899120330810547,-0.006854653358459473,0.009555578231811523
1789130106630346200,56.03634619140625,-0.053780555725097656,-0.006649702787399292,0.00954437255859375
1789130106646357500,56.052357421875,-0.04425621032714844,-0.001910373568534851,0.00493311882019043
1789130106662373000,56.068373046875,-0.03952980041503906,0.02696092426776886,0.005131721496582031
1789130106678388700,56.084388671875,-0.03950309753417969,0.02231679856777191,0.00024366378784179688
1789130106694402000,56.100402099609376,-0.044223785400390625,0.0031259506940841675,0.009600400924682617
1789130106710417200,56.116417236328125,-0.03459930419921875,0.008159339427947998,0.004641294479370117
1789130106726428000,56.13242797851562,-0.04414844512939453,0.02268737554550171,-0.0002529621124267578
1789130106742438700,56.148438720703126,-0.053694725036621094,0.022640392184257507,-0.00035119056701660156
1789130106758451200,56.164451171875,-0.04410362243652344,0.027464091777801514,0.004388332366943359
1789130106774465500,56.180465576171876,-0.0393218994140625,0.041834235191345215,0.013987302780151367
1789130106790471000,56.196470947265624,-0.044030189514160156,0.03690938651561737,0.013731002807617188
1789130106806475000,56.21247509765625,-0.043967247009277344,0.0368962287902832,0.003947734832763672
1789130106822480000,56.22847998046875,-0.05350303649902344,0.02239587903022766,0.0038177967071533203
1789130106838485500,56.244485595703125,-0.06297683715820312,0.0173863023519516,0.022644758224487305
1789130106854486800,56.26048681640625,-0.06772422790527344,0.022107094526290894,-0.0014281272888183594
1789130106870497000,56.2764970703125,-0.06290435791015625,0.0029842108488082886,0.01761937141418457
1789130106886508800,56.2925087890625,-0.05326652526855469,0.012650847434997559,0.012623071670532227
1789130106902516200,56.30851611328125,-0.04361438751220703,0.0035201460123062134,-0.01159524917602539
1789130106918516200,56.32451611328125,-0.048374176025390625,-0.0058200061321258545,-0.016490697860717773
1789130106934522400,56.3405224609375,-0.04833221435546875,-0.019889160990715027,0.012079238891601562
1789130106950530300,56.3565302734375,-0.038776397705078125,-0.01488792896270752,-0.02138042449951172
1789130106966537500,56.372537353515625,-0.034069061279296875,-0.014487341046333313,-0.0019843578338623047
1789130106982546000,56.3885458984375,-0.0387115478515625,0.000021070241928100586,-0.01205134391784668
1789130106998557400,56.40455737304688,-0.024359703063964844,0.00013585388660430908,0.007136821746826172
1789130107014569200,56.4205693359375,-0.03873252868652344,-0.009190648794174194,-0.007215023040771484
1789130107030580000,56.436580078125,-0.0435333251953125,-0.0040168315172195435,-0.007199764251708984
1789130107046590500,56.45259057617187,-0.03390312194824219,-0.008470624685287476,0.011758565902709961
1789130107062603000,56.46860302734375,-0.04345417022705078,0.0013297796249389648,-0.0027070045471191406
1789130107078610700,56.484610595703124,-0.03388500213623047,0.001580759882926941,0.0020923614501953125
1789130107094613800,56.50061376953125,-0.04824256896972656,0.011293038725852966,0.006847381591796875
1789130107110621000,56.516620849609374,-0.06256866455078125,0.011191442608833313,-0.007640838623046875
1789130107126628400,56.53262841796875,-0.06259822845458984,0.0160934180021286,0.0068132877349853516
1789130107142641000,56.54864086914063,-0.04823493957519531,0.0018933415412902832,-0.0027649402618408203
1789130107158654500,56.56465454101563,-0.04821300506591797,0.011712178587913513,-0.017218828201293945
1789130107174665000,56.5806650390625,-0.024320602416992188,0.006982699036598206,-0.021843433380126953
1789130107190676500,56.59667651367187,-0.04825401306152344,0.007202044129371643,-0.0027320384979248047
1789130107206684400,56.61268432617187,-0.029122352600097656,0.012105196714401245,-0.017032861709594727
1789130107222692400,56.6286923828125,-0.043483734130859375,0.01722593605518341,0.011663675308227539
1789130107238699500,56.64469946289063,-0.02904224395751953,0.0028491318225860596,-0.012526273727416992
1789130107254707000,56.66070703125,-0.043346405029296875,0.017307549715042114,-0.0031599998474121094
1789130107270708500,56.67670849609375,-0.028989791870117188,0.017426639795303345,-0.003136157989501953
1789130107286711300,56.692711181640625,-0.04321002960205078,0.012757852673530579,-0.013202428817749023
1789130107302715100,56.708715087890624,-0.033621788024902344,0.013022705912590027,0.005899667739868164
1789130107318724000,56.72472412109375,-0.03361225128173828,0.013144001364707947,0.001073598861694336
1789130107334731300,56.740731201171876,-0.03833580017089844,0.0036504119634628296,0.005642414093017578
1789130107350732500,56.75673266601562,-0.052734375,0.004067972302436829,0.015301227569580078
1789130107366735400,56.7727353515625,-0.04796123504638672,-0.0005839318037033081,-0.008597612380981445
1789130107382740500,56.78874047851563,-0.043132781982421875,0.009281188249588013,-0.01832294464111328
1789130107398747400,56.804747314453124,-0.04788494110107422,0.004570662975311279,-0.013659238815307617
1789130107414749200,56.82074926757812,-0.04309558868408203,-0.00011274218559265137,0.024637937545776367
1789130107430750500,56.83675048828125,-0.05267524719238281,0.00003682076930999756,-0.013668537139892578
1789130107446751700,56.85275170898438,-0.05262279510498047,0.010024696588516235,0.029230833053588867
1789130107462753300,56.868753173828125,-0.0669240951538086,-0.0040850043296813965,-0.033247947692871094
1789130107478756600,56.88475659179687,-0.04773235321044922,0.0007376670837402344,-0.019008159637451172
1789130107494758700,56.90075854492188,-0.03817176818847656,0.0008317083120346069,-0.02374863624572754
1789130107510763000,56.91676293945312,-0.04289436340332031,0.024997949600219727,-0.02398228645324707
1789130107526769400,56.93276928710937,-0.038008689880371094,0.010758429765701294,-0.024307727813720703
1789130107542765800,56.94876586914062,-0.028453826904296875,-0.0034646689891815186,-0.05297684669494629
1789130107558765800,56.96476586914063,-0.03319358825683594,0.0016365200281143188,-0.02442193031311035
1789130107574766300,56.98076635742188,-0.052504539489746094,0.01611410081386566,0.000029802322387695312
1789130107590771700,56.996771728515625,-0.018965721130371094,0.016146108508110046,-0.014399290084838867
1789130107606775600,57.012775634765624,0.0002040863037109375,0.016200467944145203,-0.004880666732788086
1789130107622780700,57.02878076171875,-0.014110565185546875,0.0017819106578826904,-0.014620304107666016
1789130107638788400,57.04478833007813,-0.04283905029296875,0.011479288339614868,0.014093399047851562
1789130107654805200,57.06080517578125,-0.01890087127685547,0.02118431031703949,0.0045223236083984375
1789130107670816800,57.076816650390626,-0.03799152374267578,0.01653100550174713,0.009097814559936523
1789130107686827500,57.09282763671875,-0.047565460205078125,0.011721417307853699,-0.005278825759887695
1789130107702838800,57.1088388671875,-0.04756736755371094,0.01668378710746765,0.004295825958251953
1789130107718850000,57.12485009765625,-0.042817115783691406,0.007179170846939087,-0.009947061538696289
1789130107734862800,57.14086279296875,-0.07151031494140625,0.011919066309928894,0.0042951107025146484
1789130107750875100,57.15687524414062,-0.052313804626464844,0.02141132950782776,-0.010205984115600586
1789130107766886400,57.17288647460938,-0.05227470397949219,0.007080823183059692,-0.01033473014831543
1789130107782895600,57.1888955078125,-0.04266834259033203,0.007113620638847351,-0.010436534881591797
1789130107798900200,57.20490014648438,-0.033084869384765625,0.002251729369163513,0.003913164138793945
1789130107814903000,57.22090307617187,0.005200386047363281,0.016663193702697754,0.013561248779296875
1789130107830916400,57.23691625976563,-0.02349853515625,0.0022583752870559692,-0.0009102821350097656
1789130107846930000,57.25292993164062,-0.01873779296875,0.00688384473323822,-0.010381698608398438
1789130107862936000,57.26893603515625,-0.018901824951171875,-0.007661476731300354,-0.0050427913665771484
1789130107878943200,57.28494311523438,-0.014142036437988281,-0.02181793749332428,0.023769855499267578
1789130107894943500,57.30094360351563,-0.14328289031982422,-0.012243032455444336,0.013710260391235352
1789130107910951400,57.31695141601563,-0.09069252014160156,0.04518449306488037,0.028346776962280273
1789130107926955000,57.332955078125,-0.04751396179199219,0.016292959451675415,-0.005437612533569336
1789130107942959900,57.3489599609375,-0.05695629119873047,-0.046155452728271484,-0.005868196487426758
1789130107958962400,57.36496240234375,-0.047382354736328125,-0.012890458106994629,-0.020209550857543945
1789130107974969600,57.380969482421875,-0.06643104553222656,0.06343282759189606,-0.03490304946899414
1789130107990973200,57.39697314453125,-0.07600784301757812,0.01534523069858551,0.05129504203796387
1789130108006978800,57.41297875976562,0.06294727325439453,-0.01862826943397522,-0.030380725860595703
1789130108022981000,57.42898120117187,0.0007791519165039062,-0.009591713547706604,-0.016249418258666992
1789130108046986000,57.45298608398438,-0.05650901794433594,0.023181259632110596,-0.01677703857421875
1789130108062988300,57.46898828125,-0.0708761215209961,0.027389824390411377,-0.007161378860473633
1789130108078987000,57.48498706054688,-0.051788330078125,0.04619191586971283,-0.030859947204589844
1789130108094991400,57.50099145507812,-0.07091045379638672,0.045715317130088806,-0.016574621200561523
1789130108110997500,57.51699755859375,-0.04213523864746094,0.007214546203613281,-0.04543733596801758
1789130108127003400,57.53300341796875,-0.05167198181152344,0.016610652208328247,-0.03119492530822754
1789130108143009500,57.54900952148437,-0.051666259765625,-0.002638086676597595,-0.02162957191467285
1789130108159019500,57.56501953125,-0.02298450469970703,0.025992602109909058,-0.016677141189575195
1789130108175030300,57.5810302734375,-0.022920608520507812,0.0021299272775650024,0.016627788543701172
1789130108191044600,57.597044677734374,-0.03240203857421875,-0.0023817121982574463,0.011508703231811523
1789130108207053000,57.613052978515626,-0.027602195739746094,-0.02619725465774536,0.00667119026184082
1789130108223058000,57.62905786132813,-0.05154991149902344,-0.011907011270523071,0.016273975372314453
1789130108239064000,57.64506396484375,-0.06101417541503906,-0.007009655237197876,0.011107444763183594
1789130108255077000,57.6610771484375,-0.04194927215576172,-0.026011154055595398,0.016180753707885742
1789130108271086800,57.6770869140625,-0.04667472839355469,-0.011388018727302551,0.02074456214904785
1789130108287100200,57.69310009765625,-0.04192066192626953,-0.0064062029123306274,0.01127004623413086
1789130108303115300,57.709115234375,-0.05141735076904297,-0.006254300475120544,0.006207704544067383
1789130108319124700,57.725124755859376,-0.06569194793701172,-0.0013000518083572388,0.0058972835540771484
1789130108335130400,57.74113037109375,-0.05606651306152344,-0.015478938817977905,0.005725383758544922
1789130108351132400,57.75713232421875,-0.04164600372314453,0.008501216769218445,-0.004030704498291016
1789130108367139600,57.7731396484375,-0.051171302795410156,0.013436704874038696,-0.018578290939331055
1789130108383144700,57.789144775390625,-0.04638862609863281,-0.0009230375289916992,-0.013771295547485352
1789130108399156000,57.805156005859374,-0.05593395233154297,0.018350765109062195,0.005269289016723633
1789130108415163400,57.82116333007812,-0.05612373352050781,0.01822875440120697,-0.027611732482910156
1789130108431170300,57.83717041015625,-0.0225677490234375,0.01794898509979248,-0.008568048477172852
1789130108447173000,57.85317309570313,-0.03695392608642578,0.037003666162490845,-0.00849008560180664
1789130108463186400,57.8691865234375,-0.032135963439941406,0.032043203711509705,-0.013367891311645508
1789130108479199000,57.885198974609374,-0.02261638641357422,0.03183138370513916,-0.013167381286621094
1789130108495212800,57.901212890625,-0.03692150115966797,0.04114040732383728,-0.01813673973083496
1789130108511222500,57.917222412109375,-0.05606842041015625,0.02627791464328766,-0.008554697036743164
1789130108527235300,57.9332353515625,-0.05135822296142578,0.02609744668006897,-0.0034956932067871094
1789130108543246600,57.94924658203125,-0.04184532165527344,0.02583104372024536,0.001520395278930664
1789130108559264500,57.965264404296875,-0.051527976989746094,0.011236265301704407,0.011461734771728516
1789130108575276500,57.98127661132813,-0.051430702209472656,0.015886425971984863,0.03509187698364258
1789130108591284000,57.997283935546875,-0.04180431365966797,0.01558712124824524,0.02057671546936035
1789130108607293700,58.013293701171875,-0.04170417785644531,0.01052829623222351,0.015476465225219727
1789130108623302100,58.02930224609375,-0.0703878402709961,0.01062244176864624,0.015311002731323242
1789130108639306500,58.04530639648438,-0.06549930572509766,-0.003615960478782654,0.0054018497467041016
1789130108655308000,58.06130810546875,-0.046344757080078125,0.01574036478996277,0.010174274444580078
1789130108671312400,58.0773125,-0.06067085266113281,-0.007973164319992065,-0.013911724090576172
1789130108687322400,58.093322265625,-0.055881500244140625,-0.01257409155368805,-0.009136199951171875
1789130108703330800,58.10933081054687,-0.032111167907714844,-0.012468516826629639,-0.013362407684326172
1789130108719336200,58.12533618164063,-0.05130577087402344,-0.022025078535079956,0.0011358261108398438
1789130108735343900,58.14134375,-0.06089591979980469,-0.017149001359939575,-0.02276897430419922
1789130108751348200,58.15734814453125,-0.05134773254394531,-0.007452353835105896,-0.01789402961730957
1789130108767356000,58.17335595703125,-0.037041664123535156,-0.002553194761276245,-0.0033407211303710938
1789130108783357400,58.189357421875,-0.032276153564453125,0.006962239742279053,-0.008048534393310547
1789130108799359700,58.20535986328125,-0.03230571746826172,0.002195015549659729,-0.012741565704345703
1789130108815363300,58.22136328125,-0.041851043701171875,0.011654198169708252,-0.01283717155456543
1789130108831364600,58.237364501953124,-0.046608924865722656,0.006840229034423828,0.0014257431030273438
1789130108847372300,58.253372314453124,-0.05131244659423828,0.025968044996261597,0.0011515617370605469
1789130108863372500,58.26937255859375,-0.06546974182128906,0.011589974164962769,0.019618749618530273
1789130108879374600,58.28537451171875,-0.06540393829345703,0.016415119171142578,-0.023697376251220703
1789130108895372800,58.30137280273438,-0.04144477844238281,0.030534908175468445,-0.0045833587646484375
1789130108911378700,58.31737866210938,-0.06542491912841797,0.02068936824798584,0.00992274284362793
1789130108927390700,58.333390625,-0.055809974670410156,0.030039086937904358,0.005023479461669922
1789130108943397000,58.34939721679687,-0.04142284393310547,0.03463269770145416,-0.018979549407958984
1789130108959405000,58.36540502929687,-0.05095195770263672,0.15374161303043365,0.004839897155761719
1789130108975410700,58.38141064453125,-0.07925033569335938,0.5180007815361023,-0.0633535385131836
1789130108991415300,58.397415283203124,-0.15486621856689453,0.34156808257102966,0.12005758285522461
1789130109007417000,58.4134169921875,0.19490337371826172,-0.30897462368011475,-0.02913379669189453
1789130109023418000,58.429418212890624,-0.03966236114501953,0.2733480632305145,-0.30217599868774414
1789130109039414500,58.44541455078125,-0.08746814727783203,-0.12470448762178421,-0.05340123176574707
1789130109055409000,58.46140893554688,0.06591510772705078,-0.191351056098938,0.03226161003112793
1789130109071409400,58.47740942382813,0.013422012329101562,0.06699052453041077,-0.05929279327392578
1789130109087409400,58.493409423828126,-0.03442573547363281,-0.18691231310367584,-0.03067469596862793
1789130109103407600,58.50940771484375,-0.08227348327636719,0.1193276047706604,0.04103994369506836
1789130109119410200,58.52541015625,-0.03924751281738281,0.033346980810165405,-0.03056502342224121
1789130109135414300,58.541414306640625,-0.010562896728515625,-0.09581171721220016,-0.044786691665649414
1789130109151414500,58.55741455078125,-0.058793067932128906,0.05303320288658142,-0.0005774497985839844
1789130109167417900,58.57341796875,-0.044404029846191406,-0.023379415273666382,-0.034188270568847656
1789130109183420400,58.58942041015625,-0.02051544189453125,-0.008953198790550232,-0.03401637077331543
1789130109199423000,58.605423095703124,-0.06363677978515625,0.07240442931652069,-0.024351119995117188
1789130109215433000,58.621432861328124,-0.049269676208496094,-0.02790108323097229,-0.0004296302795410156
1789130109231437600,58.6374375,-0.04456043243408203,0.010345309972763062,-0.024110794067382812
1789130109247436300,58.653436279296876,-0.054129600524902344,0.024639829993247986,-0.024126052856445312
1789130109263440600,58.66944067382813,-0.0015478134155273438,-0.03752319514751434,-0.03341174125671387
1789130109279437300,58.68543725585938,-0.04948139190673828,0.000520557165145874,-0.0092926025390625
1789130109295440600,58.701440673828124,-0.020915985107421875,0.010243311524391174,-0.023122310638427734
1789130109311444000,58.71744384765625,-0.030492782592773438,-0.008895650506019592,-0.027910232543945312
1789130109327451400,58.733451416015626,-0.05446815490722656,0.005690723657608032,-0.03260326385498047
1789130109343458300,58.74945825195312,-0.016160011291503906,0.015202820301055908,-0.0038716793060302734
1789130109359461000,58.765461181640624,-0.006608009338378906,0.0006807595491409302,-0.018146753311157227
1789130109375467300,58.78146728515625,-0.03058147430419922,0.020276188850402832,-0.008492231369018555
1789130109391471400,58.797471435546875,-0.00658416748046875,-0.0037868618965148926,0.0009086132049560547
1789130109407476500,58.8134765625,-0.02092266082763672,0.0059488266706466675,0.01996302604675293
1789130109423481900,58.82948193359375,-0.03999042510986328,-0.0035835206508636475,-0.009048938751220703
1789130109439488500,58.84548852539063,-0.030445098876953125,-0.012958481907844543,0.0006194114685058594
1789130109455492000,58.8614921875,-0.06398582458496094,-0.008197546005249023,-0.004096269607543945
1789130109471490800,58.87749072265625,-0.06401634216308594,0.006308272480964661,-0.01358175277709961
1789130109487498800,58.89349877929688,-0.05447196960449219,-0.017477869987487793,0.005671501159667969
1789130109503507700,58.9095078125,-0.06407737731933594,-0.012634068727493286,-0.008606195449829102
1789130109519522800,58.92552270507812,-0.04012584686279297,-0.008048132061958313,-0.027778148651123047
1789130109535535000,58.94153515625,-0.05927085876464844,-0.017470955848693848,-0.0038750171661376953
1789130109551544300,58.95754443359375,-0.035381317138671875,0.0064339786767959595,-0.018063068389892578
1789130109567555300,58.97355541992187,-0.035424232482910156,-0.002998635172843933,-0.01314401626586914
1789130109583565600,58.989565673828125,-0.04498863220214844,-0.012491375207901001,-0.01797628402709961
1789130109599576600,59.00557666015625,-0.03549480438232422,0.016350895166397095,-0.012923479080200195
1789130109615591400,59.02159130859375,-0.01634502410888672,0.006923258304595947,-0.022495746612548828
1789130109631602000,59.03760180664062,-0.006796836853027344,0.011831492185592651,-0.027197599411010742
1789130109647612400,59.0536123046875,-0.016378402709960938,-0.0024823248386383057,-0.027186870574951172
1789130109663621600,59.06962158203125,-0.0211029052734375,-0.016845151782035828,-0.008242607116699219
1789130109687638000,59.093637939453124,-0.035640716552734375,0.01194031536579132,-0.002887725830078125
1789130109703650800,59.10965087890625,-0.06442451477050781,0.007180020213127136,-0.00750279426574707
1789130109719657500,59.125657470703125,-0.06926727294921875,0.02638612687587738,-0.0025446414947509766
1789130109735662000,59.141662109375,-0.054841041564941406,0.012112453579902649,-0.002744913101196289
1789130109751673000,59.157673095703124,-0.05960369110107422,0.007529661059379578,-0.026784658432006836
1789130109767679700,59.1736796875,-0.04532623291015625,0.017256423830986023,-0.002561807632446289
1789130109783684000,59.18968408203125,-0.05011749267578125,-0.0017620474100112915,0.01180410385131836
1789130109799697200,59.205697265625,-0.045287132263183594,0.02238042652606964,0.011653661727905273
1789130109815709700,59.22170971679687,-0.05955219268798828,-0.0015550106763839722,-0.00304412841796875
1789130109831719400,59.23771948242187,-0.05489921569824219,-0.0017630606889724731,-0.0025839805603027344
1789130109847724500,59.253724609375,-0.05009269714355469,0.008159786462783813,-0.012239694595336914
1789130109863723800,59.26972387695312,-0.040431976318359375,0.008183449506759644,-0.0029420852661132812
1789130109879725300,59.285725341796876,-0.05004596710205078,0.013044595718383789,-0.0076122283935546875
1789130109895724800,59.30172485351562,-0.05005168914794922,-0.006263807415962219,0.0019936561584472656
1789130109911724000,59.31772412109375,-0.02616596221923828,0.013064831495285034,-0.002620220184326172
1789130109927733000,59.33373291015625,-0.030890464782714844,0.0035033077001571655,-0.007620096206665039
1789130109943733500,59.3497333984375,-0.040444374084472656,0.013168618083000183,0.0018732547760009766
1789130109959733500,59.3657333984375,-0.04046154022216797,-0.0011840611696243286,-0.03637266159057617
1789130109975732200,59.38173217773438,-0.040572166442871094,-0.010575786232948303,-0.016869306564331055
1789130109991735000,59.39773510742187,-0.02634906768798828,0.0038724690675735474,-0.016408920288085938
1789130110007734500,59.41373461914063,-0.035953521728515625,0.013503804802894592,-0.021106958389282227
1789130110023734300,59.429734375,-0.059952735900878906,0.008856609463691711,-0.025712966918945312
1789130110039732200,59.44573217773438,-0.04085063934326172,0.004062250256538391,-0.006391048431396484
1789130110055730000,59.46172998046875,-0.040775299072265625,0.013900518417358398,-0.016230344772338867
1789130110071729400,59.4777294921875,-0.03593158721923828,0.014004990458488464,-0.0451512336730957
1789130110087732000,59.49373193359375,-0.05021381378173828,0.009144410490989685,-0.01669001579284668
1789130110103733500,59.5097333984375,-0.021518707275390625,0.014227181673049927,-0.021381139755249023
1789130110119739000,59.52573876953125,-0.040673255920410156,0.009619519114494324,-0.021388769149780273
1789130110135744500,59.54174462890625,-0.026221275329589844,0.009649649262428284,-0.03125166893005371
1789130110151748400,59.55774829101563,-0.026193618774414062,-0.0000050514936447143555,-0.016974687576293945
1789130110167750000,59.57375,-0.016672134399414062,0.033489957451820374,0.007151126861572266
1789130110183760600,59.5897607421875,-0.007069587707519531,0.014648988842964172,0.002257823944091797
1789130110199766300,59.60576635742188,-0.011824607849121094,0.014673829078674316,-0.021791458129882812
1789130110215768000,59.62176806640625,-0.02620697021484375,0.00019533932209014893,-0.0025773048400878906
1789130110231770600,59.6377705078125,-0.03580188751220703,0.0002330392599105835,-0.007309913635253906
1789130110247776000,59.65377587890625,-0.03584861755371094,0.00045439600944519043,0.007199525833129883
1789130110263778600,59.669778564453125,-0.045502662658691406,-0.004278331995010376,0.012238025665283203
1789130110279777300,59.68577734375,-0.050377845764160156,-0.004370108246803284,0.007741451263427734
1789130110295775500,59.701775390625,-0.05518341064453125,-0.013903364539146423,-0.006570577621459961
1789130110311772200,59.717772216796874,-0.050429344177246094,0.0005040764808654785,0.003118276596069336
1789130110327774700,59.733774658203124,-0.05526447296142578,-0.009019598364830017,-0.0063097476959228516
1789130110343768600,59.7497685546875,-0.050475120544433594,0.005283132195472717,-0.0015168190002441406
1789130110359767300,59.76576733398438,-0.04570960998535156,0.010041356086730957,-0.0062329769134521484
1789130110375764700,59.7817646484375,-0.031348228454589844,-0.009058699011802673,0.008146286010742188
1789130110391760600,59.7977607421875,-0.03613567352294922,0.00048676133155822754,-0.015799999237060547
1789130110407758000,59.81375805664062,-0.0552825927734375,0.009993568062782288,-0.020606040954589844
1789130110423757800,59.8297578125,-0.040947914123535156,0.014695540070533752,-0.0013473033905029297
1789130110439755300,59.84575537109375,-0.04564476013183594,0.009694084525108337,0.007943153381347656
1789130110455751400,59.86175146484375,-0.05998516082763672,0.00015917420387268066,-0.011295557022094727
1789130110471746800,59.87774682617187,-0.036037445068359375,0.014391914010047913,0.007844924926757812
1789130110487739000,59.89373876953125,-0.05040550231933594,0.014538988471031189,-0.0017309188842773438
1789130110503729400,59.9097294921875,-0.04085826873779297,0.024300143122673035,-0.0016450881958007812
1789130110519725600,59.9257255859375,-0.03130531311035156,0.019696414470672607,0.0032122135162353516
1789130110535725000,59.94172509765625,-0.060057640075683594,0.01502293348312378,0.003276824951171875
1789130110551729000,59.95772900390625,-0.045612335205078125,0.01020173728466034,0.00780487060546875
1789130110567725300,59.97372534179687,-0.05035972595214844,0.019883885979652405,-0.006704092025756836
1789130110583728600,59.989728759765626,-0.03132438659667969,0.01037643849849701,0.0032608509063720703
1789130110599739600,60.00573974609375,-0.05529212951660156,0.015242069959640503,0.008127927780151367
1789130110615750100,60.02175024414063,-0.05520439147949219,0.015370875597000122,-0.001743316650390625
1789130110631756000,60.037756103515626,-0.026526451110839844,0.0105123370885849,-0.0159299373626709
1789130110647759000,60.05375903320312,-0.04571056365966797,0.010626167058944702,-0.0014758110046386719
1789130110663756000,60.06975610351562,-0.04577827453613281,0.01063990592956543,-0.015619516372680664
1789130110679749000,60.0857490234375,-0.06015300750732422,0.0009420216083526611,-0.015577316284179688
1789130110695747800,60.10174780273437,-0.01711750030517578,-0.00856083631515503,-0.015381813049316406
1789130110711748400,60.11774829101562,-0.03634929656982422,-0.008704334497451782,-0.015118837356567383
1789130110727750100,60.13375024414062,-0.026693344116210938,0.0009846985340118408,-0.020174741744995117
1789130110743755500,60.149755615234376,-0.017169952392578125,0.0010128319263458252,-0.020001649856567383
1789130110759754000,60.16575390625,-0.022019386291503906,-0.008288294076919556,-0.01981496810913086
1789130110775756300,60.18175634765625,-0.026836395263671875,-0.012956887483596802,-0.0005748271942138672
1789130110791756000,60.19775610351562,-0.03162384033203125,-0.003269597887992859,-0.010160446166992188
1789130110807751700,60.213751708984375,-0.05559539794921875,0.006316646933555603,0.009088754653930664
1789130110823746800,60.229746826171876,-0.03638458251953125,-0.00817781686782837,-0.010247468948364258
1789130110839740700,60.24574072265625,-0.05550670623779297,0.01092018187046051,-0.010347366333007812
1789130110855732700,60.261732666015625,-0.04117012023925781,-0.008209168910980225,-0.0006744861602783203
1789130110871727000,60.27772705078125,-0.05069541931152344,0.0016336590051651,0.0039255619049072266
1789130110887729400,60.2937294921875,-0.03627300262451172,-0.0030704140663146973,0.003734111785888672
1789130110903729200,60.30972924804688,-0.026754379272460938,0.0018591433763504028,0.013492584228515625
1789130110919736000,60.325736083984374,-0.0650787353515625,0.01147964596748352,-0.0008192062377929688
1789130110935734800,60.34173486328125,-0.05550384521484375,0.0017386525869369507,0.023138999938964844
1789130110951735600,60.357735595703126,-0.04591655731201172,0.011377573013305664,0.003950357437133789
1789130110967735800,60.37373583984375,-0.03625297546386719,0.01608194410800934,0.008455514907836914
1789130110983735600,60.38973559570312,-0.05529212951660156,0.006433472037315369,0.0032927989959716797
1789130110999737300,60.4057373046875,-0.040810585021972656,0.006454885005950928,0.03163933753967285
1789130111015734000,60.42173413085938,-0.02648448944091797,0.01604461669921875,-0.0017511844635009766
1789130111031728600,60.437728759765626,-0.055217742919921875,0.011400297284126282,0.0030379295349121094
1789130111047729700,60.45372973632813,-0.036037445068359375,0.011368438601493835,-0.02098870277404785
1789130111063725600,60.4697255859375,-0.040851593017578125,0.0018541067838668823,-0.001756429672241211
1789130111079729700,60.485729736328125,-0.05530261993408203,0.011612042784690857,-0.0350034236907959
1789130111095731500,60.5017314453125,-0.04096031188964844,0.011565431952476501,0.008173704147338867
1789130111111734300,60.517734375,-0.06985855102539062,0.011655375361442566,-0.02001333236694336
1789130111127732000,60.53373193359375,-0.060339927673339844,0.0020622611045837402,-0.03418564796447754
1789130111143733000,60.54973291015625,-0.06997394561767578,0.0022220611572265625,-0.005278110504150391
1789130111159733500,60.5657333984375,-0.04121589660644531,0.021516025066375732,-0.0341029167175293
1789130111175734500,60.581734619140626,-0.055556297302246094,0.012076810002326965,-0.0054666996002197266
1789130111191739100,60.5977392578125,-0.06037616729736328,0.012395814061164856,-0.02453017234802246
1789130111207740700,60.61374072265625,-0.05550193786621094,-0.001989707350730896,-0.0056574344635009766
1789130111223739400,60.629739501953125,-0.050739288330078125,-0.011661067605018616,0.013581991195678711
1789130111239744500,60.64574462890625,-0.041159629821777344,0.007621511816978455,0.003990650177001953
1789130111255750400,60.66175048828125,-0.017142295837402344,0.007524549961090088,0.008533477783203125
1789130111271754800,60.67775463867188,-0.04100990295410156,0.012541145086288452,-0.01566624641418457
1789130111287755000,60.69375512695313,-0.03620624542236328,-0.001954779028892517,-0.02049565315246582
1789130111303760000,60.709759765625,-0.036248207092285156,-0.0018487721681594849,-0.015575408935546875
1789130111319765200,60.72576513671875,-0.03143787384033203,0.012521043419837952,-0.01564931869506836
1789130111335768000,60.74176806640625,-0.036136627197265625,0.012618586421012878,-0.006371259689331055
1789130111351770000,60.75777001953125,-0.016959190368652344,0.007776409387588501,-0.0064465999603271484
1789130111367772200,60.77377221679688,-0.03603172302246094,-0.001749470829963684,-0.016293048858642578
1789130111383778300,60.7897783203125,-0.021654129028320312,0.022132188081741333,-0.025909423828125
1789130111399781000,60.80578100585937,-0.012125968933105469,0.017184719443321228,-0.0065860748291015625
1789130111415784700,60.82178466796875,-0.0024690628051757812,-0.00190049409866333,-0.002065896987915039
1789130111431782100,60.8377822265625,-0.02640819549560547,0.01731477677822113,-0.011656999588012695
1789130111447780000,60.85378002929688,-0.04556846618652344,0.0030400902032852173,-0.0020596981048583984
1789130111463781000,60.86978100585937,-0.04079246520996094,0.017440810799598694,-0.011602640151977539
1789130111479777500,60.88577758789062,-0.016832351684570312,0.012779772281646729,-0.016456127166748047
1789130111495773200,60.901773193359375,-0.05033302307128906,0.008004739880561829,-0.01172637939453125
1789130111511775200,60.917775146484374,-0.0790719985961914,0.012678653001785278,-0.0212709903717041
1789130111527779000,60.93377905273437,-0.045556068420410156,0.01761128008365631,-0.006905794143676758
1789130111543780400,60.9497802734375,-0.04558849334716797,0.012975946068763733,-0.002017974853515625
1789130111559773400,60.9657734375,-0.07407379150390625,0.012892872095108032,0.01154184341430664
1789130111575772700,60.98177270507812,-0.05493927001953125,0.003239274024963379,0.006824016571044922
1789130111591776500,60.99777661132813,-0.03571128845214844,-0.006455898284912109,0.016160011291503906
1789130111607775700,61.01377563476562,-0.050113677978515625,-0.0017551779747009277,0.04023098945617676
1789130111623773000,61.02977294921875,-0.0501556396484375,-0.021067261695861816,0.011649608612060547
1789130111639768000,61.04576806640625,-0.031032562255859375,-0.006711259484291077,0.02132725715637207
1789130111655772000,61.06177197265625,-0.02620410919189453,-0.016026273369789124,0.025967121124267578
1789130111671770400,61.07777026367187,-0.05970001220703125,-0.0013978779315948486,0.006723880767822266
1789130111687767800,61.093767822265626,-0.04050731658935547,-0.0060204267501831055,0.011372804641723633
1789130111703761400,61.10976147460938,-0.05002403259277344,-0.006115779280662537,-0.007971048355102539
1789130111719758800,61.1257587890625,-0.03565692901611328,0.02738434076309204,-0.03192019462585449
1789130111735762200,61.14176220703125,-0.059548377990722656,0.013174176216125488,-0.03209686279296875
1789130111751759400,61.15775927734375,-0.0738840103149414,0.022774934768676758,-0.03219771385192871
1789130111767754200,61.17375415039062,-0.05954551696777344,0.013176292181015015,-0.03689455986022949
1789130111783747300,61.18974731445312,-0.07391166687011719,0.01797938346862793,-0.027317047119140625
1789130111799742200,61.2057421875,-0.04520893096923828,0.013135820627212524,-0.03200888633728027
1789130111815737000,61.22173706054687,-0.01645183563232422,0.022508904337882996,-0.041663408279418945
1789130111831731200,61.237731201171876,-0.02605724334716797,0.012701377272605896,-0.02718830108642578
1789130111847722800,61.25372265625,-0.04045295715332031,0.017332598567008972,-0.022292613983154297
1789130111863718400,61.26971850585937,-0.02604198455810547,0.01739230751991272,-0.01765751838684082
1789130111879715800,61.2857158203125,-0.0068912506103515625,0.007691726088523865,-0.022426128387451172
1789130111895713300,61.30171337890625,-0.016435623168945312,0.01716090738773346,0.01098942756652832
1789130111911712800,61.317712646484374,-0.021205902099609375,0.02664966881275177,0.0013613700866699219
1789130111927701800,61.33370166015625,-0.025994300842285156,0.016826406121253967,0.006165266036987305
1789130111943697000,61.34969677734375,-0.02599811553955078,0.007363811135292053,0.001379251480102539
1789130111959693800,61.36569384765625,-0.02604961395263672,0.012112677097320557,0.0015521049499511719
1789130111975691300,61.38169116210938,-0.0260162353515625,0.007087260484695435,0.0014543533325195312
1789130111991687700,61.397687744140626,-0.030782699584960938,0.011778265237808228,0.01575613021850586
1789130112007688700,61.41368872070313,-0.030687332153320312,-0.002524331212043762,0.0010728836059570312
1789130112023691000,61.42969091796875,-0.049839019775390625,-0.0026508718729019165,-0.008502721786499023
1789130112039693600,61.44569360351562,-0.040241241455078125,0.0019479095935821533,-0.0037698745727539062
1789130112055698200,61.4616982421875,-0.04504680633544922,0.0022443383932113647,-0.013310432434082031
1789130112071701500,61.47770141601563,-0.04031085968017578,0.0023800283670425415,-0.008358240127563477
1789130112087703600,61.49370361328125,-0.035556793212890625,-0.011783450841903687,-0.013042449951171875
1789130112103708400,61.50970849609375,-0.040424346923828125,-0.002207815647125244,-0.007998466491699219
1789130112119715600,61.525715576171876,-0.026121139526367188,0.0077092647552490234,-0.007813215255737305
1789130112135724300,61.54172436523437,-0.05000114440917969,-0.001994088292121887,-0.008007526397705078
1789130112151732000,61.55773193359375,-0.031019210815429688,-0.001828014850616455,-0.007453203201293945
1789130112167739000,61.57373876953125,-0.050110816955566406,-0.0020345747470855713,-0.012432336807250977
1789130112183751700,61.58975170898437,-0.05481529235839844,0.0026261061429977417,0.0016617774963378906
1789130112199763200,61.60576318359375,-0.04526996612548828,0.0028923600912094116,-0.007824420928955078
1789130112215769900,61.621769775390625,-0.04529380798339844,0.012485027313232422,0.0018291473388671875
1789130112231771100,61.63777124023437,-0.040505409240722656,0.012423142790794373,0.006619453430175781
1789130112247776300,61.6537763671875,-0.05484199523925781,0.0029402822256088257,-0.012629985809326172
1789130112263780900,61.66978076171875,-0.06444454193115234,0.012452438473701477,0.0018191337585449219
1789130112279784700,61.68578466796875,-0.05004310607910156,0.017146065831184387,0.02086162567138672
1789130112295784000,61.70178393554688,-0.05954551696777344,0.007453605532646179,0.0014679431915283203
1789130112311782400,61.71778247070313,-0.04993724822998047,0.00730288028717041,-0.0034148693084716797
1789130112327786200,61.7337861328125,-0.06422901153564453,0.011957123875617981,0.0011386871337890625
1789130112343797200,61.74979736328125,-0.04500579833984375,0.0263250470161438,-0.013451814651489258
1789130112359805400,61.765805419921875,-0.044948577880859375,0.0071640461683273315,-0.008851289749145508
1789130112375811800,61.78181176757813,-0.05929756164550781,0.012027859687805176,-0.028064250946044922
1789130112391816200,61.79781616210938,-0.049770355224609375,0.016893848776817322,-0.01354074478149414
1789130112407821800,61.81382177734375,-0.04494667053222656,0.002540990710258484,-0.032811641693115234
1789130112423828200,61.829828125,-0.040238380432128906,0.012201681733131409,-0.018188953399658203
1789130112439834600,61.84583471679687,-0.040228843688964844,0.012088283896446228,-0.02299976348876953
1789130112455842300,61.86184228515625,-0.049835205078125,-0.0021636784076690674,-0.02290797233581543
1789130112471846100,61.87784619140625,-0.0307159423828125,0.012597396969795227,-0.04197549819946289
1789130112487854000,61.89385400390625,-0.03083038330078125,0.0032112151384353638,-0.027242422103881836
1789130112503857400,61.909857421875,-0.035643577575683594,0.012631669640541077,-0.008001327514648438
1789130112519864000,61.92586401367188,-0.049953460693359375,0.012762665748596191,-0.022556066513061523
1789130112535864600,61.94186450195313,-0.0404052734375,0.003305688500404358,-0.022469520568847656
1789130112551862300,61.9578623046875,-0.03561973571777344,0.0034401267766952515,-0.008100271224975586
1789130112567856000,61.97385620117188,-0.011681556701660156,0.0036518722772598267,-0.017676591873168945
1789130112583853800,61.98985375976562,-0.040490150451660156,0.0035972893238067627,-0.0030524730682373047
1789130112599854000,62.00585400390625,-0.011734962463378906,0.008480250835418701,-0.01271510124206543
1789130112615851800,62.021851806640626,-0.02620410919189453,0.013263970613479614,-0.0027976036071777344
1789130112631849700,62.037849609375,-0.030994415283203125,0.0036618858575820923,-0.007575273513793945
1789130112647848200,62.05384814453125,-0.045379638671875,0.0033861249685287476,0.011658191680908203
1789130112663845600,62.069845703125,-0.03098011016845703,0.003329947590827942,0.001971006393432617
1789130112679846000,62.085845947265625,-0.02622509002685547,0.008160889148712158,-0.0027091503143310547
1789130112695842000,62.10184204101562,-0.04049396514892578,0.0036706477403640747,0.006532192230224609
1789130112711837200,62.11783715820312,-0.02138042449951172,0.008319646120071411,-0.007693290710449219
1789130112727830500,62.13383056640625,-0.050095558166503906,0.003426969051361084,-0.0077342987060546875
1789130112743826000,62.149825927734376,-0.03576946258544922,0.012987345457077026,0.0019702911376953125
1789130112759824400,62.165824462890626,-0.040584564208984375,0.013045147061347961,-0.00751948356628418
1789130112775823400,62.1818232421875,-0.04542255401611328,-0.001352071762084961,0.002221822738647461
1789130112791821300,62.1978212890625,-0.04542064666748047,0.012985080480575562,-0.01693868637084961
1789130112807820500,62.21382055664063,-0.05026054382324219,0.0033382773399353027,-0.0023953914642333984
1789130112823813600,62.22981372070313,-0.04530620574951172,0.0033402442932128906,-0.002945423126220703
1789130112839801000,62.24580102539063,-0.04533576965332031,0.012875854969024658,-0.01242208480834961
1789130112855790300,62.261790283203126,-0.03581523895263672,0.008247241377830505,-0.00745701789855957
1789130112871788800,62.277788818359376,-0.05975151062011719,0.00808154046535492,-0.012253761291503906
1789130112887785700,62.29378564453125,-0.06454086303710938,0.008062973618507385,0.0021169185638427734
1789130112903779800,62.30977978515625,-0.06453990936279297,0.022584378719329834,-0.017053604125976562
1789130112919775200,62.325775146484375,-0.04541778564453125,0.00829845666885376,-0.012165546417236328
1789130112935773700,62.341773681640625,-0.05502033233642578,0.01315714418888092,-0.016869783401489258
1789130112951770000,62.35777001953125,-0.04064655303955078,0.013059243559837341,-0.01689457893371582
1789130112967777500,62.37377758789062,-0.04540252685546875,0.012942418456077576,-0.01220846176147461
1789130112983781600,62.38978173828125,-0.030942916870117188,0.013000428676605225,-0.007729291915893555
1789130112999781000,62.405781005859374,-0.03571891784667969,0.008526280522346497,-0.01257944107055664
1789130113015787000,62.421787109375,-0.035674095153808594,0.008496537804603577,0.00164031982421875
1789130113031786000,62.437785888671876,-0.0356597900390625,0.003589257597923279,-0.017554759979248047
1789130113047790600,62.45379052734375,-0.03083515167236328,0.008485585451126099,-0.008104085922241211
1789130113063789800,62.46978979492187,-0.021270751953125,0.012933716177940369,-0.012829780578613281
1789130113079794400,62.48579443359375,-0.05002021789550781,0.0033633410930633545,-0.012765645980834961
1789130113095791900,62.5017919921875,-0.050124168395996094,0.01296280324459076,-0.017216205596923828
1789130113111795200,62.517795166015624,-0.03575706481933594,0.008407622575759888,-0.0028717517852783203
1789130113127794700,62.53379467773438,-0.030939102172851562,0.003372475504875183,-0.03647255897521973
1789130113143797800,62.5497978515625,-0.026154518127441406,-0.0012044012546539307,-0.0173184871673584
1789130113159800300,62.56580029296875,-0.02133464813232422,0.01806880533695221,-0.007851600646972656
1789130113175803400,62.58180346679688,-0.04057598114013672,0.013572826981544495,-0.02194380760192871
1789130113191806000,62.59780590820313,-0.031055450439453125,0.004125624895095825,-0.012187957763671875
1789130113207809300,62.613809326171875,-0.03583526611328125,0.004122704267501831,-0.03616213798522949
1789130113223813400,62.6298134765625,-0.04057788848876953,0.004105463624000549,-0.01715707778930664
1789130113239820300,62.6458203125,-0.03575897216796875,0.01386040449142456,-0.007688760757446289
1789130113255820300,62.6618203125,-0.04536628723144531,0.014001205563545227,-0.002810239791870117
1789130113271819300,62.6778193359375,-0.03107166290283203,0.009075954556465149,-0.0025696754455566406
1789130113287817700,62.69381762695313,-0.045342445373535156,-0.005212023854255676,0.0162661075592041
1789130113303820000,62.70982006835938,-0.035780906677246094,-0.000314176082611084,0.011523723602294922
1789130113319827700,62.72582763671875,-0.04057884216308594,0.0043593645095825195,0.0019826889038085938
1789130113335834400,62.74183447265625,-0.040665626525878906,-0.00514751672744751,0.0022668838500976562
1789130113351836400,62.75783642578125,-0.06456279754638672,-0.0051771849393844604,0.011698007583618164
1789130113367833000,62.7738330078125,-0.04529285430908203,0.014043658971786499,0.011306285858154297
1789130113383831300,62.789831298828126,-0.045289039611816406,0.00931619107723236,0.016083240509033203
1789130113399830300,62.80583032226563,-0.054840087890625,0.004400715231895447,-0.003148317337036133
1789130113415832000,62.82183203125,-0.054821014404296875,0.014304205775260925,0.006345272064208984
1789130113431837000,62.8378369140625,-0.049981117248535156,0.004704013466835022,-0.02254962921142578
1789130113447833900,62.85383374023438,-0.05954742431640625,0.00933307409286499,-0.017788410186767578
1789130113463837400,62.86983740234375,-0.035602569580078125,0.019069433212280273,-0.013019800186157227
1789130113479837000,62.8858369140625,-0.06435108184814453,0.004741787910461426,-0.012964248657226562
1789130113495836400,62.90183642578125,-0.04516410827636719,0.019177213311195374,-0.017865419387817383
1789130113511832300,62.91783227539062,-0.05482673645019531,0.009689703583717346,-0.017589330673217773
1789130113527824600,62.93382470703125,-0.04527473449707031,0.0050735026597976685,-0.007940053939819336
1789130113543819800,62.94981982421875,-0.04046058654785156,0.009891942143440247,-0.02717876434326172
1789130113559811000,62.96581103515625,-0.035559654235839844,0.01943717896938324,-0.01796889305114746
1789130113575805000,62.981804931640625,-0.040505409240722656,0.01929740607738495,-0.007868528366088867
1789130113591797000,62.997796875,-0.030930519104003906,0.009716734290122986,-0.007862329483032227
1789130113607793200,63.013793212890626,-0.04529285430908203,0.00020444393157958984,-0.012664556503295898
1789130113623785200,63.02978515625,-0.026167869567871094,0.014740914106369019,-0.012580633163452148
1789130113639777300,63.04577734375,-0.03582572937011719,0.019579142332077026,0.0020503997802734375
1789130113655767600,63.061767578125,-0.05018138885498047,0.009839117527008057,-0.007547855377197266
1789130113671763700,63.077763671875,-0.05014610290527344,0.005315050482749939,-0.022043943405151367
1789130113687761400,63.09376147460937,-0.05016040802001953,0.005220949649810791,-0.012414932250976562
1789130113703761700,63.10976171875,-0.05964088439941406,0.014813035726547241,-0.003155231475830078
1789130113719765000,63.125764892578125,-0.04996776580810547,0.010052472352981567,-0.013051986694335938
1789130113735767300,63.141767333984376,-0.04997444152832031,0.01470986008644104,-0.003446817398071289
1789130113751765000,63.15776489257812,-0.02609539031982422,0.005101636052131653,-0.003237485885620117
1789130113767764700,63.1737646484375,-0.045189857482910156,0.009803831577301025,-0.013005256652832031
1789130113783762700,63.1897626953125,-0.021244049072265625,-0.004686698317527771,-0.03216409683227539
1789130113799764200,63.20576416015625,-0.04518699645996094,0.009591713547706604,-0.008213281631469727
1789130113815766300,63.22176635742188,-0.030803680419921875,0.009528741240501404,-0.02742457389831543
1789130113831765500,63.237765625,-0.026038169860839844,-0.000017464160919189453,-0.008193492889404297
1789130113847758600,63.25375854492187,-0.04524421691894531,0.004829466342926025,-0.01760244369506836
1789130113863755000,63.26975512695312,-0.050037384033203125,-0.004695966839790344,-0.01280355453491211
1789130113879751200,63.285751220703126,-0.0404815673828125,0.00006444752216339111,0.0016369819641113281
1789130113895738000,63.301738037109374,-0.035637855529785156,0.00011624395847320557,-0.012917280197143555
1789130113911731200,63.317731201171874,-0.03563690185546875,0.0000037997961044311523,-0.012911081314086914
1789130113927722000,63.33372192382812,-0.03563404083251953,0.0000683218240737915,-0.008136749267578125
1789130113943716000,63.349716064453126,-0.03084850311279297,0.005114197731018066,-0.0033559799194335938
1789130113959712300,63.365712158203124,-0.04521465301513672,0.009908095002174377,-0.003350496292114258
1789130113975708200,63.38170825195313,-0.03564167022705078,0.01484633982181549,-0.0033483505249023438
1789130113991702500,63.39770263671875,-0.05955028533935547,0.010116249322891235,0.010904312133789062
1789130114007694300,63.4136943359375,-0.030927658081054688,0.005528107285499573,-0.003114938735961914
1789130114023688400,63.4296884765625,-0.05006885528564453,0.024544209241867065,0.02079153060913086
1789130114039683800,63.44568383789063,-0.059592247009277344,0.02454333007335663,0.0014622211456298828
1789130114055678200,63.46167822265625,-0.045310020446777344,0.01003091037273407,-0.0030438899993896484
1789130114071676400,63.477676513671874,-0.069244384765625,0.005215317010879517,0.0017173290252685547
1789130114087678700,63.4936787109375,-0.050113677978515625,0.014896973967552185,-0.00778651237487793
1789130114103680500,63.50968041992188,-0.06438636779785156,0.01485365629196167,0.006277322769165039
1789130114119682800,63.52568286132812,-0.050052642822265625,0.01970715820789337,-0.017567873001098633
1789130114135682300,63.541682373046875,-0.050087928771972656,0.0005736351013183594,-0.012660026550292969
1789130114151680500,63.55768041992187,-0.03595161437988281,0.010099008679389954,-0.011907577514648438
1789130114167679500,63.573679443359374,-0.050411224365234375,0.02457679808139801,-0.011598348617553711
1789130114183677200,63.58967724609375,-0.04079723358154297,0.024546325206756592,-0.011722803115844727
1789130114199669000,63.6056689453125,-0.055171966552734375,0.00993761420249939,-0.002099275588989258
1789130114215665000,63.62166479492188,-0.060013771057128906,0.005060642957687378,-0.02585744857788086
1789130114231657200,63.6376572265625,-0.05043601989746094,0.009879589080810547,-0.0019211769104003906
1789130114247651800,63.65365185546875,-0.036014556884765625,0.0003423839807510376,-0.006899595260620117
1789130114263653000,63.669653076171876,-0.04572486877441406,0.00024856626987457275,-0.016031265258789062
1789130114279650300,63.685650390625,-0.05053997039794922,0.005202755331993103,-0.020740747451782227
1789130114295644400,63.70164453125,-0.05054283142089844,0.010063141584396362,-0.01594400405883789
1789130114311637500,63.717637451171875,-0.02181243896484375,0.01965250074863434,-0.01594686508178711
1789130114327628500,63.733628662109375,-0.04574871063232422,0.00994323194026947,-0.006383419036865234
1789130114343624200,63.74962426757813,-0.04093456268310547,0.014921888709068298,-0.020844221115112305
1789130114359619000,63.765619140625,-0.040958404541015625,0.014952361583709717,-0.0064013004302978516
1789130114375619600,63.78161962890625,-0.04577445983886719,0.010154098272323608,-0.0206754207611084
1789130114391616800,63.79761669921875,-0.040866851806640625,0.01476655900478363,-0.001901865005493164
1789130114407614000,63.813614013671874,-0.04074287414550781,0.019557520747184753,-0.00709986686706543
1789130114423614200,63.8296142578125,-0.05035591125488281,0.0194738507270813,0.016965150833129883
1789130114439616800,63.84561669921875,-0.031171798706054688,0.01934497058391571,-0.007070779800415039
1789130114455614700,63.86161474609375,-0.035935401916503906,0.014330357313156128,0.0024399757385253906
1789130114471616500,63.877616455078126,-0.050332069396972656,0.02409420907497406,-0.02141094207763672
1789130114487621400,63.89362133789062,-0.05030536651611328,0.009863004088401794,-0.007138490676879883
1789130114503621000,63.90962109375,-0.04557323455810547,0.014383912086486816,-0.016515493392944336
1789130114519621600,63.92562158203125,-0.05036449432373047,0.0049660950899124146,-0.006937980651855469
1789130114535624000,63.9416240234375,-0.04562187194824219,0.009835243225097656,-0.011583328247070312
1789130114551624400,63.95762451171875,-0.03625202178955078,0.010056480765342712,-0.02048802375793457
1789130114567629000,63.97362915039062,-0.03624439239501953,0.014900565147399902,-0.025306224822998047
1789130114583626800,63.989626708984375,-0.03142261505126953,0.010170400142669678,-0.0206301212310791
1789130114599625500,64.00562548828125,-0.01704883575439453,0.010134086012840271,-0.015868425369262695
1789130114615620900,64.02162084960938,-0.036208152770996094,0.005526795983314514,-0.020650863647460938
1789130114631613700,64.03761376953125,-0.04098701477050781,0.019793882966041565,-0.0206758975982666
1789130114647600400,64.05360034179688,-0.036197662353515625,0.01494075357913971,-0.011099100112915039
1789130114663594200,64.06959423828125,-0.05055046081542969,0.009809374809265137,-0.011118888854980469
1789130114679591700,64.085591796875,-0.05056571960449219,-0.004576951265335083,-0.01106572151184082
1789130114695589000,64.10158911132812,-0.02667522430419922,0.00974041223526001,-0.020471572875976562
1789130114711587300,64.11758740234374,-0.050632476806640625,0.014243707060813904,-0.01561594009399414
1789130114727575600,64.13357543945312,-0.03146839141845703,0.000036388635635375977,-0.010872364044189453
1789130114743568100,64.14956811523437,-0.0362701416015625,0.009537070989608765,-0.0012462139129638672
1789130114759555000,64.16555517578125,-0.026683807373046875,0.00001965463161468506,-0.020435333251953125
1789130114775541000,64.181541015625,-0.02670001983642578,-0.004614651203155518,-0.001237630844116211
1789130114791536000,64.1975361328125,-0.0171966552734375,0.009834960103034973,-0.010578632354736328
1789130114807526700,64.21352661132812,-0.026702880859375,-0.00932130217552185,-0.010809659957885742
1789130114823519500,64.22951953125,-0.03147602081298828,0.00013662874698638916,-0.0012738704681396484
1789130114839510300,64.24551025390625,-0.055245399475097656,-0.014288857579231262,-0.0066301822662353516
1789130114855504000,64.26150390625,-0.036164283752441406,-0.000054508447647094727,-0.03511357307434082
1789130114871502800,64.2775029296875,-0.03142833709716797,0.00470927357673645,-0.020573854446411133
1789130114887503600,64.29350366210937,-0.04104328155517578,0.009490236639976501,-0.034813642501831055
1789130114903503000,64.30950317382812,-0.036185264587402344,0.023818746209144592,-0.025460243225097656
1789130114919505200,64.32550512695312,-0.02662372589111328,0.009546339511871338,-0.03499484062194824
1789130114935503400,64.34150341796875,-0.03135108947753906,0.014564529061317444,-0.016055822372436523
1789130114951504000,64.35750390625,-0.02185344696044922,0.009780004620552063,-0.0014302730560302734
1789130114967504100,64.37350415039063,-0.031421661376953125,0.00010448694229125977,-0.01581740379333496
1789130114983499800,64.38949975585938,-0.01715373992919922,-0.00016126036643981934,-0.015479564666748047
1789130114999494100,64.405494140625,-0.06051445007324219,0.004621297121047974,-0.10079598426818848
1789130115015497700,64.42149780273438,-0.02239704132080078,0.01390482485294342,0.03870964050292969
1789130115031498500,64.43749853515625,-0.06554412841796875,-0.024530932307243347,0.005367755889892578
1789130115047495700,64.45349560546875,-0.012859344482421875,0.05237053334712982,-0.2053813934326172
1789130115063495400,64.46949536132813,-0.007758140563964844,-0.005157455801963806,-0.01965785026550293
1789130115079494700,64.48549462890625,0.05932903289794922,0.12232641875743866,0.10957193374633789
1789130115095486000,64.50148583984375,-0.10306262969970703,0.04945157468318939,-0.054540157318115234
1789130115111482000,64.51748217773438,0.07440853118896484,0.05242753028869629,-0.01232004165649414
1789130115127478300,64.53347827148437,-0.049918174743652344,0.04207995533943176,0.03983020782470703
1789130115143474700,64.549474609375,-0.035308837890625,0.022117987275123596,0.015133142471313477
1789130115159469600,64.56546948242188,-0.020897865295410156,-0.026146605610847473,-0.00893259048461914
1789130115175466800,64.581466796875,-0.05907154083251953,0.0023134350776672363,0.00500941276550293
1789130115191464700,64.59746459960938,-0.05901145935058594,-0.01683419942855835,-0.009554147720336914
1789130115207456800,64.61345678710937,-0.08779239654541016,0.007200866937637329,-0.023763418197631836
1789130115223459600,64.62945947265625,-0.06390380859375,0.007130444049835205,0.01951432228088379
1789130115239463200,64.64546313476562,-0.07824325561523438,-0.016575440764427185,-0.04283881187438965
1789130115255461400,64.66146142578125,-0.0256500244140625,0.007155761122703552,-0.009043693542480469
1789130115271462400,64.67746240234375,-0.049594879150390625,-0.002161383628845215,-0.018624544143676758
1789130115287467000,64.69346704101562,-0.020975112915039062,0.0026059895753860474,0.020050048828125
1789130115303474200,64.70947412109375,-0.025705337524414062,0.021728768944740295,-0.008871793746948242
1789130115319474000,64.72547387695313,-0.049681663513183594,-0.016440555453300476,-0.003981113433837891
1789130115335478500,64.741478515625,-0.04013252258300781,0.012504816055297852,-0.02784276008605957
1789130115351485700,64.75748559570313,-0.0209503173828125,-0.021195635199546814,0.029532670974731445
1789130115367495200,64.7734951171875,-0.059279441833496094,0.002795591950416565,-0.03264474868774414
1789130115383501000,64.7895009765625,-0.03542041778564453,0.002909541130065918,-0.003646373748779297
1789130115399506200,64.80550610351563,-0.044930458068847656,0.007886484265327454,-0.027822017669677734
1789130115415509500,64.82150952148437,-0.044905662536621094,0.003122091293334961,-0.008751153945922852
1789130115431511600,64.83751147460937,-0.05916404724121094,0.007917538285255432,0.0244140625
1789130115447512000,64.85351196289062,-0.030335426330566406,0.012933671474456787,-0.004653215408325195
1789130115463511000,64.86951098632812,-0.030318260192871094,0.0033404380083084106,-0.03822779655456543
1789130115479506400,64.88550634765625,-0.0735025405883789,0.008245602250099182,-0.04751920700073242
1789130115495504000,64.90150390625,-0.030405044555664062,-0.0011875033378601074,-0.00443720817565918
1789130115511508700,64.9175087890625,-0.03998374938964844,0.018081918358802795,0.00034809112548828125
1789130115527509500,64.93350952148438,-0.015985488891601562,0.008544281125068665,-0.014203310012817383
1789130115543511000,64.94951098632812,-0.03508472442626953,-0.005865603685379028,0.004773378372192383
1789130115559514000,64.96551416015625,-0.03987407684326172,-0.0103750079870224,0.014336824417114258
1789130115575516400,64.98151635742188,-0.020745277404785156,-0.005601286888122559,-0.00473332405090332
1789130115591518200,64.99751831054688,-0.039704322814941406,0.003969281911849976,-0.02452683448791504
1789130115607521500,65.013521484375,-0.034996986389160156,-0.0053666383028030396,0.01881885528564453
1789130115623529200,65.029529296875,-0.044600486755371094,-0.01479312777519226,-0.00025391578674316406
1789130115639532500,65.04553247070312,-0.03986835479736328,0.004298806190490723,-0.014432668685913086
1789130115655530500,65.06153051757812,-0.03507709503173828,0.013954728841781616,-0.024022579193115234
1789130115671529700,65.07752978515624,-0.05423545837402344,0.023644641041755676,-0.03359055519104004
1789130115687526400,65.0935263671875,-0.044661521911621094,0.004736021161079407,-0.0527491569519043
1789130115703525400,65.109525390625,-0.03510856628417969,0.014343947172164917,-0.014367103576660156
1789130115719523000,65.12552319335937,-0.049612998962402344,0.019150540232658386,-0.00911855697631836
1789130115735520300,65.14152026367188,-0.025674819946289062,0.024082601070404053,-0.02348017692565918
1789130115751512800,65.15751293945313,-0.04485607147216797,0.004877105355262756,-0.004233360290527344
1789130115767511300,65.17351123046875,-0.04485893249511719,0.005023539066314697,-0.01380610466003418
1789130115783508700,65.1895087890625,-0.020915985107421875,0.009956315159797668,-0.01382303237915039
1789130115799504400,65.20550439453125,-0.02570819854736328,0.005204007029533386,0.0005552768707275391
1789130115815501800,65.22150170898438,-0.0304412841796875,0.014835238456726074,-0.0044214725494384766
1789130115831507500,65.23750756835938,-0.020832061767578125,0.009941041469573975,0.009847164154052734
1789130115847517700,65.253517578125,-0.035137176513671875,-0.009259253740310669,-0.014292240142822266
1789130115863520000,65.26952001953126,-0.05423545837402344,-0.014169469475746155,-0.07192659378051758
1789130115879521000,65.28552099609375,-0.011343955993652344,0.029191315174102783,-0.013809919357299805
1789130115895523300,65.3015234375,0.08396720886230469,-0.023422524333000183,-0.18947792053222656
1789130115911525400,65.317525390625,0.030353546142578125,-0.013803929090499878,-0.19116783142089844
1789130115927531000,65.33353100585937,-0.00027561187744140625,-0.008286133408546448,-0.1849360466003418
1789130115943527400,65.34952734375,0.02114105224609375,0.016215071082115173,-0.17660760879516602
1789130115959522000,65.36552197265625,-0.010807037353515625,-0.045486435294151306,-0.23297595977783203
1789130115975527200,65.38152709960937,0.08483409881591797,-0.03520031273365021,-0.3075737953186035
1789130115991530800,65.39753076171876,0.0022821426391601562,-0.048020511865615845,-0.3164093494415283
1789130116007529200,65.413529296875,-0.009691238403320312,-0.017563268542289734,-0.3447883129119873
1789130116023525400,65.429525390625,0.011023521423339844,0.0029041916131973267,-0.34610581398010254
1789130116039525600,65.44552563476563,0.021551132202148438,-0.0005497336387634277,-0.34499502182006836
1789130116055527000,65.46152685546875,0.03117847442626953,0.014292553067207336,-0.39774322509765625
1789130116071521000,65.47752099609374,0.04491233825683594,-0.014113172888755798,-0.3901190757751465
1789130116087519500,65.49351953125,0.01979351043701172,0.005686044692993164,-0.36560893058776855
1789130116103521300,65.50952124023438,0.05692481994628906,-0.017366811633110046,-0.39793992042541504
1789130116119523600,65.52552368164062,0.04600715637207031,-0.002155616879463196,-0.35715460777282715
1789130116135525400,65.541525390625,0.04908466339111328,0.0032915621995925903,-0.3956155776977539
1789130116151527200,65.55752709960937,0.07156085968017578,-0.015122979879379272,-0.39113426208496094
1789130116167533800,65.57353393554688,0.10849952697753906,-0.014535963535308838,-0.3814229965209961
1789130116183539000,65.5895390625,0.10756587982177734,0.0006191432476043701,-0.3534891605377197
1789130116199546600,65.60554663085938,0.10704994201660156,-0.008169308304786682,-0.37434840202331543
1789130116215545000,65.62154516601562,0.12584590911865234,-0.016338154673576355,-0.39511430263519287
1789130116231540000,65.6375400390625,0.12070655822753906,-0.01509144902229309,-0.36718785762786865
1789130116247544800,65.653544921875,0.1490612030029297,-0.013534128665924072,-0.3861910104751587
1789130116263542000,65.6695419921875,0.1581249237060547,0.0021918416023254395,-0.4132120609283447
1789130116279541500,65.68554150390625,0.15770244598388672,-0.010978639125823975,-0.4252634048461914
1789130116295547100,65.70154711914063,0.20014190673828125,-0.014228567481040955,-0.41601717472076416
1789130116311549400,65.71754956054687,0.1706981658935547,-0.026977911591529846,-0.42446374893188477
1789130116327548700,65.73354858398437,0.21277904510498047,-0.020065978169441223,-0.4828263521194458
1789130116343548200,65.74954809570312,0.24479961395263672,-0.008376851677894592,-0.5324370861053467
1789130116359543000,65.76554296875,0.2901954650878906,-0.020358309149742126,-0.5989842414855957
1789130116375545900,65.7815458984375,0.32610416412353516,-0.023185499012470245,-0.524799108505249
1789130116391543800,65.79754370117188,0.3004941940307617,-0.007010400295257568,-0.4665898084640503
1789130116407538200,65.8135380859375,0.28527355194091797,0.003805488348007202,-0.5111968517303467
1789130116423533600,65.82953344726562,0.25123119354248047,-0.028170764446258545,-0.5219419002532959
1789130116439519500,65.84551953125,0.24145030975341797,-0.026283591985702515,-0.49390900135040283
1789130116455513300,65.86151342773438,0.232025146484375,-0.0056459009647369385,-0.4990561604499817
1789130116471511000,65.87751098632812,0.27580738067626953,0.028978750109672546,-0.4284878969192505
1789130116487508200,65.89350830078125,0.2534027099609375,-0.06214950233697891,-0.5383356213569641
1789130116503508500,65.90950854492188,0.21215438842773438,-0.00003801286220550537,-0.43240833282470703
1789130116519512800,65.92551293945313,0.26725101470947266,-0.0050767213106155396,-0.43840473890304565
1789130116535516700,65.9415166015625,0.23681259155273438,0.01871447265148163,-0.42322707176208496
1789130116551520500,65.9575205078125,0.14965248107910156,0.014228060841560364,-0.3832491636276245
1789130116567520500,65.9735205078125,0.15398883819580078,-0.014915354549884796,-0.3647635579109192
1789130116583520500,65.9895205078125,0.1495075225830078,-0.0007626116275787354,-0.31306833028793335
1789130116599521000,66.00552099609375,0.1169881820678711,0.02765066921710968,-0.2903739809989929
1789130116615523800,66.02152392578125,0.08981513977050781,-0.03001893311738968,-0.2863451838493347
1789130116631527200,66.03752709960938,0.05349159240722656,-0.0007962733507156372,-0.27142149209976196
1789130116647525600,66.05352563476562,0.02705669403076172,0.052151620388031006,-0.2541252374649048
1789130116663523600,66.06952368164062,0.039229393005371094,0.033125996589660645,-0.22019535303115845
1789130116679524400,66.0855244140625,0.07560539245605469,0.05216705799102783,-0.22686296701431274
1789130116695527200,66.10152709960937,0.08830451965332031,0.027852043509483337,-0.1785774827003479
1789130116711528200,66.11752807617188,0.1060943603515625,-0.005766555666923523,-0.15746665000915527
1789130116727531500,66.13353149414063,0.10496330261230469,0.00920674204826355,-0.14856386184692383
1789130116743528700,66.14952880859374,0.11839103698730469,-0.04776211827993393,-0.13224667310714722
1789130116759533000,66.16553295898437,0.16065120697021484,0.010188907384872437,-0.1362013816833496
1789130116775535400,66.18153540039063,0.15520954132080078,0.01583780348300934,-0.060999512672424316
1789130116791537200,66.197537109375,0.2744407653808594,-0.01213730126619339,-0.035831451416015625
1789130116807541500,66.21354150390626,0.22625446319580078,-0.09264995157718658,-0.0033510923385620117
1789130116823541500,66.22954150390625,0.2260723114013672,-0.09687061607837677,0.0372355580329895
1789130116839542000,66.2455419921875,0.20196533203125,-0.0149935781955719,0.03450733423233032
1789130116855542300,66.26154223632813,0.2400808334350586,-0.06219058483839035,-0.0062029361724853516
1789130116871543300,66.27754321289062,0.23990440368652344,-0.042547471821308136,-0.003968536853790283
1789130116887539000,66.2935390625,0.215789794921875,-0.07089635729789734,0.0461040735244751
1789130116903537000,66.30953686523438,0.23955535888671875,-0.1421847641468048,-0.009111881256103516
1789130116919533600,66.32553344726563,0.09570884704589844,-0.11295051872730255,0.022096872329711914
1789130116935533800,66.34153393554688,0.1864452362060547,-0.05496840178966522,-0.08489501476287842
1789130116951531300,66.35753125,0.07128143310546875,-0.0069350674748420715,-0.057761430740356445
1789130116967528200,66.37352807617188,0.027921676635742188,-0.08820547163486481,-0.035090088844299316
1789130116983529500,66.38952954101562,0.08991718292236328,-0.007641337811946869,-0.01239866018295288
1789130116999527400,66.40552734375,0.0657501220703125,0.005073375999927521,-0.10003942251205444
1789130117015523600,66.42152368164062,-0.03498077392578125,0.03189457952976227,-0.011162221431732178
1789130117031517200,66.43751708984375,0.05102062225341797,0.04420311748981476,-0.06566989421844482
1789130117047513600,66.453513671875,0.09866809844970703,0.07515992224216461,-0.13858258724212646
1789130117063512300,66.46951220703124,0.14147663116455078,0.05735968053340912,-0.08132433891296387
1789130117079508000,66.48550805664063,0.08845996856689453,0.1341903656721115,-0.13791829347610474
1789130117095502600,66.50150268554688,0.08809661865234375,0.20408159494400024,-0.11231130361557007
1789130117111500300,66.51750024414062,0.020692825317382812,0.2473067194223404,-0.052439868450164795
1789130117127504400,66.53350439453125,0.07780838012695312,0.34584885835647583,-0.09267407655715942
1789130117143502800,66.5495029296875,0.08228302001953125,0.28727155923843384,-0.06978815793991089
1789130117159497000,66.5654970703125,0.14909839630126953,0.23103538155555725,-0.06622326374053955
1789130117175486200,66.581486328125,0.10122299194335938,0.2258983701467514,0.021243155002593994
1789130117191478300,66.59747827148438,0.09174537658691406,0.2763884663581848,0.0033036470413208008
1789130117207470800,66.61347094726563,0.11594104766845703,0.292519748210907,-0.06374692916870117
1789130117223464200,66.62946411132812,0.10182380676269531,0.2571379244327545,-0.039444684982299805
1789130117239455200,66.64545532226562,0.11649703979492188,0.22734606266021729,-0.010936975479125977
1789130117255445200,66.6614453125,0.13129425048828125,0.28336837887763977,0.0069686174392700195
1789130117271438600,66.6774384765625,0.16521644592285156,0.15351885557174683,0.10434746742248535
1789130117287431200,66.69343115234375,0.19435882568359375,0.14075756072998047,0.08101189136505127
1789130117303421700,66.70942163085938,0.2713584899902344,0.15947288274765015,0.16690248250961304
1789130117319411500,66.72541137695312,0.3866281509399414,0.14306408166885376,0.10322362184524536
1789130117335401200,66.74140112304687,0.3676471710205078,0.0110645592212677,0.13087642192840576
1789130117351392300,66.75739233398437,0.3055458068847656,-0.013682037591934204,0.17216616868972778
1789130117367379200,66.77337915039062,0.31514644622802734,0.006770789623260498,0.12316226959228516
1789130117383362600,66.78936254882812,0.31980228424072266,-0.07642599940299988,0.051629066467285156
1789130117399352300,66.80535229492187,0.14722061157226562,-0.18268683552742004,-0.04330259561538696
1789130117415341800,66.821341796875,0.13727855682373047,-0.1207965612411499,-0.04979574680328369
1789130117431331300,66.83733129882812,0.09375667572021484,-0.1195945292711258,-0.08009088039398193
1789130117447324000,66.85332397460938,0.10757160186767578,-0.2353212982416153,-0.01894897222518921
1789130117463312100,66.86931201171875,-0.046283721923828125,-0.16722314059734344,-0.03888297080993652
1789130117479301400,66.88530126953125,-0.04226398468017578,-0.20657703280448914,-0.06731462478637695
1789130117495293000,66.90129296875,0.004797935485839844,-0.21585962176322937,-0.01864945888519287
1789130117511281200,66.91728125,0.09015750885009766,-0.14324936270713806,-0.060622453689575195
1789130117527274800,66.93327465820313,0.08922863006591797,-0.20414340496063232,-0.12476977705955505
1789130117543273200,66.94927319335937,-0.0362091064453125,-0.09733621776103973,-0.05419588088989258
1789130117559267600,66.965267578125,-0.12311553955078125,-0.05646131932735443,-0.02837085723876953
1789130117575259400,66.98125927734375,-0.09973526000976562,-0.07137864828109741,-0.09931039810180664
1789130117591255600,66.99725561523438,-0.04764842987060547,-0.11564206331968307,-0.14544981718063354
1789130117607256600,67.01325659179687,-0.04819011688232422,-0.08078153431415558,-0.09548559784889221
1789130117623251500,67.02925146484375,-0.11100196838378906,-0.09050025045871735,-0.11144110560417175
1789130117639253000,67.0452529296875,-0.22644996643066406,0.017972514033317566,-0.17997366189956665
1789130117655249700,67.06124975585938,-0.31789112091064453,0.20947478711605072,-0.16208595037460327
1789130117671250000,67.07725,-0.27994728088378906,0.42355602979660034,-0.11178332567214966
1789130117687249700,67.09324975585938,-0.04543495178222656,0.5494356155395508,0.07100260257720947
1789130117703246800,67.10924682617187,0.515472412109375,0.5407438278198242,0.17442679405212402
1789130117719244000,67.125244140625,0.4258251190185547,0.32159069180488586,0.3168671131134033
1789130117735235000,67.14123510742188,0.6755523681640625,0.27277061343193054,0.18468588590621948
1789130117751221800,67.1572216796875,0.623661994934082,0.1743166446685791,0.40462547540664673
1789130117767210000,67.1732099609375,0.7682371139526367,0.18503350019454956,0.12491810321807861
1789130117783193900,67.18919384765626,0.6254024505615234,0.1742207109928131,0.2818105220794678
1789130117799181000,67.20518115234376,0.5401334762573242,0.2551044821739197,0.4512094259262085
1789130117815174000,67.221173828125,0.6991024017333984,0.017743676900863647,0.3988184928894043
1789130117831165400,67.23716552734375,0.762211799621582,-0.04028567671775818,0.2992019057273865
1789130117847153400,67.2531533203125,0.5618934631347656,0.03782132267951965,0.3147807717323303
1789130117863140600,67.269140625,0.5051555633544922,-0.04023259878158569,0.23981386423110962
1789130117879129600,67.28512963867188,0.28553104400634766,-0.21221783757209778,0.12716054916381836
1789130117895128600,67.30112866210938,0.20465755462646484,-0.28652334213256836,0.0682215690612793
1789130117911121700,67.31712158203125,0.3822622299194336,-0.2684992551803589,0.010326564311981201
1789130117927112200,67.3331123046875,0.08566665649414062,-0.339728981256485,-0.07463377714157104
1789130117943099100,67.34909912109374,0.1718740463256836,-0.30359920859336853,-0.11214578151702881
1789130117959096800,67.36509692382812,0.09490966796875,-0.31822362542152405,-0.14919543266296387
1789130117975093200,67.38109326171875,0.017553329467773438,-0.3300243318080902,-0.2286992371082306
1789130117991086600,67.39708666992188,-0.10797309875488281,-0.3232365846633911,-0.30299249291419983
1789130118007080200,67.413080078125,-0.18104934692382812,-0.22963881492614746,-0.19487208127975464
1789130118023074800,67.42907470703125,-0.20615100860595703,-0.12563586235046387,-0.22516626119613647
1789130118039075600,67.44507568359376,-0.19719409942626953,-0.1127782091498375,-0.24645623564720154
1789130118055078000,67.46107788085938,-0.23581504821777344,-0.1493375450372696,-0.227774977684021
1789130118071076600,67.47707666015626,-0.32225608825683594,-0.009886473417282104,-0.2145577073097229
1789130118087077000,67.4930771484375,-0.25072383880615234,0.09047591686248779,-0.2914919853210449
1789130118103073000,67.50907299804688,-0.1263895034790039,0.003303632140159607,-0.020638585090637207
1789130118119068200,67.52506811523438,-0.0977945327758789,0.06833067536354065,-0.15223252773284912
1789130118135061800,67.54106176757813,-0.13657474517822266,0.1511649340391159,-0.19688385725021362
1789130118151048000,67.5570478515625,-0.0795736312866211,0.1262717992067337,-0.23152276873588562
1789130118175028000,67.58102807617188,0.08740425109863281,0.0839247852563858,-0.16694477200508118
1789130118191020500,67.5970205078125,0.15427494049072266,0.10971130430698395,0.058019280433654785
1789130118207016400,67.61301635742187,0.23092365264892578,0.12523920834064484,-0.0455440878868103
1789130118223019000,67.62901904296875,0.2599029541015625,0.12689225375652313,0.03414154052734375
1789130118239021300,67.64502124023437,0.08790779113769531,0.3216798007488251,0.15099936723709106
1789130118255026200,67.66102612304688,0.21314430236816406,0.44701024889945984,0.1834924817085266
1789130118271026200,67.67702612304687,0.34331607818603516,0.286683589220047,0.14665484428405762
1789130118287023600,67.69302368164062,0.36320972442626953,0.22915998101234436,0.1578192114830017
1789130118303023900,67.70902392578125,0.49781322479248047,0.3204886317253113,0.17049312591552734
1789130118319021000,67.72502099609375,0.4503488540649414,0.18801815807819366,0.007271468639373779
1789130118335021000,67.74102099609375,0.2735128402709961,0.0672275722026825,0.26118719577789307
1789130118351026200,67.75702612304687,0.3118925094604492,-0.022471129894256592,-0.1138806939125061
1789130118367027700,67.77302783203125,0.19202423095703125,-0.23428043723106384,-0.24215295910835266
1789130118383019000,67.78901904296875,-0.22955894470214844,-0.40160709619522095,0.0033007264137268066
1789130118399019000,67.80501904296875,0.04301261901855469,-0.21883627772331238,-0.17510458827018738
1789130118415022300,67.82102221679688,-0.08681869506835938,-0.24789640307426453,-0.11256283521652222
1789130118431023400,67.8370234375,-0.16890430450439453,-0.4867466688156128,-0.1309882402420044
1789130118447023400,67.8530234375,-0.08362770080566406,-0.5822745561599731,-0.08584630489349365
1789130118463023600,67.86902368164063,0.17370891571044922,-0.5227700471878052,0.09454894065856934
1789130118479028700,67.88502880859374,0.3928499221801758,-0.6117687821388245,0.053291261196136475
1789130118495031300,67.90103125,0.4790487289428711,-0.6631407141685486,0.23164445161819458
1789130118519026700,67.92502661132812,0.2317209243774414,-0.6763848066329956,0.07393568754196167
1789130118535026000,67.94102587890625,0.19539260864257812,-0.8600822687149048,0.017554819583892822
1789130118559022300,67.96502221679688,-0.24697303771972656,-0.9389238357543945,0.08623093366622925
1789130118575012000,67.98101220703126,-0.23017311096191406,-0.7946144342422485,0.0861024260520935
1789130118591011600,67.99701147460938,-0.4285306930541992,-0.840569794178009,0.2798718214035034
1789130118607015700,68.013015625,-0.7415084838867188,-0.9228862524032593,0.31970322132110596
1789130118623017700,68.02901782226563,-0.6616954803466797,-0.5857565402984619,0.4038114547729492
1789130118639017500,68.045017578125,-0.8883724212646484,-0.5996102094650269,0.5581580996513367
1789130118655018200,68.06101831054687,-0.587895393371582,-0.6530964970588684,0.5114917755126953
1789130118671018200,68.07701831054688,-0.40659046173095703,-0.6303820610046387,0.9770019054412842
1789130118687017500,68.093017578125,-0.3489217758178711,-0.4794396758079529,0.9740992784500122
1789130118703016000,68.10901586914062,-0.17517662048339844,-0.2709498405456543,1.0042771100997925
1789130118719015200,68.12501513671874,-0.27829551696777344,-0.3372594714164734,0.9511796236038208
1789130118735012900,68.14101293945312,-0.31386566162109375,-0.2831069231033325,0.9039943218231201
1789130118751013000,68.15701318359375,-0.29642200469970703,-0.5361031889915466,0.8859968185424805
1789130118767017700,68.17301782226562,-0.3498392105102539,-0.47347116470336914,1.1121315956115723
1789130118783020300,68.18902026367188,-0.02365398406982422,-0.23868966102600098,1.2500524520874023
1789130118799022000,68.20502197265625,0.20446014404296875,-0.06488555669784546,1.3839884996414185
1789130118815025700,68.22102563476562,0.1611919403076172,0.022279202938079834,1.3327614068984985
1789130118831032800,68.23703271484375,0.24149513244628906,-0.08710801601409912,1.3152700662612915
1789130118847043600,68.25304370117188,0.21157360076904297,-0.0015516281127929688,1.1540077924728394
1789130118863043000,68.26904296875,0.12847232818603516,-0.14622259140014648,1.0666990280151367
1789130118879044400,68.28504443359375,-0.11237525939941406,-0.331962525844574,1.087429404258728
1789130118895040800,68.30104077148438,0.1159677505493164,-0.4717419743537903,0.8351113796234131
1789130118911042300,68.31704223632812,-0.2154388427734375,-0.5315178632736206,0.7997703552246094
1789130118927044600,68.33304467773438,-0.3540620803833008,-0.4838128685951233,0.7444665431976318
1789130118943053000,68.34905297851563,-0.41910362243652344,-0.507483184337616,0.5966553688049316
1789130118959049700,68.3650498046875,-0.49852657318115234,-0.4438157081604004,0.7204859256744385
1789130118975051800,68.3810517578125,-0.3680438995361328,-0.3660345673561096,0.7594492435455322
1789130118991052000,68.39705200195313,-0.2282390594482422,-0.4521743059158325,0.705463171005249
1789130119007049700,68.4130498046875,-0.11678314208984375,-0.49595630168914795,0.49088382720947266
1789130119023054300,68.42905444335938,-0.0675497055053711,-0.7289643287658691,0.3893747329711914
1789130119039058200,68.44505810546875,-0.10973930358886719,-0.6638785600662231,0.38793420791625977
1789130119055058700,68.46105859375,-0.29546070098876953,-0.6241246461868286,0.4659919738769531
1789130119071054600,68.4770546875,-0.42397403717041016,-0.6296064853668213,0.4067990779876709
1789130119087055000,68.49305517578125,-0.6111078262329102,-0.6897057294845581,0.38142895698547363
1789130119103061800,68.50906176757813,-0.6706838607788086,-0.5792471170425415,0.20507574081420898
1789130119119066000,68.52506616210937,-0.9047946929931641,-0.5630835294723511,0.3570687770843506
1789130119135072000,68.54107202148438,-0.7895994186401367,-0.47335636615753174,0.4324359893798828
1789130119151074300,68.55707421875,-0.24262046813964844,-0.5450820922851562,0.5587162971496582
1789130119167074600,68.57307446289063,-0.0138092041015625,-0.5195691585540771,0.49252772331237793
1789130119183070700,68.58907080078124,0.040396690368652344,-0.7020835876464844,0.5801749229431152
1789130119199071200,68.6050712890625,-0.18216514587402344,-1.00893235206604,0.45792555809020996
1789130119215071000,68.62107104492188,-0.5056657791137695,-0.7404047250747681,0.20975899696350098
1789130119231068200,68.63706811523437,-0.12137794494628906,-0.7214024066925049,0.15745782852172852
1789130119247071000,68.65307104492187,-0.13456058502197266,-0.7798141241073608,0.3168039321899414
1789130119263074600,68.66907446289062,0.044173240661621094,-0.7763606309890747,0.4136195182800293
1789130119279078100,68.685078125,-0.26979827880859375,-0.9692423343658447,0.5482659339904785
1789130119295076000,68.701076171875,0.09949779510498047,-0.8477375507354736,0.31462669372558594
1789130119311078400,68.71707836914062,0.055853843688964844,-0.5304807424545288,0.2881636619567871
1789130119327080700,68.73308081054688,0.060573577880859375,-0.4223383665084839,0.5939254760742188
1789130119343084000,68.749083984375,0.26083850860595703,-0.22546374797821045,0.5342371463775635
1789130119359087000,68.76508715820313,0.23975181579589844,-0.17925596237182617,0.6126730442047119
1789130119375085800,68.7810859375,-0.14903736114501953,-0.21047234535217285,0.5440797805786133
1789130119391079000,68.79707885742188,-0.0643167495727539,-0.28667759895324707,0.32320427894592285
1789130119407074800,68.81307470703125,-0.16250038146972656,-0.4909238815307617,0.43369531631469727
1789130119423068200,68.82906811523438,-0.2643146514892578,-0.6353452205657959,0.5425987243652344
1789130119439062500,68.8450625,-0.27515506744384766,-0.611757755279541,0.5373556613922119
1789130119455059500,68.8610595703125,-0.21474838256835938,-0.2174670696258545,0.5337085723876953
1789130119471055400,68.87705541992187,0.5793371200561523,-0.08095836639404297,0.39679980278015137
1789130119487050500,68.89305053710937,0.22605609893798828,0.1633439064025879,0.519188642501831
1789130119503048700,68.90904858398437,0.3216686248779297,0.4135627746582031,0.7434310913085938
1789130119519049700,68.9250498046875,0.49686145782470703,0.40985941886901855,0.562899112701416
1789130119535043600,68.94104370117188,0.6173505783081055,0.47117483615875244,0.5069534778594971
1789130119551036700,68.95703662109375,0.4541616439819336,0.3260841369628906,0.43990373611450195
1789130119567030300,68.9730302734375,0.7224807739257812,0.3594684600830078,0.25248050689697266
1789130119583017700,68.98901782226562,0.5672788619995117,0.5340390205383301,0.6492998600006104
1789130119599011300,69.00501123046875,0.44968700408935547,0.25589966773986816,0.8150947093963623
1789130119615006500,69.02100634765625,0.6188821792602539,0.2350541353225708,0.3575103282928467
1789130119631004000,69.03700390625,0.40965938568115234,0.02335488796234131,0.41318368911743164
1789130119647002000,69.05300219726563,0.3693733215332031,-0.2300431728363037,0.384385347366333
1789130119663003400,69.06900341796874,0.6457338333129883,-0.44517529010772705,0.39995527267456055
1789130119679003400,69.08500341796875,-0.1844491958618164,-0.678851842880249,0.3245120048522949
1789130119695000000,69.101,0.05420494079589844,0.19351649284362793,0.5141215324401855
1789130119710998500,69.11699853515626,0.42675113677978516,-0.2715580463409424,0.24675226211547852
1789130119726995500,69.13299536132813,-0.008958816528320312,-0.8072021007537842,0.3330972194671631
1789130119742991400,69.14899145507812,0.1247110366821289,-0.7037665843963623,0.18450379371643066
1789130119758986200,69.164986328125,-0.21556377410888672,-0.41033005714416504,0.5360641479492188
1789130119774983200,69.18098315429687,-0.3418245315551758,-0.49905848503112793,0.46062278747558594
1789130119790982100,69.19698217773437,-0.17502975463867188,-0.7733817100524902,0.47464513778686523
1789130119806982000,69.21298193359375,-0.0846567153930664,-0.5168993473052979,0.2473158836364746
1789130119822979300,69.22897924804687,-0.25273704528808594,-0.822580099105835,0.3670806884765625
1789130119838974700,69.244974609375,-0.701960563659668,-0.6541171073913574,0.24769330024719238
1789130119854970400,69.26097045898437,-0.6648788452148438,-0.932342529296875,0.24244904518127441
1789130119870971600,69.2769716796875,-0.35184478759765625,-0.704535961151123,0.10821843147277832
1789130119886972400,69.29297241210938,-0.2211456298828125,-0.3965747356414795,0.31035780906677246
1789130119902968000,69.30896801757812,-0.0896444320678711,-0.739694356918335,0.19530868530273438
1789130119918968000,69.32496801757813,-0.10237503051757812,-0.42619800567626953,0.2280116081237793
1789130119934969300,69.34096923828125,-0.1618642807006836,-0.21058964729309082,-0.10716629028320312
1789130119950972700,69.35697265625,0.46578121185302734,-0.03108692169189453,0.5270557403564453
1789130119966977800,69.37297778320313,0.3662729263305664,0.051260948181152344,0.8393094539642334
1789130119982980000,69.38897998046875,0.8048267364501953,-0.6002597808837891,0.5950124263763428
1789130119998977800,69.40497778320312,0.6787357330322266,-0.9165072441101074,0.5882697105407715
1789130120014980900,69.42098095703125,0.5003223419189453,-0.2629542350769043,0.8229401111602783
1789130120030981600,69.43698168945312,0.823063850402832,-0.42213916778564453,0.9587078094482422
1789130120046986500,69.45298657226563,1.1238346099853516,-0.5696890354156494,0.999547004699707
1789130120062984400,69.468984375,0.8427610397338867,-0.3551604747772217,1.0218112468719482
1789130120078984700,69.48498461914062,0.5505256652832031,-0.8178510665893555,0.7212691307067871
1789130120094983400,69.5009833984375,0.4013328552246094,-0.5788414478302002,0.8851258754730225
1789130120110984700,69.51698461914063,0.36234283447265625,-0.5607903003692627,1.1296806335449219
1789130120126987500,69.53298754882813,0.6264619827270508,-0.344440221786499,0.8738882541656494
1789130120142989000,69.54898901367187,0.15091514587402344,-0.3266935348510742,0.7614302635192871
1789130120158997000,69.5649970703125,-0.28434181213378906,0.022609233856201172,0.6107494831085205
1789130120175005200,69.58100512695313,0.30260467529296875,0.1547842025756836,0.6765074729919434
1789130120191014400,69.59701440429687,-0.003753662109375,-0.21569323539733887,0.47291040420532227
1789130120207027500,69.61302734375,-0.4001913070678711,-0.09082865715026855,0.5804839134216309
1789130120223029500,69.62902954101563,0.5761251449584961,-0.04737591743469238,0.34290099143981934
1789130120239038500,69.64503857421874,0.27283573150634766,0.29353928565979004,0.2819962501525879
1789130120255042800,69.66104272460937,-0.09865951538085938,0.48239803314208984,0.499661922454834
1789130120271043000,69.67704296875,0.10745048522949219,0.5773258209228516,0.5817446708679199
1789130120287048700,69.69304858398438,0.14517498016357422,0.2800600528717041,0.3656349182128906
1789130120303053300,69.70905322265625,-0.22467327117919922,0.382387638092041,0.3310394287109375
1789130120319063600,69.7250634765625,-0.5151004791259766,0.13309383392333984,0.12810540199279785
1789130120335072000,69.74107202148437,-0.47908592224121094,0.5745782852172852,0.09036874771118164
1789130120351080200,69.757080078125,-0.29360485076904297,0.8011186122894287,0.16922688484191895
1789130120367089700,69.77308959960938,-0.0809164047241211,0.29233646392822266,0.24579167366027832
1789130120383094300,69.78909423828125,0.32081031799316406,0.13936710357666016,0.18940043449401855
1789130120399100700,69.8051005859375,0.2819633483886719,-0.08613038063049316,0.1100311279296875
1789130120415106600,69.8211064453125,-0.0863962173461914,-0.3321418762207031,0.2308194637298584
1789130120431111400,69.837111328125,0.42823028564453125,-0.08279204368591309,0.2714521884918213
1789130120447120000,69.85311987304688,0.44920921325683594,-0.1148676872253418,0.08428502082824707
1789130120463126000,69.8691259765625,0.14510726928710938,0.06738829612731934,0.20606565475463867
1789130120479128800,69.88512890625,0.16306686401367188,-0.0869302749633789,0.41919445991516113
1789130120495136000,69.90113598632813,0.43828296661376953,0.0644230842590332,0.300140380859375
1789130120511141400,69.91714135742187,0.0792226791381836,0.07867431640625,0.5680136680603027
1789130120527147500,69.9331474609375,-0.11513805389404297,0.25981616973876953,0.12512540817260742
1789130120543160000,69.94916015625,0.2345294952392578,0.6242605447769165,0.16718173027038574
1789130120559172600,69.96517260742188,-0.09412002563476562,0.572380542755127,0.7328097820281982
1789130120575181300,69.98118139648437,0.6642599105834961,0.587692379951477,0.2939732074737549
1789130120591191300,69.99719140625,0.7577810287475586,0.5742515325546265,0.14147162437438965
1789130120607205600,70.01320556640626,0.26584529876708984,0.9071770906448364,0.20557165145874023
1789130120623217700,70.0292177734375,-0.15140056610107422,0.7275538444519043,0.22821807861328125
1789130120639235800,70.04523583984376,0.11555671691894531,0.8272243738174438,0.27405452728271484
1789130120655249400,70.06124951171876,0.31789684295654297,0.7142841815948486,-0.03267240524291992
1789130120671264000,70.07726391601562,0.21605968475341797,0.8031082153320312,-0.12791085243225098
1789130120687279600,70.09327954101562,0.23207378387451172,0.8971043825149536,0.3027660846710205
1789130120703297800,70.1092978515625,0.4319267272949219,0.8229155540466309,0.4270310401916504
1789130120719307300,70.12530737304688,0.4584627151489258,0.30787718296051025,0.4807109832763672
1789130120735316500,70.14131640625,0.8301420211791992,-0.14968252182006836,0.10759449005126953
1789130120751330800,70.15733081054688,0.38391590118408203,0.042594194412231445,0.2865893840789795
1789130120767345200,70.17334521484375,0.26961803436279297,0.3597215414047241,0.725055456161499
1789130120783361500,70.18936157226562,0.6397571563720703,0.1859292984008789,0.5803446769714355
1789130120799374000,70.2053740234375,0.7227954864501953,0.11276078224182129,0.3185760974884033
1789130120815387000,70.22138696289062,0.045154571533203125,-0.28942275047302246,0.2552833557128906
1789130120831403800,70.23740380859375,-0.053493499755859375,-0.36309027671813965,0.07358026504516602
1789130120847418400,70.25341845703124,-0.24088096618652344,-0.3515207767486572,0.2664930820465088
1789130120863426000,70.26942602539063,0.3334197998046875,-0.1836557388305664,0.7154381275177002
1789130120879432000,70.28543188476563,1.0163450241088867,-0.09470820426940918,0.6228582859039307
1789130120895439000,70.30143920898438,0.7470111846923828,0.26255476474761963,0.2801344394683838
1789130120911446000,70.31744604492188,0.318206787109375,0.1702733039855957,0.04879951477050781
1789130120927452000,70.33345190429688,0.11484050750732422,-0.2045130729675293,-0.004714488983154297
1789130120943457000,70.34945703125,-0.05143928527832031,-0.19504523277282715,-0.04926753044128418
1789130120959464700,70.36546459960938,0.2897968292236328,0.13929247856140137,0.07655978202819824
1789130120975469000,70.38146899414062,0.23972606658935547,0.13732266426086426,-0.17968034744262695
1789130120991475700,70.39747583007812,0.09756088256835938,0.05172133445739746,-0.01926136016845703
1789130121007484400,70.413484375,0.7344989776611328,1.091592788696289,-0.6399147510528564
1789130121023492000,70.4294921875,-0.021925926208496094,0.9435218572616577,-0.1743030548095703
1789130121039501800,70.44550170898438,0.20288562774658203,0.6396952867507935,-0.27684736251831055
1789130121055509500,70.46150952148437,0.516749382019043,0.8148303031921387,-0.14332365989685059
1789130121071516200,70.47751611328125,0.2731199264526367,0.4151977300643921,-0.3292372226715088
1789130121087526700,70.49352661132812,-0.09685230255126953,0.02127659320831299,-0.12713098526000977
1789130121103524000,70.50952416992187,-0.00565338134765625,-0.0894162654876709,-0.3996901512145996
1789130121119523800,70.52552392578124,-0.1444377899169922,0.26493239402770996,-0.4557464122772217
1789130121135527400,70.54152734375,-0.4167747497558594,0.22833633422851562,-0.3252847194671631
1789130121151534300,70.55753442382813,-0.2575664520263672,0.43159258365631104,-0.3876323699951172
1789130121167538700,70.57353857421874,-0.22655963897705078,-0.00028586387634277344,-0.14073467254638672
1789130121183543000,70.58954296875,0.1443347930908203,-0.16375458240509033,-0.5444324016571045
1789130121199545600,70.60554565429688,-0.10743045806884766,-0.09592258930206299,-0.4484384059906006
1789130121215551200,70.62155126953125,-0.2139301300048828,-0.18062138557434082,-0.342496395111084
1789130121231554300,70.63755419921876,-0.2521848678588867,-0.03148162364959717,-0.7148480415344238
1789130121247559000,70.65355883789063,-0.5069236755371094,-0.4897664785385132,-0.7162015438079834
1789130121263562500,70.6695625,-0.4747428894042969,0.08663761615753174,-0.5721759796142578
1789130121279566800,70.68556689453125,-0.5418272018432617,0.08313131332397461,-0.39897656440734863
1789130121295569400,70.7015693359375,-0.36632347106933594,0.16033673286437988,-0.9438146352767944
1789130121311571500,70.71757153320313,-0.4914255142211914,0.1854017972946167,-0.8307547569274902
1789130121327571500,70.73357153320312,-1.2174644470214844,0.5962886810302734,-0.439713716506958
1789130121343577300,70.74957739257812,-0.8920583724975586,0.6550240516662598,-0.3532295227050781
1789130121359584800,70.76558471679688,-0.5230178833007812,0.8103740215301514,-0.904769778251648
1789130121375591200,70.78159106445312,-0.19776344299316406,1.1163277626037598,-0.2683746814727783
1789130121391602000,70.79760180664063,0.1411914825439453,0.8401978015899658,-0.05307340621948242
1789130121407605000,70.81360498046875,-0.14461898803710938,0.6266940832138062,0.005118370056152344
1789130121423610000,70.82961010742187,1.1582098007202148,0.4562184810638428,-0.3485903739929199
1789130121439616300,70.8456162109375,0.21357440948486328,0.45784759521484375,0.34534525871276855
1789130121455618600,70.86161865234375,1.0587234497070312,0.569378137588501,-0.06003069877624512
1789130121471621400,70.87762133789063,1.5990991592407227,0.8027349710464478,0.013178586959838867
1789130121487618800,70.89361889648437,0.6265277862548828,0.17397212982177734,0.7082114219665527
1789130121503620600,70.90962060546875,1.2368717193603516,-0.24413180351257324,0.543403148651123
1789130121527622700,70.93362255859375,0.9241571426391602,-0.14395487308502197,0.6901357173919678
1789130121543616800,70.94961669921875,1.1395225524902344,-0.5557429790496826,0.877281904220581
1789130121559609900,70.96560986328124,1.8039474487304688,-0.7118352651596069,0.5920557975769043
1789130121575607600,70.98160766601562,1.3468055725097656,-0.4438467025756836,0.4528071880340576
1789130121591607000,70.99760693359374,1.2576589584350586,-0.6641064882278442,0.5076992511749268
1789130121607607800,71.01360791015625,1.2299118041992188,-0.7070510387420654,0.3789355754852295
1789130121623604200,71.02960424804688,1.421895980834961,-0.7538671493530273,0.7219858169555664
1789130121639610000,71.04561010742188,1.3787717819213867,-0.8478192090988159,0.5070557594299316
1789130121655608600,71.06160864257812,1.487889289855957,-0.48185551166534424,0.2097005844116211
1789130121671609300,71.077609375,1.2374677658081055,-0.34470927715301514,0.5419473648071289
1789130121687601700,71.0936015625,1.2401609420776367,-0.3121681213378906,0.4320056438446045
1789130121703596300,71.10959619140625,1.0218801498413086,-0.24127042293548584,0.3776054382324219
1789130121719591700,71.125591796875,1.0802688598632812,-0.10568869113922119,-0.24404573440551758
1789130121735589600,71.14158959960938,0.4148683547973633,-0.4223215579986572,-0.3947768211364746
1789130121751588900,71.1575888671875,-0.09816932678222656,-0.251600980758667,-0.14988183975219727
1789130121767591700,71.173591796875,0.04894542694091797,-0.06092381477355957,-0.14075899124145508
1789130121783592200,71.18959228515625,-0.0871572494506836,-0.24540841579437256,-0.31139659881591797
1789130121799596800,71.2055966796875,-0.08519554138183594,0.04687058925628662,-0.8255412578582764
1789130121815604500,71.2216044921875,-0.9123506546020508,0.31343579292297363,-0.8353610038757324
1789130121831608800,71.23760888671875,-1.0296859741210938,0.2142726182937622,-0.6068936586380005
1789130121847618300,71.25361840820312,-0.6238021850585938,0.11288857460021973,-0.3566969633102417
1789130121863629800,71.2696298828125,0.1308603286743164,-0.03722035884857178,-0.7729250192642212
1789130121879639600,71.2856396484375,-0.31739234924316406,-0.3246176242828369,-0.2520405054092407
1789130121895640000,71.30164013671875,-0.027606964111328125,-0.2971816062927246,-0.629481315612793
1789130121911642600,71.317642578125,-0.21085739135742188,-0.29352593421936035,-0.5454188585281372
1789130121927644200,71.33364404296876,-0.38333606719970703,-0.1649942398071289,-0.5514802932739258
1789130121943646000,71.34964599609376,-0.052742958068847656,-0.09338390827178955,-0.4277217388153076
1789130121959646500,71.365646484375,0.09753608703613281,-0.08020675182342529,-0.43659186363220215
1789130121975645200,71.38164526367187,-0.24326133728027344,-0.15840327739715576,-0.13995623588562012
1789130121991644700,71.39764477539063,0.14084148406982422,-0.21985876560211182,-0.11828124523162842
1789130122007640000,71.41364013671875,0.6893692016601562,-0.4088253974914551,-0.17939794063568115
1789130122023634700,71.429634765625,0.7740869522094727,-0.37921321392059326,0.008346915245056152
1789130122039637000,71.44563696289063,0.2995719909667969,-0.49495935440063477,-0.06014049053192139
1789130122055640000,71.46164013671876,0.19055938720703125,-0.4503263235092163,-0.019210338592529297
1789130122071647200,71.47764721679688,-0.06130695343017578,-0.30253398418426514,0.12507140636444092
1789130122087651600,71.49365161132812,0.17143535614013672,-0.4110555648803711,-0.15004408359527588
1789130122103661600,71.50966162109376,0.02215099334716797,-0.43249428272247314,-0.002793431282043457
1789130122119673000,71.52567309570313,0.12621688842773438,0.14721214771270752,0.3735957145690918
1789130122135679200,71.54167919921875,0.8079042434692383,-0.1383683681488037,0.21808087825775146
1789130122151687400,71.5576875,0.8177700042724609,-0.17231249809265137,0.17754554748535156
1789130122167699200,71.57369921875,0.410491943359375,0.1588284969329834,0.40401291847229004
1789130122183707600,71.58970776367188,0.30967235565185547,0.2972991466522217,0.22211170196533203
1789130122199721000,71.60572094726562,0.4146842956542969,0.1234140396118164,0.2835177183151245
1789130122215729400,71.6217294921875,0.7349357604980469,0.30612099170684814,0.37684619426727295
1789130122231738400,71.63773828125,0.8440761566162109,0.025403380393981934,0.4587247371673584
1789130122247747000,71.6537470703125,0.6605052947998047,0.015235662460327148,0.5080059766769409
1789130122263750700,71.66975073242187,0.22758960723876953,0.1371673345565796,0.3177826404571533
1789130122279755000,71.68575512695313,0.20649337768554688,0.1813431978225708,0.3083462715148926
1789130122295762200,71.70176220703125,0.3051109313964844,0.24441289901733398,0.24139165878295898
1789130122311769600,71.71776953125,0.771484375,0.5853265523910522,0.14666318893432617
1789130122327783000,71.73378295898438,0.31296443939208984,0.3967057466506958,0.3921617269515991
1789130122343792000,71.74979223632812,0.6452407836914062,0.3343769311904907,0.1774120330810547
1789130122359803100,71.76580322265625,0.3600130081176758,0.3290252685546875,0.20088458061218262
1789130122375814000,71.78181396484375,0.012522697448730469,0.4725226163864136,0.2440110445022583
1789130122391824600,71.79782470703125,0.5451955795288086,0.45770835876464844,0.07660746574401855
1789130122407837200,71.81383715820313,0.6226482391357422,0.37955033779144287,0.2836657762527466
1789130122423846700,71.8298466796875,0.6376409530639648,0.5073988437652588,0.04687166213989258
1789130122439857200,71.84585717773437,0.7913961410522461,0.18434715270996094,0.16440296173095703
1789130122455863600,71.86186352539063,0.586024284362793,0.12296700477600098,-0.026050090789794922
1789130122471866000,71.8778662109375,0.6774463653564453,0.4265803098678589,-0.2578411102294922
1789130122487876600,71.89387670898438,-0.07980823516845703,0.7005433440208435,-0.11987149715423584
1789130122503888400,71.90988842773437,0.24376392364501953,0.46407318115234375,-0.2638266086578369
1789130122519896300,71.92589624023438,0.5039291381835938,0.6801294684410095,-0.16810691356658936
1789130122535904500,71.94190454101563,0.24179840087890625,0.6285203099250793,-0.1503363847732544
1789130122551914000,71.9579140625,0.27198219299316406,0.4097706079483032,-0.29064345359802246
1789130122567922400,71.97392236328125,0.1916036605834961,0.35543227195739746,-0.21036064624786377
1789130122583935200,71.98993530273438,0.04001140594482422,0.40373337268829346,-0.231475830078125
1789130122599940600,72.00594067382812,0.44800758361816406,0.6241936683654785,-0.61158287525177
1789130122615947000,72.02194702148438,0.1374225616455078,0.5259273648262024,-0.062146663665771484
1789130122631949800,72.03794970703125,0.1344890594482422,0.3507230281829834,-0.07532191276550293
1789130122647954400,72.05395434570312,0.577672004699707,0.4000309705734253,-0.44307762384414673
1789130122663961900,72.0699619140625,0.03957557678222656,0.2272282838821411,-0.31622278690338135
1789130122679968500,72.08596850585937,-0.03272247314453125,-0.010274529457092285,-0.5882675647735596
1789130122695983900,72.10198388671876,0.19129467010498047,0.044768691062927246,-0.4720170497894287
1789130122711999200,72.11799926757813,-0.13465118408203125,0.1384366750717163,-0.29283761978149414
1789130122728012300,72.13401220703125,-0.020234107971191406,-0.05720388889312744,0.029853343963623047
1789130122744022800,72.15002270507813,-0.10532665252685547,-0.07788431644439697,-0.08239281177520752
1789130122760028700,72.16602856445313,0.11779594421386719,-0.159531831741333,-0.12496137619018555
1789130122776031700,72.18203173828125,-0.041909217834472656,-0.026501059532165527,-0.13664209842681885
1789130122792035300,72.19803540039062,0.17258739471435547,-0.02026045322418213,-0.02664196491241455
1789130122808036600,72.21403662109375,-0.14910411834716797,0.044008731842041016,-0.44357120990753174
1789130122824045300,72.23004541015625,-0.22151851654052734,-0.05024850368499756,-0.03968191146850586
1789130122840058600,72.24605859375,-0.07830619812011719,-0.20720064640045166,0.056079983711242676
1789130122856067600,72.26206762695313,0.021699905395507812,-0.11202132701873779,0.10780918598175049
1789130122872077600,72.27807763671875,0.10235977172851562,0.17776918411254883,-0.013167977333068848
1789130122888087000,72.29408715820313,0.23087596893310547,-0.06348609924316406,-0.37279409170150757
1789130122904095700,72.310095703125,0.057425498962402344,0.2962287664413452,0.18676316738128662
1789130122920098000,72.32609814453124,0.1330585479736328,0.186057448387146,0.21820950508117676
1789130122936100000,72.34210009765626,0.6060953140258789,0.045899152755737305,0.23416948318481445
1789130122952107000,72.35810693359375,0.7962532043457031,0.3864908814430237,-0.06602609157562256
1789130122968116700,72.37411669921875,0.12409019470214844,0.207023024559021,0.10806560516357422
1789130122984129800,72.3901298828125,-0.0031309127807617188,0.41276848316192627,0.1574779748916626
1789130123000141300,72.40614135742187,0.6981067657470703,0.6264621019363403,-0.029711008071899414
1789130123016152000,72.42215209960938,0.5753030776977539,0.6926040053367615,0.19004547595977783
1789130123032161300,72.43816137695312,0.6918659210205078,0.3357572555541992,0.33731651306152344
1789130123048172800,72.4541728515625,0.7800426483154297,0.15536987781524658,-0.05467414855957031
1789130123064182800,72.47018286132813,0.2023773193359375,0.4891635775566101,0.07012605667114258
1789130123080199400,72.48619946289062,-0.073699951171875,0.24114155769348145,0.04061484336853027
1789130123096216600,72.50221655273438,-0.0004825592041015625,0.33059942722320557,-0.17065370082855225
1789130123112235000,72.51823510742187,0.1209716796875,0.46029388904571533,0.06279969215393066
1789130123128251600,72.53425170898437,0.21016979217529297,0.06326425075531006,0.1272205114364624
1789130123144269000,72.55026904296875,0.38176536560058594,-0.038042306900024414,0.16712045669555664
1789130123160282600,72.56628271484375,0.49147510528564453,0.13698917627334595,0.15917861461639404
1789130123176298000,72.58229809570312,0.41486549377441406,-0.23472249507904053,0.021906733512878418
1789130123192311800,72.59831176757812,0.12299251556396484,-0.1490243673324585,-0.01911139488220215
1789130123208324000,72.61432397460938,-0.30755615234375,-0.42454099655151367,0.2185145616531372
1789130123224336000,72.6303359375,-0.20137310028076172,-0.32403576374053955,-0.13407909870147705
1789130123240342800,72.6463427734375,-0.061570167541503906,-0.22424232959747314,0.08623349666595459
1789130123256347000,72.66234692382812,0.08805179595947266,-0.3903764486312866,-0.052318453788757324
1789130123272354600,72.6783544921875,-0.23160743713378906,-0.06104457378387451,-0.18821996450424194
1789130123288363500,72.69436352539063,-0.009921073913574219,0.03496968746185303,-0.22411227226257324
1789130123304374300,72.71037426757813,-0.49739551544189453,0.45239537954330444,-0.0634925365447998
1789130123320383700,72.7263837890625,-0.33852100372314453,0.04935884475708008,-0.08074045181274414
1789130123336397600,72.7423974609375,-0.2666921615600586,0.2851008176803589,-0.18462258577346802
1789130123352407600,72.75840747070312,-0.21880531311035156,0.13586938381195068,-0.3000693917274475
1789130123368416500,72.77441650390625,-0.697779655456543,-0.030400872230529785,-0.03887200355529785
1789130123384427800,72.790427734375,-0.1141824722290039,0.11789453029632568,-0.14388495683670044
1789130123400438800,72.80643872070313,-0.09967899322509766,-0.06433725357055664,-0.011346578598022461
1789130123416448800,72.82244873046875,-0.19990062713623047,-0.09809267520904541,-0.11994361877441406
1789130123432458500,72.83845849609375,-0.5684452056884766,0.18767249584197998,-0.03208482265472412
1789130123448467500,72.85446752929687,-0.6493072509765625,0.11491918563842773,0.1153336763381958
1789130123464481800,72.87048168945313,0.5097007751464844,0.18063831329345703,-0.4242754578590393
1789130123480492300,72.8864921875,-0.39034175872802734,-0.037844061851501465,0.26529502868652344
1789130123496496000,72.90249609375,0.07967090606689453,0.0008882284164428711,0.220863938331604
1789130123512499700,72.91849975585937,0.08039283752441406,-0.028575897216796875,0.15155136585235596
1789130123528508700,72.9345087890625,0.5549840927124023,-0.3085256814956665,-0.29598039388656616
1789130123552526800,72.95852685546875,-0.1390705108642578,0.35683566331863403,0.09870028495788574
1789130123568531700,72.97453173828124,0.32773303985595703,0.8196219801902771,0.08443272113800049
1789130123584535000,72.99053515625,0.09624195098876953,0.14990729093551636,0.07603800296783447
1789130123600538400,73.00653833007813,0.01877593994140625,0.05771529674530029,0.1459423303604126
1789130123616547600,73.02254760742187,0.27530574798583984,0.2569501996040344,0.01564347743988037
1789130123632558300,73.03855834960937,-0.09383106231689453,-0.3018416166305542,0.4977353811264038
1789130123648568600,73.05456860351562,0.5334186553955078,0.1322154402732849,0.024866700172424316
1789130123664570400,73.0705703125,0.05942535400390625,0.289753258228302,0.10716462135314941
1789130123680579800,73.08657983398437,-0.20863819122314453,0.09588593244552612,0.23480761051177979
1789130123696587000,73.1025869140625,0.5997867584228516,0.5223201513290405,0.01834285259246826
1789130123712598500,73.1185986328125,0.29253292083740234,0.3034776449203491,0.2959219217300415
1789130123728604200,73.13460424804687,-0.22061824798583984,0.0874667763710022,0.26928043365478516
1789130123744608500,73.1506083984375,0.060965538024902344,0.7758117318153381,-0.15418970584869385
1789130123760617500,73.16661743164063,0.07445049285888672,0.2385176420211792,0.20263993740081787
1789130123776622000,73.1826220703125,0.8392086029052734,0.6244896650314331,0.22029328346252441
1789130123792631300,73.19863134765625,-0.2939605712890625,0.5243398547172546,-0.5867952108383179
1789130123808636400,73.21463647460938,-1.1920318603515625,0.19429904222488403,-0.1067972183227539
1789130123824638500,73.23063842773438,-0.3796720504760742,0.3610914945602417,0.14674091339111328
1789130123840644600,73.24664453125,0.5128173828125,0.5181456804275513,0.017016172409057617
1789130123856647400,73.2626474609375,0.09905242919921875,0.04335969686508179,-0.15636587142944336
1789130123872652000,73.27865209960937,-1.0861482620239258,-0.15872091054916382,-0.7948282957077026
1789130123888650800,73.29465063476563,-1.835031509399414,0.4126874804496765,-0.32989758253097534
1789130123904652300,73.31065234375,-0.34661388397216797,0.7348949909210205,-0.6527314186096191
1789130123920658400,73.32665844726563,-0.37619686126708984,0.3938799202442169,0.014546036720275879
1789130123936668400,73.34266845703125,-0.18096160888671875,0.39063194394111633,-0.11741399765014648
1789130123952676900,73.3586767578125,-0.0288238525390625,0.0795973539352417,-0.18802541494369507
1789130123968683800,73.37468383789063,-0.3157682418823242,-0.5035969018936157,-0.022795677185058594
1789130123984696000,73.39069604492188,0.20226764678955078,-0.07526606321334839,0.21059691905975342
1789130124000701700,73.40670166015624,0.6344127655029297,-0.09636580944061279,0.020591139793395996
1789130124016705000,73.422705078125,0.41031551361083984,-0.2736804485321045,0.13687682151794434
1789130124032707800,73.43870776367187,-0.16318702697753906,-0.3359845280647278,0.24727797508239746
1789130124048710400,73.45471044921875,0.24992084503173828,-0.056901752948760986,0.294842004776001
1789130124064716300,73.47071630859375,0.2948446273803711,-0.3105430006980896,0.2928658723831177
1789130124080728300,73.48672827148438,0.5838937759399414,-0.3336074948310852,0.35447800159454346
1789130124096742100,73.5027421875,0.5421047210693359,0.14962446689605713,-0.13662123680114746
1789130124112753700,73.51875366210938,0.5003290176391602,0.2805516719818115,-0.21928763389587402
1789130124128760800,73.5347607421875,-0.9536399841308594,-0.27295154333114624,0.810936689376831
1789130124144772400,73.5507724609375,0.8392581939697266,-0.06094682216644287,0.21973168849945068
1789130124160772600,73.56677270507812,0.7206010818481445,-0.1129109263420105,0.3254821300506592
1789130124176775200,73.58277514648438,-0.17340946197509766,-0.5609276294708252,0.34318113327026367
1789130124192779800,73.59877978515625,-0.6885538101196289,-0.3646145462989807,0.09498703479766846
1789130124208781300,73.61478125,-0.3996162414550781,0.18332433700561523,0.08112692832946777
1789130124224792600,73.63079248046876,0.056656837463378906,-0.13046014308929443,0.6345690488815308
1789130124240803800,73.64680395507813,0.99078369140625,0.08720433712005615,0.3206697702407837
1789130124256812500,73.6628125,0.3734779357910156,-0.0431671142578125,0.4436079263687134
1789130124272818400,73.678818359375,1.0441999435424805,-0.4694429636001587,0.0458376407623291
1789130124288826400,73.69482641601563,0.6422529220581055,-0.444582998752594,0.2432248592376709
1789130124304836000,73.71083618164063,0.8478584289550781,-0.105258047580719,0.04659068584442139
1789130124320845600,73.72684545898437,0.6366510391235352,-0.45793861150741577,0.4244943857192993
1789130124336851000,73.74285083007813,0.9280977249145508,-0.38604241609573364,0.16059279441833496
1789130124352857000,73.75885717773437,0.39197635650634766,-0.37736570835113525,0.3050556182861328
1789130124368869400,73.77486938476562,0.9043598175048828,-0.7387478351593018,0.14807367324829102
1789130124384883200,73.79088330078125,0.8320560455322266,-0.20849108695983887,0.43740010261535645
1789130124400894200,73.80689428710937,0.05147266387939453,-0.2659098505973816,-0.012851119041442871
1789130124416901600,73.82290161132812,-0.17275714874267578,-0.6291166543960571,-0.14085853099822998
1789130124432909800,73.83890991210937,-0.5344476699829102,-0.4638490676879883,0.05536842346191406
1789130124448921600,73.85492163085938,0.15267372131347656,-0.34725093841552734,-0.43490779399871826
1789130124464933400,73.87093334960937,-0.1281147003173828,-0.04144024848937988,0.118263840675354
1789130124480944600,73.88694458007812,0.32354068756103516,-0.030905842781066895,-0.1675792932510376
1789130124496956700,73.90295678710937,-0.3651456832885742,0.15357255935668945,-0.11981284618377686
1789130124512973300,73.91897338867187,-0.5700712203979492,-0.05324697494506836,-0.2536235451698303
1789130124528982800,73.93498266601563,-0.2962779998779297,-0.069244384765625,-0.25765860080718994
1789130124544994600,73.95099462890624,-0.29540538787841797,-0.012094855308532715,-0.08327674865722656
1789130124561001500,73.96700146484375,-0.3474712371826172,0.008146882057189941,-0.13509678840637207
1789130124577008000,73.98300805664063,0.4483451843261719,-0.2559424638748169,-0.023849844932556152
1789130124593016000,73.99901611328124,0.4494638442993164,-0.26272153854370117,-0.20746344327926636
1789130124609032700,74.01503271484376,-0.2822713851928711,0.16925203800201416,-0.12276959419250488
1789130124625051400,74.03105151367187,-0.6067972183227539,0.3151785135269165,0.05257999897003174
1789130124641065500,74.0470654296875,-0.2937602996826172,0.1144181489944458,0.2537708282470703
1789130124657073200,74.0630732421875,0.5943012237548828,-0.21456468105316162,0.012157082557678223
1789130124673084000,74.079083984375,-0.016160964965820312,-0.8676916360855103,0.16764390468597412
1789130124689093000,74.09509301757812,-0.10895061492919922,-0.2193596363067627,-0.2515934109687805
1789130124705099000,74.11109912109374,-0.3606109619140625,-0.10450291633605957,-0.08179652690887451
1789130124721109000,74.12710888671874,0.13491344451904297,-0.4019904136657715,0.14343273639678955
1789130124737121000,74.14312109375,0.3650789260864258,-0.3193948268890381,0.0236208438873291
1789130124753130200,74.15913012695313,-0.5606870651245117,0.01837599277496338,0.3272223472595215
1789130124769139500,74.17513940429687,-0.4048032760620117,-0.03064405918121338,0.1284792423248291
1789130124785150000,74.19114990234375,0.36347389221191406,0.007501840591430664,0.08829021453857422
1789130124801163300,74.20716333007813,0.5657873153686523,0.13116788864135742,0.16932451725006104
1789130124817179100,74.22317919921875,0.3128490447998047,-0.18851685523986816,0.1878882646560669
1789130124833193000,74.23919287109375,0.3320503234863281,-0.12242794036865234,0.25832808017730713
1789130124849201400,74.25520141601562,0.6911039352416992,0.10541248321533203,0.5967717170715332
1789130124865213400,74.27121337890625,0.4328126907348633,0.04514145851135254,0.47666871547698975
1789130124881226000,74.28722607421875,0.29401397705078125,-0.02454555034637451,0.19086062908172607
1789130124897237200,74.3032373046875,-0.2333517074584961,0.22064995765686035,-0.2774549722671509
1789130124913248000,74.319248046875,-0.4585132598876953,0.3523644208908081,0.37690067291259766
1789130124929259500,74.33525952148437,0.05472278594970703,0.1446075439453125,0.8662313222885132
1789130124945270800,74.35127075195312,0.8454875946044922,-0.005164742469787598,0.05044138431549072
1789130124961275000,74.36727490234375,-0.25987720489501953,0.13070476055145264,0.5970841646194458
1789130124977277200,74.38327709960937,-0.5455007553100586,0.3226877450942993,0.4268357753753662
1789130124993276200,74.39927612304687,-0.5378885269165039,-0.058417677879333496,0.4547771215438843
1789130125009274600,74.41527465820313,-0.19785594940185547,0.025788545608520508,0.6297959089279175
1789130125025274400,74.4312744140625,0.18652820587158203,-0.21990501880645752,0.6132388114929199
1789130125041274000,74.44727416992187,-0.0026092529296875,-0.636093258857727,0.5707806348800659
1789130125057279000,74.46327905273438,-0.050060272216796875,-0.21461796760559082,0.7379106283187866
1789130125073282300,74.4792822265625,-0.0074291229248046875,-0.07969987392425537,0.36476874351501465
1789130125089293000,74.49529296875,-0.2386608123779297,-0.05973219871520996,0.44611406326293945
1789130125105299700,74.5112998046875,-0.40302181243896484,0.1219102144241333,0.4414583444595337
1789130125121305900,74.52730590820312,-0.18237590789794922,0.40751010179519653,0.41935110092163086
1789130125137312300,74.54331225585938,-0.05698680877685547,0.188726544380188,0.5185920000076294
1789130125153321000,74.55932104492187,-0.3477964401245117,0.1353684663772583,0.4857848882675171
1789130125169324000,74.57532397460938,-0.38468265533447266,0.17812764644622803,0.3958749771118164
1789130125185327400,74.59132739257812,-0.656158447265625,-0.15198862552642822,0.5846645832061768
1789130125201332000,74.60733203125,-0.5113143920898438,-0.08859336376190186,0.4072763919830322
1789130125217334500,74.62333447265625,0.02143383026123047,0.015535354614257812,0.4634580612182617
1789130125233340200,74.63934008789063,-0.03479766845703125,-0.07188308238983154,0.5413718223571777
1789130125249348400,74.65534838867187,-0.47826290130615234,0.3058658242225647,0.5697858333587646
1789130125265351400,74.67135131835937,-0.7350034713745117,0.17388391494750977,0.22010540962219238
1789130125281356500,74.6873564453125,-0.5142936706542969,0.41209501028060913,0.3840615749359131
1789130125297365500,74.70336547851562,-0.3090934753417969,0.3857184052467346,0.2760505676269531
1789130125313371000,74.71937084960938,-0.008913993835449219,0.14705705642700195,0.2484591007232666
1789130125329371400,74.73537133789063,-0.06880855560302734,0.1797681450843811,0.3544130325317383
1789130125345371600,74.75137158203125,-0.14468002319335938,0.39479297399520874,-0.008800745010375977
1789130125361371100,74.76737109375,-0.23643779754638672,0.47025203704833984,0.1561574935913086
1789130125377367000,74.78336694335937,-0.40703773498535156,0.7630102634429932,-0.09447836875915527
1789130125393367300,74.7993671875,-0.6007270812988281,0.3399057984352112,0.3140299320220947
1789130125409368300,74.81536840820313,-0.05197429656982422,0.32567477226257324,0.17226338386535645
1789130125425368600,74.83136865234376,0.19519996643066406,0.8338522911071777,0.011198282241821289
1789130125441378000,74.8473779296875,-0.02502918243408203,0.36730796098709106,0.6143267154693604
1789130125457382700,74.86338256835937,-0.06345272064208984,0.3605390787124634,0.22481369972229004
1789130125473382000,74.8793818359375,-0.25173187255859375,0.04130887985229492,-0.22016596794128418
1789130125489383200,74.89538305664063,-0.20479393005371094,0.2523380517959595,0.4019813537597656
1789130125505385500,74.91138549804687,0.35089588165283203,-0.17588657140731812,0.12215161323547363
1789130125521386800,74.92738671875,0.6120700836181641,-0.28858286142349243,-0.07110905647277832
1789130125537387800,74.9433876953125,0.33001136779785156,-0.015770256519317627,0.13175678253173828
1789130125561390600,74.967390625,0.1027059555053711,-0.23737198114395142,0.25998353958129883
1789130125577395000,74.98339501953124,0.5536212921142578,-0.13790100812911987,-0.05438089370727539
1789130125593399800,74.99939990234375,-0.1827373504638672,0.05598461627960205,0.11841750144958496
1789130125609405400,75.01540551757813,-0.06136894226074219,0.1774437427520752,0.30333518981933594
1789130125625406700,75.03140673828125,-0.08906745910644531,0.131719708442688,0.3038020133972168
1789130125641407500,75.04740747070312,-0.0671834945678711,-0.14374053478240967,0.21705293655395508
1789130125657411600,75.06341162109375,0.2570486068725586,-0.3863646984100342,0.24406790733337402
1789130125673417500,75.07941748046875,0.054828643798828125,0.0749998688697815,0.2223527431488037
1789130125689425400,75.09542529296876,-0.11315345764160156,0.10614508390426636,0.16014766693115234
1789130125705433600,75.11143359375,0.041495323181152344,0.058163344860076904,-0.03144264221191406
1789130125721436400,75.1274365234375,-0.0014514923095703125,0.15581601858139038,-0.023174762725830078
1789130125737437700,75.14343774414063,0.22415542602539062,0.1277351975440979,-0.016608715057373047
1789130125753440000,75.15943994140625,0.08006954193115234,0.05235022306442261,0.0365595817565918
1789130125769448200,75.1754482421875,-0.11243724822998047,-0.0023325085639953613,-0.19533777236938477
1789130125785451500,75.19145141601562,-0.19942474365234375,-0.18586480617523193,-0.1786959171295166
1789130125801453600,75.20745361328125,0.27285003662109375,-0.09044551849365234,-0.23500633239746094
1789130125817458000,75.2234580078125,-0.024977684020996094,-0.25744009017944336,0.15145468711853027
1789130125833455600,75.23945556640625,0.06473731994628906,0.02274644374847412,-0.06992673873901367
1789130125849453300,75.25545336914062,0.32149600982666016,0.12620586156845093,-0.19832086563110352
1789130125865455900,75.27145581054687,-0.10624885559082031,-0.33503657579421997,0.03170180320739746
1789130125881456600,75.28745654296876,-0.006869316101074219,-0.13215118646621704,-0.25238728523254395
1789130125897464000,75.30346411132813,-0.4149503707885742,0.26263970136642456,-0.18241000175476074
1789130125913468000,75.31946801757813,-0.1530590057373047,0.15150564908981323,-0.1776278018951416
1789130125929470200,75.33547021484375,-0.024936676025390625,0.27391472458839417,-0.15502691268920898
1789130125945471000,75.35147094726562,-0.03990745544433594,0.0219191312789917,0.09045672416687012
1789130125961469400,75.36746948242188,0.16390228271484375,0.38874849677085876,-0.2488853931427002
1789130125977472300,75.38347216796875,0.4394378662109375,0.12355804443359375,-0.10899829864501953
1789130125993479200,75.39947924804687,-0.22623157501220703,-0.1024426817893982,-0.5066802501678467
1789130126009487000,75.41548706054688,-0.1522531509399414,-0.09187501668930054,-0.4685971736907959
1789130126025498600,75.43149853515625,-0.30717945098876953,-0.30000436305999756,-0.17459845542907715
1789130126041503500,75.44750341796875,0.25845909118652344,0.16081702709197998,0.04875469207763672
1789130126057511200,75.46351123046875,0.2112722396850586,0.2033991515636444,-0.344637393951416
1789130126073521400,75.479521484375,-0.3164196014404297,-0.18644654750823975,-0.06340503692626953
1789130126089533200,75.495533203125,-0.26319026947021484,-0.18662983179092407,-0.30782461166381836
1789130126105541000,75.511541015625,0.13143539428710938,0.2412550151348114,-0.2935171127319336
1789130126121548800,75.527548828125,0.14753150939941406,0.1219525933265686,-0.5290355682373047
1789130126137554200,75.54355419921875,0.061676979064941406,0.025867700576782227,-0.1989123821258545
1789130126153562600,75.55956274414062,-0.1250314712524414,0.16418346762657166,-0.2742314338684082
1789130126169576200,75.575576171875,-0.003261566162109375,0.15937551856040955,-0.5918890237808228
1789130126185589800,75.59158984375,-0.07987117767333984,-0.021026432514190674,-0.34450197219848633
1789130126201605400,75.60760546875,-0.10100078582763672,-0.075236976146698,-0.38444042205810547
1789130126217617200,75.6236171875,0.29132556915283203,0.0175093412399292,-0.5591063499450684
1789130126233627100,75.63962719726563,-0.19724750518798828,0.32142436504364014,-0.1224815845489502
1789130126249634600,75.65563452148437,0.4592599868774414,0.28299680352211,-0.34962737560272217
1789130126265645800,75.67164575195312,0.35158252716064453,0.10416805744171143,-0.033555030822753906
1789130126281647400,75.6876474609375,-0.5624799728393555,-0.08854132890701294,-0.3792492151260376
1789130126297643500,75.7036435546875,-0.13576316833496094,0.09367316961288452,-0.14509820938110352
1789130126313643300,75.71964331054687,-0.13388633728027344,0.1851082444190979,-0.2326526641845703
1789130126329640700,75.735640625,0.06392383575439453,-0.05959904193878174,-0.08880782127380371
1789130126345641000,75.75164086914063,0.22489356994628906,-0.0975307822227478,-0.07091116905212402
1789130126361645000,75.76764501953124,-0.11684226989746094,0.23412150144577026,-0.46007513999938965
1789130126377644500,75.78364453125,0.09601116180419922,0.3234170973300934,-0.01775336265563965
1789130126393649200,75.79964916992188,0.04696178436279297,0.16012558341026306,0.10709762573242188
1789130126409651500,75.8156513671875,0.5439558029174805,0.16610541939735413,-0.04124140739440918
1789130126425654000,75.83165405273438,0.24070453643798828,-0.011495828628540039,-0.05809521675109863
1789130126441655300,75.8476552734375,-0.3215656280517578,0.16267988085746765,-0.1646130084991455
1789130126457656800,75.86365673828125,-0.00690460205078125,0.26635298132896423,0.10936379432678223
1789130126473664000,75.8796640625,0.3229846954345703,-0.188520610332489,-0.02235722541809082
1789130126489668900,75.8956689453125,0.6907196044921875,0.13199302554130554,-0.03711676597595215
1789130126505669400,75.91166943359374,0.12952327728271484,0.04488945007324219,0.038848161697387695
1789130126521676000,75.92767602539062,-0.015064239501953125,-0.11415022611618042,0.06203484535217285
1789130126537677800,75.943677734375,0.5871095657348633,-0.0810326337814331,-0.014078378677368164
1789130126553677600,75.95967749023437,0.36093711853027344,-0.17288470268249512,-0.00913691520690918
1789130126569677300,75.97567724609375,-0.28661537170410156,-0.06328755617141724,-0.18124783039093018
1789130126585683500,75.99168334960937,0.19584274291992188,0.03778940439224243,0.06380581855773926
1789130126601686300,76.00768627929688,0.23272323608398438,-0.0042092204093933105,-0.16859304904937744
1789130126617690000,76.02369018554687,-0.38128089904785156,0.07885462045669556,-0.033689022064208984
1789130126633698600,76.03969848632812,-0.20491504669189453,0.004307806491851807,-0.254321813583374
1789130126649707300,76.05570727539063,-0.0052642822265625,-0.021447420120239258,-0.2848079204559326
1789130126665712400,76.07171240234375,-0.16887283325195312,-0.07619035243988037,0.05023503303527832
1789130126681710000,76.0877099609375,0.2177410125732422,-0.2746419310569763,-0.3165113925933838
1789130126697713000,76.103712890625,0.27893924713134766,-0.12973171472549438,0.04323983192443848
1789130126713713400,76.11971337890625,-0.12422943115234375,-0.04080003499984741,0.03425037860870361
1789130126729722600,76.13572265625,0.06722450256347656,-0.15586644411087036,0.1590946912765503
1789130126753740500,76.15974047851563,0.07677173614501953,-0.11209756135940552,-0.14222586154937744
1789130126769751800,76.17575170898438,-0.12566471099853516,0.1341196894645691,-0.23099780082702637
1789130126785754000,76.19175415039062,-0.46149349212646484,-0.05325716733932495,-0.3573976755142212
1789130126801762600,76.20776245117187,-0.03591156005859375,0.004708647727966309,0.13401317596435547
1789130126817772500,76.2237724609375,0.47155284881591797,-0.009613752365112305,0.10101723670959473
1789130126833784800,76.23978491210937,0.47649288177490234,-0.1492803692817688,0.1431276798248291
1789130126849793000,76.25579296875,0.12236881256103516,-0.14552950859069824,-0.4855247735977173
1789130126865804500,76.27180444335937,-0.4855375289916992,-0.19076943397521973,0.010730624198913574
1789130126881811000,76.28781103515625,-0.2841825485229492,0.09903591871261597,0.13814127445220947
1789130126897817300,76.3038173828125,0.190155029296875,0.10604435205459595,-0.017260193824768066
1789130126913828400,76.31982836914062,0.5061063766479492,-0.20962584018707275,-0.051733970642089844
1789130126929838000,76.33583813476562,0.012768745422363281,-0.08877122402191162,0.14411413669586182
1789130126945846800,76.3518466796875,-0.17396068572998047,-0.43517863750457764,0.10522174835205078
1789130126961854500,76.3678544921875,0.3578910827636719,-0.3731221556663513,-0.215836763381958
1789130126977859600,76.38385961914062,-0.3944683074951172,0.33911141753196716,-0.36331939697265625
1789130126993872000,76.39987182617188,-0.6772031784057617,0.3539131283760071,0.13920772075653076
1789130127009884400,76.41588452148437,0.6489219665527344,-0.12244170904159546,0.024855732917785645
1789130127025898000,76.43189794921875,0.7303361892700195,-0.17361384630203247,0.009457945823669434
1789130127041904400,76.447904296875,0.016628265380859375,-0.06819653511047363,-0.21586227416992188
1789130127065913900,76.47191381835937,-0.9744977951049805,-0.09469276666641235,-0.4372299909591675
1789130127089927200,76.49592724609376,0.020830154418945312,0.10552716255187988,0.030156612396240234
1789130127105933600,76.51193359375,0.5713043212890625,0.32847094535827637,0.06398069858551025
1789130127121938700,76.52793872070312,0.14002418518066406,0.1888938844203949,-0.16590332984924316
1789130127137941200,76.54394116210938,-0.5220479965209961,0.08703428506851196,-0.5062894821166992
1789130127153945000,76.55994506835937,-0.7521181106567383,0.15675708651542664,-0.11793816089630127
1789130127169958000,76.5759580078125,-0.3206777572631836,0.26147186756134033,0.03277027606964111
1789130127193974300,76.59997436523437,0.45587730407714844,0.15372875332832336,0.042441606521606445
1789130127209986600,76.61598657226563,0.40324878692626953,0.01962357759475708,-0.045322537422180176
1789130127226000600,76.63200073242187,0.10060310363769531,-0.49910032749176025,-0.36322832107543945
1789130127242008000,76.64800805664062,-0.4113140106201172,0.05335873365402222,-0.007055163383483887
1789130127258019000,76.66401904296875,-0.2672443389892578,0.29479700326919556,0.23438787460327148
1789130127274029000,76.68002905273437,-0.12244892120361328,-0.08263015747070312,-0.03901076316833496
1789130127290034200,76.6960341796875,0.26577186584472656,-0.14932847023010254,0.05512094497680664
1789130127306040800,76.71204077148437,0.11779499053955078,-0.17236840724945068,0.1489269733428955
1789130127322049000,76.72804907226562,-0.09261035919189453,-0.10736262798309326,-0.11025011539459229
1789130127338057500,76.74405737304687,0.2719717025756836,-0.13303762674331665,0.16994309425354004
1789130127354066000,76.76006591796875,0.5882272720336914,0.2066480815410614,0.13050270080566406
1789130127370069200,76.7760693359375,0.42018795013427734,0.2768186032772064,0.10343766212463379
1789130127386079500,76.79207958984375,-0.3090200424194336,-0.18341690301895142,-0.4299241304397583
1789130127402092500,76.80809252929687,-0.4159679412841797,0.25902634859085083,-0.42991364002227783
1789130127418105000,76.82410498046875,-0.6609077453613281,0.5032795667648315,-0.11033952236175537
1789130127434116000,76.8401162109375,-0.666417121887207,0.24191591143608093,0.09003317356109619
1789130127450125000,76.856125,0.4958505630493164,-0.028461456298828125,-0.3433936834335327
1789130127466129700,76.87212963867188,0.0871267318725586,0.10031011700630188,-0.19157874584197998
1789130127482136600,76.88813647460937,0.09554862976074219,-0.05681115388870239,-0.1282198429107666
1789130127498145500,76.9041455078125,-0.059090614318847656,0.128101646900177,-0.09791326522827148
1789130127514148400,76.9201484375,0.03552722930908203,-0.054088592529296875,0.09920990467071533
1789130127530151200,76.93615112304687,0.24003887176513672,-0.03541165590286255,-0.5979750156402588
1789130127546151200,76.95215112304687,-0.22240924835205078,-0.27911120653152466,-0.526680588722229
1789130127562152400,76.96815234375,-0.6176366806030273,-0.2001107931137085,-0.12524282932281494
1789130127578154500,76.98415454101563,0.13068199157714844,-0.18687254190444946,-0.47396230697631836
1789130127594159900,77.00015991210938,-0.34406375885009766,-0.11480695009231567,-0.43812572956085205
1789130127610170400,77.01617041015625,-0.3076906204223633,0.16610652208328247,0.3453514575958252
1789130127626175500,77.03217553710938,0.6964168548583984,-0.25234168767929077,-0.5096726417541504
1789130127642181400,77.04818139648438,0.4279346466064453,-0.02150517702102661,0.2026660442352295
1789130127658186000,77.06418603515625,-0.4286365509033203,-0.06289249658584595,0.0806342363357544
1789130127674187800,77.08018774414063,-0.5000171661376953,-0.30959516763687134,-0.3135685920715332
1789130127690199800,77.09619970703125,-0.9163875579833984,0.11836028099060059,-0.1082150936126709
1789130127706213000,77.11221313476562,0.008242607116699219,0.3084607720375061,0.35016417503356934
1789130127722229000,77.12822900390626,1.0477466583251953,-0.11387908458709717,-0.019440174102783203
1789130127738247700,77.14424755859375,0.6173601150512695,-0.4217231273651123,0.40013182163238525
1789130127754265600,77.160265625,0.49776554107666016,0.43249911069869995,-0.33244526386260986
1789130127770281700,77.17628173828125,-0.3876924514770508,0.04619854688644409,-0.12328636646270752
1789130127786296300,77.19229638671875,-0.4930992126464844,-0.22508257627487183,0.27504420280456543
1789130127802305300,77.20830517578125,0.7806215286254883,0.1938437521457672,-0.24610817432403564
1789130127818315000,77.22431494140625,-0.5425949096679688,0.25936955213546753,-0.5111360549926758
1789130127834320000,77.24031982421874,-0.8740024566650391,-0.33721446990966797,-0.0598452091217041
1789130127850336000,77.2563359375,0.3608827590942383,0.3322981595993042,0.15017473697662354
1789130127866345700,77.272345703125,0.39394283294677734,0.2249469757080078,0.24934732913970947
1789130127882360800,77.28836083984375,0.0628824234008789,-0.01620239019393921,0.4071481227874756
1789130127898375200,77.30437524414063,0.6435613632202148,-0.13306748867034912,-0.6410171985626221
1789130127914385200,77.32038525390625,-0.503911018371582,-0.3216126561164856,-0.25309765338897705
1789130127930393900,77.33639379882813,-0.10520172119140625,-0.29651182889938354,-0.03542530536651611
1789130127946403600,77.35240356445313,0.5607051849365234,0.03935098648071289,-0.16855669021606445
1789130127962410800,77.36841064453125,0.08086776733398438,-0.26172202825546265,0.12452423572540283
1789130127978419000,77.3844189453125,0.553955078125,-0.2697909474372864,-0.468059778213501
1789130127994431200,77.40043115234376,0.011213302612304688,0.43022018671035767,0.19756805896759033
1789130128010444000,77.41644409179688,0.13042640686035156,0.11630600690841675,0.2059873342514038
1789130128026462700,77.43246264648438,0.1777477264404297,-0.1321556568145752,-0.24552428722381592
1789130128042473200,77.44847314453125,0.3590669631958008,-0.4197571873664856,0.006970405578613281
1789130128058486000,77.46448608398437,0.38715362548828125,-0.005066394805908203,0.24928498268127441
1789130128074494700,77.48049462890626,0.32909393310546875,0.1303829550743103,-0.3855170011520386
1789130128090502700,77.49650268554687,-0.2461986541748047,-0.2877916097640991,0.5783520936965942
1789130128106511400,77.51251147460937,0.6439905166625977,-0.07909876108169556,0.27848029136657715
1789130128122514200,77.52851416015625,1.2034235000610352,-0.4541541337966919,-0.5123904943466187
1789130128138516500,77.5445166015625,-0.16247940063476562,0.04755789041519165,-0.05764341354370117
1789130128154525700,77.56052563476563,0.22483062744140625,-0.15660899877548218,0.06882250308990479
1789130128170538000,77.5765380859375,0.21462249755859375,-0.27516424655914307,0.22906279563903809
1789130128194551300,77.60055126953125,-0.3899993896484375,-0.06827765703201294,-0.16245758533477783
1789130128210556200,77.61655615234375,-1.0135469436645508,-0.38568174839019775,-0.3101315498352051
1789130128226560500,77.632560546875,-0.9954986572265625,-0.25338441133499146,-0.5055352449417114
1789130128242569000,77.64856884765625,0.06113433837890625,0.4627436399459839,-0.36774778366088867
1789130128258577200,77.6645771484375,0.02674388885498047,0.24655166268348694,0.26434993743896484
1789130128274587400,77.68058740234375,0.3755455017089844,-0.33013492822647095,-0.2731438875198364
1789130128290600700,77.6966005859375,-0.05654144287109375,-0.5482645034790039,0.0054171085357666016
1789130128306603000,77.71260302734375,-0.26683712005615234,0.40669703483581543,-0.10624074935913086
1789130128322608000,77.72860815429688,0.15935897827148438,0.014499664306640625,-0.29592156410217285
1789130128338611700,77.74461181640625,-0.3208475112915039,-0.5168507099151611,-0.5473991632461548
1789130128354619100,77.760619140625,-0.33061885833740234,0.001105666160583496,-0.204032301902771
1789130128370622200,77.77662231445312,-0.043540000915527344,0.47315919399261475,-0.32800161838531494
1789130128386628900,77.79262890625,-0.7618322372436523,0.1883048713207245,0.07347965240478516
1789130128402638800,77.80863891601562,-1.2208709716796875,0.2882533669471741,-0.1365056037902832
1789130128426643500,77.8326435546875,-0.6310205459594727,0.2257782220840454,-0.4051319360733032
1789130128442647000,77.84864697265625,-0.673065185546875,0.032479166984558105,-0.2539994716644287
1789130128458656500,77.86465649414062,-0.7389039993286133,0.5394335389137268,0.08349668979644775
1789130128474663400,77.88066333007812,-0.6135034561157227,0.6237447261810303,-0.3055685758590698
1789130128490668800,77.89666870117188,-0.6656532287597656,0.5705748200416565,0.07242631912231445
1789130128506672400,77.91267236328125,0.10102367401123047,0.1280297040939331,-0.29056668281555176
1789130128522673200,77.92867309570312,-0.36748790740966797,-0.49182212352752686,0.5117030143737793
1789130128538672600,77.94467260742188,0.47983646392822266,0.922359049320221,0.10253036022186279
1789130128554676500,77.96067651367187,0.4178285598754883,-0.4004288911819458,0.14828169345855713
1789130128570678000,77.97667797851562,-0.3960533142089844,-0.71584552526474,0.6742037534713745
1789130128586680800,77.99268090820313,-0.13211345672607422,-0.06437212228775024,-0.0010013580322265625
1789130128602685000,78.00868481445312,0.060741424560546875,0.2528865337371826,0.22016966342926025
1789130128618695700,78.02469580078125,0.2630653381347656,-0.2037702202796936,0.42822253704071045
1789130128634702800,78.04070288085937,0.3263387680053711,0.15447816252708435,-0.1620030403137207
1789130128650711600,78.05671166992188,-0.7920026779174805,0.057833731174468994,0.17205822467803955
1789130128666722000,78.07272216796875,-0.5728073120117188,-0.2783661484718323,0.5708745718002319
1789130128682733800,78.08873388671876,-0.047150611877441406,0.0626724362373352,0.45343923568725586
1789130128698744600,78.10474462890625,0.7664613723754883,0.5788404941558838,0.8858994245529175
1789130128714755000,78.12075512695313,0.3592185974121094,-0.07032757997512817,0.5397806167602539
1789130128730764500,78.1367646484375,-0.24916553497314453,-0.26601719856262207,0.29736578464508057
1789130128746773000,78.15277294921874,-0.7402019500732422,0.4434168338775635,0.38428187370300293
1789130128762778400,78.1687783203125,0.05845832824707031,-0.30294740200042725,1.1612166166305542
1789130128778787300,78.18478735351563,0.8607816696166992,-0.008281052112579346,0.4273446798324585
1789130128794792400,78.20079248046875,0.7651214599609375,-0.5241128206253052,1.0085923671722412
1789130128810797000,78.21679711914062,0.1450204849243164,-0.4078677296638489,0.5065343379974365
1789130128826806000,78.23280590820312,1.1482114791870117,-0.20527273416519165,0.46468305587768555
1789130128842817500,78.24881762695313,0.024257659912109375,-0.44253718852996826,0.6776628494262695
1789130128858829600,78.26482958984376,-1.1293249130249023,0.30758216977119446,0.8113043308258057
1789130128874844200,78.28084423828125,0.03306770324707031,0.0948445200920105,0.1452193260192871
1789130128890857000,78.29685693359374,0.09138107299804688,-0.5197131633758545,0.5387394428253174
1789130128906870000,78.3128701171875,-0.006195068359375,-0.7286751866340637,0.43670082092285156
1789130128922880300,78.32888037109375,-0.872746467590332,0.2367183268070221,0.5717206001281738
1789130128938889500,78.34488940429688,-0.22701263427734375,0.016252756118774414,0.3604421615600586
1789130128954901800,78.36090185546875,0.4136390686035156,-0.6889550685882568,0.0198214054107666
1789130128970908400,78.37690844726562,-0.6753120422363281,-0.4259868264198303,0.16429519653320312
1789130128986922800,78.3929228515625,-0.7942829132080078,0.03421902656555176,-0.009432077407836914
1789130129002934000,78.40893408203125,-0.35181140899658203,0.4022565186023712,0.6068167686462402
1789130129018951000,78.42495092773437,0.6273946762084961,0.03216332197189331,-0.04457998275756836
1789130129034959600,78.44095971679687,-0.29422664642333984,0.26940885186195374,0.5610787868499756
1789130129050971400,78.45697143554688,0.1310567855834961,-0.5561359524726868,0.36064863204956055
1789130129066988000,78.47298803710937,0.4853496551513672,0.05902385711669922,-0.1644270420074463
1789130129082995700,78.48899560546874,-1.304337501525879,0.4273505210876465,0.16335344314575195
1789130129099003000,78.5050029296875,0.03311443328857422,-0.03977203369140625,0.0837252140045166
1789130129115011800,78.52101171875,0.049309730529785156,0.3566582202911377,-0.11640048027038574
1789130129131023000,78.53702319335937,-1.2701997756958008,0.26243340969085693,0.4384768009185791
1789130129147031000,78.55303100585938,-0.5449190139770508,0.4357808232307434,0.09251618385314941
1789130129163037200,78.569037109375,-0.126739501953125,-0.011681854724884033,-0.025457143783569336
1789130129179040300,78.58504028320313,-1.0155553817749023,-0.2779892683029175,0.04833483695983887
1789130129195047700,78.60104760742188,-0.12344074249267578,0.1348857879638672,-0.04911303520202637
1789130129211054000,78.61705419921876,0.17496299743652344,0.3791879415512085,0.31621885299682617
1789130129227061200,78.63306127929687,-0.15590667724609375,0.28382760286331177,0.4834256172180176
1789130129243069200,78.64906909179687,0.18152618408203125,0.5604652762413025,-0.3558816909790039
1789130129259075800,78.66507592773438,-0.9797172546386719,0.7293710708618164,0.23687267303466797
1789130129275086300,78.68108642578125,-0.3819112777709961,0.35123834013938904,0.22469854354858398
1789130129291094800,78.6970947265625,-0.1279144287109375,-0.13221204280853271,-0.058896541595458984
1789130129307101400,78.71310131835938,0.24202537536621094,0.10573399066925049,0.7837648391723633
1789130129323116000,78.72911596679687,0.25653934478759766,-0.09250366687774658,0.28380703926086426
1789130129339126000,78.7451259765625,-0.7684850692749023,0.1143769919872284,-0.1370532512664795
1789130129355139300,78.76113940429687,-0.8852224349975586,0.08727526664733887,-0.06291651725769043
1789130129371147000,78.77714697265625,-0.4934206008911133,0.26616376638412476,0.1468348503112793
1789130129387162400,78.79316235351563,-0.03889942169189453,0.053073227405548096,0.5276055335998535
1789130129403175400,78.80917553710937,0.755152702331543,0.1159287691116333,0.10042595863342285
1789130129419181300,78.82518139648438,0.6915483474731445,-0.023404300212860107,0.4851391315460205
1789130129435192800,78.84119287109375,-0.1242837905883789,-0.22649836540222168,0.1681818962097168
1789130129459196700,78.86519677734375,-0.02764606475830078,-0.5937508940696716,-0.15612554550170898
1789130129475201000,78.88120092773437,-0.10242652893066406,-0.12299776077270508,0.6520421504974365
1789130129491203800,78.89720385742187,0.6753053665161133,0.6322149634361267,0.08574295043945312
1789130129507205000,78.913205078125,-0.3277778625488281,0.0962395966053009,-0.026876211166381836
1789130129523201000,78.92920092773437,0.5202064514160156,-0.4594472646713257,-0.3051588535308838
1789130129539199200,78.94519921875,-0.3898649215698242,0.3035433888435364,-0.05013108253479004
1789130129555197200,78.961197265625,0.09839057922363281,-0.08452308177947998,0.01357889175415039
1789130129571197700,78.97719775390625,0.8210964202880859,-0.47031277418136597,0.05920982360839844
1789130129587206000,78.99320581054687,-0.060370445251464844,0.01684623956680298,0.09479308128356934
1789130129603213800,79.0092138671875,0.1352834701538086,0.04971116781234741,-0.352219820022583
1789130129619221500,79.02522143554687,0.5601024627685547,-0.48026716709136963,0.007954597473144531
1789130129635231200,79.04123120117187,0.1801919937133789,-0.22471612691879272,0.11434292793273926
1789130129651237400,79.0572373046875,-0.3343954086303711,-0.1549803614616394,0.013304471969604492
1789130129667241500,79.07324145507812,-0.045220375061035156,0.10420137643814087,0.0903317928314209
1789130129683241200,79.0892412109375,0.35499095916748047,0.08539718389511108,-0.2044363021850586
1789130129699251200,79.10525122070312,0.5236434936523438,0.14211252331733704,-0.3690786361694336
1789130129715263000,79.12126293945313,0.5798091888427734,-0.4052448868751526,-0.562995195388794
1789130129731276000,79.13727612304687,-0.975642204284668,0.03723323345184326,0.1993260383605957
1789130129747285000,79.15328491210937,0.490234375,0.4106178283691406,-0.08096432685852051
1789130129763292000,79.1692919921875,0.2585268020629883,0.22947996854782104,-0.19028639793395996
1789130129779300900,79.18530078125,-0.02366924285888672,-0.07008141279220581,-0.6588733196258545
1789130129795309600,79.2013095703125,-0.6141672134399414,-0.09964382648468018,-0.4739806652069092
1789130129811318300,79.217318359375,-0.5532264709472656,-0.04986393451690674,-0.5487096309661865
1789130129827319300,79.2333193359375,-0.3487100601196289,-0.1571657657623291,-0.23489999771118164
1789130129843321600,79.24932153320313,0.033623695373535156,-0.019146859645843506,-0.37898945808410645
1789130129859330300,79.26533032226563,-0.23366737365722656,0.18283650279045105,-0.22780418395996094
1789130129875339000,79.28133911132812,0.05863380432128906,0.1428990364074707,-0.22792291641235352
1789130129891348700,79.2973486328125,0.04684257507324219,0.16927900910377502,-0.11123442649841309
1789130129907358700,79.31335864257812,0.15998458862304688,0.15681418776512146,-0.024966716766357422
1789130129931371300,79.33737133789063,0.35355472564697266,0.5512891411781311,-0.31542229652404785
1789130129947379500,79.35337939453125,0.33580589294433594,-0.01434934139251709,-0.1923828125
1789130129963386000,79.36938623046875,-0.9825334548950195,-0.16775548458099365,-0.1312267780303955
1789130129979392300,79.38539233398437,-0.36588478088378906,0.48713263869285583,-0.028900623321533203
1789130129995399400,79.4013994140625,0.6840734481811523,0.09899190068244934,-0.39218616485595703
1789130130011408400,79.41740844726563,-0.16985225677490234,-0.1272990107536316,-0.3777904510498047
1789130130027409400,79.43340942382812,-0.25229644775390625,0.08288305997848511,-0.355729341506958
1789130130043417300,79.44941723632813,-0.16704845428466797,0.23009777069091797,0.3122704029083252
1789130130059425300,79.46542529296875,0.2712688446044922,-0.28037482500076294,-0.15871047973632812
1789130130075425500,79.48142553710937,-0.5240869522094727,0.18587082624435425,0.05323600769042969
1789130130091430100,79.49743017578125,-0.9944286346435547,0.2891632318496704,-0.20252180099487305
1789130130107436500,79.5134365234375,-0.042756080627441406,-0.11752080917358398,0.16042494773864746
1789130130123441700,79.52944165039062,0.11890029907226562,0.1104523241519928,-0.5442149639129639
1789130130139447800,79.54544775390625,-0.4462547302246094,0.5442453622817993,0.36002516746520996
1789130130155454000,79.56145385742188,1.0713176727294922,0.09600594639778137,-0.3143296241760254
1789130130171465200,79.57746533203125,0.09939384460449219,0.06728476285934448,-0.057085514068603516
1789130130195485400,79.6014853515625,0.2329092025756836,-0.2157159149646759,-0.19475197792053223
1789130130211503400,79.61750341796875,-0.6909847259521484,0.44173306226730347,-0.13411521911621094
1789130130227516700,79.6335166015625,-0.6000032424926758,0.08324888348579407,0.14850330352783203
1789130130243529700,79.64952978515625,-0.005499839782714844,-0.2896049916744232,-0.1032102108001709
1789130130259543300,79.66554321289063,0.46975231170654297,-0.024053066968917847,0.524665355682373
1789130130275552500,79.68155249023438,0.24575138092041016,0.02843502163887024,0.03220486640930176
1789130130291568600,79.69756860351562,-0.06418800354003906,-0.7376484870910645,-0.11161184310913086
1789130130307580400,79.71358032226563,0.03311920166015625,0.09173700213432312,-0.012764453887939453
1789130130323595300,79.72959521484376,-0.2811269760131836,-0.10767215490341187,0.30555248260498047
1789130130339613700,79.74561376953125,0.050754547119140625,0.29732269048690796,-0.017229795455932617
1789130130355630800,79.761630859375,-0.594304084777832,0.15078458189964294,0.4176473617553711
1789130130371644400,79.77764453125,0.019826889038085938,0.2493174821138382,-0.31029820442199707
1789130130387657000,79.79365698242188,-0.1759319305419922,0.013812661170959473,0.05135393142700195
1789130130403668700,79.80966870117187,-0.5534887313842773,-0.050409406423568726,-0.4113733768463135
1789130130419674400,79.82567431640625,-0.6708889007568359,0.06889241933822632,0.4131205081939697
1789130130435685400,79.84168530273438,0.3763570785522461,0.37792688608169556,-0.09776139259338379
1789130130451693000,79.85769311523437,0.2257680892944336,0.18171660602092743,0.2556459903717041
1789130130467700500,79.87370043945313,-0.2206888198852539,-0.09344795346260071,0.19397544860839844
1789130130483707400,79.88970727539062,-0.8318080902099609,-0.023913085460662842,0.38507795333862305
1789130130499716900,79.905716796875,0.3775291442871094,-0.0907478928565979,-0.08420991897583008
1789130130515728600,79.92172875976563,-0.18337631225585938,-0.1481788158416748,0.2025909423828125
1789130130531741000,79.93774096679688,-0.045325279235839844,-0.158534973859787,0.33188557624816895
1789130130555748600,79.96174853515625,0.049094200134277344,0.02920594811439514,0.09951424598693848
1789130130571759400,79.97775927734375,0.15520668029785156,-0.027233392000198364,-0.08501744270324707
1789130130587764200,79.99376416015625,-0.44596385955810547,-0.060591816902160645,0.1754755973815918
1789130130603765500,80.009765625,-0.1277322769165039,0.09305369853973389,0.1965041160583496
1789130130619772000,80.02577197265624,0.13151264190673828,-0.05308127403259277,-0.17421674728393555
1789130130635788000,80.0417880859375,-0.7338428497314453,-0.2906108796596527,0.19483232498168945
1789130130651809300,80.05780932617188,-0.3382701873779297,0.013625621795654297,0.4770500659942627
1789130130667822800,80.07382275390626,-0.26324939727783203,0.20022061467170715,0.14098525047302246
1789130130683837000,80.0898369140625,0.1315746307373047,-0.052406758069992065,-0.08592820167541504
1789130130699850200,80.10585034179688,0.04915809631347656,-0.2662971615791321,0.2714505195617676
1789130130715861500,80.12186157226563,0.02465343475341797,0.1871720254421234,0.20549464225769043
1789130130731866600,80.13786669921875,0.58270263671875,0.30980008840560913,0.22577238082885742
1789130130747877600,80.15387768554687,0.6172380447387695,-0.28677821159362793,0.011920452117919922
1789130130763890000,80.16988989257813,-0.13820838928222656,0.011133313179016113,0.290759801864624
1789130130779901400,80.1859013671875,0.38884544372558594,-0.1102878749370575,-0.040259599685668945
1789130130795909600,80.20190966796875,-0.03167247772216797,0.07811421155929565,0.22521591186523438
1789130130811918800,80.2179189453125,0.08421707153320312,0.012959480285644531,-0.050716400146484375
1789130130827926800,80.2339267578125,-0.3362913131713867,0.09524911642074585,0.10925722122192383
1789130130843936300,80.24993627929688,0.04427814483642578,0.33705902099609375,0.5176644325256348
1789130130859943000,80.26594287109376,0.16098308563232422,0.46468237042427063,-0.020964622497558594
1789130130875945700,80.28194580078124,-0.3848857879638672,-0.082196444272995,0.10333800315856934
1789130130891949000,80.29794897460937,-0.19233989715576172,0.3609088361263275,0.1625843048095703
1789130130907958800,80.31395874023437,0.032370567321777344,-0.05117166042327881,-0.17172718048095703
1789130130923960600,80.32996069335937,0.25348663330078125,-0.15580451488494873,0.08410286903381348
1789130130939960600,80.34596069335937,-0.12056636810302734,0.31380224227905273,0.2672007083892822
1789130130955967700,80.3619677734375,-0.5230350494384766,-0.09540346264839172,-0.23990607261657715
1789130130971972000,80.37797216796875,-0.16369152069091797,-0.3115867078304291,-0.39397382736206055
1789130130987974100,80.39397412109375,-0.33098888397216797,-0.2981775104999542,0.10765647888183594
1789130131003979800,80.40997973632813,-0.37327098846435547,-0.016045689582824707,-0.02921772003173828
1789130131019981800,80.42598193359375,-0.1568765640258789,0.2822577953338623,-0.36803174018859863
1789130131035981600,80.44198168945313,-0.2997713088989258,-0.0036645829677581787,-0.10296797752380371
1789130131051980000,80.45797998046875,-0.714879035949707,0.049100637435913086,0.19777846336364746
1789130131067982300,80.473982421875,-0.11979961395263672,-0.001537710428237915,-0.2811157703399658
1789130131083991000,80.48999096679688,-0.6974611282348633,-0.4486243426799774,0.03843188285827637
1789130131099993000,80.5059931640625,-0.13051223754882812,0.10379356145858765,0.1465015411376953
1789130131115999000,80.5219990234375,0.292022705078125,0.7618588209152222,-0.45151424407958984
1789130131132006400,80.53800634765625,-0.826085090637207,-0.2878764271736145,0.062377214431762695
1789130131148011000,80.55401098632812,-1.1785411834716797,-0.19028744101524353,0.07963752746582031
1789130131164010200,80.57001025390625,-0.5538330078125,0.33923208713531494,0.03852057456970215
1789130131180015600,80.586015625,-0.23028278350830078,0.2863754630088806,0.2538783550262451
1789130131196021000,80.60202099609376,0.17166519165039062,-0.04063290357589722,0.12741804122924805
1789130131220027100,80.62602709960937,-0.1246652603149414,0.10660827159881592,0.0648202896118164
1789130131236032300,80.6420322265625,-0.24047183990478516,0.007884114980697632,0.1319582462310791
1789130131252037000,80.658037109375,-0.4083099365234375,-0.14589998126029968,0.3992016315460205
1789130131268035000,80.67403515625,0.060272216796875,0.23444201052188873,-0.10745429992675781
1789130131284024800,80.69002490234375,-0.2711772918701172,-0.055057793855667114,0.02883434295654297
1789130131300024800,80.70602490234376,-0.3034534454345703,0.05903202295303345,0.42031288146972656
1789130131316027000,80.72202685546876,0.6125202178955078,0.009181678295135498,0.5007083415985107
1789130131332024600,80.73802465820313,0.5880613327026367,-0.31666767597198486,0.2952847480773926
1789130131348021500,80.754021484375,-0.5079498291015625,0.1891414225101471,-0.5589137077331543
1789130131364024300,80.7700244140625,-1.006239891052246,0.67135089635849,-0.07452869415283203
1789130131380027100,80.78602709960937,0.22068309783935547,0.12665808200836182,0.46810007095336914
1789130131396023600,80.8020234375,0.6965236663818359,0.30236077308654785,0.23254990577697754
1789130131412029400,80.81802954101562,0.4285593032836914,0.4175151288509369,-0.13191890716552734
1789130131428034000,80.83403393554687,-1.0570392608642578,0.238004669547081,-0.2098982334136963
1789130131444035000,80.85003515625,-0.4782295227050781,0.2973637580871582,-0.025899887084960938
1789130131460035600,80.86603564453125,0.32511138916015625,0.28148528933525085,-0.14233922958374023
1789130131476034300,80.88203442382813,0.29775428771972656,0.12744902074337006,0.38374805450439453
1789130131492031700,80.89803173828125,0.8103656768798828,0.2900558412075043,0.3153812885284424
1789130131508031500,80.91403149414063,0.5848426818847656,-0.08077996969223022,-0.16224122047424316
1789130131524029200,80.930029296875,-0.13833236694335938,-0.22328394651412964,0.2926523685455322
1789130131540025900,80.94602587890626,0.015185356140136719,0.5526210069656372,0.2625415325164795
1789130131556026400,80.9620263671875,-0.4673595428466797,-0.09468743205070496,-0.028209924697875977
1789130131572026600,80.97802661132812,0.22890472412109375,-0.27469462156295776,0.28202223777770996
1789130131588026000,80.99402612304688,1.0529117584228516,-0.1843380331993103,-0.2747349739074707
1789130131604029400,81.01002954101563,0.6079692840576172,0.04376211762428284,0.23626947402954102
1789130131620029400,81.02602954101563,-1.2913131713867188,-0.16252967715263367,0.2692584991455078
1789130131636031700,81.04203173828125,-0.5645532608032227,-0.17712709307670593,-0.5269544124603271
1789130131652036000,81.0580361328125,0.11153221130371094,-0.13657361268997192,0.05465102195739746
1789130131668035600,81.07403564453125,-0.19629192352294922,-0.005971044301986694,0.3172721862792969
1789130131684034600,81.09003466796875,0.190521240234375,-0.07196268439292908,-0.14461684226989746
1789130131700038400,81.10603833007812,-0.07107830047607422,0.16366270184516907,-0.006708383560180664
1789130131716040700,81.12204077148438,-0.1127004623413086,-0.32370972633361816,-0.10253405570983887
1789130131732043800,81.13804370117188,-0.35610198974609375,-0.15347051620483398,-0.08603787422180176
1789130131748050400,81.15405053710937,-0.06364154815673828,-0.09677079319953918,0.26711559295654297
1789130131764055600,81.1700556640625,0.06756019592285156,0.19875119626522064,0.060091257095336914
1789130131780054800,81.1860546875,0.21680545806884766,-0.008772999048233032,0.1963670253753662
1789130131796049200,81.20204907226562,0.37038421630859375,0.11449643969535828,-0.5948972702026367
1789130131812046300,81.21804638671875,-0.8158626556396484,-0.020039021968841553,0.243973970413208
1789130131828046000,81.23404614257812,-0.20557212829589844,-0.28135889768600464,-0.11666274070739746
1789130131844050700,81.25005078125,0.5622129440307617,-0.026376396417617798,0.2376701831817627
1789130131860061000,81.26606103515626,-0.08143138885498047,0.02546536922454834,0.35852885246276855
1789130131876067600,81.28206762695312,-0.25089359283447266,-0.046723127365112305,0.00023603439331054688
1789130131892067600,81.29806762695313,-0.39803600311279297,-0.14038428664207458,-0.05176949501037598
1789130131908074500,81.31407446289063,-0.602971076965332,0.14390558004379272,-0.06929683685302734
1789130131924076500,81.33007666015625,-0.4427947998046875,-0.031353533267974854,0.3358302116394043
1789130131940085500,81.34608544921875,0.7803745269775391,-0.46394574642181396,0.2096724510192871
1789130131956095000,81.36209497070313,0.04349803924560547,0.37440982460975647,-0.14667344093322754
1789130131972103200,81.37810327148438,-0.4973945617675781,-0.1750684678554535,0.0008537769317626953
1789130131988108800,81.39410888671875,-0.1623525619506836,-0.2912152111530304,-0.08501815795898438
1789130132004114200,81.4101142578125,0.13941574096679688,0.07374197244644165,-0.03253912925720215
1789130132020120300,81.42612036132813,0.23022747039794922,-0.032803356647491455,0.27430033683776855
1789130132036123600,81.44212353515626,0.8088264465332031,0.3149441182613373,0.01791858673095703
1789130132052130300,81.45813037109374,0.42371177673339844,0.11050285398960114,-0.46475911140441895
1789130132068139000,81.47413891601562,-0.3937101364135742,0.15966477990150452,-0.2347421646118164
1789130132084149500,81.4901494140625,0.09092426300048828,0.22902049124240875,-0.1279301643371582
1789130132100150800,81.50615087890625,0.6788787841796875,0.3398856818675995,-0.1396474838256836
1789130132116152800,81.52215283203125,0.7451000213623047,-0.07425400614738464,-0.09466838836669922
1789130132132157700,81.53815771484375,0.7041463851928711,-0.1634637415409088,-0.1254727840423584
1789130132148161800,81.55416186523438,0.15400123596191406,0.19092340767383575,-0.14646005630493164
1789130132164163800,81.57016381835938,0.18581008911132812,-0.015244320034980774,-0.12204456329345703
1789130132180165600,81.58616552734375,0.47490501403808594,-0.21695151925086975,-0.02127242088317871
1789130132196172800,81.6021728515625,-0.3827838897705078,0.09250380098819733,-0.30114030838012695
1789130132212184000,81.61818408203125,0.28029727935791016,-0.16682545840740204,-0.3452186584472656
1789130132228188400,81.6341884765625,0.5211381912231445,0.036755114793777466,-0.2093062400817871
1789130132244189700,81.65018969726563,-0.21343994140625,-0.2928212881088257,-0.12533330917358398
1789130132260189700,81.66618969726562,-0.16841793060302734,-0.4452441930770874,-0.47834110260009766
1789130132276187600,81.68218774414062,0.0642843246459961,0.09140504896640778,-0.2773289680480957
1789130132292189200,81.69818920898437,0.17782306671142578,0.18452435731887817,-0.4194633960723877
1789130132308191000,81.71419091796875,-0.0186767578125,0.01934446394443512,-0.28338122367858887
1789130132324193800,81.73019384765625,0.032515525817871094,-0.2229684293270111,-0.2146596908569336
1789130132340198100,81.7461982421875,-0.2544431686401367,0.13865868747234344,-0.42965221405029297
1789130132356205000,81.762205078125,-0.14594554901123047,0.10912160575389862,-0.49440789222717285
1789130132372213000,81.778212890625,0.1202392578125,0.21902547776699066,-0.366241455078125
1789130132388216000,81.79421606445312,0.36780548095703125,0.06724470853805542,-0.3640754222869873
1789130132404224800,81.81022485351562,-0.048684120178222656,0.161451518535614,-0.31948208808898926
1789130132420236300,81.826236328125,-0.09165000915527344,0.13858920335769653,-0.2650783061981201
1789130132436241400,81.84224145507812,0.32679080963134766,-0.165258526802063,0.0037221908569335938
1789130132452244200,81.858244140625,0.21203899383544922,-0.14428244531154633,-0.4206089973449707
1789130132468248800,81.87424877929688,-0.3941211700439453,-0.17128896713256836,0.2644014358520508
1789130132484249000,81.8902490234375,-0.27794647216796875,-0.04630941152572632,-0.6374311447143555
1789130132500249600,81.90624951171876,-0.4496726989746094,-0.1933574229478836,0.10068297386169434
1789130132516252700,81.92225268554688,0.5463647842407227,-0.046517059206962585,-0.4659738540649414
1789130132532257300,81.93825732421875,-0.3521575927734375,-0.06409777700901031,-0.01877140998840332
1789130132548262000,81.95426196289063,0.29440879821777344,0.12259111553430557,-0.5905828475952148
1789130132564273700,81.97027368164062,-0.00015544891357421875,0.2338518649339676,-0.08899760246276855
1789130132580278500,81.98627856445313,-0.11679553985595703,0.057136788964271545,-0.2795119285583496
1789130132596282000,82.0022822265625,-0.060233116149902344,-0.00023505091667175293,-0.23395466804504395
1789130132612291600,82.01829150390626,0.3651142120361328,-0.03613470494747162,-0.02979135513305664
1789130132628298800,82.034298828125,0.3946084976196289,-0.030301973223686218,-0.4110863208770752
1789130132644298500,82.05029858398437,0.01648235321044922,0.10857076942920685,-0.19622516632080078
1789130132660302600,82.06630249023438,-0.3424415588378906,-0.17134222388267517,-0.3072347640991211
1789130132676311000,82.08231103515625,-0.45197200775146484,0.0347958505153656,-0.19487595558166504
1789130132692312300,82.09831225585937,0.012387275695800781,0.10516762733459473,-0.3478412628173828
1789130132708310000,82.11431005859374,0.1494894027709961,-0.1433790624141693,-0.14900612831115723
1789130132724305200,82.13030517578125,-0.15215778350830078,-0.09114199876785278,-0.2254047393798828
1789130132740304100,82.14630419921875,0.18772315979003906,-0.004565104842185974,-0.3303084373474121
1789130132756304400,82.16230444335937,0.1904153823852539,0.13694103062152863,-0.1056058406829834
1789130132772309200,82.17830932617187,-0.3834981918334961,0.10361535847187042,-0.054877519607543945
1789130132788313300,82.19431323242188,0.24909019470214844,-0.08816942572593689,-0.25177454948425293
1789130132804321800,82.21032177734375,0.04531669616699219,-0.07924768328666687,-0.14897465705871582
1789130132820331000,82.2263310546875,-0.009314537048339844,0.10715389251708984,0.017394542694091797
1789130132836336600,82.24233666992187,-0.049307823181152344,0.08931981027126312,-0.20025277137756348
1789130132852340200,82.25834033203125,0.1689891815185547,-0.236052006483078,-0.16777992248535156
1789130132868346400,82.27434643554687,-0.23500919342041016,-0.09691789746284485,-0.2994861602783203
1789130132884357400,82.290357421875,-0.07854175567626953,0.015731945633888245,0.11400866508483887
1789130132900369700,82.30636962890625,0.3013153076171875,0.005382463335990906,-0.3173571825027466
1789130132916378400,82.32237841796875,0.04085731506347656,0.032686904072761536,-0.021934032440185547
1789130132932388900,82.33838891601563,0.1305217742919922,-0.19253003597259521,0.022148847579956055
1789130132948396300,82.35439624023438,-0.053803443908691406,-0.10664117336273193,-0.18288969993591309
1789130132964402200,82.37040209960938,-0.13674449920654297,-0.31257662177085876,-0.1808462142944336
1789130132980405500,82.38640551757813,-0.28166770935058594,0.08434607088565826,-0.05074357986450195
1789130132996414200,82.40241430664062,0.19020843505859375,0.31245675683021545,-0.438645601272583
1789130133012420400,82.41842041015624,-0.09374523162841797,0.1667991727590561,-0.16905546188354492
1789130133028428800,82.4344287109375,-0.08057212829589844,0.04354611039161682,-0.20239925384521484
1789130133044430000,82.45043017578125,0.2431936264038086,0.05217435956001282,-0.2564142942428589
1789130133060434000,82.46643383789062,-0.012445449829101562,-0.22835995256900787,-0.19989395141601562
1789130133076443100,82.48244311523437,-0.0998239517211914,-0.3628326952457428,-0.29029691219329834
1789130133092449300,82.49844921875,-0.2541847229003906,-0.2456994354724884,0.03539729118347168
1789130133108453400,82.51445336914063,-0.1118621826171875,-0.11093451082706451,-0.11699724197387695
1789130133124457200,82.53045727539063,-0.10310840606689453,0.02789992094039917,-0.19037377834320068
1789130133140457500,82.54645751953124,-0.14635086059570312,0.03964845836162567,-0.041543006896972656
1789130133156460800,82.56246069335937,0.3560914993286133,0.023060336709022522,-0.43287384510040283
1789130133172463600,82.57846362304687,-0.0758352279663086,0.2006215900182724,-0.27564752101898193
1789130133188462300,82.59446240234375,-0.41676902770996094,0.249440997838974,0.12100648880004883
1789130133204460800,82.61046069335937,0.2278575897216797,0.15389055013656616,-0.3260014057159424
1789130133228459000,82.634458984375,-0.04101753234863281,0.027156919240951538,-0.2132190465927124
1789130133244464400,82.65046435546876,-0.3184518814086914,-0.014860376715660095,-0.29634761810302734
1789130133260467500,82.66646752929688,-0.026526451110839844,-0.028998389840126038,0.07749295234680176
1789130133276470500,82.68247045898437,-0.47678184509277344,0.04835548996925354,-0.1760014295578003
1789130133292474400,82.69847436523438,-0.1320638656616211,0.45612072944641113,-0.07559323310852051
1789130133308481800,82.71448168945312,0.09233570098876953,0.18395638465881348,-0.2836049795150757
1789130133324492300,82.7304921875,0.2983512878417969,-0.015900611877441406,0.2614269256591797
1789130133340500700,82.74650073242188,0.5657758712768555,0.2827056050300598,-0.16204190254211426
1789130133356503000,82.7625029296875,-0.10492706298828125,-0.0355285108089447,0.32732081413269043
1789130133372506400,82.77850634765625,0.167816162109375,0.05726955085992813,-0.01235342025756836
1789130133388505300,82.79450537109375,0.4928474426269531,0.22887611389160156,-0.1732269525527954
1789130133404508200,82.81050805664063,-0.3406982421875,0.048697613179683685,0.28728699684143066
1789130133420512800,82.8265126953125,0.14674663543701172,-0.05642792582511902,-0.034380435943603516
1789130133436511500,82.84251147460938,0.16003799438476562,0.06977583467960358,-0.11150836944580078
1789130133452510700,82.8585107421875,-0.4010286331176758,0.40473437309265137,0.07355451583862305
1789130133468514600,82.8745146484375,-0.14342880249023438,0.04012604057788849,0.029774188995361328
1789130133484520400,82.8905205078125,-0.36455535888671875,0.08872486650943756,-0.14851295948028564
1789130133500533200,82.906533203125,0.1857442855834961,0.4309891164302826,0.26937365531921387
1789130133516537000,82.922537109375,0.18573379516601562,0.10559900104999542,0.06788945198059082
1789130133532537300,82.93853735351563,0.5111103057861328,0.050694338977336884,-0.012681007385253906
1789130133548539600,82.95453955078125,-0.039913177490234375,0.2633727192878723,0.07019472122192383
1789130133564538600,82.97053857421875,0.19945907592773438,0.34301382303237915,-0.030304670333862305
1789130133580545500,82.98654565429688,0.19948196411132812,0.3270692229270935,0.041394948959350586
1789130133596552700,83.002552734375,0.3286323547363281,0.16816987097263336,0.03264021873474121
1789130133612562200,83.01856225585938,0.17037487030029297,0.3703295588493347,0.3981325626373291
1789130133628567800,83.03456787109376,0.6484251022338867,0.04732611030340195,-0.023656845092773438
1789130133644574200,83.05057421875,0.4136390686035156,-0.2801922559738159,0.17882966995239258
1789130133660582000,83.06658178710937,0.25115013122558594,-0.05068264901638031,0.20197415351867676
1789130133676586000,83.0825859375,-0.05031871795654297,0.022818125784397125,0.14425015449523926
1789130133692586000,83.0985859375,-0.2707386016845703,0.16046199202537537,-0.03154706954956055
1789130133708587800,83.114587890625,-0.2614774703979492,0.27097243070602417,0.27699923515319824
1789130133724590800,83.1305908203125,0.4280128479003906,0.11592510342597961,-0.023689746856689453
1789130133740590800,83.1465908203125,0.36037349700927734,0.04469743371009827,-0.029735803604125977
1789130133756594200,83.16259423828124,-0.21962833404541016,0.21869271993637085,-0.007074117660522461
1789130133772599000,83.17859912109375,-0.09118843078613281,0.2065625786781311,-0.16044986248016357
1789130133788599000,83.19459912109374,0.08032703399658203,0.03165756165981293,-0.10256814956665039
1789130133804596200,83.21059619140625,0.05089759826660156,0.31947219371795654,-0.04044795036315918
1789130133820594700,83.2265947265625,-0.0691518783569336,0.22520320117473602,0.030043363571166992
1789130133836590600,83.24259057617188,-0.06462764739990234,0.06605631113052368,-0.0669553279876709
1789130133852586800,83.25858666992187,-0.23239707946777344,-0.013949036598205566,-0.30335891246795654
1789130133868588300,83.27458837890624,-0.5673666000366211,0.07808378338813782,0.15221989154815674
1789130133884589000,83.29058911132813,-0.05020713806152344,0.0063207149505615234,-0.19609534740447998
1789130133900596700,83.3065966796875,0.23241043090820312,0.1749509871006012,-0.2282109260559082
1789130133916605400,83.32260546875,-0.1691417694091797,0.3003728687763214,0.19265985488891602
1789130133932609300,83.338609375,-0.09658241271972656,-0.0346275269985199,0.07644414901733398
1789130133948625400,83.35462548828124,-0.04360198974609375,-0.09088680148124695,-0.2827979326248169
1789130133964636700,83.37063671875,-0.26332759857177734,-0.21458280086517334,-0.09798872470855713
1789130133980648400,83.3866484375,-0.36812305450439453,-0.021641641855239868,-0.09049034118652344
1789130133996656600,83.40265673828125,-0.09460163116455078,0.07853308320045471,-0.044519782066345215
1789130134020666400,83.42666625976562,-0.32332611083984375,0.10723567008972168,0.014027118682861328
1789130134036674000,83.44267407226563,-0.15547752380371094,0.2707473933696747,-0.15405666828155518
1789130134052676600,83.45867651367188,-0.37999820709228516,0.2996305525302887,0.11714649200439453
1789130134068682000,83.47468188476563,-0.12999534606933594,-0.05868104100227356,0.05080866813659668
1789130134084690000,83.49068994140625,0.23924636840820312,-0.21786388754844666,0.11550784111022949
1789130134100696000,83.50669604492188,0.0965423583984375,-0.1946573406457901,0.2547745704650879
1789130134116706800,83.52270678710937,0.18335628509521484,-0.02310168743133545,0.16098499298095703
1789130134132716500,83.53871655273437,-0.05548286437988281,0.1867106854915619,0.0051572322845458984
1789130134148726500,83.5547265625,-0.1798381805419922,-0.052586376667022705,-0.04821896553039551
1789130134164737300,83.5707373046875,0.05004119873046875,-0.07005450129508972,0.21945548057556152
1789130134180747500,83.58674755859376,0.34209537506103516,0.038297295570373535,0.3052828311920166
1789130134196756500,83.60275659179688,0.4088420867919922,-0.17339512705802917,0.018682003021240234
1789130134212765700,83.618765625,0.5329246520996094,-0.08752059936523438,-0.20040428638458252
1789130134228778000,83.63477807617187,-0.08509254455566406,-0.17420914769172668,-0.08474326133728027
1789130134244796400,83.65079638671875,-0.04716968536376953,-0.2207615077495575,0.15065956115722656
1789130134260815600,83.66681567382813,-0.10025405883789062,0.07045555114746094,0.19424200057983398
1789130134276823600,83.68282348632812,0.07194900512695312,0.03562653064727783,0.4858253002166748
1789130134292831000,83.6988310546875,0.3924083709716797,-0.41501814126968384,-0.3710235357284546
1789130134308843000,83.71484301757812,-0.3301849365234375,-0.1851164698600769,-0.021070003509521484
1789130134324855600,83.73085546875,-0.33043575286865234,-0.20057809352874756,-0.3187217712402344
1789130134340868600,83.74686865234375,-0.057951927185058594,0.07001259922981262,0.03675436973571777
1789130134356884200,83.76288427734374,0.8178424835205078,-0.16522644460201263,0.15272879600524902
1789130134372902400,83.77890234375,0.4345264434814453,-0.11648708581924438,0.14291119575500488
1789130134388920800,83.7949208984375,-0.2312612533569336,-0.02989448606967926,-0.09683847427368164
1789130134404936000,83.81093603515625,0.0028133392333984375,-0.23123612999916077,-0.1007227897644043
1789130134420948700,83.82694873046874,-0.2462787628173828,-0.10257738828659058,0.03221702575683594
1789130134436957200,83.84295727539063,-0.3084583282470703,0.42274266481399536,-0.14619147777557373
1789130134452966100,83.85896606445313,-0.10748577117919922,0.13260820508003235,0.030932188034057617
1789130134468976600,83.8749765625,0.24681377410888672,-0.4120752215385437,0.16937637329101562
1789130134484986000,83.89098608398437,-0.10727787017822266,-0.04077814519405365,-0.20125138759613037
1789130134501001200,83.90700122070312,-0.10641098022460938,-0.3142082095146179,0.05669665336608887
1789130134517017600,83.923017578125,0.01805400848388672,-0.28233101963996887,0.13714194297790527
1789130134533035500,83.93903540039062,0.118988037109375,0.1358749121427536,-0.2490025758743286
1789130134549052700,83.955052734375,0.08139896392822266,-0.32535555958747864,0.2542436122894287
1789130134565068800,83.97106884765626,0.7949142456054688,-0.1027195006608963,0.052437782287597656
1789130134581085700,83.98708569335938,-0.009099006652832031,0.12528780102729797,0.09775853157043457
1789130134597102000,84.00310205078125,0.282562255859375,-0.15971732139587402,-0.053880929946899414
1789130134621130800,84.027130859375,0.5262460708618164,-0.5036964416503906,0.23913335800170898
1789130134637149200,84.04314916992188,-0.024126052856445312,-0.043912939727306366,-0.2563878297805786
1789130134653169000,84.0591689453125,-0.3795347213745117,-0.4617289900779724,0.33696961402893066
1789130134669188900,84.07518896484375,0.3714122772216797,-0.45214027166366577,-0.45904219150543213
1789130134685205200,84.09120532226562,-0.845921516418457,-0.01227028388530016,-0.425270676612854
1789130134701224700,84.107224609375,-1.0473365783691406,-0.08484189212322235,0.27521371841430664
1789130134717240800,84.12324072265625,0.5998191833496094,-0.39920908212661743,-0.2513155937194824
1789130134733261600,84.13926147460937,0.6046247482299805,0.15593327581882477,0.15558624267578125
1789130134749279000,84.15527905273437,0.12125873565673828,0.15085531771183014,0.45601892471313477
1789130134765298400,84.17129833984374,0.6789102554321289,0.6730235815048218,0.694732666015625
1789130134781316400,84.18731640625,1.024688720703125,0.6594361066818237,0.19681596755981445
1789130134797338400,84.20333837890625,0.5948028564453125,-0.45807716250419617,0.957902193069458
1789130134813360000,84.21936010742188,1.6581640243530273,-0.049336571246385574,0.7121062278747559
1789130134829377300,84.23537719726562,1.158909797668457,0.03612542524933815,-0.024178504943847656
1789130134845394200,84.25139428710938,-1.374725341796875,0.19569054245948792,-0.03584408760070801
1789130134861411800,84.26741186523438,-0.5180740356445312,-0.09088051319122314,0.042989492416381836
1789130134877427700,84.283427734375,0.06528568267822266,-0.8853864073753357,-0.3027338981628418
1789130134893444000,84.29944409179687,-0.03621482849121094,-0.33461475372314453,0.7503032684326172
1789130134909461000,84.3154609375,0.39771461486816406,0.4482666850090027,-0.4621182680130005
1789130134925478000,84.33147778320313,-0.7621192932128906,-0.44051849842071533,0.27561140060424805
1789130134941488600,84.34748852539063,-0.6663799285888672,-0.6299903392791748,0.3720557689666748
1789130134957498000,84.363498046875,0.32921695709228516,-0.24227578938007355,-0.7695305347442627
1789130134973512400,84.37951245117188,-0.48688507080078125,0.25707098841667175,-0.3619292974472046
1789130134989531100,84.39553125,-1.0149831771850586,0.7887735962867737,0.2769660949707031
1789130135005545700,84.41154565429687,1.1433286666870117,0.34042245149612427,-0.43491947650909424
1789130135021563400,84.4275634765625,0.4793968200683594,-0.2049984335899353,-0.7115787267684937
1789130135037578000,84.44357788085938,-1.1777534484863281,0.20505258440971375,0.8801078796386719
1789130135053591300,84.45959130859374,1.2204513549804688,0.17073413729667664,-1.2993550300598145
1789130135069606700,84.47560668945313,0.35529041290283203,-0.2860872149467468,-0.014352679252624512
1789130135085625300,84.49162524414062,-2.1858572959899902,-0.1646149903535843,0.749065637588501
1789130135101643500,84.5076435546875,0.03643226623535156,0.06249057501554489,-1.015244722366333
1789130135117663500,84.52366357421874,-1.3627796173095703,-0.46693116426467896,-0.20578598976135254
1789130135133681000,84.53968090820312,-1.5476455688476562,0.2688441574573517,-0.11453545093536377
1789130135149697500,84.55569750976562,0.38310909271240234,-0.5016807913780212,0.1917264461517334
1789130135173719000,84.57971899414062,-0.2184152603149414,0.24649062752723694,-0.013053297996520996
1789130135189737500,84.59573754882813,-0.3319387435913086,-0.36346352100372314,-0.2015974521636963
1789130135205755000,84.6117548828125,-0.45476341247558594,0.03755487501621246,0.27418577671051025
1789130135221769200,84.62776928710937,-0.5391330718994141,0.1581648588180542,0.32327795028686523
1789130135237789000,84.64378881835937,-0.7236204147338867,-0.10724946856498718,0.465897798538208
1789130135253810000,84.65980981445313,-0.5925874710083008,0.15724807977676392,-0.1025700569152832
1789130135269824500,84.67582446289063,-1.4376935958862305,0.2550683617591858,0.7335703372955322
1789130135285841200,84.69184106445313,0.1309528350830078,-0.056045010685920715,0.4572124481201172
1789130135301859300,84.707859375,0.4614086151123047,-0.2974972724914551,0.5261702537536621
1789130135317881600,84.72388159179687,-0.23088359832763672,-0.1880970150232315,0.7202067375183105
1789130135333899000,84.73989892578125,0.33151817321777344,-0.2579311728477478,0.21044397354125977
1789130135349917700,84.75591772460938,-0.02111053466796875,-0.0028295516967773438,0.6416110992431641
1789130135365938000,84.77193798828125,0.12555408477783203,0.035880327224731445,0.6269063949584961
1789130135381960000,84.7879599609375,0.42342472076416016,0.14678411185741425,-0.06364989280700684
1789130135397987300,84.8039873046875,0.28777313232421875,-0.14469808340072632,0.25780558586120605
1789130135414007800,84.8200078125,0.02449321746826172,0.2654786705970764,0.3474581241607666
1789130135430026500,84.83602661132812,-0.037921905517578125,0.4345530867576599,0.4430058002471924
1789130135446046500,84.85204638671875,0.5904741287231445,0.2517632246017456,-0.14673423767089844
1789130135462059800,84.86805981445312,-0.26068592071533203,0.33558499813079834,0.6424946784973145
1789130135478071800,84.88407177734375,0.06100273132324219,0.23980142176151276,0.1597309112548828
1789130135494082600,84.90008251953125,0.2428455352783203,-0.2645357549190521,0.5521745681762695
1789130135510090500,84.91609057617187,0.46831512451171875,-0.12631377577781677,0.4635767936706543
1789130135526101000,84.93210107421875,0.21474075317382812,0.14640593528747559,0.2659263610839844
1789130135542112800,84.94811279296874,0.23232555389404297,0.028712809085845947,0.35841965675354004
1789130135558127900,84.9641279296875,0.4082527160644531,0.24735724925994873,0.22472453117370605
1789130135574138400,84.98013842773437,-0.06549072265625,-0.12552586197853088,0.3626828193664551
1789130135590152000,84.99615185546875,0.3404998779296875,0.0066225528717041016,0.27622008323669434
1789130135606167000,85.0121669921875,-0.015472412109375,-0.3410119116306305,0.3599855899810791
1789130135622183400,85.02818334960938,-0.2604665756225586,-0.720704972743988,-0.03308248519897461
1789130135638197000,85.04419702148438,-0.5982227325439453,0.04860766977071762,0.09923219680786133
1789130135654205700,85.06020581054688,-0.2035055160522461,0.3802810311317444,0.47174596786499023
1789130135670214700,85.07621459960937,0.09335994720458984,-0.04718245565891266,0.12423133850097656
1789130135686226700,85.09222680664062,-0.4820070266723633,-0.022774651646614075,0.009212732315063477
1789130135702239700,85.10823974609374,-0.12508296966552734,0.4925866723060608,0.033492088317871094
1789130135718252500,85.12425244140626,0.20331287384033203,0.1631450355052948,0.2819676399230957
1789130135734267000,85.14026684570312,-0.0032052993774414062,-0.10994039475917816,0.30512070655822754
1789130135750273300,85.15627319335937,-0.07674407958984375,-0.1739526242017746,0.2511405944824219
1789130135766281700,85.17228173828126,-0.08234786987304688,-0.05016337335109711,0.08873224258422852
1789130135782294300,85.18829418945313,-0.056896209716796875,-0.056306540966033936,-0.03133201599121094
1789130135798305800,85.20430590820312,-0.33173370361328125,0.07025544345378876,0.13089680671691895
1789130135814316000,85.22031591796875,-0.34801673889160156,0.14394012093544006,0.0011317729949951172
1789130135830323700,85.23632373046875,-0.13717174530029297,0.14358781278133392,0.4624760150909424
1789130135846334000,85.252333984375,0.1580371856689453,0.3334774076938629,0.40389060974121094
1789130135862346200,85.26834619140625,0.7254295349121094,-0.522314190864563,-0.188079833984375
1789130135878359000,85.28435913085937,-0.6888656616210938,-0.4663515090942383,0.2807002067565918
1789130135894374000,85.30037377929688,-0.5640983581542969,-0.18591588735580444,0.16927123069763184
1789130135910388500,85.31638842773438,0.05411338806152344,0.1262465864419937,0.3540043830871582
1789130135926404000,85.33240405273438,0.34377288818359375,-0.06576362252235413,0.13086509704589844
1789130135942412300,85.34841235351563,-0.3534879684448242,-0.3539195954799652,-0.13843059539794922
1789130135958420000,85.364419921875,-0.27001285552978516,-0.06796112656593323,0.2570686340332031
1789130135974428700,85.3804287109375,0.42165374755859375,0.07702641189098358,0.0536046028137207
1789130135990435600,85.396435546875,0.036296844482421875,0.04194857180118561,0.31789350509643555
1789130136006444800,85.41244482421875,0.1190481185913086,-0.0337044894695282,-0.21808648109436035
1789130136022453800,85.42845385742187,-0.9558124542236328,0.10968749225139618,0.09417247772216797
1789130136038464000,85.44446411132813,-0.25802135467529297,0.10331226885318756,0.26429295539855957
1789130136054478600,85.460478515625,-0.1921977996826172,-0.1603700816631317,0.036820411682128906
1789130136070488000,85.47648803710938,-0.33283138275146484,-0.0014939606189727783,-0.4184751510620117
1789130136086495500,85.49249560546875,-0.4749183654785156,0.24777063727378845,0.47656822204589844
1789130136102497000,85.5084970703125,0.5951118469238281,-0.3463594615459442,-0.3922557830810547
1789130136118505200,85.52450512695313,0.12708568572998047,-0.04386875033378601,0.16876554489135742
1789130136134511900,85.54051196289062,-0.3652067184448242,0.35821110010147095,0.14178800582885742
1789130136150519600,85.55651953125,0.03481292724609375,0.14260317385196686,0.27739524841308594
1789130136166527200,85.57252734375,0.7214899063110352,0.3495102524757385,0.16099834442138672
1789130136182535000,85.58853491210938,0.07382583618164062,0.16262474656105042,0.32171082496643066
1789130136198544400,85.60454443359374,0.11604118347167969,-0.2601308226585388,-0.15564894676208496
1789130136214553900,85.62055395507812,-0.5247764587402344,-0.0762791633605957,-0.2826497554779053
1789130136230557400,85.63655737304687,-0.5507211685180664,0.21967267990112305,0.75640869140625
1789130136246571300,85.6525712890625,0.8378715515136719,0.43373021483421326,-0.06395769119262695
1789130136262584600,85.66858447265625,0.8433399200439453,-0.4296810030937195,-0.03755521774291992
1789130136278592800,85.6845927734375,-0.1613616943359375,-0.028998494148254395,-0.11709141731262207
1789130136294602800,85.70060278320312,-0.5573606491088867,0.4082428216934204,0.3616147041320801
1789130136310614300,85.7166142578125,-0.14966773986816406,0.029888272285461426,0.14395380020141602
1789130136326625300,85.73262524414062,0.32625293731689453,0.3567627966403961,0.3966648578643799
1789130136342635800,85.7486357421875,0.5231103897094727,0.033296868205070496,-0.1367952823638916
1789130136358648000,85.76464794921876,0.09153938293457031,0.008371025323867798,-0.010419845581054688
1789130136374661400,85.78066137695312,-0.22431659698486328,0.13168467581272125,0.1325514316558838
1789130136390675700,85.79667578125,-0.4523916244506836,0.30307576060295105,0.12160229682922363
1789130136406690300,85.81269018554687,0.1182699203491211,0.03554616868495941,-0.15396380424499512
1789130136422702600,85.82870263671875,0.10428619384765625,0.24128662049770355,-0.05464005470275879
1789130136438710800,85.84471069335937,-0.43365478515625,0.5456263422966003,0.48500871658325195
1789130136454719200,85.86071923828125,-0.006417274475097656,0.06899410486221313,-0.06446981430053711
1789130136470726100,85.87672607421875,-0.6167526245117188,-0.2998737692832947,0.08058500289916992
1789130136486740700,85.89274072265626,-0.256256103515625,-0.28179633617401123,-0.14887356758117676
1789130136518766600,85.9247666015625,0.19866561889648438,0.14126038551330566,0.27188801765441895
1789130136534782500,85.94078247070313,0.8217735290527344,0.26493558287620544,0.006526947021484375
1789130136550798300,85.95679833984374,-0.4512777328491211,-0.2729949355125427,-0.024418354034423828
1789130136566812700,85.97281274414063,-0.33588600158691406,-0.1482018083333969,-0.08811140060424805
1789130136582823400,85.98882348632813,-0.3779468536376953,0.037785694003105164,0.03787660598754883
1789130136598830600,86.00483056640626,-0.6493129730224609,0.2616845369338989,0.018505573272705078
1789130136614847700,86.02084765625,-0.3651285171508789,0.4767356216907501,0.10425472259521484
1789130136630864000,86.03686376953125,0.04296302795410156,-0.07340206205844879,0.21108055114746094
1789130136646878500,86.05287841796876,-0.2271585464477539,0.2100459635257721,0.11583065986633301
1789130136662895400,86.06889526367188,-0.2394733428955078,0.21252427995204926,0.013164043426513672
1789130136678907600,86.08490771484375,-0.49524688720703125,0.20377910137176514,0.17182111740112305
1789130136694922200,86.10092211914062,0.27489280700683594,0.26638656854629517,0.2358264923095703
1789130136710934500,86.1169345703125,0.4800682067871094,-0.07975240051746368,0.24689006805419922
1789130136726943700,86.13294384765625,0.1803426742553711,-0.020335957407951355,0.12584805488586426
1789130136742946000,86.14894604492187,-0.42142486572265625,-0.014124542474746704,0.09209728240966797
1789130136758948400,86.1649482421875,0.2641010284423828,0.1383858621120453,0.20458722114562988
1789130136774954500,86.18095458984375,0.32242298126220703,0.008956268429756165,0.12056183815002441
1789130136790963000,86.196962890625,0.00399017333984375,0.089198037981987,0.3478662967681885
1789130136806964700,86.21296484375,-0.30093955993652344,0.05898432433605194,0.1994922161102295
1789130136822968000,86.22896801757813,-0.006687164306640625,-0.1761285662651062,0.15463805198669434
1789130136838973400,86.24497338867188,-0.14832019805908203,-0.23815220594406128,-0.047753095626831055
1789130136854978000,86.26097802734375,-0.20369338989257812,-0.2777051329612732,0.18563556671142578
1789130136870981600,86.27698168945312,-0.4782876968383789,-0.17262591421604156,0.09515690803527832
1789130136886986800,86.29298681640626,0.5631933212280273,-0.06435278058052063,0.3467681407928467
1789130136902984700,86.30898461914063,0.6743326187133789,0.02983495593070984,0.3197150230407715
1789130136918978800,86.32497875976563,0.05690956115722656,-0.19635258615016937,0.021921873092651367
1789130136934972400,86.34097241210938,0.2336711883544922,0.16446846723556519,0.05644631385803223
1789130136950967000,86.35696704101562,0.039028167724609375,0.17029300332069397,0.33370256423950195
1789130136966962400,86.37296240234375,0.6335048675537109,-0.2259100377559662,0.06319189071655273
1789130136982959000,86.388958984375,0.28420543670654297,0.009798720479011536,0.1148674488067627
1789130136998953500,86.40495336914063,-0.18945693969726562,0.21055194735527039,-0.0733647346496582
1789130137014944800,86.42094482421875,-0.07863712310791016,0.13179433345794678,0.4221622943878174
1789130137030939100,86.43693920898437,0.2717094421386719,0.049896031618118286,-0.13595962524414062
1789130137046931700,86.452931640625,-0.09547901153564453,-0.11962388455867767,0.3379964828491211
1789130137062923300,86.46892333984376,0.39813899993896484,0.07169877737760544,-0.05136394500732422
1789130137078920200,86.48492016601563,-0.2848958969116211,-0.14932772517204285,-0.023193359375
1789130137094921500,86.50092138671874,-0.5714797973632812,0.34396249055862427,0.18488645553588867
1789130137110919000,86.5169189453125,-0.07558059692382812,-0.13114647567272186,0.07610845565795898
1789130137126913500,86.53291357421875,0.3961296081542969,-0.06114514172077179,-0.08940887451171875
1789130137142904000,86.54890405273437,-0.06226634979248047,0.06435476243495941,-0.09815096855163574
1789130137158902300,86.56490234375,-0.34406566619873047,-0.06389576196670532,-0.15308451652526855
1789130137174901000,86.58090087890625,-0.05061626434326172,0.16603191196918488,-0.004025936126708984
1789130137190895000,86.59689501953125,-0.1443634033203125,0.09884323179721832,0.1191551685333252
1789130137206889500,86.61288940429688,0.20648574829101562,0.09496741741895676,-0.09546303749084473
1789130137222891000,86.62889111328126,-0.5675849914550781,0.2886941134929657,0.0048024654388427734
1789130137238887200,86.64488720703125,-0.20052337646484375,0.3021424412727356,0.37838244438171387
1789130137254884400,86.66088427734375,0.2518777847290039,0.06902779638767242,-0.22705340385437012
1789130137270888000,86.67688793945312,-0.4256410598754883,-0.09361710399389267,-0.11943411827087402
1789130137286888400,86.69288842773437,-0.36203479766845703,0.30489107966423035,0.14470410346984863
1789130137302890200,86.70889013671875,-0.2927827835083008,0.12948036193847656,0.3345828056335449
1789130137318889700,86.7248896484375,-0.09339427947998047,0.19541451334953308,-0.0957326889038086
1789130137334895400,86.74089526367187,-0.29336071014404297,0.08320099115371704,-0.29059648513793945
1789130137350903600,86.75690356445313,-0.21092510223388672,0.07854944467544556,-0.07328295707702637
1789130137366903800,86.77290380859375,-0.2137889862060547,0.07714658975601196,0.08399629592895508
1789130137382908000,86.78890795898438,0.2231130599975586,0.29666852951049805,-0.06307220458984375
1789130137398912300,86.80491235351562,-0.1833486557006836,-0.003384530544281006,-0.13174700736999512
1789130137414917400,86.82091748046875,-0.6515369415283203,-0.046929217875003815,-0.00553131103515625
1789130137430919200,86.83691918945313,-0.1961841583251953,0.11376658827066422,0.07941985130310059
1789130137446923500,86.85292358398438,-0.3963594436645508,0.15999892354011536,0.09597277641296387
1789130137462921500,86.86892138671875,0.059543609619140625,0.14661116898059845,0.12187004089355469
1789130137478924500,86.88492456054688,0.2563209533691406,-0.056908607482910156,-0.0038576126098632812
1789130137494930400,86.90093041992188,0.1607646942138672,-0.05405380576848984,-0.1576218605041504
1789130137510932700,86.9169326171875,-0.2067890167236328,0.08156360685825348,0.24136948585510254
1789130137526931700,86.932931640625,0.35373401641845703,0.06544285267591476,-0.23340249061584473
1789130137542928000,86.94892797851563,0.014357566833496094,-0.007034868001937866,0.07145953178405762
1789130137558926300,86.96492626953125,0.08801555633544922,-0.20831719040870667,0.27708983421325684
1789130137574923300,86.98092333984376,0.20374202728271484,-0.3731657862663269,-0.1033942699432373
1789130137590923800,86.996923828125,0.0027456283569335938,-0.22107478976249695,-0.11319494247436523
1789130137606922500,87.01292260742187,-0.6711225509643555,0.04050649330019951,-0.030571937561035156
1789130137622920200,87.02892016601562,-0.06296920776367188,0.04424742981791496,-0.43755197525024414
1789130137638916400,87.04491625976563,-0.45998191833496094,-0.032517172396183014,0.22698736190795898
1789130137654912800,87.06091284179688,-0.12861347198486328,0.10836553573608398,0.023375749588012695
1789130137670911500,87.07691137695312,-0.22383403778076172,0.15098032355308533,-0.12645816802978516
1789130137686912500,87.09291259765625,0.03496360778808594,-0.11150427162647247,0.21309471130371094
1789130137702913300,87.10891333007812,0.04504203796386719,-0.2716692090034485,-0.1567366123199463
1789130137718914800,87.12491479492188,-0.40439796447753906,-0.05440305173397064,0.10500907897949219
1789130137734916000,87.140916015625,0.29013633728027344,0.18955299258232117,-0.1300351619720459
1789130137750919000,87.1569189453125,0.04094409942626953,-0.11611375212669373,-0.1819136142730713
1789130137766921000,87.1729208984375,0.1802349090576172,-0.14087453484535217,0.10915637016296387
1789130137782920400,87.18892041015626,0.2844123840332031,0.4588358998298645,-0.18917250633239746
1789130137798919400,87.20491943359374,-0.07428455352783203,-0.030273109674453735,0.12104392051696777
1789130137814920000,87.220919921875,0.08910846710205078,-0.3433053493499756,0.0477142333984375
1789130137830920400,87.23692041015624,0.6095542907714844,-0.168086439371109,0.06162118911743164
1789130137846919700,87.25291967773437,-0.14187145233154297,0.07793767005205154,0.5012500286102295
1789130137862916000,87.268916015625,0.3132610321044922,-0.2432708442211151,0.10816454887390137
1789130137878918700,87.28491870117188,0.32730674743652344,-0.2446262240409851,-0.039197683334350586
1789130137894924800,87.3009248046875,-0.1421184539794922,-0.0402878075838089,0.18648290634155273
1789130137910931000,87.31693090820312,0.39453125,-0.08829577267169952,-0.03930020332336426
1789130137926937900,87.33293774414062,0.38434505462646484,0.06360584497451782,0.11583590507507324
1789130137942943700,87.34894384765624,0.3896312713623047,0.0715048536658287,0.3109314441680908
1789130137958951200,87.364951171875,0.6045894622802734,-0.09395530819892883,-0.08012795448303223
1789130137974956800,87.38095678710937,0.18620586395263672,-0.10981084406375885,-0.12276554107666016
1789130137990964000,87.3969638671875,-0.2690420150756836,-0.4836503863334656,0.3812689781188965
1789130138006971100,87.41297119140626,0.2942314147949219,-0.053154513239860535,0.03215670585632324
1789130138022978600,87.428978515625,0.05799293518066406,-0.04063288867473602,0.14223432540893555
1789130138038981600,87.44498168945313,0.2333383560180664,-0.21093635261058807,-0.12539458274841309
1789130138054984400,87.460984375,0.0014352798461914062,-0.2613595128059387,-0.167283296585083
1789130138070990000,87.47698999023437,0.056789398193359375,0.12099486589431763,-0.0460972785949707
1789130138095001600,87.50100170898438,-0.10809898376464844,0.1158314123749733,0.09900546073913574
1789130138111007500,87.51700756835938,0.39391136169433594,-0.3102746903896332,0.18294215202331543
1789130138127008500,87.53300854492187,0.6276798248291016,-0.07785488665103912,0.017996788024902344
1789130138143006000,87.549005859375,-0.37392711639404297,-0.24693666398525238,-0.2571237087249756
1789130138159011000,87.56501098632812,-0.0975809097290039,0.11132848262786865,0.010478019714355469
1789130138175007500,87.58100756835937,-0.34151172637939453,0.03563077747821808,0.08670949935913086
1789130138191000300,87.59700024414063,-0.08238792419433594,-0.20294813811779022,-0.11077737808227539
1789130138206993400,87.61299340820312,-0.25436973571777344,-0.08643676340579987,-0.0926523208618164
1789130138222999000,87.6289990234375,0.09546756744384766,0.07444901764392853,-0.0645139217376709
1789130138239005000,87.6450048828125,-0.09525394439697266,-0.03155159950256348,-0.24370288848876953
1789130138255004200,87.66100415039062,-0.19981002807617188,0.31136539578437805,0.1804342269897461
1789130138271001300,87.67700146484376,0.044872283935546875,0.06482991576194763,-0.06972193717956543
1789130138286999800,87.69299975585938,0.1462087631225586,-0.4206574559211731,0.038413047790527344
1789130138302995700,87.70899560546874,-0.46564674377441406,-0.13118141889572144,-0.026689767837524414
1789130138318989300,87.7249892578125,-0.029417037963867188,0.387540727853775,0.10133862495422363
1789130138334988800,87.74098876953126,-0.24869632720947266,0.09202297031879425,-0.40414881706237793
1789130138350987300,87.7569873046875,-0.5684347152709961,-0.08954352140426636,0.421184778213501
1789130138366985200,87.77298510742187,0.17393112182617188,0.5060286521911621,-0.244720458984375
1789130138382983200,87.78898315429687,-0.09806442260742188,0.25872042775154114,0.15495824813842773
1789130138398981000,87.80498120117187,0.15747737884521484,-0.026680588722229004,0.20279407501220703
1789130138414985700,87.82098583984374,0.40250205993652344,0.13279913365840912,0.004269838333129883
1789130138438984000,87.84498388671875,0.06371688842773438,-0.1993853747844696,0.11606574058532715
1789130138454983200,87.86098315429687,0.26086902618408203,0.0593949556350708,0.11893320083618164
1789130138470983700,87.87698364257812,-0.08361244201660156,0.28374630212783813,-0.15445828437805176
1789130138486987800,87.89298779296875,0.050498008728027344,-0.05215930938720703,0.09958267211914062
1789130138502985700,87.90898583984375,0.600860595703125,-0.09912988543510437,0.22066330909729004
1789130138518982100,87.92498217773438,-0.12139892578125,0.28052565455436707,0.24727916717529297
1789130138534977300,87.94097729492188,0.4054584503173828,-0.30531853437423706,-0.3417844772338867
1789130138550977500,87.9569775390625,-0.2980327606201172,-0.33261755108833313,-0.02197575569152832
1789130138566974500,87.97297436523438,-0.3794078826904297,0.15527604520320892,0.04014992713928223
1789130138582976500,87.9889765625,0.046692848205566406,0.1604669839143753,-0.11285614967346191
1789130138598977300,88.00497729492187,0.008410453796386719,-0.15002325177192688,-0.18947291374206543
1789130138614975700,88.02097583007813,-0.34142589569091797,0.08474251627922058,0.2758166790008545
1789130138630976000,88.03697607421876,0.41931819915771484,-0.06174933910369873,-0.22504901885986328
1789130138646980600,88.05298071289063,-0.3135690689086914,-0.021484404802322388,-0.09005022048950195
1789130138662975700,88.06897583007813,-0.2707843780517578,-0.042066335678100586,0.19366240501403809
1789130138678973000,88.08497290039062,-0.208160400390625,0.08495067059993744,0.17368316650390625
1789130138694980400,88.10098046875,0.046082496643066406,0.04379966855049133,0.09595799446105957
1789130138710978600,88.116978515625,0.40050697326660156,-0.11451712250709534,0.10048699378967285
1789130138726975000,88.13297509765626,0.14696979522705078,-0.16207528114318848,-0.12524008750915527
1789130138742971000,88.14897094726562,-0.13518714904785156,-0.14998409152030945,-0.18826770782470703
1789130138758970600,88.164970703125,-0.4652376174926758,0.32016733288764954,0.007153511047363281
1789130138774972700,88.18097265625,0.30594825744628906,-0.0034877657890319824,0.025779008865356445
1789130138790980000,88.19697998046875,0.36411094665527344,-0.22461247444152832,0.09074759483337402
1789130138806989000,88.21298901367187,0.36431407928466797,-0.1193135678768158,-0.17319226264953613
1789130138822999800,88.22899975585938,-0.5402317047119141,-0.17960479855537415,-0.049813032150268555
1789130138839008300,88.24500830078125,-0.5345783233642578,-0.17784342169761658,0.3118302822113037
1789130138855015700,88.261015625,0.022466659545898438,-0.3435201644897461,-0.4729800224304199
1789130138871020000,88.27702001953125,0.4459409713745117,0.33886128664016724,-0.19612693786621094
1789130138887023000,88.29302319335937,-0.5007286071777344,0.255666583776474,0.1923084259033203
1789130138903030500,88.30903051757812,-0.3887042999267578,0.23288008570671082,0.10045170783996582
1789130138919032800,88.32503271484374,0.5840520858764648,0.2806766927242279,-0.0356292724609375
1789130138935039700,88.34103979492187,0.25876426696777344,-0.07378122210502625,0.07837557792663574
1789130138951046000,88.3570458984375,-0.21483325958251953,-0.2616378962993622,-0.05229377746582031
1789130138967048200,88.37304809570313,-0.1003875732421875,-0.17281785607337952,-0.2379140853881836
1789130138983053000,88.38905297851562,-0.1439990997314453,0.06805333495140076,-0.27509117126464844
1789130138999061200,88.40506127929687,-0.10260581970214844,0.04006683826446533,-0.2802724838256836
1789130139015067600,88.42106762695313,0.4473905563354492,0.0002741217613220215,-0.385195255279541
1789130139031069400,88.4370693359375,0.08934783935546875,0.07466888427734375,-0.7892818450927734
1789130139047076400,88.45307641601562,-0.24879169464111328,0.11240267753601074,-0.43268275260925293
1789130139063078400,88.46907836914062,-0.017763137817382812,0.05842895805835724,-0.25992298126220703
1789130139079083500,88.48508349609375,0.4312868118286133,0.4345046579837799,-0.4538919925689697
1789130139095091000,88.50109106445312,-0.11577224731445312,0.24664002656936646,-0.2252345085144043
1789130139111090400,88.51709033203124,-0.17541980743408203,0.11679893732070923,-0.30914950370788574
1789130139127099000,88.53309887695312,0.15616607666015625,0.20233964920043945,-0.5557160377502441
1789130139143107000,88.54910717773437,-0.043636322021484375,0.27838045358657837,-0.1608269214630127
1789130139159116500,88.56511645507813,-0.4721498489379883,0.11598362028598785,-0.4164273738861084
1789130139175124700,88.58112475585938,0.41631126403808594,0.11808489263057709,-0.8567304611206055
1789130139191130400,88.59713037109375,0.15446853637695312,0.15829803049564362,-0.5390362739562988
1789130139207133000,88.6131328125,-0.06574821472167969,0.16251111030578613,-0.5452823638916016
1789130139223133200,88.62913330078125,0.06876659393310547,-0.4601677656173706,-0.6095359325408936
1789130139239135000,88.64513500976562,0.37968921661376953,0.0394524484872818,-0.05141854286193848
1789130139255133000,88.6611328125,0.06619453430175781,0.009701088070869446,-0.2630741596221924
1789130139271137000,88.67713696289063,-0.09181594848632812,-0.5914334654808044,-0.749110221862793
1789130139287137800,88.6931376953125,-0.22406768798828125,-0.3668285608291626,-0.7239573001861572
1789130139303139000,88.70913916015625,0.20414447784423828,-0.2917359173297882,-0.2049696445465088
1789130139319140400,88.72514038085937,0.26718902587890625,-0.03514730930328369,-0.618290901184082
1789130139335144400,88.74114453125,-0.035851478576660156,-0.15403315424919128,-0.3706095218658447
1789130139351152400,88.75715234375,0.2450733184814453,-0.3314690589904785,-0.8999298810958862
1789130139367159300,88.7731591796875,0.03712749481201172,-0.0976315438747406,-0.5527302026748657
1789130139383169800,88.78916967773438,-0.0028839111328125,-0.07917788624763489,-0.6638869047164917
1789130139399178800,88.8051787109375,0.22245121002197266,-0.13646534085273743,-1.228912115097046
1789130139415188200,88.82118823242187,-0.2264547348022461,-0.03643032908439636,-0.5212643146514893
1789130139431197200,88.837197265625,-0.090179443359375,-0.04314756393432617,0.07440447807312012
1789130139447206400,88.85320629882813,-0.041611671447753906,0.10576152801513672,-0.9762797355651855
1789130139463212500,88.86921264648437,-0.23938846588134766,-0.0677807629108429,-0.956901490688324
1789130139479214000,88.88521411132812,-0.2422027587890625,-0.19856685400009155,-0.9016854166984558
1789130139495219000,88.90121899414062,0.5199174880981445,0.8287324905395508,-0.3762357234954834
1789130139511229000,88.91722900390624,0.11290264129638672,0.5197817087173462,0.019922494888305664
1789130139527227000,88.93322680664062,0.17280006408691406,-0.42682042717933655,-0.7618266940116882
1789130139543230200,88.94923022460938,0.47665882110595703,-0.1551486998796463,-1.3197658061981201
1789130139559236000,88.96523608398438,-0.2621116638183594,-0.09331800043582916,-0.4785309433937073
1789130139575245800,88.98124584960938,0.043715476989746094,0.7452204823493958,-0.5036728978157043
1789130139591256000,88.99725610351562,0.32579898834228516,0.941642165184021,-0.5891873836517334
1789130139607265300,89.01326538085938,0.3598966598510742,0.7684851884841919,-0.6673555970191956
1789130139623276000,89.02927612304687,0.2853384017944336,0.6548349261283875,-0.5066338777542114
1789130139639276500,89.04527661132812,0.20311832427978516,-0.09824636578559875,-0.8038491010665894
1789130139655283000,89.06128295898438,0.6303806304931641,0.4340459108352661,-0.8547306060791016
1789130139671285000,89.07728491210938,-0.02787494659423828,0.9870491623878479,-0.5209522247314453
1789130139687289000,89.0932890625,-0.1450052261352539,0.6988356113433838,-0.4517766237258911
1789130139703298300,89.10929833984375,0.5901937484741211,0.5349928736686707,-0.8470712304115295
1789130139719303200,89.12530322265626,0.6122264862060547,0.04306648671627045,-1.1075412034988403
1789130139735306500,89.14130639648438,0.1989765167236328,0.19481422007083893,-0.5340307950973511
1789130139751308800,89.15730883789062,0.20737075805664062,1.2309434413909912,-0.7830893993377686
1789130139767308500,89.17330859375,0.4410285949707031,1.2350751161575317,-1.158524751663208
1789130139783312400,89.1893125,0.10503196716308594,0.5494863390922546,-0.8886712789535522
1789130139799319300,89.2053193359375,0.4400005340576172,0.9026286602020264,-0.5304015278816223
1789130139815324700,89.22132470703124,0.8041067123413086,0.6361328363418579,-0.8155495524406433
1789130139831336400,89.23733642578125,0.1346273422241211,0.3830823302268982,-0.7382586002349854
1789130139847347000,89.25334692382812,-0.060357093811035156,1.356553316116333,-1.4753390550613403
1789130139863350800,89.26935083007812,0.2572803497314453,0.8590120077133179,-0.889308750629425
1789130139879362600,89.28536254882812,0.5701456069946289,1.3791824579238892,-1.0807335376739502
1789130139895374300,89.30137426757813,1.2753124237060547,0.9803451895713806,-0.6169007420539856
1789130139911381500,89.31738159179687,1.2472448348999023,0.19076216220855713,-1.0069493055343628
1789130139927396400,89.33339624023438,-0.17855262756347656,0.7829934358596802,-0.10654434561729431
1789130139943408000,89.349408203125,0.6700201034545898,0.1430242657661438,-0.5431069731712341
1789130139959410700,89.36541064453125,0.21621990203857422,0.1689794659614563,-0.8822659850120544
1789130139975420000,89.381419921875,0.16484451293945312,0.06499910354614258,-0.9536195397377014
1789130139991427000,89.39742700195312,0.510869026184082,-0.3625848591327667,-0.4462182819843292
1789130140007436500,89.4134365234375,0.025742530822753906,0.795384407043457,-0.26066598296165466
1789130140023443000,89.42944287109376,0.7133617401123047,-0.1313244104385376,-1.1899094581604004
1789130140039453700,89.44545361328124,-0.1565389633178711,0.0360528826713562,-0.03731998801231384
1789130140055460000,89.46146020507813,0.2516927719116211,0.9017878174781799,-0.8477329015731812
1789130140071471000,89.47747119140625,-0.04895591735839844,0.31406623125076294,-0.26239773631095886
1789130140087479800,89.49347973632813,-0.0715789794921875,0.5143636465072632,-0.1916179060935974
1789130140103484700,89.50948461914062,0.3125467300415039,0.6550492644309998,-0.061589986085891724
1789130140119488300,89.52548828125,0.09771251678466797,0.20832723379135132,-0.2503443658351898
1789130140135494400,89.54149438476563,0.2416982650756836,0.20388633012771606,-0.20401573181152344
1789130140151494400,89.55749438476562,0.5529766082763672,0.1739596128463745,-0.6477211713790894
1789130140167497000,89.5734970703125,0.5672979354858398,0.20707917213439941,0.009379327297210693
1789130140183497700,89.58949780273437,1.2419986724853516,-0.10607856512069702,-0.180339515209198
1789130140199506700,89.60550659179688,0.8299360275268555,-0.12403619289398193,-0.004463016986846924
1789130140215511000,89.62151098632812,0.4512004852294922,-0.029697835445404053,0.2997369170188904
1789130140231512300,89.63751220703125,1.097029685974121,0.10603976249694824,-0.19464173913002014
1789130140247516000,89.65351586914062,0.4165678024291992,-0.3819529712200165,0.1824376881122589
1789130140263517000,89.66951684570313,1.9435644149780273,-0.733805239200592,-0.6253384351730347
1789130140279519000,89.68551904296875,1.6319618225097656,-0.23678907752037048,0.7771692276000977
1789130140295516700,89.7015166015625,1.6748456954956055,-0.028107106685638428,0.122039794921875
1789130140311517000,89.71751684570313,1.1281938552856445,-0.517799437046051,-0.09697017073631287
1789130140327518700,89.73351879882813,1.2907867431640625,-0.6103325486183167,0.27756640315055847
1789130140343523800,89.74952392578125,1.5394630432128906,-0.3193555772304535,0.47789835929870605
1789130140359527000,89.76552685546875,1.9797334671020508,-0.344862163066864,-0.13535642623901367
1789130140375524900,89.78152490234375,1.4337501525878906,-1.1945971250534058,0.1729392111301422
1789130140391527700,89.79752758789063,0.5142984390258789,-0.5795554518699646,0.16017574071884155
1789130140407532800,89.81353271484375,1.7924795150756836,-0.12827765941619873,0.2761155962944031
1789130140423533800,89.82953393554688,0.9495973587036133,-0.7034367322921753,-0.06122767925262451
1789130140439529000,89.84552905273438,0.5806694030761719,-0.22231963276863098,0.03803497552871704
1789130140455533800,89.86153393554687,0.7234973907470703,-0.6724602580070496,0.3007683753967285
1789130140471532000,89.87753198242187,1.1058168411254883,-0.8892625570297241,-0.37564945220947266
1789130140487528000,89.89352783203125,1.0047454833984375,-0.8020896911621094,0.2230289876461029
1789130140503527000,89.90952685546876,1.1143627166748047,-0.69289231300354,0.34549540281295776
1789130140519527700,89.92552758789063,1.0322380065917969,-1.0116263628005981,0.4856858253479004
1789130140535525400,89.941525390625,1.3759517669677734,-1.0281472206115723,-0.3242044448852539
1789130140551527700,89.95752758789062,-0.44519805908203125,-0.7634667158126831,0.44245678186416626
1789130140567530800,89.97353076171875,1.147634506225586,-0.8586521148681641,-0.005308985710144043
1789130140583532300,89.9895322265625,1.0121793746948242,-1.613023042678833,0.10042440891265869
1789130140599530200,90.0055302734375,0.019346237182617188,-0.9784910678863525,0.03777855634689331
1789130140615521500,90.021521484375,0.2237396240234375,-0.36489182710647583,-0.0841781497001648
1789130140631522300,90.03752221679687,0.2894554138183594,-0.5416011810302734,-0.14500200748443604
1789130140647522800,90.05352270507812,0.08253192901611328,-0.1595957726240158,-0.20377016067504883
1789130140663526100,90.06952612304687,-0.3733701705932617,-0.5480178594589233,0.30444493889808655
1789130140679522300,90.08552221679687,-0.3163633346557617,-0.3822059631347656,0.12093833088874817
1789130140695520000,90.10152001953125,0.22435665130615234,-0.5163703560829163,0.1486300826072693
1789130140711523300,90.1175234375,0.20458984375,-0.7317467331886292,-0.4318588972091675
1789130140727520500,90.1335205078125,-0.5570030212402344,-0.15598911046981812,0.12088343501091003
1789130140743520000,90.14952001953125,-0.5382080078125,0.071302630007267,0.5749720335006714
1789130140759523600,90.16552368164062,-0.4001045227050781,-0.044453203678131104,0.7028403282165527
1789130140775533000,90.18153295898438,-0.13277435302734375,-0.20697417855262756,0.7967332601547241
1789130140791538200,90.1975380859375,0.07716560363769531,-0.09515349566936493,0.9827457666397095
1789130140807542800,90.21354272460937,0.0858449935913086,-0.6370582580566406,0.6826743483543396
1789130140823555600,90.2295556640625,-0.3362894058227539,-0.14779600501060486,0.973233163356781
1789130140839564000,90.24556396484375,-0.3607959747314453,-0.08707726001739502,0.8155651092529297
1789130140855572700,90.26157275390625,-0.9308767318725586,-0.1987937092781067,1.5266962051391602
1789130140871575000,90.27757495117187,-0.3130159378051758,-0.16412487626075745,1.2395354509353638
1789130140887572700,90.29357275390625,0.10484886169433594,-0.41178977489471436,1.5781464576721191
1789130140903566600,90.30956665039062,0.324493408203125,-0.3282723128795624,1.7506163120269775
1789130140919564500,90.325564453125,0.4099454879760742,-0.969106912612915,1.2350066900253296
1789130140935560400,90.341560546875,-0.5594873428344727,-0.9616252779960632,0.9448543787002563
1789130140951554800,90.35755493164062,-1.0798311233520508,-0.1051749587059021,0.9799761176109314
1789130140967550500,90.37355053710938,0.05880260467529297,-0.0925360918045044,0.8696861267089844
1789130140983548700,90.38954858398438,-0.012905120849609375,-0.16079896688461304,1.5616490840911865
1789130140999550000,90.40555004882812,0.4816904067993164,0.11593055725097656,1.3451929092407227
1789130141015546600,90.42154663085938,0.04213523864746094,-0.46502965688705444,0.9128285646438599
1789130141031546400,90.43754638671875,-0.3676738739013672,-0.8649806380271912,1.0750672817230225
1789130141047551200,90.45355126953125,-0.12923717498779297,-0.28006166219711304,0.48922693729400635
1789130141063556600,90.469556640625,-0.2546663284301758,-0.07118713855743408,1.0766857862472534
1789130141079561700,90.48556176757812,0.3533782958984375,-0.38198310136795044,1.1931090354919434
1789130141095559700,90.5015595703125,-0.06424140930175781,-0.3606930375099182,1.2477085590362549
1789130141111563800,90.51756372070312,-0.0069713592529296875,-0.42127180099487305,0.7263284921646118
1789130141127561700,90.53356176757812,-0.6900711059570312,-0.3521004915237427,1.3284099102020264
1789130141143561000,90.54956103515624,-0.009045600891113281,-0.2151886224746704,0.4754699468612671
1789130141159559700,90.5655595703125,-0.4789419174194336,0.24420422315597534,0.49098169803619385
1789130141175561700,90.58156176757812,-0.3810234069824219,-0.37026524543762207,0.41581642627716064
1789130141191568000,90.59756787109374,-0.27390384674072266,0.26214784383773804,0.4098548889160156
1789130141207567600,90.61356762695313,-0.15660476684570312,-0.04489874839782715,0.21525275707244873
1789130141223568400,90.629568359375,-0.440887451171875,0.07734966278076172,1.0456211566925049
1789130141239576800,90.64557690429687,-0.0981149673461914,0.1450534462928772,0.44600486755371094
1789130141255578600,90.66157861328125,-0.8333625793457031,0.07266271114349365,0.41997361183166504
1789130141271580400,90.67758032226563,-0.08408641815185547,-0.35832953453063965,0.5146749019622803
1789130141287579600,90.69357958984375,-0.5506362915039062,0.012204408645629883,0.674262523651123
1789130141303587800,90.709587890625,-1.186631202697754,0.6915327310562134,0.4347987174987793
1789130141319590000,90.72558984375,-0.6272106170654297,-0.4267970323562622,0.6978914737701416
1789130141335590000,90.74158984375,0.3104724884033203,-0.43880772590637207,-0.07500267028808594
1789130141351586300,90.75758642578126,-1.1875133514404297,0.16857421398162842,0.6407470703125
1789130141367579000,90.77357885742188,0.12489128112792969,0.46810072660446167,0.5345091819763184
1789130141383577000,90.7895771484375,0.08273983001708984,-0.32077908515930176,0.023600339889526367
1789130141399577600,90.80557763671875,-0.5313377380371094,-0.2533223628997803,0.39032769203186035
1789130141415578000,90.821578125,-0.13552093505859375,0.6026015281677246,0.5741252899169922
1789130141431580200,90.837580078125,0.2509441375732422,-0.34778809547424316,0.45520901679992676
1789130141455584300,90.86158422851562,-0.05198383331298828,-0.3122673034667969,0.4158058166503906
1789130141471582200,90.87758227539062,-0.49094390869140625,0.23720669746398926,0.26322388648986816
1789130141487588600,90.89358862304688,0.24061107635498047,0.09281039237976074,0.41568970680236816
1789130141503589000,90.90958911132813,-0.8058280944824219,-0.02685713768005371,0.26071667671203613
1789130141519591200,90.92559106445313,-1.0574588775634766,0.7109436392784119,0.2165055274963379
1789130141535597000,90.94159716796875,0.9108066558837891,0.1199268102645874,0.37209033966064453
1789130141551602000,90.95760180664062,1.070347785949707,-0.11367082595825195,-0.3324096202850342
1789130141567605000,90.97360498046875,-0.5547962188720703,-0.6099779605865479,0.8022167682647705
1789130141583602700,90.98960278320313,0.2182931900024414,0.18469774723052979,0.26776695251464844
1789130141599603200,91.00560327148438,-0.5224704742431641,-0.22018218040466309,0.39777708053588867
1789130141615599900,91.02159985351562,0.44260501861572266,-0.09656596183776855,-0.0976860523223877
1789130141631596300,91.03759619140625,0.5260381698608398,-0.340484619140625,0.3792886734008789
1789130141655601700,91.0616015625,0.21642208099365234,-0.05278611183166504,0.5039334297180176
1789130141671603500,91.077603515625,1.1745147705078125,-0.4663656949996948,-0.24477505683898926
1789130141687597600,91.09359765625,-0.9195747375488281,-0.6242616176605225,0.4435567855834961
1789130141703591400,91.10959130859375,-1.0294837951660156,-0.07987046241760254,0.5050568580627441
1789130141719587300,91.12558740234375,-0.3538198471069336,-0.36231529712677,0.11896085739135742
1789130141735585800,91.14158569335937,-0.4206514358520508,-0.26226961612701416,0.25084877014160156
1789130141751589000,91.15758911132812,-0.17086219787597656,-0.20814859867095947,0.0994577407836914
1789130141767584500,91.17358447265624,-0.6916866302490234,-0.5422028303146362,-0.10345053672790527
1789130141783583200,91.18958325195312,-0.4231901168823242,-0.06555557250976562,0.3888380527496338
1789130141799587300,91.20558740234375,0.40937042236328125,0.07948577404022217,0.5284156799316406
1789130141815593000,91.22159301757813,-0.2851419448852539,-0.4168894290924072,0.18818283081054688
1789130141831596800,91.2375966796875,-0.3097066879272461,-0.30483949184417725,0.0966796875
1789130141847597300,91.25359741210937,-0.7560710906982422,0.35285305976867676,0.025894880294799805
1789130141863592400,91.26959252929687,-0.6365623474121094,-0.3736231327056885,0.4813418388366699
1789130141879591000,91.2855908203125,-0.20722389221191406,0.028213024139404297,-0.0006475448608398438
1789130141895594000,91.30159399414063,-0.28652191162109375,-0.2785857915878296,0.012105703353881836
1789130141911594000,91.31759399414062,-1.0682153701782227,-0.38636553287506104,-0.39197397232055664
1789130141927594800,91.3335947265625,-1.5737791061401367,0.6642357110977173,0.11603236198425293
1789130141943595800,91.349595703125,0.12926483154296875,0.23495995998382568,0.3216218948364258
1789130141959599000,91.36559912109375,-0.38618946075439453,0.1591939926147461,-0.519951581954956
1789130141975596300,91.38159619140625,-0.9130973815917969,0.7711864709854126,-0.16426920890808105
1789130141991589600,91.39758959960938,-0.5636091232299805,0.18408095836639404,-0.09443211555480957
1789130142007589400,91.41358935546874,0.23612022399902344,-0.5383725166320801,0.09886765480041504
1789130142023592700,91.4295927734375,0.2817201614379883,-0.4837627410888672,0.3843269348144531
1789130142039597600,91.44559765625,0.050469398498535156,-0.7846850156784058,-0.10611224174499512
1789130142055598600,91.4615986328125,0.43896961212158203,-0.9864298105239868,-0.16154026985168457
1789130142071597600,91.47759765625,0.3044404983520508,-0.195817232131958,-0.0413818359375
1789130142087601700,91.4936015625,-0.5742940902709961,-0.21855628490447998,0.8184797763824463
1789130142103606300,91.50960620117188,-0.3334207534790039,-0.09207761287689209,-0.20018959045410156
1789130142119608000,91.52560815429688,-0.48555660247802734,-0.6595734357833862,0.534940242767334
1789130142135613700,91.54161376953125,0.5351657867431641,-0.2112255096435547,0.11304283142089844
1789130142151616800,91.55761669921876,0.6532869338989258,0.1522989273071289,0.6621201038360596
1789130142167616300,91.5736162109375,0.9254341125488281,-0.27547502517700195,0.8923244476318359
1789130142183620900,91.58962084960937,-0.06593990325927734,0.3461277484893799,0.2160193920135498
1789130142199626200,91.60562622070313,-0.9280624389648438,-1.5587308406829834,-0.06817936897277832
1789130142215627300,91.62162719726562,1.1919546127319336,-0.4952387809753418,1.0134785175323486
1789130142231632600,91.63763256835938,0.7630119323730469,0.7806198596954346,0.6564931869506836
1789130142247633200,91.65363305664063,0.786442756652832,-1.9923667907714844,1.0418052673339844
1789130142263638000,91.66963793945312,2.465353012084961,-0.4316244125366211,0.2316751480102539
1789130142279643400,91.68564331054688,0.8984270095825195,-0.9500105381011963,0.4208247661590576
1789130142295642000,91.70164208984374,0.2349414825439453,-0.8042490482330322,0.5225992202758789
1789130142311642000,91.71764208984375,0.5599861145019531,0.17604589462280273,-0.021393537521362305
1789130142327647700,91.73364770507813,0.604705810546875,-0.6248962879180908,-0.22835373878479004
1789130142343646500,91.749646484375,0.7775259017944336,-0.04225659370422363,0.43604016304016113
1789130142359645200,91.76564526367187,0.8787574768066406,0.4500617980957031,0.9949009418487549
1789130142375650800,91.78165087890625,0.7446603775024414,0.0051441192626953125,0.3370809555053711
1789130142391659500,91.79765942382812,0.5818805694580078,0.3360975980758667,1.6821098327636719
1789130142407665200,91.8136650390625,3.7938156127929688,0.16280555725097656,-1.3654905557632446
1789130142423671600,91.82967163085938,-0.8079776763916016,0.26819324493408203,0.950345516204834
1789130142439673300,91.84567333984376,0.048203468322753906,-0.40865111351013184,0.033830881118774414
1789130142455676000,91.86167602539062,2.2307815551757812,0.17968130111694336,-0.33597302436828613
1789130142471680000,91.87767993164063,0.2972259521484375,-0.48400306701660156,-0.062488555908203125
1789130142487682000,91.89368212890625,-0.0674285888671875,-0.07001519203186035,0.5550374984741211
1789130142503682800,91.90968286132812,-0.20203590393066406,0.23161137104034424,-1.094487190246582
1789130142519684000,91.92568408203125,-1.9095807075500488,1.3234236240386963,0.44125938415527344
1789130142535686400,91.94168627929687,0.10354042053222656,0.7900227308273315,0.21817779541015625
1789130142551688200,91.95768823242187,0.40490055084228516,0.3236050605773926,-0.7323040962219238
1789130142567694000,91.97369409179687,-0.5908660888671875,0.26842737197875977,-0.0037834644317626953
1789130142583696100,91.98969604492187,0.24508094787597656,-0.06882619857788086,0.29303979873657227
1789130142599694800,92.00569482421875,-0.10501670837402344,-0.13441264629364014,0.16193652153015137
1789130142615693300,92.021693359375,-0.02293872833251953,0.5900505781173706,0.16966581344604492
1789130142631688700,92.03768872070313,0.6417751312255859,-0.7799065113067627,-0.4416060447692871
1789130142647688700,92.05368872070312,-1.1455564498901367,0.6210066080093384,0.5133037567138672
1789130142663689500,92.069689453125,0.18006134033203125,0.011833667755126953,0.27825069427490234
1789130142679688700,92.08568872070313,-0.3144683837890625,0.14492404460906982,0.5038185119628906
1789130142695684600,92.1016845703125,-0.5105361938476562,0.06863725185394287,-0.2597372531890869
1789130142711687200,92.11768725585938,-1.4303083419799805,-0.07464885711669922,-0.48970675468444824
1789130142727691500,92.13369140625,-1.6220908164978027,0.7395496368408203,0.015256404876708984
1789130142743694600,92.14969458007812,-0.22872066497802734,0.34319162368774414,0.34519171714782715
1789130142759691800,92.16569189453125,0.6090431213378906,0.7886024713516235,0.08617043495178223
1789130142775693000,92.18169311523438,-0.11824703216552734,0.3420809507369995,0.8948719501495361
1789130142791693800,92.19769384765625,-0.23582935333251953,0.6920092105865479,0.18577837944030762
1789130142807692000,92.21369213867187,0.3713226318359375,-0.04335319995880127,-0.40477848052978516
1789130142823693800,92.22969384765625,0.1502981185913086,-0.052985310554504395,0.013645410537719727
1789130142839698700,92.24569873046875,-0.5542783737182617,0.6185252666473389,0.7266817092895508
1789130142855699500,92.26169946289062,0.9380779266357422,-0.03388512134552002,-0.591334342956543
1789130142871692500,92.27769262695313,-0.47844886779785156,0.30719196796417236,0.9741313457489014
1789130142887688200,92.29368823242187,-0.7364912033081055,1.7446820735931396,0.7771215438842773
1789130142903688000,92.30968798828125,1.7036523818969727,0.12892770767211914,0.535043478012085
1789130142919688000,92.32568798828125,0.4251670837402344,-0.6757416725158691,0.02023458480834961
1789130142935688700,92.34168872070312,-0.509913444519043,-0.6836904287338257,0.08723092079162598
1789130142951695600,92.35769555664062,0.4869976043701172,0.3302185535430908,-0.13089466094970703
1789130142967700500,92.37370043945313,0.8263273239135742,0.5519542694091797,0.23874378204345703
1789130142983703600,92.38970361328126,-0.3630084991455078,0.20555388927459717,0.09062433242797852
1789130142999708700,92.40570874023437,-0.4938526153564453,0.39326226711273193,-0.289381742477417
1789130143015712500,92.42171240234374,-0.3475980758666992,0.17655837535858154,0.4253273010253906
1789130143031712300,92.43771215820313,-0.3973255157470703,0.8727863430976868,-0.19757676124572754
1789130143047713800,92.4537138671875,-0.4294395446777344,-0.06444323062896729,-0.5472023487091064
1789130143063716900,92.469716796875,-0.7698688507080078,0.8964923620223999,0.35761380195617676
1789130143079716400,92.48571630859375,-0.2123117446899414,0.8515700697898865,-0.11198592185974121
1789130143095717000,92.50171704101562,0.5802469253540039,-0.3093603849411011,0.08306622505187988
1789130143111720700,92.517720703125,-0.4815855026245117,0.7044816613197327,0.09255266189575195
1789130143127714800,92.53371484375,-1.386587142944336,0.16387808322906494,-0.4049232006072998
1789130143143709200,92.54970922851562,-0.9164562225341797,0.5202557444572449,0.38037919998168945
1789130143159707000,92.56570678710938,-0.08027458190917969,1.3260972499847412,0.011111259460449219
1789130143175706600,92.58170654296875,-0.9422216415405273,0.1297527551651001,0.44632959365844727
1789130143191708000,92.5977080078125,-0.6033716201782227,0.8692129850387573,-0.46164464950561523
1789130143207702800,92.61370288085938,-1.287510871887207,-0.15497779846191406,-0.027371883392333984
1789130143223707000,92.62970678710937,-0.7272129058837891,1.041016697883606,0.22586607933044434
1789130143239706400,92.64570629882813,-0.6121702194213867,0.8313466906547546,0.17332100868225098
1789130143255706400,92.66170629882812,-0.8478689193725586,0.38653600215911865,0.11896872520446777
1789130143271704000,92.6777041015625,-0.20303821563720703,0.4812043309211731,-0.02378368377685547
1789130143287697700,92.69369775390625,1.1450252532958984,0.025954484939575195,0.24415993690490723
1789130143303692800,92.70969287109375,0.2696056365966797,0.7150802612304688,1.0883853435516357
1789130143319690800,92.72569067382813,-0.20621109008789062,1.0932987928390503,0.2927689552307129
1789130143335689700,92.74168969726563,-0.7232379913330078,-0.5200597047805786,-0.016997575759887695
1789130143351690200,92.75769018554688,-0.006360054016113281,0.43453508615493774,-0.02527594566345215
1789130143367690800,92.77369067382813,0.5721254348754883,0.4324198365211487,0.5568077564239502
1789130143383696600,92.78969653320313,-0.3499116897583008,0.36216413974761963,1.3362441062927246
1789130143399703000,92.805703125,0.8035955429077148,0.27097898721694946,0.028958559036254883
1789130143415708400,92.82170849609375,0.5068569183349609,-0.37918293476104736,-0.14588546752929688
1789130143431710700,92.83771069335937,-0.03901863098144531,0.6648538112640381,0.809593677520752
1789130143447708400,92.85370849609374,0.2696199417114258,0.7774856090545654,0.7707521915435791
1789130143463707600,92.86970776367187,0.5086431503295898,-0.12650799751281738,0.6659247875213623
1789130143479707600,92.88570776367187,0.3184518814086914,-0.26783180236816406,-0.09211039543151855
1789130143495703000,92.901703125,0.6789007186889648,-0.00025337934494018555,1.046649694442749
1789130143511706600,92.91770654296874,1.2064056396484375,0.5457649230957031,1.3692626953125
1789130143527711000,92.9337109375,1.1721820831298828,-0.6361438035964966,0.9904553890228271
1789130143543710500,92.94971044921876,0.8485116958618164,0.1897220015525818,-0.16942453384399414
1789130143559710500,92.96571044921875,-0.44539833068847656,0.3717878460884094,0.1264338493347168
1789130143575712500,92.98171240234375,-0.29631900787353516,0.3658003807067871,1.0070679187774658
1789130143591716400,92.99771630859375,0.6571073532104492,-0.016415417194366455,0.5509097576141357
1789130143607716900,93.013716796875,0.46483421325683594,0.061634182929992676,0.2942814826965332
1789130143623722800,93.02972265625,-0.7312221527099609,0.2447180151939392,0.4730086326599121
1789130143639723800,93.04572387695312,-0.8390932083129883,0.6543676853179932,0.9879882335662842
1789130143655718700,93.06171875,0.5878105163574219,0.422929972410202,0.3236265182495117
1789130143671712800,93.07771264648437,0.4433326721191406,0.9537454843521118,0.4517979621887207
1789130143687708200,93.09370825195313,-0.5611057281494141,0.1160728931427002,-0.17058515548706055
1789130143703707000,93.10970678710937,-0.4849405288696289,0.2159724235534668,-0.1600933074951172
1789130143719701200,93.125701171875,-0.7024602890014648,0.7217333912849426,-0.041799068450927734
1789130143735697400,93.14169750976562,0.17693614959716797,0.3895305097103119,0.6122145652770996
1789130143751697200,93.157697265625,0.23137187957763672,0.786597728729248,0.07343006134033203
1789130143767699500,93.17369946289062,-1.1327018737792969,-0.2509158253669739,0.21187591552734375
1789130143783694300,93.1896943359375,-0.9779348373413086,-0.18672561645507812,0.7930679321289062
1789130143799687400,93.2056875,-0.25272464752197266,0.45944106578826904,0.731956958770752
1789130143815685600,93.221685546875,-1.2392921447753906,-0.20579946041107178,0.10631990432739258
1789130143831687700,93.23768774414063,-0.8726034164428711,0.5313615798950195,-0.3093743324279785
1789130143847690000,93.25368994140625,-1.108229637145996,0.7043958902359009,0.6664752960205078
1789130143863689000,93.26968896484375,-0.2642354965209961,0.9679083228111267,1.2355146408081055
1789130143879685600,93.285685546875,0.19437217712402344,0.19306397438049316,0.056113243103027344
1789130143895680000,93.30167993164062,0.123809814453125,-0.5673494338989258,-0.45295047760009766
1789130143911670500,93.31767041015625,-0.7098388671875,-0.5917931795120239,0.7465219497680664
1789130143927665700,93.33366577148438,-0.6857137680053711,1.6758415699005127,0.5804233551025391
1789130143943661800,93.34966186523438,-0.2150897979736328,0.8965947031974792,0.5271196365356445
1789130143959662600,93.36566259765625,0.9486284255981445,0.06749320030212402,0.5431151390075684
1789130143975663600,93.38166357421875,1.3571033477783203,0.20687483251094818,0.3808445930480957
1789130143991656400,93.39765649414062,-0.3287696838378906,-0.2969353199005127,1.2383756637573242
1789130144007650000,93.41365014648437,0.8155641555786133,-0.8007357120513916,1.2960891723632812
1789130144023653000,93.42965307617187,2.888911247253418,0.2845585346221924,0.45847225189208984
1789130144039652000,93.44565209960938,0.6136646270751953,0.5384939908981323,0.9339923858642578
1789130144055645200,93.46164526367187,-0.7679004669189453,-0.38410669565200806,0.47438716888427734
1789130144071643400,93.47764331054688,-0.5825901031494141,-0.5661178827285767,-0.5520787239074707
1789130144087639600,93.4936396484375,-0.3316812515258789,0.2342965006828308,-0.07687568664550781
1789130144103632600,93.50963256835938,-0.30994224548339844,-0.18686741590499878,0.5938429832458496
1789130144119630600,93.52563061523438,0.35921192169189453,-0.2522120773792267,0.06093931198120117
1789130144135633200,93.54163305664062,-1.1374821662902832,-0.644472599029541,0.2404918670654297
1789130144151631400,93.55763134765625,-0.3080177307128906,-0.13600340485572815,-0.530611515045166
1789130144167632600,93.57363256835937,-0.11564064025878906,0.33203136920928955,0.8763546943664551
1789130144183630600,93.58963061523437,-0.5885953903198242,-0.6706101894378662,0.6281452178955078
1789130144199627500,93.60562744140626,0.49794864654541016,-0.8249374628067017,-0.7074832916259766
1789130144215619300,93.62161938476562,0.793522834777832,-0.7259480953216553,-0.022250652313232422
1789130144231613400,93.63761352539062,-0.24897193908691406,-0.4770606458187103,1.1012210845947266
1789130144255609300,93.661609375,0.709141731262207,0.7474272847175598,0.3893709182739258
1789130144271607600,93.67760766601563,1.0943126678466797,-0.22614222764968872,1.1350111961364746
1789130144287601400,93.69360131835937,0.05986595153808594,-1.1466420888900757,0.698305606842041
1789130144303598300,93.70959838867188,-0.6916589736938477,-0.04834640026092529,-0.31642580032348633
1789130144319595000,93.72559497070313,0.043387413024902344,1.0736944675445557,0.17553377151489258
1789130144335590100,93.74159008789063,0.1927947998046875,-0.10027790069580078,0.9242310523986816
1789130144351592000,93.75759204101563,0.27497291564941406,-0.45692455768585205,0.47129058837890625
1789130144367590400,93.77359033203125,0.1844024658203125,-0.14433342218399048,0.1566638946533203
1789130144383594500,93.78959448242188,0.5860738754272461,-0.4236401915550232,0.8447799682617188
1789130144399595000,93.80559497070313,0.3698444366455078,-0.03259927034378052,0.6945457458496094
1789130144415597800,93.82159790039063,0.06599617004394531,0.15401679277420044,-0.3346738815307617
1789130144431602000,93.83760180664062,0.18027782440185547,-0.01695340871810913,0.2797360420227051
1789130144447605800,93.85360571289063,0.9432764053344727,-0.27163463830947876,0.5970897674560547
1789130144463606000,93.86960595703125,1.230611801147461,0.13826608657836914,0.8295388221740723
1789130144479609300,93.885609375,0.978729248046875,-0.6399526000022888,0.0757761001586914
1789130144495611000,93.90161083984376,0.1772022247314453,-0.38235872983932495,0.11002445220947266
1789130144511610600,93.91761059570312,1.284468650817871,-0.0336451530456543,0.5975327491760254
1789130144527611100,93.93361108398437,1.3437118530273438,-0.6199873685836792,0.9928936958312988
1789130144543614200,93.9496142578125,1.352731704711914,0.37352538108825684,0.5304608345031738
1789130144559609900,93.96560986328124,-0.10538864135742188,0.05077442526817322,-0.1423053741455078
1789130144575606300,93.98160620117187,0.25571632385253906,0.026741445064544678,0.4499540328979492
1789130144591609000,93.99760913085937,-0.3143606185913086,-0.023426085710525513,0.3436908721923828
1789130144607607300,94.01360717773437,0.6574535369873047,0.8204947710037231,-0.1984701156616211
1789130144623604500,94.0296044921875,0.08902549743652344,0.2960955500602722,0.0893244743347168
1789130144639604700,94.04560473632813,-0.35983753204345703,-0.3449856638908386,0.13827848434448242
1789130144655609300,94.061609375,-0.1412649154663086,1.0128347873687744,0.18370389938354492
1789130144671616300,94.0776162109375,-0.37192821502685547,0.8374214172363281,-0.25641918182373047
1789130144687618800,94.09361889648437,-0.5227775573730469,-0.017602145671844482,0.10172224044799805
1789130144703619000,94.109619140625,-0.3493003845214844,0.15995082259178162,-0.1739640235900879
1789130144719619000,94.125619140625,-0.19835853576660156,0.12264525890350342,-0.23138999938964844
1789130144735619300,94.14161938476562,0.005404472351074219,-0.4949783384799957,-0.0880284309387207
1789130144751616800,94.15761669921875,-0.4030590057373047,0.22181832790374756,0.22678661346435547
1789130144767617500,94.17361743164062,-0.24915504455566406,-0.2756449580192566,-0.07486820220947266
1789130144783625000,94.189625,0.563934326171875,0.11931735277175903,-0.048313140869140625
1789130144799627300,94.20562719726563,-0.057768821716308594,0.05923357605934143,0.5402560234069824
1789130144815623200,94.221623046875,0.4462251663208008,0.4016467034816742,-0.31276941299438477
1789130144831622700,94.23762255859376,0.40013694763183594,0.14333778619766235,0.17419099807739258
1789130144847630000,94.25363012695313,-0.23753643035888672,-0.2443452775478363,0.5520730018615723
1789130144863632000,94.2696318359375,0.5977964401245117,0.0768481194972992,0.1335153579711914
1789130144879634400,94.28563452148437,-0.1761159896850586,-0.08620795607566833,-0.1216592788696289
1789130144895642600,94.301642578125,-0.46459484100341797,-0.3725000023841858,0.36284494400024414
1789130144911644700,94.31764477539062,0.28413867950439453,0.45943331718444824,0.45297765731811523
1789130144927640300,94.33364038085938,0.3356170654296875,0.706877589225769,0.47293901443481445
1789130144943643100,94.34964306640624,-0.010359764099121094,-0.6318103671073914,0.4167146682739258
1789130144959640600,94.365640625,0.3779878616333008,-0.12307670712471008,-0.1605544090270996
1789130144975640300,94.38164038085938,-0.3591747283935547,0.31107473373413086,0.26361560821533203
1789130144991643000,94.39764282226562,-0.5494279861450195,-0.2867514491081238,0.09211301803588867
1789130145007647200,94.41364721679687,0.2634124755859375,0.13900169730186462,0.005607128143310547
1789130145031653000,94.43765307617187,-0.3766059875488281,-0.17953747510910034,0.07972240447998047
1789130145055654000,94.46165380859375,-0.4378814697265625,-0.06306296586990356,0.09261560440063477
1789130145071654000,94.47765380859374,-0.10742473602294922,-0.0005903244018554688,-0.15166425704956055
1789130145095657700,94.50165771484374,0.11878585815429688,0.32083114981651306,-0.23494386672973633
1789130145111661000,94.5176611328125,0.20156002044677734,0.4159471392631531,0.1218118667602539
1789130145127660800,94.53366088867188,0.4227123260498047,0.23655956983566284,0.6180825233459473
1789130145143664400,94.54966430664062,0.3674612045288086,0.13423338532447815,0.5375785827636719
1789130145159668500,94.56566845703125,0.9890298843383789,0.18517449498176575,0.09741878509521484
1789130145175672600,94.58167260742188,0.39563751220703125,0.3680259585380554,0.5077190399169922
1789130145191679200,94.59767919921875,0.5440244674682617,0.24734711647033691,0.2725982666015625
1789130145207682800,94.61368286132813,0.6026935577392578,-0.25930434465408325,0.16005611419677734
1789130145223687700,94.62968774414063,-0.014766693115234375,-0.35928186774253845,0.46090078353881836
1789130145239691500,94.64569140625,0.06966018676757812,-0.29581695795059204,0.38257265090942383
1789130145255698400,94.66169848632812,-0.24967384338378906,-0.025036722421646118,0.049933433532714844
1789130145271706400,94.67770629882813,0.16391468048095703,-0.18080103397369385,0.5786852836608887
1789130145295712300,94.70171215820312,0.5091648101806641,-0.857308030128479,0.7031950950622559
1789130145311713300,94.71771337890625,-0.036498069763183594,-0.24335813522338867,-0.07708311080932617
1789130145327715600,94.73371557617187,-0.09899616241455078,-0.2507517337799072,-0.41162967681884766
1789130145343715000,94.74971508789062,-0.4390830993652344,-0.037911951541900635,0.1011357307434082
1789130145359714300,94.76571435546875,0.48789119720458984,0.15136849880218506,0.104705810546875
1789130145375717600,94.78171752929687,0.4183540344238281,-0.19269919395446777,-0.06341552734375
1789130145391720400,94.79772045898437,-0.42194652557373047,0.14480113983154297,0.04079484939575195
1789130145407726000,94.81372607421875,-0.3813905715942383,0.425063818693161,0.1932682991027832
1789130145423726300,94.82972631835938,0.26541709899902344,0.454700231552124,-0.3695192337036133
1789130145439726300,94.84572631835937,0.1604471206665039,0.5064388513565063,0.15878963470458984
1789130145455724800,94.86172485351562,0.20519542694091797,0.39750200510025024,-0.11447668075561523
1789130145471721200,94.87772119140625,0.20018386840820312,0.04896840453147888,0.1368999481201172
1789130145487718400,94.89371850585937,0.01627826690673828,0.3275415301322937,0.17531442642211914
1789130145503716400,94.90971630859374,0.08601951599121094,0.2674412727355957,0.23041248321533203
1789130145519707600,94.92570776367188,0.05627632141113281,-0.2634187638759613,0.1982407569885254
1789130145535699200,94.94169921875,0.3378610610961914,-0.2821209728717804,-0.05392122268676758
1789130145551698000,94.95769799804688,0.09292221069335938,0.08741232752799988,0.24427413940429688
1789130145567690000,94.97368994140625,0.1507396697998047,0.0032180845737457275,-0.07697820663452148
1789130145583680800,94.9896806640625,-0.5609521865844727,0.06732362508773804,-0.05110359191894531
1789130145599674600,95.00567456054688,-0.06713104248046875,-0.25942400097846985,-0.11885452270507812
1789130145615670500,95.02167041015625,0.29811763763427734,-0.19184011220932007,-0.0009126663208007812
1789130145631667700,95.03766772460938,0.39504528045654297,-0.1938686966896057,-0.1027379035949707
1789130145647671800,95.053671875,0.436553955078125,-0.2293981909751892,-0.39095449447631836
1789130145663670800,95.0696708984375,-0.038025856018066406,-0.1606190800666809,-0.1562027931213379
1789130145679668000,95.08566796875,0.02024078369140625,0.12307563424110413,-0.3162660598754883
1789130145695669200,95.10166918945312,-0.08211612701416016,0.16198092699050903,-0.46320581436157227
1789130145711676000,95.11767602539062,0.5259170532226562,0.1599845290184021,-0.3504161834716797
1789130145727685600,95.133685546875,0.23474597930908203,-0.10393387079238892,-0.4384603500366211
1789130145743693300,95.149693359375,-0.1331033706665039,-0.09227436780929565,-0.18948936462402344
1789130145759702300,95.16570239257813,-0.12176227569580078,0.21047982573509216,-0.033059120178222656
1789130145775707100,95.18170703125,0.3011512756347656,-0.01624196767807007,-0.45735788345336914
1789130145791711500,95.19771142578125,0.1860179901123047,-0.143329918384552,-0.2664651870727539
1789130145807719000,95.21371899414062,0.4497957229614258,0.16164559125900269,-0.598167896270752
1789130145823725600,95.2297255859375,-0.02764606475830078,-0.16589194536209106,-0.3474740982055664
1789130145839725800,95.24572583007813,0.18754196166992188,-0.013085693120956421,-0.3216743469238281
1789130145855729700,95.26172973632812,0.7397737503051758,0.23027533292770386,-0.476806640625
1789130145871737300,95.2777373046875,0.28709983825683594,-0.19604447484016418,-0.7819912433624268
1789130145887748900,95.29374877929688,0.06747627258300781,-0.07870066165924072,-0.5457601547241211
1789130145903750100,95.30975024414063,-0.1157846450805664,0.16400134563446045,-0.7116219997406006
1789130145919754800,95.32575463867188,0.12673377990722656,0.039094507694244385,-0.08148431777954102
1789130145935756800,95.3417568359375,0.09605598449707031,-0.009360343217849731,0.16223907470703125
1789130145951759400,95.35775927734375,-0.05454826354980469,-0.05649873614311218,0.052781105041503906
1789130145967766800,95.37376684570313,0.43768310546875,0.10218119621276855,-0.1356511116027832
1789130145983771100,95.38977124023438,0.5938701629638672,-0.1349232792854309,0.16092443466186523
1789130145999771600,95.40577172851563,-0.07941627502441406,-0.2299242615699768,-0.06722402572631836
1789130146015770600,95.4217705078125,0.20965576171875,0.03763985633850098,0.0015888214111328125
1789130146031769300,95.43776928710938,0.8216218948364258,-0.1991451382637024,-0.16792821884155273
1789130146047771000,95.45377099609375,0.11659526824951172,-0.8817282319068909,-0.029434680938720703
1789130146063774000,95.46977392578125,0.5304327011108398,-0.726934015750885,-0.40829038619995117
1789130146079769000,95.48576904296876,-0.3661479949951172,-0.06834518909454346,0.2244405746459961
1789130146095765800,95.50176586914063,0.04626750946044922,-0.09066903591156006,0.04913330078125
1789130146111763500,95.51776342773438,0.563812255859375,-0.348548948764801,-0.16811466217041016
1789130146127766300,95.53376635742187,0.27726268768310547,-0.03497809171676636,0.02466583251953125
1789130146143768000,95.54976806640624,0.6338205337524414,0.38482174277305603,0.48131608963012695
1789130146159764700,95.5657646484375,0.3397789001464844,-0.23154288530349731,-0.27984142303466797
1789130146175762400,95.58176245117187,-0.5587406158447266,0.03767317533493042,-0.18632984161376953
1789130146191764500,95.59776440429688,0.08052253723144531,0.32094597816467285,-0.0368499755859375
1789130146207773000,95.61377294921876,0.6418552398681641,0.21250620484352112,0.01900482177734375
1789130146223781000,95.62978100585937,0.3026151657104492,0.47867119312286377,-0.08962011337280273
1789130146239783000,95.64578295898437,-0.032866477966308594,-0.013076066970825195,0.0634164810180664
1789130146255784000,95.66178393554688,0.11012077331542969,-0.2714787721633911,-0.1844019889831543
1789130146271782700,95.67778271484374,0.22243881225585938,-0.07964432239532471,-0.011273860931396484
1789130146287783200,95.693783203125,-0.5494804382324219,-0.14990884065628052,0.09160423278808594
1789130146303781400,95.70978149414063,-0.2252368927001953,-0.09441649913787842,-0.2211003303527832
1789130146319780900,95.72578076171875,-0.2556600570678711,0.17688477039337158,0.17562198638916016
1789130146335778600,95.74177856445313,-0.07953262329101562,0.07107943296432495,0.25991010665893555
1789130146351776000,95.75777587890624,0.6184473037719727,-0.31182682514190674,0.3827943801879883
1789130146367779600,95.77377954101563,1.1530075073242188,-0.42957645654678345,0.22954988479614258
1789130146383783700,95.78978369140626,0.5867366790771484,-0.6677253842353821,0.12938404083251953
1789130146399791400,95.80579125976563,0.15425395965576172,-0.17503011226654053,0.3065185546875
1789130146415792600,95.82179272460938,0.0873117446899414,-0.1111406683921814,0.21162986755371094
1789130146431789300,95.83778930664063,0.6795501708984375,-0.3587503433227539,0.12494421005249023
1789130146455779600,95.86177954101562,-0.049513816833496094,-0.15095877647399902,0.3402214050292969
1789130146471773200,95.87777319335937,0.1514291763305664,-0.10239452123641968,0.17957162857055664
1789130146487769000,95.89376904296876,-0.12622547149658203,-0.25157880783081055,0.042118072509765625
1789130146503765500,95.909765625,0.6189126968383789,-0.17932558059692383,-0.1484532356262207
1789130146519769900,95.92576977539062,-0.20533275604248047,-0.21590298414230347,0.28984928131103516
1789130146535771400,95.941771484375,-0.25372886657714844,0.2604292035102844,0.013631820678710938
1789130146551773000,95.95777294921875,-0.10622882843017578,0.05937051773071289,-0.10405206680297852
1789130146567775700,95.97377563476563,-0.3751792907714844,0.2845377027988434,-0.05922126770019531
1789130146583774700,95.98977465820313,-0.3230419158935547,0.24140262603759766,-0.0963902473449707
1789130146599768300,96.00576831054687,-0.06932544708251953,0.13319474458694458,-0.17337846755981445
1789130146615759400,96.02175927734375,-0.6041889190673828,0.21038216352462769,0.10049724578857422
1789130146631756300,96.03775634765626,-0.12026786804199219,0.38807958364486694,-0.28875732421875
1789130146647757800,96.0537578125,-0.048064231872558594,0.3425714075565338,0.14009523391723633
1789130146663757600,96.06975756835938,-0.2614154815673828,0.4157732129096985,0.2298598289489746
1789130146679758600,96.08575854492187,0.028138160705566406,0.33264991641044617,-0.14562416076660156
1789130146695757600,96.10175756835937,-0.09391403198242188,-0.01566755771636963,0.046405792236328125
1789130146711751400,96.11775146484375,0.009099006652832031,-0.021470069885253906,0.19344806671142578
1789130146727745500,96.13374560546875,0.049892425537109375,-0.06382149457931519,0.13483285903930664
1789130146743741000,96.14974096679687,0.10930538177490234,-0.01661849021911621,0.09228229522705078
1789130146759739600,96.16573974609375,-0.27170467376708984,-0.33478987216949463,-0.055295467376708984
1789130146775735600,96.18173559570313,-0.2502307891845703,-0.22507554292678833,0.08896350860595703
1789130146791727600,96.1977275390625,0.3223085403442383,-0.2874944806098938,0.3242154121398926
1789130146807722500,96.21372241210938,0.3016471862792969,-0.2555890679359436,0.11834859848022461
1789130146823716000,96.22971606445313,0.548335075378418,-0.4641909599304199,0.06330394744873047
1789130146839714800,96.24571484375,0.12332725524902344,-0.36888372898101807,-0.3467750549316406
1789130146855713300,96.26171337890625,-0.3223409652709961,-0.26219189167022705,0.32846927642822266
1789130146871711000,96.2777109375,0.4198789596557617,-0.34767794609069824,-0.05524587631225586
1789130146887713800,96.2937138671875,0.3766012191772461,-0.14242953062057495,0.27293825149536133
1789130146903710700,96.30971069335938,0.1924877166748047,0.07458692789077759,-0.04257678985595703
1789130146919703000,96.325703125,-0.011423110961914062,0.06974416971206665,0.0834808349609375
1789130146935699000,96.34169897460937,-0.10431957244873047,0.22489160299301147,-0.07536172866821289
1789130146951697000,96.35769677734375,-0.13474273681640625,0.1201668381690979,0.3444838523864746
1789130146967691500,96.37369140625,0.24327945709228516,-0.205233633518219,0.5505986213684082
1789130146983688200,96.38968823242188,-0.1913003921508789,0.3122202157974243,0.13516855239868164
1789130146999684900,96.40568481445312,0.09772491455078125,0.13763052225112915,0.27269935607910156
1789130147015684000,96.42168408203125,-0.2238140106201172,-0.017145395278930664,0.24193334579467773
1789130147031688000,96.43768798828125,-0.3502540588378906,0.14879059791564941,0.17536163330078125
1789130147047689000,96.45368896484375,0.16132164001464844,0.08666950464248657,0.3799924850463867
1789130147063690800,96.46969067382813,-0.10336971282958984,0.05565810203552246,0.5185885429382324
1789130147079694600,96.48569458007813,0.07516098022460938,0.08405190706253052,0.2750582695007324
1789130147095695400,96.5016953125,-0.03181266784667969,-0.06653273105621338,0.2584514617919922
1789130147111691800,96.51769189453125,-0.3708782196044922,-0.0009558200836181641,0.14675474166870117
1789130147127690000,96.53368994140625,-0.15701007843017578,0.05312091112136841,0.40955352783203125
1789130147143694300,96.5496943359375,-0.042380332946777344,-0.08107006549835205,0.3305516242980957
1789130147159694300,96.5656943359375,0.24410057067871094,-0.07324159145355225,0.2620711326599121
1789130147175693300,96.581693359375,0.09975147247314453,-0.3228883147239685,0.15010786056518555
1789130147191691800,96.59769189453125,-0.1672525405883789,-0.22092574834823608,0.46604108810424805
1789130147207689200,96.61368920898437,0.15140247344970703,0.015680313110351562,0.4244856834411621
1789130147223689000,96.62968896484375,0.2554054260253906,0.23501765727996826,0.3139152526855469
1789130147239685400,96.64568530273438,0.18698883056640625,-0.08771568536758423,0.16501855850219727
1789130147255688700,96.66168872070313,0.5785760879516602,0.1728154420852661,0.11052322387695312
1789130147271686100,96.67768603515626,0.2845649719238281,0.06551194190979004,0.3259267807006836
1789130147287681300,96.69368139648438,0.39156150817871094,-0.1129225492477417,-0.05961942672729492
1789130147303686100,96.70968603515625,0.1478595733642578,-0.18617737293243408,0.011827945709228516
1789130147319693300,96.725693359375,-0.11979103088378906,0.046855807304382324,0.22213220596313477
1789130147335697700,96.74169775390625,0.31595897674560547,0.14054149389266968,0.11723041534423828
1789130147351704000,96.7577041015625,0.2435293197631836,-0.24939805269241333,-0.010472774505615234
1789130147367711200,96.77371118164062,-0.1448192596435547,-0.021118462085723877,-0.05211305618286133
1789130147383721500,96.78972143554688,-0.16418838500976562,-0.07951843738555908,-0.07499361038208008
1789130147399737300,96.8057373046875,-0.29831981658935547,-0.03413820266723633,0.16492319107055664
1789130147415745000,96.8217451171875,0.15891265869140625,0.0475161075592041,0.37215423583984375
1789130147431752200,96.83775219726563,0.647369384765625,-0.09781491756439209,0.008697032928466797
1789130147447758000,96.85375805664063,0.05811595916748047,-0.05215245485305786,0.1197977066040039
1789130147463768000,96.86976806640625,0.19359397888183594,0.06644028425216675,0.26149415969848633
1789130147479773700,96.88577368164063,0.6340103149414062,-0.188524067401886,-0.16382694244384766
1789130147495773400,96.9017734375,0.09263420104980469,-0.11264872550964355,0.10078620910644531
1789130147511782700,96.91778271484375,-0.20938587188720703,-0.08481937646865845,0.039876461029052734
1789130147527791600,96.93379150390625,0.05287742614746094,0.3104149103164673,-0.048603057861328125
1789130147543804000,96.94980395507812,0.17233562469482422,-0.06499141454696655,0.2732048034667969
1789130147559812400,96.96581225585938,0.29142189025878906,-0.033311307430267334,-0.0028324127197265625
1789130147575819500,96.98181958007812,0.22862625122070312,-0.09781080484390259,0.11356496810913086
1789130147591823600,96.99782373046875,0.09365272521972656,-0.15727877616882324,-0.09495210647583008
1789130147607827500,97.01382739257812,-0.13621807098388672,-0.18329626321792603,0.06361246109008789
1789130147623831600,97.02983154296875,0.026734352111816406,-0.014259397983551025,-0.0848398208618164
1789130147639836200,97.04583618164062,-0.18790721893310547,0.011979162693023682,0.1007680892944336
1789130147655838000,97.061837890625,0.08079242706298828,-0.3530689477920532,0.335050106048584
1789130147671836200,97.07783618164062,0.09113121032714844,0.05290037393569946,-0.03438901901245117
1789130147687843000,97.09384301757812,0.15433216094970703,-0.22086673974990845,0.3045516014099121
1789130147703854600,97.1098544921875,0.13720226287841797,-0.4215707778930664,0.1964125633239746
1789130147719868200,97.1258681640625,0.33950042724609375,0.07622742652893066,-0.00605010986328125
1789130147735881500,97.14188159179687,0.22982311248779297,-0.16435736417770386,0.22841501235961914
1789130147751886300,97.15788623046875,0.07268238067626953,-0.3191019296646118,0.22261762619018555
1789130147767887600,97.1738876953125,0.6373176574707031,-0.21626853942871094,-0.044370174407958984
1789130147783895300,97.18989526367187,0.35541343688964844,-0.3227338194847107,0.2673497200012207
1789130147799902500,97.20590234375,0.11618709564208984,-0.17741721868515015,0.08626413345336914
1789130147815908900,97.22190893554688,0.3791227340698242,0.13157355785369873,0.20725297927856445
1789130147831908900,97.23790893554687,0.06702518463134766,-0.17393416166305542,0.19944524765014648
1789130147847906600,97.25390649414062,0.25689220428466797,0.16983401775360107,0.2358717918395996
1789130147863907000,97.26990698242187,0.2570362091064453,-0.1463027000427246,0.4941582679748535
1789130147879910700,97.28591064453126,0.452880859375,-0.007635891437530518,0.11194324493408203
1789130147895914000,97.3019140625,0.3328542709350586,0.07426536083221436,0.1605091094970703
1789130147911915800,97.31791577148438,0.2556571960449219,0.14066845178604126,0.3530092239379883
1789130147927920400,97.33392041015625,0.41468143463134766,0.0538022518157959,0.293546199798584
1789130147943919400,97.34991943359375,0.529871940612793,0.05238831043243408,0.20658349990844727
1789130147959917000,97.3659169921875,0.01386260986328125,0.2307577133178711,0.2995462417602539
1789130147975917300,97.38191723632812,0.29762935638427734,-0.2502444386482239,-0.00007581710815429688
1789130147991920400,97.39792041015625,0.2744274139404297,-0.17028313875198364,0.10362052917480469
1789130148007916000,97.413916015625,-0.21606826782226562,0.25873714685440063,0.35201168060302734
1789130148023916800,97.42991674804688,0.022667884826660156,-0.16076403856277466,0.14844226837158203
1789130148039921200,97.44592114257813,0.15487194061279297,-0.08651632070541382,0.052530765533447266
1789130148055924000,97.46192407226563,-0.3958120346069336,-0.041624248027801514,0.29307031631469727
1789130148071932000,97.47793188476562,-0.03540611267089844,-0.13306313753128052,0.12951040267944336
1789130148087934700,97.49393481445313,-0.22750473022460938,-0.13179731369018555,0.06544733047485352
1789130148103931100,97.50993115234375,-0.3701305389404297,0.12661099433898926,0.21370506286621094
1789130148119939300,97.52593920898437,-0.10935211181640625,0.07254183292388916,0.10103702545166016
1789130148135952000,97.54195190429688,-0.2227020263671875,-0.11992859840393066,0.20420312881469727
1789130148151961000,97.55796118164062,-0.037975311279296875,0.18731790781021118,0.06434011459350586
1789130148167965400,97.57396533203125,-0.044769287109375,0.06392842531204224,-0.013230323791503906
1789130148183966500,97.58996655273438,0.057602882385253906,0.0786733627319336,0.19812297821044922
1789130148199972400,97.60597241210938,0.19444656372070312,0.17413467168807983,0.25919675827026367
1789130148215978500,97.621978515625,-0.12151145935058594,-0.0935978889465332,0.22087430953979492
1789130148231983400,97.6379833984375,0.2414875030517578,0.05768764019012451,0.12257194519042969
1789130148247985200,97.65398510742187,0.48358154296875,-0.21037369966506958,0.2758007049560547
1789130148263992300,97.66999243164062,0.48236083984375,-0.36083048582077026,0.3465251922607422
1789130148279992600,97.68599267578125,0.31761837005615234,-0.1180415153503418,0.15050983428955078
1789130148295994000,97.701994140625,0.30672454833984375,-0.20906758308410645,0.28404760360717773
1789130148311999700,97.71799975585938,0.009116172790527344,-0.22294914722442627,0.26342058181762695
1789130148328003000,97.73400317382813,0.08388710021972656,-0.24475586414337158,0.16849422454833984
1789130148344004000,97.75000415039062,0.2685213088989258,-0.14724695682525635,0.16496944427490234
1789130148360003000,97.76600317382812,0.29929351806640625,-0.1567026972770691,0.23409461975097656
1789130148376004900,97.7820048828125,0.27167797088623047,-0.06234627962112427,0.0603795051574707
1789130148392004000,97.79800415039062,0.2780876159667969,-0.06323415040969849,0.20189905166625977
1789130148408001800,97.81400170898438,0.34130382537841797,0.14008766412734985,0.2628607749938965
1789130148424004000,97.83000415039062,0.3278236389160156,-0.04838353395462036,0.26187753677368164
1789130148440009500,97.84600952148438,0.3704233169555664,-0.06125718355178833,-0.08171606063842773
1789130148456012300,97.86201220703126,-0.0899810791015625,0.14010679721832275,0.11114263534545898
1789130148472023300,97.87802319335937,0.1053009033203125,-0.05050402879714966,0.012623310089111328
1789130148488039000,97.89403881835938,0.30968284606933594,0.08915740251541138,-0.08986616134643555
1789130148504051200,97.91005126953125,-0.041146278381347656,0.10439074039459229,0.11368751525878906
1789130148520061000,97.92606103515625,0.02940845489501953,0.20528757572174072,-0.05636453628540039
1789130148536073700,97.94207373046875,0.19104766845703125,-0.03266078233718872,0.07049942016601562
1789130148552083200,97.95808325195313,0.2471475601196289,0.04334604740142822,0.09196233749389648
1789130148568101400,97.97410131835937,0.2712869644165039,0.0934305191040039,0.4981217384338379
1789130148584120800,97.99012084960937,0.36779022216796875,-0.13391268253326416,0.24257516860961914
1789130148600136000,98.00613598632812,0.3863067626953125,-0.006200611591339111,0.05187368392944336
1789130148616147000,98.02214697265624,0.27061939239501953,-0.06962752342224121,0.09131336212158203
1789130148632158000,98.03815795898437,0.3367490768432617,0.02618408203125,0.07378959655761719
1789130148648163800,98.05416381835937,0.4030723571777344,-0.19330650568008423,0.16140365600585938
1789130148664166700,98.07016674804687,0.10061264038085938,-0.1395847201347351,0.06725740432739258
1789130148680173800,98.086173828125,0.3775186538696289,-0.1077532172203064,-0.16051483154296875
1789130148704190700,98.11019067382813,0.16118621826171875,-0.20703715085983276,-0.14827919006347656
1789130148720210000,98.1262099609375,0.17502975463867188,-0.2092900276184082,-0.08844423294067383
1789130148736230400,98.14223046875,0.1467428207397461,-0.24308747053146362,-0.14000797271728516
1789130148752250600,98.15825073242188,0.09517860412597656,-0.13308215141296387,-0.10169744491577148
1789130148768268000,98.17426806640626,0.30142688751220703,-0.1858515739440918,-0.21994686126708984
1789130148784277500,98.19027758789062,0.21271228790283203,-0.21415627002716064,-0.23702001571655273
1789130148800286000,98.20628588867187,0.16855716705322266,-0.07037878036499023,-0.34851598739624023
1789130148816303400,98.22230346679687,0.24070453643798828,-0.1420661211013794,-0.2811589241027832
1789130148832317700,98.23831762695312,0.27307987213134766,-0.27571749687194824,-0.31607818603515625
1789130148848337700,98.25433764648437,0.2203836441040039,-0.14827251434326172,-0.2431802749633789
1789130148864354000,98.27035400390625,0.2537393569946289,-0.0054122209548950195,-0.2472381591796875
1789130148880374800,98.28637475585937,0.2630176544189453,-0.06504368782043457,-0.3468813896179199
1789130148896392400,98.30239233398437,0.2956991195678711,0.04914712905883789,-0.42244720458984375
1789130148912406800,98.31840673828125,0.1012115478515625,0.06569266319274902,-0.38855648040771484
1789130148928421600,98.33442163085938,0.22795867919921875,0.05938005447387695,-0.3462824821472168
1789130148944433400,98.35043334960938,0.25072383880615234,0.1782931685447693,-0.24019384384155273
1789130148960448800,98.36644873046875,0.05317497253417969,0.09046030044555664,-0.17216205596923828
1789130148976461300,98.38246142578124,0.22173213958740234,0.1841263771057129,-0.21855831146240234
1789130148992466400,98.39846655273438,0.19414138793945312,0.08532094955444336,-0.15043067932128906
1789130149008471300,98.41447119140625,0.09236717224121094,0.10867267847061157,-0.15950870513916016
1789130149024487400,98.4304873046875,0.19719219207763672,0.10297900438308716,-0.19391250610351562
1789130149040502500,98.44650244140625,0.11101150512695312,0.11066216230392456,-0.1098165512084961
1789130149056517000,98.46251708984374,0.055619239807128906,0.2093910574913025,-0.12087059020996094
1789130149072531700,98.47853173828125,0.11633014678955078,0.11248654127120972,-0.17246198654174805
1789130149088545500,98.49454565429687,0.052371978759765625,0.12521052360534668,-0.14234066009521484
1789130149104567300,98.5105673828125,0.16115570068359375,0.1667778491973877,-0.07936811447143555
1789130149120586200,98.52658618164062,0.24077224731445312,0.13513177633285522,-0.07798051834106445
1789130149136602400,98.54260229492188,0.03857994079589844,0.16557854413986206,-0.0349578857421875
1789130149152619000,98.55861889648438,0.19756507873535156,0.14883387088775635,0.0853419303894043
1789130149168633600,98.57463354492188,0.14190387725830078,0.13644260168075562,0.050581932067871094
1789130149184648000,98.59064794921875,0.16335773468017578,0.15743982791900635,0.05786418914794922
1789130149200662000,98.606662109375,0.13226699829101562,0.136468768119812,0.012490272521972656
1789130149216674600,98.62267456054687,0.1446237564086914,0.1261184811592102,0.019298553466796875
1789130149232690700,98.63869067382812,0.0420379638671875,0.12571251392364502,-0.045565128326416016
1789130149248704800,98.65470483398437,0.05461311340332031,0.11753255128860474,-0.04828500747680664
1789130149264720100,98.67072021484375,0.10461902618408203,0.1050558090209961,-0.1351919174194336
1789130149280738300,98.68673828125,0.08224773406982422,0.08885878324508667,-0.16321182250976562
1789130149296753200,98.70275317382813,0.06897449493408203,0.03983926773071289,-0.1852550506591797
1789130149312770800,98.71877075195313,0.1500720977783203,0.010227203369140625,-0.24251699447631836
1789130149328777500,98.73477758789062,0.08747100830078125,-0.03697705268859863,-0.1412959098815918
1789130149344786700,98.75078662109375,0.17757701873779297,0.007962346076965332,-0.23498868942260742
1789130149360790500,98.76679052734374,0.1181793212890625,0.014651000499725342,-0.18745136260986328
1789130149376795100,98.78279516601563,0.07756233215332031,0.003300786018371582,-0.19626379013061523
1789130149392804400,98.79880444335937,0.3335094451904297,-0.001993536949157715,-0.46643805503845215
1789130149408812800,98.81481274414062,0.14389991760253906,-0.05908393859863281,-0.33237218856811523
1789130149424825900,98.83082592773438,0.020270347595214844,-0.06661605834960938,-0.28252673149108887
1789130149440836900,98.8468369140625,0.21640968322753906,-0.02514326572418213,-0.45481181144714355
1789130149456850700,98.8628505859375,0.1780223846435547,-0.07776129245758057,-0.4336392879486084
1789130149472866000,98.87886596679688,0.056575775146484375,-0.07673817873001099,-0.3423178195953369
1789130149488875800,98.89487573242188,0.16980266571044922,-0.03656303882598877,-0.4419691562652588
1789130149504895000,98.91089501953125,0.20781803131103516,-0.0590476393699646,-0.4900326728820801
1789130149520914000,98.92691381835938,0.06102943420410156,-0.048465609550476074,-0.33150362968444824
1789130149536927000,98.94292700195312,0.08469486236572266,-0.019696354866027832,-0.2945709228515625
1789130149552940300,98.95894018554688,0.11376476287841797,0.026878952980041504,-0.3260927200317383
1789130149568954400,98.97495434570313,0.1459817886352539,-0.02287191152572632,-0.4346129894256592
1789130149584971300,98.99097119140625,0.12007999420166016,-0.053124845027923584,-0.3684685230255127
1789130149600985300,99.0069853515625,0.006011962890625,-0.015798449516296387,-0.2514176368713379
1789130149617002800,99.02300268554687,0.024034500122070312,0.005868732929229736,-0.2708771228790283
1789130149633012000,99.03901196289063,0.11932373046875,-0.011537253856658936,-0.30156517028808594
1789130149649021700,99.05502172851563,0.12716102600097656,-0.023857533931732178,-0.38605308532714844
1789130149665031700,99.07103173828125,0.011035919189453125,-0.030914127826690674,-0.2608492374420166
1789130149681037600,99.08703759765625,-0.012310028076171875,-0.018429577350616455,-0.22151875495910645
1789130149697042400,99.10304248046874,0.037468910217285156,-0.03466552495956421,-0.24776935577392578
1789130149713048800,99.119048828125,0.054465293884277344,-0.032063066959381104,-0.24243903160095215
1789130149729058800,99.13505883789063,0.05245494842529297,-0.034630000591278076,-0.2470688819885254
1789130149745066800,99.15106665039062,0.08825492858886719,-0.018036961555480957,-0.30286216735839844
1789130149761076200,99.167076171875,0.0419921875,-0.04418838024139404,-0.2799391746520996
1789130149777085200,99.18308520507813,0.030050277709960938,-0.032229840755462646,-0.2064809799194336
1789130149793093000,99.19909301757812,-0.6282978057861328,-0.16245108842849731,0.28963613510131836
1789130149809099800,99.21509985351562,0.5715417861938477,0.13250762224197388,-0.2208876609802246
1789130149825118700,99.23111865234375,0.028314590454101562,0.0973471999168396,0.11648440361022949
1789130149841129700,99.24712963867188,-0.3088827133178711,0.13378536701202393,-0.2600228786468506
1789130149857140700,99.263140625,0.014001846313476562,-0.1573047637939453,-0.08436203002929688
1789130149873149000,99.27914892578124,0.05442237854003906,-0.1320851445198059,-0.23914670944213867
1789130149889158400,99.29515844726562,0.34871864318847656,-0.006102502346038818,-0.2504453659057617
1789130149905170400,99.31117041015625,0.13094043731689453,0.024358928203582764,-0.23853325843811035
1789130149921182500,99.32718237304688,0.026810646057128906,0.0025412440299987793,-0.3042159080505371
1789130149937195500,99.34319555664062,0.0028171539306640625,-0.029197514057159424,-0.17953252792358398
1789130149953205000,99.359205078125,0.07984066009521484,-0.02245175838470459,-0.1566171646118164
1789130149969211100,99.37521118164062,-0.019105911254882812,-0.0024397969245910645,-0.21410751342773438
1789130149985222000,99.39122192382813,-0.058383941650390625,0.023930251598358154,-0.2837941646575928
1789130150001230000,99.40722998046876,0.23048686981201172,0.11215758323669434,-0.12783217430114746
1789130150017239800,99.42323974609376,-0.23403072357177734,0.14189964532852173,0.4146385192871094
1789130150033260800,99.4392607421875,-0.10369873046875,-0.007546186447143555,0.13270068168640137
1789130150049277700,99.45527758789062,0.18420124053955078,-0.0585252046585083,-0.6155216693878174
1789130150065289200,99.47128930664063,0.18056678771972656,0.04544651508331299,-0.19082093238830566
1789130150081304000,99.48730395507812,0.016265869140625,-0.17744594812393188,-1.299095869064331
1789130150097316600,99.50331665039063,-0.20456981658935547,-0.37573713064193726,-0.16756224632263184
1789130150113330000,99.51932983398437,0.10697746276855469,0.025936245918273926,0.34407877922058105
1789130150129333200,99.53533325195312,0.08757781982421875,-0.9564691781997681,0.5165858268737793
1789130150145341400,99.55134155273437,0.11622238159179688,-1.5822757482528687,0.42177772521972656
1789130150161350700,99.5673505859375,0.15861988067626953,-1.9726521968841553,-0.40009617805480957
1789130150177360100,99.58336010742188,0.14859390258789062,-2.7750704288482666,-0.21476197242736816
1789130150193367300,99.5993671875,-3.4208784103393555,-0.4445255994796753,0.3698298931121826
1789130150209374200,99.61537426757812,-0.00365447998046875,0.6169196367263794,1.8104710578918457
1789130150225382700,99.63138256835937,-2.7315592765808105,-0.1951141357421875,1.2829535007476807
1789130150241395700,99.64739575195313,1.3631172180175781,4.0011138916015625,0.4655735492706299
1789130150257410600,99.66341064453125,4.37139892578125,1.7840476036071777,-2.263693332672119
1789130150273429200,99.67942919921875,-1.9676179885864258,0.14772486686706543,-0.31481003761291504
1789130150289438500,99.6954384765625,0.2800893783569336,0.34643077850341797,-2.7949726581573486
1789130150305446400,99.7114462890625,1.1082229614257812,0.16137909889221191,-2.8348512649536133
1789130150321457400,99.72745751953126,1.594487190246582,0.022665977478027344,-0.4794578552246094
1789130150337467600,99.74346752929688,-0.2534332275390625,-0.5617058277130127,1.2491135597229004
1789130150353477000,99.75947705078126,2.520941734313965,-1.7700598239898682,1.736809492111206
1789130150377498000,99.783498046875,0.7643346786499023,-7.012428283691406,3.7410197257995605
1789130150441544000,99.8475439453125,-0.5892858505249023,-0.869004487991333,-5.031585216522217
1789130150465564400,99.871564453125,-2.0733604431152344,-1.2761814594268799,-5.395564556121826
1789130150481585000,99.8875849609375,-2.4725327491760254,-4.704370021820068,-3.762047529220581
1789130150497600500,99.9036005859375,-0.3581562042236328,-6.947119235992432,-2.5605688095092773
1789130150513613800,99.91961376953125,-0.17791366577148438,-7.410614967346191,-0.39389246702194214
1789130150529633500,99.93563354492187,0.5897641181945801,-7.222713470458984,0.9235910773277283
1789130150545650700,99.95165063476563,0.511775016784668,-7.26091194152832,1.6038291454315186
1789130150561666800,99.96766674804688,2.9629874229431152,-7.707028388977051,1.8361445665359497
1789130150577679400,99.98367944335938,3.5442440509796143,-8.303426742553711,0.7905068397521973
1789130150593694000,99.99969384765625,3.0137269496917725,-8.2544527053833,-1.6067986488342285
1789130150609710000,100.0157099609375,3.761155605316162,-7.964193344116211,-0.4362783432006836
1789130150625723100,100.03172314453126,1.4999510049819946,-10.109213829040527,2.395989418029785
1789130150641740000,100.04773999023438,4.050481796264648,-5.841450214385986,0.5464277267456055
1789130150657760500,100.06376049804688,6.485644340515137,-2.6173081398010254,-1.9986348152160645
1789130150673775000,100.07977514648438,6.382102012634277,-2.603888511657715,-2.762451171875
1789130150689793500,100.09579345703125,5.314856052398682,-9.489131927490234,-1.6353530883789062
1789130150705808600,100.11180859375,6.771422386169434,-11.644678115844727,-4.202768325805664
1789130150721829600,100.12782958984376,8.939600944519043,-5.652855396270752,-6.12321138381958
1789130150737851600,100.1438515625,8.819315910339355,-5.237210273742676,-3.8257265090942383
1789130150753873200,100.159873046875,6.861874103546143,-3.800248384475708,-0.41750288009643555
1789130150769891800,100.17589184570312,6.383279323577881,-2.6251251697540283,0.16122722625732422
1789130150785911000,100.1919111328125,6.860942363739014,-3.742002487182617,0.6360569000244141
1789130150801924600,100.20792456054687,7.505977630615234,-6.760931968688965,3.484602928161621
1789130150817940000,100.22393994140624,8.874859809875488,-3.4616973400115967,2.0552330017089844
1789130150833961200,100.23996118164062,11.278404235839844,-4.086020469665527,0.8450546264648438
1789130150849983200,100.25598315429687,12.5037841796875,-4.750109672546387,-0.21963834762573242
1789130150866005800,100.272005859375,11.345191955566406,-5.871922969818115,-2.651949644088745
1789130150882027800,100.28802783203125,9.552734375,-7.500775337219238,-3.931422710418701
1789130150898041300,100.30404125976563,7.0324530601501465,-8.796144485473633,-4.708351135253906
1789130150914059300,100.32005932617187,4.979001522064209,-10.517571449279785,-4.927422046661377
1789130150930075100,100.3360751953125,4.230467796325684,-11.10962963104248,-4.835172176361084
1789130150946089500,100.35208935546875,4.3412299156188965,-10.549081802368164,-3.5669174194335938
1789130150962104000,100.36810400390625,4.324165344238281,-8.48569107055664,-0.9808497428894043
1789130150978119200,100.384119140625,6.387258052825928,-6.885316848754883,0.891608715057373
1789130150994133000,100.40013305664063,12.245034217834473,-4.811397075653076,2.3981332778930664
1789130151010146800,100.41614672851563,11.638598442077637,-4.0728607177734375,0.5752174854278564
1789130151026166300,100.43216625976562,4.391303062438965,-8.679707527160645,0.5573761463165283
1789130151042180400,100.44818041992187,4.070181846618652,-8.128461837768555,0.7708702087402344
1789130151058195000,100.46419482421875,5.6858954429626465,-7.262730598449707,0.9375202655792236
1789130151074212600,100.48021264648438,4.652412414550781,-7.909301280975342,1.2010366916656494
1789130151090229000,100.49622900390625,2.6831140518188477,-7.225853443145752,2.1915574073791504
1789130151106245400,100.51224536132813,3.6929612159729004,-5.037800312042236,3.609304904937744
1789130151122256600,100.52825659179688,4.214372634887695,-4.103543281555176,4.372982501983643
1789130151138265900,100.54426586914063,5.581660747528076,-3.6729705333709717,3.872166872024536
1789130151154281000,100.56028100585938,6.943201065063477,-2.715193510055542,5.088586807250977
1789130151170296000,100.57629614257813,9.92896842956543,-0.4635000228881836,4.602914333343506
1789130151186311200,100.59231127929688,1.1645421981811523,-3.8388984203338623,2.8331432342529297
1789130151202331400,100.60833129882812,-2.49151611328125,-5.568877220153809,4.043765544891357
1789130151218353000,100.62435278320312,-21.773311614990234,6.1352972984313965,-8.357569694519043
1789130151234370000,100.6403701171875,5.352293968200684,15.217777252197266,-2.3596081733703613
1789130151250386200,100.65638623046875,4.978085517883301,3.1066222190856934,4.180319309234619
1789130151266407000,100.67240698242188,9.90753173828125,0.20244884490966797,8.4234619140625
1789130151282421500,100.68842138671874,12.658406257629395,3.1102828979492188,7.96150016784668
1789130151298433300,100.70443334960937,8.788175582885742,6.0262770652771,2.4061942100524902
1789130151314442200,100.72044213867187,6.44322395324707,7.010921001434326,2.5311732292175293
1789130151330450700,100.73645068359374,2.4063096046447754,6.304938316345215,4.2939605712890625
1789130151346462000,100.7524619140625,-1.8743910789489746,5.014415740966797,2.513596773147583
1789130151362475500,100.7684755859375,-4.7982096672058105,3.7591147422790527,0.7316739559173584
1789130151378491000,100.78449096679688,-4.299893856048584,2.444606304168701,-0.7599703669548035
1789130151394503200,100.80050317382812,-2.439565658569336,0.9107933044433594,-1.2408254146575928
1789130151410515700,100.816515625,0.40090084075927734,-0.3901963233947754,-0.8321709632873535
1789130151426530300,100.8325302734375,3.6365575790405273,-0.9989795684814453,0.03381487727165222
1789130151442546700,100.84854663085937,4.990739822387695,-1.7716875076293945,-0.11589637398719788
1789130151458558500,100.86455834960938,3.8915700912475586,-2.177800178527832,-0.48506540060043335
1789130151474570000,100.88057006835938,0.8478412628173828,-2.6006507873535156,-0.7454394102096558
1789130151490582500,100.89658251953125,-3.750734806060791,-2.8641433715820312,-0.31234508752822876
1789130151506596600,100.9125966796875,-7.086667060852051,-2.650674819946289,0.19950610399246216
1789130151522611500,100.92861157226562,-8.131341934204102,-2.4430315494537354,-0.28387391567230225
1789130151538628900,100.94462890625,-7.449609279632568,-2.5959298610687256,-1.7655739784240723
1789130151554639000,100.96063916015625,-4.722681045532227,-3.153391122817993,-2.383357048034668
1789130151570651000,100.97665087890626,-1.373884677886963,-2.559436798095703,-0.9701876640319824
1789130151586664200,100.99266430664062,3.362834930419922,0.7938575744628906,3.6385436058044434
1789130151602679800,101.0086796875,-4.071383476257324,-1.9942541122436523,-0.6581470966339111
1789130151618686700,101.02468676757813,7.278409004211426,5.415480136871338,0.9204797744750977
1789130151634691000,101.04069116210937,4.034967422485352,6.118801593780518,0.5923447012901306
1789130151650704600,101.05670458984375,5.0356903076171875,5.6619648933410645,0.324746310710907
1789130151666713600,101.07271362304688,3.6481733322143555,3.8175578117370605,1.0474753379821777
1789130151682729000,101.08872900390625,1.5715274810791016,1.9452261924743652,-0.47516709566116333
1789130151698745000,101.1047451171875,-0.13561677932739258,0.4510927200317383,-1.6333796977996826
1789130151714759700,101.120759765625,-0.8917737007141113,-0.583763599395752,-1.7214274406433105
1789130151730772700,101.13677270507813,-0.758141040802002,-0.7163200378417969,-1.1799488067626953
1789130151746783000,101.15278295898437,-0.7969613075256348,-0.5162787437438965,-0.5617998838424683
1789130151762795000,101.168794921875,-0.9414734840393066,0.1563706398010254,0.3815186023712158
1789130151778804200,101.18480419921875,-1.6267523765563965,0.5478286743164062,1.44741690158844
1789130151794814000,101.20081396484375,-1.7644877433776855,0.933861255645752,1.1780236959457397
1789130151810824000,101.21682397460937,-0.8930611610412598,0.6523289680480957,-0.4803825616836548
1789130151826829800,101.23282983398437,0.5932736396789551,0.5602149963378906,-0.6967015862464905
1789130151842845000,101.24884497070312,1.2461285591125488,0.25015783309936523,-0.46167492866516113
1789130151858861800,101.26486181640625,1.2181129455566406,-0.16836261749267578,-0.5521318912506104
1789130151874870800,101.28087084960937,0.5179119110107422,-0.4233412742614746,-0.8114122152328491
1789130151890882000,101.29688208007812,-0.5603580474853516,-0.4120755195617676,-0.7887792587280273
1789130151906890000,101.31288989257813,-1.397329330444336,0.22135257720947266,-0.4351595640182495
1789130151922900700,101.32890063476563,-1.3701343536376953,-0.023861408233642578,-0.4874316453933716
1789130151938906000,101.34490600585937,-1.1037039756774902,0.17710447311401367,-0.31023621559143066
1789130151954918400,101.36091845703125,-0.905242919921875,0.2940340042114258,-0.15176618099212646
1789130151970934300,101.37693432617188,-0.6921806335449219,0.3937034606933594,-0.10250532627105713
1789130151986947800,101.39294775390626,0.07644271850585938,0.5662589073181152,0.01964271068572998
1789130152002960000,101.4089599609375,0.4173750877380371,0.6206884384155273,0.014275074005126953
1789130152018967800,101.4249677734375,0.510434627532959,0.31313514709472656,-0.44315266609191895
1789130152034976300,101.44097631835938,0.2417774200439453,0.2742486000061035,-0.4836050271987915
1789130152050983700,101.45698364257812,0.09352684020996094,0.2568211555480957,-0.3136448860168457
1789130152066993200,101.4729931640625,-0.15470504760742188,0.29038143157958984,-0.12579667568206787
1789130152083001900,101.489001953125,-0.2116842269897461,0.2569761276245117,-0.2221672534942627
1789130152099000000,101.505,-0.057505130767822266,0.2606520652770996,-0.17826318740844727
1789130152115002000,101.52100219726563,0.05076265335083008,0.23291492462158203,-0.043784141540527344
1789130152131009300,101.53700927734376,0.07122468948364258,0.24902915954589844,-0.19091534614562988
1789130152147023000,101.55302319335938,0.35905981063842773,0.2641010284423828,-0.16404426097869873
1789130152163032000,101.56903198242188,0.3872494697570801,0.9713358879089355,0.23272401094436646
1789130152179038700,101.58503881835938,0.41280126571655273,1.5194592475891113,0.5327825546264648
1789130152195041800,101.60104174804688,1.3209667205810547,1.9302992820739746,0.43560200929641724
1789130152211043300,101.61704321289062,2.346747875213623,1.9293341636657715,0.5753651261329651
1789130152227048200,101.63304809570313,2.9179177284240723,1.9500937461853027,0.5426114797592163
1789130152243055000,101.64905517578126,1.9047627449035645,1.6761760711669922,0.4067748188972473
1789130152259064800,101.66506494140626,0.42624759674072266,1.4075446128845215,-0.33545005321502686
1789130152275066400,101.68106640625,-0.6062421798706055,0.8827662467956543,-1.3945701122283936
1789130152291067400,101.6970673828125,-1.0571527481079102,0.04032087326049805,-2.295229911804199
1789130152307069700,101.71306958007813,-1.6509723663330078,-0.7150850296020508,-2.3926687240600586
1789130152323075800,101.72907592773437,-1.6968345642089844,-1.240992546081543,-2.2590842247009277
1789130152339083800,101.74508374023438,-1.2713031768798828,-1.9014830589294434,-2.018190622329712
1789130152355091200,101.76109130859375,-0.21058034896850586,-2.0448436737060547,-1.7062770128250122
1789130152371097000,101.77709716796875,0.07124710083007812,-2.130791187286377,-1.9529973268508911
1789130152387110000,101.79310986328124,-0.9625644683837891,-2.353118419647217,-2.193620204925537
1789130152403125800,101.80912573242188,-1.57045316696167,-2.3958852291107178,-2.2455785274505615
1789130152419133200,101.82513330078125,-2.252384662628174,-2.055607318878174,-1.918317437171936
1789130152435137800,101.8411376953125,-2.381831169128418,-1.879167079925537,-2.021550178527832
1789130152451144400,101.85714453125,-1.828643798828125,-1.635352611541748,-1.8165297508239746
1789130152467156000,101.87315600585937,-0.8834872245788574,-1.4211668968200684,-0.8533316850662231
1789130152483164400,101.88916430664062,0.5033378601074219,-1.092817783355713,-0.15958887338638306
1789130152499175400,101.90517553710937,1.2216897010803223,-1.0242424011230469,0.186833918094635
1789130152515183600,101.92118359375,1.6541194915771484,-0.998356819152832,0.4846702218055725
1789130152531196000,101.93719580078125,0.9117040634155273,-1.2198405265808105,0.9426950216293335
1789130152547202800,101.95320288085938,-2.7205810546875,-0.14056110382080078,0.5794804096221924
1789130152563208200,101.96920825195312,-1.6576447486877441,-0.3248329162597656,0.2659865617752075
1789130152579218200,101.98521826171876,2.2093396186828613,1.665480613708496,3.6534087657928467
1789130152595228700,102.00122875976562,2.1014370918273926,3.328294277191162,6.240590572357178
1789130152611235600,102.01723559570313,3.34531307220459,5.06003475189209,5.157992362976074
1789130152627246000,102.03324609375,3.2461509704589844,4.0668230056762695,2.661093235015869
1789130152643249200,102.04924926757812,0.3434329032897949,0.33773279190063477,1.470327615737915
1789130152659257600,102.06525756835937,-0.8686585426330566,-1.2343635559082031,0.8453072309494019
1789130152675267800,102.08126782226563,-1.9147019386291504,-1.3334903717041016,0.018786825239658356
1789130152691275300,102.09727514648438,-3.121082305908203,-1.1798772811889648,-0.2670633792877197
1789130152707281400,102.11328149414062,-3.615013837814331,-0.8062243461608887,-0.2963717579841614
1789130152723288000,102.1292880859375,-2.6475253105163574,-0.059972286224365234,-0.1095135360956192
1789130152739296800,102.145296875,-1.5307021141052246,0.9901347160339355,0.2719678282737732
1789130152755299800,102.1612998046875,-0.16060352325439453,1.7735199928283691,0.4233784079551697
1789130152771302000,102.17730200195312,1.5014638900756836,1.7597122192382812,0.4680488705635071
1789130152787300600,102.19330053710938,1.5875282287597656,1.3942933082580566,0.18377821147441864
1789130152803304700,102.2093046875,0.6640653610229492,0.5189876556396484,-0.34542351961135864
1789130152819309800,102.22530981445313,-0.7140426635742188,0.06468057632446289,-0.6254236698150635
1789130152835315200,102.24131518554688,-1.4017014503479004,-0.26494550704956055,-0.7130352854728699
1789130152851320600,102.25732055664062,-1.500683307647705,0.5188202857971191,-0.1127665564417839
1789130152867324700,102.27332470703125,-0.9209446907043457,0.6931724548339844,-0.17259004712104797
1789130152883320600,102.28932055664062,0.0292510986328125,0.32991790771484375,-0.427524596452713
1789130152899327000,102.30532690429688,0.8141188621520996,-0.10815668106079102,-0.6159580945968628
1789130152915329800,102.32132983398438,1.1147665977478027,-0.5130109786987305,-0.6920907497406006
1789130152931332600,102.33733251953124,0.8674502372741699,-0.44306278228759766,-0.5538477897644043
1789130152947334700,102.35333471679688,0.4359464645385742,-0.056171417236328125,-0.25633111596107483
1789130152963338000,102.369337890625,-0.25416088104248047,0.1579751968383789,-0.09253361821174622
1789130152979341300,102.38534130859375,-0.8423633575439453,0.25627851486206055,-0.03911620378494263
1789130152995343600,102.40134350585937,-0.9203834533691406,0.3238973617553711,0.10810177028179169
1789130153011349200,102.41734936523437,-0.5030670166015625,0.43317270278930664,0.37147024273872375
1789130153027362800,102.43336279296875,-0.33060598373413086,0.35211896896362305,0.3619998097419739
1789130153043370800,102.44937084960938,0.09049510955810547,0.1805262565612793,0.2271813154220581
1789130153059378000,102.4653779296875,0.010477542877197266,0.15567684173583984,-0.010627485811710358
1789130153075382800,102.4813828125,0.06490755081176758,0.15923023223876953,-0.274313360452652
1789130153091384800,102.497384765625,0.2318868637084961,0.08825016021728516,-0.36545872688293457
1789130153107393300,102.51339331054687,-0.0568242073059082,0.0703134536743164,-0.26324427127838135
1789130153123409700,102.52940966796875,-0.43831539154052734,0.08788061141967773,-0.3332104980945587
1789130153139418600,102.54541870117187,-0.4135456085205078,0.1350545883178711,-0.041924819350242615
1789130153155429000,102.56142919921875,-0.16730785369873047,0.11865854263305664,0.21027019619941711
1789130153171441700,102.57744165039063,-0.1950054168701172,0.19423913955688477,0.32910656929016113
1789130153187453000,102.59345288085937,-0.17861413955688477,0.16326284408569336,0.26066914200782776
1789130153203465200,102.60946533203125,0.1040658950805664,-0.042911529541015625,0.14643573760986328
1789130153219474000,102.62547387695312,0.4291214942932129,-0.06152009963989258,-0.06679023802280426
1789130153235482000,102.64148217773437,0.6944103240966797,-0.34667301177978516,-0.33960282802581787
1789130153251493000,102.6574931640625,0.4995431900024414,-0.5114345550537109,-0.4667549133300781
1789130153267503900,102.67350390625,-0.22435903549194336,-0.056104183197021484,-0.4483746290206909
1789130153283512300,102.68951220703126,-0.28034448623657227,0.2714700698852539,-0.36988693475723267
1789130153299524900,102.70552490234375,-0.6865606307983398,0.20212554931640625,-0.36620938777923584
1789130153315530200,102.7215302734375,-0.42418670654296875,0.3889913558959961,0.04795563966035843
1789130153331543300,102.73754321289063,-0.4590325355529785,0.5189156532287598,0.013156704604625702
1789130153347556000,102.75355615234375,-0.36699533462524414,0.32630252838134766,-0.07961130142211914
1789130153363567400,102.7695673828125,-0.4765787124633789,0.0772089958190918,-0.15794293582439423
1789130153379579600,102.78557958984375,-0.3439030647277832,0.09398174285888672,-0.08962796628475189
1789130153395592200,102.80159228515625,0.006175994873046875,0.1282334327697754,0.06823942065238953
1789130153411597600,102.81759765625,0.12378406524658203,0.11700630187988281,0.10177432000637054
1789130153427605800,102.83360571289063,0.16722345352172852,-0.040532588958740234,0.05642126500606537
1789130153443609000,102.84960913085938,0.12109375,-0.10858869552612305,0.006334751844406128
1789130153459613200,102.86561328125,0.11149215698242188,-0.031439781188964844,-0.028565004467964172
1789130153475623400,102.88162353515625,0.1623549461364746,0.0759115219116211,-0.08936186134815216
1789130153491630000,102.89763012695313,0.0450439453125,0.08283472061157227,-0.14845116436481476
1789130153507631600,102.91363159179687,-0.1555767059326172,0.18713808059692383,-0.18537339568138123
1789130153523638000,102.92963793945313,-0.15112638473510742,0.2201676368713379,-0.18729397654533386
1789130153539645700,102.94564575195312,-0.23400306701660156,0.2205796241760254,-0.226068377494812
1789130153555652600,102.96165258789063,-0.3221611976623535,0.2931632995605469,-0.25554054975509644
1789130153571666700,102.97766674804687,-0.189727783203125,0.27428579330444336,-0.4015115797519684
1789130153587674600,102.99367456054688,-0.29907751083374023,0.18621301651000977,-0.428511381149292
1789130153603687000,103.00968701171875,-0.37482213973999023,0.07461309432983398,-0.6143198013305664
1789130153619704600,103.02570458984376,-0.22442913055419922,0.7376108169555664,-0.2275061458349228
1789130153635718100,103.04171826171876,-0.3827638626098633,0.3833961486816406,-0.3630716800689697
1789130153651731700,103.05773168945312,-0.8061332702636719,0.24233150482177734,-0.7187979221343994
1789130153667748600,103.07374853515626,-1.1530413627624512,0.3608689308166504,-0.7105305194854736
1789130153683768300,103.08976831054687,-0.7076478004455566,0.6880168914794922,-0.37410101294517517
1789130153699781600,103.10578173828125,-0.5341939926147461,0.6075525283813477,-0.25810733437538147
1789130153715797200,103.12179736328125,-0.7460923194885254,0.4006795883178711,-0.4738767147064209
1789130153731812000,103.13781201171875,-0.8286442756652832,0.4132556915283203,-0.46143820881843567
1789130153747818000,103.15381787109375,-0.07387065887451172,0.6070952415466309,-0.22669047117233276
1789130153763822300,103.169822265625,0.25107288360595703,0.5271525382995605,-0.16198652982711792
1789130153779826000,103.18582592773437,-0.1969437599182129,0.34475231170654297,-0.6231353878974915
1789130153795839000,103.2018388671875,-0.3689088821411133,0.4272284507751465,-0.8433189392089844
1789130153811849200,103.21784912109375,0.13059329986572266,0.4357738494873047,-0.7658064365386963
1789130153827861500,103.23386157226562,0.23678922653198242,0.4592318534851074,-0.7004692554473877
1789130153843872800,103.24987280273437,-0.5905113220214844,0.6507740020751953,-0.9160717725753784
1789130153859883800,103.2658837890625,-0.8236193656921387,0.4343686103820801,-0.974064290523529
1789130153875894500,103.28189453125,-0.9049406051635742,0.8951315879821777,-0.7260469794273376
1789130153891902700,103.29790283203126,-0.9814677238464355,1.0307607650756836,-0.6591969132423401
1789130153907908900,103.31390893554688,-0.7506027221679688,1.2568845748901367,-0.948107123374939
1789130153923920000,103.329919921875,-1.3350000381469727,0.6227445602416992,-1.3264659643173218
1789130153939928600,103.34592846679688,-1.1705522537231445,0.5647945404052734,-1.2680332660675049
1789130153955937800,103.36193774414062,-1.0780482292175293,0.8668947219848633,-1.209601879119873
1789130153971942000,103.37794189453125,-0.5984992980957031,1.0787057876586914,-0.9007043242454529
1789130153987950800,103.39395092773438,-0.4914226531982422,1.161503791809082,-1.0260018110275269
1789130154003956700,103.40995678710938,-1.3878788948059082,1.000722885131836,-1.299215316772461
1789130154019967700,103.4259677734375,-1.2056779861450195,0.7106118202209473,-1.4891130924224854
1789130154035974000,103.44197387695313,-0.9738225936889648,0.7886962890625,-1.379521369934082
1789130154051986200,103.45798608398438,-0.6869802474975586,0.7835793495178223,-1.129594326019287
1789130154068000300,103.47400024414063,-0.4045853614807129,0.8118162155151367,-1.078229308128357
1789130154084016600,103.4900166015625,-0.6424722671508789,0.7384958267211914,-1.1695191860198975
1789130154100034600,103.50603466796875,-0.639345645904541,0.6456894874572754,-1.2027180194854736
1789130154116051700,103.5220517578125,-0.5201125144958496,0.7394828796386719,-1.0595163106918335
1789130154132064800,103.53806469726563,-0.6381292343139648,0.7987060546875,-0.9319868087768555
1789130154148073500,103.55407348632812,-0.7935466766357422,0.7140660285949707,-0.9028817415237427
1789130154164085500,103.57008544921875,-0.9292540550231934,0.5626688003540039,-0.779300332069397
1789130154180095700,103.586095703125,-0.8296847343444824,0.5641918182373047,-0.5825477838516235
1789130154196098800,103.60209887695312,-0.5110020637512207,0.6709938049316406,-0.4189249277114868
1789130154212098800,103.61809887695313,-0.41927146911621094,0.5338492393493652,-0.3362387418746948
1789130154228101400,103.63410131835937,-0.3130760192871094,0.4907870292663574,-0.3875393867492676
1789130154244113200,103.65011303710938,-0.18441534042358398,0.4134039878845215,-0.36355042457580566
1789130154260127000,103.666126953125,-0.19731664657592773,0.29311609268188477,-0.3110710382461548
1789130154276139000,103.68213891601563,0.08068132400512695,0.21945619583129883,-0.19490444660186768
1789130154292156400,103.69815649414062,0.5312156677246094,0.19673538208007812,0.11206984519958496
1789130154308172000,103.71417211914063,0.41458845138549805,0.047905921936035156,0.14785873889923096
1789130154324186400,103.73018627929687,-0.01687765121459961,-0.12743043899536133,0.036972880363464355
1789130154340194300,103.7461943359375,0.20298242568969727,-0.2447810173034668,0.2986818552017212
1789130154356207600,103.76220751953124,0.49918460845947266,-0.2050018310546875,0.6356076002120972
1789130154372213800,103.7782138671875,0.8138828277587891,-0.2369685173034668,0.8591241836547852
1789130154388218000,103.79421801757813,0.8649601936340332,-0.43521833419799805,0.8910143971443176
1789130154404233700,103.81023364257813,0.6386189460754395,-0.6347794532775879,0.7326659560203552
1789130154420249600,103.82624951171876,0.8407158851623535,-0.7801313400268555,0.633683443069458
1789130154436264400,103.84226440429687,1.129837989807129,-0.7197113037109375,0.5505433678627014
1789130154452278800,103.85827880859375,1.184804916381836,-0.6578764915466309,0.4243810176849365
1789130154468287500,103.87428759765625,0.8805050849914551,-0.6181049346923828,0.3436242341995239
1789130154484292600,103.89029272460938,0.7195620536804199,-0.609898567199707,0.4241310954093933
1789130154500302600,103.90630249023438,0.6322112083435059,-0.6039080619812012,0.6726926565170288
1789130154516312000,103.92231201171874,0.4524507522583008,-0.5436697006225586,0.7596514225006104
1789130154532325600,103.93832568359375,0.4431781768798828,-0.5103507041931152,0.8517287969589233
1789130154548343000,103.95434301757813,0.5835118293762207,-0.5930614471435547,1.0660450458526611
1789130154564358700,103.97035864257812,0.5646562576293945,-0.6350541114807129,1.096860408782959
1789130154580374000,103.9863740234375,0.6275806427001953,-0.5331592559814453,1.1012089252471924
1789130154596388400,104.00238842773437,0.543881893157959,-0.43270158767700195,1.0382691621780396
1789130154612405000,104.01840502929687,0.27829408645629883,-0.43335437774658203,0.8271721601486206
1789130154628419800,104.034419921875,0.5839533805847168,-0.6109256744384766,0.7985477447509766
1789130154644431000,104.05043115234375,0.9814167022705078,-0.6608419418334961,0.9913772344589233
1789130154660441900,104.06644189453125,1.2298588752746582,-0.6327614784240723,0.9966756105422974
1789130154676450600,104.08245043945313,1.098301887512207,-0.6255779266357422,0.9879491329193115
1789130154692461600,104.09846166992187,1.1521086692810059,-0.5919718742370605,0.8540184497833252
1789130154708472000,104.11447216796876,1.2114496231079102,-0.6489672660827637,0.666011393070221
1789130154724481500,104.1304814453125,1.1174211502075195,-0.7103376388549805,0.519830048084259
1789130154740494800,104.14649487304688,0.9651765823364258,-0.5988950729370117,0.44023430347442627
1789130154756505300,104.16250537109374,0.9402523040771484,-0.4316568374633789,0.34674668312072754
1789130154772519200,104.17851928710938,0.6185088157653809,-0.4684782028198242,0.20837420225143433
1789130154788536800,104.19453686523437,0.3877434730529785,-0.42332935333251953,0.21044105291366577
1789130154804550000,104.2105498046875,0.47957944869995117,-0.3888669013977051,0.3332403302192688
1789130154820558000,104.22655810546875,0.5560660362243652,-0.26172590255737305,0.49785280227661133
1789130154836572400,104.24257250976562,0.5402369499206543,-0.1416792869567871,0.4161375164985657
1789130154852583200,104.25858325195313,-0.010367870330810547,-0.12241840362548828,0.14302724599838257
1789130154868587800,104.274587890625,-0.20502662658691406,-0.004992008209228516,0.026991605758666992
1789130154884595700,104.290595703125,0.08219432830810547,0.0035066604614257812,-0.011973202228546143
1789130154900605400,104.30660546875,0.2766704559326172,-0.02482318878173828,0.04951280355453491
1789130154916611000,104.32261108398437,0.05937051773071289,-0.0006999969482421875,0.0155068039894104
1789130154932613400,104.33861328125,-0.26822710037231445,0.10552692413330078,0.0433390736579895
1789130154948621300,104.35462133789062,-0.38298797607421875,0.20524311065673828,0.13240677118301392
1789130154964635000,104.370634765625,-0.2157282829284668,0.12361669540405273,0.2219448685646057
1789130154980649000,104.38664892578124,-0.045815467834472656,0.08758354187011719,0.1589227318763733
1789130154996660200,104.40266015625,-0.2507486343383789,0.039559364318847656,-0.002595841884613037
1789130155012669000,104.4186689453125,0.27215003967285156,-0.2665281295776367,-0.15593552589416504
1789130155028676400,104.43467626953125,-0.26563405990600586,0.10635185241699219,-0.2989709973335266
1789130155044680700,104.4506806640625,-0.3053007125854492,0.13960933685302734,-0.27697134017944336
1789130155060686600,104.4666865234375,-0.6473498344421387,0.12152099609375,-0.2515454888343811
1789130155076697300,104.482697265625,-0.39232730865478516,0.9924459457397461,0.004405856132507324
1789130155092706800,104.49870678710937,-0.6531295776367188,0.751612663269043,-0.36302614212036133
1789130155108719400,104.51471923828124,-0.37722063064575195,0.8950295448303223,-0.2635866403579712
1789130155124733700,104.53073364257813,-0.5816125869750977,0.5611205101013184,-0.41183072328567505
1789130155140746200,104.54674633789062,-0.5240931510925293,0.33989620208740234,-0.49092942476272583
1789130155156757000,104.56275708007813,-0.12348318099975586,0.29839515686035156,-0.3232762813568115
1789130155172769500,104.57876953125,0.05770444869995117,0.3041229248046875,-0.2940870523452759
1789130155188778500,104.59477856445312,-0.16456937789916992,0.19705677032470703,-0.3719019889831543
1789130155204789200,104.61078930664063,-0.14809179306030273,0.08101034164428711,-0.44964373111724854
1789130155220795400,104.62679541015625,0.08008432388305664,0.1321115493774414,-0.4376949667930603
1789130155236804000,104.64280419921874,-0.02746438980102539,0.13630199432373047,-0.6147542595863342
1789130155252815400,104.6588154296875,-0.08786964416503906,0.18448448181152344,-0.6046835780143738
1789130155268831000,104.6748310546875,-0.2989163398742676,0.14384889602661133,-0.6560857892036438
1789130155284841200,104.69084130859375,-0.3185000419616699,0.3328261375427246,-0.4181938171386719
1789130155300854300,104.70685424804688,-0.3393893241882324,0.33962106704711914,-0.31207597255706787
1789130155316870700,104.72287060546876,-0.3312187194824219,0.32057714462280273,-0.24159294366836548
1789130155332883000,104.73888305664063,-0.2957425117492676,0.3597393035888672,-0.08585309982299805
1789130155348890000,104.75489013671876,-0.4426255226135254,0.2411789894104004,-0.14293652772903442
1789130155364896300,104.77089624023438,-0.36270666122436523,0.15796232223510742,-0.07744598388671875
1789130155380902700,104.78690258789062,-0.2127528190612793,0.13258028030395508,0.04770386219024658
1789130155396915700,104.80291577148438,0.08110952377319336,0.25347423553466797,0.13273996114730835
1789130155412922600,104.81892260742187,-0.003910064697265625,0.15401363372802734,-0.07685518264770508
1789130155428929500,104.83492944335937,-0.17515325546264648,-0.061070919036865234,-0.3859720230102539
1789130155444940300,104.85094018554688,0.15600013732910156,-0.10873174667358398,-0.45314550399780273
1789130155460953600,104.86695361328125,0.4707155227661133,-0.07336568832397461,-0.31061625480651855
1789130155476966100,104.88296606445313,0.5315213203430176,0.00098419189453125,-0.26517724990844727
1789130155492975000,104.89897509765625,0.35101318359375,-0.01762533187866211,-0.44271206855773926
1789130155508982800,104.91498266601562,0.08764028549194336,-0.12499046325683594,-0.5334528684616089
1789130155524995000,104.9309951171875,-0.18279647827148438,-0.39167070388793945,-0.6102015972137451
1789130155541008600,104.94700854492187,0.05515146255493164,-0.21897459030151367,-0.27411949634552
1789130155557019400,104.96301928710938,0.061036109924316406,-0.039885520935058594,-0.031350135803222656
1789130155573027800,104.97902783203125,0.017757892608642578,0.1164240837097168,0.0678638219833374
1789130155589035300,104.99503515625,-0.24588871002197266,0.14899063110351562,-0.08310651779174805
1789130155605048300,105.01104833984375,-0.053006649017333984,0.3893256187438965,0.0581364631652832
1789130155621056300,105.02705615234375,-0.18699932098388672,0.3244609832763672,-0.12019038200378418
1789130155637061600,105.0430615234375,-0.043904781341552734,0.3738694190979004,-0.08535599708557129
1789130155653067800,105.05906787109375,0.04607820510864258,0.32678651809692383,0.029028773307800293
1789130155669076200,105.075076171875,0.25197315216064453,0.3289070129394531,0.32874149084091187
1789130155685081600,105.09108154296875,0.2665529251098633,0.3365640640258789,0.5095210671424866
1789130155701091000,105.10709106445313,0.13338756561279297,0.34853458404541016,0.398673951625824
1789130155717104400,105.1231044921875,-0.052073001861572266,0.28864049911499023,0.270305335521698
1789130155733113000,105.13911303710937,0.028299331665039062,0.10128068923950195,0.08392989635467529
1789130155749126400,105.15512646484375,0.26132678985595703,0.04860734939575195,0.07624995708465576
1789130155765135000,105.17113500976562,0.5373711585998535,0.2797994613647461,0.07671260833740234
1789130155781135000,105.18713500976563,0.29120969772338867,0.18654394149780273,-0.10911452770233154
1789130155797140200,105.20314013671874,0.23263931274414062,-0.017776966094970703,-0.33477258682250977
1789130155813142500,105.219142578125,0.28586626052856445,-0.0424041748046875,-0.31226086616516113
1789130155829148000,105.23514794921876,0.3997054100036621,0.13572168350219727,0.013175606727600098
1789130155845158000,105.25115795898438,0.13921022415161133,0.11428022384643555,-0.08757007122039795
1789130155861167000,105.2671669921875,-0.13437175750732422,0.1589679718017578,-0.0774846076965332
1789130155877171700,105.28317163085937,-0.4844942092895508,0.13614749908447266,-0.08448660373687744
1789130155893177900,105.299177734375,-0.48371028900146484,-0.018480300903320312,-0.004134654998779297
1789130155909182000,105.31518188476562,-0.18755722045898438,-0.028353214263916016,0.10494136810302734
1789130155925181000,105.33118090820312,-0.09960699081420898,0.007854461669921875,0.23094505071640015
1789130155941183200,105.34718334960938,0.2260885238647461,0.061554908752441406,0.08572936058044434
1789130155957184300,105.36318432617188,0.08834552764892578,-0.004086017608642578,-0.35364675521850586
1789130155973188600,105.37918872070313,-0.16760778427124023,-0.2824516296386719,-0.7217986583709717
1789130155989195800,105.39519580078125,-0.061287879943847656,-0.4215240478515625,-0.5595133304595947
1789130156005200600,105.41120068359375,0.07374334335327148,-0.2834153175354004,-0.09434235095977783
1789130156021205200,105.42720532226562,0.03727531433105469,-0.17560863494873047,0.15494036674499512
1789130156037209000,105.443208984375,0.022025585174560547,0.03597593307495117,0.2421954870223999
1789130156053217500,105.45921752929688,-0.2715005874633789,0.00005340576171875,0.019732952117919922
1789130156069224700,105.475224609375,-0.031208038330078125,0.027892112731933594,-0.03329062461853027
1789130156085233400,105.4912333984375,0.41106319427490234,0.2703237533569336,-0.010607719421386719
1789130156101244000,105.50724389648437,0.5629673004150391,0.2812643051147461,-0.07109105587005615
1789130156117254000,105.52325390625,0.366823673248291,0.00726318359375,-0.39247381687164307
1789130156133264100,105.53926416015625,0.33954429626464844,0.04732513427734375,-0.259682297706604
1789130156149277200,105.55527709960937,0.18223285675048828,-0.16666126251220703,-0.20887601375579834
1789130156165286400,105.57128637695313,0.48590898513793945,-0.037789344787597656,0.20569169521331787
1789130156181295400,105.58729541015624,0.36971235275268555,0.08598995208740234,0.3530017137527466
1789130156197305300,105.60330541992188,-0.05742597579956055,-0.018960952758789062,0.06323707103729248
1789130156213315000,105.61931518554688,-0.22968578338623047,0.10515451431274414,0.2530696392059326
1789130156229319200,105.63531909179687,-0.008803844451904297,0.32546424865722656,0.3233909010887146
1789130156245324800,105.65132470703125,-0.06665802001953125,0.25937652587890625,0.15460312366485596
1789130156261331000,105.6673310546875,-0.09838151931762695,0.2096233367919922,0.1421438455581665
1789130156277340700,105.68334057617187,-0.16933679580688477,0.07889509201049805,0.16077756881713867
1789130156293351700,105.6993515625,-0.036583900451660156,0.2799873352050781,0.3872435688972473
1789130156309369900,105.71536987304688,-0.1824026107788086,0.24213123321533203,0.4155395030975342
1789130156325387300,105.73138720703125,-0.12063455581665039,0.13832616806030273,0.46714359521865845
1789130156341400300,105.747400390625,-0.008080005645751953,-0.08459615707397461,0.5412229895591736
1789130156357409000,105.76340893554688,0.14497852325439453,-0.25399160385131836,0.5922527313232422
1789130156373420300,105.77942016601563,0.2893810272216797,-0.4257936477661133,0.6278790235519409
1789130156389438000,105.79543798828125,0.47992658615112305,-0.4345741271972656,0.7221353054046631
1789130156405457400,105.81145751953125,0.4295964241027832,-0.30759382247924805,0.6942559480667114
1789130156421477400,105.82747729492188,0.5229263305664062,-0.14948081970214844,0.669062614440918
1789130156437489700,105.84348974609375,0.5287618637084961,-0.3791646957397461,0.7163053154945374
1789130156453497000,105.8594970703125,0.8831815719604492,-0.3159499168395996,0.7625226974487305
1789130156469507000,105.87550708007812,0.8007121086120605,-0.5044565200805664,0.5666264295578003
1789130156485515300,105.89151538085937,0.5415554046630859,-0.8007006645202637,0.45283469557762146
1789130156501522000,105.90752197265626,0.9797773361206055,-0.4430966377258301,0.7554923295974731
1789130156517524700,105.92352465820312,1.1637935638427734,-0.2151198387145996,0.6478807330131531
1789130156533534000,105.93953393554688,0.9001655578613281,-0.26018381118774414,0.3223077058792114
1789130156549546000,105.9555458984375,0.6044011116027832,-0.4784083366394043,0.07769769430160522
1789130156565560300,105.97156030273437,0.2912425994873047,-0.7950520515441895,0.017082512378692627
1789130156581570800,105.98757080078126,0.39160776138305664,-0.8606257438659668,0.28495293855667114
1789130156597582600,106.00358251953125,0.7517457008361816,-0.48934507369995117,1.078106164932251
1789130156613597700,106.01959765625,0.1741657257080078,-0.4124608039855957,1.1480584144592285
1789130156629610000,106.03560986328125,-0.2738370895385742,-0.24376916885375977,1.054744005203247
1789130156645619200,106.051619140625,-0.379086971282959,-0.08162879943847656,0.860923171043396
1789130156661631500,106.06763159179687,-0.4834141731262207,-0.2264871597290039,0.46946078538894653
1789130156677639200,106.08363916015625,-0.34067440032958984,-0.37430763244628906,0.03926873207092285
1789130156693649000,106.09964892578125,0.33606719970703125,-0.23241472244262695,0.01366877555847168
1789130156709652700,106.11565283203124,0.4979100227355957,-0.0680856704711914,-0.11769598722457886
1789130156725657000,106.13165698242187,-0.0358428955078125,0.002388477325439453,-0.3775337338447571
1789130156741666000,106.147666015625,-0.42990875244140625,0.12925004959106445,-0.37943172454833984
1789130156757668000,106.16366821289063,-0.7116250991821289,0.3295860290527344,-0.11998742818832397
1789130156773670700,106.17967065429687,-0.4078211784362793,0.600102424621582,0.39127445220947266
1789130156789676000,106.19567602539063,-0.7140617370605469,0.3033123016357422,0.21322643756866455
1789130156805681400,106.21168139648438,-0.5008196830749512,0.27190256118774414,0.22344285249710083
1789130156821686300,106.22768627929688,-0.2786064147949219,0.1792597770690918,0.21066680550575256
1789130156837697000,106.24369702148438,0.0843653678894043,0.10460805892944336,-0.07773751020431519
1789130156853706000,106.2597060546875,0.39165449142456055,0.1249842643737793,-0.3517013192176819
1789130156869708500,106.27570849609376,0.2224884033203125,0.03861236572265625,-0.8277756571769714
1789130156885716200,106.29171630859375,-0.011560440063476562,-0.08853816986083984,-1.2758779525756836
1789130156901720300,106.30772021484376,0.01705646514892578,0.10490846633911133,-1.1582927703857422
1789130156917720600,106.32372045898437,0.05963754653930664,0.1977100372314453,-0.8581122756004333
1789130156933723000,106.33972290039063,-0.04867839813232422,0.5850353240966797,-0.5214444398880005
1789130156949726500,106.3557265625,-0.31954383850097656,0.8865790367126465,-0.4804367423057556
1789130156965731000,106.37173095703125,-0.2749156951904297,0.867365837097168,-0.38381844758987427
1789130156981741300,106.3877412109375,-0.5249567031860352,0.9125418663024902,-0.2708044648170471
1789130156997753000,106.40375317382812,-0.0121307373046875,1.2051963806152344,-0.13096779584884644
1789130157013761800,106.41976171875,-0.26671791076660156,0.9774084091186523,-0.4664319157600403
1789130157029772500,106.4357724609375,-0.27003955841064453,0.4830436706542969,-0.9339507818222046
1789130157045785900,106.45178588867188,0.6695270538330078,0.7166037559509277,-0.7252533435821533
1789130157061793000,106.46779296875,0.915003776550293,0.7405862808227539,-0.7188732624053955
1789130157077803300,106.48380322265625,0.4409370422363281,0.4882850646972656,-1.159291386604309
1789130157093814500,106.499814453125,0.12264680862426758,0.41486501693725586,-1.2529094219207764
1789130157109825800,106.51582568359375,-0.20361661911010742,0.4199223518371582,-0.7191519141197205
1789130157125835500,106.53183544921875,0.28597450256347656,0.523345947265625,-0.4976920485496521
1789130157141849900,106.54784985351563,0.3879389762878418,0.7705287933349609,-0.13000088930130005
1789130157157862400,106.5638623046875,0.21793651580810547,0.5599637031555176,-0.2800670266151428
1789130157173875500,106.57987548828125,-0.30422115325927734,0.2574286460876465,-0.707433819770813
1789130157189890000,106.59589013671875,-0.07631540298461914,0.33924341201782227,-0.5817703604698181
1789130157205901800,106.61190185546874,-0.6221776008605957,0.02281475067138672,-0.5746657252311707
1789130157221910800,106.62791088867188,-0.2790994644165039,0.5119237899780273,-0.31637346744537354
1789130157237921300,106.64392138671874,-1.0605525970458984,0.5663018226623535,0.029282331466674805
1789130157253927200,106.65992724609374,-1.8634247779846191,0.44044065475463867,-0.08005553483963013
1789130157269934600,106.6759345703125,-2.136274814605713,0.5967311859130859,-0.05848872661590576
1789130157285937700,106.69193774414063,-2.081234931945801,0.8208622932434082,0.1890399307012558
1789130157301935000,106.70793505859375,-2.0746073722839355,0.7423067092895508,0.6861649751663208
1789130157317940000,106.72393994140624,-1.0686554908752441,0.947662353515625,0.8518989086151123
1789130157333947000,106.73994677734375,-0.7745265960693359,1.6020727157592773,1.1453619003295898
1789130157349953800,106.75595385742187,-1.1796703338623047,2.3919944763183594,1.8214207887649536
1789130157365959000,106.771958984375,-1.1329631805419922,3.271955966949463,3.1510088443756104
1789130157381963800,106.7879638671875,-1.148897647857666,2.941580295562744,3.7403247356414795
1789130157397967600,106.80396752929687,-0.866055965423584,2.324589729309082,2.894221067428589
1789130157413972200,106.81997216796876,-0.350858211517334,2.144249439239502,2.0139575004577637
1789130157429976300,106.83597631835937,0.2426929473876953,1.509328842163086,0.9374493956565857
1789130157445983200,106.85198315429687,0.3377513885498047,-0.6645798683166504,0.0013242363929748535
1789130157461990700,106.86799072265624,0.809849739074707,-2.7183284759521484,-1.7200748920440674
1789130157477996300,106.88399633789062,0.5708475112915039,-3.1471292972564697,-2.376112461090088
1789130157494007800,106.9000078125,0.35306692123413086,-2.7393832206726074,-1.8636395931243896
1789130157510020000,106.91602001953125,1.000563621520996,-1.339491844177246,-0.6096860766410828
1789130157526035700,106.93203564453125,2.0480527877807617,0.2379317283630371,0.19636428356170654
1789130157542046200,106.94804614257812,2.7804183959960938,1.1588754653930664,-0.4211142957210541
1789130157558061300,106.96406127929687,1.397569179534912,0.8683047294616699,-1.5749566555023193
1789130157574073300,106.9800732421875,0.9426708221435547,-0.42519092559814453,-1.8242844343185425
1789130157590083800,106.99608374023437,1.2067575454711914,-0.9888648986816406,-0.7816323041915894
1789130157606093800,107.01209375,-0.8543744087219238,0.10039138793945312,-0.045270323753356934
1789130157622104300,107.02810424804687,-2.618138313293457,0.19868850708007812,0.3574787378311157
1789130157638110000,107.04410986328125,-2.6205053329467773,0.15784645080566406,-0.505874752998352
1789130157654120000,107.06011987304687,-2.858114719390869,0.9092321395874023,-1.4299416542053223
1789130157670127400,107.07612744140626,-2.8901357650756836,0.7357192039489746,-5.669379711151123
1789130157686134500,107.09213452148437,-1.9272489547729492,-0.34325313568115234,-2.6662495136260986
1789130157702146800,107.10814672851562,0.1060638427734375,-0.2159881591796875,-1.7187609672546387
1789130157718158300,107.12415844726563,1.7305164337158203,0.07481622695922852,0.4664194583892822
1789130157734164500,107.14016455078125,1.942986011505127,0.3905940055847168,1.6682319641113281
1789130157750178000,107.15617797851563,1.8579926490783691,0.33117008209228516,1.0808641910552979
1789130157766193200,107.17219311523438,1.1205530166625977,-0.4751091003417969,-0.9866820573806763
1789130157782208500,107.18820849609375,-0.08510780334472656,-1.074653148651123,-2.3729639053344727
1789130157798221600,107.2042216796875,-0.0388636589050293,-0.37864160537719727,-2.2728371620178223
1789130157814235400,107.2202353515625,0.6563348770141602,0.12450933456420898,-1.2818355560302734
1789130157830245600,107.23624560546875,1.2952771186828613,0.3919816017150879,-0.5161550641059875
1789130157846257700,107.25225756835937,2.363236904144287,-0.26715564727783203,-0.9372034072875977
1789130157918308400,107.32430834960938,-0.24409246444702148,-0.19923067092895508,-0.01405864953994751
1789130157950323000,107.35632299804688,1.554469108581543,-0.1776256561279297,0.6396388411521912
1789130157966338600,107.37233862304687,1.3458728790283203,-1.1472749710083008,0.9660398960113525
1789130157982348000,107.38834814453125,0.7540779113769531,-0.002673625946044922,-1.5163506269454956
1789130157998360600,107.40436059570312,-0.1981062889099121,0.12202596664428711,-0.2630263566970825
1789130158014367200,107.4203671875,-0.31387996673583984,0.5376553535461426,1.7715198993682861
1789130158030374400,107.43637451171875,0.44700098037719727,1.4658784866333008,2.651129961013794
1789130158046390300,107.45239038085937,0.2721261978149414,2.288219928741455,3.863762378692627
1789130158062399200,107.46839916992188,-0.06402873992919922,1.957770824432373,3.657567262649536
1789130158078406700,107.48440673828125,-0.008023262023925781,1.1201534271240234,2.172454357147217
1789130158094422300,107.50042236328125,-0.6316585540771484,-0.13663864135742188,0.8957287073135376
1789130158110435800,107.51643579101562,-0.8990859985351562,0.10016632080078125,-0.2079080194234848
1789130158126444300,107.5324443359375,-1.7879090309143066,0.2564101219177246,-0.869234025478363
1789130158142456800,107.54845678710937,-2.559882640838623,-0.4258232116699219,-1.4502513408660889
1789130158158469400,107.56446948242187,-2.284475803375244,-0.9737648963928223,-2.3136227130889893
1789130158174483200,107.58048315429687,-1.7970681190490723,-0.656005859375,-1.9158217906951904
1789130158190493700,107.59649365234375,-1.171656608581543,-0.7716827392578125,-0.18305005133152008
1789130158206500400,107.61250024414062,-0.4003171920776367,-0.3679203987121582,1.7362715005874634
1789130158222510800,107.6285107421875,0.616248607635498,0.4314289093017578,2.875086545944214
1789130158238517500,107.644517578125,0.7809901237487793,1.0236930847167969,3.32147479057312
1789130158254528800,107.66052880859375,0.5441436767578125,1.0815644264221191,2.955078125
1789130158270543000,107.67654321289062,-0.24875879287719727,0.6634392738342285,2.0102391242980957
1789130158286557400,107.69255737304688,-1.3541450500488281,0.37760496139526367,1.1281507015228271
1789130158302572500,107.70857250976563,-2.302706241607666,0.4795236587524414,0.6297339200973511
1789130158318584000,107.724583984375,-2.6760125160217285,0.24950361251831055,0.2577587962150574
1789130158334599700,107.740599609375,-2.259274959564209,0.19495201110839844,0.30071255564689636
1789130158350612000,107.75661206054687,-1.5102925300598145,0.030884742736816406,0.39129838347435
1789130158366630100,107.77263012695313,-0.1015172004699707,-0.17220830917358398,0.31241104006767273
1789130158382644200,107.78864428710938,0.348330020904541,-0.10986328125,0.324968159198761
1789130158398658000,107.80465795898438,-0.0921473503112793,-0.033233642578125,0.17133799195289612
1789130158414672100,107.82067211914062,-0.5187482833862305,0.09097909927368164,-0.1365770399570465
1789130158430686200,107.83668627929687,-1.0448694229125977,0.275482177734375,-0.16764411330223083
1789130158446697500,107.85269750976562,-1.1592674255371094,0.6412124633789062,0.11052286624908447
1789130158462703600,107.86870361328126,-0.633061408996582,0.9697442054748535,0.35255205631256104
1789130158478708700,107.88470874023437,0.3817729949951172,0.8657169342041016,0.3174104690551758
1789130158494719200,107.90071923828125,1.4453043937683105,0.47351932525634766,0.19340035319328308
1789130158510728700,107.91672875976562,2.208465576171875,0.1158909797668457,0.4897996783256531
1789130158526740700,107.93274072265625,2.2778353691101074,-0.1898508071899414,0.5063501596450806
1789130158542750200,107.94875024414063,1.5573201179504395,-0.3900470733642578,0.15306812524795532
1789130158558759400,107.96475952148438,0.5944094657897949,-0.7256555557250977,-0.2765629291534424
1789130158574765600,107.980765625,-0.16069269180297852,-1.0536675453186035,-0.726177453994751
1789130158590777600,107.99677758789062,-0.5450077056884766,-0.9742693901062012,-1.1451088190078735
1789130158606792200,108.01279223632812,-0.04416847229003906,-0.5170097351074219,-1.0250905752182007
1789130158622805000,108.02880493164062,0.5191187858581543,0.059771060943603516,0.14173197746276855
1789130158638819300,108.0448193359375,1.7287592887878418,0.4918365478515625,0.8766579031944275
1789130158654838800,108.0608388671875,2.7930073738098145,0.34162139892578125,0.7668198943138123
1789130158670852600,108.0768525390625,2.305006980895996,-0.0916452407836914,0.5372579097747803
1789130158686866400,108.09286645507812,0.5274391174316406,-0.2345576286315918,0.41077375411987305
1789130158702879000,108.10887890625,-0.5150876045227051,-0.5164384841918945,-0.5504873991012573
1789130158718888000,108.12488793945313,-1.6888909339904785,-0.35533571243286133,-0.6563990116119385
1789130158734898000,108.14089794921875,-1.6305971145629883,-0.16608238220214844,-1.217994213104248
1789130158782922200,108.18892211914063,-0.8116378784179688,0.6074423789978027,0.6318578720092773
1789130158798931000,108.20493090820312,-1.3298373222351074,0.18743562698364258,-0.18458354473114014
1789130158814943700,108.22094384765624,-1.9081597328186035,-0.4105238914489746,-0.3754112720489502
1789130158830955800,108.23695581054687,-1.7728826999664307,-0.6024279594421387,-0.758015513420105
1789130158846967800,108.2529677734375,-1.8269309997558594,-0.4361414909362793,-0.40299248695373535
1789130158862974700,108.268974609375,-2.3853654861450195,-0.22735118865966797,0.01825571060180664
1789130158878987300,108.2849873046875,-2.570298910140991,-0.3649425506591797,-0.6194318532943726
1789130158894996000,108.30099584960938,-2.292426824569702,-0.37222909927368164,-0.14628136157989502
1789130158911007500,108.31700756835937,-1.9333183765411377,-0.704503059387207,0.3258723020553589
1789130158927017700,108.33301782226563,-1.5754146575927734,-0.9077396392822266,0.30433809757232666
1789130158943035000,108.34903491210937,-1.0572919845581055,-0.9486031532287598,-0.0035489797592163086
1789130158959049000,108.36504907226562,-0.3727140426635742,-0.9008803367614746,0.13110148906707764
1789130158975062300,108.38106225585938,0.5952425003051758,-0.25696659088134766,0.6690279841423035
1789130158991069000,108.39706884765624,1.1508798599243164,0.43480396270751953,0.8125633001327515
1789130159007079200,108.4130791015625,0.9677753448486328,0.9894132614135742,0.6862035989761353
1789130159023087400,108.42908740234375,0.5883173942565918,1.2388639450073242,0.3976554274559021
1789130159039100000,108.44509985351563,0.942136287689209,1.6500720977783203,0.8519743084907532
1789130159055116800,108.46111669921875,2.043362617492676,2.2935519218444824,1.9420692920684814
1789130159071126000,108.4771259765625,2.7633581161499023,2.888366222381592,2.818284749984741
1789130159087134200,108.49313427734376,2.876091957092285,2.9444007873535156,2.975599527359009
1789130159103145200,108.50914526367187,3.1023507118225098,2.3863511085510254,1.7991619110107422
1789130159119157500,108.52515747070312,1.424731731414795,0.49280214309692383,0.0498085618019104
1789130159135165700,108.54116577148437,0.47887754440307617,0.19933509826660156,-0.5451555252075195
1789130159151177200,108.55717724609374,1.2484955787658691,0.04522275924682617,0.43311405181884766
1789130159167187700,108.57318774414063,0.6475720405578613,-0.9708766937255859,0.9199153184890747
1789130159183199000,108.58919897460937,-1.2127575874328613,-1.457643985748291,0.6357365250587463
1789130159199213000,108.60521313476562,-2.391568183898926,-1.7245659828186035,0.13601356744766235
1789130159215223800,108.62122387695312,-2.6217598915100098,-2.423480987548828,-0.05536884069442749
1789130159231226400,108.63722631835938,-3.5386548042297363,-3.395603656768799,-0.20739275217056274
1789130159247233300,108.6532333984375,-4.688169002532959,-3.6441397666931152,-0.37110739946365356
1789130159263242000,108.66924194335938,-5.392326831817627,-2.8442800045013428,-0.02788841724395752
1789130159279252000,108.685251953125,-4.941802978515625,-1.8538436889648438,0.5504442453384399
1789130159295262200,108.70126220703125,-3.695554256439209,-0.21146535873413086,1.5655542612075806
1789130159311269000,108.71726904296875,1.696990966796875,0.7683353424072266,1.1240458488464355
1789130159327284700,108.73328466796875,0.3949861526489258,0.1698317527770996,0.021651573479175568
1789130159343295200,108.74929516601563,-0.2603921890258789,-1.349792718887329,-0.9191602468490601
1789130159359313000,108.76531298828125,-1.53743314743042,-1.8475265502929688,-2.184544086456299
1789130159375327700,108.78132763671876,-0.3853483200073242,-0.8465273380279541,-1.743328332901001
1789130159391339800,108.79733984375,0.6613006591796875,0.644141674041748,-1.1063683032989502
1789130159407351600,108.8133515625,1.0142011642456055,2.0075247287750244,-1.0789645910263062
1789130159423360800,108.82936083984374,2.055567741394043,3.3624441623687744,-1.3684563636779785
1789130159439367700,108.84536767578125,2.8492231369018555,3.913926601409912,-1.161731243133545
1789130159455374800,108.86137475585937,3.482330322265625,3.5513968467712402,-0.15777698159217834
1789130159471381800,108.8773818359375,2.019023895263672,2.1407201290130615,1.971295714378357
1789130159487390200,108.89339013671875,0.6764841079711914,-0.6717782020568848,-0.48015862703323364
1789130159503395300,108.90939526367187,1.9130573272705078,-2.5418548583984375,-1.737756609916687
1789130159519404800,108.92540478515625,1.045480728149414,-2.3223190307617188,-2.158989429473877
1789130159535418000,108.94141821289062,0.09577083587646484,-1.5810773372650146,-3.4087979793548584
1789130159551429400,108.95742944335937,0.054840087890625,-0.8281381130218506,-3.2833595275878906
1789130159567442000,108.97344189453125,-2.4201393127441406,-0.633324384689331,-1.7663179636001587
1789130159583451400,108.98945141601563,-6.324191093444824,-2.013627529144287,-0.5896025896072388
1789130159599467000,109.00546704101562,7.229946136474609,-3.0578367710113525,-2.0958194732666016
1789130159615469600,109.02146948242188,6.757240295410156,-2.9261255264282227,-1.4094984531402588
1789130159631480300,109.03748022460937,7.283432960510254,-2.143277168273926,-2.752643346786499
1789130159647489800,109.05348974609375,4.500849723815918,-3.073882579803467,-2.1055521965026855
1789130159663500000,109.0695,-0.08611869812011719,-1.9639374017715454,0.2613205313682556
1789130159679509500,109.08550952148437,-4.529444694519043,-0.6362438201904297,1.8392066955566406
1789130159695515000,109.10151489257812,-6.523744583129883,0.7785089015960693,2.112426519393921
1789130159711524400,109.1175244140625,-1.1803884506225586,0.5352106094360352,0.08909392356872559
1789130159727538000,109.13353784179688,-1.2350702285766602,-0.2681441307067871,-0.29805734753608704
1789130159743550000,109.14955004882812,-2.632467269897461,-0.7495689392089844,0.18514591455459595
1789130159759559700,109.1655595703125,-3.107841968536377,-0.6766653060913086,0.7701692581176758
1789130159775565800,109.18156591796875,-3.6381640434265137,-0.8085410594940186,0.6261386871337891
1789130159791582000,109.19758203125,-3.7735371589660645,-0.3471641540527344,0.661404013633728
1789130159807597000,109.21359716796874,-1.593183994293213,0.47165751457214355,0.5249422788619995
1789130159823607300,109.22960717773438,-0.5394134521484375,0.5430517196655273,0.7091656923294067
1789130159839616000,109.24561596679688,0.2894868850708008,0.12308049201965332,1.0335144996643066
1789130159855621400,109.26162133789063,1.0079822540283203,0.0770108699798584,1.2018461227416992
1789130159871628000,109.2776279296875,0.9788722991943359,-0.4168057441711426,0.7882966995239258
1789130159887633400,109.29363330078125,0.9715795516967773,-1.39633047580719,-0.4938344955444336
1789130159903641300,109.30964135742188,0.30359554290771484,-2.1582417488098145,-0.8661235570907593
1789130159919645000,109.32564501953125,-0.6086368560791016,-0.9908199310302734,-0.7816965579986572
1789130159935648000,109.34164794921875,3.0631513595581055,-1.203382134437561,0.6814529895782471
1789130159951651000,109.35765112304688,2.1490583419799805,-0.624455451965332,0.6140611171722412
1789130159967656700,109.37365673828126,-3.1623148918151855,2.2545807361602783,1.1950209140777588
1789130159983661600,109.38966162109375,2.6841769218444824,3.0709128379821777,2.3908867835998535
1789130159999673000,109.40567309570312,5.936399936676025,3.073683261871338,2.745739459991455
1789130160015687000,109.42168701171875,0.5638570785522461,2.117863178253174,2.4020843505859375
1789130160031695600,109.43769555664062,2.514110565185547,-6.529502868652344,-7.917479515075684
1789130160047702000,109.45370190429688,-1.0965576171875,-5.207348346710205,0.47281813621520996
1789130160063707100,109.46970703125,19.879362106323242,26.44556427001953,2.918757677078247
1789130160079713000,109.48571313476563,-7.752781391143799,-6.693446636199951,-5.387346267700195
1789130160095722200,109.50172216796875,-6.705166339874268,-2.9234890937805176,-4.827225208282471
1789130160111730000,109.51772998046874,-4.968155384063721,0.2731897830963135,-1.7463574409484863
1789130160127730200,109.53373022460937,-3.025391101837158,-0.13402533531188965,0.6830132007598877
1789130160143731700,109.54973168945313,-0.024077415466308594,-0.7025012969970703,0.7959401607513428
1789130160159731700,109.56573168945313,2.1060447692871094,-0.9493899345397949,0.5425295829772949
1789130160175735600,109.58173559570312,3.72702693939209,-1.7376545667648315,0.7281289100646973
1789130160191733800,109.59773364257812,3.5429773330688477,-1.976608395576477,0.30802059173583984
1789130160207740200,109.613740234375,1.6621570587158203,-2.131621837615967,0.4543628692626953
1789130160223747300,109.62974731445313,2.133861541748047,-2.112361192703247,0.5677063465118408
1789130160239749400,109.64574926757813,6.805895805358887,0.22416150569915771,0.4209916591644287
1789130160255756500,109.66175659179687,1.607050895690918,-2.5719194412231445,-2.5396535396575928
1789130160271763200,109.67776318359375,-0.02719879150390625,-3.1099891662597656,-4.114507675170898
1789130160287763500,109.69376342773438,8.88914680480957,1.2986512184143066,-2.838557720184326
1789130160303768000,109.70976806640626,5.050420761108398,1.0612735748291016,-3.611668109893799
1789130160319773000,109.72577294921875,-2.7564215660095215,0.43835437297821045,-1.9878579378128052
1789130160335781000,109.74178100585938,-4.053567409515381,0.5893138647079468,-1.9898452758789062
1789130160351790300,109.75779028320312,-2.371612548828125,0.30292391777038574,0.7204203605651855
1789130160367798300,109.77379833984375,-0.7474517822265625,-0.9505404829978943,1.6697943210601807
1789130160383806500,109.78980639648438,0.35472774505615234,-1.891513705253601,0.805020809173584
1789130160399811600,109.8058115234375,-1.1100473403930664,-1.2610845565795898,1.0310735702514648
1789130160415815200,109.82181518554688,1.353933334350586,3.6210572719573975,0.829002857208252
1789130160431821000,109.83782104492188,-1.376744270324707,-1.6988084316253662,-1.1903619766235352
1789130160447826400,109.85382641601562,-0.024627685546875,-2.702284812927246,-1.2125113010406494
1789130160463833600,109.86983349609375,-2.1019792556762695,0.6269228458404541,-2.730532646179199
1789130160479846100,109.88584619140624,1.1588048934936523,0.5665198564529419,-4.357199192047119
1789130160495857000,109.90185693359375,-7.990192413330078,-0.21837474405765533,-3.2715866565704346
1789130160511858700,109.91785864257812,-7.557844161987305,0.011231154203414917,-2.8405489921569824
1789130160527867100,109.9338671875,-8.498056411743164,-1.0890872478485107,-2.208962917327881
1789130160543878000,109.9498779296875,-8.477766990661621,0.4125136137008667,-3.311397075653076
1789130160559888600,109.965888671875,-5.656320571899414,-4.857711315155029,-5.217023849487305
1789130160575900400,109.981900390625,-9.821157455444336,0.3914497196674347,-2.6771278381347656
1789130160591914200,109.99791430664062,1.7378721237182617,1.7566020488739014,-1.887635588645935
1789130160607931000,110.01393090820312,0.26610755920410156,-3.7247798442840576,-3.0160627365112305
1789130160623938000,110.02993798828125,8.331043243408203,1.8635485172271729,6.287077903747559
1789130160639946500,110.04594653320312,-1.1823177337646484,0.4280712902545929,0.3360016345977783
1789130160655960000,110.0619599609375,0.8240261077880859,-0.8737682104110718,-0.0038118362426757812
1789130160671971300,110.07797143554687,0.9833335876464844,-0.30187398195266724,-0.41653943061828613
1789130160687981300,110.09398120117187,0.4080495834350586,-0.14250922203063965,-0.8727669715881348
1789130160703990800,110.10999072265625,0.4997682571411133,0.005993902683258057,-0.7301490306854248
1789130160720004000,110.12600415039063,0.7145814895629883,-0.3099035620689392,-0.8639776706695557
1789130160736016100,110.14201611328124,1.1050100326538086,-0.4912559986114502,-0.5280196666717529
1789130160752028400,110.1580283203125,2.2483043670654297,-0.6465238332748413,-0.3825857639312744
1789130160768043000,110.17404296875,0.9911575317382812,-0.39213061332702637,-0.593834400177002
1789130160784055000,110.19005493164063,0.6962766647338867,-0.21133720874786377,-0.6210160255432129
1789130160800065500,110.2060654296875,1.038039207458496,-0.5939445495605469,-0.4692831039428711
1789130160816072000,110.22207202148438,8.195572853088379,-0.903258204460144,0.1008913516998291
1789130160832082200,110.23808227539062,-9.63873291015625,0.7030614614486694,-0.6382420063018799
1789130160848087300,110.25408740234376,-6.513875961303711,0.22806882858276367,-1.3331550359725952
1789130160864094500,110.27009448242187,6.4385480880737305,0.15090489387512207,-0.38870978355407715
1789130160880105000,110.28610498046875,-3.8453221321105957,0.8801354169845581,-1.0598154067993164
1789130160896120600,110.30212060546874,0.8158178329467773,0.004878997802734375,-0.013022661209106445
1789130160912136400,110.31813647460937,10.263542175292969,-0.41498851776123047,1.0996685028076172
1789130160928153600,110.33415356445313,0.7453126907348633,0.5194158554077148,-0.29329848289489746
1789130160944162300,110.35016235351563,0.5646352767944336,-0.14108777046203613,-1.1834218502044678
1789130160960171500,110.36617163085937,-0.04149341583251953,-0.48794424533843994,-0.667320728302002
1789130160976184000,110.38218408203124,0.6725711822509766,-0.36597704887390137,-1.1955454349517822
1789130160992195600,110.39819555664063,1.6140480041503906,-0.09687411785125732,-1.0746616125106812
1789130161008204000,110.4142041015625,1.0270309448242188,-0.790075421333313,-0.9883602857589722
1789130161024218000,110.43021801757813,1.213181495666504,-1.3988288640975952,-2.687060832977295
1789130161040229600,110.44622973632812,0.9841775894165039,-1.6675360202789307,-2.255181312561035
1789130161056239900,110.46223999023438,0.9419584274291992,-0.4028106927871704,0.23939228057861328
1789130161072250600,110.47825073242187,0.6055049896240234,-0.08271098136901855,-0.651220440864563
1789130161088257800,110.4942578125,-0.042870521545410156,1.1648505926132202,-1.0504511594772339
1789130161104268300,110.51026831054688,0.44612884521484375,2.1154489517211914,-0.6690402030944824
1789130161120272600,110.52627270507813,0.27984142303466797,0.8581742644309998,-2.0237631797790527
1789130161136272600,110.54227270507812,0.4311704635620117,-0.16380727291107178,-0.5636829137802124
1789130161152281000,110.55828100585937,1.1336774826049805,-1.4162009954452515,-0.7002369165420532
1789130161168288800,110.57428881835938,0.42635154724121094,-1.5559521913528442,-1.0764617919921875
1789130161184300300,110.59030029296875,-0.8327112197875977,0.37020260095596313,-1.3483014106750488
1789130161200312000,110.60631201171876,0.057242393493652344,0.7145441770553589,-0.9108093976974487
1789130161216322800,110.62232275390625,-0.8193483352661133,0.29774606227874756,-1.4802186489105225
1789130161232339000,110.6383388671875,0.19690895080566406,0.9336395263671875,-0.9763741493225098
1789130161248351500,110.6543515625,0.17863941192626953,0.3327634334564209,-0.9966425895690918
1789130161264364000,110.67036401367187,-0.6206636428833008,0.22588509321212769,-0.9256494045257568
1789130161280376000,110.6863759765625,-0.10617733001708984,-0.1459972858428955,0.7290592193603516
1789130161296387600,110.7023876953125,1.1265926361083984,-0.1731327772140503,1.9693341255187988
1789130161312395000,110.71839501953124,-1.0488128662109375,0.04346144199371338,0.29782581329345703
1789130161328398600,110.73439868164063,-0.034481048583984375,0.3506282567977905,-0.2632077932357788
1789130161344400400,110.750400390625,-0.29392242431640625,-0.36445116996765137,-0.6022449731826782
1789130161360408000,110.76640795898437,-0.2044839859008789,0.229811429977417,0.38205504417419434
1789130161376411100,110.7824111328125,-0.2603740692138672,0.18394321203231812,-0.07159709930419922
1789130161392419600,110.79841967773437,-0.9722833633422852,0.6016209125518799,-0.17118573188781738
1789130161408429300,110.81442919921875,0.36113834381103516,0.49456167221069336,0.07442927360534668
1789130161424441600,110.83044165039063,-0.044020652770996094,0.422907292842865,-0.02678823471069336
1789130161440448800,110.84644873046875,-0.40576171875,0.4946850538253784,0.9766902923583984
1789130161456454000,110.86245385742187,0.7789926528930664,0.6805347204208374,0.2902054786682129
1789130161472452600,110.87845263671875,-0.2957448959350586,0.20900189876556396,0.4288613796234131
1789130161488462300,110.89446240234375,-0.3074321746826172,0.2011336088180542,0.8927712440490723
1789130161504470300,110.91047021484376,0.7473335266113281,1.093740701675415,-0.05957293510437012
1789130161520476700,110.9264765625,-0.7738590240478516,0.6155728697776794,0.3992941379547119
1789130161536483300,110.9424833984375,0.27382373809814453,0.6954496502876282,1.3318462371826172
1789130161552490000,110.95848999023437,1.9157371520996094,0.9223966002464294,1.1050834655761719
1789130161568498400,110.97449853515624,1.0615015029907227,-0.06019872426986694,0.7933897972106934
1789130161584507400,110.99050732421875,-0.041629791259765625,-0.6208860874176025,0.4788777828216553
1789130161600511200,111.00651123046875,-0.6686735153198242,0.024773240089416504,0.4868919849395752
1789130161616509200,111.02250927734374,-0.4528665542602539,-0.11934703588485718,1.2444746494293213
1789130161632514300,111.03851440429688,0.6626491546630859,-0.08539056777954102,1.3634464740753174
1789130161648521200,111.05452124023438,0.8189268112182617,0.28857505321502686,1.5559284687042236
1789130161664524800,111.07052490234375,0.2131357192993164,0.3616636395454407,1.5554418563842773
1789130161680528000,111.08652783203125,-0.5142345428466797,0.07029986381530762,1.9531712532043457
1789130161696529000,111.10252880859375,-0.8599452972412109,-0.048222482204437256,1.3474202156066895
1789130161712534300,111.1185341796875,-0.6618824005126953,0.34505903720855713,1.4645805358886719
1789130161728536000,111.1345361328125,-1.215158462524414,0.655322253704071,1.9918224811553955
1789130161744538600,111.15053857421876,-0.8029451370239258,0.7721142172813416,2.0615837574005127
1789130161760540200,111.1665400390625,0.254241943359375,0.43793854117393494,1.3151288032531738
1789130161776544300,111.18254418945313,0.02240276336669922,0.0545540452003479,1.6759138107299805
1789130161792547300,111.19854736328125,-0.5114336013793945,0.051656246185302734,1.9688928127288818
1789130161808551700,111.2145517578125,-0.46789073944091797,0.13250350952148438,1.586625099182129
1789130161824555500,111.23055541992187,-1.4207754135131836,0.3860800862312317,2.2012975215911865
1789130161840557000,111.24655712890625,-0.7166595458984375,0.7750570774078369,1.5143632888793945
1789130161856552400,111.26255249023437,-1.1456575393676758,0.31171151995658875,1.6462843418121338
1789130161872550700,111.27855053710938,-0.3645782470703125,-0.1295291781425476,1.4559249877929688
1789130161888553200,111.29455322265625,-0.8808622360229492,-0.20797526836395264,1.1671078205108643
1789130161904552400,111.31055249023437,-1.0180120468139648,-0.5396875739097595,1.1933979988098145
1789130161928554500,111.33455444335938,-0.5981760025024414,0.36241796612739563,1.1319046020507812
1789130161944561000,111.35056079101562,-0.28096580505371094,0.4602782726287842,1.2584514617919922
1789130161960564000,111.36656396484375,-0.5225858688354492,0.1514807939529419,1.0026965141296387
1789130161976565200,111.38256518554688,-0.6199150085449219,0.21191751956939697,0.7915058135986328
1789130161992563000,111.39856298828126,-0.77252197265625,-0.2190055251121521,1.004432201385498
1789130162008567000,111.41456713867187,-0.010105133056640625,-0.39090633392333984,0.8218317031860352
1789130162024571400,111.4305712890625,0.06296825408935547,-0.2521924376487732,1.1233844757080078
1789130162040577000,111.44657690429688,-0.3661060333251953,-0.011541604995727539,1.1613545417785645
1789130162056580400,111.46258032226562,0.2953453063964844,-0.050689876079559326,0.6591215133666992
1789130162072579800,111.47857983398437,0.3753023147583008,0.005437612533569336,1.1080327033996582
1789130162088575500,111.49457543945313,0.30443286895751953,0.19395780563354492,1.1733627319335938
1789130162104580400,111.51058032226562,1.0340452194213867,0.1172526478767395,0.9807953834533691
1789130162120583400,111.52658349609375,0.8421411514282227,-0.5210085511207581,1.0633444786071777
1789130162136587000,111.5425869140625,0.5325708389282227,-0.0728035569190979,0.8153457641601562
1789130162152592600,111.55859252929687,0.09569072723388672,-0.11663126945495605,0.7892026901245117
1789130162168595200,111.57459521484375,-0.31646728515625,-0.1507793664932251,0.9266633987426758
1789130162184603400,111.59060327148437,-0.11722087860107422,0.06440079212188721,0.5702910423278809
1789130162200611300,111.606611328125,0.3210620880126953,0.048864126205444336,1.0669035911560059
1789130162216612000,111.62261206054687,0.21110057830810547,-0.023653686046600342,0.921210765838623
1789130162232617500,111.63861743164063,-0.18644332885742188,-0.11654657125473022,0.8141889572143555
1789130162248630300,111.65463037109375,0.38005638122558594,0.1647316813468933,0.9441409111022949
1789130162264643300,111.67064331054688,0.14333248138427734,0.4583072364330292,0.7271308898925781
1789130162280652000,111.68665209960938,-0.4181346893310547,0.4328323006629944,0.7095355987548828
1789130162296666000,111.702666015625,0.19896793365478516,0.7098060846328735,0.8006868362426758
1789130162312674300,111.71867431640625,0.022478103637695312,0.6566627621650696,0.7792396545410156
1789130162328689200,111.73468920898438,-0.4380626678466797,0.1621520221233368,0.6617245674133301
1789130162344708900,111.750708984375,-0.47096824645996094,0.06991767883300781,1.0331435203552246
1789130162360729300,111.76672924804687,-0.5366754531860352,-0.11950856447219849,0.4630413055419922
1789130162376744700,111.78274462890624,-0.4129486083984375,0.3163510262966156,1.2844548225402832
1789130162392759000,111.79875903320313,0.11632919311523438,-0.15309566259384155,0.7112493515014648
1789130162408779800,111.81477978515625,0.040744781494140625,0.22944119572639465,0.8840250968933105
1789130162424794600,111.83079467773437,-0.031581878662109375,0.15174686908721924,0.7633552551269531
1789130162440814600,111.84681469726563,-0.27393436431884766,-0.010476946830749512,0.6402511596679688
1789130162456833500,111.86283349609376,-0.45285654067993164,0.037013888359069824,1.008932113647461
1789130162472850000,111.87884985351562,0.5433778762817383,0.07956141233444214,0.8791580200195312
1789130162488866800,111.89486669921875,0.4153714179992676,0.25744178891181946,0.7450294494628906
1789130162504889600,111.9108896484375,0.22867727279663086,-0.03963899612426758,0.7803325653076172
1789130162520915700,111.92691577148437,-0.06731176376342773,-0.23171979188919067,0.8720898628234863
1789130162536938000,111.94293798828124,0.1013951301574707,0.1806603968143463,0.9111948013305664
1789130162552956700,111.95895678710937,0.19234132766723633,-0.01037818193435669,0.9855775833129883
1789130162568978200,111.97497827148437,0.23917245864868164,-0.06414294242858887,1.1427679061889648
1789130162584997000,111.9909970703125,0.134613037109375,0.030764997005462646,0.8492317199707031
1789130162601018600,112.0070185546875,0.21491575241088867,-0.0036475658416748047,1.1185784339904785
1789130162617034200,112.0230341796875,0.7044968605041504,-0.10514634847640991,1.2142086029052734
1789130162633046800,112.039046875,0.7448325157165527,-0.2884652614593506,1.2145328521728516
1789130162649059600,112.0550595703125,0.8717455863952637,-0.3480539917945862,0.6173391342163086
1789130162665071400,112.0710712890625,1.456404685974121,0.014033496379852295,0.10895347595214844
1789130162681084000,112.087083984375,0.7613668441772461,-0.016101181507110596,0.28215932846069336
1789130162697099300,112.10309936523437,1.003173828125,-0.3365837335586548,0.5296058654785156
1789130162713118500,112.11911840820312,1.301809310913086,-0.44646531343460083,0.12667322158813477
1789130162729134800,112.135134765625,0.8740329742431641,-0.3980339765548706,-0.3244013786315918
1789130162745151500,112.1511513671875,0.9751477241516113,-0.4265475273132324,-0.6618251800537109
1789130162761170700,112.16717065429688,0.8081135749816895,-0.21414238214492798,-0.45630311965942383
1789130162777182500,112.18318237304688,0.5492744445800781,-0.14639627933502197,-0.41985177993774414
1789130162793192700,112.19919262695312,0.5968961715698242,-0.030790984630584717,-0.6543612480163574
1789130162809202400,112.21520239257812,0.38677978515625,-0.025156617164611816,-0.7633662223815918
1789130162825214200,112.23121411132813,0.5026669502258301,-0.1017524003982544,-0.45406293869018555
1789130162841222000,112.24722192382812,0.5700006484985352,0.030272841453552246,-0.4642915725708008
1789130162857233400,112.2632333984375,0.4455709457397461,0.11737579107284546,-0.579136848449707
1789130162873240000,112.27923999023437,0.19486236572265625,0.01597905158996582,-0.714902400970459
1789130162889251000,112.2952509765625,-0.17406177520751953,0.10881972312927246,-0.45975446701049805
1789130162905261000,112.31126098632812,0.20754528045654297,0.3629140257835388,-0.45363283157348633
1789130162921278200,112.3272783203125,0.1099710464477539,0.22831761837005615,-0.33176231384277344
1789130162937293000,112.34329296875,-0.15821552276611328,-0.010114789009094238,-0.3354353904724121
1789130162953308400,112.35930834960938,-0.07839298248291016,-0.11501598358154297,-0.47005271911621094
1789130162969322500,112.37532250976562,-0.3835611343383789,-0.03147608041763306,-0.3856511116027832
1789130162985333500,112.39133349609375,-0.09935855865478516,-0.06399953365325928,0.13989591598510742
1789130163001350000,112.40734985351563,0.18064022064208984,-0.0975765585899353,-0.07581424713134766
1789130163017369900,112.42336987304688,0.3869438171386719,-0.16003388166427612,-0.25025081634521484
1789130163033385500,112.43938549804687,-0.24204063415527344,-0.10461103916168213,-0.08918952941894531
1789130163049404400,112.455404296875,0.005397796630859375,-0.014063894748687744,-0.2298412322998047
1789130163065419000,112.4714189453125,0.04799461364746094,-0.289936363697052,0.03990030288696289
1789130163081438500,112.4874384765625,0.05369377136230469,-0.10277402400970459,0.14441156387329102
1789130163097454300,112.50345434570312,0.34191036224365234,0.04019200801849365,-0.04808807373046875
1789130163113467000,112.519466796875,0.19480323791503906,-0.0661928653717041,0.10825347900390625
1789130163129471200,112.53547119140624,0.3725147247314453,0.3153587579727173,0.021599292755126953
1789130163145477600,112.5514775390625,0.37316226959228516,0.03192269802093506,0.06413555145263672
1789130163161484000,112.56748413085937,0.3264122009277344,-0.1465836763381958,0.17288541793823242
1789130163177488600,112.58348852539062,0.571162223815918,0.014890193939208984,0.2394857406616211
1789130163193496000,112.59949609375,0.552058219909668,0.09295588731765747,0.2778964042663574
1789130163209508000,112.61550805664062,0.5528230667114258,0.13166707754135132,0.3389759063720703
1789130163225517300,112.63151733398438,0.8403520584106445,-0.13165706396102905,0.1614542007446289
1789130163241524000,112.64752392578124,0.45772743225097656,-0.25057435035705566,0.0746464729309082
1789130163257536500,112.66353662109375,0.27641963958740234,-0.0476914644241333,0.2653627395629883
1789130163273542400,112.67954248046875,0.20643043518066406,-0.32320094108581543,0.27707862854003906
1789130163289544000,112.6955439453125,0.9335384368896484,-0.21465474367141724,-0.31511831283569336
1789130163305546200,112.71154614257813,1.267054557800293,-0.21295708417892456,-0.8105721473693848
1789130163321549000,112.72754907226563,0.5320425033569336,-0.26816844940185547,-0.5181474685668945
1789130163337548500,112.74354858398438,0.5308780670166016,-0.2707476019859314,-0.8189382553100586
1789130163353552100,112.75955224609375,1.0666437149047852,-0.17191505432128906,-1.0470213890075684
1789130163369555200,112.77555517578125,0.8273391723632812,-0.16014474630355835,-0.9896864891052246
1789130163385559600,112.7915595703125,0.8522300720214844,-0.16345077753067017,-1.2012889385223389
1789130163401566000,112.80756591796874,0.943242073059082,-0.06990641355514526,-1.6074175834655762
1789130163417573000,112.82357299804687,0.4328927993774414,0.08551597595214844,-1.214242935180664
1789130163433577000,112.83957690429688,0.44252490997314453,0.02870076894760132,-1.0978999137878418
1789130163449575400,112.85557543945312,0.2942209243774414,-0.3007446527481079,-1.5394320487976074
1789130163465572600,112.87157250976563,0.6214475631713867,-0.02366340160369873,-1.1724064350128174
1789130163481571800,112.88757177734375,0.6054315567016602,-0.18088799715042114,-1.1648268699645996
1789130163497576000,112.90357592773438,0.5240688323974609,-0.061660587787628174,-1.124988079071045
1789130163513576000,112.91957592773437,0.49293041229248047,0.07612800598144531,-1.1261591911315918
1789130163529578200,112.935578125,0.2443218231201172,0.10589760541915894,-1.1700706481933594
1789130163545582000,112.95158203125,0.3443260192871094,0.09199643135070801,-1.1202447414398193
1789130163561581800,112.96758178710938,0.21339893341064453,0.0002002120018005371,-0.9099845886230469
1789130163577585000,112.9835849609375,0.3440895080566406,0.03637439012527466,-0.9723250865936279
1789130163593586200,112.99958618164062,0.18019962310791016,0.013294339179992676,-0.9020266532897949
1789130163609588200,113.01558813476562,-0.0744791030883789,-0.17219913005828857,-0.7364654541015625
1789130163625591000,113.03159106445312,-0.10996055603027344,-0.10938531160354614,-0.5320630073547363
1789130163641596700,113.0475966796875,-0.005603790283203125,-0.09982025623321533,-0.4275972843170166
1789130163657600000,113.06360009765625,-0.022228240966796875,-0.10979390144348145,-0.5086538791656494
1789130163673606000,113.07960595703125,0.1826620101928711,-0.17376810312271118,-0.39950037002563477
1789130163697618000,113.10361791992187,-0.2612571716308594,-0.23719733953475952,-0.27434778213500977
1789130163713626000,113.11962622070313,0.024768829345703125,-0.11148220300674438,-0.28804755210876465
1789130163729632500,113.13563256835937,-0.08596229553222656,0.046139538288116455,-0.21791338920593262
1789130163745637600,113.1516376953125,0.05280590057373047,0.07816165685653687,-0.3410325050354004
1789130163761640400,113.16764038085938,0.10208988189697266,0.09802830219268799,-0.2583894729614258
1789130163777642000,113.18364208984374,-0.06451225280761719,0.20707285404205322,-0.30405426025390625
1789130163793642000,113.19964208984375,-0.06677436828613281,0.1403665542602539,-0.16848349571228027
1789130163809645300,113.21564526367187,0.01776123046875,0.27661049365997314,-0.22224640846252441
1789130163825650400,113.231650390625,-0.011466026306152344,0.2689974904060364,-0.1742548942565918
1789130163841651000,113.24765087890626,-0.060410499572753906,0.21445274353027344,-0.15897369384765625
1789130163857655800,113.26365576171875,0.006390571594238281,0.296947717666626,0.0017402172088623047
1789130163873661700,113.27966162109375,0.15892505645751953,0.3540361225605011,-0.1715531349182129
1789130163889671000,113.2956708984375,0.09070491790771484,0.16884082555770874,-0.13321232795715332
1789130163905682200,113.31168212890626,-0.14767837524414062,0.16375964879989624,-0.0662832260131836
1789130163921688000,113.32768798828126,-0.0061397552490234375,0.1331629753112793,-0.04684591293334961
1789130163937691000,113.34369091796874,0.02994823455810547,0.030719280242919922,-0.23773646354675293
1789130163953695500,113.35969555664063,0.023403167724609375,0.013252794742584229,0.05446600914001465
1789130163969696800,113.37569677734375,0.1700916290283203,0.07378625869750977,-0.218001127243042
1789130163985700600,113.39170068359375,-0.05648231506347656,-0.18400031328201294,-0.01649951934814453
1789130164001705200,113.40770532226563,0.21588420867919922,-0.1094980239868164,0.1728377342224121
1789130164017714200,113.42371411132812,0.21577739715576172,-0.2882751226425171,0.11178946495056152
1789130164033723400,113.43972338867188,0.5410223007202148,-0.27899467945098877,-0.0821230411529541
1789130164049725000,113.45572485351562,0.20552825927734375,-0.25043433904647827,0.13561463356018066
1789130164065727500,113.4717275390625,0.33924293518066406,-0.3361232876777649,0.21485638618469238
1789130164081731800,113.48773193359375,0.5355958938598633,-0.21544885635375977,0.1266918182373047
1789130164097736400,113.503736328125,0.33550071716308594,-0.3647012710571289,0.20375537872314453
1789130164113740000,113.51973999023437,0.5522861480712891,-0.41277289390563965,0.2336132526397705
1789130164129747200,113.53574731445312,0.41969871520996094,-0.33985793590545654,0.23465299606323242
1789130164145748200,113.55174829101563,0.3741035461425781,-0.39383071660995483,0.14441204071044922
1789130164161752000,113.567751953125,0.38556385040283203,-0.30610400438308716,0.16050100326538086
1789130164177755000,113.5837548828125,0.13040542602539062,-0.40575748682022095,0.13160324096679688
1789130164193760000,113.59976000976563,0.2289295196533203,-0.4773147702217102,0.05719351768493652
1789130164209766100,113.61576611328125,0.23588275909423828,-0.4972788095474243,-0.061429500579833984
1789130164225773000,113.63177294921876,-0.069671630859375,-0.4423055648803711,-0.10239315032958984
1789130164241777700,113.64777758789063,0.010592460632324219,-0.22298920154571533,-0.22150778770446777
1789130164257780000,113.66378002929687,-0.2686767578125,-0.388607382774353,-0.16686534881591797
1789130164273783300,113.679783203125,-0.338104248046875,-0.29536354541778564,-0.313615083694458
1789130164289790500,113.69579052734375,-0.3500213623046875,-0.296262264251709,-0.3321077823638916
1789130164305790700,113.71179077148437,-0.4052295684814453,-0.1710439920425415,-0.24768853187561035
1789130164321797000,113.72779711914062,-0.44066905975341797,-0.06429624557495117,-0.16219830513000488
1789130164337811000,113.74381103515626,-0.23654556274414062,-0.05154597759246826,-0.2769358158111572
1789130164353817900,113.75981787109374,-0.27157020568847656,0.022870898246765137,-0.16996479034423828
1789130164369821200,113.7758212890625,-0.34961986541748047,-0.09574878215789795,-0.14052844047546387
1789130164385823200,113.7918232421875,-0.3652639389038086,0.10921621322631836,-0.02157425880432129
1789130164401827600,113.80782763671876,-0.18903255462646484,0.16933679580688477,-0.05278754234313965
1789130164417836300,113.82383618164063,-0.2953910827636719,0.1082531213760376,0.06880497932434082
1789130164433842400,113.83984252929687,0.11508846282958984,0.2669731378555298,0.014107704162597656
1789130164449850400,113.85585034179688,0.008188247680664062,0.5467662215232849,-0.10356950759887695
1789130164465864400,113.87186450195313,-0.4869728088378906,0.6483803391456604,-0.16282176971435547
1789130164481875200,113.88787524414063,-0.47391605377197266,0.42578011751174927,-0.11355400085449219
1789130164497883100,113.90388305664062,-0.29493141174316406,0.26612716913223267,-0.13204669952392578
1789130164513893000,113.91989306640625,0.15643596649169922,0.1205286979675293,-0.16513776779174805
1789130164529901300,113.9359013671875,0.14295291900634766,0.3336746096611023,-0.11284112930297852
1789130164545907500,113.95190747070312,0.05249500274658203,0.3715461492538452,-0.02199554443359375
1789130164561919200,113.96791918945313,-0.043048858642578125,0.35049962997436523,-0.12200236320495605
1789130164577928700,113.9839287109375,-0.02404022216796875,0.3635035753250122,-0.22020459175109863
1789130164593934600,113.9999345703125,0.12268352508544922,0.2696945071220398,-0.2508418560028076
1789130164609942500,114.01594262695312,0.3244304656982422,0.2689399719238281,-0.184281587600708
1789130164625956600,114.03195654296874,0.22005653381347656,0.31779003143310547,-0.1128849983215332
1789130164641965600,114.04796557617188,0.11531257629394531,0.3414038419723511,-0.2219855785369873
1789130164657967900,114.0639677734375,0.2009572982788086,0.32425278425216675,-0.2935481071472168
1789130164673979000,114.07997875976562,0.21538925170898438,0.19409680366516113,-0.1504678726196289
1789130164689988400,114.09598828125,0.14179611206054688,0.14777493476867676,-0.005829811096191406
1789130164705998300,114.11199829101562,0.4182462692260742,0.2036057710647583,-0.09195470809936523
1789130164722003000,114.1280029296875,0.4647340774536133,0.07455092668533325,-0.13356876373291016
1789130164738010000,114.14401000976562,0.40905284881591797,0.15984445810317993,-0.24079251289367676
1789130164754019000,114.16001904296876,0.25463294982910156,0.2713090479373932,-0.4037325382232666
1789130164770025200,114.17602514648438,0.13738059997558594,0.23962730169296265,-0.3360884189605713
1789130164786032600,114.19203271484375,0.20066547393798828,0.17129045724868774,-0.4287393093109131
1789130164802040800,114.20804077148438,0.3252077102661133,0.010367751121520996,-0.5581150054931641
1789130164818050800,114.22405078125,0.22918224334716797,0.04865384101867676,-0.4779024124145508
1789130164834062600,114.2400625,0.3278779983520508,0.20424813032150269,-0.5797039270401001
1789130164850076400,114.25607641601563,0.15289783477783203,0.22633418440818787,-0.5573272705078125
1789130164866083000,114.2720830078125,0.09320545196533203,0.28102177381515503,-0.46232664585113525
1789130164882094800,114.2880947265625,0.12528514862060547,0.24344024062156677,-0.45482468605041504
1789130164898111000,114.30411108398438,0.2874288558959961,0.21476617455482483,-0.37804126739501953
1789130164914128400,114.32012841796875,0.33968162536621094,0.3600598871707916,-0.3134119510650635
1789130164930141400,114.33614135742188,0.6538658142089844,0.36406409740448,-0.37825095653533936
1789130164946151000,114.35215087890624,0.4658517837524414,0.24174904823303223,-0.3359490633010864
1789130164962156300,114.36815625,0.3261260986328125,0.28421831130981445,-0.35695648193359375
1789130164978165800,114.38416577148438,0.5282325744628906,0.1786780059337616,-0.4638345241546631
1789130164994178300,114.40017822265625,0.4691495895385742,0.25095200538635254,-0.5083850622177124
1789130165010188500,114.4161884765625,0.25749778747558594,0.10584771633148193,-0.5523489713668823
1789130165026194700,114.43219458007812,0.4824562072753906,-0.04836571216583252,-0.5680563449859619
1789130165042202600,114.44820263671875,0.34401416778564453,-0.09715619683265686,-0.41963255405426025
1789130165058215200,114.46421508789062,0.23020648956298828,-0.20026609301567078,-0.4390925168991089
1789130165074227200,114.48022729492187,0.2978086471557617,-0.06593295931816101,-0.671659529209137
1789130165090240000,114.49623999023437,0.0684823989868164,-0.12958621978759766,-0.5965461134910583
1789130165106250800,114.51225073242188,0.22170448303222656,-0.20815914869308472,-0.7222232818603516
1789130165122264600,114.5282646484375,0.10223579406738281,-0.38871249556541443,-0.5775231719017029
1789130165138276600,114.54427661132813,-0.1686697006225586,-0.36916473507881165,-0.519222617149353
1789130165154281000,114.56028100585938,0.011048316955566406,-0.21000370383262634,-0.6945554614067078
1789130165170280400,114.57628051757813,-0.07668018341064453,-0.2113131284713745,-0.6499385833740234
1789130165186284000,114.59228393554687,-0.1152639389038086,-0.1768081784248352,-0.49467939138412476
1789130165202290400,114.60829052734375,0.18205547332763672,-0.13812416791915894,-0.6318332552909851
1789130165218297900,114.6242978515625,0.04454517364501953,-0.09138345718383789,-0.2608681321144104
1789130165234307600,114.6403076171875,0.004321098327636719,-0.1563296914100647,-0.18098074197769165
1789130165250320100,114.65632006835938,0.2183694839477539,0.07939159870147705,-0.26988911628723145
1789130165266335500,114.67233544921875,0.0208740234375,0.04187208414077759,-0.06541702151298523
1789130165282347800,114.68834765625,0.03439807891845703,0.00156480073928833,-0.11341741681098938
1789130165298360800,114.70436083984374,0.153106689453125,0.20182597637176514,-0.20052304863929749
1789130165314373600,114.72037353515626,0.10919952392578125,0.07067829370498657,-0.08141341805458069
1789130165330385000,114.73638500976563,0.09421634674072266,-0.07479751110076904,-0.14782527089118958
1789130165346398200,114.75239819335937,0.016861915588378906,-0.07599663734436035,-0.32548683881759644
1789130165362415400,114.76841528320313,-0.23781490325927734,0.11377543210983276,-0.26075416803359985
1789130165378428400,114.78442846679687,-0.2340688705444336,0.17728790640830994,-0.29502078890800476
1789130165394445300,114.8004453125,-0.14874553680419922,0.02161926031112671,-0.2399955540895462
1789130165410468000,114.81646801757813,0.046924591064453125,0.01906198263168335,-0.0987572968006134
1789130165426489300,114.8324892578125,0.2667379379272461,0.0883745551109314,0.061798930168151855
1789130165442506000,114.84850610351563,0.208770751953125,-0.029092848300933838,-0.15447823703289032
1789130165458521600,114.864521484375,0.2561159133911133,0.009754180908203125,0.020190924406051636
1789130165474541600,114.88054150390624,0.4280061721801758,-0.036736249923706055,-0.1830654740333557
1789130165490557200,114.89655712890625,0.6479482650756836,-0.10536420345306396,-0.16737297177314758
1789130165506567400,114.9125673828125,0.5662460327148438,-0.06860864162445068,-0.06125018000602722
1789130165522575000,114.9285751953125,0.7287101745605469,-0.1421259641647339,-0.356308251619339
1789130165538579200,114.9445791015625,0.7138557434082031,-0.13281261920928955,-0.3618357181549072
1789130165554588000,114.960587890625,0.3638267517089844,-0.0738217830657959,-0.18187250196933746
1789130165570599000,114.97659887695312,0.5597600936889648,-0.1851891279220581,-0.33465757966041565
1789130165586608000,114.99260815429687,0.6215429306030273,-0.05458807945251465,-0.6499685049057007
1789130165602623500,115.00862353515625,0.5444231033325195,-0.07118678092956543,-0.5015079379081726
1789130165618638800,115.02463891601562,0.4483528137207031,-0.19726711511611938,-0.4443168044090271
1789130165634655700,115.04065576171875,0.4575052261352539,0.04292398691177368,-0.5900648236274719
1789130165650666000,115.056666015625,0.5864067077636719,-0.039305806159973145,-0.5606194734573364
1789130165666676000,115.07267602539062,0.7682456970214844,-0.03602331876754761,-0.5017145276069641
1789130165682688300,115.08868823242187,0.9836320877075195,0.1650615930557251,-0.8344782590866089
1789130165698700500,115.10470043945313,0.8588628768920898,0.2213660478591919,-0.6650127172470093
1789130165714712000,115.12071215820312,0.6382637023925781,0.2442244291305542,-0.7893552184104919
1789130165730720300,115.13672021484375,0.6478767395019531,0.13312280178070068,-0.9826995730400085
1789130165746736400,115.152736328125,0.45668983459472656,0.2675684988498688,-0.9418607950210571
1789130165762747600,115.16874755859375,0.49114418029785156,0.18070372939109802,-0.8893681764602661
1789130165778761700,115.18476171875,0.7465372085571289,0.13777118921279907,-0.9928991794586182
1789130165794780200,115.2007802734375,0.43744754791259766,0.11860769987106323,-0.7424010038375854
1789130165810796300,115.21679638671876,0.6988630294799805,-0.0423244833946228,-0.994568943977356
1789130165826810600,115.232810546875,0.6212301254272461,-0.1716640591621399,-0.9029950499534607
1789130165842821600,115.24882153320313,0.41504955291748047,-0.029611706733703613,-0.8446148037910461
1789130165858827800,115.26482788085937,0.8987360000610352,0.07898786664009094,-0.975829005241394
1789130165874837500,115.28083740234375,0.802851676940918,-0.21054154634475708,-0.5005464553833008
1789130165890851000,115.29685107421875,0.5402450561523438,-0.4170931577682495,-0.7703863978385925
1789130165906863900,115.31286376953125,0.8571081161499023,-0.2810421586036682,-0.5922061204910278
1789130165922875000,115.328875,0.3552360534667969,-0.15339118242263794,-0.2116062045097351
1789130165938888200,115.34488818359375,0.5423688888549805,0.16695770621299744,-0.4910702705383301
1789130165954898400,115.3608984375,0.3065986633300781,-0.01653045415878296,0.09950476884841919
1789130165970911000,115.37691088867187,0.3960075378417969,-0.08235186338424683,-0.37192201614379883
1789130165986927900,115.39292797851563,0.08129692077636719,0.27973049879074097,-0.1385723352432251
1789130166002942200,115.40894213867188,0.08165264129638672,0.4526844024658203,0.02235555648803711
1789130166018956800,115.42495678710938,0.1628551483154297,0.33372849225997925,0.20949208736419678
1789130166034973000,115.44097290039062,0.8180761337280273,0.2710506319999695,0.20035195350646973
1789130166050991400,115.45699145507812,0.3609037399291992,0.07187294960021973,0.3777851462364197
1789130166067005400,115.47300537109375,1.0531625747680664,-0.05276221036911011,0.22980231046676636
1789130166083018000,115.48901806640625,0.7715740203857422,0.6004906296730042,0.4395456910133362
1789130166099030800,115.50503076171876,0.8277301788330078,0.35565850138664246,0.6011722087860107
1789130166115044400,115.52104443359374,0.9959621429443359,-0.22375613451004028,0.41084450483322144
1789130166131052500,115.53705249023437,0.3747978210449219,0.02379828691482544,0.7609002590179443
1789130166147061000,115.55306103515625,0.9890995025634766,0.009172976016998291,0.28619223833084106
1789130166163075800,115.56907592773437,0.8376970291137695,0.20464645326137543,0.1363462209701538
1789130166179083000,115.5850830078125,0.17826175689697266,0.27235764265060425,0.6759933233261108
1789130166195092500,115.60109252929688,-0.11804771423339844,-0.013547658920288086,0.7011447548866272
1789130166211102200,115.61710229492188,1.2338838577270508,0.4071493148803711,-0.1551145315170288
1789130166227110400,115.6331103515625,0.5269813537597656,0.8713719844818115,0.1981581449508667
1789130166243122000,115.64912182617188,0.6149845123291016,0.39560171961784363,0.38285887241363525
1789130166259128800,115.66512890625,0.056662559509277344,0.39927905797958374,0.5617139935493469
1789130166275134700,115.681134765625,-0.027626991271972656,0.07173101603984833,0.19698795676231384
1789130166291140400,115.69714038085938,1.536484718322754,0.5343895554542542,-0.6087738275527954
1789130166307148000,115.71314794921875,1.0950641632080078,0.7141935229301453,-0.2108386754989624
1789130166323154200,115.729154296875,0.13161373138427734,0.4202575981616974,0.5339565277099609
1789130166339168500,115.74516845703126,0.5706777572631836,0.8517698049545288,0.445460706949234
1789130166355185000,115.76118481445313,0.45018577575683594,0.1362098753452301,-0.76363205909729
1789130166371197700,115.77719775390625,0.6180696487426758,0.39394611120224,-1.1422719955444336
1789130166387212300,115.79321240234376,0.22159481048583984,0.8396651148796082,-0.007689118385314941
1789130166403223000,115.80922314453124,-0.021986007690429688,0.16837438941001892,0.5161115527153015
1789130166419230700,115.82523071289063,0.179473876953125,0.10518302023410797,-0.808262288570404
1789130166435240200,115.841240234375,0.31550025939941406,0.06111803278326988,-1.480828046798706
1789130166451249400,115.85724951171875,0.45351696014404297,0.05386858806014061,-0.4327475428581238
1789130166467257600,115.87325756835938,0.6219444274902344,0.5519496202468872,-0.08264631032943726
1789130166483267600,115.889267578125,-0.4191427230834961,0.70094895362854,0.6737734079360962
1789130166499276000,115.90527612304687,1.362715721130371,-0.965349555015564,-0.06175577640533447
1789130166515279600,115.92127954101562,2.309128761291504,-0.49498477578163147,-1.2861578464508057
1789130166531278800,115.93727880859375,0.11356449127197266,0.15520349144935608,0.1468842625617981
1789130166547287600,115.95328759765626,-0.0779428482055664,-0.7912701368331909,0.6976491212844849
1789130166563291100,115.969291015625,0.9262619018554688,-0.13568145036697388,0.1743786334991455
1789130166579296500,115.98529663085938,0.868565559387207,0.38187354803085327,-0.2697327136993408
1789130166595299800,116.0012998046875,1.2661809921264648,-0.29585906863212585,-0.22083473205566406
1789130166611305700,116.0173056640625,1.117828369140625,-0.3527562916278839,0.664555549621582
1789130166627308300,116.03330834960937,0.8016376495361328,0.1597493588924408,-0.2767679691314697
1789130166643308800,116.04930883789062,0.816187858581543,-0.4048457741737366,-0.8739004135131836
1789130166659310600,116.065310546875,0.7833261489868164,-0.7635375261306763,-0.15988945960998535
1789130166675312000,116.08131201171875,0.44325828552246094,0.3100939095020294,0.33078986406326294
1789130166691324000,116.09732397460938,1.1617050170898438,-0.3014470934867859,-0.7749900221824646
1789130166707324200,116.11332421875,0.7899999618530273,-0.20788852870464325,0.021298706531524658
1789130166723326200,116.129326171875,0.7670803070068359,0.49920982122421265,-0.2334795594215393
1789130166739327700,116.14532763671875,0.6486978530883789,-0.8815444707870483,-0.6672073006629944
1789130166755331600,116.16133154296875,-0.36826038360595703,-0.41901805996894836,-0.25419455766677856
1789130166771341300,116.17734130859375,0.48261547088623047,0.7300971746444702,-0.9313554763793945
1789130166787350800,116.19335083007813,0.9837703704833984,0.03229653835296631,-0.49364173412323
1789130166803355100,116.20935522460937,0.5922155380249023,0.5759568810462952,0.8319982886314392
1789130166819359000,116.22535888671875,0.7936286926269531,0.805889904499054,0.15010643005371094
1789130166835360300,116.2413603515625,0.8229055404663086,0.11328330636024475,0.044774651527404785
1789130166851360500,116.25736059570312,0.35431385040283203,0.054139167070388794,-0.21293556690216064
1789130166867359000,116.27335888671875,0.8621702194213867,-0.028003722429275513,-0.223333477973938
1789130166883356200,116.28935620117187,0.5937681198120117,-0.12004147469997406,0.1894773244857788
1789130166899360800,116.30536083984374,0.5458002090454102,0.21021606028079987,-0.3925114870071411
1789130166915363300,116.32136328125,0.5032997131347656,-0.1658812314271927,-0.38072526454925537
1789130166931366400,116.33736645507813,0.22099685668945312,-0.44930386543273926,0.39713913202285767
1789130166947368200,116.3533681640625,1.1690330505371094,0.5345063209533691,-0.22639024257659912
1789130166963367400,116.36936743164063,0.7764406204223633,0.19054840505123138,-0.04406106472015381
1789130166979368700,116.38536865234374,0.35952186584472656,-0.017105832695961,0.5652211904525757
1789130166995373600,116.40137353515625,0.5776510238647461,0.28136298060417175,0.5552603006362915
1789130167011372800,116.41737280273438,0.1368999481201172,0.0802329033613205,0.9134647846221924
1789130167027374800,116.43337475585938,0.45105838775634766,0.2285057157278061,0.9044889807701111
1789130167043388200,116.44938818359375,0.45916748046875,0.2556630074977875,0.6023040413856506
1789130167059398400,116.4653984375,-0.0805654525756836,0.08730325102806091,0.8328147530555725
1789130167075407400,116.48140747070312,0.2461528778076172,0.4567856192588806,0.6883988976478577
1789130167091415300,116.49741528320313,0.5201959609985352,0.2788175046443939,1.096441626548767
1789130167107422500,116.51342236328125,0.7570791244506836,0.014363288879394531,1.2038813829421997
1789130167123432700,116.5294326171875,0.7484931945800781,0.06701332330703735,1.0038716793060303
1789130167139442200,116.54544213867187,0.35724639892578125,-0.018972530961036682,1.2323846817016602
1789130167155451600,116.56145166015625,-0.29175472259521484,-0.1373104602098465,0.9980627298355103
1789130167171454700,116.57745483398438,-0.029783248901367188,-0.22951531410217285,0.914902925491333
1789130167187462000,116.5934619140625,0.22267627716064453,-0.09493699669837952,1.5742721557617188
1789130167203475500,116.60947534179688,0.21188926696777344,0.1270163357257843,1.303296685218811
1789130167219487200,116.6254873046875,0.23040103912353516,-0.7868227958679199,1.02803635597229
1789130167235498500,116.64149853515624,-0.44962120056152344,-0.654692530632019,1.3066465854644775
1789130167251510800,116.6575107421875,-0.4780292510986328,-0.2064509093761444,1.6021175384521484
1789130167267521800,116.67352172851562,0.6574363708496094,-0.4177995026111603,1.5581719875335693
1789130167283531800,116.68953173828125,0.7455463409423828,-0.45777228474617004,1.812843680381775
1789130167299541800,116.70554174804687,0.8757762908935547,-0.7375773191452026,1.865182638168335
1789130167315552800,116.721552734375,0.8062419891357422,-0.9188930988311768,1.535309076309204
1789130167331560700,116.73756079101562,0.4882659912109375,-0.8360403776168823,1.4915244579315186
1789130167355574500,116.76157446289062,0.019911766052246094,-0.24809187650680542,1.524242877960205
1789130167371581700,116.77758178710937,0.20363807678222656,-0.14208680391311646,1.379335641860962
1789130167387585300,116.79358520507813,-0.1344289779663086,-0.2072119116783142,1.1933989524841309
1789130167403588000,116.80958813476562,-0.16091156005859375,-0.20550042390823364,1.4819550514221191
1789130167419589400,116.82558935546875,0.7001161575317383,0.04221147298812866,1.4182968139648438
1789130167435594200,116.84159423828125,0.11600971221923828,-0.11444485187530518,1.5287742614746094
1789130167451599000,116.85759912109376,-0.49163150787353516,-0.11755889654159546,1.2223848104476929
1789130167467609300,116.873609375,-0.6800127029418945,-0.116299569606781,0.7962337732315063
1789130167483617500,116.88961743164063,-0.7266082763671875,0.0008037090301513672,0.9456926584243774
1789130167499634000,116.90563403320313,-0.49181365966796875,0.030173122882843018,0.7900638580322266
1789130167515650000,116.92165014648438,-0.4112825393676758,-0.005182743072509766,1.1130527257919312
1789130167531660000,116.93765991210938,0.1531686782836914,0.4420965015888214,0.811105489730835
1789130167547673300,116.95367333984375,-0.6522140502929688,0.24442997574806213,0.6616489887237549
1789130167563685000,116.96968505859375,-0.7791757583618164,0.16917049884796143,0.39320361614227295
1789130167579697200,116.985697265625,0.1371297836303711,0.37850797176361084,0.6352133750915527
1789130167595704800,117.00170483398438,0.20168495178222656,0.048684000968933105,0.6776584386825562
1789130167611709000,117.017708984375,-0.2573509216308594,-0.02791142463684082,0.7990016937255859
1789130167627717400,117.03371728515626,-0.1673736572265625,-0.14890319108963013,0.4056525230407715
1789130167643720400,117.04972045898438,-0.4531211853027344,-0.1719856858253479,0.18950843811035156
1789130167659725000,117.06572509765626,-1.0679569244384766,0.44983214139938354,0.2098543643951416
1789130167675730000,117.08172998046875,-0.6947479248046875,0.04359114170074463,0.05348014831542969
1789130167691737600,117.09773754882812,-1.2708873748779297,-0.2216166853904724,0.19067692756652832
1789130167707739600,117.11373974609376,-0.7841892242431641,-0.14945989847183228,0.26238012313842773
1789130167723739100,117.1297392578125,-0.3215608596801758,0.34977319836616516,0.3589291572570801
1789130167739745800,117.14574584960937,-0.7923078536987305,0.2642558515071869,0.11869359016418457
1789130167755752400,117.16175244140625,-1.06219482421875,0.05680340528488159,0.2825467586517334
1789130167771755800,117.177755859375,-0.614375114440918,0.17170947790145874,0.003887653350830078
1789130167787761700,117.19376171875,-0.7839183807373047,0.14345583319664001,0.35605883598327637
1789130167803769000,117.20976904296874,-0.891057014465332,0.28284952044487,0.5113446712493896
1789130167819775000,117.22577490234374,-0.5097484588623047,0.3614880442619324,0.37487220764160156
1789130167835784000,117.24178393554688,-0.6834316253662109,0.262971431016922,0.38501739501953125
1789130167851799000,117.25779907226563,-0.7707290649414062,0.22661283612251282,0.48062753677368164
1789130167867811600,117.2738115234375,-0.26892662048339844,0.40655675530433655,0.6095561981201172
1789130167883822800,117.28982275390625,-0.05822181701660156,0.22641029953956604,0.5763251781463623
1789130167899838200,117.30583813476562,0.09060382843017578,-0.016512155532836914,0.5560169219970703
1789130167915850000,117.32185009765625,0.04867267608642578,-0.18783700466156006,0.44656920433044434
1789130167931858700,117.33785864257813,-0.06527519226074219,-0.32522761821746826,0.4345557689666748
1789130167947866400,117.35386645507812,-0.5440206527709961,-0.28975367546081543,0.3070037364959717
1789130167963874300,117.36987426757813,-0.45360565185546875,-0.3310547471046448,0.268646240234375
1789130167979879200,117.38587915039062,0.45279693603515625,-0.5175341963768005,0.10823798179626465
1789130167995883800,117.4018837890625,0.32431888580322266,-0.30526506900787354,0.5686523914337158
1789130168011891700,117.4178916015625,0.2801017761230469,-0.09410363435745239,0.5250766277313232
1789130168027894500,117.43389453125,0.16010665893554688,-0.027749717235565186,0.5851163864135742
1789130168043900700,117.44990063476563,-0.037001609802246094,0.18398812413215637,0.5711236000061035
1789130168059909600,117.46590966796875,0.33550071716308594,0.38024166226387024,0.5818877220153809
1789130168075916800,117.48191674804687,0.6056137084960938,0.3485513925552368,0.6895382404327393
1789130168091927000,117.49792700195313,0.31012916564941406,-0.012843668460845947,0.4296119213104248
1789130168107934700,117.51393481445312,0.07637500762939453,-0.2627277374267578,0.5119152069091797
1789130168123946200,117.5299462890625,0.3841085433959961,-0.518932580947876,0.2287278175354004
1789130168139955700,117.54595581054687,0.21572399139404297,-0.5821226835250854,0.1492600440979004
1789130168155973600,117.5619736328125,0.3581581115722656,-0.32434606552124023,0.2532660961151123
1789130168171991800,117.57799169921876,0.05488300323486328,-0.12557268142700195,0.5162522792816162
1789130168188005600,117.59400561523438,0.47281360626220703,0.16058945655822754,0.440887451171875
1789130168204015900,117.61001586914062,0.3339548110961914,0.18575376272201538,0.49384045600891113
1789130168220030500,117.62603051757813,0.36768436431884766,-0.11921924352645874,0.3546478748321533
1789130168236038100,117.6420380859375,0.2919731140136719,-0.1620534062385559,0.15658044815063477
1789130168252050400,117.65805053710938,0.07302570343017578,-0.13055795431137085,0.08108949661254883
1789130168268059000,117.67405883789063,-0.1120452880859375,-0.2775854468345642,0.22435545921325684
1789130168284063200,117.69006323242188,-0.17492008209228516,-0.22998970746994019,-0.33390116691589355
1789130168300070700,117.70607055664063,-0.730626106262207,0.2946989834308624,-0.08818197250366211
1789130168316080400,117.72208032226563,-0.23282623291015625,0.5392472147941589,0.4057462215423584
1789130168332093400,117.73809350585938,0.33283329010009766,0.44163355231285095,0.451108455657959
1789130168348103400,117.754103515625,0.10808944702148438,-0.2893143892288208,-0.06304359436035156
1789130168364105000,117.77010498046874,-0.22730731964111328,-0.2882060408592224,-0.2931087017059326
1789130168380112000,117.78611181640625,-1.2037668228149414,0.002377331256866455,-0.24203777313232422
1789130168396122000,117.8021220703125,-1.1497392654418945,0.6792071461677551,0.011323690414428711
1789130168412131800,117.8181318359375,0.09155082702636719,0.5284851789474487,0.30406713485717773
1789130168428136000,117.83413598632812,-0.11279296875,0.0023618340492248535,0.33626580238342285
1789130168444143400,117.85014331054687,-0.015341758728027344,-0.255976140499115,-0.21140193939208984
1789130168460153300,117.8661533203125,-0.6115789413452148,-0.36657172441482544,-0.19144558906555176
1789130168476161800,117.88216186523438,-0.3511819839477539,-0.02622610330581665,-0.06432151794433594
1789130168492170800,117.89817065429688,-0.3003654479980469,0.08098196983337402,0.6102566719055176
1789130168508173600,117.91417358398438,-0.2299642562866211,0.03126120567321777,0.16803932189941406
1789130168524177000,117.93017700195313,-0.5579147338867188,0.09012562036514282,0.3557291030883789
1789130168540180700,117.9461806640625,-0.2921619415283203,-0.24529778957366943,0.20437335968017578
1789130168556185000,117.96218505859375,0.16652870178222656,-0.17323505878448486,0.08699250221252441
1789130168572194300,117.9781943359375,0.14977645874023438,0.11749440431594849,0.19398260116577148
1789130168588199000,117.99419897460938,-0.7948083877563477,0.32094576954841614,0.22539377212524414
1789130168604203500,118.01020361328125,-0.7992534637451172,0.6713241338729858,0.448840856552124
1789130168620208400,118.02620849609374,0.008988380432128906,0.49814242124557495,0.05371832847595215
1789130168636213800,118.0422138671875,0.09072589874267578,-0.28702813386917114,0.2772083282470703
1789130168652213500,118.05821362304688,0.12903690338134766,0.31379464268684387,0.060699462890625
1789130168668213500,118.07421362304687,-0.017174720764160156,0.3602723479270935,0.24504375457763672
1789130168684214300,118.09021435546875,-0.06851005554199219,0.2533580958843231,0.4177587032318115
1789130168700213500,118.10621362304687,-0.4638681411743164,0.0679093599319458,0.5159647464752197
1789130168716214800,118.12221484375,0.6159486770629883,-0.2970247268676758,0.24495291709899902
1789130168732220200,118.13822021484376,0.047573089599609375,-0.13754606246948242,0.09617757797241211
1789130168788228400,118.19422827148438,0.04618644714355469,0.051780641078948975,0.03368377685546875
1789130168804225800,118.21022583007813,0.6082468032836914,0.8697468042373657,0.2923572063446045
1789130168820222000,118.22622192382812,0.07805252075195312,0.2660945951938629,0.33719968795776367
1789130168836216000,118.24221606445313,-0.49599266052246094,0.10242462158203125,0.28366541862487793
1789130168852219100,118.25821923828126,0.3625679016113281,-0.26610124111175537,0.21335291862487793
1789130168868223500,118.27422338867187,0.32593631744384766,-0.49836766719818115,-0.10723996162414551
1789130168884227600,118.2902275390625,-0.4822874069213867,-0.07765859365463257,-0.024268388748168945
1789130168900230000,118.30622998046876,-0.4818000793457031,0.6965380907058716,0.5437510013580322
1789130168916230000,118.32222998046875,-0.0733804702758789,0.060808539390563965,0.5158090591430664
1789130168932232700,118.33823266601563,0.047226905822753906,-0.531836211681366,-0.20490646362304688
1789130168948240400,118.35424047851562,-0.05181312561035156,-0.34849661588668823,-0.08946371078491211
1789130168964247300,118.37024731445312,0.2829303741455078,0.46050795912742615,0.8753278255462646
1789130168980250400,118.38625048828125,0.8249101638793945,0.358204185962677,0.7058067321777344
1789130168996254000,118.40225390625,0.6018571853637695,0.48396366834640503,0.18777108192443848
1789130169012259600,118.41825952148437,-0.3009204864501953,-0.5066506266593933,-0.07729649543762207
1789130169028261400,118.43426147460937,0.19430923461914062,-0.15991908311843872,0.1709272861480713
1789130169044267000,118.45026708984375,0.44590187072753906,0.004865169525146484,-0.10071253776550293
1789130169060275000,118.46627490234376,-0.17595577239990234,0.08425486087799072,0.10766839981079102
1789130169084279800,118.49027978515625,-1.075606346130371,0.010201454162597656,0.1533970832824707
1789130169100285700,118.50628564453125,-0.7888641357421875,0.465406209230423,-0.29498887062072754
1789130169116290000,118.5222900390625,-0.45958518981933594,0.4233442544937134,-0.7272071838378906
1789130169132298200,118.53829833984375,-1.215561866760254,0.37860119342803955,-0.21112585067749023
1789130169148307000,118.55430688476562,-0.051239967346191406,0.052931129932403564,-0.188338041305542
1789130169164316000,118.57031591796876,-0.27444934844970703,-0.11420941352844238,-0.016501903533935547
1789130169180323600,118.58632348632813,-0.21584415435791016,0.10859251022338867,-0.10550856590270996
1789130169196331300,118.60233129882812,-0.5547628402709961,-0.06990331411361694,-0.189255952835083
1789130169212334800,118.6183349609375,-0.9836921691894531,-0.039012908935546875,-0.2665562629699707
1789130169228349000,118.63434887695313,-0.6805400848388672,-0.14224666357040405,0.2658672332763672
1789130169244358000,118.65035791015625,0.4505329132080078,0.0877450704574585,0.12407803535461426
1789130169260364800,118.66636474609375,0.2599611282348633,0.11965078115463257,0.1209099292755127
1789130169276373200,118.68237329101562,-1.0558547973632812,0.007023751735687256,-0.1506965160369873
1789130169292381400,118.69838134765625,0.5441799163818359,-0.43725335597991943,-0.5547547340393066
1789130169308386000,118.71438598632812,0.22121715545654297,-0.09072351455688477,0.6876938343048096
1789130169324388600,118.730388671875,0.21565818786621094,0.266667902469635,1.0741376876831055
1789130169340398600,118.74639868164063,0.7601242065429688,-0.11670428514480591,-0.2620809078216553
1789130169356409600,118.76240966796875,0.06828594207763672,-0.35713350772857666,-0.35564470291137695
1789130169372420400,118.77842041015624,-0.46564483642578125,0.005091369152069092,0.13995909690856934
1789130169388425000,118.79442504882813,-0.10396289825439453,0.7037551403045654,0.3001377582550049
1789130169404422400,118.81042236328125,0.048201560974121094,-0.10332351922988892,0.8874785900115967
1789130169420422000,118.826421875,1.0231800079345703,-0.41926199197769165,-0.21363115310668945
1789130169436430300,118.84243041992187,0.10714149475097656,0.13282066583633423,0.3057079315185547
1789130169452438300,118.85843823242188,-0.2916231155395508,0.26728788018226624,0.5947399139404297
1789130169468448000,118.87444799804688,-0.05612659454345703,0.14648443460464478,0.07875657081604004
1789130169484455700,118.89045556640625,-0.4967527389526367,0.23122698068618774,-0.6117489337921143
1789130169500457000,118.90645703125,0.5002059936523438,0.5590702295303345,0.53714919090271
1789130169516456000,118.9224560546875,0.8285760879516602,0.2345714569091797,0.5307502746582031
1789130169532463600,118.93846362304687,0.8644046783447266,0.17728179693222046,0.2534322738647461
1789130169548469500,118.95446948242187,0.047783851623535156,-0.25572192668914795,-0.11404037475585938
1789130169564471800,118.97047192382813,0.3848600387573242,-0.19894832372665405,0.31450843811035156
1789130169588467200,118.99446728515625,0.524876594543457,-0.12153226137161255,0.0502471923828125
1789130169604465200,119.01046508789062,0.5317916870117188,0.2065017819404602,0.3677499294281006
1789130169620467200,119.02646728515624,0.2506875991821289,0.05727332830429077,-0.025881528854370117
1789130169636474600,119.042474609375,-0.16942596435546875,-0.5724788904190063,-0.3706324100494385
1789130169652481300,119.05848120117187,0.16199207305908203,-0.3528711795806885,-0.1875913143157959
1789130169668487400,119.0744873046875,0.015786170959472656,0.11932358145713806,0.3173956871032715
1789130169684488000,119.09048803710938,0.16171836853027344,0.22263547778129578,0.23805499076843262
1789130169700493600,119.10649365234374,0.575770378112793,-0.24863672256469727,-0.5354976654052734
1789130169716499200,119.12249926757812,0.008749008178710938,0.059399545192718506,-0.003592967987060547
1789130169732511200,119.13851123046875,-0.16177940368652344,0.3431718051433563,-0.1728959083557129
1789130169748522000,119.15452197265626,-0.44151878356933594,-0.018331289291381836,-0.29197216033935547
1789130169764527600,119.17052758789063,-0.059937477111816406,-0.29347842931747437,-0.5178682804107666
1789130169780529700,119.18652978515625,-0.008452415466308594,0.24834364652633667,-0.17035460472106934
1789130169796530700,119.20253076171875,-0.3928966522216797,0.3346256911754608,-0.1528029441833496
1789130169812529700,119.21852978515625,-0.38006114959716797,0.005552768707275391,-0.4027228355407715
1789130169828540200,119.2345400390625,-0.12246990203857422,-0.10989230871200562,-0.3472743034362793
1789130169844543700,119.25054370117188,-0.06020832061767578,-0.06676268577575684,-0.19886159896850586
1789130169860545500,119.26654565429688,-0.06671810150146484,-0.20511078834533691,-0.2224721908569336
1789130169876550700,119.28255053710937,-0.5812816619873047,-0.20369446277618408,-0.7951703071594238
1789130169892556800,119.29855688476563,-0.199859619140625,0.16593009233474731,-0.44062018394470215
1789130169908558600,119.31455859375,0.010181427001953125,0.4044901132583618,-0.031846046447753906
1789130169924562400,119.3305625,0.1381692886352539,-0.1601111888885498,-0.0423126220703125
1789130169940571100,119.34657104492187,0.20740985870361328,-0.41576629877090454,-0.7189292907714844
1789130169956577300,119.36257739257813,-0.41233253479003906,-0.274894654750824,-0.453981876373291
1789130169980588500,119.38658862304688,0.027983665466308594,-0.1440572738647461,-0.6630737781524658
1789130169996599300,119.40259936523438,-0.03524208068847656,0.5290835499763489,0.12477374076843262
1789130170012612600,119.41861254882812,-0.11321067810058594,0.23831039667129517,0.17128944396972656
1789130170028617200,119.4346171875,0.0021457672119140625,-0.10443532466888428,-0.6972553730010986
1789130170044622300,119.45062231445313,-0.3345909118652344,0.06717318296432495,-0.3096780776977539
1789130170060629500,119.46662939453125,-0.3548402786254883,0.19702288508415222,-0.1291189193725586
1789130170076632600,119.48263256835938,-0.1076669692993164,-0.01390230655670166,-0.13804364204406738
1789130170092634600,119.49863452148438,-0.24831295013427734,-0.030513525009155273,-0.4874129295349121
1789130170108638000,119.51463793945312,0.07528305053710938,0.19131645560264587,-0.5537242889404297
1789130170124643000,119.53064306640626,-0.3691129684448242,0.3017432689666748,-0.3895885944366455
1789130170148641300,119.55464135742187,-0.4744710922241211,0.42963770031929016,-0.03130507469177246
1789130170164643000,119.57064306640625,-0.592524528503418,0.23552531003952026,-0.05571103096008301
1789130170180641800,119.58664184570313,-0.005158424377441406,-0.11714482307434082,-0.5676465034484863
1789130170196637000,119.60263696289063,0.31326866149902344,0.2394307553768158,-0.2207648754119873
1789130170212637400,119.61863745117188,0.38356971740722656,0.5101078748703003,0.04689311981201172
1789130170228632000,119.63463208007812,-0.13160419464111328,-0.058248698711395264,-0.03599071502685547
1789130170244632000,119.65063208007813,-0.47800350189208984,-0.41728371381759644,-0.6486291885375977
1789130170260632600,119.66663256835938,0.1577920913696289,-0.06511098146438599,-0.2713935375213623
1789130170284636000,119.69063598632812,0.5198097229003906,-0.22269731760025024,-0.25585174560546875
1789130170300638200,119.70663818359375,0.8394832611083984,0.06055709719657898,0.030361175537109375
1789130170316641800,119.72264184570312,0.3393106460571289,-0.08620482683181763,-0.10622072219848633
1789130170332646400,119.738646484375,-0.30057811737060547,-0.35951584577560425,-0.3880739212036133
1789130170348656600,119.75465673828126,0.3183774948120117,-0.13139969110488892,-0.2462928295135498
1789130170364659200,119.7706591796875,0.47683143615722656,0.2591830790042877,0.03215169906616211
1789130170380660200,119.78666015625,0.15359783172607422,-0.05922877788543701,0.15210294723510742
1789130170396660700,119.80266064453124,-0.09127521514892578,-0.31309425830841064,-0.6943039894104004
1789130170412656000,119.81865625,0.18816566467285156,-0.049933016300201416,-0.3039705753326416
1789130170428652500,119.83465258789063,0.17689037322998047,0.01525568962097168,0.27906155586242676
1789130170444650200,119.85065014648437,-0.11690235137939453,-0.24005377292633057,0.030194997787475586
1789130170460651000,119.86665112304688,-0.29938697814941406,-0.2000049352645874,-0.554067850112915
1789130170476653300,119.8826533203125,-0.566441535949707,0.04523146152496338,-0.37387657165527344
1789130170492648700,119.89864868164062,-0.2912921905517578,0.5154262185096741,0.08989787101745605
1789130170508650200,119.91465014648438,-0.16000843048095703,0.22280669212341309,0.017809391021728516
1789130170524642300,119.93064233398438,0.11299800872802734,-0.2103487253189087,-0.555609941482544
1789130170540633600,119.94663354492188,0.400115966796875,0.2755225896835327,-0.5583174228668213
1789130170556628200,119.96262817382812,0.30953502655029297,0.3603742718696594,0.23595976829528809
1789130170572632800,119.9786328125,0.24939346313476562,0.08156746625900269,-0.35713624954223633
1789130170588632000,119.99463208007812,0.2222900390625,-0.04565072059631348,-0.41712284088134766
1789130170604627700,120.01062768554688,0.027593612670898438,0.18561220169067383,-0.37261176109313965
1789130170620623400,120.02662329101562,-0.025879859924316406,0.032009005546569824,0.034105539321899414
1789130170636622300,120.04262231445313,0.11921977996826172,-0.26347553730010986,-0.19488310813903809
1789130170652622300,120.05862231445313,0.38791465759277344,-0.41495174169540405,-0.5148317813873291
1789130170668624100,120.0746240234375,0.20783042907714844,-0.24741798639297485,-0.5022890567779541
1789130170684631800,120.0906318359375,0.3621406555175781,0.014319002628326416,-0.07253241539001465
1789130170700637000,120.10663696289062,0.31905555725097656,-0.12519919872283936,0.02719902992248535
1789130170716642800,120.12264282226562,0.35925960540771484,-0.36319786310195923,-0.822557806968689
1789130170732646100,120.13864624023438,0.46443843841552734,0.03615361452102661,-0.31131887435913086
1789130170748649200,120.15464916992188,0.056153297424316406,0.5448236465454102,0.16360712051391602
1789130170764648200,120.17064819335937,0.2961397171020508,0.23715180158615112,-0.07612848281860352
1789130170780650800,120.18665063476563,0.19144248962402344,-0.25503575801849365,-0.6754127740859985
1789130170796647400,120.2026474609375,-0.0014495849609375,-0.017440319061279297,-0.15671753883361816
1789130170812646400,120.218646484375,0.6116914749145508,0.4332667589187622,0.17424511909484863
1789130170828642800,120.23464282226563,0.0026216506958007812,0.1835336983203888,-0.10907506942749023
1789130170844637400,120.25063745117187,-0.0074310302734375,-0.3051999807357788,-0.4912447929382324
1789130170860640300,120.26664013671875,0.3172578811645508,-0.10673874616622925,-0.4299294948577881
1789130170876644000,120.28264404296876,0.2792625427246094,0.3500053584575653,0.20065832138061523
1789130170892648200,120.29864819335937,0.007091522216796875,-0.05750066041946411,-0.10842633247375488
1789130170908649500,120.3146494140625,0.1223897933959961,-0.5402421951293945,-0.5731804370880127
1789130170924646400,120.330646484375,0.19473934173583984,-0.1024559736251831,-0.45390141010284424
1789130170940641000,120.34664111328125,0.10358715057373047,0.3165532350540161,0.1573324203491211
1789130170956640500,120.362640625,0.025787353515625,-0.18194031715393066,-0.23950231075286865
1789130170972642800,120.37864282226562,-0.5132780075073242,-0.2912214398384094,-0.25965118408203125
1789130170988643000,120.39464306640625,0.10679435729980469,0.20932459831237793,-0.2520878314971924
1789130171004645600,120.41064575195313,-0.00588226318359375,0.057806551456451416,0.245824933052063
1789130171020650000,120.42664990234375,0.2841148376464844,-0.2325047254562378,0.12879157066345215
1789130171036648200,120.44264819335937,0.45403385162353516,-0.2185148000717163,-0.3366074562072754
1789130171052641800,120.45864184570313,0.4233675003051758,0.12456244230270386,-0.10102832317352295
1789130171068636700,120.47463671875,-0.21589374542236328,0.24450251460075378,0.1519390344619751
1789130171084631800,120.4906318359375,-0.1888446807861328,-0.05160486698150635,-0.13154590129852295
1789130171100632800,120.5066328125,0.3939533233642578,0.07788830995559692,-0.3017287254333496
1789130171116631000,120.52263110351562,0.2056884765625,0.18403360247612,-0.15978026390075684
1789130171132632000,120.53863208007813,-0.0063934326171875,-0.052155256271362305,-0.14374172687530518
1789130171148640800,120.55464086914063,-0.13186168670654297,-0.10329896211624146,0.23352909088134766
1789130171164651000,120.57065112304687,0.5712871551513672,-0.026039600372314453,-0.04662513732910156
1789130171180661500,120.58666162109375,0.1305084228515625,0.07600641250610352,-0.008189678192138672
1789130171196663600,120.60266357421875,0.18318843841552734,-0.2698875069618225,0.1877150535583496
1789130171212667400,120.61866748046874,0.31729602813720703,-0.1900741457939148,0.18222558498382568
1789130171228672000,120.63467211914063,0.34578800201416016,0.1429557204246521,0.10608935356140137
1789130171244674600,120.65067456054688,0.18741798400878906,-0.271600604057312,-0.007966995239257812
1789130171260675300,120.66667529296875,-0.27274036407470703,-0.0643569827079773,0.06988704204559326
1789130171276688400,120.6826884765625,0.08101654052734375,0.00014322996139526367,-0.09558796882629395
1789130171292697600,120.69869750976562,-0.2690267562866211,-0.05874735116958618,-0.25159692764282227
1789130171308697000,120.71469702148437,-0.19762516021728516,-0.05449986457824707,0.31061816215515137
1789130171324698600,120.73069873046875,0.7211933135986328,-0.03988462686538696,0.06452620029449463
1789130171348705000,120.754705078125,0.10283946990966797,-0.03988361358642578,0.16359710693359375
1789130171364710100,120.77071020507813,-0.06032848358154297,0.08537137508392334,-0.15991687774658203
1789130171380716800,120.786716796875,0.006591796875,0.03641664981842041,-0.1165778636932373
1789130171396719000,120.80271899414062,0.025513648986816406,0.05378836393356323,0.05160927772521973
1789130171412723200,120.81872314453125,0.044315338134765625,0.12353765964508057,0.1006019115447998
1789130171428729900,120.83472973632813,0.1205596923828125,-0.224079430103302,-0.21927416324615479
1789130171444733000,120.85073291015625,-0.21979999542236328,-0.13144147396087646,-0.20876312255859375
1789130171460734000,120.86673388671875,-0.5073032379150391,-0.06862664222717285,0.06537365913391113
1789130171476739800,120.88273974609375,-0.000232696533203125,-0.24668431282043457,-0.25638699531555176
1789130171492746200,120.89874633789063,-0.14931011199951172,-0.12761682271957397,-0.04743349552154541
1789130171508753000,120.9147529296875,-0.010997772216796875,0.2593671679496765,-0.07841360569000244
1789130171524762000,120.93076220703125,0.026734352111816406,0.006407320499420166,0.01100766658782959
1789130171540775000,120.94677490234375,-0.47132110595703125,0.1531728208065033,0.14484035968780518
1789130171556789500,120.96278955078125,0.2566347122192383,-0.06372982263565063,0.038422584533691406
1789130171572798000,120.9787978515625,0.26159095764160156,-0.06555056571960449,-0.18331146240234375
1789130171596814800,121.00281494140626,0.008334159851074219,0.14891687035560608,-0.07299375534057617
1789130171612826400,121.01882641601563,-0.1779184341430664,-0.1092294454574585,0.07628440856933594
1789130171628834300,121.03483422851562,0.11446475982666016,0.19866123795509338,0.0066863298416137695
1789130171644847000,121.05084716796875,-0.45980358123779297,0.28210997581481934,0.061535000801086426
1789130171660853500,121.066853515625,-0.10031318664550781,-0.028083503246307373,-0.5160876512527466
1789130171676862700,121.08286279296875,-0.07146358489990234,0.08917754888534546,-0.11045169830322266
1789130171692873500,121.09887353515624,-0.20083904266357422,0.37590983510017395,0.12774336338043213
1789130171708891400,121.11489135742187,0.13921356201171875,0.22627544403076172,-0.13306498527526855
1789130171724902700,121.13090258789063,0.20168590545654297,-0.06630384922027588,0.13233768939971924
1789130171748917000,121.1549169921875,-0.11354351043701172,0.2917042076587677,0.17436110973358154
1789130171764927700,121.170927734375,0.2558174133300781,0.06467592716217041,0.03160357475280762
1789130171780938800,121.18693872070313,0.23762798309326172,0.0019277334213256836,0.2851705551147461
1789130171796958500,121.20295849609376,-0.06350135803222656,0.012198328971862793,0.08970904350280762
1789130171812971800,121.2189716796875,0.14774322509765625,-0.02042865753173828,0.18155336380004883
1789130171828988200,121.23498828125,-0.10569381713867188,-0.2088807225227356,-0.01701366901397705
1789130171845008100,121.25100805664063,-0.5268754959106445,-0.238095223903656,0.0536801815032959
1789130171861025800,121.26702587890625,0.15791606903076172,0.20917627215385437,0.11625123023986816
1789130171877038800,121.28303881835937,0.07184982299804688,-0.09046036005020142,-0.08489847183227539
1789130171893054500,121.29905444335938,0.16745281219482422,-0.17885851860046387,-0.09429097175598145
1789130171909067000,121.31506689453126,0.22910690307617188,0.2663351595401764,0.10837531089782715
1789130171925081600,121.33108154296875,0.16602420806884766,0.17829692363739014,0.16331791877746582
1789130171941096200,121.34709619140625,0.1226511001586914,-0.023464441299438477,-0.21033036708831787
1789130171957106700,121.36310668945312,0.026409149169921875,-0.14313697814941406,-0.08478975296020508
1789130171973117700,121.37911767578125,0.011328697204589844,0.28544825315475464,0.046086907386779785
1789130171989129000,121.39512890625,0.17290496826171875,0.2335943877696991,-0.13209688663482666
1789130172005137400,121.41113745117187,-0.700439453125,0.13450223207473755,-0.11665499210357666
1789130172021140200,121.42714013671875,-0.6249485015869141,0.24858570098876953,-0.08979105949401855
1789130172037147600,121.44314770507812,-0.2764129638671875,0.3322134017944336,-0.27683746814727783
1789130172053155600,121.45915551757813,-0.07155227661132812,0.2806979715824127,-0.09533023834228516
1789130172069167600,121.47516772460938,-0.058045387268066406,0.1627202033996582,-0.0582427978515625
1789130172085179600,121.4911796875,-0.4227027893066406,0.2029726505279541,-0.06478488445281982
1789130172101186300,121.50718627929687,-0.32758140563964844,0.3008158504962921,-0.44046878814697266
1789130172117188900,121.52318896484375,-0.2798604965209961,0.16461241245269775,0.014719963073730469
1789130172133193500,121.539193359375,0.27591419219970703,0.12452200055122375,-0.19805800914764404
1789130172149195300,121.5551953125,0.19477081298828125,0.1618940234184265,0.1439378261566162
1789130172165198800,121.57119873046875,-0.10160160064697266,0.06734201312065125,-0.0031938552856445312
1789130172181201200,121.587201171875,-0.05769824981689453,-0.21471905708312988,0.050275206565856934
1789130172197206500,121.60320654296875,0.36467456817626953,-0.5221468806266785,0.13238036632537842
1789130172213213000,121.619212890625,0.2941923141479492,-0.33735427260398865,0.4327569007873535
1789130172229218300,121.63521826171875,0.7839679718017578,-0.07226422429084778,0.14383316040039062
1789130172245222400,121.65122241210938,0.40677356719970703,-0.16774004697799683,0.12885236740112305
1789130172261226800,121.66722680664063,-0.10924434661865234,-0.40978044271469116,0.013609647750854492
1789130172277238500,121.68323852539062,0.04998016357421875,0.1280510425567627,0.5107450485229492
1789130172293246500,121.69924658203125,0.5978631973266602,-0.08812746405601501,0.36772453784942627
1789130172309255200,121.71525512695312,0.7668561935424805,-0.09469380974769592,0.23227286338806152
1789130172325263000,121.73126318359375,0.6378507614135742,-0.1510857343673706,0.33170342445373535
1789130172341272300,121.74727221679687,0.46560096740722656,-0.09540092945098877,0.015776872634887695
1789130172357273600,121.76327368164063,0.1065673828125,0.0033836662769317627,0.2650645971298218
1789130172373280000,121.77928002929687,-0.017694473266601562,0.16874775290489197,0.1783607006072998
1789130172389286400,121.79528637695313,0.44179630279541016,0.09042516350746155,0.36687004566192627
1789130172405289500,121.81128955078125,0.5318813323974609,0.05355843901634216,-0.04970717430114746
1789130172421296400,121.82729638671876,-0.22582340240478516,0.10218104720115662,-0.024710893630981445
1789130172437298400,121.84329833984376,-0.7490568161010742,0.2788327932357788,0.11569070816040039
1789130172453303800,121.8593037109375,-0.1087188720703125,0.19401764869689941,-0.18386483192443848
1789130172469309700,121.87530981445312,0.3060779571533203,0.11828628182411194,-0.1267387866973877
1789130172485318700,121.89131860351563,0.09856510162353516,0.17066964507102966,0.09679615497589111
1789130172501325300,121.9073251953125,0.36507415771484375,0.02778071165084839,-0.00002753734588623047
1789130172517332200,121.92333227539062,0.47864627838134766,0.10087916254997253,0.16041159629821777
1789130172533338000,121.93933813476562,-0.10194873809814453,0.21743083000183105,-0.11553514003753662
1789130172549342200,121.95534228515625,0.2995185852050781,-0.2205432653427124,-0.015185952186584473
1789130172565348900,121.97134887695313,-0.08910274505615234,-0.24105405807495117,-0.46044623851776123
1789130172581356500,121.9873564453125,-0.13755321502685547,-0.08949899673461914,-0.0017621517181396484
1789130172597365200,122.003365234375,-0.05658245086669922,0.09439843893051147,-0.04209315776824951
1789130172613381400,122.01938134765625,0.24473857879638672,-0.06166714429855347,-0.27437734603881836
1789130172629396000,122.03539599609375,-0.23402976989746094,-0.25571441650390625,-0.12087595462799072
1789130172645406700,122.05140673828124,-0.19551372528076172,-0.18589240312576294,0.027273178100585938
1789130172661410800,122.06741088867187,0.04451179504394531,0.023982346057891846,-0.0657045841217041
1789130172677411600,122.08341162109375,0.21299362182617188,0.08384266495704651,-0.08875679969787598
1789130172693408300,122.099408203125,-0.2985506057739258,0.061770468950271606,0.28587090969085693
1789130172709404400,122.115404296875,-0.14417648315429688,-0.09920954704284668,-0.17438387870788574
1789130172725399000,122.13139892578126,-0.3298063278198242,-0.15527266263961792,-0.09351837635040283
1789130172741397800,122.14739770507812,-0.5583505630493164,-0.02020210027694702,0.2161703109741211
1789130172757393700,122.1633935546875,-0.16442298889160156,-0.00013023614883422852,0.08064746856689453
1789130172773386800,122.17938671875,0.05233955383300781,-0.09116613864898682,0.1794677972793579
1789130172789380900,122.195380859375,-0.4250316619873047,-0.09606015682220459,0.037941575050354004
1789130172805379300,122.21137939453125,-0.7201271057128906,-0.0621112585067749,0.03387916088104248
1789130172821379800,122.2273798828125,-1.0723876953125,-0.042553603649139404,0.22469723224639893
1789130172837371600,122.24337158203124,-0.33653926849365234,0.07432803511619568,0.24754810333251953
1789130172853362400,122.25936254882812,-0.30700016021728516,-0.030515551567077637,0.2489413022994995
1789130172869354800,122.27535473632813,-0.48621082305908203,0.0013766884803771973,0.4132344722747803
1789130172885348900,122.29134887695312,-0.15647029876708984,-0.2480407953262329,0.3230772018432617
1789130172901343700,122.30734375,-0.4768867492675781,-0.24102437496185303,0.33850812911987305
1789130172917340000,122.32333984375,-0.535120964050293,-0.2866058945655823,0.22745251655578613
1789130172933337600,122.33933764648438,-0.814610481262207,-0.21017688512802124,0.10291719436645508
1789130172949340000,122.35533984375,-0.22568798065185547,0.026170313358306885,0.28324222564697266
1789130172965341000,122.3713408203125,-0.10589027404785156,0.0177270770072937,0.3618643283843994
1789130172981337600,122.38733764648437,-0.133941650390625,-0.09995931386947632,0.29537272453308105
1789130172997334800,122.40333471679688,-0.38887786865234375,-0.3036564588546753,0.1569671630859375
1789130173013335800,122.41933569335937,-0.31717491149902344,-0.3394232392311096,0.5045998096466064
1789130173029340000,122.43533984375,0.16258621215820312,-0.34398412704467773,0.2986612319946289
1789130173045341000,122.4513408203125,0.5047025680541992,0.022310614585876465,0.3007051944732666
1789130173061338600,122.46733862304687,-0.03302478790283203,0.06501036882400513,0.4125957489013672
1789130173077332700,122.48333276367188,0.1272907257080078,-0.3236538767814636,0.28580474853515625
1789130173093334000,122.499333984375,0.022620201110839844,-0.060101866722106934,0.14653944969177246
1789130173109334500,122.51533447265625,-0.2684307098388672,0.2859683036804199,0.5606389045715332
1789130173125339000,122.5313388671875,0.2399425506591797,0.13162097334861755,0.04151725769042969
1789130173149340700,122.55534057617187,-0.15729713439941406,-0.023476481437683105,-0.039621591567993164
1789130173165347800,122.57134790039062,-0.44069957733154297,0.06210148334503174,0.09912800788879395
1789130173181351000,122.58735083007812,-0.0008955001831054688,0.08625125885009766,0.32856035232543945
1789130173197356300,122.60335620117188,-0.33185482025146484,0.0029274821281433105,0.06376934051513672
1789130173213362400,122.61936254882812,-0.04541206359863281,0.08178871870040894,-0.07067489624023438
1789130173229367600,122.63536743164063,0.13066577911376953,0.16494089365005493,0.08298230171203613
1789130173245369900,122.65136987304687,0.14680194854736328,0.2929720878601074,0.40786099433898926
1789130173261371100,122.66737109375,-0.016508102416992188,0.23248550295829773,0.07022714614868164
1789130173277372000,122.68337182617188,-0.005604743957519531,0.1354312300682068,0.06905293464660645
1789130173293367000,122.69936694335938,-0.14388465881347656,0.22123929858207703,0.19142436981201172
1789130173309365000,122.71536499023438,-0.17646312713623047,0.3553040325641632,-0.12311530113220215
1789130173325362400,122.73136254882813,-0.2861967086791992,0.11332443356513977,0.22928214073181152
1789130173349352400,122.7553525390625,0.14632225036621094,0.15916672348976135,-0.001657724380493164
1789130173365350100,122.77135009765625,0.343475341796875,-0.13282740116119385,0.20137286186218262
1789130173381351700,122.7873515625,-0.15781688690185547,-0.4621044993400574,0.27782344818115234
1789130173397357000,122.80335717773437,-0.1566448211669922,0.0071274638175964355,0.16840195655822754
1789130173413353700,122.81935375976562,0.23235130310058594,0.0008921027183532715,0.044449567794799805
1789130173429351400,122.83535131835937,-0.23495769500732422,-0.023330986499786377,0.5308277606964111
1789130173445355000,122.85135498046876,0.7532005310058594,-0.006058454513549805,-0.0013227462768554688
1789130173461359900,122.86735986328125,0.1847982406616211,-0.2285226583480835,0.26248598098754883
1789130173477357600,122.88335766601563,-0.4158458709716797,-0.22320932149887085,0.39798545837402344
1789130173493357600,122.89935766601562,-0.2065296173095703,0.16786187887191772,-0.057341575622558594
1789130173509355000,122.91535498046875,-0.10862922668457031,0.25859275460243225,0.20928502082824707
1789130173525357000,122.93135717773437,-0.22614002227783203,0.2864795923233032,0.08669734001159668
1789130173541355800,122.94735571289063,0.18268871307373047,0.28328174352645874,0.10859084129333496
1789130173557348000,122.96334814453125,-0.14214801788330078,-0.04908484220504761,0.05287647247314453
1789130173581343500,122.98734350585937,0.08343219757080078,0.1085873544216156,-0.11177778244018555
1789130173597343200,123.00334326171875,-0.0978708267211914,0.12776270508766174,0.13021135330200195
1789130173613342000,123.01934204101562,0.2633533477783203,0.07281213998794556,0.41475939750671387
1789130173629342200,123.03534228515625,0.2934408187866211,0.28715357184410095,0.19348382949829102
1789130173645345800,123.051345703125,0.032505035400390625,-0.027471840381622314,0.09651756286621094
1789130173661349000,123.06734912109376,-0.2995328903198242,-0.2639613151550293,0.2953507900238037
1789130173677344000,123.08334399414062,0.10524368286132812,-0.282584011554718,0.18641233444213867
1789130173693337300,123.09933740234375,0.4100189208984375,-0.3753588795661926,0.3586537837982178
1789130173709337300,123.11533740234376,0.6192455291748047,-0.1447506546974182,0.2386319637298584
1789130173725340700,123.13134057617188,0.10362052917480469,-0.2040840983390808,0.25334763526916504
1789130173741343000,123.14734301757812,-0.20244979858398438,-0.0826311707496643,0.17580318450927734
1789130173757345500,123.16334545898438,-0.15358829498291016,-0.05118393898010254,0.3407270908355713
1789130173773345800,123.179345703125,0.24511241912841797,-0.20145833492279053,0.21267032623291016
1789130173789342000,123.19534204101562,0.6915731430053711,-0.4151638150215149,0.11831140518188477
1789130173805346800,123.21134692382813,0.4238433837890625,-0.23353499174118042,0.38022541999816895
1789130173821346800,123.22734692382812,0.0028772354125976562,-0.11605358123779297,0.05281352996826172
1789130173837343200,123.24334326171875,-0.1125030517578125,0.04313623905181885,-0.0038716793060302734
1789130173853340400,123.25934033203124,-0.198272705078125,0.11218973994255066,0.14742302894592285
1789130173869336300,123.27533642578125,-0.26967620849609375,0.05546361207962036,-0.06545066833496094
1789130173885333000,123.2913330078125,-0.2889728546142578,0.19818097352981567,-0.04694724082946777
1789130173901322800,123.30732275390625,-0.45158863067626953,0.40010491013526917,-0.06362438201904297
1789130173917319000,123.32331884765625,-0.39790821075439453,0.19247648119926453,-0.03553628921508789
1789130173933318000,123.33931787109375,-0.15744686126708984,0.16551578044891357,0.1406998634338379
1789130173949311700,123.35531176757813,-0.12847042083740234,0.18396976590156555,-0.21629929542541504
1789130173965300000,123.37130004882812,-0.5155963897705078,0.2736428380012512,-0.3929893970489502
1789130173981298000,123.3872978515625,-0.7637701034545898,0.2606549859046936,-0.08664798736572266
1789130173997292500,123.40329248046875,-0.221343994140625,0.4051043689250946,0.2986166477203369
1789130174013288400,123.41928833007813,0.6717042922973633,0.3667930066585541,0.2303452491760254
1789130174029287400,123.43528735351562,0.11805438995361328,-0.1392422914505005,-0.2522001266479492
1789130174045276700,123.45127661132813,-0.22504806518554688,-0.019557207822799683,-0.36498188972473145
1789130174061266700,123.4672666015625,-0.5438737869262695,0.10806077718734741,0.11681318283081055
1789130174077255200,123.48325512695313,-0.4554271697998047,0.3229047656059265,-0.292694091796875
1789130174093250600,123.49925048828125,-0.21868896484375,-0.038575202226638794,0.27008962631225586
1789130174109237000,123.51523706054688,0.24773216247558594,0.08868378400802612,-0.17210698127746582
1789130174125231600,123.53123168945312,-0.3966798782348633,-0.38364294171333313,0.02217411994934082
1789130174141224000,123.54722387695313,-0.27970123291015625,-0.29215651750564575,-0.14771342277526855
1789130174157216000,123.56321606445313,-0.23445701599121094,0.05696788430213928,0.012408256530761719
1789130174181207800,123.58720776367187,-0.32178306579589844,0.2643932104110718,-0.14378070831298828
1789130174197200400,123.60320043945312,-0.13680553436279297,0.4672505855560303,-0.10216569900512695
1789130174213192000,123.61919189453126,-0.45362091064453125,0.5292320251464844,0.28942418098449707
1789130174229194800,123.63519482421874,-0.4489459991455078,0.7045365571975708,0.035872459411621094
1789130174245189600,123.65118969726562,-0.5250368118286133,0.6290420889854431,0.02901482582092285
1789130174261180700,123.6671806640625,-0.36643218994140625,0.49001574516296387,0.04205155372619629
1789130174277175800,123.68317578125,0.08762741088867188,0.4188147485256195,0.03174757957458496
1789130174293172500,123.69917236328125,-0.28299427032470703,0.594813883304596,-0.1753859519958496
1789130174309166300,123.71516625976562,-0.5058069229125977,0.8303046226501465,-0.030114412307739258
1789130174325155600,123.73115551757813,-0.5262565612792969,0.8041450381278992,0.21734046936035156
1789130174341151700,123.74715185546874,0.45002269744873047,0.9311783313751221,0.27179694175720215
1789130174357149400,123.7631494140625,0.2292318344116211,0.9160246253013611,0.035262346267700195
1789130174373153800,123.77915380859375,-0.23327350616455078,0.4683524966239929,0.046079397201538086
1789130174389155000,123.79515502929688,-0.8141984939575195,0.13083580136299133,-0.10441184043884277
1789130174405161000,123.81116088867188,-0.44722557067871094,0.7124565243721008,-0.1628584861755371
1789130174421167400,123.82716748046874,0.5046567916870117,1.390610933303833,0.08498191833496094
1789130174437166300,123.84316625976562,-0.4602470397949219,0.9855364561080933,0.33971285820007324
1789130174453158400,123.85915844726563,-0.12966442108154297,0.07631763815879822,-0.2326037883758545
1789130174469152800,123.87515283203125,-0.6907205581665039,0.38885194063186646,-0.2901909351348877
1789130174485145900,123.89114575195312,-0.6905899047851562,0.4335642457008362,0.24233245849609375
1789130174501138700,123.907138671875,0.38361549377441406,0.5281103253364563,0.3118569850921631
1789130174517137200,123.92313720703125,0.6239833831787109,0.5055867433547974,0.10648059844970703
1789130174533140200,123.93914013671875,0.25815582275390625,0.5614981055259705,-0.05791497230529785
1789130174549138200,123.95513818359375,-0.4231863021850586,0.5623950362205505,-0.17983317375183105
1789130174565136400,123.97113647460938,0.044571876525878906,0.516395092010498,0.2265784740447998
1789130174581133300,123.98713330078125,0.1754169464111328,0.3792124390602112,0.5625503063201904
1789130174597130800,124.003130859375,0.5926856994628906,0.9542863368988037,0.34889864921569824
1789130174613127400,124.01912744140625,0.6825675964355469,1.173046588897705,0.4212632179260254
1789130174629123800,124.03512377929688,0.22076416015625,0.7585563659667969,0.03133535385131836
1789130174645121300,124.05112133789062,0.03251934051513672,0.40430712699890137,0.11564326286315918
1789130174661118000,124.06711791992187,-0.5650472640991211,0.6819088459014893,0.5345220565795898
1789130174677108500,124.0831083984375,0.40656566619873047,0.9484004378318787,0.08057665824890137
1789130174693096200,124.09909619140625,0.6906623840332031,1.0695947408676147,-0.20813775062561035
1789130174709084700,124.11508471679687,0.06498241424560547,0.4892132878303528,0.17779159545898438
1789130174725080600,124.13108056640625,0.5153932571411133,0.6042661666870117,0.24496245384216309
1789130174741075200,124.1470751953125,0.13286304473876953,0.6469237804412842,0.2719399929046631
1789130174757075000,124.16307495117188,-0.5737476348876953,0.7214363813400269,0.09710431098937988
1789130174781074000,124.18707397460938,-1.0270204544067383,0.21197569370269775,-0.2335948944091797
1789130174797073000,124.20307299804688,0.03196239471435547,0.41856813430786133,0.27594971656799316
1789130174813072400,124.219072265625,0.4636383056640625,0.3766438961029053,0.12333321571350098
1789130174829070300,124.2350703125,0.44275665283203125,0.20100998878479004,-0.09096336364746094
1789130174845067300,124.2510673828125,-0.2935333251953125,0.2594038248062134,-0.16524791717529297
1789130174861058800,124.26705883789063,-1.0389337539672852,0.3341176509857178,0.4367659091949463
1789130174877045000,124.283044921875,0.1582193374633789,0.20446348190307617,-0.09401535987854004
1789130174893036500,124.29903662109375,0.3229341506958008,0.3070014715194702,0.32863926887512207
1789130174909033000,124.31503295898438,-0.13928699493408203,0.34425461292266846,0.09560585021972656
1789130174925031700,124.33103173828125,0.12104415893554688,0.2511352300643921,-0.173750638961792
1789130174941026000,124.34702612304687,-0.136077880859375,0.586022138595581,-0.12483572959899902
1789130174957021400,124.363021484375,-0.3379802703857422,0.6058979034423828,0.1361095905303955
1789130174973016300,124.37901635742188,-0.015784263610839844,0.6480234861373901,0.19086647033691406
1789130174989003500,124.39500341796875,0.760289192199707,0.48559069633483887,0.5217854976654053
1789130175004991700,124.41099169921876,0.7447366714477539,0.3271057605743408,0.7336390018463135
1789130175020987400,124.4269873046875,1.1028594970703125,0.05854010581970215,0.2842278480529785
1789130175036977200,124.44297705078125,0.29898834228515625,0.27308714389801025,-0.08615899085998535
1789130175052968400,124.45896850585937,-0.7875766754150391,0.7617608308792114,0.32178187370300293
1789130175068957000,124.47495703125,0.19537830352783203,0.511833906173706,0.6422252655029297
1789130175084949200,124.49094921875,1.0088634490966797,0.7263396978378296,0.697967529296875
1789130175100941000,124.50694116210937,1.1554975509643555,0.4138842821121216,0.5007572174072266
1789130175116933600,124.52293359375,0.7430515289306641,0.329709529876709,0.29073095321655273
1789130175132928000,124.53892797851563,0.1395130157470703,0.3178788423538208,0.11509013175964355
1789130175148924200,124.55492407226562,-0.5376205444335938,0.13992631435394287,0.7251176834106445
1789130175164917800,124.57091772460937,-0.39731788635253906,0.8164093494415283,0.2903769016265869
1789130175180913200,124.5869130859375,0.4266700744628906,1.1310834884643555,0.38693881034851074
1789130175196906200,124.60290625,0.5927057266235352,1.0555469989776611,0.2006525993347168
1789130175212904700,124.61890478515625,0.1168813705444336,0.717911958694458,0.045822858810424805
1789130175228901000,124.63490112304687,-0.22918128967285156,0.6814912557601929,0.21844887733459473
1789130175244904700,124.65090478515626,-0.1527423858642578,0.9948453903198242,0.36696457862854004
1789130175260908000,124.66690795898438,-0.06064128875732422,0.9052480459213257,-0.07822465896606445
1789130175276907300,124.6829072265625,0.11259651184082031,0.9878841638565063,-0.15987348556518555
1789130175292904000,124.69890405273438,0.24526596069335938,0.8412060737609863,-0.11955785751342773
1789130175308900400,124.714900390625,0.14337539672851562,1.0632221698760986,-0.11677885055541992
1789130175324898600,124.73089868164062,0.00118255615234375,1.0110390186309814,-0.21488165855407715
1789130175340895700,124.74689575195312,-0.22972774505615234,1.0153183937072754,-0.07052302360534668
1789130175356895200,124.76289526367188,0.11802196502685547,0.5165247917175293,0.17932343482971191
1789130175372893200,124.77889306640625,0.7375154495239258,0.6318814754486084,0.15776968002319336
1789130175388889300,124.79488940429688,1.0615577697753906,0.6886687278747559,-0.06872344017028809
1789130175404890000,124.81089013671875,1.1434850692749023,0.2416858673095703,-0.4080231189727783
1789130175420885200,124.82688525390626,0.6562318801879883,0.3145558834075928,0.810009241104126
1789130175436885800,124.8428857421875,0.4234800338745117,0.4233989715576172,0.7025973796844482
1789130175452885500,124.85888549804687,1.4379596710205078,0.8911685943603516,0.5038716793060303
1789130175468882700,124.87488256835937,1.2546472549438477,0.2649962902069092,0.47304773330688477
1789130175484882700,124.89088256835937,1.1719417572021484,-0.4154571294784546,0.4099922180175781
1789130175500883500,124.90688354492187,1.5869884490966797,0.3760199546813965,0.05811166763305664
1789130175516882000,124.9228818359375,0.8003358840942383,0.41446471214294434,1.4594695568084717
1789130175532875300,124.93887524414062,2.1721553802490234,0.7295329570770264,0.5144782066345215
1789130175548873500,124.95487353515625,1.7629194259643555,0.056157827377319336,1.3904263973236084
1789130175564869400,124.97086938476562,1.5490484237670898,-0.90128493309021,0.39430689811706543
1789130175580869000,124.986869140625,0.4348297119140625,0.5783002376556396,-0.09772562980651855
1789130175596870400,125.00287036132812,1.3924942016601562,0.3856384754180908,0.07359910011291504
1789130175612867000,125.0188671875,1.0087108612060547,0.6765365600585938,0.789731502532959
1789130175628861000,125.03486083984374,1.6579256057739258,0.8400511741638184,0.13038921356201172
1789130175644856000,125.05085595703125,1.1678228378295898,0.23286890983581543,0.11214590072631836
1789130175660851200,125.06685131835937,0.2183055877685547,0.27614855766296387,0.21895265579223633
1789130175676851700,125.08285180664062,0.4373493194580078,0.47713208198547363,-0.2914893627166748
1789130175692850700,125.0988505859375,0.12436485290527344,0.8910765647888184,-0.5331448316574097
1789130175708850000,125.11484985351562,0.3620157241821289,0.6951744556427002,-0.19259381294250488
1789130175724852500,125.1308525390625,0.5720806121826172,0.29215550422668457,-0.5963139533996582
1789130175740851200,125.14685131835938,0.5144805908203125,0.49633359909057617,-0.5448791980743408
1789130175756848400,125.16284838867188,0.5052928924560547,0.4072902202606201,-0.06216144561767578
1789130175772845300,125.17884521484375,0.5828380584716797,0.17327070236206055,-0.5749176740646362
1789130175788840400,125.19484033203125,-0.1814432144165039,0.27892637252807617,-0.8689315319061279
1789130175804834300,125.21083422851562,-0.3081989288330078,0.5959804058074951,-1.0912196636199951
1789130175820831500,125.22683154296875,0.3834648132324219,0.07183051109313965,-1.3096684217453003
1789130175836828400,125.24282836914062,0.6516885757446289,0.015695810317993164,-0.6654728651046753
1789130175852825300,125.25882543945312,0.3126811981201172,-0.16373729705810547,-0.3454759120941162
1789130175868819700,125.27481982421875,0.522435188293457,-0.07615852355957031,-0.8006752133369446
1789130175884810800,125.29081079101563,-0.5665578842163086,0.3840034008026123,-0.663975715637207
1789130175900804000,125.30680419921875,-0.8734579086303711,-0.4597644805908203,-0.6124011278152466
1789130175916792000,125.3227919921875,1.3345184326171875,-0.5618672370910645,-1.8761082887649536
1789130175932776400,125.3387763671875,-0.16028881072998047,-0.510636568069458,0.14141762256622314
1789130175948768800,125.35476879882812,0.33889007568359375,-0.2793004512786865,-0.04633915424346924
1789130175964762400,125.37076245117187,0.6966257095336914,-0.1558971405029297,-0.6829010844230652
1789130175980756700,125.3867568359375,-0.9868526458740234,-0.006369352340698242,-0.42201608419418335
1789130175996747500,125.40274755859375,-0.6757535934448242,0.014726638793945312,-0.1559826135635376
1789130176020735200,125.4267353515625,-0.34389305114746094,0.07028961181640625,0.0854266881942749
1789130176036721700,125.4427216796875,0.06509876251220703,0.2674987316131592,-0.5790071487426758
1789130176052714800,125.45871484375,0.17995452880859375,0.13463640213012695,-0.10565412044525146
1789130176068704300,125.47470434570313,-0.0634002685546875,0.2640554904937744,-0.058342695236206055
1789130176084696600,125.49069653320312,0.3787698745727539,0.37798547744750977,-0.04816722869873047
1789130176100693200,125.506693359375,-0.1885242462158203,0.3418748378753662,0.5044337511062622
1789130176116688000,125.52268798828125,0.5559663772583008,0.7805476188659668,0.11417531967163086
1789130176132688400,125.5386884765625,0.1848001480102539,0.7260546684265137,-0.032123446464538574
1789130176148691700,125.55469165039062,0.06329345703125,0.14747309684753418,0.14204680919647217
1789130176164695600,125.57069555664063,0.9263238906860352,0.4221041202545166,0.22779154777526855
1789130176180699400,125.58669946289062,0.6402168273925781,0.06387186050415039,0.008409976959228516
1789130176196696000,125.60269604492187,0.12520503997802734,0.5224001407623291,0.5236072540283203
1789130176212693800,125.61869384765625,0.806828498840332,0.717698335647583,0.21900832653045654
1789130176228692000,125.63469189453124,0.18559837341308594,0.4599037170410156,0.5793052911758423
1789130176244692700,125.65069262695313,0.7696943283081055,0.6170547008514404,0.14406394958496094
1789130176260692700,125.66669262695312,0.6410007476806641,0.5650355815887451,-0.10190314054489136
1789130176276690000,125.68268994140625,0.5031681060791016,0.44052886962890625,0.2535923719406128
1789130176292682500,125.6986826171875,0.7617721557617188,0.7113182544708252,0.14232110977172852
1789130176308676900,125.7146767578125,0.4500865936279297,0.3567016124725342,0.2941080927848816
1789130176324675300,125.73067529296875,0.31093502044677734,0.36536359786987305,0.25502926111221313
1789130176340680700,125.7466806640625,0.4339475631713867,0.5265829563140869,0.1780378818511963
1789130176356680400,125.76268041992188,0.49811744689941406,0.04540395736694336,-0.1550324559211731
1789130176372677000,125.77867700195313,0.6667852401733398,0.1468031406402588,0.11020028591156006
1789130176388677600,125.794677734375,0.8684043884277344,-0.6261501312255859,-0.2463974952697754
1789130176404674300,125.81067431640625,0.3804655075073242,-0.22069406509399414,0.08605247735977173
1789130176420669700,125.82666967773437,0.6771535873413086,0.4551200866699219,-0.059280455112457275
1789130176436671000,125.8426708984375,0.8205757141113281,0.09810471534729004,0.07913243770599365
1789130176452669200,125.85866918945312,0.6325225830078125,0.18071269989013672,-0.3901863098144531
1789130176468658700,125.87465869140625,-0.11139583587646484,-0.02174830436706543,0.30230700969696045
1789130176484654800,125.89065478515624,0.20745086669921875,-0.3666536808013916,-0.4178328514099121
1789130176500650500,125.906650390625,0.7602605819702148,-0.6699683666229248,-0.15835946798324585
1789130176516646100,125.92264624023437,1.2690868377685547,-0.4705336093902588,0.49445587396621704
1789130176532644000,125.93864404296875,1.7753210067749023,-0.5607359409332275,0.6183211207389832
1789130176548641300,125.95464135742188,1.3204269409179688,-1.0297346115112305,-0.03655308485031128
1789130176564641000,125.97064111328125,-0.40175724029541016,-1.112688422203064,-0.17629778385162354
1789130176580643600,125.9866435546875,0.42399120330810547,-0.4745602607727051,-0.4851762056350708
1789130176596644600,126.00264453125,0.3740081787109375,-0.402785062789917,0.14475297927856445
1789130176612648700,126.01864868164063,0.5149097442626953,-0.7004392147064209,0.260273277759552
1789130176628644000,126.03464404296875,0.6224603652954102,-1.130500316619873,0.6874476075172424
1789130176644643600,126.0506435546875,0.6152105331420898,-1.1530972719192505,-0.053231000900268555
1789130176660646400,126.066646484375,-0.1545848846435547,-0.4802532196044922,-0.5199331045150757
1789130176676640300,126.08264013671875,-1.2078800201416016,-0.5180717706680298,-0.7138816714286804
1789130176692634400,126.09863427734375,-0.3460721969604492,-0.09043431282043457,0.0913054347038269
1789130176708630800,126.114630859375,1.4485197067260742,-0.8286769390106201,0.4161437153816223
1789130176724622800,126.13062280273438,1.2202320098876953,-0.4985147714614868,0.09762567281723022
1789130176740618000,126.14661791992188,0.4574737548828125,-0.5071966648101807,0.16352814435958862
1789130176756611300,126.162611328125,-0.5122594833374023,-0.5113567113876343,-0.2843654453754425
1789130176772603400,126.17860327148438,-0.185882568359375,-0.4414858818054199,-0.733338475227356
1789130176788592000,126.19459204101562,-0.4740276336669922,-0.14526736736297607,-0.3459712266921997
1789130176804582000,126.21058178710938,-1.105794906616211,-0.013735175132751465,-0.4240870177745819
1789130176820573700,126.22657373046874,-0.529484748840332,-0.19732677936553955,0.46576035022735596
1789130176836565200,126.24256518554688,0.867466926574707,-0.8276431560516357,0.30486392974853516
1789130176852556000,126.25855615234374,1.0313119888305664,-0.8180842399597168,-0.1784486472606659
1789130176868542500,126.27454248046875,0.15169429779052734,-0.4891049861907959,0.014231324195861816
1789130176884532700,126.29053271484375,-0.3724966049194336,-0.5359216928482056,0.14669251441955566
1789130176900526600,126.30652661132812,-0.2874774932861328,-0.9542033672332764,-0.2781844437122345
1789130176916523000,126.32252294921875,-0.2642087936401367,-0.11330103874206543,-0.08728533983230591
1789130176932523000,126.33852294921876,0.530766487121582,-0.6715707778930664,0.1725206971168518
1789130176948521500,126.354521484375,1.396876335144043,-0.3184702396392822,0.26098185777664185
1789130176964518400,126.37051831054687,1.1239500045776367,-0.7317990064620972,0.292694628238678
1789130176980509700,126.386509765625,-0.09151363372802734,-0.4438689947128296,-0.1772194504737854
1789130176996505000,126.40250512695313,-0.7514162063598633,-0.303916335105896,-0.06403940916061401
1789130177012497000,126.41849682617188,0.5423431396484375,0.2840501070022583,-0.10277068614959717
1789130177028491800,126.43449169921875,0.9598588943481445,0.0945122241973877,1.16972815990448
1789130177044488000,126.45048803710938,1.785745620727539,-0.22331416606903076,0.5269994735717773
1789130177060480800,126.46648071289063,0.9218254089355469,-1.790824294090271,-0.24649640917778015
1789130177076472800,126.48247290039062,-0.771998405456543,-0.49635040760040283,-0.44009116291999817
1789130177092463900,126.4984638671875,-1.2683095932006836,0.1339893341064453,0.25441235303878784
1789130177108459300,126.51445922851562,0.7105560302734375,-0.24958539009094238,0.17776060104370117
1789130177124453600,126.53045361328125,0.18899822235107422,0.0498584508895874,1.244452714920044
1789130177140447200,126.546447265625,1.1850090026855469,-0.2862875461578369,-0.9070801138877869
1789130177156447200,126.562447265625,-0.37667179107666016,-1.144301176071167,0.5356786847114563
1789130177172442400,126.5784423828125,0.5958623886108398,-0.09126710891723633,0.15978944301605225
1789130177188434200,126.59443408203126,2.0244646072387695,0.1914515495300293,-0.500039279460907
1789130177204425700,126.61042578125,0.7823362350463867,0.02889120578765869,0.5660356879234314
1789130177220416300,126.62641625976562,-0.11970901489257812,0.06998777389526367,1.0382987260818481
1789130177236408000,126.64240795898438,1.295206069946289,-0.4793078899383545,-0.056377947330474854
1789130177252403000,126.65840283203126,0.13475704193115234,-0.13126403093338013,0.3105684518814087
1789130177268402700,126.67440258789063,0.5644674301147461,0.13645517826080322,-0.06452769041061401
1789130177284409000,126.6904091796875,1.0809850692749023,-0.09530365467071533,-0.5439649820327759
1789130177300410000,126.70641015625,-0.3845396041870117,-0.04203689098358154,0.3877471089363098
1789130177316406000,126.72240600585937,-0.25981807708740234,0.398756742477417,0.7627072334289551
1789130177332402700,126.73840258789062,1.0284976959228516,-0.15010935068130493,-1.0118662118911743
1789130177348395800,126.75439575195313,-0.3070058822631836,-0.13110822439193726,0.052127301692962646
1789130177364396300,126.77039624023438,-0.703984260559082,0.961076021194458,0.1337214708328247
1789130177380390700,126.786390625,-0.1769084930419922,0.23497986793518066,0.21291238069534302
1789130177396388400,126.80238842773437,1.0773429870605469,-0.034261465072631836,-0.0927807092666626
1789130177412388400,126.81838842773438,0.34970760345458984,0.509024977684021,1.0574791431427002
1789130177428386800,126.83438671875,0.9823036193847656,-0.26524168252944946,-0.0698971152305603
1789130177444386300,126.85038623046874,0.752960205078125,-0.0841529369354248,0.1663159728050232
1789130177460378600,126.86637866210937,0.27468109130859375,0.5745980739593506,-0.15198254585266113
1789130177476374300,126.88237426757813,0.39475345611572266,-0.5543954968452454,-0.07470172643661499
1789130177492374800,126.89837475585938,0.5867748260498047,0.06740701198577881,0.32437407970428467
1789130177508374800,126.91437475585937,0.26712703704833984,0.48920297622680664,0.12134957313537598
1789130177524371000,126.93037084960937,0.3259096145629883,-0.009867191314697266,-0.09562963247299194
1789130177540367000,126.9463671875,0.05443000793457031,0.2655400037765503,0.27182406187057495
1789130177556360000,126.96235986328125,-0.25357818603515625,0.7909919023513794,0.16256499290466309
1789130177572351500,126.9783515625,-0.034295082092285156,0.16020119190216064,0.13177859783172607
1789130177588344000,126.99434399414062,0.011631965637207031,-0.024715423583984375,-0.12376999855041504
1789130177604341000,127.01034106445313,-0.26789379119873047,0.4992748498916626,0.4282001852989197
1789130177620336400,127.02633642578125,-0.06677818298339844,0.22565162181854248,-0.18557149171829224
1789130177636328700,127.04232861328126,-0.3146238327026367,0.5494204759597778,0.12670457363128662
1789130177652320300,127.0583203125,-0.13826942443847656,-0.18376374244689941,0.07997626066207886
1789130177668312300,127.07431225585937,0.3021402359008789,0.12742829322814941,-0.018964827060699463
1789130177684300000,127.09030004882813,-0.2594785690307617,0.04904532432556152,0.12863367795944214
1789130177700298800,127.106298828125,-0.2269744873046875,-0.241174578666687,-0.18591171503067017
1789130177716304600,127.1223046875,-0.12306976318359375,-0.9016190767288208,-0.03607583045959473
1789130177732306700,127.138306640625,-0.26813697814941406,-0.6465669870376587,0.06421524286270142
1789130177748303600,127.1543037109375,-0.47534942626953125,0.01148223876953125,0.10464435815811157
1789130177764299300,127.17029931640624,-0.38706111907958984,-0.722395122051239,0.06325650215148926
1789130177780290000,127.1862900390625,-0.1265115737915039,-0.5033913850784302,-0.10998374223709106
1789130177796278300,127.2022783203125,-0.7274618148803711,-0.552486002445221,0.09532678127288818
1789130177812273400,127.2182734375,0.16480541229248047,-0.6486414074897766,-0.18124526739120483
1789130177828264700,127.2342646484375,-0.07775688171386719,-0.34691399335861206,0.643644392490387
1789130177844259300,127.25025927734374,0.2912282943725586,-0.7313201427459717,0.20413082838058472
1789130177860254000,127.26625390625,-0.19181537628173828,-0.7315081357955933,0.05043351650238037
1789130177876246300,127.28224633789063,-0.8553915023803711,-0.4006917476654053,0.23755276203155518
1789130177892242400,127.29824243164063,-0.044933319091796875,-0.6243806481361389,0.1408984661102295
1789130177908242700,127.31424267578124,0.017416000366210938,-0.622592568397522,-0.1776852011680603
1789130177924242700,127.33024267578125,0.1088399887084961,-1.1758123636245728,0.4161979556083679
1789130177940239000,127.34623901367188,0.9856100082397461,-0.5760222673416138,0.24666070938110352
1789130177956234200,127.36223413085938,0.3923816680908203,-1.0127109289169312,0.04356187582015991
1789130177972233700,127.37823364257812,-0.05685997009277344,-0.9437297582626343,0.26834869384765625
1789130177988228000,127.39422802734374,0.4511842727661133,-0.9012302160263062,-0.28491371870040894
1789130178012224300,127.41822436523438,0.052985191345214844,-0.4157330393791199,0.3956254720687866
1789130178028218600,127.43421850585938,0.45714473724365234,-0.5365023016929626,0.47151559591293335
1789130178044208400,127.45020849609375,0.2966146469116211,-0.8102602958679199,0.03476661443710327
1789130178060206000,127.4662060546875,-0.199005126953125,-0.8520998358726501,0.22695177793502808
1789130178076206300,127.48220629882813,-0.6504421234130859,-0.6427385807037354,0.44054466485977173
1789130178092209400,127.49820947265626,0.3729209899902344,-0.2491307258605957,-0.2266312837600708
1789130178108210000,127.5142099609375,0.0847940444946289,-0.609131932258606,0.3586888909339905
1789130178124205800,127.53020581054687,0.3051729202270508,-0.7371718287467957,0.8703253269195557
1789130178148202200,127.5542021484375,0.36759376525878906,-0.5095798969268799,0.24096691608428955
1789130178164203500,127.57020361328125,-0.12088966369628906,-0.11279544234275818,-0.06665295362472534
1789130178180204300,127.58620434570312,-0.9491195678710938,-0.15281642973423004,0.616716206073761
1789130178196204000,127.6022041015625,0.5544185638427734,-0.5510395169258118,-0.18899565935134888
1789130178212204800,127.61820483398438,0.5208339691162109,-0.5899578332901001,0.3292556405067444
1789130178236201500,127.64220141601562,0.11906719207763672,-0.48192107677459717,0.2023792266845703
1789130178252193800,127.65819384765625,0.6413631439208984,-1.0009115934371948,-0.3586100935935974
1789130178268183800,127.67418383789062,0.24437332153320312,0.22771163284778595,0.1332634687423706
1789130178284177400,127.69017749023438,0.1298990249633789,0.9520596265792847,0.2944687008857727
1789130178300174300,127.70617431640625,0.4174184799194336,-0.45552951097488403,-0.3142770528793335
1789130178316169700,127.72216967773437,-0.38031864166259766,-0.4527122378349304,0.7468340396881104
1789130178332164000,127.7381640625,0.5031909942626953,0.5209203362464905,0.3378788232803345
1789130178348163300,127.75416333007813,0.3999776840209961,0.571307361125946,0.4348662495613098
1789130178364163800,127.77016381835938,0.3159646987915039,-0.32286298274993896,-0.06204110383987427
1789130178380158200,127.786158203125,0.6657848358154297,0.6603160500526428,0.2804722189903259
1789130178396151800,127.80215185546875,-0.37271690368652344,0.591358482837677,0.19288116693496704
1789130178412152300,127.81815234375,-0.35750293731689453,0.346454918384552,0.40469539165496826
1789130178428152600,127.83415258789063,0.2421102523803711,0.6204580664634705,0.7383127212524414
1789130178452149500,127.8581494140625,0.884791374206543,-0.13026545941829681,-0.3247935175895691
1789130178468147000,127.87414697265625,-0.22550392150878906,0.12062700092792511,-0.039179205894470215
1789130178484147500,127.8901474609375,0.36434364318847656,-0.38888585567474365,-0.14361757040023804
1789130178500148500,127.9061484375,0.8912992477416992,-0.2452424168586731,0.40008747577667236
1789130178516146200,127.92214624023437,0.42770862579345703,0.0679205060005188,-0.04931032657623291
1789130178532142300,127.93814233398437,-0.1735248565673828,-0.309201717376709,0.729251503944397
1789130178548137200,127.95413720703125,-0.055477142333984375,-0.1274922490119934,0.42246484756469727
1789130178564137000,127.97013696289062,-0.3867788314819336,-0.1476525217294693,0.5368363857269287
1789130178580137000,127.98613696289063,0.2829151153564453,-0.31730541586875916,0.7986292839050293
1789130178596133000,128.00213305664062,0.019710540771484375,-0.1716635674238205,0.5422074794769287
1789130178612118300,128.0181181640625,0.1931772232055664,-0.4588688910007477,0.6148478984832764
1789130178628107500,128.034107421875,-0.23544025421142578,-0.34639114141464233,0.8614897727966309
1789130178644100600,128.0501005859375,0.0930166244506836,0.1311464011669159,0.8586469888687134
1789130178660096800,128.0660966796875,0.3590126037597656,-0.22460639476776123,0.7972016334533691
1789130178676090600,128.08209057617188,-0.5330066680908203,-0.424899160861969,0.9051607847213745
1789130178692090400,128.09809033203126,-0.4672412872314453,-0.20150849223136902,0.5449036359786987
1789130178708083700,128.11408374023438,-0.2863178253173828,-0.23603025078773499,1.0279200077056885
1789130178724077800,128.13007788085937,-0.41149234771728516,-0.01199495792388916,0.4906524419784546
1789130178740077300,128.14607739257812,-1.0063371658325195,-0.3524681031703949,0.8769011497497559
1789130178756069600,128.16206958007814,-0.1748056411743164,-0.5412576794624329,0.9233640432357788
1789130178772065000,128.17806494140626,-0.48201847076416016,-0.11757645010948181,0.6260840892791748
1789130178788061400,128.1940615234375,-0.626042366027832,0.047037556767463684,0.7446472644805908
1789130178804053800,128.2100537109375,-0.33391761779785156,-0.11903536319732666,0.7049314975738525
1789130178820053800,128.2260537109375,-0.07442569732666016,-0.5954987406730652,0.523353099822998
1789130178836054300,128.24205419921876,-0.5295295715332031,-0.5444952249526978,0.2524822950363159
1789130178852054800,128.2580546875,-0.8657236099243164,-0.15279918909072876,1.026196002960205
1789130178868051700,128.2740517578125,0.48406124114990234,-0.7437650561332703,0.49713683128356934
1789130178884047400,128.29004736328125,-0.466888427734375,-0.21590553224086761,0.28734469413757324
1789130178900042000,128.3060419921875,-1.0239086151123047,-0.051454395055770874,0.9220209121704102
1789130178916040200,128.32204028320314,-0.04735374450683594,0.12491460144519806,0.2521822452545166
1789130178932044500,128.33804443359375,-1.3635005950927734,-0.20698446035385132,1.0594301223754883
1789130178948043300,128.35404321289062,-1.131688117980957,-0.22756344079971313,-0.14879488945007324
1789130178964047000,128.37004711914062,0.6262655258178711,0.47804805636405945,0.5895833969116211
1789130178980043000,128.38604296875,-0.3160057067871094,-0.10766416788101196,-0.002835988998413086
1789130178996044500,128.40204443359374,-0.3807525634765625,-0.042622387409210205,0.47829413414001465
1789130179012046000,128.41804614257813,0.685551643371582,0.27739793062210083,0.20867085456848145
1789130179028048100,128.43404809570313,-0.10534000396728516,-0.18133509159088135,0.11737537384033203
1789130179044056800,128.45005688476562,0.2918682098388672,-0.6437888741493225,0.25936245918273926
1789130179060057300,128.46605737304688,0.7977924346923828,-0.18376952409744263,0.6283202171325684
1789130179076062500,128.4820625,0.2598905563354492,-0.94077068567276,-0.17931246757507324
1789130179092059600,128.4980595703125,-1.1426610946655273,-0.39093607664108276,0.9585163593292236
1789130179108050200,128.51405029296876,0.35886383056640625,-0.07424253225326538,-0.09138679504394531
1789130179124043500,128.53004345703124,-1.300166130065918,-0.4361627697944641,0.45715832710266113
1789130179140037400,128.54603735351563,-0.47392940521240234,-1.1673380136489868,0.17595410346984863
1789130179156028000,128.56202783203125,-0.36418628692626953,0.03231990337371826,0.5042483806610107
1789130179172023300,128.57802319335937,0.4367856979370117,-0.1278083324432373,0.7625312805175781
1789130179188014800,128.59401489257812,-0.01612091064453125,-1.294235348701477,-0.5986740589141846
1789130179204011000,128.61001098632812,-1.8078570365905762,-0.5413094162940979,1.3534939289093018
1789130179220009500,128.62600952148438,0.14934444427490234,0.20052874088287354,0.3019576072692871
1789130179236004000,128.64200415039062,-0.8823719024658203,-0.9583913683891296,0.3837590217590332
1789130179252000500,128.65800048828126,-1.2302532196044922,-0.35541433095932007,1.475844144821167
1789130179267997000,128.67399682617187,-0.15486907958984375,0.7585217952728271,1.3308565616607666
1789130179283996700,128.68999658203126,-0.8065052032470703,0.4449152648448944,0.4036729335784912
1789130179299993300,128.7059934082031,-1.4970989227294922,0.3332994878292084,0.9342267513275146
1789130179315993600,128.72199365234374,0.00138092041015625,0.8810451030731201,0.7250444889068604
1789130179331999500,128.73799951171875,-0.8299531936645508,0.7339759469032288,0.9021801948547363
1789130179348001300,128.75400122070312,0.3386116027832031,0.5287576913833618,1.956200122833252
1789130179364001800,128.77000170898438,0.36954593658447266,0.841090977191925,1.914538860321045
1789130179380007000,128.7860068359375,-0.7547388076782227,-0.014320313930511475,1.5971360206604004
1789130179395997200,128.8019970703125,-0.7110614776611328,-0.3181864023208618,1.112584114074707
1789130179411989200,128.8179892578125,0.1540079116821289,-0.5996121168136597,1.467679738998413
1789130179427980000,128.83397998046874,-1.0604896545410156,0.9282959699630737,1.3336694240570068
1789130179443973400,128.84997338867188,-0.31255340576171875,0.7905497550964355,1.8128955364227295
1789130179459967200,128.86596728515624,0.025068283081054688,1.2191667556762695,0.8331537246704102
1789130179475965200,128.88196508789062,-0.6358413696289062,1.0408838987350464,0.662198543548584
1789130179491956000,128.8979560546875,-0.8110313415527344,0.5942497253417969,1.3691439628601074
1789130179507946800,128.91394677734374,0.22293949127197266,0.4079890847206116,1.4136862754821777
1789130179523939300,128.92993920898436,0.7943964004516602,0.5806294679641724,1.7355213165283203
1789130179539929000,128.94592919921874,0.9525785446166992,1.060911774635315,2.460599422454834
1789130179555922000,128.961921875,0.7687702178955078,0.8087174892425537,0.9118432998657227
1789130179571910000,128.97790991210937,0.07904052734375,0.04434439539909363,0.9394149780273438
1789130179587898400,128.9938984375,-0.9057235717773438,0.3655758500099182,1.2449445724487305
1789130179611880000,129.0178798828125,0.46689510345458984,0.5462860465049744,0.881892204284668
1789130179627869700,129.03386962890625,-0.9732847213745117,-0.04406169056892395,1.4100098609924316
1789130179659846700,129.0658466796875,0.052120208740234375,0.18253405392169952,1.0007424354553223
1789130179675834600,129.08183471679686,-0.3671445846557617,-1.2921364307403564,0.30315637588500977
1789130179691822000,129.09782202148438,-0.7787389755249023,0.22522930800914764,0.09850692749023438
1789130179707811000,129.11381103515626,-0.1974344253540039,-0.25840678811073303,-0.2102360725402832
1789130179723799600,129.12979956054687,-0.2605609893798828,-0.7189012765884399,0.4251236915588379
1789130179739789300,129.14578930664064,-0.7966232299804688,-0.5752880573272705,0.6338367462158203
1789130179755779000,129.16177905273437,-0.40012645721435547,0.1254630982875824,0.6390995979309082
1789130179771771600,129.17777172851564,0.23675918579101562,1.3214116096496582,0.0909276008605957
1789130179787765500,129.193765625,-0.7740345001220703,0.06479981541633606,0.7078356742858887
1789130179803761200,129.20976123046876,0.4702339172363281,-0.5392342805862427,0.11931037902832031
1789130179819750400,129.22575048828125,0.4869241714477539,1.0738855600357056,0.12706279754638672
1789130179835737900,129.24173779296876,-0.597102165222168,-0.7429274916648865,0.21704721450805664
1789130179851724800,129.2577248535156,-0.23488426208496094,-0.5327175855636597,-0.30228328704833984
1789130179867718400,129.27371850585936,-0.20376205444335938,-0.5240824222564697,0.2522926330566406
1789130179883713300,129.28971337890624,-1.047020435333252,-0.12586891651153564,0.5545263290405273
1789130179899704600,129.30570458984374,-0.19411277770996094,-0.5711915493011475,0.1802225112915039
1789130179915700200,129.3217001953125,-0.3236579895019531,-0.11973580718040466,0.9321675300598145
1789130179931700200,129.3377001953125,0.09474658966064453,-0.13983294367790222,0.8956737518310547
1789130179947700000,129.35369995117188,0.21150684356689453,-0.524925947189331,0.5946536064147949
1789130179963697400,129.36969750976561,-0.4502248764038086,-0.2207736372947693,-0.43102502822875977
1789130179979693300,129.385693359375,-0.31516551971435547,-0.4156399071216583,0.3482494354248047
1789130179995692800,129.40169287109376,1.1638545989990234,-0.528746485710144,0.5334205627441406
1789130180011687000,129.41768701171875,-0.3203716278076172,0.4990754723548889,0.5991072654724121
1789130180027683800,129.4336838378906,0.05623817443847656,-0.11168500781059265,0.7234859466552734
1789130180043676200,129.44967626953124,0.3505687713623047,-0.29391980171203613,1.266077995300293
1789130180059663600,129.46566357421875,0.8214139938354492,0.08839023113250732,0.2730135917663574
1789130180075656700,129.48165673828126,0.5213079452514648,-0.02975025773048401,0.25183963775634766
1789130180091648500,129.4976484375,0.9767904281616211,-0.2822451889514923,0.4094119071960449
1789130180107639600,129.5136396484375,0.9009180068969727,-0.42910394072532654,0.2938227653503418
1789130180123627000,129.529626953125,-0.012576103210449219,-0.5119565725326538,0.7232933044433594
1789130180139620900,129.54562084960938,0.9347801208496094,0.28511548042297363,0.4326019287109375
1789130180155614200,129.5616142578125,-0.21214580535888672,0.4051014482975006,0.38101911544799805
1789130180171600400,129.57760034179688,0.47282981872558594,0.2949571907520294,0.5578069686889648
1789130180187588900,129.5935888671875,1.8590383529663086,0.7265551686286926,-0.03195476531982422
1789130180203577300,129.60957739257813,0.1713418960571289,0.20409458875656128,-0.6940369606018066
1789130180219564000,129.62556396484376,-0.7151756286621094,0.09005230665206909,-0.39600229263305664
1789130180235556400,129.64155639648436,1.2896385192871094,0.6140110492706299,-0.09518814086914062
1789130180251549000,129.657548828125,0.5093851089477539,0.8092917203903198,0.04928922653198242
1789130180267540200,129.67354028320312,0.8145971298217773,0.8161085844039917,0.01898670196533203
1789130180283532500,129.6895324707031,0.800297737121582,1.0205916166305542,0.12831926345825195
1789130180299523800,129.70552392578125,0.2011251449584961,0.06435558199882507,-0.2635807991027832
1789130180315515100,129.72151513671875,1.052781105041504,0.15650558471679688,-1.5421857833862305
1789130180331510500,129.73751049804687,-0.14091777801513672,-0.00508531928062439,-0.7463173866271973
1789130180347503400,129.75350341796874,0.17197608947753906,0.6335299611091614,0.08739995956420898
1789130180363489000,129.7694890136719,0.9070053100585938,0.8033958077430725,-0.5891189575195312
1789130180379473200,129.78547314453124,-0.09959030151367188,0.45829132199287415,-0.11863899230957031
1789130180395460400,129.80146044921875,0.1920309066772461,0.6711483597755432,-0.655674934387207
1789130180411443200,129.81744311523437,0.7068500518798828,0.6163599491119385,-0.46996402740478516
1789130180427430400,129.83343041992188,0.1504354476928711,-0.2715061902999878,-0.30506277084350586
1789130180443417900,129.84941796875,0.11803054809570312,0.30715033411979675,-0.33539915084838867
1789130180459402500,129.86540258789063,-0.7183456420898438,0.2842174768447876,-0.1838364601135254
1789130180475393300,129.88139331054688,-0.42140769958496094,-0.1897483766078949,0.10187625885009766
1789130180491385900,129.8973857421875,0.6000328063964844,0.1959315836429596,-0.09805631637573242
1789130180507379500,129.91337939453126,0.6765317916870117,-0.5161628127098083,-0.3948841094970703
1789130180523373300,129.92937329101562,0.3659811019897461,-0.5659539699554443,-0.43489980697631836
1789130180539363600,129.94536352539063,-0.03703880310058594,-0.36319249868392944,-0.5627832412719727
1789130180555353000,129.96135302734376,-0.48208045959472656,0.21490809321403503,0.18337535858154297
1789130180571345400,129.9773454589844,0.07715129852294922,0.3747321665287018,0.13303232192993164
1789130180587336400,129.99333642578125,0.3722105026245117,0.6172535419464111,-0.361361026763916
1789130180603322600,130.00932250976564,0.44440555572509766,0.04862508177757263,-0.49610328674316406
1789130180619314400,130.025314453125,0.5463037490844727,-0.6986854076385498,-0.4077491760253906
1789130180635305000,130.04130493164064,-0.362213134765625,-0.5076748132705688,-0.48687171936035156
1789130180651295000,130.057294921875,-0.5615625381469727,-0.2569505274295807,0.4005732536315918
1789130180667288800,130.07328881835937,0.10970783233642578,0.021839767694473267,0.42293500900268555
1789130180683283200,130.089283203125,0.5874271392822266,0.011230140924453735,0.2239089012145996
1789130180699274000,130.10527392578126,0.4010448455810547,-0.03445896506309509,-0.5818996429443359
1789130180715267000,130.12126708984374,0.0031280517578125,0.04231587052345276,-0.4381575584411621
1789130180731263500,130.13726342773438,-0.27453041076660156,-0.4044022262096405,-0.7165076732635498
1789130180747261000,130.15326098632812,-0.3919563293457031,0.14936134219169617,0.3661818504333496
1789130180763254300,130.16925415039063,0.3108224868774414,0.9698630571365356,0.09172201156616211
1789130180779253800,130.18525366210937,-0.17664527893066406,0.6461398005485535,-0.04423856735229492
1789130180795256300,130.20125634765625,0.2835683822631836,-0.5651999711990356,-0.3317575454711914
1789130180811256600,130.21725659179688,-0.43161678314208984,0.11906659603118896,-0.35187339782714844
1789130180827246000,130.23324609375,-0.19449806213378906,0.5762815475463867,-0.06459474563598633
1789130180843231500,130.2492314453125,0.17397499084472656,0.6340090036392212,0.45326709747314453
1789130180859220000,130.26521997070313,-0.625279426574707,0.21472835540771484,-0.1884150505065918
1789130180875211000,130.2812109375,1.0417213439941406,0.3787044882774353,-0.5003576278686523
1789130180891200000,130.29719995117188,0.6988515853881836,-0.04726731777191162,-0.31743574142456055
1789130180907195100,130.31319506835936,-0.3305044174194336,-0.07349997758865356,0.4049801826477051
1789130180923185700,130.329185546875,-0.13079261779785156,0.7942563891410828,0.5131921768188477
1789130180939177000,130.34517700195312,0.4768667221069336,0.2940928637981415,0.1361384391784668
1789130180955164000,130.3611638183594,0.7163238525390625,-0.10652327537536621,-0.438356876373291
1789130180971158000,130.37715795898438,-0.2054767608642578,-0.259459912776947,0.3901510238647461
1789130180987155200,130.3931552734375,0.4742269515991211,0.3305419683456421,0.31415224075317383
1789130181003149800,130.40914990234376,-0.2770242691040039,0.2722153663635254,0.23215055465698242
1789130181019145500,130.4251455078125,-0.19824981689453125,-0.5874311327934265,-0.4752187728881836
1789130181035140400,130.44114038085937,0.7780313491821289,-0.6474964618682861,-0.39609479904174805
1789130181051137800,130.4571376953125,-0.22733211517333984,0.5252698659896851,0.9016947746276855
1789130181067135500,130.47313549804687,-0.09078693389892578,0.35363662242889404,0.7490143775939941
1789130181083133700,130.4891337890625,0.728856086730957,-0.857674777507782,-0.3677177429199219
1789130181099135000,130.50513500976564,0.24050045013427734,-0.16100549697875977,0.2262115478515625
1789130181115135500,130.52113549804687,0.003116607666015625,-0.22192174196243286,0.20796680450439453
1789130181131136000,130.53713598632814,-0.19216537475585938,-0.18945229053497314,0.8617815971374512
1789130181147132700,130.5531325683594,-0.07638263702392578,-0.5097002387046814,-0.6625711917877197
1789130181163124700,130.56912475585938,-0.2139263153076172,-0.37029337882995605,-0.47827625274658203
1789130181179116800,130.58511669921876,0.23722076416015625,-0.5478995442390442,0.391110897064209
1789130181195110400,130.6011103515625,-0.18327903747558594,-0.07942897081375122,0.09718084335327148
1789130181211104000,130.61710400390626,-0.3554973602294922,-0.23003822565078735,-0.20448684692382812
1789130181227093500,130.63309350585936,-0.05668354034423828,-0.0402296781539917,-0.753800630569458
1789130181243084500,130.64908447265626,0.030246734619140625,0.2582881450653076,-0.06537628173828125
1789130181259076400,130.66507641601564,-0.1788616180419922,-0.19466900825500488,0.49678993225097656
1789130181275077400,130.68107739257812,0.39499759674072266,-0.20244169235229492,-0.20540952682495117
1789130181291075800,130.69707592773437,0.35132789611816406,-0.22560805082321167,-0.14192962646484375
1789130181307073500,130.7130734863281,0.13384246826171875,0.2520464062690735,0.29298877716064453
1789130181323069200,130.72906909179687,0.37831592559814453,0.9118450284004211,0.14389944076538086
1789130181339064000,130.74506396484375,0.4161548614501953,0.14055445790290833,-0.33466291427612305
1789130181355062300,130.76106225585937,0.08231067657470703,0.3208048939704895,0.5333852767944336
1789130181371053600,130.77705346679687,0.3470296859741211,0.026804685592651367,-0.02554607391357422
1789130181387046100,130.79304614257813,-0.010952949523925781,-0.47236645221710205,0.1630234718322754
1789130181403039000,130.8090390625,-0.0032033920288085938,-0.3504778742790222,-0.2836179733276367
1789130181419033600,130.82503369140625,0.24231719970703125,0.4253174662590027,0.5709519386291504
1789130181435028200,130.8410283203125,0.1801624298095703,0.012781143188476562,0.14029836654663086
1789130181451020800,130.85702075195312,-0.48369503021240234,-0.4649012088775635,-0.020961284637451172
1789130181467014400,130.87301440429687,0.7949447631835938,-0.48235970735549927,-0.1981964111328125
1789130181483010800,130.8890107421875,0.14396095275878906,-0.2548421025276184,0.3379373550415039
1789130181499002000,130.90500219726562,-0.19824886322021484,-0.5378715991973877,0.42924022674560547
1789130181514995200,130.9209951171875,0.8423585891723633,-0.2792404890060425,-0.7848384380340576
1789130181530992400,130.93699243164062,0.2476968765258789,0.19964241981506348,0.366729736328125
1789130181546990800,130.95299096679688,-0.596466064453125,-0.027425765991210938,0.6244282722473145
1789130181562991400,130.9689914550781,-0.1800403594970703,-0.00620657205581665,-0.43740320205688477
1789130181578989000,130.98498901367188,-0.4163360595703125,-0.188260018825531,-0.0975184440612793
1789130181594983400,131.0009833984375,0.32009410858154297,-0.04020202159881592,0.2595691680908203
1789130181610979600,131.0169794921875,0.009470939636230469,-0.5686990022659302,0.16297674179077148
1789130181626976300,131.03297631835937,-0.15047359466552734,-0.53521329164505,-0.35367918014526367
1789130181642978600,131.048978515625,-0.09205150604248047,0.2460498809814453,-0.16712570190429688
1789130181658980000,131.06497998046876,0.3691997528076172,0.2083621323108673,0.5488400459289551
1789130181674978000,131.08097802734375,-0.2425994873046875,0.005006253719329834,0.35069894790649414
1789130181690982000,131.09698193359375,0.377197265625,-0.3518936038017273,-0.007384777069091797
1789130181706984400,131.112984375,0.4554719924926758,-0.9370032548904419,-0.2453455924987793
1789130181722988500,131.12898852539064,-0.06423091888427734,0.10880935192108154,0.5161027908325195
1789130181738994000,131.14499389648438,-0.2395496368408203,0.10848087072372437,0.1485729217529297
1789130181754996500,131.16099658203126,0.05692100524902344,-0.4820777177810669,-0.39608144760131836
1789130181770994000,131.17699389648436,0.5456266403198242,-0.11861306428909302,0.03491020202636719
1789130181786995700,131.19299560546875,0.118072509765625,0.2978217601776123,0.7801246643066406
1789130181802999300,131.20899926757812,-0.15264320373535156,-0.23571866750717163,0.1920461654663086
1789130181819001300,131.22500146484376,0.1797342300415039,-0.4679374694824219,-0.2758970260620117
1789130181834998300,131.24099829101561,0.14610958099365234,0.15264877676963806,0.1410365104675293
1789130181850994200,131.256994140625,-0.2801237106323242,0.09275096654891968,0.6440362930297852
1789130181866987000,131.27298706054688,-0.013537406921386719,0.2668599784374237,0.42678356170654297
1789130181882986000,131.28898608398438,0.5591602325439453,-0.2583276629447937,-0.5799155235290527
1789130181898982100,131.3049821777344,-0.4298267364501953,-0.36884284019470215,0.24422025680541992
1789130181914976500,131.3209765625,-0.3502779006958008,0.1623024046421051,0.7701168060302734
1789130181930970000,131.33697021484375,0.4227943420410156,-0.15307360887527466,0.4165921211242676
1789130181946967600,131.35296752929688,-0.08609485626220703,-0.6111794114112854,-0.7964432239532471
1789130181962964000,131.3689638671875,-0.4422311782836914,0.16605660319328308,0.3185911178588867
1789130181978956000,131.3849560546875,-0.06573009490966797,0.2289814054965973,1.0408449172973633
1789130181994945800,131.40094580078124,0.48937416076660156,-0.6420193314552307,-0.34641551971435547
1789130182010936800,131.41693676757814,0.16968536376953125,-0.5876845717430115,-0.5398635864257812
1789130182026927400,131.43292724609375,0.6084270477294922,0.809638500213623,0.6078200340270996
1789130182042920000,131.448919921875,-0.40763378143310547,0.7296076416969299,0.6918015480041504
1789130182058914600,131.46491455078126,0.09597492218017578,-0.4160650968551636,-0.3627190589904785
1789130182074906600,131.48090673828125,0.6629476547241211,-0.11024975776672363,-0.14607572555541992
1789130182090900700,131.49690063476564,0.019289016723632812,0.7212250828742981,0.3226351737976074
1789130182106897400,131.5128974609375,-0.4587421417236328,0.39745157957077026,0.5224771499633789
1789130182122892000,131.52889208984374,0.32133007049560547,-0.3829807639122009,-0.08002710342407227
1789130182138885000,131.54488500976564,0.31604480743408203,-0.20031267404556274,-0.4189600944519043
1789130182154882300,131.56088232421874,0.235382080078125,0.042174339294433594,0.31202268600463867
1789130182170880500,131.5768806152344,-0.028181076049804688,0.3174635171890259,0.5562682151794434
1789130182186880300,131.59288037109374,0.4552898406982422,-0.3111574053764343,-0.22891569137573242
1789130182202876700,131.60887670898438,0.4229869842529297,-0.30501872301101685,0.012515068054199219
1789130182218866200,131.6248662109375,0.4478120803833008,0.27681291103363037,0.08234834671020508
1789130182234856400,131.6408564453125,-0.4453268051147461,-0.06097370386123657,0.5708622932434082
1789130182250845700,131.656845703125,0.2757120132446289,-0.2620285749435425,-0.15263032913208008
1789130182266835700,131.6728356933594,0.4434795379638672,0.034434735774993896,0.00021505355834960938
1789130182282827800,131.68882788085938,-0.2555408477783203,-0.2511443495750427,-0.042803287506103516
1789130182298813700,131.70481372070313,0.11366653442382812,-0.34080594778060913,0.2533149719238281
1789130182314796300,131.72079638671875,0.3570575714111328,-0.019575893878936768,-0.13773775100708008
1789130182330786800,131.73678686523436,0.23247909545898438,0.16339406371116638,-0.03689002990722656
1789130182346785500,131.75278564453126,0.32763004302978516,0.0045452117919921875,-0.24174165725708008
1789130182362781200,131.76878125,0.02566814422607422,-0.05085432529449463,0.040946006774902344
1789130182378772500,131.7847724609375,0.30170631408691406,0.07496070861816406,-0.004223346710205078
1789130182394761700,131.80076171875,0.25815773010253906,0.23459216952323914,-0.07562828063964844
1789130182410750700,131.81675073242187,-0.11090278625488281,0.33062461018562317,-0.18570566177368164
1789130182426741000,131.83274096679688,0.05588531494140625,0.10123717784881592,0.011558055877685547
1789130182442731800,131.84873168945313,0.18965911865234375,0.2484174370765686,0.160400390625
1789130182458721000,131.86472094726562,0.11777496337890625,0.032910823822021484,-0.026244163513183594
1789130182474707500,131.88070751953126,-0.3944530487060547,-0.10776525735855103,0.07860755920410156
1789130182490695200,131.89669506835938,0.0936126708984375,-0.08442533016204834,-0.021360397338867188
1789130182506685700,131.91268579101563,-0.05478954315185547,-0.03264421224594116,0.16519641876220703
1789130182522681300,131.92868139648436,0.22737789154052734,0.09610694646835327,-0.030544281005859375
1789130182538678500,131.9446784667969,0.1456317901611328,0.12961387634277344,0.01798868179321289
1789130182554673700,131.96067358398437,0.1882181167602539,0.17142367362976074,0.08103036880493164
1789130182570670300,131.97667041015626,0.47449493408203125,-0.03524291515350342,0.11638784408569336
1789130182586660400,131.99266040039063,0.23902511596679688,-0.28598642349243164,0.11295509338378906
1789130182602653000,132.00865283203126,0.10807323455810547,0.061090707778930664,0.015218257904052734
1789130182618645000,132.02464501953125,0.17301082611083984,0.08340847492218018,-0.12466955184936523
1789130182634642200,132.04064208984374,0.2562265396118164,0.2900601625442505,0.009735584259033203
1789130182650636500,132.05663647460938,0.05780029296875,-0.04301971197128296,0.12350845336914062
1789130182666638000,132.07263818359374,-0.006197929382324219,-0.294575572013855,-0.19911432266235352
1789130182682639400,132.08863940429688,-0.2807579040527344,-0.03454333543777466,-0.09590482711791992
1789130182698636800,132.10463671875,0.15277385711669922,-0.09309297800064087,-0.0008525848388671875
1789130182714633500,132.12063354492187,0.19454574584960938,-0.12674850225448608,-0.007924556732177734
1789130182730633500,132.13663354492186,0.2646484375,-0.2372528314590454,-0.16270112991333008
1789130182746632000,132.1526318359375,0.009743690490722656,-0.24680393934249878,0.04534101486206055
1789130182762626000,132.1686259765625,0.21443748474121094,-0.1710609793663025,-0.05302238464355469
1789130182778619400,132.18461938476563,-0.06444072723388672,0.14267492294311523,-0.04633045196533203
1789130182794618600,132.20061865234376,0.13084125518798828,0.06945812702178955,0.012944221496582031
1789130182810615000,132.21661499023438,0.16802024841308594,0.06337177753448486,0.05324268341064453
1789130182826611000,132.23261083984374,0.2625398635864258,0.014037370681762695,0.055445194244384766
1789130182842605300,132.24860522460938,0.2508869171142578,-0.048298418521881104,0.0019521713256835938
1789130182858598400,132.26459838867189,0.22517013549804688,-0.058347344398498535,-0.018648147583007812
1789130182874590000,132.28058984375,0.1289348602294922,0.08077853918075562,0.23128223419189453
1789130182890586600,132.29658666992188,0.5004262924194336,0.21036434173583984,-0.1766357421875
1789130182906593500,132.31259350585938,0.32193470001220703,0.12905177474021912,0.07012510299682617
1789130182922598000,132.32859790039063,0.062412261962890625,-0.029395222663879395,0.08146810531616211
1789130182938603000,132.34460302734374,0.47551727294921875,0.10162785649299622,-0.24261093139648438
1789130182954600200,132.36060009765626,-0.0482177734375,-0.01913154125213623,0.15337514877319336
1789130182970595600,132.376595703125,0.017759323120117188,-0.10608619451522827,-0.1511363983154297
1789130182986589400,132.39258935546874,0.1832408905029297,0.08942657709121704,-0.06575679779052734
1789130183002581800,132.40858178710937,0.005612373352050781,0.08039748668670654,0.1219482421875
1789130183018567700,132.42456762695312,0.22022151947021484,-0.009853482246398926,-0.1300640106201172
1789130183034560300,132.44056030273438,0.1813802719116211,0.05280202627182007,-0.061942100524902344
1789130183050559500,132.4565595703125,0.11823177337646484,0.12011674046516418,0.0020809173583984375
1789130183066552300,132.47255224609376,0.1314239501953125,-0.06115061044692993,0.0523223876953125
1789130183082544600,132.48854467773438,-0.21817684173583984,-0.12275701761245728,-0.1390371322631836
1789130183098532400,132.5045324707031,0.02612781524658203,-0.24202865362167358,0.12419557571411133
1789130183114521000,132.52052099609375,0.21278953552246094,-0.2699098587036133,0.14841318130493164
1789130183130511400,132.53651147460937,0.09877872467041016,-0.32859504222869873,0.15189647674560547
1789130183146502000,132.552501953125,0.061187744140625,-0.23453247547149658,0.055141448974609375
1789130183162495500,132.56849560546874,0.13797950744628906,-0.036556780338287354,0.25612640380859375
1789130183178488000,132.58448803710937,0.32582569122314453,-0.09613168239593506,0.11548709869384766
1789130183194475300,132.60047534179688,0.12115669250488281,-0.14715206623077393,0.11332321166992188
1789130183210468400,132.61646826171875,0.10782718658447266,-0.08353513479232788,0.20247983932495117
1789130183226460000,132.6324599609375,0.25676441192626953,-0.03511840105056763,0.13933944702148438
1789130183242453800,132.64845385742188,0.04244709014892578,-0.04439043998718262,0.20896482467651367
1789130183258441000,132.66444091796876,0.05251789093017578,0.1426837146282196,0.09313249588012695
1789130183274426600,132.68042651367188,-0.07525253295898438,0.19525375962257385,0.10934638977050781
1789130183290417700,132.69641772460938,-0.03898906707763672,0.09295779466629028,0.1421375274658203
1789130183306413600,132.71241357421874,-0.007237434387207031,0.023506224155426025,0.11207056045532227
1789130183322407000,132.7284069824219,-0.1049489974975586,-0.031379103660583496,0.08716726303100586
1789130183338397200,132.74439721679687,-0.024234771728515625,-0.08106100559234619,0.10780572891235352
1789130183354383400,132.76038330078126,0.1715993881225586,0.05583614110946655,0.23340892791748047
1789130183370368000,132.77636791992188,0.019547462463378906,-0.10387903451919556,0.36067914962768555
1789130183386356200,132.79235620117188,-0.05303478240966797,0.004707932472229004,0.40598392486572266
1789130183402342700,132.8083427734375,-0.048969268798828125,0.23177382349967957,0.5426821708679199
1789130183418327300,132.8243273925781,0.2951774597167969,0.11404117941856384,0.6075444221496582
1789130183434317000,132.84031713867188,0.1693096160888672,0.18024471402168274,0.5019664764404297
1789130183450311200,132.85631127929688,-0.0843353271484375,0.24681270122528076,0.7579054832458496
1789130183466304500,132.87230444335938,0.18103313446044922,-0.006229400634765625,0.5991635322570801
1789130183482298000,132.88829809570314,-0.08897018432617188,-0.08552497625350952,0.6510238647460938
1789130183498287600,132.90428759765626,-0.023642539978027344,0.03016042709350586,0.5451030731201172
1789130183514278400,132.9202783203125,0.16947269439697266,0.03628796339035034,0.6627640724182129
1789130183530271700,132.93627172851564,0.08118438720703125,-0.06138622760772705,0.4044075012207031
1789130183546260700,132.9522607421875,0.033394813537597656,-0.007615149021148682,0.395416259765625
1789130183562250500,132.96825048828126,0.08396148681640625,-0.058256328105926514,0.419278621673584
1789130183578247000,132.98424682617187,0.0902719497680664,-0.07983458042144775,0.5171899795532227
1789130183594235600,133.00023559570312,0.2883119583129883,-0.02500128746032715,0.3404412269592285
1789130183610225200,133.01622509765625,0.21963024139404297,-0.023680269718170166,0.1836700439453125
1789130183626214400,133.03221435546874,0.28624916076660156,-0.03229355812072754,0.23873472213745117
1789130183650201600,133.05620166015626,0.16883277893066406,-0.03822731971740723,0.3662228584289551
1789130183666195200,133.0721953125,-0.0034933090209960938,-0.0703001618385315,0.23862743377685547
1789130183682183400,133.08818334960938,0.40713977813720703,-0.015452980995178223,0.2520294189453125
1789130183698178300,133.10417822265626,0.3034944534301758,-0.08145546913146973,0.08652877807617188
1789130183714173400,133.12017333984375,0.6603689193725586,-0.00006532669067382812,-0.3837904930114746
1789130183730164200,133.13616430664064,0.3826131820678711,0.10803189873695374,-0.35372161865234375
1789130183746148000,133.15214819335938,0.24791431427001953,0.02992558479309082,-0.6177406311035156
1789130183762136000,133.16813598632814,0.6107053756713867,0.05655771493911743,-0.7030510902404785
1789130183778123300,133.18412329101562,0.34950733184814453,0.010333478450775146,-0.4989132881164551
1789130183794104300,133.20010424804687,0.3216876983642578,-0.048761844635009766,-0.4239845275878906
1789130183810087200,133.21608715820312,0.5040292739868164,0.01603454351425171,-0.41402482986450195
1789130183826070000,133.23207006835938,0.3965606689453125,-0.08022117614746094,-0.4929537773132324
1789130183842057000,133.24805688476562,0.09146308898925781,-0.0938292145729065,-0.4764995574951172
1789130183858045000,133.264044921875,0.1254739761352539,0.03661799430847168,-0.2988243103027344
1789130183874038800,133.28003881835937,0.10931873321533203,-0.0857781171798706,-0.20604753494262695
1789130183890031000,133.29603100585936,0.24094867706298828,-0.031138360500335693,-0.32671499252319336
1789130183906021000,133.31202124023437,0.25652503967285156,-0.008593261241912842,-0.32978153228759766
1789130183922011600,133.32801171875,0.15477561950683594,-0.03427499532699585,-0.24145746231079102
1789130183938007300,133.34400732421875,0.11934280395507812,-0.0020905137062072754,-0.21354246139526367
1789130183954001000,133.3600009765625,0.11930084228515625,-0.11649805307388306,-0.13151025772094727
1789130183969994500,133.37599438476562,0.09386920928955078,-0.09275305271148682,-0.03697681427001953
1789130183985990000,133.39198999023438,0.19513320922851562,0.001570284366607666,0.019514083862304688
1789130184001985500,133.40798559570314,0.09131717681884766,0.012886881828308105,-0.01202392578125
1789130184017979600,133.42397973632814,0.24164962768554688,-0.0003126859664916992,-0.09702587127685547
1789130184033973000,133.43997290039061,0.15196704864501953,-0.06155991554260254,-0.08507299423217773
1789130184049966800,133.455966796875,0.12068367004394531,-0.0850985050201416,0.058990478515625
1789130184065960400,133.47196044921876,0.0670614242553711,-0.046553850173950195,0.11361312866210938
1789130184081963000,133.487962890625,0.19108963012695312,-0.018001556396484375,0.0953826904296875
1789130184097960700,133.50396069335937,0.25257205963134766,0.09625482559204102,0.02023172378540039
1789130184113955800,133.51995581054686,0.25574493408203125,0.019420325756072998,-0.10103511810302734
1789130184129949200,133.53594921875,0.19092941284179688,0.07549238204956055,-0.05772066116333008
1789130184145943300,133.551943359375,0.22251415252685547,0.021846652030944824,0.08014678955078125
1789130184161938000,133.56793798828124,0.06883525848388672,-0.026941657066345215,0.052205562591552734
1789130184177927700,133.583927734375,0.09675788879394531,0.020026683807373047,0.015416145324707031
1789130184193921000,133.59992114257813,0.07690811157226562,0.05736821889877319,0.011906147003173828
1789130184209914600,133.61591455078124,0.05266094207763672,0.02768874168395996,0.021977901458740234
1789130184225908200,133.631908203125,0.06192588806152344,0.046001553535461426,0.08953475952148438
1789130184241896000,133.64789599609375,0.0041790008544921875,0.05488717555999756,0.018201828002929688
1789130184257891600,133.6638916015625,0.05208301544189453,-0.007943034172058105,-0.010647773742675781
1789130184273887700,133.6798876953125,0.05193805694580078,0.02480924129486084,-0.01524496078491211
1789130184289880000,133.6958801269531,0.09957122802734375,0.043357789516448975,-0.048333168029785156
1789130184305875700,133.71187573242187,0.09918594360351562,0.004173994064331055,-0.014147281646728516
1789130184321865500,133.72786547851564,0.11280250549316406,0.008322417736053467,-0.051023006439208984
1789130184337855700,133.74385571289062,0.13060760498046875,0.003110647201538086,-0.11058473587036133
1789130184353843000,133.75984301757813,0.1572723388671875,-0.0071353912353515625,-0.11125564575195312
1789130184369829600,133.77582958984374,0.11160755157470703,-0.03135836124420166,-0.06775617599487305
1789130184385819000,133.79181884765626,0.2232799530029297,0.02115941047668457,-0.13775634765625
1789130184401809200,133.80780908203124,0.20490074157714844,-0.04062926769256592,-0.12948274612426758
1789130184417801700,133.8238017578125,0.1620655059814453,-0.04505646228790283,-0.16803312301635742
1789130184433797600,133.83979760742187,0.15670299530029297,-0.015743553638458252,-0.19523191452026367
1789130184449787000,133.85578686523436,0.22603130340576172,-0.019446611404418945,-0.18004322052001953
1789130184465782300,133.8717822265625,0.12757396697998047,-0.01840043067932129,-0.18354463577270508
1789130184481783600,133.88778344726563,0.23348140716552734,-0.03158670663833618,-0.23163270950317383
1789130184497780200,133.9037802734375,0.085418701171875,-0.015953898429870605,-0.23612451553344727
1789130184513776000,133.9197761230469,0.06677722930908203,0.013676941394805908,-0.25998497009277344
1789130184529763300,133.93576342773437,0.11026382446289062,0.02423274517059326,-0.2786870002746582
1789130184545752000,133.951751953125,0.10552215576171875,0.014569342136383057,-0.2535867691040039
1789130184561746200,133.96774609375,0.10584545135498047,0.018361151218414307,-0.22430419921875
1789130184577736200,133.98373608398438,0.19618892669677734,0.021739184856414795,-0.2694997787475586
1789130184593726700,133.99972680664064,0.1463146209716797,-0.008402526378631592,-0.30202507972717285
1789130184609718000,134.01571801757814,0.19717788696289062,0.009000420570373535,-0.2773468494415283
1789130184625715500,134.03171557617188,0.20801830291748047,0.04503124952316284,-0.344529390335083
1789130184641714200,134.04771411132813,0.1596965789794922,0.0270654559135437,-0.2929222583770752
1789130184657714700,134.06371459960937,0.13145923614501953,0.02865225076675415,-0.2909228801727295
1789130184673710300,134.07971044921874,0.2257242202758789,0.020956754684448242,-0.38937830924987793
1789130184689702000,134.09570190429687,0.15008831024169922,-0.0005772709846496582,-0.3766951560974121
1789130184705696800,134.11169677734375,0.08609867095947266,-0.04864901304244995,-0.31054115295410156
1789130184721695700,134.12769580078125,0.14325523376464844,-0.009400546550750732,-0.36689066886901855
1789130184737688000,134.14368798828124,0.20385265350341797,-0.007803916931152344,-0.41954851150512695
1789130184753683200,134.15968310546876,0.16350364685058594,-0.02015841007232666,-0.3462374210357666
1789130184769678600,134.1756787109375,0.10965442657470703,-0.01797384023666382,-0.30803632736206055
1789130184785671200,134.19167114257812,0.11490821838378906,-0.029898762702941895,-0.3164989948272705
1789130184801666800,134.20766674804688,0.19277572631835938,-0.0468447208404541,-0.3601055145263672
1789130184817659100,134.2236591796875,0.16908931732177734,-0.039642512798309326,-0.3433377742767334
1789130184833656000,134.2396560058594,0.051621437072753906,-0.01318657398223877,-0.22109413146972656
1789130184849652000,134.25565185546876,0.09930038452148438,-0.01123511791229248,-0.2387375831604004
1789130184865654800,134.27165478515624,0.1426687240600586,-0.023984432220458984,-0.2526819705963135
1789130184881653200,134.2876533203125,0.13263320922851562,-0.03185832500457764,-0.32674455642700195
1789130184897650700,134.30365063476563,0.07430553436279297,-0.0390201210975647,-0.26529955863952637
1789130184913647900,134.31964794921876,0.07969188690185547,-0.031498849391937256,-0.2122361660003662
1789130184929642000,134.33564208984376,0.09095573425292969,-0.014725208282470703,-0.22421050071716309
1789130184945640200,134.35164013671874,0.06485843658447266,-0.027164936065673828,-0.20036745071411133
1789130184961638400,134.36763842773436,0.06805801391601562,-0.02469569444656372,-0.20178723335266113
1789130184977633800,134.3836337890625,0.0814065933227539,-0.022610247135162354,-0.2143089771270752
1789130184993624600,134.39962451171874,0.06597709655761719,-0.030081510543823242,-0.2313976287841797
1789130185009623300,134.41562329101563,0.03167438507080078,-0.028323650360107422,-0.19176602363586426
1789130185025622300,134.43162231445314,-0.011734962463378906,0.0014730095863342285,-0.18700504302978516
1789130185041620000,134.44761987304688,0.02151775360107422,0.007160007953643799,-0.22064495086669922
1789130185057616100,134.4636162109375,0.026380538940429688,0.007261812686920166,-0.18349003791809082
1789130185073608400,134.4796083984375,0.036342620849609375,0.01673656702041626,-0.19028329849243164
1789130185089601000,134.49560107421874,-0.005885124206542969,0.0018405914306640625,-0.16494965553283691
1789130185105595100,134.51159521484374,-0.028703689575195312,0.020542621612548828,-0.1594374179840088
1789130185121590300,134.52759033203125,0.006026268005371094,0.02470499277114868,-0.19247913360595703
1789130185137583400,134.54358325195312,-0.02141857147216797,0.028432488441467285,-0.1635270118713379
1789130185153577000,134.55957690429688,-0.02443218231201172,0.042027413845062256,-0.14067697525024414
1789130185169572400,134.575572265625,-0.017836570739746094,0.04597747325897217,-0.17537331581115723
1789130185185561600,134.5915615234375,-0.0018033981323242188,0.020712971687316895,-0.1762094497680664
1789130185201555200,134.60755517578124,0.018891334533691406,0.019612252712249756,-0.15267157554626465
1789130185217550300,134.62355029296876,0.006346702575683594,0.01398688554763794,-0.11549901962280273
1789130185233547800,134.6395478515625,0.0418548583984375,0.017765522003173828,-0.13628435134887695
1789130185249542400,134.65554248046874,0.04867362976074219,0.021681368350982666,-0.13320016860961914
1789130185265537800,134.67153784179686,0.06046485900878906,0.011285781860351562,-0.11146426200866699
1789130185281535500,134.68753540039063,0.04857826232910156,0.024804294109344482,-0.10007429122924805
1789130185297537000,134.703537109375,0.02250385284423828,-0.00460505485534668,-0.09872937202453613
1789130185313537000,134.719537109375,0.04936027526855469,-0.0000451207160949707,-0.07889127731323242
1789130185329532700,134.73553271484374,0.042723655700683594,-0.005236625671386719,-0.12140607833862305
1789130185345526800,134.75152685546874,-0.016488075256347656,-0.010031282901763916,-0.0875091552734375
1789130185361520000,134.76752001953125,0.034409523010253906,-0.009925782680511475,-0.11575818061828613
1789130185377519600,134.78351953125,0.032797813415527344,-0.009833574295043945,-0.1109628677368164
1789130185393521000,134.79952099609375,-0.0023622512817382812,-0.014191091060638428,-0.11079907417297363
1789130185409522700,134.81552270507814,-0.0038995742797851562,-0.009045660495758057,-0.09179377555847168
1789130185425530600,134.83153051757813,-0.005476951599121094,0.01046067476272583,-0.1061861515045166
1789130185441539000,134.8475390625,0.0027341842651367188,-0.022628724575042725,-0.1451261043548584
1789130185457543200,134.86354321289062,0.02470874786376953,-0.007827997207641602,-0.21578025817871094
1789130185473546200,134.87954614257814,0.03594017028808594,-0.0025877952575683594,-0.24460458755493164
1789130185489551400,134.89555126953124,0.045830726623535156,-0.011381447315216064,-0.29323720932006836
1789130185505557200,134.91155712890625,0.0826101303100586,-0.005500972270965576,-0.3217926025390625
1789130185521558000,134.92755810546876,0.08411884307861328,-0.01884782314300537,-0.3592195510864258
1789130185537562000,134.94356201171874,0.09811019897460938,-0.026731371879577637,-0.4000375270843506
1789130185553574000,134.95957397460938,0.10086441040039062,-0.025073587894439697,-0.3969881534576416
1789130185569580000,134.975580078125,0.10785198211669922,-0.009393513202667236,-0.3630056381225586
1789130185585587000,134.9915869140625,0.09161949157714844,-0.0038172006607055664,-0.32131528854370117
1789130185601592000,135.0075920410156,0.08118343353271484,0.001698315143585205,-0.31114864349365234
1789130185617595400,135.02359545898437,0.0716400146484375,-0.0027166008949279785,-0.2700541019439697
1789130185633597700,135.03959765625,0.05895519256591797,-0.00725245475769043,-0.21495866775512695
1789130185649596400,135.05559643554687,0.03361701965332031,0.007182598114013672,-0.1606309413909912
1789130185665593900,135.07159375,0.010107994079589844,0.02145761251449585,-0.10280799865722656
1789130185689586700,135.0955866699219,-0.008045196533203125,0.021467149257659912,-0.04202604293823242
1789130185705582000,135.11158203125,-0.04279518127441406,0.030705392360687256,0.0004112720489501953
1789130185721576000,135.12757592773437,-0.03851795196533203,0.0399625301361084,0.0020914077758789062
1789130185737569800,135.14356982421876,-0.058157920837402344,0.025086820125579834,-0.015511512756347656
1789130185753569300,135.1595693359375,-0.05835437774658203,0.02453666925430298,-0.01495981216430664
1789130185769562600,135.17556274414062,-0.07276153564453125,0.03822284936904907,-0.0005979537963867188
1789130185785554700,135.1915546875,-0.048854827880859375,0.028427720069885254,-0.029257774353027344
1789130185801552400,135.20755249023438,-0.015381813049316406,0.03291362524032593,-0.06747126579284668
1789130185817550800,135.22355078125,-0.010842323303222656,0.01813220977783203,-0.08107399940490723
1789130185833550600,135.23955053710938,-0.02071666717529297,0.008432209491729736,-0.0896601676940918
1789130185849550300,135.25555029296876,-0.02110576629638672,0.013306856155395508,-0.08351755142211914
1789130185865548000,135.27154809570314,-0.02178192138671875,-0.0012878179550170898,-0.09082317352294922
1789130185881543200,135.28754321289063,0.0111236572265625,-0.006211459636688232,-0.060021400451660156
1789130185897536300,135.30353637695313,0.015282630920410156,-0.0015147924423217773,-0.04351162910461426
1789130185913526500,135.31952661132811,-0.023530006408691406,-0.006409049034118652,-0.04179835319519043
1789130185929518300,135.3355183105469,-0.02402496337890625,0.0029404163360595703,-0.03535604476928711
1789130185945506000,135.35150610351562,-0.03867816925048828,0.007664322853088379,-0.0008602142333984375
1789130185961497000,135.3674970703125,-0.019682884216308594,0.002909541130065918,-0.00509333610534668
1789130185977486600,135.38348657226564,-0.014929771423339844,-0.011181294918060303,-0.009703397750854492
1789130185993479700,135.39947973632812,-0.019702911376953125,-0.01580071449279785,-0.004931926727294922
1789130186009475600,135.4154755859375,-0.03407001495361328,-0.006212472915649414,-0.019282817840576172
1789130186025474300,135.43147436523438,-0.03880786895751953,-0.029909968376159668,-0.014618396759033203
1789130186041470500,135.44747045898438,-0.014865875244140625,-0.019996941089630127,-0.028910398483276367
1789130186057465000,135.46346508789063,-0.02927112579345703,-0.010406970977783203,-0.019193410873413086
1789130186073460700,135.47946069335939,-0.019744873046875,-0.020096898078918457,-0.014255523681640625
1789130186089454600,135.49545458984375,-0.029369354248046875,-0.010618448257446289,-0.028475046157836914
1789130186105447200,135.511447265625,-0.015085220336914062,-0.005735874176025391,-0.032967567443847656
1789130186121440300,135.52744018554688,-0.010359764099121094,0.008670508861541748,-0.008797883987426758
1789130186137432800,135.5434328613281,-0.005621910095214844,0.027750909328460693,-0.0038526058197021484
1789130186153425700,135.55942578125,-0.0200958251953125,0.02284950017929077,-0.022656679153442383
1789130186169420000,135.575419921875,-0.029770851135253906,0.01801931858062744,-0.01753711700439453
1789130186185423400,135.59142333984374,-0.015562057495117188,0.022868990898132324,-0.03135085105895996
1789130186201420500,135.60742065429687,-0.025218963623046875,0.017904281616210938,-0.031110048294067383
1789130186217417000,135.6234169921875,-0.04925823211669922,0.022347688674926758,-0.040430307388305664
1789130186233412400,135.63941235351564,-0.0350494384765625,0.017008423805236816,-0.06873703002929688
1789130186249416200,135.65541625976562,-0.0352325439453125,0.021365463733673096,-0.058626413345336914
1789130186265417700,135.67141772460937,-0.02581787109375,0.01612842082977295,-0.07253122329711914
1789130186281420000,135.687419921875,-0.0308837890625,0.025295555591583252,-0.062084197998046875
1789130186297422600,135.70342260742189,-0.02645587921142578,0.020142078399658203,-0.036980390548706055
1789130186313425000,135.7194248046875,0.006941795349121094,0.01997220516204834,-0.02223491668701172
1789130186329423400,135.73542333984375,0.002025604248046875,0.010296881198883057,-0.007447481155395508
1789130186345428700,135.7514287109375,0.001934051513671875,-0.008841991424560547,-0.021496295928955078
1789130186361432600,135.7674326171875,-0.0029344558715820312,0.0007383823394775391,0.007515430450439453
1789130186377431800,135.78343188476563,0.001842498779296875,-0.01331716775894165,0.012410640716552734
1789130186393429800,135.7994296875,-0.026857376098632812,-0.013206720352172852,0.03627324104309082
1789130186409428200,135.81542822265624,-0.02687835693359375,-0.01302182674407959,0.022016525268554688
1789130186425426000,135.8314260253906,-0.04124736785888672,-0.01755833625793457,0.046027421951293945
1789130186441428000,135.8474279785156,-0.03637123107910156,-0.027208387851715088,0.012189626693725586
1789130186457435000,135.86343481445311,-0.02666473388671875,-0.0029889941215515137,0.011804580688476562
1789130186473434600,135.8794345703125,-0.040924072265625,-0.002769649028778076,-0.00766754150390625
1789130186489432000,135.89543212890624,-0.040907859802246094,-0.021516859531402588,-0.012421369552612305
1789130186505431300,135.91143139648437,-0.040923118591308594,-0.011547863483428955,-0.031440019607543945
1789130186521433600,135.92743359375,-0.03620624542236328,-0.01588153839111328,-0.06939959526062012
1789130186537439000,135.94343896484375,-0.04109764099121094,-0.010636448860168457,-0.05458211898803711
1789130186553446400,135.9594462890625,-0.03167247772216797,-0.005635976791381836,-0.08273577690124512
1789130186569456600,135.97545654296874,-0.04620170593261719,0.008762717247009277,-0.053434133529663086
1789130186585466400,135.99146630859374,-0.02723407745361328,0.018314898014068604,-0.06716179847717285
1789130186601470200,136.00747021484375,-0.02746295928955078,0.0324363112449646,-0.07599830627441406
1789130186617480200,136.0234802246094,-0.018296241760253906,0.017819106578826904,-0.060273170471191406
1789130186633488600,136.03948852539062,-0.028095245361328125,0.026980876922607422,-0.05001711845397949
1789130186649495000,136.0554951171875,-0.02348613739013672,0.026500463485717773,-0.044714927673339844
1789130186665497900,136.07149780273437,-0.018863677978515625,0.04037928581237793,-0.020303010940551758
1789130186681504300,136.08750415039063,-0.0477447509765625,0.01629471778869629,-0.024599552154541016
1789130186697510400,136.1035104980469,-0.04303550720214844,0.011218905448913574,-0.010026931762695312
1789130186713517800,136.11951782226564,-0.052597999572753906,-0.0034670233726501465,0.013794660568237305
1789130186729529300,136.135529296875,-0.014260292053222656,-0.0031929612159729004,-0.0006144046783447266
1789130186745539600,136.15153955078125,-0.00003910064697265625,-0.007731616497039795,0.009517669677734375
1789130186761547800,136.1675478515625,0.009511947631835938,0.001981019973754883,0.02399897575378418
1789130186777552000,136.1835517578125,0.01436614990234375,0.002274453639984131,0.03341197967529297
1789130186793557000,136.19955688476563,0.019163131713867188,-0.011759400367736816,0.03345537185668945
1789130186809560600,136.215560546875,-0.019095420837402344,0.007935643196105957,0.03340578079223633
1789130186825560600,136.231560546875,-0.023900985717773438,0.0034182071685791016,0.03831291198730469
1789130186841562600,136.24756274414062,-0.052529335021972656,-0.0057732462882995605,0.028470754623413086
1789130186857566200,136.26356616210938,-0.05228137969970703,-0.020007729530334473,-0.0058820247650146484
1789130186873569800,136.27956982421875,-0.05702972412109375,0.003867626190185547,-0.015610456466674805
1789130186889575700,136.29557568359374,-0.07617378234863281,0.0036505460739135742,-0.039632558822631836
1789130186905582800,136.31158276367188,-0.06189441680908203,-0.0013742446899414062,-0.05375266075134277
1789130186921585700,136.32758569335937,-0.047486305236816406,0.008017361164093018,-0.06351780891418457
1789130186937584400,136.34358447265626,-0.042733192443847656,0.022609233856201172,-0.06334519386291504
1789130186953580500,136.35958056640624,-0.04282855987548828,0.013039469718933105,-0.07259321212768555
1789130186969580800,136.37558081054686,-0.023763656616210938,0.0038670897483825684,-0.06740379333496094
1789130186985589200,136.39158935546874,-0.033478736877441406,0.008972764015197754,-0.05249524116516113
1789130187001601800,136.40760180664063,0.009476661682128906,0.004277944564819336,-0.05198860168457031
1789130187017606400,136.4236064453125,0.004403114318847656,0.013793468475341797,-0.04622387886047363
1789130187033614300,136.4396142578125,-0.005404472351074219,0.004146158695220947,-0.016707420349121094
1789130187049617700,136.45561767578124,-0.02476215362548828,0.013369500637054443,-0.03044414520263672
1789130187065621800,136.47162182617188,-0.010508537292480469,0.008284449577331543,-0.0013926029205322266
1789130187081629400,136.48762939453124,-0.034470558166503906,-0.0014677047729492188,0.022582054138183594
1789130187097628700,136.50362866210938,-0.03449821472167969,0.022495150566101074,0.01789402961730957
1789130187113635600,136.51963549804688,-0.03929901123046875,0.008354723453521729,0.01319432258605957
1789130187129634800,136.535634765625,-0.058441162109375,0.02324962615966797,0.027638673782348633
1789130187145639400,136.55163940429688,-0.03905296325683594,-0.00017845630645751953,0.012572765350341797
1789130187161642200,136.56764233398437,-0.04376220703125,0.010101914405822754,0.02681899070739746
1789130187177645000,136.58364501953125,-0.03412914276123047,-0.004251003265380859,0.017049074172973633
1789130187193648000,136.59964819335937,-0.05321693420410156,-0.008969664573669434,0.021626710891723633
1789130187209653800,136.61565380859375,-0.053142547607421875,0.005346953868865967,0.016569137573242188
1789130187225656800,136.63165673828124,-0.03874015808105469,-0.004472553730010986,-0.012343406677246094
1789130187241661000,136.64766088867188,-0.04828834533691406,0.014288246631622314,0.0018343925476074219
1789130187257663700,136.66366381835937,-0.038763999938964844,0.000003337860107421875,-0.021908283233642578
1789130187273661400,136.67966137695313,-0.053241729736328125,0.01439899206161499,-0.02151036262512207
1789130187289661000,136.69566088867188,-0.024544715881347656,0.014848053455352783,-0.026082515716552734
1789130187305663200,136.71166333007812,-0.019758224487304688,0.015285193920135498,-0.04034590721130371
1789130187321661700,136.72766162109374,-0.00550079345703125,0.01555931568145752,-0.04949021339416504
1789130187337663000,136.7436630859375,-0.02466106414794922,0.00603485107421875,-0.04466652870178223
1789130187353666800,136.75966674804687,0.008788108825683594,0.0205613374710083,-0.053964853286743164
1789130187369666600,136.77566650390625,-0.024845123291015625,0.015494763851165771,-0.0488438606262207
1789130187385664800,136.79166479492187,-0.02975177764892578,0.0055748820304870605,-0.04850935935974121
1789130187401672700,136.80767260742186,-0.03466606140136719,0.010201096534729004,-0.038532257080078125
1789130187417680000,136.8236799316406,-0.039574623107910156,0.014824986457824707,-0.009418725967407227
1789130187433680400,136.83968041992188,-0.044403076171875,0.014693081378936768,-0.009308338165283203
1789130187449687600,136.8556875,-0.04424858093261719,0.009792566299438477,0.009283304214477539
1789130187465694500,136.87169458007813,-0.06817626953125,0.004960834980010986,-0.00035452842712402344
1789130187481699600,136.88769946289062,-0.03464508056640625,0.0006572604179382324,0.023656368255615234
1789130187497703400,136.90370336914063,-0.03464317321777344,0.005515694618225098,0.02366161346435547
1789130187513703700,136.91970361328126,-0.05847644805908203,0.000710606575012207,0.008918523788452148
1789130187529705700,136.93570581054686,-0.03924083709716797,-0.00877833366394043,0.027803897857666016
1789130187545707000,136.95170703125,-0.04398632049560547,0.0009828805923461914,0.013331413269042969
1789130187561709300,136.96770922851562,-0.024793624877929688,0.01040792465209961,0.02752685546875
1789130187577713400,136.98371337890626,-0.02954387664794922,-0.003987610340118408,0.008235931396484375
1789130187593717000,136.99971704101563,-0.015338897705078125,-0.003961801528930664,-0.010354757308959961
1789130187609718800,137.01571875,-0.02015209197998047,0.005652010440826416,-0.005472660064697266
1789130187625719600,137.03171948242186,-0.015424728393554688,0.0010949969291687012,-0.014786005020141602
1789130187641721300,137.04772143554686,-0.029804229736328125,0.010936439037322998,-0.024255037307739258
1789130187657721000,137.06372119140624,-0.03940868377685547,0.010954618453979492,-0.02894425392150879
1789130187673718300,137.07971826171874,-0.020264625549316406,0.0064934492111206055,-0.04320549964904785
1789130187689715000,137.09571484375,-0.034714698791503906,0.016012489795684814,-0.0429229736328125
1789130187705718000,137.1117180175781,-0.03478527069091797,0.02071601152420044,-0.033120155334472656
1789130187721714700,137.12771459960936,-0.034890174865722656,0.011141061782836914,-0.01838970184326172
1789130187737709000,137.143708984375,-0.05397987365722656,0.006138980388641357,-0.03302478790283203
1789130187753705700,137.15970581054688,-0.030092239379882812,0.015876054763793945,-0.03279876708984375
1789130187769699000,137.17569897460936,-0.030152320861816406,0.010950326919555664,-0.01825428009033203
1789130187785695200,137.1916953125,-0.030106544494628906,0.016095519065856934,-0.013547420501708984
1789130187801695200,137.2076953125,-0.03967857360839844,0.006496429443359375,-0.0039920806884765625
1789130187825698000,137.23169799804688,-0.03487873077392578,0.021176695823669434,0.010406494140625
1789130187841700900,137.24770092773437,-0.04920387268066406,0.0022635459899902344,0.010316133499145508
1789130187857701600,137.26370166015624,-0.010897636413574219,-0.002627074718475342,0.010296106338500977
1789130187873700000,137.2797001953125,-0.020471572875976562,-0.007343113422393799,0.01030278205871582
1789130187889701600,137.29570166015625,-0.025350570678710938,0.006853163242340088,0.015367984771728516
1789130187905708500,137.31170849609376,-0.0157318115234375,0.002068042755126953,0.005645036697387695
1789130187921716200,137.32771630859375,-0.010947227478027344,-0.00274658203125,0.0008687973022460938
1789130187937718800,137.34371875,-0.025327682495117188,0.002037942409515381,-0.01344609260559082
1789130187953726200,137.35972631835938,-0.03014373779296875,0.0021522045135498047,0.005827188491821289
1789130187969730300,137.37573022460938,-0.049302101135253906,0.007040619850158691,-0.022861242294311523
1789130187985732400,137.391732421875,-0.04452991485595703,0.007199525833129883,-0.01798391342163086
1789130188001733600,137.40773364257814,-0.05894184112548828,-0.0022420287132263184,-0.032157182693481445
1789130188017734700,137.42373461914062,-0.05420112609863281,0.002669215202331543,-0.022388458251953125
1789130188033737700,137.43973779296874,-0.04469871520996094,0.007598519325256348,-0.017308950424194336
1789130188049743400,137.45574340820312,-0.054205894470214844,-0.002103090286254883,-0.027155160903930664
1789130188065748000,137.471748046875,-0.05908012390136719,0.00738978385925293,-0.02687692642211914
1789130188081750300,137.4877502441406,-0.03520965576171875,0.007479667663574219,-0.021819114685058594
1789130188097752800,137.5037529296875,-0.05920124053955078,0.012358307838439941,-0.01683783531188965
1789130188113759000,137.51975903320312,-0.02089405059814453,0.01237189769744873,-0.012045145034790039
1789130188129759200,137.53575927734374,-0.04479408264160156,0.0026773810386657715,-0.002641439437866211
1789130188145757000,137.5517568359375,-0.03523445129394531,0.02206176519393921,-0.0073184967041015625
1789130188161758200,137.56775830078124,-0.0352325439453125,0.0029532313346862793,0.016622543334960938
1789130188177767200,137.58376708984375,-0.025793075561523438,0.012514948844909668,-0.006844282150268555
1789130188193773800,137.59977392578125,-0.025793075561523438,-0.0018652081489562988,0.0027310848236083984
1789130188209775600,137.6157756347656,-0.020971298217773438,0.007855892181396484,-0.011716842651367188
1789130188225779000,137.63177905273437,-0.030551910400390625,0.002768993377685547,0.012169837951660156
1789130188241781800,137.64778173828125,-0.02575397491455078,0.007433831691741943,-0.0022559165954589844
1789130188257788700,137.66378857421876,-0.04493236541748047,0.02183234691619873,0.0026273727416992188
1789130188273796400,137.67979638671875,-0.030622482299804688,0.021656513214111328,0.017145872116088867
1789130188289807400,137.69580737304688,-0.049747467041015625,0.0023273825645446777,-0.011724233627319336
1789130188305812000,137.71181201171876,-0.030498504638671875,0.02153778076171875,0.002322673797607422
1789130188321819600,137.72781958007812,-0.049818992614746094,0.007360637187957764,-0.016208171844482422
1789130188337824300,137.74382421875,-0.035483360290527344,0.01243436336517334,-0.006467342376708984
1789130188353838600,137.75983862304687,-0.04506683349609375,0.012637913227081299,-0.02076125144958496
1789130188369850000,137.77585009765625,-0.045088768005371094,0.012677609920501709,-0.011100292205810547
1789130188385858600,137.79185864257812,-0.025933265686035156,0.007879137992858887,-0.025475502014160156
1789130188401862000,137.80786181640624,-0.045014381408691406,-0.0017074942588806152,-0.02094101905822754
1789130188417868300,137.8238684082031,-0.040225982666015625,0.0030947327613830566,-0.025725364685058594
1789130188433878300,137.8398781738281,-0.021043777465820312,0.012733936309814453,-0.025813579559326172
1789130188457891600,137.8638916015625,-0.02576160430908203,0.007990598678588867,-0.0260467529296875
1789130188473902300,137.87990234375,-0.025726318359375,0.008036196231842041,-0.02615666389465332
1789130188489902800,137.89590283203125,-0.025679588317871094,-0.0015783905982971191,-0.021542072296142578
1789130188505901300,137.9119013671875,-0.030492782592773438,0.008035480976104736,-0.002294301986694336
1789130188521903400,137.9279033203125,-0.04486370086669922,-0.006395995616912842,-0.0022897720336914062
1789130188537904000,137.94390405273438,-0.025699615478515625,0.017759740352630615,0.0025086402893066406
1789130188553898500,137.9598984375,-0.04003715515136719,0.008258461952209473,0.0024290084838867188
1789130188569893000,137.97589306640626,-0.04492664337158203,0.022853076457977295,0.007624387741088867
1789130188585890800,137.99189086914063,-0.04481220245361328,0.013190865516662598,0.0024178028106689453
1789130188601889000,138.00788891601562,-0.03523063659667969,0.0180930495262146,0.021578550338745117
1789130188617890800,138.02389086914062,-0.039971351623535156,0.013097167015075684,0.0022153854370117188
1789130188633896200,138.03989624023438,-0.059169769287109375,0.008455038070678711,0.016770124435424805
1789130188649899500,138.0558994140625,-0.049560546875,0.0132979154586792,-0.0072748661041259766
1789130188665900800,138.07190087890626,-0.04002666473388672,-0.001190483570098877,-0.016728639602661133
1789130188681898000,138.08789794921876,-0.035216331481933594,0.013073980808258057,-0.00725102424621582
1789130188697899500,138.1038994140625,-0.016050338745117188,0.008567512035369873,-0.02638411521911621
1789130188713894400,138.1198942871094,-0.011350631713867188,0.00888824462890625,-0.006850004196166992
1789130188729890300,138.13589038085937,-0.0017995834350585938,0.013727426528930664,-0.01632857322692871
1789130188745886500,138.15188647460937,-0.02572917938232422,0.01841115951538086,-0.030759572982788086
1789130188761884200,138.16788427734375,-0.030622482299804688,0.004078924655914307,-0.02559947967529297
1789130188777880600,138.1838806152344,-0.04502105712890625,0.004019737243652344,-0.015921592712402344
1789130188793878800,138.19987866210937,-0.035437583923339844,-0.0006237030029296875,-0.0302731990814209
1789130188809881300,138.21588134765625,-0.049836158752441406,0.013695895671844482,-0.02059173583984375
1789130188825886200,138.23188623046875,-0.05469989776611328,0.018625319004058838,-0.020300626754760742
1789130188841886200,138.24788623046874,-0.0642404556274414,0.013927698135375977,-0.010829687118530273
1789130188857886500,138.26388647460936,-0.059433937072753906,0.0046596527099609375,-0.010824203491210938
1789130188873889800,138.27988989257813,-0.0688629150390625,0.019334614276885986,-0.0016934871673583984
1789130188889896400,138.295896484375,-0.044910430908203125,0.019477248191833496,-0.006486177444458008
1789130188905901300,138.3119013671875,-0.035400390625,0.010137856006622314,0.01295161247253418
1789130188921899800,138.32789965820314,-0.016290664672851562,0.02457338571548462,-0.015606164932250977
1789130188937899300,138.34389916992188,-0.016304969787597656,-0.01842743158340454,0.017984867095947266
1789130188953908200,138.359908203125,-0.025957107543945312,0.0007972121238708496,-0.005682706832885742
1789130188969912800,138.37591284179686,-0.03062725067138672,0.04910933971405029,0.0035779476165771484
1789130188985921800,138.391921875,-0.03533649444580078,-0.02731376886367798,0.008138656616210938
1789130189001928700,138.4079287109375,-0.035231590270996094,0.044630467891693115,0.03173828125
1789130189017929000,138.4239289550781,-0.0065460205078125,0.04488557577133179,-0.04466581344604492
1789130189033927200,138.43992724609376,-0.016060829162597656,-0.012319386005401611,-0.030454158782958984
1789130189049930800,138.4559306640625,-0.044791221618652344,0.04057031869888306,-0.05434870719909668
1789130189065929000,138.4719289550781,-0.011194229125976562,-0.011788249015808105,-0.04018664360046387
1789130189081932000,138.48793212890624,-0.030391693115234375,0.03144371509552002,-0.030425310134887695
1789130189097932000,138.50393212890626,-0.044769287109375,0.026865005493164062,-0.02076101303100586
1789130189113933000,138.51993310546874,-0.03525352478027344,-0.006340146064758301,-0.020476341247558594
1789130189129934300,138.53593432617188,-0.04966545104980469,0.01293635368347168,-0.010707855224609375
1789130189145933600,138.55193359375,-0.04007530212402344,-0.0011202692985534668,-0.01068568229675293
1789130189161930800,138.5679306640625,-0.06411457061767578,0.018161416053771973,-0.010318279266357422
1789130189177923800,138.583923828125,-0.03536224365234375,0.0036954879760742188,-0.005629539489746094
1789130189193918000,138.59991796875,-0.035368919372558594,-0.010447442531585693,-0.015135049819946289
1789130189209916000,138.615916015625,-0.00669097900390625,0.037519216537475586,-0.04366493225097656
1789130189225915600,138.63191552734375,-0.011495590209960938,0.018553972244262695,0.013898849487304688
1789130189241916700,138.64791674804687,-0.016203880310058594,0.028284668922424316,-0.024653911590576172
1789130189257914000,138.6639140625,-0.12139415740966797,0.009432315826416016,0.08500456809997559
1789130189273915400,138.67991528320312,-0.049533843994140625,-0.02399343252182007,-0.030009984970092773
1789130189289921800,138.695921875,0.3907957077026367,0.03391075134277344,-0.29256725311279297
1789130189305925600,138.71192553710938,0.060433387756347656,-0.014563262462615967,-0.02467966079711914
1789130189321928000,138.72792797851562,-0.0741415023803711,-0.00502091646194458,-0.03731346130371094
1789130189337931500,138.743931640625,-0.500554084777832,0.04306739568710327,-0.06515097618103027
1789130189353931300,138.75993115234374,0.05884265899658203,0.014575541019439697,0.014467954635620117
1789130189369934300,138.77593432617186,-0.06080055236816406,0.028913557529449463,-0.00013709068298339844
1789130189385938700,138.79193872070311,-0.04163932800292969,-0.009148836135864258,-0.028839588165283203
1789130189401943300,138.807943359375,0.5834789276123047,0.1631525158882141,0.17056918144226074
1789130189417947600,138.82394775390625,-0.3895282745361328,0.07170867919921875,0.21260643005371094
1789130189433950500,138.83995043945313,-0.018424034118652344,-0.038916826248168945,0.08454132080078125
1789130189449954600,138.85595458984375,-0.015714645385742188,-0.000917971134185791,0.236968994140625
1789130189465958000,138.8719580078125,-0.3964700698852539,-0.259962797164917,-0.3015439510345459
1789130189481958700,138.88795874023438,1.7343368530273438,0.03491324186325073,-2.2308766841888428
1789130189497959400,138.90395947265625,0.6038398742675781,-1.6866240501403809,0.14566659927368164
1789130189513958100,138.91995825195312,-0.5475130081176758,0.816727876663208,0.7942399978637695
1789130189529958400,138.93595849609375,0.21694278717041016,-0.6572872400283813,0.9310688972473145
1789130189545954300,138.95195434570311,0.005030632019042969,-3.3270912170410156,0.7177779674530029
1789130189561954000,138.9679541015625,4.1068115234375,-1.378037452697754,0.5688540935516357
1789130189577954300,138.98395434570313,-9.2028169631958,-2.3210628032684326,-2.5840885639190674
1789130189593954300,138.99995434570312,-20.057689666748047,6.178396224975586,1.747251272201538
1789130189609956000,139.0159560546875,-8.150629997253418,-0.6050078868865967,-2.696425199508667
1789130189625955600,139.03195556640625,-6.792792797088623,-3.3846685886383057,-1.5880628824234009
1789130189641952300,139.0479521484375,-0.26713085174560547,0.2915588617324829,0.3546733856201172
1789130189657947600,139.06394775390626,1.0371780395507812,-0.7885251045227051,1.750096321105957
1789130189673948000,139.07994799804686,1.2097015380859375,1.0817375183105469,2.5902199745178223
1789130189689945000,139.09594506835938,0.45843029022216797,0.09872221946716309,0.7383577823638916
1789130189705937400,139.1119375,1.0740470886230469,-1.2850096225738525,1.048083782196045
1789130189721939000,139.12793896484374,0.9827442169189453,-2.989180564880371,0.3551969528198242
1789130189737936100,139.14393603515626,3.6023731231689453,-0.007634162902832031,5.019026756286621
1789130189753942300,139.1599423828125,4.931872367858887,-0.7907869815826416,3.3771419525146484
1789130189777948200,139.1839482421875,4.100687026977539,-4.792789936065674,5.28522253036499
1789130189793947100,139.19994702148438,0.12756729125976562,-1.3560206890106201,-0.4840319752693176
1789130189809946400,139.2159462890625,2.1470279693603516,-0.21959733963012695,-3.3712589740753174
1789130189841950000,139.24794995117188,-5.5414557456970215,-3.843388795852661,-4.306461811065674
1789130189889966300,139.29596630859376,-12.441643714904785,-9.572216033935547,-0.8934218883514404
1789130189905974800,139.31197485351564,3.712972640991211,-4.339033603668213,2.164546012878418
1789130189921983000,139.32798291015624,3.3968024253845215,-4.071046352386475,5.4191083908081055
1789130189937987000,139.34398706054688,2.4937124252319336,-6.202301502227783,4.413215637207031
1789130189953991000,139.3599909667969,-0.7727508544921875,-8.773197174072266,0.6144177913665771
1789130189969991200,139.3759912109375,-0.6372410655021667,-8.67316722869873,-2.70462703704834
1789130189985992700,139.39199267578124,2.286080837249756,-8.141303062438965,-3.595445156097412
1789130190001985500,139.40798559570314,5.115794658660889,-8.38359260559082,-3.8490920066833496
1789130190017985300,139.4239853515625,5.741874694824219,-7.182608604431152,-1.5851140022277832
1789130190033986300,139.439986328125,8.070575714111328,-6.773374557495117,1.2572352886199951
1789130190049989400,139.4559892578125,14.749512672424316,-6.251524925231934,4.379268169403076
1789130190065997000,139.4719970703125,7.6289801597595215,-6.688985824584961,3.3469977378845215
1789130190082008300,139.48800830078125,5.906433582305908,6.7326555252075195,6.020503997802734
1789130190098020400,139.50402026367186,-3.761226177215576,10.360574722290039,4.7817463874816895
1789130190114032400,139.52003247070311,5.714190483093262,6.684769153594971,3.137240171432495
1789130190130041600,139.53604150390626,5.620487689971924,6.799583911895752,3.3102128505706787
1789130190146046200,139.55204614257812,5.355922698974609,6.909188747406006,3.4905450344085693
1789130190162055400,139.56805541992188,5.087054252624512,7.017529487609863,3.6718251705169678
1789130190178061800,139.58406176757813,4.8506388664245605,7.102187156677246,3.86515212059021
1789130190194067200,139.60006713867188,4.587817668914795,7.157830238342285,4.055008411407471
1789130190210074000,139.61607421875,4.34028434753418,7.193605899810791,4.254979610443115
1789130190226073900,139.63207397460937,4.107207298278809,7.210724830627441,4.4469404220581055
1789130190242073000,139.64807299804687,3.8743929862976074,7.2131242752075195,4.653621196746826
1789130190258078200,139.664078125,3.6658613681793213,7.201756477355957,4.851641654968262
1789130190274084900,139.6800849609375,3.4473347663879395,7.166692733764648,5.04986047744751
1789130190290085600,139.69608569335938,3.2547829151153564,7.122474670410156,5.238559246063232
1789130190306089000,139.7120888671875,3.0888564586639404,7.056033134460449,5.455341815948486
1789130190322092500,139.72809252929687,2.9324679374694824,6.956543445587158,5.651322841644287
1789130190338099200,139.74409912109374,2.8287246227264404,6.865447998046875,5.859616756439209
1789130190354111000,139.76011108398438,2.1989970207214355,3.2426047325134277,0.7336177825927734
1789130190370124300,139.77612426757813,-21.531436920166016,-42.444007873535156,-6.561734676361084
1789130190386129000,139.79212890625,-6.3243560791015625,-18.120813369750977,-19.146474838256836
1789130190402136600,139.80813647460937,-20.348312377929688,45.25339126586914,-10.759206771850586
1789130190418143700,139.82414379882812,-19.60031509399414,12.333616256713867,-16.466312408447266
1789130190434149000,139.8401491699219,4.007862567901611,0.5698695182800293,-1.5396957397460938
1789130190450158600,139.85615869140625,1.9918222427368164,-0.6778109073638916,-2.142117500305176
1789130190466163700,139.87216381835938,3.04563045501709,5.838851451873779,-3.5039916038513184
1789130190482173700,139.88817358398438,-6.648420333862305,6.749322891235352,-0.924583911895752
1789130190498182000,139.90418188476562,-4.346413612365723,2.899118661880493,-1.2049813270568848
1789130190514197000,139.92019702148437,-3.097341537475586,-0.8127644062042236,0.3611152172088623
1789130190530212400,139.93621240234376,-1.273782730102539,-2.7640345096588135,0.8163290023803711
1789130190546222300,139.95222241210936,0.4753398895263672,-3.3371312618255615,0.0918436050415039
1789130190562233600,139.96823364257813,0.3279438018798828,-3.0788588523864746,0.22916460037231445
1789130190578244000,139.984244140625,-0.2565755844116211,-1.1594650745391846,0.16172361373901367
1789130190594257200,140.00025708007811,0.25453853607177734,0.6580744981765747,-0.8711481094360352
1789130190610271500,140.016271484375,0.31799793243408203,1.1453306674957275,-0.9655270576477051
1789130190626284800,140.03228491210936,14.040639877319336,-0.23756742477416992,-1.0176172256469727
1789130190642291200,140.04829125976562,12.791760444641113,3.274794578552246,3.9190375804901123
1789130190658299100,140.0642990722656,16.0432186126709,5.138739109039307,2.386166572570801
1789130190674313200,140.08031323242187,5.328136920928955,2.6274526119232178,4.19830322265625
1789130190690329600,140.09632958984375,3.0288925170898438,-0.49527478218078613,2.6201698780059814
1789130190706341600,140.11234155273436,3.7447071075439453,-1.1535958051681519,1.722283124923706
1789130190722357500,140.128357421875,-34.66084289550781,-8.859238624572754,5.96293830871582
1789130190738371300,140.14437133789062,-11.4745512008667,-0.6010881662368774,3.5076491832733154
1789130190754380000,140.16038012695313,-13.17949390411377,1.3566550016403198,2.8436572551727295
1789130190770385700,140.1763857421875,6.10275411605835,-0.3656498193740845,-0.22961723804473877
1789130190786397000,140.19239697265624,15.007160186767578,-0.20223522186279297,-0.5324866771697998
1789130190802409000,140.20840893554688,-4.417272567749023,-1.0829335451126099,3.1856889724731445
1789130190818419200,140.22441918945313,-4.22906494140625,-0.35385382175445557,1.3303821086883545
1789130190834433000,140.24043310546875,-2.770914077758789,2.2067277431488037,3.0348598957061768
1789130190850448100,140.2564482421875,-1.5007658004760742,1.7163468599319458,3.9763565063476562
1789130190866460000,140.2724599609375,-1.557037353515625,4.188008785247803,3.090745449066162
1789130190882478300,140.28847827148437,-1.750412940979004,1.1332844495773315,-8.258212089538574
1789130190898489900,140.30448974609374,-1.337052345275879,-1.8978718519210815,-5.0910491943359375
1789130190914499000,140.3204990234375,1.5700745582580566,-0.6676532030105591,3.677513599395752
1789130190930512600,140.3365126953125,0.6507415771484375,-2.524495840072632,3.2255170345306396
1789130190946524700,140.35252465820312,-1.1718645095825195,0.23234140872955322,5.963624477386475
1789130190962535700,140.36853564453125,-2.6346969604492188,1.5533498525619507,6.677914619445801
1789130190978548700,140.384548828125,1.9052586555480957,-0.8770422339439392,-0.28906941413879395
1789130190994557700,140.4005576171875,-1.1360177993774414,0.7828900218009949,5.11027717590332
1789130191010565600,140.41656567382813,-0.30350399017333984,-0.8908637762069702,8.207344055175781
1789130191026572300,140.432572265625,-6.779486656188965,-2.398719549179077,2.8668198585510254
1789130191042575000,140.4485751953125,5.2854905128479,-2.341686725616455,4.871088027954102
1789130191058579200,140.4645791015625,3.6869287490844727,-0.5563839673995972,3.018538475036621
1789130191074589000,140.4805888671875,2.9731101989746094,0.3519115447998047,0.29189494252204895
1789130191090594300,140.49659423828126,2.6328530311584473,-4.495039463043213,-1.5156179666519165
1789130191106602500,140.5126025390625,-0.2100839614868164,-5.77023458480835,-5.363969802856445
1789130191122610400,140.5286103515625,2.3500990867614746,-4.814971923828125,-6.576023101806641
1789130191138621400,140.54462133789062,2.115121841430664,-6.8199567794799805,-9.037125587463379
1789130191154631700,140.56063159179686,3.867579460144043,-4.271406650543213,-5.3150835037231445
1789130191170643500,140.5766435546875,3.021540641784668,-2.4984328746795654,-3.543703079223633
1789130191186663000,140.59266284179688,6.005581855773926,-1.311570405960083,-1.9993194341659546
1789130191202677800,140.608677734375,11.392168998718262,-1.277877926826477,1.4038478136062622
1789130191218692400,140.6246923828125,8.893308639526367,0.039485275745391846,1.6345809698104858
1789130191234706000,140.64070581054688,-31.785842895507812,0.7965119481086731,4.963143348693848
1789130191250719500,140.65671948242186,-17.372434616088867,-0.7205673456192017,0.9544064998626709
1789130191266733000,140.67273315429688,-5.64499568939209,1.7752649784088135,-5.195518493652344
1789130191282750200,140.68875024414064,5.721917152404785,-9.330791473388672,4.993825912475586
1789130191298765600,140.704765625,5.02449893951416,-2.304670810699463,2.295236825942993
1789130191314787300,140.72078735351562,3.230635166168213,2.9063258171081543,1.0879746675491333
1789130191330810400,140.73681030273437,-0.10328388214111328,3.259036064147949,1.452907919883728
1789130191346830600,140.75283056640626,-1.8179779052734375,1.465302586555481,-2.1312241554260254
1789130191362850800,140.76885083007812,-1.7041282653808594,0.28465259075164795,-3.0072388648986816
1789130191378864400,140.78486450195314,-2.703542709350586,1.1123344898223877,-0.39908409118652344
1789130191394876400,140.80087646484375,-3.3255538940429688,2.2201051712036133,1.9928157329559326
1789130191410890800,140.81689086914062,-2.770904541015625,3.6481518745422363,2.929246664047241
1789130191426901800,140.83290185546875,-2.8234424591064453,2.8730082511901855,4.002127170562744
1789130191442914000,140.8489140625,-4.931048393249512,2.723679542541504,5.820415019989014
1789130191458926800,140.8649267578125,-7.6200666427612305,4.66058874130249,8.188417434692383
1789130191474940700,140.88094067382812,-9.20194149017334,5.15501594543457,8.993820190429688
1789130191490955800,140.89695581054687,-11.170509338378906,3.2364754676818848,8.186102867126465
1789130191506969900,140.91296997070313,-8.413341522216797,-1.045047402381897,5.485489845275879
1789130191522984000,140.92898388671875,-6.17206335067749,-6.010833740234375,1.5525121688842773
1789130191538997800,140.94499780273438,-4.254334926605225,-5.11443567276001,-1.170163631439209
1789130191555012900,140.96101293945313,-3.9141921997070312,-1.9202971458435059,0.2230825424194336
1789130191571028500,140.97702856445312,-2.1752872467041016,-1.4932851791381836,-0.09786701202392578
1789130191587043800,140.9930439453125,-1.4947575330734253,-1.2931742668151855,-1.1903605461120605
1789130191603055900,141.00905590820312,-3.312429428100586,-1.8189597129821777,-0.8531608581542969
1789130191619070200,141.0250703125,-4.045917510986328,-2.892247200012207,-2.733826160430908
1789130191635080700,141.04108081054687,-3.3345658779144287,-4.155411720275879,-4.53411865234375
1789130191651090200,141.05709008789063,-3.2826833724975586,-4.985542297363281,-3.341064214706421
1789130191667099600,141.073099609375,-3.0617496967315674,-4.973886013031006,-2.5881011486053467
1789130191683109000,141.08910913085938,-2.370807409286499,-5.151285648345947,-2.7480735778808594
1789130191699118600,141.10511865234375,-2.2471847534179688,-5.744631290435791,-2.84171986579895
1789130191715126500,141.12112646484374,-6.673405170440674,-5.024936676025391,-3.1135506629943848
1789130191731138000,141.1371379394531,-5.36500358581543,-3.3397722244262695,-4.6501359939575195
1789130191747150300,141.153150390625,-1.3862543106079102,-4.512128829956055,-5.198092937469482
1789130191763162400,141.16916235351562,-0.10158872604370117,-5.799036502838135,-5.158661842346191
1789130191779171300,141.18517138671876,-0.6645441055297852,-4.450336456298828,-3.328320264816284
1789130191795182600,141.2011826171875,-0.04239034652709961,-3.709031581878662,-1.217564344406128
1789130191811199000,141.21719897460937,-6.00193977355957,-5.361071586608887,1.1418057680130005
1789130191827211000,141.2332109375,-1.9262757301330566,-3.1353306770324707,1.4283782243728638
1789130191843216000,141.2492158203125,3.5937061309814453,0.5551180839538574,1.990246057510376
1789130191859222800,141.26522290039063,1.738616943359375,2.8133296966552734,1.1374270915985107
1789130191875233500,141.28123364257812,1.7031164169311523,2.3828821182250977,1.5097869634628296
1789130191891243500,141.29724340820312,4.9550065994262695,-1.510509967803955,1.9439880847930908
1789130191907252200,141.31325219726563,5.25511360168457,-5.099582672119141,-0.38190996646881104
1789130191923265000,141.32926513671876,4.071995735168457,-6.659214019775391,-0.5441043972969055
1789130191939277000,141.34527709960938,4.331693649291992,-3.0615382194519043,0.715700626373291
1789130191955289600,141.36128955078124,2.748629570007324,0.42078208923339844,1.2502217292785645
1789130191971298000,141.3772980957031,0.6320114135742188,0.32670021057128906,1.3950300216674805
1789130191987307300,141.39330737304687,-1.0493650436401367,-1.1167020797729492,1.3570616245269775
1789130192003313700,141.40931372070312,-0.4257230758666992,-1.8609747886657715,1.679574966430664
1789130192019323600,141.42532373046876,0.6416206359863281,4.438130855560303,1.7984142303466797
1789130192035329000,141.4413291015625,-1.337327003479004,5.138150691986084,-1.1363921165466309
1789130192051333400,141.45733349609375,-2.7114768028259277,1.2016844749450684,-1.753845453262329
1789130192067342300,141.47334228515626,-1.0335993766784668,0.15947389602661133,0.23457181453704834
1789130192083346700,141.4893466796875,0.6848921775817871,-0.6402115821838379,0.8972291350364685
1789130192099352300,141.50535229492186,0.0847620964050293,0.17122888565063477,1.8061883449554443
1789130192115360800,141.52136083984374,-0.6280150413513184,0.6594991683959961,1.819211483001709
1789130192131364900,141.53736474609374,-0.9452991485595703,0.25296592712402344,1.4003090858459473
1789130192147367400,141.55336743164062,-1.5088887214660645,-0.12382268905639648,0.9605443477630615
1789130192163376000,141.56937622070313,-2.5992722511291504,-0.8326296806335449,0.730461597442627
1789130192179388400,141.5853884277344,-2.690533399581909,-1.2549047470092773,-0.5019384622573853
1789130192195399700,141.60139965820312,-2.143725633621216,-1.1459131240844727,-2.2061424255371094
1789130192211403000,141.61740307617188,-1.5457115173339844,-1.2305307388305664,-2.8913495540618896
1789130192227413800,141.63341381835937,-1.5034475326538086,-1.41414213180542,-2.6986634731292725
1789130192243419100,141.6494191894531,-1.45505952835083,-0.9952230453491211,-1.3222662210464478
1789130192259423700,141.665423828125,2.3067636489868164,-0.6274943351745605,-0.6089894771575928
1789130192275433200,141.68143310546876,-0.30455970764160156,0.020193099975585938,-0.059715986251831055
1789130192291441400,141.69744140625,1.128829002380371,0.19889068603515625,-0.38280606269836426
1789130192307455500,141.71345556640625,1.247514247894287,0.2982616424560547,0.14454209804534912
1789130192323460900,141.7294609375,0.815528392791748,0.2768392562866211,0.09477794170379639
1789130192339465700,141.7454658203125,0.5046482086181641,0.019876480102539062,-0.32873499393463135
1789130192355473000,141.76147290039063,0.4498114585876465,-0.37951183319091797,-0.5792977809906006
1789130192371477200,141.77747729492188,0.08121490478515625,-0.5145506858825684,-0.6215168237686157
1789130192387484400,141.793484375,0.06624221801757812,-0.22934293746948242,-0.5479745864868164
1789130192403489300,141.8094892578125,0.3448047637939453,-0.09515380859375,-0.3785651922225952
1789130192419490000,141.8254899902344,0.42000389099121094,0.13919925689697266,-0.018198490142822266
1789130192435492400,141.84149243164063,0.22109365463256836,0.37753725051879883,0.24789535999298096
1789130192451489300,141.8574892578125,0.15787887573242188,0.5010509490966797,0.40447986125946045
1789130192467496700,141.87349658203124,0.28615903854370117,0.5016331672668457,0.2808825969696045
1789130192483504000,141.88950415039062,0.22899484634399414,0.7112917900085449,0.3239257335662842
1789130192499512000,141.9055119628906,0.579261302947998,0.9900202751159668,0.48779356479644775
1789130192515518500,141.9215185546875,1.19403076171875,0.9979119300842285,0.3342578411102295
1789130192531534000,141.9375341796875,1.5876660346984863,0.9295625686645508,0.31468498706817627
1789130192547548700,141.95354858398437,1.8725519180297852,1.1662673950195312,0.5263956785202026
1789130192563559000,141.96955883789062,2.50177001953125,1.3546810150146484,0.8533039093017578
1789130192579570000,141.98556982421874,2.7812676429748535,0.9952044486999512,0.9961520433425903
1789130192595580700,142.00158056640626,2.201101303100586,0.6355485916137695,0.843052864074707
1789130192611594000,142.0175939941406,1.135420799255371,0.34101247787475586,0.6066296100616455
1789130192627604000,142.03360400390625,0.049041748046875,0.17116641998291016,0.47831225395202637
1789130192643615200,142.049615234375,-0.8101973533630371,-0.03923368453979492,0.22836041450500488
1789130192659626500,142.06562646484375,-1.3140201568603516,-0.07735443115234375,0.1515486240386963
1789130192675639600,142.0816396484375,-1.2436842918395996,-0.26227521896362305,-0.039270639419555664
1789130192691652000,142.09765209960938,-1.171271800994873,-0.6447300910949707,-0.2537813186645508
1789130192707661800,142.11366186523438,-1.2832298278808594,-0.7165765762329102,-0.45776891708374023
1789130192723672600,142.12967260742187,-1.3379817008972168,-0.5690321922302246,-0.1988232135772705
1789130192739688200,142.14568823242186,-0.9797396659851074,-0.8201956748962402,-0.7307291030883789
1789130192755697000,142.16169677734376,-1.1296939849853516,-1.0170040130615234,-0.7028093338012695
1789130192771706400,142.17770629882813,-1.5290093421936035,-0.9290866851806641,-0.760591983795166
1789130192787718400,142.19371850585938,-1.6862149238586426,-0.8262276649475098,-0.7756972312927246
1789130192803728400,142.20972827148438,-1.522702693939209,-0.7600588798522949,-0.7700228691101074
1789130192819738600,142.22573852539062,-1.5176243782043457,-0.7164344787597656,-0.45633983612060547
1789130192835746300,142.24174633789062,-1.412886142730713,-0.5715394020080566,-0.46794676780700684
1789130192851754200,142.25775415039064,-1.0925588607788086,-0.48026323318481445,-0.3520803451538086
1789130192867766000,142.27376611328125,-0.5589675903320312,-0.4327864646911621,-0.35819387435913086
1789130192883776000,142.28977587890626,-0.2604541778564453,-0.4565243721008301,-0.4038386344909668
1789130192899779300,142.305779296875,-0.30135250091552734,-0.4700651168823242,-0.5094103813171387
1789130192915779800,142.32177978515625,-0.1859416961669922,-0.46709251403808594,-0.6512556076049805
1789130192931781600,142.33778173828125,0.06289863586425781,-0.5024561882019043,-0.5885159969329834
1789130192947786000,142.35378588867187,0.09119987487792969,-0.3764047622680664,-0.43494319915771484
1789130192963789300,142.36978930664063,0.15582561492919922,0.025358200073242188,-0.23438739776611328
1789130192979792600,142.3857927246094,0.6316614151000977,0.17757511138916016,0.010198116302490234
1789130192995798300,142.40179833984374,0.8306365013122559,0.1201167106628418,0.1619892120361328
1789130193011807000,142.41780688476564,0.5477666854858398,0.17338895797729492,0.16988134384155273
1789130193027812600,142.4338125,0.5030350685119629,0.3280487060546875,0.2239687442779541
1789130193043819000,142.44981909179688,0.6970505714416504,0.38143062591552734,0.3265540599822998
1789130193059822300,142.465822265625,0.8350262641906738,0.43682241439819336,0.4440150260925293
1789130193075823000,142.48182299804688,0.9149127006530762,0.46723318099975586,0.43181610107421875
1789130193091822300,142.497822265625,0.912325382232666,0.6424188613891602,0.5147488117218018
1789130193107819300,142.5138193359375,0.9241170883178711,0.7627792358398438,0.4940042495727539
1789130193123818200,142.529818359375,0.8789315223693848,0.5602622032165527,0.4224417209625244
1789130193139818000,142.54581787109376,0.5147700309753418,0.42638731002807617,0.307253360748291
1789130193155816000,142.56181591796874,0.11414670944213867,0.4743022918701172,0.13889217376708984
1789130193171819500,142.5778195800781,0.06945371627807617,0.46613121032714844,0.1475224494934082
1789130193187823900,142.59382397460936,0.13806962966918945,0.47332239151000977,0.23587393760681152
1789130193203827200,142.6098271484375,0.2448897361755371,0.49204492568969727,0.2764170169830322
1789130193219833000,142.6258330078125,0.3094329833984375,0.436373233795166,0.29145073890686035
1789130193235836200,142.64183618164063,0.25700902938842773,0.3434600830078125,0.2062208652496338
1789130193251849000,142.65784887695312,0.09782934188842773,0.2926363945007324,-0.02171039581298828
1789130193267861500,142.67386157226562,-0.04872274398803711,0.14316463470458984,-0.19719958305358887
1789130193283868700,142.68986865234376,-0.18569421768188477,0.039577484130859375,-0.22563791275024414
1789130193299876400,142.70587646484375,-0.30535411834716797,0.10344934463500977,-0.14996027946472168
1789130193315883300,142.72188330078126,-0.26512956619262695,-0.06009817123413086,-0.13385367393493652
1789130193331888400,142.73788842773436,-0.5123696327209473,-0.19345331192016602,-0.15888404846191406
1789130193347898400,142.7538984375,-0.7961063385009766,-0.10833215713500977,-0.19941020011901855
1789130193363908900,142.76990893554688,-0.9328498840332031,0.030152320861816406,-0.027004718780517578
1789130193379919600,142.78591967773437,-0.8708820343017578,-0.015869140625,0.16391229629516602
1789130193395926500,142.80192651367187,-0.8018126487731934,-0.09340476989746094,0.17758655548095703
1789130193411933200,142.81793310546874,-0.6735501289367676,-0.11230182647705078,0.12103271484375
1789130193427939800,142.83393994140624,-0.41774892807006836,-0.15684080123901367,0.19120121002197266
1789130193443944700,142.84994482421874,-0.295499324798584,-0.08391284942626953,0.34897351264953613
1789130193459947000,142.86594702148437,-0.29998302459716797,-0.0280609130859375,0.13820528984069824
1789130193475955200,142.881955078125,-0.15666913986206055,-0.08673334121704102,-0.10379409790039062
1789130193491963600,142.89796362304688,0.04275178909301758,-0.1630406379699707,-0.23488330841064453
1789130193507965700,142.91396557617188,0.04719066619873047,-0.11611604690551758,-0.2608335018157959
1789130193523964000,142.9299638671875,0.06675004959106445,0.06328582763671875,-0.1551222801208496
1789130193539968500,142.94596850585938,0.18706464767456055,0.20845508575439453,-0.03648519515991211
1789130193555975700,142.9619755859375,0.25698375701904297,0.2523789405822754,0.1718904972076416
1789130193571981000,142.97798095703126,0.22887134552001953,0.2671933174133301,0.20324993133544922
1789130193587985700,142.99398559570312,0.18295717239379883,0.2666325569152832,0.2926168441772461
1789130193603991300,143.0099912109375,0.360506534576416,0.25272607803344727,0.37958240509033203
1789130193619997000,143.02599682617188,0.618588924407959,0.36125898361206055,0.6253111362457275
1789130193635999200,143.04199926757812,0.2695598602294922,0.45420265197753906,0.6982078552246094
1789130193652004600,143.0580046386719,-0.01250457763671875,0.515106201171875,0.5828588008880615
1789130193668014300,143.07401440429686,0.2152543067932129,0.5158553123474121,0.2028822898864746
1789130193684028700,143.09002856445312,-0.1436467170715332,0.43135643005371094,0.3979015350341797
1789130193700041200,143.10604125976562,-0.34233903884887695,0.42241573333740234,0.6726232767105103
1789130193716049700,143.12204956054688,0.12131023406982422,0.6962437629699707,0.11316037178039551
1789130193732064300,143.1380642089844,0.18545198440551758,0.6423149108886719,0.04580187797546387
1789130193748075300,143.1540751953125,0.7882814407348633,0.29717206954956055,-0.001703500747680664
1789130193764086500,143.17008642578125,0.7756648063659668,0.23953580856323242,-0.3760395050048828
1789130193780097000,143.18609692382813,0.04670143127441406,-0.21321916580200195,-0.1751708984375
1789130193796110000,143.20211010742187,-0.5855298042297363,-0.21905851364135742,0.06391572952270508
1789130193812121000,143.21812109375,-0.4842529296875,-0.10655403137207031,-0.3116722106933594
1789130193828131000,143.23413110351564,0.33884382247924805,-0.2461409568786621,-0.6966098546981812
1789130193844142800,143.25014282226562,0.5794696807861328,-0.17820167541503906,-0.8736152648925781
1789130193860164000,143.2661640625,-0.05897712707519531,-0.38521289825439453,-0.5971912145614624
1789130193876178400,143.28217846679686,-0.5217108726501465,-0.5754704475402832,-0.15576398372650146
1789130193892194000,143.2981940917969,-0.7643704414367676,-0.5410118103027344,0.08272087574005127
1789130193908211700,143.3142116699219,-0.6918063163757324,-0.6216673851013184,0.0204012393951416
1789130193924222200,143.33022216796874,-0.5352535247802734,-0.5276803970336914,0.06546175479888916
1789130193940227300,143.34622729492187,-0.3695402145385742,-0.3611726760864258,-0.3766275644302368
1789130193956239000,143.36223901367188,-0.08636045455932617,-0.6325888633728027,-0.4973992109298706
1789130193972247800,143.37824780273436,0.36255407333374023,-0.902214527130127,-0.34734535217285156
1789130193988260900,143.3942607421875,0.9510989189147949,-0.9683442115783691,-0.1923658847808838
1789130194004266000,143.41026586914063,1.7927393913269043,-0.9706807136535645,0.11771535873413086
1789130194020281300,143.42628125,1.4408845901489258,-0.527867317199707,0.5065735578536987
1789130194036291300,143.44229125976562,0.6143603324890137,-0.29512691497802734,0.4884622097015381
1789130194052300500,143.45830053710938,-0.41345643997192383,-0.054617881774902344,0.4645129442214966
1789130194068311600,143.4743115234375,-1.0733628273010254,-0.17692184448242188,0.2807654142379761
1789130194084320000,143.49032006835938,0.16831493377685547,-0.4781341552734375,0.49814319610595703
1789130194100329700,143.50632983398438,1.4173088073730469,-0.9961400032043457,1.514040231704712
1789130194116332000,143.52233203125,0.2434239387512207,-1.2830214500427246,1.3119070529937744
1789130194132335400,143.53833544921875,-5.210841655731201,-0.351104736328125,-0.365368127822876
1789130194148346600,143.5543466796875,-9.652030944824219,-0.22461509704589844,-1.560704231262207
1789130194164356000,143.57035620117188,-12.181680679321289,-1.5602221488952637,-3.1360089778900146
1789130194180361500,143.58636157226562,-12.768991470336914,-2.4107308387756348,-3.5713443756103516
1789130194196369000,143.60236889648436,-2.60294771194458,-4.681556701660156,-2.8852689266204834
1789130194212379400,143.61837939453125,7.204500198364258,-4.121212959289551,-0.19458246231079102
1789130194228388400,143.63438842773436,10.093832015991211,0.11838960647583008,3.221393585205078
1789130194244399600,143.65039965820313,9.252227783203125,1.759805679321289,4.179045677185059
1789130194260411000,143.66641088867186,7.975121021270752,3.3406190872192383,3.128150463104248
1789130194276418000,143.68241796875,5.267190933227539,4.077827453613281,0.5401792526245117
1789130194292429800,143.69842993164062,4.474452972412109,2.8334102630615234,-1.512834072113037
1789130194308440000,143.71444018554686,4.421298503875732,0.632176399230957,-1.9188504219055176
1789130194324447200,143.730447265625,2.3394737243652344,-0.3806266784667969,-0.9118959903717041
1789130194340456400,143.74645654296876,-0.2862849235534668,-0.7642889022827148,-0.5588128566741943
1789130194356465700,143.76246557617188,-2.191392421722412,-0.5729727745056152,-0.46547579765319824
1789130194372472300,143.77847241210938,-2.610198497772217,-0.2718534469604492,-0.6562199592590332
1789130194388478500,143.794478515625,-2.6532139778137207,-0.5133495330810547,-0.7512392997741699
1789130194404482800,143.81048291015625,-1.9444782733917236,-1.1509528160095215,-0.8332417011260986
1789130194420491300,143.8264912109375,-1.2103910446166992,-1.3679962158203125,-0.7596399784088135
1789130194436499700,143.84249975585936,-0.4765477180480957,-0.9328007698059082,-0.6341228485107422
1789130194452505900,143.858505859375,0.03159189224243164,-0.3408994674682617,-0.23912501335144043
1789130194468518000,143.87451782226563,0.7105035781860352,0.03771686553955078,0.3923778533935547
1789130194484526000,143.89052612304687,1.491067886352539,0.052306175231933594,0.6786477565765381
1789130194500535000,143.90653515625,1.2606592178344727,-0.040055274963378906,0.6354143619537354
1789130194516540200,143.9225400390625,0.3692512512207031,-0.014399528503417969,0.2898423671722412
1789130194532546300,143.93854638671874,-0.4370760917663574,0.1806950569152832,0.14609694480895996
1789130194548553700,143.9545537109375,-0.7130227088928223,0.22576618194580078,-0.1484055519104004
1789130194564560000,143.9705598144531,-1.0109314918518066,0.14311981201171875,-0.14673304557800293
1789130194580560400,143.98656030273438,-1.277651309967041,0.08542013168334961,-0.15952420234680176
1789130194596562000,144.00256201171874,-0.9677348136901855,-0.02463054656982422,-0.1881697177886963
1789130194612564000,144.01856396484374,-0.41257667541503906,-0.11836481094360352,-0.10372400283813477
1789130194628564000,144.03456396484376,-0.12849187850952148,-0.18096446990966797,0.111480712890625
1789130194644565800,144.05056567382812,-0.012396812438964844,-0.1508045196533203,0.03411102294921875
1789130194660567000,144.06656713867187,0.16210508346557617,-0.1688675880432129,-0.23400664329528809
1789130194676564200,144.08256420898437,0.3640904426574707,-0.28455305099487305,-0.2652859687805176
1789130194692564000,144.09856396484375,0.21963024139404297,-0.28924131393432617,-0.17692255973815918
1789130194708567000,144.11456713867187,-0.2667708396911621,-0.012837409973144531,-0.10680675506591797
1789130194724572400,144.1305725097656,-0.4842996597290039,0.26898193359375,-0.03499293327331543
1789130194740582100,144.14658203125,-0.30570507049560547,0.42503881454467773,0.2486579418182373
1789130194756589000,144.16258911132812,-0.10564374923706055,0.2202754020690918,0.39583277702331543
1789130194772600300,144.17860034179688,0.4544248580932617,0.11877155303955078,0.39818501472473145
1789130194788612000,144.1946120605469,0.43465757369995117,0.10056591033935547,0.4953336715698242
1789130194804625000,144.210625,-1.7613403797149658,-0.2725381851196289,-0.3512091636657715
1789130194820632300,144.22663232421874,-5.262622356414795,0.43538761138916016,-1.0065035820007324
1789130194836634400,144.24263427734374,-2.102670669555664,0.6426596641540527,0.39178013801574707
1789130194852633900,144.2586337890625,0.14725208282470703,0.7642927169799805,1.0347964763641357
1789130194868640300,144.27464013671874,1.2812342643737793,1.0892820358276367,0.30157041549682617
1789130194884642800,144.29064282226562,0.8181967735290527,0.2561459541320801,-0.351118803024292
1789130194900641000,144.30664111328124,-0.7055902481079102,-0.6984186172485352,-0.2870306968688965
1789130194916638200,144.32263818359374,-1.363511085510254,-0.9959397315979004,-0.7413928508758545
1789130194932637200,144.33863720703124,-0.5958805084228516,-0.44204139709472656,-0.7954635620117188
1789130194948639200,144.35463916015624,1.0715947151184082,0.17156553268432617,0.5008563995361328
1789130194964639700,144.3706396484375,3.2238168716430664,0.29064512252807617,1.111535906791687
1789130194980640000,144.38663989257813,4.462641716003418,0.1847214698791504,0.8950490951538086
1789130194996639000,144.40263891601563,2.290247917175293,0.10372066497802734,0.5164494514465332
1789130195012637200,144.41863720703125,0.7867746353149414,-0.28969860076904297,-0.4938476085662842
1789130195028642000,144.43464208984375,-1.0837583541870117,-0.3510928153991699,-0.5804262161254883
1789130195044647200,144.45064721679688,-3.2886476516723633,-0.011731147766113281,-1.0117380619049072
1789130195060653300,144.4666533203125,-2.891080379486084,0.8294110298156738,-1.0682368278503418
1789130195076653600,144.48265356445313,0.44542932510375977,0.12247896194458008,0.4464247226715088
1789130195092653300,144.4986533203125,2.387187957763672,-0.22852468490600586,1.0148171186447144
1789130195108654600,144.51465454101563,2.4579544067382812,-0.04910564422607422,0.4411485195159912
1789130195124658400,144.53065844726564,0.5281558036804199,-0.32122802734375,0.0005638599395751953
1789130195140658200,144.546658203125,-0.5918178558349609,-0.2349867820739746,-0.4264655113220215
1789130195156658200,144.562658203125,-0.6995282173156738,0.12865591049194336,-0.4158492088317871
1789130195172655900,144.57865576171875,-0.17058324813842773,0.5570316314697266,0.30586791038513184
1789130195196658400,144.6026584472656,0.3408365249633789,0.5873451232910156,1.1550812721252441
1789130195212660500,144.61866040039064,-0.16311359405517578,0.12412261962890625,1.0902119874954224
1789130195228669000,144.6346689453125,-2.50248122215271,-0.26624393463134766,-0.23881983757019043
1789130195244676600,144.65067651367187,-4.514826774597168,0.08194255828857422,-1.5729608535766602
1789130195260687400,144.6666872558594,-0.681157112121582,0.034668922424316406,-0.1414475440979004
1789130195276697000,144.6826970214844,1.4935493469238281,0.11905384063720703,0.46574831008911133
1789130195292707800,144.69870776367188,1.278007984161377,-0.11452388763427734,0.10999131202697754
1789130195308717300,144.71471728515624,-0.5839495658874512,-0.5235447883605957,-0.18193650245666504
1789130195324726800,144.73072680664063,-1.8009872436523438,-0.49745702743530273,-0.7381219863891602
1789130195340741400,144.74674145507814,-1.4904522895812988,0.013802528381347656,-0.8522076606750488
1789130195356754400,144.76275439453124,-0.5167484283447266,0.17457866668701172,-0.27779459953308105
1789130195372763000,144.77876293945312,1.3256340026855469,0.35852909088134766,0.11065340042114258
1789130195388770800,144.79477075195314,2.2502784729003906,-0.01799774169921875,0.2960357666015625
1789130195404770000,144.81077001953125,1.4731011390686035,-0.6074137687683105,0.09426450729370117
1789130195420772900,144.82677294921876,-0.10484504699707031,-0.8304219245910645,-0.3266291618347168
1789130195436774100,144.84277416992188,-2.5932133197784424,0.05362987518310547,-0.7535276412963867
1789130195452775400,144.858775390625,-1.8375377655029297,0.7085075378417969,-0.8483476638793945
1789130195468772600,144.87477270507813,-1.0317940711975098,0.4585113525390625,0.2020869255065918
1789130195484777200,144.89077709960938,0.05508899688720703,0.1568608283996582,0.33859825134277344
1789130195500786200,144.9067861328125,0.6275830268859863,-0.06956148147583008,0.19295859336853027
1789130195516791800,144.92279174804688,0.7456836700439453,0.030388355255126953,-0.037383079528808594
1789130195532803000,144.93880297851564,-0.44509077072143555,0.07999134063720703,-0.3111395835876465
1789130195548811300,144.95481127929688,0.12873077392578125,0.4962892532348633,-0.612438440322876
1789130195564816100,144.97081616210937,1.3839058876037598,0.2556114196777344,-0.4783306121826172
1789130195580820700,144.98682080078126,1.2120656967163086,0.13435077667236328,-0.23422837257385254
1789130195596822300,145.002822265625,0.511040210723877,0.2260451316833496,-0.17612147331237793
1789130195612830500,145.01883056640625,0.46347999572753906,0.4051361083984375,-0.39407825469970703
1789130195628840400,145.03484033203125,0.23479080200195312,0.1553974151611328,-0.7441465854644775
1789130195644856600,145.05085668945313,-0.5334601402282715,0.014294624328613281,-0.7461082935333252
1789130195660870100,145.0668701171875,-1.1284785270690918,0.19058847427368164,-0.3961446285247803
1789130195676883000,145.0828830566406,-0.36745786666870117,0.666658878326416,0.751262903213501
1789130195692893700,145.09889379882813,2.5686845779418945,0.4381723403930664,1.837843418121338
1789130195708900400,145.114900390625,3.0438413619995117,-0.16782712936401367,1.9925308227539062
1789130195724909000,145.13090893554687,2.6591978073120117,-0.7257704734802246,0.5234577655792236
1789130195740919800,145.146919921875,1.5832781791687012,-0.5963864326477051,-0.592535138130188
1789130195756926700,145.1629267578125,0.11384439468383789,-0.5005707740783691,-1.0666470527648926
1789130195772936200,145.17893627929686,-0.6169910430908203,-0.42119741439819336,-0.7385510206222534
1789130195788948500,145.19494848632812,-1.3036847114562988,-0.3191795349121094,-0.21106910705566406
1789130195804964600,145.21096459960938,-1.8196008205413818,-0.28560638427734375,0.15919101238250732
1789130195820973000,145.22697314453126,-1.8730716705322266,0.06085681915283203,0.6324936151504517
1789130195836982800,145.24298266601562,-1.4635009765625,0.11172771453857422,0.559840977191925
1789130195852993000,145.25899291992187,-1.1800546646118164,0.1223907470703125,0.606803297996521
1789130195869005300,145.27500537109376,-0.8541669845581055,0.0021514892578125,0.6697592735290527
1789130195885017900,145.29101782226562,-0.4921855926513672,-0.20097827911376953,0.5388516783714294
1789130195901030400,145.3070305175781,-0.1689314842224121,-0.2108469009399414,0.21161770820617676
1789130195917044200,145.32304418945313,-0.3794074058532715,-0.36992645263671875,-0.019516825675964355
1789130195933054200,145.33905419921874,-0.517852783203125,-0.16244983673095703,-0.019198060035705566
1789130195949060000,145.35506005859375,-0.4720492362976074,0.06043720245361328,-0.10451865196228027
1789130195965075000,145.37107495117186,-0.2891840934753418,0.12387275695800781,0.0008993148803710938
1789130195981089000,145.38708911132812,-0.18254566192626953,0.1322002410888672,0.1706540584564209
1789130195997102800,145.40310278320314,-0.3946681022644043,0.08151817321777344,0.3248790502548218
1789130196013116200,145.4191162109375,-0.7105178833007812,0.37683677673339844,0.564983069896698
1789130196029125600,145.43512573242188,-0.7199091911315918,0.3017263412475586,-0.07574033737182617
1789130196045137000,145.45113696289062,0.19784069061279297,-0.32526588439941406,-0.4368394613265991
1789130196061148000,145.46714794921874,0.7640352249145508,-0.3821125030517578,-0.02768087387084961
1789130196077154300,145.483154296875,0.7356610298156738,-0.08854103088378906,0.3246893882751465
1789130196093163300,145.49916333007812,0.10497665405273438,0.3976774215698242,0.6209617853164673
1789130196109174800,145.5151748046875,-0.7583122253417969,0.38695573806762695,0.5734337568283081
1789130196125187000,145.53118701171874,-0.9646720886230469,0.1338820457458496,-0.2639634609222412
1789130196141194200,145.5471943359375,-0.09427499771118164,0.41170501708984375,-0.4382745027542114
1789130196157199400,145.56319946289062,1.3000564575195312,0.06238126754760742,-0.1742839813232422
1789130196181206500,145.58720654296874,1.032463550567627,-0.44452857971191406,0.08619976043701172
1789130196197209300,145.60320922851562,0.5697612762451172,-0.40820932388305664,-0.3397364616394043
1789130196213214500,145.61921435546876,0.0889430046081543,-0.23810482025146484,-0.32869482040405273
1789130196229222700,145.63522265625,-0.31658172607421875,-0.11538982391357422,-0.37992024421691895
1789130196245231400,145.6512314453125,-0.6678962707519531,0.0779581069946289,-0.2024005651473999
1789130196261246500,145.66724658203125,-0.5722188949584961,0.1588916778564453,0.008145570755004883
1789130196277261000,145.68326098632812,-0.08807659149169922,0.10611820220947266,-0.019707202911376953
1789130196293270800,145.69927075195312,0.13309431076049805,-0.2024679183959961,-0.04613685607910156
1789130196309282800,145.71528271484374,-0.06354904174804688,-0.3160209655761719,-0.1683887243270874
1789130196325289700,145.73128979492188,-0.17850685119628906,-0.2917208671569824,-0.22247886657714844
1789130196341295000,145.74729516601562,-0.05784320831298828,-0.2648911476135254,-0.2978023290634155
1789130196357299200,145.76329931640626,-0.019376754760742188,-0.2043895721435547,-0.1708226203918457
1789130196373306400,145.77930639648437,-0.07969236373901367,-0.06836414337158203,-0.05494880676269531
1789130196389307000,145.79530688476564,-0.16117238998413086,0.05147886276245117,-0.010838747024536133
1789130196405317400,145.8113173828125,-0.2740802764892578,0.1667032241821289,0.08069062232971191
1789130196421318400,145.827318359375,-0.1339879035949707,0.27016687393188477,0.2649787664413452
1789130196437320400,145.84332055664063,0.026449203491210938,0.2950439453125,0.3477203845977783
1789130196453322200,145.859322265625,0.016433238983154297,0.23857402801513672,0.24960243701934814
1789130196469327400,145.87532739257813,0.08131170272827148,0.13510751724243164,0.12606704235076904
1789130196485334000,145.891333984375,0.2662181854248047,0.0496668815612793,0.0317685604095459
1789130196501345500,145.90734545898437,0.2979297637939453,0.0032639503479003906,0.0632408857345581
1789130196517358000,145.92335815429686,0.2561173439025879,-0.039353370666503906,0.011510133743286133
1789130196533374500,145.93937451171874,-0.04233407974243164,-0.052460670471191406,0.07263791561126709
1789130196557395500,145.9633955078125,-0.27086734771728516,0.017073631286621094,0.030032753944396973
1789130196573405000,145.97940502929688,-0.2938694953918457,0.09908485412597656,0.03904986381530762
1789130196589414400,145.9954143066406,-0.16114568710327148,0.07671308517456055,0.022982001304626465
1789130196605428700,146.0114287109375,-0.01004934310913086,0.010628223419189453,-0.00665128231048584
1789130196629441000,146.03544091796874,0.3846449851989746,-0.047959327697753906,-0.03213942050933838
1789130196645456100,146.0514560546875,0.3078794479370117,-0.07314682006835938,0.001638650894165039
1789130196661473800,146.06747387695313,0.08544921875,-0.04639244079589844,-0.02764439582824707
1789130196677485000,146.08348510742186,-0.03922605514526367,-0.04047441482543945,-0.09646940231323242
1789130196693502500,146.09950244140626,-0.11006546020507812,-0.02837991714477539,-0.1321779489517212
1789130196709522200,146.11552221679688,-0.003226757049560547,0.015043258666992188,-0.06436431407928467
1789130196725543700,146.13154370117186,0.02687549591064453,0.11965513229370117,0.09552276134490967
1789130196741559000,146.14755908203125,0.1835470199584961,0.1547679901123047,0.1518036127090454
1789130196757575000,146.16357495117188,0.26113462448120117,0.07966041564941406,0.1095961332321167
1789130196773593900,146.17959375,0.13771820068359375,-0.007756710052490234,-0.029889225959777832
1789130196789616400,146.19561645507812,0.17810297012329102,-0.10703754425048828,-0.14770615100860596
1789130196805630000,146.2116298828125,0.2901911735534668,-0.2156543731689453,-0.13697421550750732
1789130196821643500,146.2276435546875,0.11970329284667969,-0.2455434799194336,-0.14718663692474365
1789130196837655600,146.24365551757813,-0.21762800216674805,-0.08194303512573242,-0.11585986614227295
1789130196853675500,146.2596755371094,-0.4510636329650879,0.09004449844360352,-0.09320175647735596
1789130196869691100,146.27569116210938,-0.2394404411315918,0.005482673645019531,-0.05197179317474365
1789130196885708300,146.29170825195314,-0.05564594268798828,-0.00432586669921875,0.15941894054412842
1789130196901723000,146.30772290039062,0.0011081695556640625,0.11401128768920898,0.16381633281707764
1789130196917737000,146.32373706054688,-0.10533666610717773,0.1908097267150879,0.09729516506195068
1789130196933751800,146.33975170898438,-0.09870672225952148,0.12495088577270508,0.0818634033203125
1789130196949763000,146.35576318359375,-0.017074108123779297,0.03655815124511719,0.02907705307006836
1789130196965778000,146.37177783203126,0.024688243865966797,-0.007445812225341797,-0.008833885192871094
1789130196981795300,146.38779541015626,0.1428384780883789,-0.008658885955810547,0.013137459754943848
1789130196997811200,146.4038112792969,0.18792724609375,0.02567577362060547,0.04355597496032715
1789130197013825300,146.4198251953125,0.05457735061645508,0.05779743194580078,0.05616641044616699
1789130197029843200,146.43584326171876,0.011574268341064453,0.05181074142456055,0.04835665225982666
1789130197045858300,146.4518583984375,0.11768960952758789,0.016303539276123047,0.029551386833190918
1789130197061878000,146.4678779296875,0.0779876708984375,-0.020553112030029297,0.05622720718383789
1789130197077896700,146.48389672851562,-0.14701509475708008,0.05752849578857422,0.1257385015487671
1789130197093919700,146.49991967773437,-0.25144100189208984,0.17220115661621094,0.2103714942932129
1789130197109938700,146.51593872070313,-0.2175426483154297,0.12447738647460938,0.2661386728286743
1789130197125954000,146.5319541015625,-0.29258108139038086,0.015115737915039062,0.20826196670532227
1789130197141970400,146.54797045898437,-0.33307456970214844,-0.03174877166748047,0.17821836471557617
1789130197157989000,146.5639890136719,-0.18187952041625977,-0.15456247329711914,-0.054932236671447754
1789130197174008800,146.5800087890625,-0.051445960998535156,-0.30330514907836914,-0.20564043521881104
1789130197190028000,146.59602807617188,0.1347804069519043,-0.3270597457885742,-0.22565436363220215
1789130197206040800,146.61204077148437,0.6174745559692383,-0.24965715408325195,-0.23049426078796387
1789130197222053600,146.6280537109375,0.578974723815918,-0.2912616729736328,0.01369011402130127
1789130197238070000,146.64407006835938,0.3410778045654297,-0.303896427154541,-0.029551029205322266
1789130197254087700,146.66008764648439,0.20668363571166992,-0.24650049209594727,-0.20177197456359863
1789130197270101200,146.67610131835937,0.0676569938659668,-0.23717403411865234,-0.2512686252593994
1789130197286114800,146.69211474609375,-0.16576433181762695,-0.19279241561889648,-0.25829601287841797
1789130197302132500,146.7081325683594,-0.12370586395263672,-0.07229804992675781,-0.34678757190704346
1789130197318147600,146.72414770507814,0.2253885269165039,-0.0030107498168945312,-0.25585079193115234
1789130197334155500,146.74015551757813,0.4295673370361328,-0.04187917709350586,0.0488431453704834
1789130197350165500,146.75616552734374,0.33356380462646484,-0.02669048309326172,0.21841895580291748
1789130197366178300,146.77217822265624,0.21049785614013672,-0.0051708221435546875,0.057680606842041016
1789130197382192000,146.7881921386719,0.16044282913208008,-0.012824535369873047,-0.2273193597793579
1789130197398208000,146.8042080078125,0.12461280822753906,-0.06419086456298828,-0.22432458400726318
1789130197414220800,146.820220703125,0.24195098876953125,0.052224159240722656,0.12280333042144775
1789130197430229000,146.83622900390625,0.1564345359802246,0.21239852905273438,0.24967098236083984
1789130197446242000,146.8522419433594,-0.001583099365234375,0.31670284271240234,0.11656630039215088
1789130197462257200,146.86825708007814,0.1928858757019043,0.09134197235107422,-0.10092318058013916
1789130197478267000,146.88426684570314,0.09161186218261719,0.05707073211669922,-0.3616788387298584
1789130197494275000,146.90027514648438,-0.5104713439941406,-0.07935810089111328,-0.5537923574447632
1789130197510287000,146.916287109375,-0.5888018608093262,0.03736305236816406,-0.4609372615814209
1789130197526303500,146.93230346679687,-0.531531810760498,-0.08080768585205078,-0.035857200622558594
1789130197542323500,146.94832348632812,-0.23502063751220703,-0.1657571792602539,0.152746319770813
1789130197558340900,146.9643408203125,0.033917903900146484,-0.1298656463623047,0.18657958507537842
1789130197574358300,146.98035815429688,0.016702651977539062,-0.14189624786376953,0.22621440887451172
1789130197590376200,146.99637622070313,-0.09214162826538086,-0.02830982208251953,0.1058884859085083
1789130197606400000,147.01239990234376,-0.1303882598876953,0.03921031951904297,-0.07604944705963135
1789130197622424000,147.02842407226564,-0.1103363037109375,0.0010004043579101562,-0.08948314189910889
1789130197638441500,147.04444140625,-0.17025518417358398,0.005553245544433594,-0.005074858665466309
1789130197654466600,147.06046655273437,-0.22532987594604492,0.14454174041748047,0.13738536834716797
1789130197670493700,147.07649365234374,-0.1558675765991211,0.40650463104248047,0.21927547454833984
1789130197686510300,147.09251025390626,-0.20555543899536133,0.3450307846069336,0.0027033090591430664
1789130197702520800,147.10852075195314,-0.34093570709228516,0.20115089416503906,-0.15256917476654053
1789130197718539000,147.1245390625,-0.23653507232666016,0.1210641860961914,-0.23263037204742432
1789130197734553000,147.14055297851561,-0.19266176223754883,0.25856494903564453,-0.16025829315185547
1789130197750565000,147.15656518554687,-0.34075403213500977,0.3750152587890625,-0.01733982563018799
1789130197766574800,147.17257495117187,-0.5022420883178711,0.3077573776245117,-0.00019311904907226562
1789130197782583300,147.18858325195313,-0.48448896408081055,0.2516145706176758,0.12924599647521973
1789130197798590700,147.2045908203125,-0.19324636459350586,0.17855167388916016,0.26679444313049316
1789130197814601000,147.22060107421876,0.4241652488708496,0.18942832946777344,0.4217332601547241
1789130197830616000,147.23661596679688,1.1622614860534668,0.1771697998046875,0.4586843252182007
1789130197846640600,147.252640625,1.46641206741333,0.06185150146484375,0.3179299831390381
1789130197862659600,147.26865966796876,1.306443691253662,0.028512954711914062,0.14291977882385254
1789130197878671400,147.28467138671874,0.5391697883605957,-0.036566734313964844,-0.02250504493713379
1789130197894683600,147.30068359375,-0.30400514602661133,-0.12487411499023438,-0.2678415775299072
1789130197910701000,147.316701171875,-0.7739982604980469,-0.1292428970336914,-0.3533618450164795
1789130197926721800,147.3327216796875,-0.7036490440368652,-0.059993743896484375,-0.2240767478942871
1789130197942734600,147.34873461914063,-0.26123714447021484,0.013866424560546875,-0.05525326728820801
1789130197958754600,147.36475463867188,-0.049746036529541016,-0.012719154357910156,-0.008348464965820312
1789130197974775800,147.38077587890626,0.11098003387451172,0.0029449462890625,0.06849145889282227
1789130197990795800,147.39679565429688,0.039175987243652344,-0.07712173461914062,-0.01727771759033203
1789130198006819800,147.41281982421876,-0.10094356536865234,-0.10703563690185547,-0.0881352424621582
1789130198022842000,147.42884204101563,-0.16846990585327148,-0.13891887664794922,-0.22516989707946777
1789130198038860300,147.4448603515625,-0.1017141342163086,-0.13996410369873047,-0.183394193649292
1789130198054879700,147.46087963867188,0.25513458251953125,-0.10616874694824219,-0.21509194374084473
1789130198070899500,147.4768994140625,0.30749988555908203,-0.16612625122070312,-0.20909929275512695
1789130198086914600,147.49291455078125,0.24191856384277344,-0.0950469970703125,-0.22906804084777832
1789130198102932700,147.5089326171875,0.16214704513549805,-0.013220787048339844,-0.12624168395996094
1789130198118948900,147.52494897460937,0.03280019760131836,-0.023848533630371094,-0.012132883071899414
1789130198134961400,147.54096142578126,-0.19643688201904297,-0.05507373809814453,-0.034332275390625
1789130198150977800,147.55697778320314,-0.0005850791931152344,0.04207038879394531,-0.012877225875854492
1789130198166995700,147.57299560546875,0.05454254150390625,0.10431671142578125,0.15392684936523438
1789130198183012400,147.58901245117187,-0.11193275451660156,0.11771488189697266,0.1576526165008545
1789130198199030500,147.60503051757811,-0.164398193359375,0.0508880615234375,-0.008810758590698242
1789130198215047400,147.62104736328126,-0.13792657852172852,-0.00992584228515625,-0.004179954528808594
1789130198231066600,147.63706665039064,-0.011293888092041016,-0.004128456115722656,-0.04040122032165527
1789130198247084800,147.65308471679688,0.03788328170776367,-0.10215950012207031,-0.05089116096496582
1789130198263111200,147.66911108398438,0.06149148941040039,-0.13633155822753906,-0.06597709655761719
1789130198279129600,147.68512963867187,-0.028245925903320312,-0.09074592590332031,-0.11244940757751465
1789130198295143400,147.70114331054688,-0.15500354766845703,0.05265617370605469,-0.04944014549255371
1789130198311154700,147.71715478515625,-0.13394880294799805,0.12810611724853516,0.06334948539733887
1789130198327167700,147.7331677246094,0.0618596076965332,0.1759033203125,0.08575892448425293
1789130198343179300,147.74917919921876,0.030242443084716797,0.13099288940429688,0.09026336669921875
1789130198359194400,147.7651943359375,-0.06917858123779297,0.04452800750732422,0.02698683738708496
1789130198375206700,147.78120654296876,-0.017426490783691406,-0.040511131286621094,-0.08845734596252441
1789130198391220500,147.79722045898438,0.006590366363525391,-0.05455207824707031,-0.1185617446899414
1789130198407236000,147.81323608398438,-0.12051677703857422,-0.11842823028564453,-0.15589332580566406
1789130198423252200,147.82925219726562,-0.09887409210205078,-0.10687732696533203,-0.09643197059631348
1789130198439266600,147.8452666015625,0.019501686096191406,-0.1257944107055664,-0.12256741523742676
1789130198455280400,147.8612802734375,-0.0361790657043457,-0.08460426330566406,-0.12074685096740723
1789130198471294700,147.87729467773437,-0.14116477966308594,0.02867412567138672,-0.02068924903869629
1789130198487309000,147.89330908203124,-0.09178352355957031,0.10126876831054688,0.055941104888916016
1789130198503321300,147.9093212890625,-0.13130807876586914,0.07589435577392578,0.08326244354248047
1789130198519335700,147.9253356933594,-0.15955162048339844,0.03409290313720703,0.017835140228271484
1789130198535352600,147.9413525390625,0.024322509765625,0.046077728271484375,0.06837201118469238
1789130198551371500,147.95737158203124,0.2338848114013672,0.052150726318359375,0.051648616790771484
1789130198567390500,147.97339038085937,0.12428951263427734,0.059538841247558594,0.10885858535766602
1789130198583410000,147.98940991210938,0.03150320053100586,0.0939788818359375,0.05534625053405762
1789130198599426000,148.00542602539062,-0.07549905776977539,0.1087350845336914,0.043357133865356445
1789130198615442200,148.0214421386719,-0.17542314529418945,0.110504150390625,0.059348344802856445
1789130198631460600,148.03746069335938,-0.17816162109375,0.08564949035644531,0.04175138473510742
1789130198647473400,148.05347338867188,-0.0854792594909668,0.05928611755371094,0.04819083213806152
1789130198663488000,148.06948803710938,0.0040035247802734375,0.049625396728515625,0.07004666328430176
1789130198687503400,148.09350341796875,0.002773761749267578,0.03162670135498047,0.029763221740722656
1789130198703517400,148.10951733398437,0.06853055953979492,0.036205291748046875,-0.02059149742126465
1789130198719530500,148.1255305175781,0.011962890625,-0.012682914733886719,-0.011359453201293945
1789130198735539500,148.14153955078126,-0.02634143829345703,-0.060683250427246094,-0.07769441604614258
1789130198751549200,148.15754907226562,-0.11853790283203125,-0.055335044860839844,-0.024899005889892578
1789130198767556400,148.17355639648437,0.05424785614013672,0.05593299865722656,0.031737327575683594
1789130198783560700,148.18956079101562,0.49744462966918945,0.12248897552490234,0.11638426780700684
1789130198799562800,148.20556274414062,0.6530442237854004,0.06448793411254883,0.14329028129577637
1789130198815569700,148.22156958007812,0.466062068939209,-0.025127410888671875,-0.029337167739868164
1789130198831579600,148.23757958984376,0.23713207244873047,-0.12027120590209961,-0.15405535697937012
1789130198847593500,148.25359350585939,0.18281221389770508,-0.09005451202392578,-0.11558246612548828
1789130198863608600,148.26960864257813,0.06258249282836914,-0.11260032653808594,-0.14314818382263184
1789130198879622000,148.28562182617188,-0.037648677825927734,0.023715972900390625,-0.1270744800567627
1789130198895634200,148.30163427734374,0.16974306106567383,0.11573314666748047,-0.10089826583862305
1789130198911649500,148.3176494140625,0.3666391372680664,-0.09053993225097656,-0.11497282981872559
1789130198927658800,148.33365869140624,0.19760513305664062,-0.1361227035522461,0.08842992782592773
1789130198943667000,148.3496669921875,-0.2089080810546875,0.016541481018066406,0.13806962966918945
1789130198959678500,148.36567846679688,-0.3749985694885254,0.165435791015625,0.028455495834350586
1789130198975692300,148.3816923828125,-0.1992044448852539,0.24532508850097656,0.12873530387878418
1789130198991704800,148.39770483398436,-0.06022024154663086,0.156890869140625,0.12915253639221191
1789130199007719400,148.41371948242187,-0.45890188217163086,0.2499408721923828,0.17836737632751465
1789130199023723800,148.42972387695312,-1.362194299697876,-0.10506916046142578,-0.013661384582519531
1789130199039733500,148.4457333984375,-0.8569869995117188,-0.2804546356201172,-0.23038744926452637
1789130199055740000,148.46173999023438,-0.2789430618286133,-0.2862977981567383,-0.10976767539978027
1789130199071752700,148.47775268554688,0.2956376075744629,-0.13650798797607422,-0.0433964729309082
1789130199087763700,148.493763671875,0.5811686515808105,-0.04117774963378906,0.034998416900634766
1789130199103770400,148.50977026367187,0.6279439926147461,0.06420612335205078,0.06156277656555176
1789130199119786000,148.52578588867186,0.30839014053344727,0.16432476043701172,0.05315685272216797
1789130199135801000,148.5418010253906,-0.12769269943237305,0.3634920120239258,0.05820345878601074
1789130199151818500,148.5578186035156,-0.36520957946777344,0.43277931213378906,0.07393670082092285
1789130199167827000,148.57382690429688,-0.2263045310974121,0.24897384643554688,-0.057639360427856445
1789130199183838500,148.58983837890625,0.13581085205078125,-0.03200531005859375,-0.1776876449584961
1789130199199842000,148.60584204101562,0.28862810134887695,-0.35839271545410156,-0.32746291160583496
1789130199215851300,148.62185131835938,0.2992987632751465,-0.13555431365966797,-0.2422008514404297
1789130199231860700,148.63786083984374,0.0829625129699707,0.08514690399169922,-0.014787673950195312
1789130199247872500,148.65387255859375,-0.07720470428466797,0.1359090805053711,0.14236998558044434
1789130199263884500,148.66988452148436,-0.05440378189086914,0.07495689392089844,0.09685373306274414
1789130199279896300,148.68589624023437,0.08763885498046875,0.17221355438232422,0.14190053939819336
1789130199295911400,148.70191137695312,0.128936767578125,0.12347412109375,0.13632774353027344
1789130199311925800,148.71792578125,0.10257244110107422,-0.0041255950927734375,-0.021026611328125
1789130199327942100,148.73394213867186,0.14455175399780273,-0.04202079772949219,-0.09879302978515625
1789130199343953400,148.74995336914063,0.1026458740234375,-0.0235443115234375,-0.07938671112060547
1789130199359963400,148.76596337890626,-0.08047246932983398,-0.04440784454345703,-0.02446150779724121
1789130199375971800,148.78197192382814,-0.29392480850219727,-0.07396125793457031,-0.041840553283691406
1789130199391985000,148.79798486328124,-0.36202049255371094,-0.02052783966064453,0.006439208984375
1789130199407994400,148.81399438476564,-0.37433385848999023,0.00958251953125,-0.00929403305053711
1789130199424002800,148.8300029296875,-0.29081249237060547,-0.008604049682617188,0.007066011428833008
1789130199440011800,148.84601171875,-0.10385560989379883,-0.007040977478027344,0.07371807098388672
1789130199456019200,148.86201928710938,0.20655393600463867,0.11018085479736328,0.10714340209960938
1789130199472027600,148.8780275878906,0.20400524139404297,0.07391643524169922,0.09449553489685059
1789130199488038400,148.89403833007813,0.0005917549133300781,-0.038207054138183594,-0.15875601768493652
1789130199504045600,148.91004565429688,0.0663304328918457,-0.04352569580078125,-0.22897982597351074
1789130199520055000,148.92605493164064,0.33246803283691406,0.022184371948242188,-0.10779762268066406
1789130199536076800,148.94207690429687,0.379819393157959,0.007676124572753906,0.0004258155822753906
1789130199552093400,148.95809350585938,0.11390924453735352,0.0007162094116210938,-0.050438880920410156
1789130199568107800,148.9741076660156,-0.061957359313964844,0.12288093566894531,0.0729372501373291
1789130199584124200,148.99012426757812,0.024537086486816406,0.1982097625732422,0.23615705966949463
1789130199600134000,149.0061337890625,-0.012674808502197266,0.07417869567871094,0.14978241920471191
1789130199616147700,149.0221477050781,-0.2154374122619629,-0.028177261352539062,-0.010118961334228516
1789130199632161800,149.03816186523437,-0.0444488525390625,-0.03263664245605469,-0.07246255874633789
1789130199648175400,149.05417529296875,0.13713788986206055,-0.047774314880371094,-0.05519413948059082
1789130199664192300,149.07019213867187,0.16927766799926758,-0.050884246826171875,-0.10468173027038574
1789130199680206600,149.08620654296874,0.023317337036132812,0.06248188018798828,-0.013653039932250977
1789130199696217900,149.1022177734375,0.08167266845703125,0.14897632598876953,0.07387280464172363
1789130199712225500,149.1182255859375,-0.005871295928955078,0.05758476257324219,0.06909871101379395
1789130199728230700,149.13423071289063,-0.20134687423706055,0.030592918395996094,-0.015043497085571289
1789130199744242400,149.15024243164063,-0.2378535270690918,0.053603172302246094,-0.00946497917175293
1789130199760254200,149.1662541503906,-0.1681995391845703,-0.0075321197509765625,-0.0008912086486816406
1789130199776268300,149.18226831054687,-0.16802501678466797,-0.052542686462402344,-0.058507442474365234
1789130199792282600,149.19828271484374,-0.1864628791809082,-0.05201530456542969,-0.13151097297668457
1789130199808300500,149.21430053710938,-0.07126522064208984,-0.09145164489746094,-0.06641578674316406
1789130199824316200,149.23031616210938,0.031899452209472656,-0.05773735046386719,0.05024361610412598
1789130199840329000,149.24632885742187,0.2654128074645996,0.04209613800048828,0.046036720275878906
1789130199856344600,149.26234448242187,0.1759018898010254,0.027807235717773438,-0.022324323654174805
1789130199872359200,149.27835913085937,0.04167985916137695,0.010787010192871094,-0.06955122947692871
1789130199888370200,149.2943701171875,0.04295539855957031,0.025651931762695312,-0.019035816192626953
1789130199904382000,149.3103818359375,0.05434560775756836,0.011500358581542969,0.02692580223083496
1789130199920394200,149.32639428710937,0.2182936668395996,0.09405994415283203,0.07964849472045898
1789130199936405500,149.34240551757813,0.27907419204711914,0.0948781967163086,0.0743405818939209
1789130199952418800,149.35841870117187,0.1082453727722168,0.04666709899902344,0.005204677581787109
1789130199968431000,149.37443115234376,-0.07271957397460938,0.04635334014892578,-0.06531548500061035
1789130199984445700,149.39044580078124,-0.06406927108764648,0.008337020874023438,-0.01385951042175293
1789130200000457000,149.40645703125,0.100555419921875,0.01898479461669922,0.030666112899780273
1789130200016467000,149.42246704101564,0.07094001770019531,0.052628517150878906,0.057628631591796875
1789130200032480800,149.43848071289062,-0.025752544403076172,0.02906322479248047,0.013637304306030273
1789130200048496600,149.45449658203125,-0.11568117141723633,0.031307220458984375,0.04171943664550781
1789130200064513300,149.47051318359374,-0.18008136749267578,0.05968284606933594,0.03191328048706055
1789130200080525800,149.48652587890626,-0.16191673278808594,0.07143688201904297,0.04188179969787598
1789130200096539400,149.5025393066406,-0.2232956886291504,-0.014430999755859375,-0.03507256507873535
1789130200112552700,149.518552734375,-0.45616912841796875,-0.058452606201171875,-0.09878349304199219
1789130200128564200,149.53456420898436,-0.3702235221862793,-0.035572052001953125,-0.13814544677734375
1789130200144581400,149.55058129882812,0.01852893829345703,-0.07941007614135742,-0.06641077995300293
1789130200160600600,149.5666005859375,0.587648868560791,-0.0647740364074707,0.09349942207336426
1789130200176617200,149.5826171875,0.7885537147521973,-0.05564069747924805,0.13859891891479492
1789130200192631300,149.59863134765624,0.47705698013305664,0.02804279327392578,0.126420259475708
1789130200208644900,149.61464477539062,0.1722726821899414,0.050787925720214844,-0.0218045711517334
1789130200224651800,149.63065185546876,0.08729314804077148,0.021838665008544922,-0.15464258193969727
1789130200240660000,149.64665991210939,-0.07918310165405273,-0.05979204177856445,-0.09172797203063965
1789130200256669400,149.66266943359375,-0.22438335418701172,0.01185750961303711,-0.03432488441467285
1789130200272682200,149.67868212890625,-0.14003944396972656,0.052280426025390625,0.020277976989746094
1789130200288703000,149.69470288085938,-0.041866302490234375,0.04322624206542969,0.060776472091674805
1789130200304717000,149.7107170410156,0.1247105598449707,-0.03479433059692383,-0.06409263610839844
1789130200320720600,149.726720703125,0.10583162307739258,-0.056397438049316406,-0.03654980659484863
1789130200336732700,149.74273266601563,0.10560083389282227,0.01886606216430664,0.016423702239990234
1789130200352740900,149.75874096679686,0.03069162368774414,0.07804441452026367,0.058185577392578125
1789130200368746200,149.77474633789063,0.08513212203979492,0.0793614387512207,0.07459282875061035
1789130200384755200,149.79075512695312,0.16443777084350586,0.07081413269042969,0.09702563285827637
1789130200400757500,149.8067575683594,0.17474794387817383,0.03713274002075195,0.06480646133422852
1789130200416765700,149.822765625,0.04341888427734375,-0.0450897216796875,-0.03653287887573242
1789130200432777200,149.8387770996094,-0.1403369903564453,-0.017624378204345703,-0.019292354583740234
1789130200448788000,149.8547880859375,-0.16724920272827148,0.03383207321166992,-0.00013589859008789062
1789130200464795400,149.87079541015626,-0.14728546142578125,0.03755807876586914,0.10318231582641602
1789130200480807400,149.88680737304688,-0.017426490783691406,0.0458674430847168,0.1045229434967041
1789130200496822800,149.90282275390626,0.08460760116577148,0.0013990402221679688,0.02161097526550293
1789130200512833800,149.91883374023436,0.11036920547485352,-0.05272054672241211,-0.05590963363647461
1789130200528840200,149.93484008789062,0.13799810409545898,-0.017251014709472656,-0.06218862533569336
1789130200544851200,149.95085131835938,-0.005502223968505859,-0.05400705337524414,-0.06195211410522461
1789130200560857000,149.96685717773437,-0.13217639923095703,-0.0554966926574707,-0.14719223976135254
1789130200576868900,149.98286889648438,-0.08743095397949219,-0.020225048065185547,-0.11975884437561035
1789130200592881400,149.99888134765624,0.03142976760864258,0.021597862243652344,-0.024967670440673828
1789130200608892200,150.01489208984376,0.0956263542175293,0.05086708068847656,0.03339982032775879
1789130200624902400,150.03090234375,0.14545154571533203,0.06142854690551758,0.016839265823364258
1789130200640916000,150.046916015625,0.07284307479858398,0.013638019561767578,0.00695490837097168
1789130200656922400,150.06292236328125,-0.05095720291137695,-0.024785995483398438,-0.03824949264526367
1789130200672924400,150.07892431640624,-0.15270090103149414,-0.009618282318115234,-0.00816655158996582
1789130200688927700,150.094927734375,-0.24874591827392578,-0.029697418212890625,0.004356861114501953
1789130200704928000,150.11092797851563,-0.3056912422180176,0.00569915771484375,-0.021164417266845703
1789130200720934100,150.12693408203126,-0.21379804611206055,0.034015655517578125,0.037433624267578125
1789130200736936200,150.14293627929686,-0.03763580322265625,0.03403759002685547,0.08763408660888672
1789130200752944600,150.15894458007813,0.4816780090332031,0.03818035125732422,0.06848001480102539
1789130200768949500,150.17494946289062,0.7101473808288574,-0.07351255416870117,0.031068086624145508
1789130200784953900,150.19095385742187,0.4357938766479492,-0.07659149169921875,0.004258155822753906
1789130200800957700,150.20695776367188,0.2574787139892578,0.018721580505371094,-0.07113289833068848
1789130200816960300,150.22296020507812,0.19214391708374023,0.10346412658691406,-0.005128145217895508
1789130200832964000,150.23896411132813,-0.011919498443603516,0.11733341217041016,0.007083415985107422
1789130200848975000,150.25497509765626,-0.23421239852905273,0.08533382415771484,-0.05875730514526367
1789130200864985600,150.27098559570314,-0.2427048683166504,0.0419621467590332,-0.028275251388549805
1789130200880991500,150.28699145507812,-0.08587121963500977,0.06919336318969727,0.07531857490539551
1789130200896993500,150.30299365234376,0.08781099319458008,0.11291837692260742,0.13785600662231445
1789130200912995800,150.31899584960937,0.10271787643432617,0.07788848876953125,0.149888277053833
1789130200929000000,150.335,0.06727266311645508,-0.00977325439453125,0.07135224342346191
1789130200945009700,150.351009765625,-0.10790109634399414,-0.06219768524169922,-0.008687257766723633
1789130200961024300,150.36702416992188,-0.13847780227661133,-0.0874323844909668,-0.11613011360168457
1789130200977036500,150.38303662109374,-0.2266225814819336,-0.16084766387939453,-0.17226362228393555
1789130200993046300,150.39904638671874,-0.30387306213378906,-0.15558147430419922,-0.21521234512329102
1789130201009052200,150.41505224609375,-0.16637945175170898,-0.10873270034790039,-0.14029169082641602
1789130201025063200,150.43106323242188,-0.056571006774902344,-0.05465507507324219,-0.03720521926879883
1789130201041072000,150.4470720214844,0.11383390426635742,-0.022531986236572266,-0.0889596939086914
1789130201057076000,150.46307592773437,0.30019378662109375,-0.0630040168762207,-0.06772804260253906
1789130201073084700,150.47908471679688,0.3988761901855469,-0.06252241134643555,-0.0891110897064209
1789130201089093000,150.4950930175781,0.35038042068481445,-0.075469970703125,-0.14285039901733398
1789130201105099800,150.51109985351562,0.1710362434387207,-0.0384063720703125,-0.11677980422973633
1789130201121105000,150.52710498046875,0.0801553726196289,0.015683650970458984,-0.09282803535461426
1789130201137110800,150.54311083984376,-0.11041688919067383,0.040497779846191406,0.01748824119567871
1789130201153113600,150.55911352539061,-0.14194107055664062,0.1105499267578125,0.07344388961791992
1789130201169120800,150.57512084960936,-0.07725334167480469,0.07396078109741211,0.12650680541992188
1789130201185133600,150.5911335449219,-0.11900854110717773,0.057909488677978516,0.11967158317565918
1789130201201141500,150.6071416015625,-0.12790918350219727,0.09498357772827148,0.09839367866516113
1789130201217145000,150.62314501953125,-0.12711238861083984,0.0790400505065918,0.10487580299377441
1789130201233146600,150.6391467285156,-0.088287353515625,0.06295156478881836,0.10051846504211426
1789130201249151500,150.6551513671875,0.042125701904296875,0.03679609298706055,0.07672119140625
1789130201265161200,150.6711611328125,0.030458927154541016,0.03404712677001953,0.14116740226745605
1789130201281165800,150.6871657714844,-0.052451133728027344,0.02648448944091797,0.06818127632141113
1789130201297169000,150.7031689453125,-0.11578559875488281,0.013741016387939453,0.03314948081970215
1789130201313173800,150.719173828125,-0.10654878616333008,-0.018692493438720703,-0.040352821350097656
1789130201329178600,150.7351787109375,-0.08797168731689453,-0.018126964569091797,-0.09715986251831055
1789130201345187600,150.7511875,-0.11324501037597656,-0.03174638748168945,0.007507801055908203
1789130201361196000,150.7671960449219,-0.11149263381958008,0.022808074951171875,0.011464357376098633
1789130201377201700,150.78320166015624,-0.06880664825439453,0.031198978424072266,-0.0029540061950683594
1789130201393205000,150.799205078125,-0.056163787841796875,0.021358489990234375,-0.017346858978271484
1789130201409212200,150.81521215820314,0.031617164611816406,0.012128829956054688,-0.028576135635375977
1789130201425221000,150.83122119140626,0.14782190322875977,0.04102134704589844,-0.007780551910400391
1789130201441223000,150.84722290039062,0.2744479179382324,0.026022911071777344,-0.0021812915802001953
1789130201457231600,150.86323168945313,0.426849365234375,0.07190322875976562,0.036597490310668945
1789130201473238500,150.87923852539063,0.41437768936157227,0.09285306930541992,0.04049324989318848
1789130201489239800,150.89523974609375,0.2356257438659668,0.10401725769042969,0.008762359619140625
1789130201505241900,150.91124194335939,0.17607498168945312,0.07746648788452148,-0.0747683048248291
1789130201521244700,150.92724462890624,0.19637155532836914,0.047127723693847656,-0.0868828296661377
1789130201537243600,150.94324365234374,0.23209285736083984,0.011418819427490234,-0.05047869682312012
1789130201553246000,150.95924584960937,0.24496030807495117,0.003627777099609375,-0.07651972770690918
1789130201569252900,150.9752529296875,0.2471446990966797,-0.0018715858459472656,-0.10695862770080566
1789130201585267000,150.99126684570314,0.06663894653320312,-0.03846025466918945,-0.06373786926269531
1789130201601281300,151.00728125,-0.20159149169921875,-0.0676727294921875,-0.06812405586242676
1789130201617295600,151.02329565429687,-0.40239429473876953,-0.12156248092651367,-0.06468987464904785
1789130201633311200,151.03931127929687,-0.5379214286804199,-0.1698012351989746,-0.0674750804901123
1789130201649324800,151.05532470703125,-0.5801000595092773,-0.1449108123779297,-0.08132386207580566
1789130201665331000,151.0713310546875,-0.5263462066650391,-0.12012720108032227,-0.0520329475402832
1789130201681337300,151.08733740234376,-0.39851999282836914,-0.1656956672668457,-0.06216883659362793
1789130201697343200,151.10334326171875,-0.3676900863647461,-0.18107032775878906,-0.146714448928833
1789130201713348000,151.11934814453124,-0.3968195915222168,-0.19521856307983398,-0.055959224700927734
1789130201729355500,151.13535546875,-0.2817068099975586,-0.05887317657470703,0.07468843460083008
1789130201745360400,151.1513603515625,-0.15449094772338867,0.044843196868896484,0.14531278610229492
1789130201761366800,151.16736669921875,-0.014345645904541016,0.0626974105834961,0.045790910720825195
1789130201777364200,151.1833642578125,0.21059894561767578,0.07093095779418945,-0.024105548858642578
1789130201793365200,151.199365234375,0.40551042556762695,0.07010030746459961,0.028890609741210938
1789130201809367300,151.2153671875,0.4772810935974121,0.08347606658935547,0.0990896224975586
1789130201825368000,151.2313681640625,0.4953346252441406,0.08417797088623047,0.07226014137268066
1789130201841366500,151.24736645507812,0.4454178810119629,0.06244039535522461,0.06764912605285645
1789130201857366800,151.26336669921875,0.3429741859436035,0.08860635757446289,0.02031397819519043
1789130201873370600,151.27937060546876,0.3367738723754883,0.1524338722229004,0.0531156063079834
1789130201889377500,151.29537744140626,0.37027931213378906,0.1433720588684082,0.1143331527709961
1789130201905382100,151.31138208007812,0.38666343688964844,0.11430978775024414,0.03889274597167969
1789130201921391400,151.32739135742187,0.2755775451660156,0.08466053009033203,0.052338361740112305
1789130201937399000,151.34339892578126,0.21734237670898438,0.08381843566894531,0.08090496063232422
1789130201953406700,151.35940673828125,0.1429128646850586,0.04775190353393555,0.029650449752807617
1789130201969412400,151.37541235351563,0.043567657470703125,0.03763723373413086,0.030918598175048828
1789130201985422800,151.3914228515625,-0.014786720275878906,0.04462146759033203,0.04603862762451172
1789130202001427000,151.40742700195312,-0.08502006530761719,0.05451536178588867,0.07036948204040527
1789130202017430500,151.42343041992189,-0.16099119186401367,0.06513071060180664,0.11397790908813477
1789130202033437400,151.4394375,-0.1812725067138672,0.01985645294189453,0.024654626846313477
1789130202049449200,151.45544921875,-0.1715221405029297,-0.013171195983886719,0.04139876365661621
1789130202065462000,151.4714619140625,-0.03907155990600586,0.06010007858276367,0.056812286376953125
1789130202081469000,151.4874689941406,0.09543514251708984,0.03159761428833008,0.025342702865600586
1789130202097477600,151.5034775390625,0.03755903244018555,-0.01855754852294922,0.01897883415222168
1789130202113486000,151.51948608398436,-0.07634353637695312,0.006989955902099609,-0.01569962501525879
1789130202129491000,151.53549096679689,-0.19561147689819336,-0.005599498748779297,-0.04174351692199707
1789130202145502000,151.551501953125,-0.19215822219848633,-0.022179126739501953,-0.06472516059875488
1789130202161513700,151.567513671875,-0.11906051635742188,-0.01852130889892578,-0.02250075340270996
1789130202177523500,151.5835234375,-0.062264442443847656,-0.0370025634765625,0.0021927356719970703
1789130202193535500,151.59953540039064,-0.006824016571044922,-0.0879974365234375,-0.06874299049377441
1789130202209548500,151.61554858398438,-0.012898445129394531,-0.0915226936340332,-0.1105196475982666
1789130202225569500,151.63156958007812,-0.09055137634277344,-0.04745960235595703,-0.11443281173706055
1789130202241584400,151.64758447265626,-0.026772499084472656,-0.016047000885009766,-0.11787819862365723
1789130202257599200,151.66359912109374,0.07748270034790039,-0.08289957046508789,-0.12929916381835938
1789130202273619200,151.679619140625,0.09135580062866211,-0.06884622573852539,-0.11225295066833496
1789130202289636900,151.69563696289063,0.07983827590942383,-0.03857231140136719,-0.044621944427490234
1789130202305653200,151.7116533203125,-0.01930522918701172,-0.015906333923339844,0.03577136993408203
1789130202321667800,151.72766772460938,-0.07290792465209961,-0.0003666877746582031,0.03735017776489258
1789130202337686500,151.7436865234375,-0.10705757141113281,0.0002455711364746094,-0.0055370330810546875
1789130202353703200,151.759703125,-0.119354248046875,0.011924266815185547,0.037756919860839844
1789130202369723600,151.7757236328125,-0.002410888671875,0.013346195220947266,-0.017004013061523438
1789130202385738200,151.79173828125,0.020554542541503906,-0.006603240966796875,0.01605987548828125
1789130202401751800,151.80775170898437,0.05706501007080078,0.060298919677734375,0.03504133224487305
1789130202417769500,151.82376953125,0.11387491226196289,0.1594409942626953,0.08094501495361328
1789130202433782000,151.83978198242187,0.15916681289672852,0.16051149368286133,0.08275580406188965
1789130202449790700,151.85579077148438,0.14474868774414062,0.09749603271484375,0.046155691146850586
1789130202465798400,151.87179833984376,0.1601090431213379,0.06725025177001953,0.03354978561401367
1789130202481809000,151.88780883789062,0.08909368515014648,0.08077430725097656,0.11395955085754395
1789130202497821200,151.9038212890625,0.06478404998779297,0.09550714492797852,0.1287243366241455
1789130202513833700,151.91983374023437,-0.01598215103149414,0.0811467170715332,0.09695291519165039
1789130202529850600,151.9358505859375,-0.010549068450927734,0.08554220199584961,0.03018975257873535
1789130202545864700,151.95186474609375,-0.019287109375,0.06575775146484375,0.05876731872558594
1789130202561873200,151.967873046875,-0.0004177093505859375,0.04229307174682617,0.016758203506469727
1789130202577890300,151.98389038085938,0.03658151626586914,-0.02764892578125,-0.037114858627319336
1789130202593907000,151.99990698242186,-0.02624225616455078,-0.07876253128051758,-0.0950632095336914
1789130202609924000,152.01592407226562,-0.0012984275817871094,-0.06516695022583008,-0.15746545791625977
1789130202625936000,152.03193579101563,-0.022796154022216797,-0.024623394012451172,-0.07432031631469727
1789130202641945600,152.04794555664063,-0.05873441696166992,0.0352635383605957,0.033289194107055664
1789130202657959700,152.0639597167969,-0.05069875717163086,0.056145668029785156,0.04041886329650879
1789130202673980200,152.0799802246094,-0.11717700958251953,0.05586385726928711,0.007727146148681641
1789130202690005000,152.0960048828125,0.010584831237792969,0.008748531341552734,-0.09852814674377441
1789130202706029000,152.11202905273439,0.1448650360107422,-0.05927133560180664,-0.07265257835388184
1789130202722047500,152.12804760742188,0.11618947982788086,-0.082763671875,-0.05646347999572754
1789130202738069800,152.14406982421875,0.023495197296142578,-0.03217649459838867,-0.07513165473937988
1789130202754091300,152.16009130859376,-0.020598888397216797,-0.040171146392822266,-0.053006649017333984
1789130202770105900,152.17610595703124,-0.027575969696044922,0.024492740631103516,0.02646923065185547
1789130202786114000,152.19211401367187,-0.05075263977050781,0.08129644393920898,0.05959653854370117
1789130202802126600,152.20812670898437,-0.0430293083190918,0.059159278869628906,0.09009695053100586
1789130202818138600,152.224138671875,-0.01293039321899414,0.00011587142944335938,-0.026777029037475586
1789130202834154500,152.2401545410156,-0.010874748229980469,-0.0693674087524414,-0.11156010627746582
1789130202850163700,152.25616381835937,-0.011167049407958984,-0.0934915542602539,-0.06513571739196777
1789130202866172200,152.27217211914063,-0.038492679595947266,-0.023458003997802734,-0.05372357368469238
1789130202882182000,152.28818188476563,-0.04166603088378906,0.055780887603759766,0.062203168869018555
1789130202898197800,152.30419775390624,-0.04533815383911133,0.07389593124389648,0.061296701431274414
1789130202914207200,152.32020727539063,-0.06007575988769531,0.10326671600341797,0.06750798225402832
1789130202930215700,152.33621557617187,-0.01918649673461914,0.05745983123779297,-0.04075908660888672
1789130202946229200,152.35222924804688,-0.01670980453491211,0.06897783279418945,0.027335166931152344
1789130202962238200,152.36823828125,0.11126041412353516,0.08884668350219727,0.021664857864379883
1789130202978247000,152.38424682617188,0.0508875846862793,0.049146175384521484,0.07418227195739746
1789130202994253600,152.40025366210938,0.05232954025268555,0.06221818923950195,0.11632180213928223
1789130203010264300,152.41626440429687,0.0920109748840332,0.061215877532958984,0.06835818290710449
1789130203026277600,152.43227758789064,0.11162996292114258,0.09939146041870117,0.06434011459350586
1789130203042290200,152.44829028320314,0.2211933135986328,0.1915140151977539,0.04312276840209961
1789130203058304000,152.46430395507812,0.2607560157775879,0.08969545364379883,0.05642247200012207
1789130203074317300,152.4803173828125,0.3289361000061035,0.1222982406616211,0.0036635398864746094
1789130203090335200,152.4963352050781,0.2688279151916504,0.06957578659057617,-0.05777716636657715
1789130203106350000,152.51235009765625,0.1882615089416504,0.02374553680419922,-0.11035656929016113
1789130203122362000,152.52836206054687,0.04802894592285156,-0.0191650390625,-0.03853607177734375
1789130203138375700,152.54437573242188,-0.054384708404541016,-0.00396728515625,0.005648136138916016
1789130203154387000,152.56038696289062,-0.08131599426269531,0.012610435485839844,0.027919292449951172
1789130203170396000,152.57639599609374,-0.06641149520874023,-0.0030641555786132812,-0.0299227237701416
1789130203186404000,152.59240405273437,-0.08494186401367188,-0.028049468994140625,-0.0913858413696289
1789130203202415900,152.60841577148437,-0.15147113800048828,-0.05793476104736328,-0.18235445022583008
1789130203218428000,152.62442797851563,-0.1846938133239746,-0.11236381530761719,-0.13247227668762207
1789130203234439000,152.64043896484375,-0.10774946212768555,-0.0765523910522461,-0.08043932914733887
1789130203250450400,152.65645043945312,-0.09659719467163086,-0.0326237678527832,-0.05442357063293457
1789130203266459600,152.67245971679688,-0.1367325782775879,-0.027965068817138672,-0.02361607551574707
1789130203282464300,152.68846435546874,-0.23427391052246094,-0.037416934967041016,-0.025292396545410156
1789130203298474000,152.70447387695313,-0.3247981071472168,-0.020717144012451172,-0.030351638793945312
1789130203314485800,152.72048583984375,-0.3162841796875,-0.06998634338378906,-0.04023003578186035
1789130203330496000,152.73649609375,-0.294126033782959,-0.09034490585327148,-0.027367591857910156
1789130203346506800,152.7525068359375,-0.22433185577392578,-0.03452634811401367,-0.021493196487426758
1789130203362516500,152.7685166015625,-0.20238924026489258,-0.007997512817382812,0.07821416854858398
1789130203378524400,152.7845244140625,-0.1912837028503418,-0.0433354377746582,0.11381769180297852
1789130203394529000,152.80052905273436,-0.14914560317993164,-0.0915369987487793,0.06713223457336426
1789130203410530300,152.8165302734375,-0.16263961791992188,-0.2435898780822754,0.032688140869140625
1789130203426542000,152.8325419921875,-0.1824946403503418,-0.33753252029418945,-0.013032197952270508
1789130203442551800,152.8485517578125,-0.2962651252746582,-0.3326897621154785,-0.14670062065124512
1789130203458566700,152.86456665039063,-0.430941104888916,-0.2257680892944336,-0.2510397434234619
1789130203474582300,152.88058227539062,-0.5010085105895996,-0.05419731140136719,-0.0708475112915039
1789130203490596900,152.89659692382813,-0.44103002548217773,0.021452903747558594,0.010060310363769531
1789130203506606800,152.91260693359374,-0.3981132507324219,-0.08656883239746094,-0.03876328468322754
1789130203522617000,152.9286171875,-0.17363929748535156,-0.1674637794494629,-0.055314064025878906
1789130203538630000,152.9446298828125,0.12178516387939453,-0.15379619598388672,-0.05394101142883301
1789130203554635500,152.96063549804688,0.3441133499145508,-0.15399694442749023,-0.17850923538208008
1789130203570646000,152.97664599609374,0.5498671531677246,-0.13759899139404297,-0.35384249687194824
1789130203586653000,152.99265283203124,0.7773423194885254,-0.08064746856689453,-0.3789970874786377
1789130203602660900,153.00866088867187,0.903775691986084,0.05368995666503906,-0.33626270294189453
1789130203618669300,153.02466943359374,0.8889236450195312,0.22551822662353516,-0.2668266296386719
1789130203634676500,153.04067651367188,0.824589729309082,0.34804248809814453,-0.18454909324645996
1789130203650681900,153.05668188476562,0.6326556205749512,0.29820871353149414,-0.04002189636230469
1789130203666685400,153.072685546875,0.4635176658630371,0.2562236785888672,0.14180707931518555
1789130203682691000,153.08869116210937,0.22044754028320312,0.18026399612426758,0.3007999658584595
1789130203706709000,153.112708984375,-0.21777677536010742,-0.07242631912231445,0.3929445743560791
1789130203722722800,153.1287229003906,-0.33179235458374023,-0.1305232048034668,0.37409043312072754
1789130203738733600,153.14473364257813,-0.3042268753051758,0.0075054168701171875,0.4110071659088135
1789130203754744800,153.16074487304687,-0.2624053955078125,0.17839717864990234,0.5265061855316162
1789130203770755600,153.17675561523438,-0.294187068939209,0.32935428619384766,0.5669095516204834
1789130203786760400,153.19276049804688,-0.3114776611328125,0.3878192901611328,0.47664642333984375
1789130203802766000,153.20876611328126,-0.20463180541992188,0.3665428161621094,0.38139963150024414
1789130203818768600,153.2247685546875,-0.01898336410522461,0.20535516738891602,0.1540215015411377
1789130203834776600,153.24077661132813,0.09105587005615234,0.05430173873901367,-0.024981021881103516
1789130203850787300,153.25678735351562,0.20905208587646484,-0.05967140197753906,-0.17518246173858643
1789130203866794000,153.2727939453125,0.08967161178588867,-0.10215139389038086,-0.1579742431640625
1789130203882805500,153.28880541992189,-0.08510637283325195,-0.09326839447021484,-0.1496056318283081
1789130203898819300,153.3048193359375,-0.22894573211669922,-0.10154485702514648,-0.15989065170288086
1789130203914837000,153.3208369140625,-0.1952500343322754,-0.10654401779174805,-0.18895173072814941
1789130203930847700,153.33684765625,0.0013527870178222656,-0.06523466110229492,-0.11815845966339111
1789130203946856700,153.35285668945312,0.20091676712036133,-0.02267599105834961,-0.02849280834197998
1789130203962863900,153.36886376953126,0.3065195083618164,0.018825054168701172,0.047821760177612305
1789130203978874000,153.3848740234375,0.2525334358215332,0.020142555236816406,0.05410563945770264
1789130203994883000,153.40088305664062,0.18678855895996094,0.06271123886108398,-0.011257648468017578
1789130204010895000,153.41689501953124,0.07467937469482422,0.0992283821105957,0.018444061279296875
1789130204026905900,153.43290576171876,0.034006595611572266,0.08807229995727539,0.023949384689331055
1789130204042914800,153.44891479492188,-0.01266336441040039,-0.017756938934326172,-0.007973790168762207
1789130204058927400,153.46492724609374,-0.10047340393066406,-0.14945030212402344,-0.04675149917602539
1789130204074936300,153.48093627929688,-0.4421567916870117,-0.2665977478027344,-0.1097419261932373
1789130204090946600,153.49694653320313,-0.7587060928344727,-0.24859046936035156,-0.32902562618255615
1789130204106963700,153.5129636230469,-1.1555967330932617,-0.5534663200378418,-0.48743653297424316
1789130204122984400,153.528984375,-1.194798469543457,-0.7091045379638672,-0.9629044532775879
1789130204139002000,153.54500219726563,-1.1362404823303223,-0.6733078956604004,-1.0537079572677612
1789130204155017500,153.561017578125,-1.155721664428711,-0.6920356750488281,-0.33904576301574707
1789130204171030500,153.57703051757812,-0.3513784408569336,-0.0841374397277832,0.16182494163513184
1789130204187040000,153.5930400390625,0.6438694000244141,0.5664486885070801,0.41777944564819336
1789130204203054800,153.60905493164063,1.0663933753967285,0.24941539764404297,1.01710844039917
1789130204219061500,153.6250615234375,1.5011677742004395,0.4402904510498047,0.8771072030067444
1789130204235067400,153.6410673828125,1.3915061950683594,0.41698408126831055,0.8363324403762817
1789130204251074600,153.65707446289062,0.686154842376709,0.36367225646972656,0.7518619894981384
1789130204267083000,153.6730830078125,0.22537755966186523,0.3464217185974121,0.22584521770477295
1789130204283095600,153.68909545898438,0.008437156677246094,-0.03391122817993164,-0.38312602043151855
1789130204299100200,153.70510009765624,0.11975526809692383,-0.4497818946838379,-0.6495592594146729
1789130204315111700,153.7211115722656,0.10535955429077148,-0.6108603477478027,-0.7458771467208862
1789130204331125500,153.73712548828124,0.4102473258972168,-0.4074873924255371,-0.571388840675354
1789130204347135000,153.75313500976563,0.5513195991516113,-0.18939876556396484,-0.1551651954650879
1789130204363143200,153.76914306640626,0.5411920547485352,0.09411907196044922,0.14161384105682373
1789130204379151600,153.78515161132813,0.4716916084289551,0.26716041564941406,0.23839521408081055
1789130204395159000,153.80115893554688,0.25517797470092773,0.34081029891967773,0.2705284357070923
1789130204411167200,153.81716723632812,0.0728597640991211,0.30475807189941406,0.29747188091278076
1789130204427179800,153.8331796875,0.07920646667480469,0.2530374526977539,0.3389003276824951
1789130204443189000,153.84918896484376,0.16230535507202148,0.06800317764282227,0.2490779161453247
1789130204459199200,153.86519921875,0.26038455963134766,0.011810779571533203,0.12008452415466309
1789130204475207700,153.88120776367188,0.3591189384460449,0.04120588302612305,0.00501406192779541
1789130204491215000,153.89721508789063,0.25892162322998047,-0.0020008087158203125,0.02013683319091797
1789130204507229000,153.91322900390625,0.14841079711914062,-0.02933025360107422,-0.041234493255615234
1789130204523245300,153.92924536132813,-0.01692342758178711,0.05149412155151367,-0.0302274227142334
1789130204539262500,153.94526245117189,-0.07037544250488281,0.12398099899291992,-0.029857397079467773
1789130204555277600,153.96127758789063,-0.05021810531616211,0.13766908645629883,-0.005257248878479004
1789130204571297800,153.9772978515625,-0.16348838806152344,0.04126930236816406,0.021560072898864746
1789130204587309800,153.9933098144531,-0.27403974533081055,-0.014773368835449219,0.016190648078918457
1789130204603324200,154.00932421875,-0.20849323272705078,-0.10419559478759766,-0.09398376941680908
1789130204619341300,154.02534130859374,-0.20233631134033203,-0.18820762634277344,-0.11348104476928711
1789130204643358500,154.0493583984375,-0.006199836730957031,-0.16645240783691406,-0.10405445098876953
1789130204659366000,154.06536596679686,-0.011702537536621094,-0.1360607147216797,-0.08514082431793213
1789130204675376400,154.08137646484374,-0.10441112518310547,-0.03246450424194336,-0.05810141563415527
1789130204691385300,154.09738525390625,-0.25620174407958984,0.10149240493774414,-0.06233251094818115
1789130204707393800,154.11339379882813,-0.3596992492675781,0.13943910598754883,-0.003956437110900879
1789130204723406800,154.12940673828126,-0.3172416687011719,0.08434152603149414,0.01911306381225586
1789130204739421400,154.14542138671874,-0.09588289260864258,-0.025957584381103516,-0.05547142028808594
1789130204755432700,154.1614326171875,0.15142440795898438,-0.20119810104370117,-0.14614009857177734
1789130204771445200,154.1774453125,0.26267480850219727,-0.23051118850708008,-0.1528846025466919
1789130204787456500,154.19345654296876,0.32255983352661133,-0.12730073928833008,-0.21454870700836182
1789130204803469800,154.2094697265625,0.41452598571777344,-0.047358036041259766,-0.17660784721374512
1789130204819484000,154.22548388671876,0.43847131729125977,0.03362607955932617,-0.016776442527770996
1789130204835491600,154.24149169921876,0.4432845115661621,0.004542827606201172,-0.043385982513427734
1789130204851498200,154.25749829101562,0.40970897674560547,0.05233287811279297,-0.0070258378982543945
1789130204867516200,154.27351611328126,0.3199949264526367,0.0135040283203125,-0.06853961944580078
1789130204883533600,154.28953344726563,0.16979598999023438,-0.002734661102294922,-0.06746482849121094
1789130204899549200,154.30554907226562,0.03362321853637695,0.06331062316894531,-0.0529475212097168
1789130204915559000,154.32155883789062,-0.15549564361572266,0.13503217697143555,0.08046972751617432
1789130204931565800,154.33756591796876,-0.2780933380126953,0.18319416046142578,0.13712871074676514
1789130204947574000,154.35357397460936,-0.4848361015319824,0.17632198333740234,0.18001198768615723
1789130204963579600,154.36957958984374,-0.4101600646972656,0.14057493209838867,0.12639808654785156
1789130204979585300,154.38558520507812,-0.4855465888977051,0.16330242156982422,0.12277853488922119
1789130204995587800,154.401587890625,-0.5441040992736816,0.16826152801513672,-0.1303386688232422
1789130205011593000,154.41759301757813,-0.5024538040161133,0.2042560577392578,-0.24355804920196533
1789130205027602200,154.43360229492188,-0.6537961959838867,0.3974423408508301,-0.29362714290618896
1789130205043613200,154.44961328125,0.1197519302368164,0.2929854393005371,-0.548959493637085
1789130205059630000,154.46563012695313,1.095949649810791,-0.3714437484741211,-0.46098947525024414
1789130205075640600,154.481640625,1.767704963684082,-0.6624536514282227,-0.07168006896972656
1789130205091650800,154.49765087890626,1.645768165588379,-0.7567610740661621,0.09181845188140869
1789130205107669000,154.5136689453125,0.8126158714294434,-0.43871259689331055,0.09327661991119385
1789130205123684900,154.52968481445313,0.05420112609863281,-0.12621736526489258,-0.07614541053771973
1789130205139693000,154.54569311523437,-0.07034921646118164,0.05163097381591797,-0.01919102668762207
1789130205155704800,154.56170483398438,-0.03767681121826172,-0.08081912994384766,0.13180220127105713
1789130205171719700,154.5777197265625,-0.23678112030029297,-0.04777050018310547,0.1450272798538208
1789130205187730400,154.59373046875,-0.29163265228271484,0.031649112701416016,0.08951795101165771
1789130205203744500,154.60974462890624,-0.20126581192016602,0.1616964340209961,0.33297836780548096
1789130205219758300,154.62575830078126,-0.2642383575439453,0.24015474319458008,0.4675102233886719
1789130205235768000,154.64176806640626,-0.4453163146972656,0.32163524627685547,0.4281541109085083
1789130205251776500,154.65777661132813,-0.5136656761169434,0.2793717384338379,0.3413989543914795
1789130205267784400,154.67378442382812,-0.4745616912841797,0.09479999542236328,0.3085000514984131
1789130205283794200,154.68979418945312,-0.376131534576416,0.053827762603759766,0.18494880199432373
1789130205299799800,154.7057998046875,-0.5176424980163574,0.1774287223815918,0.11608171463012695
1789130205315810300,154.72181030273438,-0.917149543762207,0.6742267608642578,0.02091693878173828
1789130205339827200,154.7458271484375,-1.5421066284179688,-0.408480167388916,-0.8473451137542725
1789130205355836700,154.76183666992188,-0.5440893173217773,-0.16382551193237305,-0.41549909114837646
1789130205371850200,154.77785034179686,0.1623368263244629,-0.2083144187927246,0.10070765018463135
1789130205387861800,154.79386181640626,0.997556209564209,-0.49637651443481445,0.48266172409057617
1789130205403874600,154.80987451171876,0.40547943115234375,-0.9659628868103027,0.15797388553619385
