time,seconds_elapsed,z,y,x
1789130050700236300,0.106236328125,5.765237808227539,7.661445617675781,-2.3127987384796143
1789130050716244000,0.122243896484375,5.827486991882324,7.632715225219727,-2.1499931812286377
1789130050732251100,0.138251220703125,5.928043365478516,7.570465564727783,-2.1356279850006104
1789130050748257000,0.154257080078125,5.74129581451416,7.6566572189331055,-2.126051187515259
1789130050764264400,0.170264404296875,5.60722017288208,7.704541206359863,-2.0877439975738525
1789130050780273400,0.1862734375,5.7125654220581055,7.637503623962402,-2.2409727573394775
1789130050796283400,0.202283447265625,5.683835029602051,7.479485988616943,-2.1930887699127197
1789130050812292600,0.218292724609375,5.851428985595703,7.3885064125061035,-2.22660756111145
1789130050828304000,0.234303955078125,5.947196960449219,7.608773231506348,-2.389413356781006
1789130050844316700,0.250316650390625,5.875370979309082,7.527369976043701,-2.097320795059204
1789130050860332300,0.266332275390625,6.100425720214844,7.560888767242432,-2.1068975925445557
1789130050876345900,0.282345947265625,5.999869346618652,7.618350028991699,-2.2361843585968018
1789130050892358100,0.298358154296875,5.693411827087402,7.580042362213135,-1.9345149993896484
1789130050908372000,0.3143720703125,5.817910194396973,7.675810813903809,-2.049436569213867
1789130050924381000,0.330380859375,5.995080947875977,7.920019149780273,-2.1547815799713135
1789130050940390100,0.34639013671875,6.349422931671143,7.752425193786621,-2.011129379272461
1789130050956400400,0.362400390625,6.18182897567749,7.709329605102539,-2.1068975925445557
1789130050972408300,0.378408203125,5.827486991882324,7.65186882019043,-1.9967641830444336
1789130050988416000,0.394416015625,6.0621185302734375,7.766790390014648,-2.10210919380188
1789130051004431000,0.41043115234375,6.229712963104248,7.690176010131836,-1.920149803161621
1789130051020445000,0.42644482421875,6.090848922729492,7.647080421447754,-1.9297266006469727
1789130051036459300,0.442459228515625,5.760449409484863,7.594407558441162,-1.8818424940109253
1789130051052466700,0.458466796875,5.626373767852783,7.594407558441162,-1.8770540952682495
1789130051068474400,0.474474365234375,5.525817394256592,7.51779317855835,-2.1068975925445557
1789130051084481000,0.49048095703125,5.578489780426025,7.594407558441162,-2.2601263523101807
1789130051100485000,0.506485107421875,5.683835029602051,7.493851184844971,-2.274491548538208
1789130051116490000,0.522489990234375,5.525817394256592,7.675810813903809,-2.3702597618103027
1789130051132490200,0.538490234375,5.39174222946167,7.55131196975708,-2.097320795059204
1789130051148495400,0.554495361328125,5.051765441894531,7.603984832763672,-2.346317768096924
1789130051164500200,0.570500244140625,4.486733913421631,7.757213592529297,-2.0015525817871094
1789130051180509200,0.58650927734375,4.697423934936523,8.11634349822998,-1.7764976024627686
1789130051196510200,0.60251025390625,5.60722017288208,8.149862289428711,-1.2976573705673218
1789130051212518100,0.61851806640625,6.4595561027526855,8.054094314575195,-1.53707754611969
1789130051228521500,0.634521484375,6.751648902893066,7.757213592529297,-1.7381904125213623
1789130051244524800,0.65052490234375,6.703764915466309,7.55131196975708,-1.8531121015548706
1789130051260530700,0.66653076171875,6.464344501495361,7.469909191131592,-2.030282974243164
1789130051276537300,0.682537353515625,5.961562156677246,7.723694801330566,-1.9153614044189453
1789130051292540000,0.698539794921875,5.726930618286133,7.99184513092041,-1.8387469053268433
1789130051308548900,0.714548828125,5.827486991882324,8.044517517089844,-1.6759412288665771
1789130051324557300,0.730557373046875,5.961562156677246,7.8098859786987305,-1.680729627609253
1789130051340567300,0.7465673828125,5.899312973022461,7.8960771560668945,-2.164358377456665
1789130051356568800,0.76256884765625,5.3582234382629395,7.675810813903809,-1.6663644313812256
1789130051372574200,0.77857421875,5.406107425689697,7.829039573669434,-1.944091796875
1789130051388579300,0.794579345703125,5.525817394256592,7.95832633972168,-1.5658079385757446
1789130051404585700,0.810585693359375,6.1052141189575195,7.924807548522949,-1.8770540952682495
1789130051420595000,0.826594970703125,6.507440090179443,7.762001991271973,-1.7812861204147339
1789130051436603400,0.842603271484375,6.742072105407715,7.642292022705078,-1.6855180263519287
1789130051452616400,0.858616455078125,6.833051681518555,7.565677165985107,-1.766920804977417
1789130051468630500,0.874630615234375,6.785167694091797,7.565677165985107,-1.7860745191574097
1789130051484643800,0.890643798828125,6.732495307922363,7.671022415161133,-1.9249382019042969
1789130051500654300,0.906654296875,6.5696892738342285,7.637503623962402,-1.699883222579956
1789130051516661800,0.922661865234375,6.320692539215088,7.642292022705078,-1.8722656965255737
1789130051532665600,0.93866552734375,5.760449409484863,7.766790390014648,-1.9393033981323242
1789130051548668700,0.954668701171875,5.295974254608154,7.6997528076171875,-1.9345149993896484
1789130051564679000,0.970678955078125,5.051765441894531,7.785943984985352,-1.8195933103561401
1789130051580684300,0.986684326171875,4.98472785949707,7.929595947265625,-1.4317326545715332
1789130051596684500,1.0026845703125,5.420472621917725,8.106766700744629,-1.2449848651885986
1789130051612690200,1.018690185546875,5.688623428344727,8.044517517089844,-1.6903064250946045
1789130051628693200,1.034693359375,5.4875102043151855,7.752425193786621,-1.7621324062347412
1789130051644692500,1.0506923828125,5.319916248321533,7.733271598815918,-1.8195933103561401
1789130051660692000,1.06669189453125,5.396530628204346,7.603984832763672,-1.766920804977417
1789130051676691000,1.08269091796875,5.659893035888672,7.575253963470459,-1.8387469053268433
1789130051692694800,1.09869482421875,5.726930618286133,7.532158374786377,-2.0398597717285156
1789130051708695800,1.11469580078125,5.832275390625,7.589619159698486,-2.140416383743286
1789130051724698000,1.130697998046875,6.1052141189575195,7.819462776184082,-1.944091796875
1789130051740708400,1.146708251953125,6.3302693367004395,7.95832633972168,-1.6376339197158813
1789130051756711700,1.162711669921875,6.382941722869873,8.164227485656738,-1.3838485479354858
1789130051772710000,1.1787099609375,6.2392897605896,8.097189903259277,-1.53707754611969
1789130051788711700,1.194711669921875,5.813121795654297,8.006210327148438,-1.6089035272598267
1789130051804714200,1.21071435546875,5.420472621917725,7.800309181213379,-1.5275006294250488
1789130051820716000,1.226716064453125,5.583278179168701,7.4986395835876465,-1.6376339197158813
1789130051836720000,1.24272021484375,5.746084213256836,7.484274387359619,-1.824381709098816
1789130051852730000,1.258730224609375,5.4252610206604,7.623138427734375,-1.6280571222305298
1789130051868726500,1.2747265625,5.5976433753967285,7.833827972412109,-1.8291701078414917
1789130051884733400,1.2907333984375,5.832275390625,7.857769966125488,-1.6328455209732056
1789130051900738800,1.30673876953125,6.138733386993408,7.752425193786621,-1.623268723487854
1789130051916743700,1.32274365234375,6.090848922729492,7.7763671875,-1.8914192914962769
1789130051932747300,1.338747314453125,5.803544998168945,7.637503623962402,-1.522712230682373
1789130051948760000,1.354760009765625,5.961562156677246,7.800309181213379,-1.7046716213226318
1789130051964764200,1.37076416015625,5.774814605712891,7.977479934692383,-1.5945383310317993
1789130051980771000,1.38677099609375,5.932831764221191,8.010998725891113,-1.7908629179000854
1789130051996776700,1.402776611328125,6.229712963104248,7.785943984985352,-1.5610195398330688
1789130052012783400,1.418783447265625,6.4595561027526855,7.479485988616943,-1.6424223184585571
1789130052028791800,1.434791748046875,6.296750545501709,7.465120792388916,-2.0446481704711914
1789130052044798000,1.4507978515625,5.750872611999512,7.422025203704834,-1.867477297782898
1789130052060805000,1.46680517578125,5.813121795654297,7.359776020050049,-1.9919757843017578
1789130052076806700,1.482806640625,5.880159378051758,7.560888767242432,-1.9632453918457031
1789130052092810800,1.498810791015625,5.884947776794434,7.671022415161133,-1.7525556087493896
1789130052108814300,1.514814453125,6.042964935302734,7.924807548522949,-1.7573440074920654
1789130052124816000,1.53081591796875,5.693411827087402,8.365341186523438,-1.6615760326385498
1789130052140822300,1.546822265625,5.631162166595459,8.279149055480957,-1.37906014919281
1789130052164827600,1.57082763671875,6.162675380706787,7.920019149780273,-1.4891934394836426
1789130052180826400,1.586826416015625,5.74129581451416,7.661445617675781,-1.5083470344543457
1789130052196830700,1.602830810546875,5.631162166595459,7.374141216278076,-1.2114660739898682
1789130052212830200,1.618830322265625,5.846640586853027,7.01979923248291,-1.2306196689605713
1789130052228833800,1.634833740234375,5.841852188110352,7.129932880401611,-2.0925323963165283
1789130052244837000,1.650837158203125,5.1810526847839355,7.7763671875,-2.8203697204589844
1789130052260837600,1.666837646484375,4.922478675842285,7.848193168640137,-1.886630892753601
1789130052276832000,1.68283203125,5.669469833374023,7.872135162353516,-1.7812861204147339
1789130052292830000,1.698829833984375,5.683835029602051,7.934384346008301,-1.403002142906189
1789130052308833300,1.714833251953125,5.224148273468018,7.757213592529297,-1.1252747774124146
1789130052324843300,1.73084326171875,5.228936672210693,7.905653953552246,-1.2832920551300049
1789130052340855800,1.746855712890625,4.975151062011719,8.121131896972656,-1.2976573705673218
1789130052356865000,1.762864990234375,4.812345504760742,8.279149055480957,-1.3838485479354858
1789130052372864800,1.77886474609375,4.644751071929932,8.312667846679688,-1.2737152576446533
1789130052388867300,1.794867431640625,4.553771495819092,8.360552787780762,-1.039083480834961
1789130052404870400,1.810870361328125,4.529829502105713,8.164227485656738,0.023942016065120697
1789130052420872200,1.8268720703125,5.066130638122559,6.507440090179443,0.05746084079146385
1789130052436868900,1.842868896484375,5.5976433753967285,5.9519853591918945,-0.569819986820221
1789130052452867600,1.85886767578125,6.694188117980957,7.201758861541748,-0.608127236366272
1789130052468868400,1.874868408203125,7.613561630249023,9.093177795410156,-0.5363011956214905
1789130052484868600,1.89086865234375,7.556100368499756,9.8784761428833,-0.7134721279144287
1789130052500874800,1.906874755859375,5.5545477867126465,9.136273384094238,-0.22026655077934265
1789130052516881000,1.922880859375,3.9264907836914062,8.379706382751465,0.2585737705230713
1789130052532883200,1.93888330078125,2.691082715988159,8.149862289428711,-0.05267243832349777
1789130052548883700,1.9548837890625,0.7709329724311829,7.948749542236328,-0.4357447028160095
1789130052564886300,1.97088623046875,0.828393816947937,6.976703643798828,-0.06224924325942993
1789130052580891400,1.986891357421875,3.514688014984131,5.430049419403076,0.038307227194309235
1789130052596895000,2.00289501953125,4.7836151123046875,4.692635536193848,-0.40222588181495667
1789130052612896300,2.018896240234375,4.812345504760742,4.410119533538818,0.28730419278144836
1789130052628898000,2.03489794921875,5.228936672210693,4.8267107009887695,-0.07182604819536209
1789130052644892400,2.050892333984375,4.520252704620361,4.845864295959473,0.14844051003456116
1789130052660890600,2.066890625,3.07415509223938,4.438849925994873,0.5267243981361389
1789130052676885000,2.082885009765625,2.557007312774658,4.616020679473877,1.1252747774124146
1789130052692873000,2.098873046875,3.0406360626220703,4.702212333679199,1.2641384601593018
1789130052708872000,2.114871826171875,5.760449409484863,5.406107425689697,0.6129156351089478
1789130052724873000,2.130873046875,8.93037223815918,6.421248912811279,-0.40701428055763245
1789130052740872200,2.1468720703125,12.287043571472168,5.631162166595459,-1.278503656387329
1789130052756872700,2.162872802734375,12.737153053283691,3.1507694721221924,-1.766920804977417
1789130052772876300,2.178876220703125,12.320562362670898,2.0446481704711914,-0.6272808313369751
1789130052788881200,2.194881103515625,10.5344877243042,2.609679937362671,0.8619126081466675
1789130052804883000,2.210883056640625,8.719682693481445,3.5434184074401855,2.255337953567505
1789130052820888300,2.226888427734375,8.164227485656738,2.695871114730835,2.0925323963165283
1789130052836894700,2.242894775390625,9.552865028381348,1.0007762908935547,1.5514427423477173
1789130052852904400,2.258904541015625,10.769119262695312,-0.9050082564353943,1.0055646896362305
1789130052868903400,2.2749033203125,12.473791122436523,-2.054224967956543,0.6416460275650024
1789130052884910000,2.29091015625,14.79616641998291,-1.7286136150360107,0.7422025203704834
1789130052900919000,2.3069189453125,15.480908393859863,-1.1348515748977661,1.0582371950149536
1789130052916920300,2.32292041015625,14.767436027526855,0.09576806426048279,1.455674648284912
1789130052932921600,2.338921630859375,13.73314094543457,2.10210919380188,3.466804027557373
1789130052948924200,2.354924072265625,13.895946502685547,4.534617900848389,5.999869346618652
1789130052964915700,2.370915771484375,16.184803009033203,5.750872611999512,6.852205276489258
1789130052980910600,2.38691064453125,13.488932609558105,4.170699596405029,5.544970989227295
1789130052996906200,2.40290625,11.501745223999023,2.4181437492370605,5.30076265335083
1789130053012901000,2.418901123046875,6.818686485290527,1.7381904125213623,4.802768707275391
1789130053028903400,2.4349033203125,4.726154327392578,2.4181437492370605,2.4133553504943848
1789130053044902400,2.45090234375,6.3973069190979,3.869029998779297,1.1109095811843872
1789130053060902100,2.466902099609375,8.796297073364258,5.104437828063965,1.5753847360610962
1789130053076900400,2.482900390625,8.413225173950195,4.999093055725098,2.557007312774658
1789130053092897300,2.498897216796875,7.575253963470459,4.63517427444458,3.2561142444610596
1789130053108891100,2.51489111328125,7.062894821166992,4.333505153656006,2.671929121017456
1789130053124893200,2.53089306640625,6.090848922729492,2.978386878967285,2.341529369354248
1789130053140888600,2.546888671875,6.856993675231934,2.8107926845550537,3.1747114658355713
1789130053156881000,2.562880859375,9.495404243469238,4.127603530883789,5.2911858558654785
1789130053172876500,2.57887646484375,12.18648624420166,3.6822822093963623,4.189853191375732
1789130053188873000,2.594873046875,10.11789608001709,2.2409727573394775,2.38462495803833
1789130053204868400,2.610868408203125,9.643844604492188,2.5665841102600098,4.3861775398254395
1789130053220863000,2.626863037109375,11.085153579711914,1.0773907899856567,5.329493045806885
1789130053236856000,2.64285595703125,8.69095230102539,0.33518823981285095,3.8977603912353516
1789130053252851200,2.658851318359375,5.161899089813232,1.0534487962722778,3.3662476539611816
1789130053268845600,2.674845458984375,8.341399192810059,1.7094600200653076,3.955221176147461
1789130053284846300,2.690846435546875,10.199298858642578,1.6519991159439087,3.883395195007324
1789130053300843000,2.706843017578125,10.381258964538574,0.8906430602073669,3.9217023849487305
1789130053316832000,2.72283203125,9.514557838439941,0.727837324142456,4.2951979637146
1789130053332826400,2.738826416015625,25.048137664794922,3.998316764831543,14.915876388549805
1789130053348819000,2.75481884765625,7.350199222564697,-0.44532153010368347,1.072602391242981
1789130053364814800,2.77081494140625,25.852590560913086,3.155557870864868,13.709198951721191
1789130053380810000,2.78681005859375,12.622231483459473,1.8531121015548706,4.122815132141113
1789130053396801300,2.80280126953125,8.973467826843262,0.2537853717803955,0.20111294090747833
1789130053412797000,2.818796875,8.389283180236816,2.346317768096924,-1.0342950820922852
1789130053428791000,2.834791015625,10.079588890075684,-1.800439715385437,-0.4836287498474121
1789130053444784000,2.8507841796875,7.4986395835876465,-1.843535304069519,2.896984100341797
1789130053460780300,2.8667802734375,7.398083209991455,-0.4692635238170624,5.540182590484619
1789130053476780000,2.882780029296875,31.431079864501953,25.804706573486328,20.618865966796875
1789130053492782600,2.898782470703125,4.2090067863464355,0.8188169598579407,4.8602294921875
1789130053508785200,2.91478515625,5.837063789367676,4.347870349884033,5.1810526847839355
1789130053524788200,2.930788330078125,4.970362663269043,5.128379821777344,3.203441858291626
1789130053540789800,2.946789794921875,7.757213592529297,6.54574728012085,1.2210428714752197
1789130053556788500,2.96278857421875,14.982913970947266,5.228936672210693,-3.8115692138671875
1789130053572792800,2.978792724609375,19.589357376098633,6.818686485290527,-3.399766445159912
1789130053588796400,2.99479638671875,16.634912490844727,7.182605266571045,2.279279947280884
1789130053604798700,3.010798828125,10.232817649841309,2.7102363109588623,3.1651346683502197
1789130053620807000,3.026806884765625,8.485051155090332,4.496310710906982,2.978386878967285
1789130053636817000,3.04281689453125,4.127603530883789,3.9839515686035156,1.623268723487854
1789130053652825000,3.0588251953125,7.536946773529053,4.424484729766846,2.82515811920166
1789130053668838000,3.074837890625,8.647856712341309,2.9065608978271484,2.9065608978271484
1789130053684850000,3.090849853515625,8.236053466796875,3.5386300086975098,2.604891538619995
1789130053700853200,3.106853271484375,9.619902610778809,3.1747114658355713,0.1628057211637497
1789130053716856300,3.122856201171875,10.649409294128418,3.7158010005950928,-0.47405192255973816
1789130053732857600,3.138857666015625,10.041281700134277,3.620033025741577,1.139639973640442
1789130053748863700,3.15486376953125,7.575253963470459,3.6822822093963623,1.6280571222305298
1789130053764873000,3.170873046875,7.795520782470703,3.533841609954834,1.4748282432556152
1789130053780885000,3.186885009765625,7.910442352294922,3.1076738834381104,1.5466543436050415
1789130053796891100,3.20289111328125,8.245630264282227,2.3080103397369385,1.1971008777618408
1789130053812898800,3.21889892578125,8.99740982055664,2.0446481704711914,2.121262788772583
1789130053828910000,3.23491015625,8.480262756347656,1.944091796875,1.6424223184585571
1789130053844921000,3.250921142578125,9.41400146484375,3.160346269607544,1.5610195398330688
1789130053860935400,3.266935302734375,8.767566680908203,2.873042106628418,0.6512228846549988
1789130053876955000,3.282954833984375,8.853757858276367,2.9065608978271484,0.7469909191131592
1789130053892966100,3.298966064453125,7.000645637512207,3.098097085952759,0.10055647045373917
1789130053908970800,3.314970703125,12.344504356384277,6.392518520355225,2.006340980529785
1789130053924978400,3.330978515625,9.442731857299805,5.319916248321533,0.3878606855869293
1789130053940991000,3.346990966796875,6.780379295349121,4.2090067863464355,0.5889736413955688
1789130053957001500,3.36300146484375,9.174580574035645,2.47560453414917,0.22026655077934265
1789130053973011500,3.379011474609375,7.168240070343018,2.7102363109588623,0.45489832758903503
1789130053989016800,3.395016845703125,11.659762382507324,2.3319525718688965,1.479616641998291
1789130054005022500,3.4110224609375,14.16409683227539,0.14365209639072418,5.501875400543213
1789130054021021400,3.427021484375,5.185841083526611,2.499546527862549,1.6136919260025024
1789130054037027300,3.44302734375,7.422025203704834,1.900996208190918,0.8954314589500427
1789130054053034500,3.459034423828125,5.679046630859375,2.0685901641845703,0.6943184733390808
1789130054069042000,3.4750419921875,8.53293514251709,1.3982137441635132,1.6711528301239014
1789130054085052000,3.491052001953125,23.357831954956055,-1.0055646896362305,7.829039573669434
1789130054101059600,3.5070595703125,6.382941722869873,-0.29209262132644653,2.1739351749420166
1789130054117062100,3.523062255859375,10.505757331848145,0.6560112833976746,0.31603461503982544
1789130054133067000,3.53906689453125,7.086836814880371,0.507570743560791,-0.47884035110473633
1789130054149071600,3.555071533203125,12.00452709197998,-0.014365210197865963,0.5123591423034668
1789130054165079300,3.571079345703125,8.537723541259766,0.06703764945268631,-0.26336219906806946
1789130054181086200,3.587086181640625,9.208099365234375,0.13407529890537262,0.7469909191131592
1789130054197092400,3.60309228515625,7.886500358581543,2.011129379272461,1.2497732639312744
1789130054213099300,3.619099365234375,11.654973983764648,0.7422025203704834,1.723825216293335
1789130054229101600,3.6351015625,11.018115997314453,1.7956513166427612,1.5610195398330688
1789130054245107700,3.651107666015625,11.736376762390137,0.7948749661445618,1.37906014919281
1789130054261112000,3.667112060546875,12.023680686950684,0.16759411990642548,1.5897499322891235
1789130054277121800,3.683121826171875,9.102754592895508,-0.11013327538967133,1.0773907899856567
1789130054293132000,3.699132080078125,9.05487060546875,-0.23942017555236816,1.2114660739898682
1789130054309141200,3.715141357421875,9.265560150146484,-1.1109095811843872,-0.05267243832349777
1789130054325150500,3.731150390625,7.915230751037598,-1.6759412288665771,1.3646949529647827
1789130054341159000,3.747158935546875,7.747636795043945,-1.3694833517074585,0.8954314589500427
1789130054357165300,3.763165283203125,4.189853191375732,0.569819986820221,1.7190368175506592
1789130054373173800,3.779173828125,8.829815864562988,0.07661445438861847,1.0247182846069336
1789130054389183200,3.795183349609375,10.797849655151367,0.9864110946655273,2.169146776199341
1789130054405192400,3.8111923828125,7.876923561096191,0.8571242094039917,3.4524388313293457
1789130054421202200,3.8272021484375,9.667786598205566,0.6847416758537292,3.1459810733795166
1789130054437208600,3.84320849609375,10.127472877502441,-0.033518824726343155,2.2601263523101807
1789130054453219600,3.859219482421875,9.318233489990234,-0.35434186458587646,1.0534487962722778
1789130054469229000,3.87522900390625,9.782708168029785,-0.15322890877723694,0.6512228846549988
1789130054485237000,3.891237060546875,10.453084945678711,0.047884032130241394,0.9481038451194763
1789130054501243600,3.90724365234375,9.38048267364502,0.009576806798577309,1.9488801956176758
1789130054517245400,3.923245361328125,8.738836288452148,0.3734954595565796,1.3694833517074585
1789130054533250300,3.939250244140625,10.462661743164062,-0.05746084079146385,2.3032219409942627
1789130054549254400,3.95525439453125,9.581595420837402,0.14365209639072418,2.0877439975738525
1789130054565260300,3.97126025390625,9.318233489990234,-0.07661445438861847,1.1683704853057861
1789130054581261800,3.98726171875,10.122684478759766,-0.507570743560791,0.40222588181495667
1789130054597265200,4.00326513671875,10.395624160766602,-1.680729627609253,-1.292868971824646
1789130054613277200,4.019277099609375,9.892841339111328,-2.188300371170044,-2.537853717803955
1789130054629280300,4.0352802734375,9.979032516479492,-0.6320692300796509,0.47405192255973816
1789130054645284400,4.051284423828125,9.68694019317627,1.6903064250946045,4.371812343597412
1789130054661288000,4.067287841796875,9.299078941345215,1.556231141090393,5.535394191741943
1789130054677292500,4.08329248046875,9.02135181427002,0.6799532771110535,3.2561142444610596
1789130054693295400,4.09929541015625,9.682151794433594,0.31603461503982544,1.7573440074920654
1789130054709297400,4.11529736328125,10.007762908935547,0.17238251864910126,1.4077905416488647
1789130054725301200,4.13130126953125,9.394847869873047,-0.1628057211637497,1.3934253454208374
1789130054741307000,4.147306884765625,9.979032516479492,-0.11013327538967133,1.4269442558288574
1789130054757313300,4.163313232421875,9.509769439697266,-0.363918662071228,1.316810965538025
1789130054773321200,4.1793212890625,10.02691650390625,-0.15322890877723694,0.5746083855628967
1789130054789324500,4.195324462890625,9.500192642211914,-0.19153612852096558,1.7142484188079834
1789130054805326300,4.211326416015625,9.897629737854004,-0.24420857429504395,2.298433542251587
1789130054821328000,4.227327880859375,9.854534149169922,0.009576806798577309,1.5514427423477173
1789130054837331700,4.243331787109375,9.725247383117676,-0.06224924325942993,1.1971008777618408
1789130054853333500,4.25933349609375,9.710882186889648,0.15322890877723694,1.7381904125213623
1789130054869337600,4.275337646484375,9.974244117736816,0.2537853717803955,1.4987702369689941
1789130054885348400,4.291348388671875,9.08838939666748,-0.2106897532939911,1.0965443849563599
1789130054901354500,4.3073544921875,10.256759643554688,0.06703764945268631,1.0678139925003052
1789130054917358000,4.323358154296875,10.438719749450684,-0.14365209639072418,1.556231141090393
1789130054933358300,4.3393583984375,10.357316970825195,-0.5602431893348694,1.3694833517074585
1789130054949358600,4.355358642578125,10.017339706420898,-0.5267243981361389,1.0342950820922852
1789130054965365200,4.371365234375,10.228029251098633,-0.9193734526634216,1.1444283723831177
1789130054981369300,4.387369384765625,9.509769439697266,-0.6033388376235962,0.7038952708244324
1789130054997373700,4.403373779296875,9.457097053527832,-0.3734954595565796,0.8427590131759644
1789130055013375200,4.419375244140625,9.442731857299805,-0.21547815203666687,1.2258312702178955
1789130055029383700,4.4353837890625,10.02691650390625,-0.05267243832349777,1.1252747774124146
1789130055045392100,4.45139208984375,10.180145263671875,-0.16759411990642548,1.0869675874710083
1789130055061398800,4.467398681640625,9.567230224609375,0.13407529890537262,0.8092401623725891
1789130055077400600,4.483400634765625,9.639056205749512,0.014365210197865963,0.5027823448181152
1789130055093406700,4.49940673828125,9.782708168029785,-0.1149216815829277,0.9816226959228516
1789130055109408300,4.515408203125,9.782708168029785,-0.11013327538967133,1.0438719987869263
1789130055125411800,4.531411865234375,10.290278434753418,-0.3878606855869293,0.7661445140838623
1789130055141418500,4.54741845703125,9.576807022094727,-0.40222588181495667,0.8475474119186401
1789130055157423000,4.563423095703125,9.806650161743164,-0.4836287498474121,0.9481038451194763
1789130055173427700,4.579427734375,9.77791976928711,-0.828393816947937,0.9385270476341248
1789130055189426200,4.59542626953125,9.667786598205566,-0.2825157940387726,0.9768342971801758
1789130055205431300,4.611431396484375,10.247182846069336,-0.20111294090747833,1.2066776752471924
1789130055221437000,4.62743701171875,9.883264541625977,-0.06224924325942993,0.8906430602073669
1789130055237446400,4.6434462890625,9.53849983215332,-0.2059013396501541,1.3982137441635132
1789130055253460700,4.659460693359375,10.012551307678223,-0.23942017555236816,0.9002198576927185
1789130055269471200,4.67547119140625,9.600749015808105,-0.043095629662275314,0.7852981686592102
1789130055285480200,4.691480224609375,10.103530883789062,0.043095629662275314,1.1540051698684692
1789130055301492700,4.70749267578125,10.917559623718262,0.07182604819536209,1.2258312702178955
1789130055317500700,4.723500732421875,9.911994934082031,-0.7565677165985107,1.2306196689605713
1789130055333507800,4.7395078125,10.08437728881836,-0.4357447028160095,0.569819986820221
1789130055349513200,4.75551318359375,9.816226959228516,-0.08140286058187485,0.7565677165985107
1789130055365525000,4.77152490234375,10.333374977111816,-0.5889736413955688,0.8571242094039917
1789130055381535700,4.78753564453125,10.06043529510498,-0.1388636976480484,1.316810965538025
1789130055397544700,4.803544677734375,10.299856185913086,-0.38307225704193115,1.048660397529602
1789130055413555200,4.81955517578125,9.131484985351562,-0.16759411990642548,1.091755986213684
1789130055429571600,4.835571533203125,9.782708168029785,0.009576806798577309,0.9864110946655273
1789130055445582300,4.851582275390625,9.859322547912598,-0.37828385829925537,0.871489405632019
1789130055461591600,4.867591552734375,10.194510459899902,-0.2298433631658554,0.569819986820221
1789130055477606700,4.883606689453125,10.156203269958496,-0.5123591423034668,1.015141487121582
1789130055493617000,4.899616943359375,10.1753568649292,-0.3878606855869293,1.0630255937576294
1789130055509628200,4.915628173828125,10.122684478759766,-0.4596867263317108,0.6751648783683777
1789130055525637600,4.9316376953125,10.074800491333008,-0.26336219906806946,0.7230489253997803
1789130055541656000,4.947656005859375,9.509769439697266,-0.4357447028160095,1.1109095811843872
1789130055557671700,4.963671630859375,10.223240852355957,-0.28730419278144836,0.5793967843055725
1789130055573687800,4.979687744140625,10.18493366241455,-0.29209262132644653,0.9528923034667969
1789130055589698600,4.995698486328125,9.792284965515137,-0.028730420395731926,0.5985504388809204
1789130055605708000,5.0117080078125,9.567230224609375,0.014365210197865963,0.9576807022094727
1789130055621712600,5.027712646484375,10.888829231262207,-0.033518824726343155,0.4213795065879822
1789130055637720600,5.043720458984375,9.624691009521484,-0.23942017555236816,0.9911994934082031
1789130055653728800,5.059728759765625,9.806650161743164,-0.10055647045373917,0.9097966551780701
1789130055669740000,5.075739990234375,10.165780067443848,0.14844051003456116,0.9672574996948242
1789130055685747700,5.091747802734375,9.96945571899414,-0.4118026793003082,0.6943184733390808
1789130055709764900,5.115764892578125,10.457873344421387,-0.26815059781074524,0.5171475410461426
1789130055725776600,5.131776611328125,9.615114212036133,-0.6512228846549988,0.8379706144332886
1789130055741789700,5.147789794921875,9.17936897277832,-0.8523358106613159,0.8236053586006165
1789130055757801200,5.16380126953125,10.012551307678223,-0.40701428055763245,1.048660397529602
1789130055773809400,5.179809326171875,10.357316970825195,-0.15322890877723694,0.6129156351089478
1789130055789817900,5.19581787109375,9.68694019317627,-0.5602431893348694,0.5267243981361389
1789130055805826800,5.211826904296875,9.390059471130371,-0.6272808313369751,1.0534487962722778
1789130055821832700,5.227832763671875,9.361329078674316,-0.5410895943641663,0.7757213711738586
1789130055837839600,5.243839599609375,10.093954086303711,-0.019153613597154617,0.4118026793003082
1789130055853851000,5.259850830078125,10.122684478759766,-0.08619125932455063,0.7230489253997803
1789130055869861400,5.275861328125,9.86889934539795,-0.2106897532939911,0.9481038451194763
1789130055885873200,5.291873046875,10.232817649841309,0.28730419278144836,1.3551181554794312
1789130055901879300,5.30787939453125,9.8784761428833,0.004788403399288654,0.5410895943641663
1789130055917888800,5.323888671875,9.983820915222168,-0.21547815203666687,0.8475474119186401
1789130055933900500,5.339900634765625,9.926360130310059,-0.3926490843296051,1.1635819673538208
1789130055949907200,5.3559072265625,10.050858497619629,-0.17717093229293823,0.8954314589500427
1789130055965910000,5.371909912109375,10.323798179626465,0.14365209639072418,0.8810662031173706
1789130055981910800,5.387910888671875,9.619902610778809,0.09576806426048279,0.47405192255973816
1789130055997919500,5.40391943359375,9.667786598205566,-0.35434186458587646,0.7709329724311829
1789130056013934300,5.419934326171875,10.122684478759766,-0.3447650372982025,0.7709329724311829
1789130056029944600,5.435944580078125,9.763554573059082,-0.2585737705230713,0.8379706144332886
1789130056045958400,5.45195849609375,9.720458984375,-0.3064578175544739,0.6751648783683777
1789130056061973000,5.467972900390625,10.08437728881836,-0.6177040338516235,0.7996633648872375
1789130056077986300,5.483986328125,10.141838073730469,-0.7661445140838623,0.5985504388809204
1789130056094001700,5.500001708984375,9.940725326538086,-0.05267243832349777,0.5506663918495178
1789130056110023400,5.5160234375,9.643844604492188,-0.1149216815829277,0.45010992884635925
1789130056126041000,5.532041015625,9.749189376831055,-0.38307225704193115,0.8667010068893433
1789130056142055000,5.548054931640625,10.251971244812012,-0.47405192255973816,0.8044517636299133
1789130056158072000,5.564072021484375,9.773131370544434,-0.7038952708244324,0.3256114423274994
1789130056174085600,5.580085693359375,9.476250648498535,-0.3447650372982025,0.9768342971801758
1789130056190101500,5.5961015625,9.945513725280762,-0.7086837291717529,0.5410895943641663
1789130056206114800,5.61211474609375,9.543288230895996,-0.3016694188117981,-0.11013327538967133
1789130056222128400,5.62812841796875,9.533711433410645,-0.17717093229293823,1.0103530883789062
1789130056246144500,5.65214453125,10.376470565795898,0.17238251864910126,0.7661445140838623
1789130056262161000,5.668160888671875,9.801861763000488,-0.11013327538967133,0.6224924325942993
1789130056278174000,5.684174072265625,9.284713745117188,0.17238251864910126,0.4884171485900879
1789130056294191900,5.70019189453125,10.371682167053223,-0.33518823981285095,0.44532153010368347
1789130056310207200,5.716207275390625,9.682151794433594,-0.5123591423034668,0.646434485912323
1789130056326221300,5.73222119140625,9.8784761428833,-0.871489405632019,0.5985504388809204
1789130056342233300,5.7482333984375,10.06043529510498,-0.5985504388809204,0.49320554733276367
1789130056358242600,5.76424267578125,10.127472877502441,-0.6751648783683777,0.6991068720817566
1789130056374258000,5.7802578125,10.108319282531738,-0.3256114423274994,0.44532153010368347
1789130056390275300,5.796275390625,10.15141487121582,-0.3734954595565796,0.9145850539207458
1789130056406293500,5.81229345703125,9.739612579345703,-0.06703764945268631,0.49799394607543945
1789130056422307600,5.8283076171875,10.591948509216309,-0.42616790533065796,0.790086567401886
1789130056438321700,5.84432177734375,9.907206535339355,-1.0965443849563599,0.3974374830722809
1789130056454334000,5.860333984375,9.787496566772461,-0.6272808313369751,1.0199298858642578
1789130056470348300,5.876348388671875,10.180145263671875,-0.40701428055763245,0.6224924325942993
1789130056486365400,5.892365478515625,10.381258964538574,-0.6799532771110535,0.043095629662275314
1789130056502385200,5.90838525390625,9.825803756713867,-0.07661445438861847,0.5315127968788147
1789130056518398200,5.924398193359375,9.47146224975586,-0.22026655077934265,1.8052281141281128
1789130056534417000,5.9404169921875,9.99339771270752,-0.569819986820221,0.10534487664699554
1789130056550440200,5.956440185546875,9.931148529052734,-0.29209262132644653,0.1149216815829277
1789130056566464000,5.972464111328125,9.5624418258667,0.11971008777618408,0.6512228846549988
1789130056582481000,5.98848095703125,10.036493301391602,-0.17717093229293823,1.1492167711257935
1789130056598494700,6.00449462890625,10.160991668701172,-0.35434186458587646,0.9433154463768005
1789130056614511600,6.02051171875,9.437943458557129,-0.5985504388809204,0.4357447028160095
1789130056630519600,6.03651953125,10.285490036010742,-1.1204863786697388,0.2346317619085312
1789130056646533600,6.05253369140625,10.342951774597168,-0.9433154463768005,0.42616790533065796
1789130056662545000,6.068544921875,9.232041358947754,-1.2401964664459229,0.6129156351089478
1789130056678557700,6.0845576171875,10.017339706420898,-0.272938996553421,0.6033388376235962
1789130056694568000,6.10056787109375,10.32858657836914,-0.023942016065120697,0.8810662031173706
1789130056710583600,6.11658349609375,10.18493366241455,-0.3926490843296051,1.015141487121582
1789130056726597600,6.13259765625,10.017339706420898,-1.2066776752471924,0.4357447028160095
1789130056742619600,6.14861962890625,9.591172218322754,-0.9050082564353943,0.3064578175544739
1789130056758636500,6.164636474609375,9.586383819580078,0.023942016065120697,0.24899697303771973
1789130056774652700,6.180652587890625,10.247182846069336,-0.2346317619085312,0.9720458984375
1789130056790670800,6.1966708984375,10.491392135620117,-0.15322890877723694,0.8044517636299133
1789130056806685700,6.212685791015625,10.093954086303711,-0.40701428055763245,0.6177040338516235
1789130056822708700,6.228708740234375,9.93593692779541,-0.5554547905921936,1.0199298858642578
1789130056838729000,6.24472900390625,10.500968933105469,-0.569819986820221,0.2777273952960968
1789130056854748700,6.260748779296875,9.361329078674316,-1.0821791887283325,0.5985504388809204
1789130056870771700,6.276771728515625,9.528923034667969,-0.3495534360408783,0.5841852426528931
1789130056886791200,6.292791259765625,9.950302124023438,0.37828385829925537,0.8044517636299133
1789130056902805000,6.308804931640625,9.768342971801758,-0.2106897532939911,0.8523358106613159
1789130056918820900,6.32482080078125,10.089165687561035,-0.646434485912323,0.9289502501487732
1789130056934839000,6.340839111328125,9.792284965515137,-0.047884032130241394,0.7565677165985107
1789130056950859000,6.35685888671875,9.926360130310059,-0.5410895943641663,0.5554547905921936
1789130056966885000,6.372885009765625,9.840168952941895,-1.0342950820922852,0.3878606855869293
1789130056982911000,6.388910888671875,9.701305389404297,-0.09576806426048279,0.33997663855552673
1789130056998934300,6.404934326171875,9.725247383117676,-0.3926490843296051,0.7805097699165344
1789130057014957300,6.420957275390625,10.251971244812012,-0.4405331015586853,0.29209262132644653
1789130057030979800,6.436979736328125,9.730035781860352,0.05267243832349777,0.6560112833976746
1789130057047002600,6.453002685546875,9.165003776550293,-0.14365209639072418,0.5315127968788147
1789130057063021300,6.469021240234375,9.557653427124023,-0.45489832758903503,0.5506663918495178
1789130057079040800,6.485040771484375,10.041281700134277,0.17717093229293823,0.272938996553421
1789130057095056100,6.50105615234375,9.576807022094727,-0.043095629662275314,0.8331822156906128
1789130057111074300,6.51707421875,10.663774490356445,-0.08619125932455063,1.0534487962722778
1789130057127091000,6.533091064453125,11.176133155822754,-0.17717093229293823,0.5219359993934631
1789130057143108400,6.5491083984375,9.44752025604248,-0.7565677165985107,0.9959878921508789
1789130057159122400,6.565122314453125,9.66299819946289,-0.2059013396501541,0.8092401623725891
1789130057175142400,6.581142333984375,10.338163375854492,-0.29209262132644653,0.8571242094039917
1789130057191165000,6.5971650390625,10.1753568649292,-0.6224924325942993,0.3064578175544739
1789130057207187000,6.61318701171875,9.643844604492188,-0.45489832758903503,0.7469909191131592
1789130057223209000,6.629208984375,10.036493301391602,-0.646434485912323,1.4460978507995605
1789130057239231000,6.64523095703125,10.055646896362305,-0.05267243832349777,0.47405192255973816
1789130057255246800,6.661246826171875,9.677363395690918,-0.44532153010368347,0.2298433631658554
1789130057271265300,6.677265380859375,9.141061782836914,-1.048660397529602,0.7757213711738586
1789130057287285500,6.693285400390625,9.418789863586426,-0.19632454216480255,0.7086837291717529
1789130057303310800,6.709310791015625,10.237606048583984,0.14365209639072418,0.5985504388809204
1789130057319334000,6.725333984375,9.457097053527832,-0.8619126081466675,0.8475474119186401
1789130057335349000,6.741348876953125,9.399636268615723,-0.5123591423034668,0.5410895943641663
1789130057351370500,6.75737060546875,9.600749015808105,-0.5841852426528931,0.3447650372982025
1789130057367390000,6.773389892578125,9.126696586608887,-0.7805097699165344,0.9911994934082031
1789130057383407900,6.789407958984375,10.577583312988281,-0.5746083855628967,0.569819986820221
1789130057399427600,6.805427490234375,10.007762908935547,-1.2401964664459229,0.6272808313369751
1789130057415444500,6.821444580078125,9.624691009521484,-1.3407529592514038,0.8954314589500427
1789130057431461400,6.83746142578125,9.93593692779541,-0.8954314589500427,0.8379706144332886
1789130057447480800,6.853480712890625,9.99339771270752,-0.6799532771110535,0.9481038451194763
1789130057463499500,6.86949951171875,9.801861763000488,-0.9816226959228516,0.9816226959228516
1789130057479512800,6.885512939453125,9.581595420837402,-1.4891934394836426,0.6655880808830261
1789130057495529000,6.901529052734375,9.318233489990234,-1.278503656387329,1.0055646896362305
1789130057511548400,6.91754833984375,10.189722061157227,-0.9720458984375,0.9145850539207458
1789130057527567400,6.9335673828125,9.275136947631836,-1.3886369466781616,1.436521053314209
1789130057543590400,6.94959033203125,9.610325813293457,-1.4413094520568848,1.0534487962722778
1789130057559616500,6.965616455078125,9.821015357971191,-1.158793568611145,1.3886369466781616
1789130057575641300,6.981641357421875,9.437943458557129,-1.5179238319396973,1.5897499322891235
1789130057591669200,6.997669189453125,9.495404243469238,-1.2545616626739502,1.9105730056762695
1789130057607694000,7.013694091796875,9.682151794433594,-1.699883222579956,1.50355863571167
1789130057623713500,7.029713623046875,9.308655738830566,-1.599326729774475,2.0925323963165283
1789130057639733500,7.0457333984375,9.792284965515137,-1.2114660739898682,2.1068975925445557
1789130057655754200,7.061754150390625,9.739612579345703,-1.2401964664459229,1.9297266006469727
1789130057671778600,7.077778564453125,9.41400146484375,-1.4939818382263184,2.2170307636260986
1789130057687803600,7.0938037109375,9.720458984375,-1.3694833517074585,2.049436569213867
1789130057703826400,7.109826416015625,9.653421401977539,-1.455674648284912,2.0877439975738525
1789130057719850800,7.125850830078125,9.418789863586426,-1.5131354331970215,2.006340980529785
1789130057735870200,7.1418701171875,9.99339771270752,-1.8818424940109253,2.5713725090026855
1789130057751892700,7.157892822265625,9.586383819580078,-1.460463047027588,2.6815059185028076
1789130057767915300,7.173915283203125,9.849745750427246,-0.790086567401886,2.432508945465088
1789130057783936000,7.18993603515625,9.715670585632324,-1.4460978507995605,2.2601263523101807
1789130057799959000,7.205958984375,9.47146224975586,-1.2210428714752197,2.580949544906616
1789130057815978800,7.221978759765625,9.514557838439941,-0.751779317855835,2.609679937362671
1789130057831998200,7.237998291015625,9.35654067993164,-1.3455413579940796,2.5330653190612793
1789130057848012000,7.254011962890625,9.81143856048584,-0.8667010068893433,2.4133553504943848
1789130057864024300,7.2700244140625,10.11789608001709,-0.7709329724311829,2.6384103298187256
1789130057880042200,7.286042236328125,9.658209800720215,-0.8619126081466675,2.3750481605529785
1789130057896065300,7.302065185546875,9.77791976928711,-0.6320692300796509,2.7772738933563232
1789130057912087300,7.31808740234375,9.758766174316406,-0.11971008777618408,2.7533318996429443
1789130057928116200,7.3341162109375,10.089165687561035,-0.3926490843296051,2.6144683361053467
1789130057944140000,7.35014013671875,10.074800491333008,-0.7613561153411865,2.6815059185028076
1789130057960159000,7.366158935546875,9.77791976928711,-0.8906430602073669,2.6862943172454834
1789130057976168200,7.382168212890625,9.346963882446289,-0.22505496442317963,2.9017724990844727
1789130057992183600,7.39818359375,9.442731857299805,-0.19153612852096558,2.5665841102600098
1789130058008203000,7.414203125,9.821015357971191,-0.3016694188117981,2.31758713722229
1789130058024217300,7.43021728515625,9.524134635925293,-0.07182604819536209,2.6384103298187256
1789130058040230400,7.44623046875,9.720458984375,-0.5410895943641663,2.676717519760132
1789130058056244500,7.462244384765625,9.428366661071777,-0.17717093229293823,2.403778553009033
1789130058072256300,7.47825634765625,9.169792175292969,0,2.542642116546631
1789130058088270800,7.494270751953125,9.2033109664917,0.363918662071228,2.5953147411346436
1789130058104281000,7.510281005859375,9.964667320251465,0.3208230137825012,2.1164743900299072
1789130058120295000,7.526294921875,9.21288776397705,0.023942016065120697,2.5234885215759277
1789130058136312800,7.542312744140625,8.83939266204834,-0.2346317619085312,2.762908697128296
1789130058152334000,7.558333984375,9.026140213012695,0.5841852426528931,2.3367409706115723
1789130058168349200,7.57434912109375,9.265560150146484,0.7134721279144287,2.3942017555236816
1789130058184369000,7.590368896484375,9.514557838439941,0.7230489253997803,2.1308395862579346
1789130058200391400,7.606391357421875,9.701305389404297,1.015141487121582,2.8395233154296875
1789130058216410000,7.62241015625,9.696516990661621,0.8571242094039917,2.341529369354248
1789130058232430300,7.638430419921875,9.327810287475586,0.6607996821403503,2.3032219409942627
1789130058248447700,7.65444775390625,9.797073364257812,0.4692635238170624,1.9967641830444336
1789130058264469200,7.67046923828125,9.883264541625977,0.5171475410461426,2.140416383743286
1789130058280489200,7.6864892578125,9.155426979064941,-0.24420857429504395,2.542642116546631
1789130058296513000,7.702512939453125,10.228029251098633,0.05746084079146385,2.121262788772583
1789130058312533200,7.718533203125,9.749189376831055,0.40222588181495667,1.6855180263519287
1789130058328551200,7.73455126953125,9.188945770263672,0.17238251864910126,1.987187385559082
1789130058344569900,7.75056982421875,9.466673851013184,0.6943184733390808,2.078166961669922
1789130058360590800,7.7665908203125,9.797073364257812,0.8331822156906128,1.5897499322891235
1789130058376606700,7.782606689453125,9.47146224975586,0.4644751250743866,1.8100165128707886
1789130058392618000,7.798617919921875,9.75397777557373,-0.08619125932455063,1.8818424940109253
1789130058408635000,7.814634765625,9.931148529052734,0.26336219906806946,1.5131354331970215
1789130058424656000,7.83065576171875,9.682151794433594,-0.22505496442317963,1.4269442558288574
1789130058440679700,7.8466796875,9.241618156433105,-0.8379706144332886,1.5322890281677246
1789130058456699400,7.862699462890625,9.859322547912598,-0.11013327538967133,1.4939818382263184
1789130058472724700,7.878724853515625,10.232817649841309,0.1867477297782898,1.235408067703247
1789130058488740000,7.894739990234375,9.854534149169922,-0.43095630407333374,1.3311761617660522
1789130058504756700,7.9107568359375,10.228029251098633,-0.33039984107017517,1.115697979927063
1789130058520778000,7.926778076171875,9.974244117736816,0.043095629662275314,1.2114660739898682
1789130058536797200,7.942797119140625,9.691728591918945,0.3064578175544739,1.1444283723831177
1789130058552811300,7.958811279296875,10.366893768310547,0.19632454216480255,1.1444283723831177
1789130058568827100,7.9748271484375,10.35252857208252,-0.17717093229293823,1.0678139925003052
1789130058584849200,7.99084912109375,9.907206535339355,-0.3495534360408783,0.790086567401886
1789130058600866000,8.006865966796875,9.600749015808105,-0.17238251864910126,1.4508862495422363
1789130058616879900,8.0228798828125,9.825803756713867,-0.2298433631658554,0.8092401623725891
1789130058632893400,8.0388935546875,9.792284965515137,0.19153612852096558,1.292868971824646
1789130058648908300,8.054908203125,9.5624418258667,0.17238251864910126,0.9959878921508789
1789130058664926000,8.070926025390625,9.744400978088379,-0.31124621629714966,1.0821791887283325
1789130058680942300,8.0869423828125,10.113107681274414,-0.019153613597154617,1.1540051698684692
1789130058696957200,8.102957275390626,10.046070098876953,0.08619125932455063,1.1779472827911377
1789130058712973600,8.1189736328125,9.509769439697266,-0.45489832758903503,1.1683704853057861
1789130058728984300,8.134984375,9.883264541625977,-0.3495534360408783,0.790086567401886
1789130058745001200,8.151001220703124,9.950302124023438,-0.10055647045373917,0.8331822156906128
1789130058761015600,8.167015625,9.188945770263672,0.2537853717803955,0.5889736413955688
1789130058777035300,8.18303515625,9.68694019317627,-0.11013327538967133,1.1683704853057861
1789130058793053400,8.199053466796874,10.022128105163574,0.45010992884635925,1.235408067703247
1789130058809072600,8.21507275390625,10.098742485046387,0.689530074596405,1.048660397529602
1789130058825092000,8.231092041015625,9.988609313964844,0.3256114423274994,1.0965443849563599
1789130058841108000,8.24710791015625,9.299078941345215,0.4357447028160095,1.3982137441635132
1789130058857122300,8.263122314453126,10.347740173339844,0.21547815203666687,0.9385270476341248
1789130058873135600,8.279135498046875,9.337387084960938,-0.2537853717803955,0.9576807022094727
1789130058889147100,8.295147216796876,10.261548042297363,-0.19153612852096558,1.0821791887283325
1789130058905155600,8.311155517578126,9.691728591918945,-0.09576806426048279,1.1540051698684692
1789130058921169000,8.3271689453125,9.605537414550781,0.363918662071228,1.158793568611145
1789130058937179600,8.3431796875,9.57201862335205,0.14844051003456116,1.766920804977417
1789130058953194500,8.359194580078125,9.797073364257812,0.22026655077934265,1.580173134803772
1789130058969208600,8.37520849609375,8.796297073364258,0.2825157940387726,1.8531121015548706
1789130058985219800,8.3912197265625,9.576807022094727,-0.009576806798577309,1.7334020137786865
1789130059001230800,8.40723095703125,9.667786598205566,-0.40701428055763245,2.030282974243164
1789130059017245200,8.4232451171875,9.964667320251465,-0.05746084079146385,1.9728221893310547
1789130059033260300,8.43926025390625,9.418789863586426,0.038307227194309235,2.049436569213867
1789130059049271800,8.455271728515624,9.763554573059082,0.11013327538967133,1.7525556087493896
1789130059065284000,8.4712841796875,9.715670585632324,0.05746084079146385,2.4229321479797363
1789130059081300200,8.48730029296875,10.036493301391602,-0.2059013396501541,1.9919757843017578
1789130059097311500,8.5033115234375,9.68694019317627,-0.2106897532939911,2.3032219409942627
1789130059113326000,8.519326171875,9.68694019317627,-0.2346317619085312,2.4803929328918457
1789130059129341400,8.535341552734375,9.461885452270508,-0.14844051003456116,2.341529369354248
1789130059145355800,8.551355712890626,9.064447402954102,0.09576806426048279,2.451662540435791
1789130059161366500,8.567366455078124,9.059659004211426,0.4213795065879822,2.4420857429504395
1789130059177383700,8.5833837890625,9.533711433410645,0.6991068720817566,2.5713725090026855
1789130059193398300,8.599398193359375,9.543288230895996,0.8331822156906128,2.365471363067627
1789130059209418000,8.61541796875,9.155426979064941,0.8092401623725891,2.892195701599121
1789130059225433300,8.631433349609376,9.725247383117676,0.33997663855552673,2.691082715988159
1789130059241447700,8.64744775390625,9.308655738830566,0.45010992884635925,2.470816135406494
1789130059257464000,8.663464111328125,9.533711433410645,0.5267243981361389,2.4229321479797363
1789130059273485600,8.679485595703126,9.524134635925293,-0.35913026332855225,2.580949544906616
1789130059289508900,8.6955087890625,9.66299819946289,-0.047884032130241394,2.738966703414917
1789130059305527800,8.71152783203125,9.806650161743164,0.009576806798577309,2.4468741416931152
1789130059321545700,8.727545654296875,9.32302188873291,0.06703764945268631,2.183511972427368
1789130059337559300,8.743559326171875,9.481039047241211,0.2825157940387726,2.8826189041137695
1789130059353568800,8.75956884765625,9.797073364257812,0.5506663918495178,2.47560453414917
1789130059369581000,8.7755810546875,8.992621421813965,0.3016694188117981,2.5330653190612793
1789130059385596200,8.79159619140625,9.916783332824707,0.5889736413955688,2.786850690841675
1789130059401612300,8.8076123046875,9.30386734008789,0.22505496442317963,3.112462282180786
1789130059417623300,8.823623291015625,9.227252960205078,0.19632454216480255,2.801215887069702
1789130059433635800,8.8396357421875,9.255983352661133,-0.2346317619085312,2.868253707885742
1789130059449645300,8.855645263671875,9.121908187866211,-0.5554547905921936,2.9448680877685547
1789130059465655600,8.871655517578125,8.892065048217773,-0.5937620401382446,2.9448680877685547
1789130059481668600,8.887668701171876,9.165003776550293,-0.3016694188117981,2.22660756111145
1789130059497682000,8.903681884765625,8.892065048217773,0.06703764945268631,2.940079689025879
1789130059513691400,8.91969140625,9.806650161743164,0.33518823981285095,3.4141316413879395
1789130059529702400,8.935702392578126,9.126696586608887,-0.26815059781074524,2.8634653091430664
1789130059545710600,8.951710693359376,8.681375503540039,0.181959331035614,3.1459810733795166
1789130059561718800,8.96771875,9.567230224609375,0.646434485912323,3.667917013168335
1789130059577730800,8.983730712890624,9.533711433410645,0.45010992884635925,3.4572272300720215
1789130059593739300,8.9997392578125,9.222464561462402,0.19632454216480255,3.442862033843994
1789130059609746700,9.01574658203125,9.332598686218262,-0.2346317619085312,3.442862033843994
1789130059625757400,9.03175732421875,8.944737434387207,-0.3208230137825012,3.227383852005005
1789130059641769200,9.047769287109375,9.227252960205078,-0.49320554733276367,3.313575267791748
1789130059665782500,9.071782470703125,8.844181060791016,0.05746084079146385,3.7828385829925537
1789130059681794800,9.087794921875,9.476250648498535,-0.4836287498474121,3.624821424484253
1789130059697806600,9.103806640625,9.404424667358398,-0.5937620401382446,3.1507694721221924
1789130059713818000,9.119818115234375,8.911218643188477,-0.33039984107017517,3.73016619682312
1789130059729831000,9.135830810546874,9.117119789123535,-0.31603461503982544,3.466804027557373
1789130059745846500,9.151846435546876,8.892065048217773,-0.08140286058187485,3.7445313930511475
1789130059761856300,9.167856201171874,9.136273384094238,0.4118026793003082,3.754108190536499
1789130059777873700,9.183873779296874,9.284713745117188,0.2106897532939911,4.170699596405029
1789130059793891300,9.199891357421874,9.461885452270508,0.17238251864910126,3.931279182434082
1789130059809904600,9.215904541015625,9.136273384094238,0.2106897532939911,3.9600095748901367
1789130059825913600,9.23191357421875,9.21288776397705,-0.3734954595565796,3.8594532012939453
1789130059841927700,9.247927734375,9.026140213012695,-0.2968810200691223,3.7158010005950928
1789130059857945900,9.26394580078125,8.710105895996094,-0.24899697303771973,3.955221176147461
1789130059873961200,9.279961181640624,9.002198219299316,-0.181959331035614,3.509899616241455
1789130059889977300,9.295977294921874,8.968679428100586,-0.014365210197865963,4.199429988861084
1789130059905988900,9.31198876953125,9.17936897277832,0.12928688526153564,4.065354347229004
1789130059922000600,9.328000732421875,9.064447402954102,0.6991068720817566,4.132391929626465
1789130059938015500,9.344015380859375,9.38048267364502,0.19153612852096558,4.189853191375732
1789130059954031600,9.360031494140625,8.901641845703125,-0.47884035110473633,3.663128614425659
1789130059970042000,9.3760419921875,8.365341186523438,-0.5219359993934631,3.7397429943084717
1789130059986051000,9.392051025390625,9.169792175292969,-0.24899697303771973,4.0749311447143555
1789130060002068200,9.408068115234375,9.121908187866211,0.33518823981285095,3.8977603912353516
1789130060018079700,9.424079833984376,8.647856712341309,0.17238251864910126,4.309563159942627
1789130060034094300,9.44009423828125,9.38048267364502,0.28730419278144836,4.558559894561768
1789130060050112500,9.456112548828125,8.796297073364258,0.5746083855628967,4.2951979637146
1789130060066128000,9.4721279296875,9.21288776397705,-0.19153612852096558,3.6296098232269287
1789130060082143700,9.488143798828125,8.236053466796875,-0.3447650372982025,4.228160381317139
1789130060098159000,9.5041591796875,8.882488250732422,-0.12449848651885986,4.0749311447143555
1789130060114177300,9.52017724609375,8.585607528686523,-0.24899697303771973,3.907337188720703
1789130060130195700,9.53619580078125,8.355764389038086,0.090979665517807,4.501099109649658
1789130060146211300,9.55221142578125,8.480262756347656,0.2537853717803955,4.525041103363037
1789130060162227200,9.568227294921876,9.074024200439453,0.15322890877723694,4.458003520965576
1789130060186253300,9.59225341796875,8.288725852966309,0.21547815203666687,4.797980308532715
1789130060202272300,9.608272216796875,9.08838939666748,0.12449848651885986,3.9600095748901367
1789130060218285300,9.624285400390624,8.825027465820312,0.004788403399288654,4.668693542480469
1789130060234301400,9.640301513671876,9.351752281188965,-0.028730420395731926,4.23773717880249
1789130060250315000,9.65631494140625,8.89685344696045,-0.9385270476341248,3.5913026332855225
1789130060266330600,9.67233056640625,9.093177795410156,-0.6560112833976746,3.931279182434082
1789130060282346800,9.6883466796875,8.59997272491455,0.12928688526153564,4.189853191375732
1789130060298365200,9.704365234375,8.585607528686523,0.38307225704193115,4.458003520965576
1789130060314379800,9.7203798828125,9.351752281188965,0.2059013396501541,4.812345504760742
1789130060330393600,9.7363935546875,9.006986618041992,-0.1628057211637497,4.357447147369385
1789130060346409700,9.75240966796875,8.829815864562988,-0.7996633648872375,3.88818359375
1789130060362431700,9.768431640625,8.585607528686523,-0.8427590131759644,4.027047157287598
1789130060378454000,9.7844541015625,8.983044624328613,0.019153613597154617,4.520252704620361
1789130060394466800,9.800466796875,8.863334655761719,0.09576806426048279,4.434061527252197
1789130060410482700,9.816482666015625,9.08838939666748,0.014365210197865963,4.424484729766846
1789130060426499000,9.8324990234375,8.815450668334961,0.3974374830722809,4.199429988861084
1789130060442518800,9.848518798828126,9.35654067993164,-0.3974374830722809,4.170699596405029
1789130060458535000,9.864534912109375,9.160215377807617,-0.8954314589500427,3.7158010005950928
1789130060474553000,9.880552978515626,8.868123054504395,-0.6560112833976746,3.7876269817352295
1789130060490566100,9.896566162109375,8.643068313598633,-0.4357447028160095,3.691859006881714
1789130060506582800,9.912582763671875,9.14585018157959,0.2968810200691223,3.883395195007324
1789130060522595800,9.928595947265626,9.691728591918945,0.3064578175544739,3.5913026332855225
1789130060538611000,9.94461083984375,9.050082206726074,-0.4165911078453064,3.6296098232269287
1789130060554628400,9.96062841796875,9.677363395690918,-0.05746084079146385,3.117250680923462
1789130060570642700,9.976642578125,9.366117477416992,-0.15801730751991272,2.911349296569824
1789130060586654200,9.992654296875,8.370129585266113,-0.35913026332855225,3.2561142444610596
1789130060602672600,10.008672607421875,9.461885452270508,0.2825157940387726,3.5913026332855225
1789130060618690000,10.02468994140625,9.41400146484375,0.014365210197865963,3.687070608139038
1789130060634708000,10.0407080078125,9.907206535339355,-0.24420857429504395,3.021482467651367
1789130060650725600,10.0567255859375,9.452308654785156,-0.6751648783683777,2.6815059185028076
1789130060666744600,10.07274462890625,8.791508674621582,-0.5410895943641663,3.1459810733795166
1789130060682764300,10.088764404296874,8.83939266204834,-0.2777273952960968,3.1651346683502197
1789130060698786800,10.104786865234376,9.600749015808105,0.014365210197865963,3.423708438873291
1789130060714807000,10.12080712890625,9.14585018157959,-0.023942016065120697,4.0749311447143555
1789130060730821400,10.1368212890625,9.605537414550781,-0.2106897532939911,2.9496564865112305
1789130060746834700,10.152834716796875,8.959102630615234,-0.6991068720817566,3.0358476638793945
1789130060762844000,10.168843994140625,8.868123054504395,-0.31124621629714966,3.050212860107422
1789130060778854100,10.184854248046875,9.279925346374512,0.1867477297782898,3.308786630630493
1789130060794871600,10.20087158203125,8.815450668334961,-0.33997663855552673,3.6774938106536865
1789130060810890200,10.21689013671875,9.294290542602539,0.19153612852096558,3.5242648124694824
1789130060826902300,10.23290234375,9.691728591918945,-0.08619125932455063,2.873042106628418
1789130060842914300,10.248914306640625,9.165003776550293,-0.9624691009521484,2.8203697204589844
1789130060858929200,10.26492919921875,8.734047889709473,-0.6991068720817566,2.920926094055176
1789130060874943700,10.28094384765625,8.87291145324707,-0.3495534360408783,3.3470940589904785
1789130060890952700,10.29695263671875,9.524134635925293,-0.31603461503982544,3.5194764137268066
1789130060906964200,10.312964111328125,9.318233489990234,-0.5171475410461426,3.160346269607544
1789130060922977000,10.32897705078125,9.232041358947754,-0.7948749661445618,3.5242648124694824
1789130060938987800,10.34498779296875,9.57201862335205,-1.1779472827911377,2.829946517944336
1789130060963003100,10.369003173828125,9.481039047241211,-0.20111294090747833,3.4572272300720215
1789130060979015700,10.385015625,9.979032516479492,-0.5315127968788147,3.428496837615967
1789130060995030500,10.401030517578125,8.767566680908203,-1.0630255937576294,2.964021682739258
1789130061011036400,10.417036376953124,9.05487060546875,-0.7182605266571045,3.0837318897247314
1789130061027041800,10.433041748046875,9.557653427124023,-0.3687070608139038,3.0885202884674072
1789130061043050800,10.44905078125,8.968679428100586,-0.363918662071228,3.6535518169403076
1789130061059059700,10.465059814453125,9.75397777557373,-0.4357447028160095,3.667917013168335
1789130061075074600,10.481074462890625,9.653421401977539,-0.9528923034667969,3.179499864578247
1789130061091094000,10.497093994140625,9.672574996948242,-1.235408067703247,2.873042106628418
1789130061107108400,10.5131083984375,9.327810287475586,-0.6703764796257019,3.155557870864868
1789130061123127000,10.529126953125,9.002198219299316,-0.14365209639072418,3.7397429943084717
1789130061139148500,10.5451484375,9.442731857299805,-0.727837324142456,3.466804027557373
1789130061155168500,10.56116845703125,9.495404243469238,-0.545877993106842,3.691859006881714
1789130061171186000,10.57718603515625,9.509769439697266,-1.1827356815338135,2.6431987285614014
1789130061187202000,10.5932021484375,9.227252960205078,-1.1827356815338135,3.1316158771514893
1789130061203223800,10.609223876953125,9.131484985351562,-0.608127236366272,3.691859006881714
1789130061219246000,10.62524609375,9.035717010498047,-0.8140285611152649,3.471592426300049
1789130061235265000,10.64126513671875,9.672574996948242,-1.0342950820922852,2.9496564865112305
1789130061251277600,10.657277587890626,9.074024200439453,-1.2401964664459229,3.1316158771514893
1789130061267287300,10.673287353515626,9.11233139038086,-0.7948749661445618,3.246537446975708
1789130061283296300,10.689296142578126,9.461885452270508,-0.33039984107017517,3.821146011352539
1789130061299309000,10.70530908203125,9.706093788146973,-0.4596867263317108,3.3470940589904785
1789130061315326500,10.721326416015625,9.275136947631836,-1.5275006294250488,2.896984100341797
1789130061331342300,10.73734228515625,9.14585018157959,-1.0438719987869263,3.2417490482330322
1789130061347359500,10.753359375,9.399636268615723,-0.6751648783683777,3.8546648025512695
1789130061363374600,10.76937451171875,9.44752025604248,-0.9864110946655273,3.399766445159912
1789130061379390500,10.785390380859376,9.557653427124023,-1.7525556087493896,2.9257144927978516
1789130061395408400,10.801408447265626,8.968679428100586,-1.6663644313812256,3.1220390796661377
1789130061411425300,10.81742529296875,9.423578262329102,-1.1875240802764893,3.7684733867645264
1789130061427447300,10.833447265625,9.452308654785156,-1.6663644313812256,3.2178070545196533
1789130061443471600,10.8494716796875,9.241618156433105,-1.7286136150360107,2.82515811920166
1789130061459496000,10.865495849609376,9.418789863586426,-1.2449848651885986,3.375824451446533
1789130061475519000,10.88151904296875,8.99740982055664,-1.091755986213684,3.797203779220581
1789130061491534600,10.89753466796875,9.47146224975586,-1.9823989868164062,3.1220390796661377
1789130061507554300,10.91355419921875,8.959102630615234,-2.47560453414917,3.0358476638793945
1789130061523575000,10.929574951171874,9.452308654785156,-1.436521053314209,3.375824451446533
1789130061539593000,10.945593017578124,9.117119789123535,-1.3311761617660522,3.1028854846954346
1789130061555614500,10.961614501953125,8.628703117370605,-2.0398597717285156,3.2321722507476807
1789130061571635700,10.9776357421875,9.169792175292969,-1.5322890281677246,3.576937437057495
1789130061587655200,10.9936552734375,9.083600997924805,-1.656787633895874,3.184288263320923
1789130061603677700,11.009677734375,9.265560150146484,-2.0685901641845703,3.5194764137268066
1789130061619698000,11.025697998046875,9.11233139038086,-2.054224967956543,3.0789434909820557
1789130061635721000,11.041720947265626,8.89685344696045,-1.7286136150360107,3.5673606395721436
1789130061651736300,11.057736328125,8.93037223815918,-1.8483237028121948,3.3710360527038574
1789130061667752200,11.073752197265625,9.366117477416992,-2.140416383743286,2.9927520751953125
1789130061683763500,11.089763427734376,9.366117477416992,-1.3551181554794312,2.9305028915405273
1789130061707795200,11.113795166015626,9.696516990661621,-1.2880805730819702,3.361459255218506
1789130061723823000,11.129822998046874,9.437943458557129,-1.1252747774124146,3.9695863723754883
1789130061739843300,11.14584326171875,9.533711433410645,-1.1971008777618408,3.3854012489318848
1789130061755863000,11.161863037109375,9.337387084960938,-1.987187385559082,2.7102363109588623
1789130061771880400,11.17788037109375,8.815450668334961,-1.1252747774124146,3.002328872680664
1789130061787899000,11.19389892578125,9.102754592895508,-1.192312479019165,3.5625722408294678
1789130061803918800,11.2099189453125,9.792284965515137,-2.1068975925445557,3.6152446269989014
1789130061819940600,11.225940673828125,9.490615844726562,-1.4221558570861816,2.7006595134735107
1789130061835954200,11.2419541015625,8.762778282165527,-1.5275006294250488,3.5194764137268066
1789130061851971000,11.25797119140625,8.719682693481445,-1.647210717201233,3.5721490383148193
1789130061867985400,11.2739853515625,9.11233139038086,-1.316810965538025,3.1076738834381104
1789130061884000000,11.29,9.342175483703613,-1.5418659448623657,3.136404275894165
1789130061900016000,11.30601611328125,9.418789863586426,-0.7852981686592102,3.643975019454956
1789130061916026600,11.322026611328125,9.188945770263672,-1.5418659448623657,3.098097085952759
1789130061932035300,11.338035400390625,9.155426979064941,-1.7190368175506592,2.75812029838562
1789130061948045800,11.3540458984375,8.255207061767578,-1.8770540952682495,3.7253777980804443
1789130061964057300,11.370057373046874,9.174580574035645,-1.7477672100067139,3.5003228187561035
1789130061980063500,11.3860634765625,8.939949035644531,-2.2170307636260986,2.9065608978271484
1789130061996074200,11.40207421875,8.83939266204834,-1.8483237028121948,2.935291290283203
1789130062012082400,11.41808251953125,9.442731857299805,-0.6033388376235962,3.950432777404785
1789130062028083500,11.43408349609375,9.404424667358398,-1.479616641998291,3.428496837615967
1789130062052094700,11.4580947265625,9.346963882446289,-0.5219359993934631,3.35667085647583
1789130062068106500,11.4741064453125,8.255207061767578,-0.6033388376235962,3.7493197917938232
1789130062084124200,11.490124267578125,9.696516990661621,-1.6711528301239014,2.9544448852539062
1789130062100145400,11.5061455078125,9.289502143859863,-1.6424223184585571,3.35667085647583
1789130062116162300,11.522162353515625,9.02135181427002,-0.6320692300796509,3.8115692138671875
1789130062132179500,11.538179443359375,9.437943458557129,-1.2114660739898682,3.1220390796661377
1789130062148189700,11.554189697265626,8.858546257019043,-2.054224967956543,3.064578056335449
1789130062164205000,11.570205078125,8.983044624328613,-1.0965443849563599,3.5625722408294678
1789130062180212200,11.586212158203125,9.41400146484375,-1.0869675874710083,3.687070608139038
1789130062196224500,11.602224609375,9.05487060546875,-1.6950948238372803,3.423708438873291
1789130062212238300,11.61823828125,8.99740982055664,-2.2649147510528564,2.7485435009002686
1789130062228255200,11.634255126953125,9.08838939666748,-1.5322890281677246,3.2178070545196533
1789130062244274400,11.6502744140625,9.222464561462402,-0.5410895943641663,3.8355112075805664
1789130062268296400,11.67429638671875,9.399636268615723,-1.2306196689605713,3.576937437057495
1789130062284312600,11.6903125,9.050082206726074,-0.8906430602073669,3.557783842086792
1789130062300327000,11.706326904296875,8.38449478149414,-1.8387469053268433,3.2178070545196533
1789130062316339500,11.72233935546875,9.351752281188965,-1.6855180263519287,3.2561142444610596
1789130062332351700,11.738351806640624,9.155426979064941,-1.1109095811843872,3.840299606323242
1789130062348359000,11.75435888671875,9.006986618041992,-1.4700398445129395,3.3039982318878174
1789130062364365000,11.770364990234375,9.452308654785156,-1.4317326545715332,2.8443117141723633
1789130062380368400,11.786368408203124,9.217676162719727,-1.6424223184585571,2.8443117141723633
1789130062396370200,11.8023701171875,8.705317497253418,-1.5753847360610962,3.5194764137268066
1789130062412375600,11.81837548828125,9.208099365234375,-1.0869675874710083,3.8786067962646484
1789130062428379600,11.834379638671875,9.983820915222168,-1.6136919260025024,2.9161376953125
1789130062444389600,11.8503896484375,9.126696586608887,-1.53707754611969,3.0597896575927734
1789130062476405000,11.882405029296875,9.150638580322266,-1.3934253454208374,3.529053211212158
1789130062492410000,11.89841015625,9.399636268615723,-1.2737152576446533,3.00711727142334
1789130062508416300,11.914416259765625,9.476250648498535,-0.8858546018600464,2.868253707885742
1789130062524423400,11.93042333984375,9.198522567749023,-1.6089035272598267,3.313575267791748
1789130062540423200,11.946423095703125,9.763554573059082,-1.4700398445129395,3.4093432426452637
1789130062556420600,11.962420654296874,8.992621421813965,-1.2066776752471924,3.002328872680664
1789130062572429800,11.978429931640624,9.121908187866211,-1.556231141090393,3.1316158771514893
1789130062588435200,11.994435302734376,9.926360130310059,-1.278503656387329,3.3518824577331543
1789130062604437200,12.010437255859374,9.160215377807617,-0.9481038451194763,3.5913026332855225
1789130062620443400,12.026443359375,9.284713745117188,-1.158793568611145,3.1507694721221924
1789130062636450000,12.042449951171875,9.227252960205078,-0.9864110946655273,3.2130186557769775
1789130062652462600,12.058462646484376,9.074024200439453,-0.8092401623725891,3.361459255218506
1789130062668475400,12.074475341796875,9.567230224609375,-1.2018892765045166,3.4332852363586426
1789130062684486100,12.090486083984375,9.275136947631836,-1.0295066833496094,3.2321722507476807
1789130062700496400,12.106496337890626,9.23682975769043,-1.292868971824646,3.050212860107422
1789130062716505600,12.122505615234376,9.117119789123535,-1.1971008777618408,3.576937437057495
1789130062732514800,12.138514892578126,9.174580574035645,-1.3024457693099976,3.227383852005005
1789130062748522500,12.1545224609375,9.11233139038086,-1.1540051698684692,2.983175277709961
1789130062764531000,12.170531005859376,9.600749015808105,-1.2497732639312744,3.423708438873291
1789130062780544500,12.18654443359375,9.17936897277832,-0.8571242094039917,3.44765043258667
1789130062796560000,12.202559814453124,9.08838939666748,-0.7661445140838623,3.332728862762451
1789130062812573700,12.21857373046875,9.045293807983398,-0.8092401623725891,3.28963303565979
1789130062828581400,12.234581298828125,9.011775016784668,-1.1300631761550903,3.098097085952759
1789130062844591400,12.25059130859375,9.064447402954102,-0.8571242094039917,3.2752678394317627
1789130062860604000,12.26660400390625,8.772355079650879,-1.048660397529602,3.485957622528076
1789130062876615700,12.28261572265625,9.509769439697266,-0.9911994934082031,3.3039982318878174
1789130062892625700,12.298625732421876,9.696516990661621,-1.4508862495422363,3.1316158771514893
1789130062908634000,12.314634033203125,8.686163902282715,-1.436521053314209,3.404554843902588
1789130062924647000,12.33064697265625,9.232041358947754,-0.9768342971801758,3.4572272300720215
1789130062940660700,12.34666064453125,9.730035781860352,-0.9959878921508789,3.093308687210083
1789130062956669400,12.36266943359375,9.308655738830566,-0.933738648891449,3.6343982219696045
1789130062972677400,12.378677490234375,9.260771751403809,-0.8667010068893433,3.2848446369171143
1789130062988689000,12.39468896484375,9.351752281188965,-1.0773907899856567,2.8443117141723633
1789130063004701200,12.410701171875,8.7484130859375,-1.359906554222107,3.60566782951355
1789130063020715000,12.426715087890624,9.313444137573242,-1.2114660739898682,3.4620156288146973
1789130063036722200,12.44272216796875,9.964667320251465,-1.2401964664459229,3.179499864578247
1789130063052728300,12.458728271484375,9.552865028381348,-1.436521053314209,3.4955344200134277
1789130063068740900,12.474740966796874,9.911994934082031,-0.790086567401886,3.6774938106536865
1789130063084755700,12.490755615234375,9.715670585632324,-0.4836287498474121,3.35667085647583
1789130063100770800,12.506770751953125,8.671798706054688,-0.7469909191131592,3.1507694721221924
1789130063116783400,12.522783447265626,9.835380554199219,-1.1348515748977661,3.5003228187561035
1789130063132795400,12.53879541015625,9.284713745117188,-0.47405192255973816,3.203441858291626
1789130063148803000,12.554802978515625,9.476250648498535,-0.4596867263317108,3.0550012588500977
1789130063164816600,12.570816650390626,9.50498104095459,-0.545877993106842,2.940079689025879
1789130063180833800,12.586833740234376,9.275136947631836,-0.8523358106613159,2.9688100814819336
1789130063196851500,12.6028515625,9.35654067993164,-0.8571242094039917,2.7772738933563232
1789130063212866300,12.6188662109375,9.107542991638184,-0.7422025203704834,2.4612393379211426
1789130063228882400,12.63488232421875,9.069235801696777,-1.1061211824417114,2.671929121017456
1789130063244895000,12.65089501953125,9.255983352661133,-1.0247182846069336,2.389413356781006
1789130063260902400,12.66690234375,8.911218643188477,-1.2689268589019775,2.3127987384796143
1789130063276908300,12.682908203125,8.935160636901855,-1.522712230682373,2.6144683361053467
1789130063292922000,12.698922119140626,8.96389102935791,-1.5083470344543457,2.5234885215759277
1789130063308935000,12.714934814453125,9.533711433410645,-1.460463047027588,2.604891538619995
1789130063324945700,12.730945556640625,9.265560150146484,-1.4413094520568848,2.853888511657715
1789130063340956700,12.746956787109376,9.05487060546875,-1.1540051698684692,2.5761611461639404
1789130063356969500,12.762969482421875,9.217676162719727,-1.8339585065841675,2.8347349166870117
1789130063372985900,12.77898583984375,9.8784761428833,-1.599326729774475,2.9688100814819336
1789130063389005600,12.795005615234375,9.107542991638184,-1.0582371950149536,3.160346269607544
1789130063405020400,12.8110205078125,8.451532363891602,-0.9864110946655273,3.490746021270752
1789130063421028000,12.827028076171874,10.031704902648926,-1.4748282432556152,2.734178304672241
1789130063437039000,12.8430390625,9.44752025604248,-1.2832920551300049,3.2561142444610596
1789130063453045800,12.859045654296875,9.150638580322266,-0.8571242094039917,2.892195701599121
1789130063469054500,12.875054443359375,9.53849983215332,-0.24420857429504395,2.806004285812378
1789130063485060900,12.891060791015626,8.585607528686523,-0.8906430602073669,2.9305028915405273
1789130063501064700,12.907064697265625,8.844181060791016,-0.8140285611152649,3.2417490482330322
1789130063517064000,12.92306396484375,9.035717010498047,-0.6943184733390808,3.2417490482330322
1789130063533066000,12.93906591796875,9.710882186889648,-1.2832920551300049,3.3662476539611816
1789130063549072000,12.95507177734375,9.351752281188965,-1.1683704853057861,3.203441858291626
1789130063565081300,12.971081298828125,8.820239067077637,-1.479616641998291,2.983175277709961
1789130063581095000,12.987094970703126,8.983044624328613,-1.0821791887283325,3.428496837615967
1789130063597102300,13.003102294921876,9.50498104095459,-0.42616790533065796,3.294421434402466
1789130063613112600,13.019112548828126,9.332598686218262,-0.7038952708244324,2.7293899059295654
1789130063629124000,13.0351240234375,8.652645111083984,-1.072602391242981,3.2130186557769775
1789130063645127400,13.05112744140625,9.672574996948242,-0.9050082564353943,3.203441858291626
1789130063661131000,13.067131103515624,9.615114212036133,-0.933738648891449,3.1220390796661377
1789130063677133800,13.0831337890625,9.457097053527832,-0.6703764796257019,3.179499864578247
1789130063693141500,13.0991416015625,9.548076629638672,-0.9433154463768005,3.270479440689087
1789130063709150500,13.115150390625,9.299078941345215,-0.727837324142456,3.0358476638793945
1789130063725156000,13.131156005859374,9.174580574035645,-0.933738648891449,3.2417490482330322
1789130063749158000,13.155157958984375,9.816226959228516,-1.259350061416626,3.4620156288146973
1789130063773164300,13.179164306640626,9.351752281188965,-0.9864110946655273,3.064578056335449
1789130063789175300,13.19517529296875,9.193734169006348,-1.0773907899856567,2.82515811920166
1789130063805186800,13.211186767578125,9.41400146484375,-0.8427590131759644,3.308786630630493
1789130063821192700,13.227192626953125,9.011775016784668,-0.9481038451194763,3.423708438873291
1789130063837202400,13.243202392578125,9.222464561462402,-1.1348515748977661,2.978386878967285
1789130063853207300,13.259207275390626,8.992621421813965,-1.316810965538025,2.8395233154296875
1789130063869213000,13.275212890625,8.69095230102539,-0.8858546018600464,3.117250680923462
1789130063885216000,13.291216064453126,9.615114212036133,-0.4836287498474121,3.2130186557769775
1789130063901226800,13.307226806640625,9.059659004211426,-1.1252747774124146,3.093308687210083
1789130063917235700,13.323235595703125,9.184157371520996,-0.8188169598579407,3.3662476539611816
1789130063933242000,13.3392421875,9.308655738830566,-0.7948749661445618,3.5051112174987793
1789130063949250600,13.35525048828125,9.02135181427002,-0.871489405632019,2.9735984802246094
1789130063965261600,13.371261474609375,8.954314231872559,-0.9433154463768005,3.227383852005005
1789130063981275400,13.387275390625,9.198522567749023,-0.7038952708244324,3.442862033843994
1789130063997289000,13.4032890625,9.53849983215332,-0.4165911078453064,3.2992098331451416
1789130064013298200,13.419298095703125,9.284713745117188,-0.35913026332855225,2.9448680877685547
1789130064029315300,13.4353154296875,8.863334655761719,-0.7565677165985107,3.246537446975708
1789130064045332200,13.451332275390625,9.730035781860352,-0.6991068720817566,3.624821424484253
1789130064061342200,13.46734228515625,9.265560150146484,-1.0342950820922852,3.6966474056243896
1789130064077353700,13.483353759765626,8.777143478393555,-0.9720458984375,3.4955344200134277
1789130064093370400,13.499370361328126,9.174580574035645,-0.7086837291717529,3.5482068061828613
1789130064109382100,13.515382080078124,8.987833023071289,-0.5746083855628967,3.6583402156829834
1789130064125392600,13.531392578125,9.045293807983398,-0.8762778043746948,3.6822822093963623
1789130064141404000,13.54740380859375,9.284713745117188,-0.8475474119186401,3.4620156288146973
1789130064157414400,13.563414306640626,8.604761123657227,-0.507570743560791,3.7876269817352295
1789130064173427000,13.579427001953125,8.99740982055664,-0.5602431893348694,3.5673606395721436
1789130064189443600,13.595443603515625,9.083600997924805,-0.8667010068893433,3.6296098232269287
1789130064205458700,13.611458740234376,8.983044624328613,-0.7565677165985107,3.4093432426452637
1789130064221473000,13.62747314453125,8.892065048217773,-0.8858546018600464,3.6727054119110107
1789130064237487000,13.643487060546875,8.705317497253418,-0.7948749661445618,3.1459810733795166
1789130064253497900,13.659497802734375,9.141061782836914,-0.7134721279144287,3.485957622528076
1789130064269505300,13.67550537109375,9.169792175292969,-0.6943184733390808,3.912125587463379
1789130064285513000,13.691512939453125,9.643844604492188,-0.43095630407333374,3.8115692138671875
1789130064301521700,13.707521728515625,9.289502143859863,-0.33518823981285095,3.5242648124694824
1789130064317532200,13.7235322265625,9.227252960205078,-0.6991068720817566,3.5721490383148193
1789130064333546000,13.7395458984375,9.442731857299805,-0.5267243981361389,3.691859006881714
1789130064349559600,13.7555595703125,8.9064302444458,-0.8619126081466675,3.6966474056243896
1789130064365571800,13.77157177734375,8.834604263305664,-0.5985504388809204,3.6296098232269287
1789130064381587200,13.787587158203126,9.289502143859863,-0.7134721279144287,3.5721490383148193
1789130064397599500,13.803599609375,8.944737434387207,-0.7661445140838623,3.825934410095215
1789130064413615400,13.819615478515624,9.160215377807617,-0.7948749661445618,3.8115692138671875
1789130064429626000,13.835626220703125,9.308655738830566,-0.9050082564353943,3.801992416381836
1789130064445638400,13.851638427734375,8.647856712341309,-0.7661445140838623,3.950432777404785
1789130064461647600,13.867647705078125,8.882488250732422,-0.871489405632019,4.165910720825195
1789130064477657600,13.88365771484375,9.011775016784668,-0.8667010068893433,4.23773717880249
1789130064493666000,13.899666015625,8.959102630615234,-1.2449848651885986,3.840299606323242
1789130064509681200,13.91568115234375,8.786720275878906,-1.4844050407409668,3.529053211212158
1789130064525692400,13.9316923828125,8.667010307312012,-0.8571242094039917,3.936067581176758
1789130064541703000,13.947702880859374,8.825027465820312,-0.7038952708244324,4.0749311447143555
1789130064557708500,13.96370849609375,9.351752281188965,-0.7182605266571045,3.734954595565796
1789130064573723400,13.979723388671875,9.53849983215332,-0.6416460275650024,4.084507942199707
1789130064589740000,13.995739990234375,9.361329078674316,-0.7852981686592102,4.357447147369385
1789130064605756400,14.01175634765625,9.801861763000488,-0.3734954595565796,4.213795185089111
1789130064621771000,14.02777099609375,9.217676162719727,-0.3734954595565796,4.271255970001221
1789130064637789200,14.0437890625,8.791508674621582,-0.5315127968788147,4.501099109649658
1789130064653812000,14.05981201171875,9.08838939666748,-0.6607996821403503,4.304774761199951
1789130064669832000,14.07583203125,8.753201484680176,-0.9385270476341248,4.314351558685303
1789130064685851600,14.0918515625,8.53293514251709,-0.8331822156906128,4.4723687171936035
1789130064701867800,14.10786767578125,8.89685344696045,-0.5410895943641663,4.405331134796143
1789130064717886000,14.123885986328125,9.002198219299316,-0.6847416758537292,4.390965938568115
1789130064741908200,14.147908203125,9.064447402954102,-0.6416460275650024,4.548983097076416
1789130064757921000,14.163921142578126,8.56645393371582,-0.3256114423274994,4.280832767486572
1789130064773936400,14.179936279296875,7.9631147384643555,-0.7565677165985107,4.146757125854492
1789130064789949000,14.195948974609376,7.738059997558594,-0.569819986820221,4.5154643058776855
1789130064805961700,14.211961669921875,8.56645393371582,-0.2968810200691223,4.63517427444458
1789130064821968600,14.22796875,8.202534675598145,-0.29209262132644653,4.462791919708252
1789130064837976300,14.243976318359374,8.738836288452148,-0.19632454216480255,4.534617900848389
1789130064853992400,14.259992431640624,8.508993148803711,-0.2059013396501541,4.5825018882751465
1789130064870008600,14.276008544921876,8.604761123657227,-0.5171475410461426,4.750096321105957
1789130064886025000,14.29202490234375,8.80587387084961,-0.9720458984375,4.922478675842285
1789130064902044000,14.3080439453125,8.853757858276367,-1.0534487962722778,5.080495834350586
1789130064918057500,14.324057373046875,9.385271072387695,-1.1971008777618408,4.165910720825195
1789130064934075000,14.340074951171875,8.365341186523438,-0.019153613597154617,5.166687488555908
1789130064950091000,14.356091064453125,8.920795440673828,-0.17238251864910126,4.745307922363281
1789130064966108200,14.372108154296875,9.078812599182129,-0.5746083855628967,4.525041103363037
1789130064982122200,14.388122314453126,9.461885452270508,-0.5841852426528931,4.841075897216797
1789130064998131200,14.404131103515626,9.44752025604248,-0.8906430602073669,4.774038314819336
1789130065014141400,14.420141357421874,8.868123054504395,-0.5219359993934631,4.6734819412231445
1789130065030153000,14.436153076171875,9.117119789123535,-0.14365209639072418,4.8937482833862305
1789130065046162200,14.452162109375,9.208099365234375,-0.43095630407333374,4.788403511047363
1789130065062177800,14.468177734375,9.030928611755371,-0.6799532771110535,4.639962673187256
1789130065078193700,14.484193603515624,8.547300338745117,0.038307227194309235,4.616020679473877
1789130065094209000,14.500208984375,9.035717010498047,-0.07661445438861847,4.697423934936523
1789130065110221800,14.516221923828125,8.56645393371582,-0.31124621629714966,4.563348293304443
1789130065126230500,14.53223046875,8.825027465820312,0.2968810200691223,4.774038314819336
1789130065142239700,14.54823974609375,8.944737434387207,0.3016694188117981,4.817133903503418
1789130065158256600,14.564256591796875,8.935160636901855,0.6224924325942993,4.7405195236206055
1789130065174270200,14.580270263671874,9.016563415527344,0.019153613597154617,4.764461517333984
1789130065190280000,14.596280029296874,8.647856712341309,0.16759411990642548,4.548983097076416
1789130065206284800,14.612284912109375,8.638279914855957,0.3926490843296051,4.525041103363037
1789130065222294800,14.628294677734376,9.026140213012695,0.29209262132644653,4.266467571258545
1789130065238301700,14.6443017578125,8.197746276855469,0.42616790533065796,4.879383087158203
1789130065254308400,14.660308349609375,8.494627952575684,0.2346317619085312,4.424484729766846
1789130065270314800,14.676314697265624,8.38449478149414,0.1388636976480484,5.066130638122559
1789130065286325200,14.6923251953125,8.935160636901855,0.16759411990642548,4.587290287017822
1789130065302340600,14.708340576171874,8.743624687194824,0.033518824726343155,4.659116744995117
1789130065318354700,14.724354736328126,8.604761123657227,0.08619125932455063,4.850652694702148
1789130065334371300,14.740371337890625,8.87291145324707,0.14844051003456116,4.41969633102417
1789130065350382300,14.75638232421875,8.868123054504395,0.090979665517807,4.850652694702148
1789130065366391800,14.772391845703124,8.829815864562988,0.12449848651885986,4.9368438720703125
1789130065382404400,14.788404296875,8.99740982055664,0.08140286058187485,4.745307922363281
1789130065398412500,14.80441259765625,9.619902610778809,-0.019153613597154617,4.639962673187256
1789130065414423000,14.820423095703125,8.422801971435547,0.10055647045373917,5.434837818145752
1789130065430438000,14.83643798828125,8.552088737487793,-0.14365209639072418,5.343858242034912
1789130065446449400,14.852449462890625,8.83939266204834,-0.31124621629714966,5.190629482269287
1789130065462464500,14.868464599609375,8.719682693481445,0.038307227194309235,5.363011837005615
1789130065478478800,14.884478759765624,8.628703117370605,-0.3256114423274994,5.353435039520264
1789130065494488600,14.900488525390625,8.949525833129883,-0.6224924325942993,5.377377033233643
1789130065510500000,14.9165,8.192957878112793,-0.1867477297782898,5.793968200683594
1789130065526510800,14.9325107421875,8.825027465820312,0.14844051003456116,5.540182590484619
1789130065542519000,14.94851904296875,8.944737434387207,-0.14365209639072418,5.353435039520264
1789130065558531600,14.964531494140624,8.676587104797363,0.3878606855869293,5.746084213256836
1789130065574540300,14.980540283203124,9.035717010498047,0.37828385829925537,5.477933406829834
1789130065590549000,14.996549072265625,8.619126319885254,-0.1149216815829277,5.224148273468018
1789130065606558200,15.01255810546875,8.35097599029541,0.11013327538967133,5.51624059677124
1789130065622569000,15.02856884765625,8.523358345031738,-0.05267243832349777,5.463568210601807
1789130065638579500,15.044579345703125,8.59997272491455,-0.12928688526153564,5.243301868438721
1789130065654590000,15.06058984375,8.456320762634277,0.08140286058187485,5.319916248321533
1789130065670600700,15.0766005859375,8.576030731201172,0.1867477297782898,5.20978307723999
1789130065686613800,15.09261376953125,8.796297073364258,0.3064578175544739,5.070919036865234
1789130065702628400,15.10862841796875,8.398859977722168,0.08619125932455063,5.310339450836182
1789130065718641000,15.124640869140626,8.643068313598633,0.19632454216480255,5.2480902671813965
1789130065742657500,15.148657470703125,8.513781547546387,0.14365209639072418,5.272032260894775
1789130065758668800,15.164668701171875,8.53293514251709,0.07661445438861847,4.903325080871582
1789130065774683100,15.18068310546875,8.571242332458496,0.1867477297782898,5.0900726318359375
1789130065790694100,15.196694091796875,8.676587104797363,0.2059013396501541,5.195417881011963
1789130065806705200,15.212705078125,8.604761123657227,0.12449848651885986,5.080495834350586
1789130065822714000,15.228714111328125,8.59997272491455,0.12449848651885986,4.989516258239746
1789130065838717400,15.244717529296874,8.422801971435547,0.11013327538967133,5.238513469696045
1789130065854723800,15.260723876953126,8.633491516113281,0.15801730751991272,5.142745018005371
1789130065870728400,15.276728515625,8.547300338745117,-0.019153613597154617,5.1331682205200195
1789130065886733000,15.292733154296876,8.5903959274292,0.1628057211637497,5.051765441894531
1789130065902739200,15.3087392578125,8.485051155090332,0.1628057211637497,4.879383087158203
1789130065918748400,15.32474853515625,8.571242332458496,0.11013327538967133,4.9368438720703125
1789130065934761700,15.34076171875,8.556877136230469,0.19153612852096558,5.085284233093262
1789130065950776600,15.356776611328126,8.470685958862305,-0.2106897532939911,4.8602294921875
1789130065966788000,15.3727880859375,8.504204750061035,0.014365210197865963,4.908113479614258
1789130065982797800,15.3887978515625,8.480262756347656,-0.24899697303771973,5.185841083526611
1789130065998807800,15.404807861328125,8.604761123657227,-0.2585737705230713,4.745307922363281
1789130066014811600,15.420811767578124,8.576030731201172,-0.090979665517807,5.137956619262695
1789130066030815000,15.43681494140625,8.801085472106934,0.10055647045373917,4.9799394607543945
1789130066046820600,15.452820556640624,9.035717010498047,0.15322890877723694,4.778826713562012
1789130066062826000,15.468825927734375,8.379706382751465,0.1149216815829277,5.17626428604126
1789130066078832400,15.484832275390625,8.954314231872559,-0.08619125932455063,4.912901878356934
1789130066094839600,15.500839599609375,9.059659004211426,0.1388636976480484,5.018246650695801
1789130066110848000,15.516847900390625,8.968679428100586,0.09576806426048279,4.8937482833862305
1789130066126863600,15.532863525390624,8.719682693481445,-0.181959331035614,5.061342239379883
1789130066142878500,15.54887841796875,9.121908187866211,0.023942016065120697,5.0900726318359375
1789130066158892000,15.56489208984375,8.796297073364258,0.20111294090747833,5.066130638122559
1789130066174908000,15.580907958984374,8.767566680908203,0.023942016065120697,4.850652694702148
1789130066190922000,15.596921875,8.868123054504395,0.2968810200691223,4.903325080871582
1789130066206944300,15.6129443359375,8.777143478393555,-0.023942016065120697,5.080495834350586
1789130066222964700,15.62896484375,8.848969459533691,-0.043095629662275314,4.620809078216553
1789130066238979300,15.644979248046875,8.513781547546387,0.26336219906806946,4.955997467041016
1789130066254990800,15.660990966796875,8.987833023071289,-0.043095629662275314,5.032611846923828
1789130066271001000,15.6770009765625,8.719682693481445,0.10534487664699554,4.807557106018066
1789130066287018000,15.69301806640625,8.652645111083984,0.15801730751991272,4.869806289672852
1789130066303031800,15.70903173828125,8.609549522399902,0.2585737705230713,4.711789131164551
1789130066319043600,15.725043701171876,8.9064302444458,0,4.6734819412231445
1789130066335052800,15.741052734375,8.5903959274292,-0.028730420395731926,4.869806289672852
1789130066351059200,15.75705908203125,8.705317497253418,0.023942016065120697,4.711789131164551
1789130066367070700,15.77307080078125,8.580819129943848,0.004788403399288654,4.812345504760742
1789130066383080200,15.789080078125,8.892065048217773,0.033518824726343155,4.525041103363037
1789130066399094800,15.8050947265625,8.580819129943848,0.038307227194309235,4.644751071929932
1789130066415102500,15.8211025390625,8.901641845703125,0.043095629662275314,4.98472785949707
1789130066431115300,15.837115234375,8.743624687194824,0,4.707000732421875
1789130066447125500,15.85312548828125,8.863334655761719,0,4.60165548324585
1789130066463133400,15.869133544921874,8.791508674621582,0.009576806798577309,4.821922302246094
1789130066479142100,15.88514208984375,8.93037223815918,-0.004788403399288654,4.764461517333984
1789130066495148000,15.90114794921875,9.02135181427002,0.09576806426048279,4.716577529907227
1789130066511153400,15.9171533203125,8.681375503540039,0.21547815203666687,4.716577529907227
1789130066527159800,15.933159912109375,8.801085472106934,-0.004788403399288654,4.7405195236206055
1789130066543171300,15.94917138671875,8.959102630615234,0.22026655077934265,4.553771495819092
1789130066559180300,15.96518017578125,8.643068313598633,0.19153612852096558,4.774038314819336
1789130066575189000,15.98118896484375,8.777143478393555,-0.10055647045373917,4.836287498474121
1789130066591199500,15.997199462890626,8.944737434387207,-0.11971008777618408,4.4723687171936035
1789130066607207700,16.013207763671875,9.002198219299316,0.33518823981285095,4.520252704620361
1789130066623213800,16.0292138671875,8.825027465820312,0.12928688526153564,4.730942726135254
1789130066639218700,16.04521875,8.916007041931152,0.12449848651885986,4.6255974769592285
1789130066655225900,16.061225830078126,8.815450668334961,0.12449848651885986,4.501099109649658
1789130066671236900,16.07723681640625,8.508993148803711,0.009576806798577309,4.702212333679199
1789130066687249000,16.093248779296875,9.107542991638184,0.2059013396501541,4.692635536193848
1789130066703255000,16.109255126953126,8.848969459533691,0.1628057211637497,4.697423934936523
1789130066719261200,16.12526123046875,8.882488250732422,0.13407529890537262,4.620809078216553
1789130066735272000,16.14127197265625,8.959102630615234,0.24420857429504395,4.4292731285095215
1789130066759285000,16.165284912109374,9.078812599182129,0.16759411990642548,4.639962673187256
1789130066775296300,16.181296142578127,8.686163902282715,0.08140286058187485,4.687847137451172
1789130066791302700,16.197302734375,8.734047889709473,0.17238251864910126,4.687847137451172
1789130066807313000,16.21331298828125,8.944737434387207,0.181959331035614,4.371812343597412
1789130066823326700,16.22932666015625,8.916007041931152,-0.028730420395731926,4.525041103363037
1789130066839337000,16.2453369140625,8.743624687194824,-0.033518824726343155,4.4292731285095215
1789130066855349200,16.261349365234373,8.911218643188477,0.13407529890537262,4.616020679473877
1789130066871358500,16.2773583984375,8.734047889709473,0.14844051003456116,4.687847137451172
1789130066887368700,16.29336865234375,8.882488250732422,0.06703764945268631,4.587290287017822
1789130066903384000,16.309384033203123,8.920795440673828,-0.028730420395731926,4.721365928649902
1789130066919397400,16.3253974609375,8.662221908569336,-0.05746084079146385,4.865017890930176
1789130066935414300,16.341414306640626,8.767566680908203,-0.014365210197865963,4.955997467041016
1789130066951426300,16.35742626953125,8.9064302444458,0,4.850652694702148
1789130066967430400,16.373430419921874,8.633491516113281,0.05267243832349777,5.023035049438477
1789130066983437600,16.3894375,8.796297073364258,0.028730420395731926,4.898536682128906
1789130066999442000,16.40544189453125,8.710105895996094,-0.05267243832349777,4.946420669555664
1789130067015445200,16.4214453125,8.7484130859375,0.07661445438861847,4.994304656982422
1789130067031448300,16.4374482421875,8.767566680908203,0.06703764945268631,5.066130638122559
1789130067047455200,16.453455322265626,8.652645111083984,-0.004788403399288654,4.994304656982422
1789130067063467000,16.469467041015626,8.834604263305664,-0.009576806798577309,5.051765441894531
1789130067079484000,16.48548388671875,8.633491516113281,0.14844051003456116,4.999093055725098
1789130067095496700,16.50149658203125,8.561665534973145,0.06703764945268631,5.1810526847839355
1789130067111510000,16.517510009765626,8.791508674621582,-0.009576806798577309,5.085284233093262
1789130067127520500,16.5335205078125,8.65743350982666,0.1149216815829277,4.965574264526367
1789130067143531000,16.549531005859375,8.7484130859375,0.07661445438861847,5.056553840637207
1789130067159539500,16.56553955078125,8.69095230102539,0.06703764945268631,4.9368438720703125
1789130067175540200,16.581540283203125,8.777143478393555,0.16759411990642548,4.879383087158203
1789130067191544600,16.597544677734376,8.87291145324707,0.090979665517807,4.898536682128906
1789130067207557000,16.61355712890625,8.667010307312012,0.2346317619085312,4.8602294921875
1789130067223571500,16.629571533203126,8.80587387084961,0.1388636976480484,4.869806289672852
1789130067239582000,16.64558203125,8.738836288452148,0.11971008777618408,4.759673118591309
1789130067255591700,16.661591796875,8.753201484680176,0.22505496442317963,4.836287498474121
1789130067271599600,16.677599609375,8.80587387084961,0.17717093229293823,4.654327869415283
1789130067287605200,16.693605224609374,8.87291145324707,0.11013327538967133,4.649539470672607
1789130067303618300,16.709618408203124,8.772355079650879,0.10055647045373917,4.606443881988525
1789130067319631000,16.725631103515624,8.887276649475098,0.11971008777618408,4.467580318450928
1789130067335645700,16.741645751953126,8.959102630615234,0.07182604819536209,4.405331134796143
1789130067351659800,16.75765966796875,8.815450668334961,0.07182604819536209,4.390965938568115
1789130067367670500,16.77367041015625,8.935160636901855,0.07182604819536209,4.261679172515869
1789130067383682600,16.7896826171875,8.99740982055664,0.043095629662275314,4.194641590118408
1789130067399694000,16.805694091796877,8.892065048217773,0.06703764945268631,4.266467571258545
1789130067415709700,16.821709716796875,9.064447402954102,0.05267243832349777,4.055777549743652
1789130067431724300,16.837724365234376,9.150638580322266,0,3.801992416381836
1789130067447733800,16.853733642578124,9.002198219299316,-0.028730420395731926,3.9456443786621094
1789130067463744300,16.869744140625,9.05487060546875,0.019153613597154617,3.8977603912353516
1789130067479754800,16.885754638671877,9.232041358947754,0.05267243832349777,3.5913026332855225
1789130067495765000,16.901764892578125,9.275136947631836,-0.014365210197865963,3.581725835800171
1789130067511774200,16.917774169921874,9.165003776550293,-0.047884032130241394,3.600879430770874
1789130067527786800,16.933786865234374,9.165003776550293,0.014365210197865963,3.6343982219696045
1789130067543796500,16.94979638671875,9.17936897277832,0.014365210197865963,3.581725835800171
1789130067559803000,16.965802978515626,9.337387084960938,0.009576806798577309,3.337517261505127
1789130067575810000,16.98181005859375,9.299078941345215,-0.009576806798577309,3.337517261505127
1789130067591814100,16.997814208984376,9.217676162719727,-0.004788403399288654,3.4572272300720215
1789130067607818800,17.01381884765625,9.241618156433105,0.023942016065120697,3.404554843902588
1789130067623825200,17.0298251953125,9.23682975769043,0.043095629662275314,3.3423056602478027
1789130067639832600,17.04583251953125,9.23682975769043,0.028730420395731926,3.313575267791748
1789130067655849200,17.06184912109375,9.337387084960938,0.028730420395731926,3.1507694721221924
1789130067671864600,17.077864501953126,9.32302188873291,0.009576806798577309,3.1220390796661377
1789130067687872800,17.093872802734374,9.184157371520996,0.014365210197865963,3.1938650608062744
1789130067703886000,17.109885986328123,9.255983352661133,0.047884032130241394,3.1699230670928955
1789130067719892000,17.12589208984375,9.23682975769043,0.07182604819536209,3.141192674636841
1789130067735896800,17.141896728515626,9.241618156433105,0.047884032130241394,3.1316158771514893
1789130067759900700,17.165900634765624,9.227252960205078,0.06224924325942993,3.1268274784088135
1789130067775907000,17.181906982421875,9.232041358947754,0.08140286058187485,3.069366693496704
1789130067791917600,17.19791748046875,9.227252960205078,0.05746084079146385,3.0406360626220703
1789130067807930400,17.213930419921876,9.217676162719727,0.05746084079146385,3.045424461364746
1789130067823948500,17.229948486328126,9.246406555175781,0.07661445438861847,3.002328872680664
1789130067839959600,17.24595947265625,9.246406555175781,0.05746084079146385,2.9735984802246094
1789130067855970300,17.26197021484375,9.232041358947754,0.05267243832349777,2.9927520751953125
1789130067871988500,17.277988525390626,9.232041358947754,0.043095629662275314,3.0406360626220703
1789130067888005400,17.29400537109375,9.23682975769043,0.06703764945268631,3.050212860107422
1789130067904019700,17.310019775390625,9.279925346374512,0.047884032130241394,3.0550012588500977
1789130067920036000,17.3260361328125,9.308655738830566,0.028730420395731926,2.9927520751953125
1789130067936045800,17.3420458984375,9.32302188873291,0.028730420395731926,3.021482467651367
1789130067952049700,17.358049560546874,9.370905876159668,-0.004788403399288654,2.964021682739258
1789130067968059600,17.3740595703125,9.375694274902344,-0.004788403399288654,2.940079689025879
1789130067984064500,17.390064453125,9.428366661071777,0,2.8586769104003906
1789130068000078600,17.40607861328125,9.509769439697266,0,2.762908697128296
1789130068016092400,17.422092529296876,9.481039047241211,-0.009576806798577309,2.676717519760132
1789130068032102400,17.438102294921876,9.500192642211914,-0.014365210197865963,2.5761611461639404
1789130068048106800,17.454106689453123,9.490615844726562,-0.014365210197865963,2.5522189140319824
1789130068064109000,17.470109130859374,9.466673851013184,-0.009576806798577309,2.5665841102600098
1789130068080117000,17.486116943359374,9.452308654785156,0,2.499546527862549
1789130068096120300,17.502120361328124,9.490615844726562,-0.004788403399288654,2.470816135406494
1789130068112122600,17.51812255859375,9.495404243469238,-0.009576806798577309,2.451662540435791
1789130068128122600,17.53412255859375,9.44752025604248,0.004788403399288654,2.451662540435791
1789130068144119600,17.55011962890625,9.461885452270508,-0.009576806798577309,2.427720546722412
1789130068160124400,17.56612451171875,9.457097053527832,-0.009576806798577309,2.4803929328918457
1789130068176133600,17.582133544921874,9.461885452270508,0,2.4803929328918457
1789130068192141300,17.598141357421873,9.457097053527832,0.004788403399288654,2.499546527862549
1789130068208151000,17.614151123046874,9.423578262329102,0.019153613597154617,2.5043349266052246
1789130068224158200,17.630158203125,9.409213066101074,0.019153613597154617,2.5282769203186035
1789130068240164600,17.64616455078125,9.390059471130371,0.019153613597154617,2.5761611461639404
1789130068256169700,17.662169677734376,9.366117477416992,0.028730420395731926,2.6001031398773193
1789130068272171800,17.678171875,9.375694274902344,0.014365210197865963,2.5905263423919678
1789130068288179000,17.694178955078126,9.385271072387695,0.019153613597154617,2.6192567348480225
1789130068304184300,17.710184326171873,9.399636268615723,0.019153613597154617,2.6240451335906982
1789130068320187400,17.7261875,9.404424667358398,0.023942016065120697,2.6575639247894287
1789130068344191700,17.750191650390626,9.418789863586426,0.023942016065120697,2.671929121017456
1789130068360201000,17.766200927734374,9.461885452270508,0.004788403399288654,2.671929121017456
1789130068376200400,17.782200439453124,9.50498104095459,0.009576806798577309,2.6671407222747803
1789130068392197600,17.79819775390625,9.509769439697266,0.009576806798577309,2.671929121017456
1789130068408199400,17.814199462890624,9.466673851013184,0.019153613597154617,2.6815059185028076
1789130068424201700,17.83020166015625,9.485827445983887,0.009576806798577309,2.6671407222747803
1789130068440204300,17.846204345703125,9.452308654785156,0,2.6815059185028076
1789130068456210000,17.8622099609375,9.457097053527832,0.019153613597154617,2.6575639247894287
1789130068472215600,17.878215576171876,9.41400146484375,0.014365210197865963,2.6575639247894287
1789130068488222000,17.894221923828123,9.41400146484375,-0.004788403399288654,2.628833532333374
1789130068504226800,17.910226806640626,9.394847869873047,0.019153613597154617,2.609679937362671
1789130068520231000,17.92623095703125,9.375694274902344,0,2.5905263423919678
1789130068536235300,17.9422353515625,9.385271072387695,0.004788403399288654,2.5761611461639404
1789130068552245200,17.958245361328125,9.38048267364502,0,2.5522189140319824
1789130068568248300,17.974248291015623,9.385271072387695,0.004788403399288654,2.5474305152893066
1789130068584248000,17.990248046875,9.394847869873047,-0.009576806798577309,2.5282769203186035
1789130068600250400,18.00625048828125,9.409213066101074,-0.014365210197865963,2.5522189140319824
1789130068616247000,18.0222470703125,9.452308654785156,0,2.5665841102600098
1789130068632248600,18.03824853515625,9.452308654785156,0.009576806798577309,2.561795711517334
1789130068648251400,18.05425146484375,9.490615844726562,0.009576806798577309,2.6001031398773193
1789130068664256500,18.070256591796873,9.490615844726562,0.009576806798577309,2.6192567348480225
1789130068680265200,18.08626513671875,9.481039047241211,0.009576806798577309,2.63362193107605
1789130068696269000,18.10226904296875,9.47146224975586,0,2.671929121017456
1789130068712273700,18.118273681640623,9.476250648498535,0.023942016065120697,2.676717519760132
1789130068728278000,18.134278076171874,9.423578262329102,0.009576806798577309,2.676717519760132
1789130068744283000,18.150282958984373,9.457097053527832,0.033518824726343155,2.6815059185028076
1789130068760287700,18.166287841796876,9.409213066101074,0.019153613597154617,2.6623523235321045
1789130068776295000,18.182294921875,9.41400146484375,0.014365210197865963,2.6671407222747803
1789130068792303400,18.198303466796876,9.370905876159668,0.014365210197865963,2.6671407222747803
1789130068808314000,18.214314208984376,9.394847869873047,0.009576806798577309,2.647987127304077
1789130068824321800,18.23032177734375,9.38048267364502,0.019153613597154617,2.6384103298187256
1789130068840333300,18.246333251953125,9.385271072387695,0.023942016065120697,2.609679937362671
1789130068856338700,18.262338623046876,9.404424667358398,0.009576806798577309,2.63362193107605
1789130068872343000,18.278343017578123,9.409213066101074,0.004788403399288654,2.6001031398773193
1789130068888346600,18.2943466796875,9.418789863586426,0.004788403399288654,2.6192567348480225
1789130068904354600,18.3103544921875,9.452308654785156,0.004788403399288654,2.604891538619995
1789130068920359700,18.326359619140625,9.442731857299805,0.004788403399288654,2.604891538619995
1789130068936366600,18.34236669921875,9.461885452270508,0.014365210197865963,2.580949544906616
1789130068952372500,18.35837255859375,9.44752025604248,0.014365210197865963,2.585737943649292
1789130068968380700,18.374380615234376,9.452308654785156,-0.004788403399288654,2.5905263423919678
1789130068984390000,18.390389892578124,9.461885452270508,-0.009576806798577309,2.5953147411346436
1789130069000392700,18.406392822265627,9.442731857299805,0,2.6001031398773193
1789130069016397000,18.42239697265625,9.452308654785156,0.014365210197865963,2.6240451335906982
1789130069032398600,18.438398681640624,9.409213066101074,0.009576806798577309,2.609679937362671
1789130069048405500,18.454405517578124,9.433155059814453,0,2.647987127304077
1789130069064417800,18.470417724609376,9.418789863586426,-0.004788403399288654,2.6431987285614014
1789130069080428800,18.4864287109375,9.418789863586426,0.004788403399288654,2.652775526046753
1789130069096434200,18.50243408203125,9.418789863586426,0.009576806798577309,2.6575639247894287
1789130069112439000,18.51843896484375,9.399636268615723,0.023942016065120697,2.6575639247894287
1789130069128445000,18.53444482421875,9.404424667358398,0.014365210197865963,2.6815059185028076
1789130069144448500,18.550448486328126,9.399636268615723,0.009576806798577309,2.647987127304077
1789130069160455700,18.56645556640625,9.428366661071777,0.019153613597154617,2.6623523235321045
1789130069176460000,18.5824599609375,9.428366661071777,0.019153613597154617,2.6384103298187256
1789130069192461300,18.59846142578125,9.423578262329102,0.019153613597154617,2.6384103298187256
1789130069208462600,18.614462646484377,9.428366661071777,0.028730420395731926,2.609679937362671
1789130069224466400,18.630466552734376,9.44752025604248,0.009576806798577309,2.6240451335906982
1789130069240465200,18.646465087890626,9.461885452270508,0.019153613597154617,2.6192567348480225
1789130069256465000,18.66246484375,9.461885452270508,0.014365210197865963,2.609679937362671
1789130069272469200,18.67846923828125,9.461885452270508,0.014365210197865963,2.5905263423919678
1789130069288471000,18.694470947265625,9.437943458557129,0.009576806798577309,2.609679937362671
1789130069304476000,18.710475830078124,9.44752025604248,0.009576806798577309,2.5905263423919678
1789130069320478200,18.726478271484375,9.442731857299805,0.014365210197865963,2.6001031398773193
1789130069336476400,18.742476318359376,9.433155059814453,0.019153613597154617,2.585737943649292
1789130069352482800,18.75848291015625,9.418789863586426,0.009576806798577309,2.604891538619995
1789130069368493600,18.77449365234375,9.423578262329102,0.009576806798577309,2.6144683361053467
1789130069384504000,18.790504150390625,9.409213066101074,0.004788403399288654,2.6240451335906982
1789130069400512800,18.8065126953125,9.418789863586426,0.009576806798577309,2.628833532333374
1789130069416521700,18.822521728515625,9.41400146484375,-0.004788403399288654,2.6384103298187256
1789130069432536000,18.8385361328125,9.41400146484375,0.009576806798577309,2.628833532333374
1789130069448546600,18.854546630859375,9.418789863586426,0,2.6384103298187256
1789130069464557600,18.8705576171875,9.437943458557129,0.014365210197865963,2.63362193107605
1789130069480570400,18.8865703125,9.433155059814453,0.014365210197865963,2.6384103298187256
1789130069496590300,18.90259033203125,9.452308654785156,0.014365210197865963,2.6384103298187256
1789130069512607200,18.918607177734376,9.44752025604248,0.009576806798577309,2.652775526046753
1789130069528624400,18.934624267578126,9.452308654785156,0.014365210197865963,2.647987127304077
1789130069544635400,18.950635498046875,9.442731857299805,0,2.647987127304077
1789130069560642800,18.966642822265626,9.442731857299805,0,2.6192567348480225
1789130069576653600,18.982653564453123,9.428366661071777,0,2.6384103298187256
1789130069592664600,18.99866455078125,9.44752025604248,0.009576806798577309,2.5953147411346436
1789130069608677000,19.014677001953125,9.437943458557129,0.004788403399288654,2.5905263423919678
1789130069624688600,19.030688720703125,9.428366661071777,-0.004788403399288654,2.580949544906616
1789130069640703700,19.046703857421875,9.41400146484375,0.014365210197865963,2.5953147411346436
1789130069656717300,19.06271728515625,9.423578262329102,0.014365210197865963,2.585737943649292
1789130069672728300,19.078728271484376,9.404424667358398,0.019153613597154617,2.6001031398773193
1789130069688743400,19.094743408203126,9.423578262329102,0.033518824726343155,2.5953147411346436
1789130069704752600,19.110752685546874,9.418789863586426,0.019153613597154617,2.609679937362671
1789130069720766700,19.1267666015625,9.423578262329102,0.023942016065120697,2.6192567348480225
1789130069736779500,19.142779541015624,9.418789863586426,0.019153613597154617,2.6240451335906982
1789130069760788000,19.1667880859375,9.41400146484375,0.014365210197865963,2.63362193107605
1789130069776797400,19.18279736328125,9.433155059814453,0.004788403399288654,2.628833532333374
1789130069792807400,19.198807373046876,9.428366661071777,0.019153613597154617,2.628833532333374
1789130069808820000,19.214820068359376,9.44752025604248,0.019153613597154617,2.63362193107605
1789130069824822800,19.23082275390625,9.433155059814453,0.004788403399288654,2.6431987285614014
1789130069840833000,19.2468330078125,9.461885452270508,0.014365210197865963,2.6384103298187256
1789130069856843000,19.262843017578124,9.442731857299805,0,2.6384103298187256
1789130069872855600,19.27885546875,9.433155059814453,0,2.63362193107605
1789130069888869000,19.294869140625,9.409213066101074,-0.009576806798577309,2.628833532333374
1789130069904882000,19.3108818359375,9.442731857299805,0.004788403399288654,2.604891538619995
1789130069920895700,19.326895751953124,9.442731857299805,0,2.6192567348480225
1789130069936912000,19.342911865234374,9.423578262329102,0.004788403399288654,2.6001031398773193
1789130069952924000,19.358923828125,9.41400146484375,0.014365210197865963,2.6001031398773193
1789130069968932400,19.374932373046875,9.418789863586426,0.009576806798577309,2.604891538619995
1789130069984936200,19.390936279296874,9.418789863586426,0.004788403399288654,2.5953147411346436
1789130070000948000,19.406947998046874,9.418789863586426,-0.004788403399288654,2.580949544906616
1789130070016959700,19.422959716796875,9.409213066101074,0.004788403399288654,2.604891538619995
1789130070032978000,19.43897802734375,9.41400146484375,0.004788403399288654,2.609679937362671
1789130070048994300,19.454994384765627,9.423578262329102,-0.009576806798577309,2.6144683361053467
1789130070065007400,19.47100732421875,9.44752025604248,0,2.5905263423919678
1789130070081023000,19.48702294921875,9.442731857299805,0.004788403399288654,2.628833532333374
1789130070097039600,19.50303955078125,9.461885452270508,0,2.6144683361053467
1789130070113051000,19.51905078125,9.442731857299805,0.004788403399288654,2.63362193107605
1789130070129057300,19.535057373046875,9.457097053527832,0,2.6192567348480225
1789130070145066000,19.55106591796875,9.44752025604248,0,2.652775526046753
1789130070161069600,19.567069580078126,9.461885452270508,0.009576806798577309,2.6384103298187256
1789130070177075700,19.58307568359375,9.423578262329102,0.014365210197865963,2.6431987285614014
1789130070193081900,19.599081787109377,9.442731857299805,0,2.63362193107605
1789130070209090300,19.61509033203125,9.418789863586426,0,2.6384103298187256
1789130070225095000,19.631094970703124,9.423578262329102,0.028730420395731926,2.6240451335906982
1789130070241107000,19.64710693359375,9.41400146484375,0.019153613597154617,2.63362193107605
1789130070265125400,19.67112548828125,9.394847869873047,0.009576806798577309,2.6192567348480225
1789130070281134300,19.68713427734375,9.41400146484375,0.023942016065120697,2.609679937362671
1789130070297139700,19.7031396484375,9.399636268615723,0.009576806798577309,2.609679937362671
1789130070313146600,19.719146728515625,9.433155059814453,0.014365210197865963,2.5953147411346436
1789130070329157400,19.735157470703125,9.452308654785156,0.014365210197865963,2.6001031398773193
1789130070345161000,19.751160888671876,9.442731857299805,0.019153613597154617,2.6192567348480225
1789130070361166600,19.76716650390625,9.452308654785156,0.009576806798577309,2.604891538619995
1789130070377179600,19.7831796875,9.452308654785156,0.019153613597154617,2.6144683361053467
1789130070393188900,19.79918896484375,9.461885452270508,0.014365210197865963,2.6192567348480225
1789130070409205800,19.815205810546875,9.442731857299805,-0.009576806798577309,2.580949544906616
1789130070425213700,19.831213623046875,9.437943458557129,-0.009576806798577309,2.609679937362671
1789130070441228500,19.847228515625,9.442731857299805,-0.004788403399288654,2.604891538619995
1789130070457245400,19.863245361328126,9.423578262329102,0,2.628833532333374
1789130070473250600,19.87925048828125,9.428366661071777,-0.004788403399288654,2.6192567348480225
1789130070489260500,19.895260498046873,9.404424667358398,-0.004788403399288654,2.628833532333374
1789130070505275000,19.91127490234375,9.423578262329102,-0.009576806798577309,2.628833532333374
1789130070521283800,19.927283935546875,9.423578262329102,-0.009576806798577309,2.628833532333374
1789130070537291800,19.943291748046875,9.409213066101074,0.004788403399288654,2.6240451335906982
1789130070553291000,19.959291015625,9.409213066101074,0,2.628833532333374
1789130070569293800,19.9752939453125,9.437943458557129,0,2.6192567348480225
1789130070585298200,19.991298095703126,9.452308654785156,-0.009576806798577309,2.6384103298187256
1789130070601303800,20.0073037109375,9.44752025604248,0.004788403399288654,2.6192567348480225
1789130070617308400,20.023308349609376,9.423578262329102,0,2.6240451335906982
1789130070633312800,20.039312744140624,9.442731857299805,0.019153613597154617,2.609679937362671
1789130070649311000,20.05531103515625,9.437943458557129,0.014365210197865963,2.609679937362671
1789130070665312000,20.07131201171875,9.461885452270508,0,2.6001031398773193
1789130070681322500,20.087322509765624,9.442731857299805,0.009576806798577309,2.5953147411346436
1789130070697330200,20.103330078125,9.44752025604248,0.028730420395731926,2.604891538619995
1789130070713333500,20.11933349609375,9.452308654785156,0.019153613597154617,2.604891538619995
1789130070729340400,20.13534033203125,9.442731857299805,0.009576806798577309,2.5953147411346436
1789130070745352400,20.1513525390625,9.442731857299805,0.004788403399288654,2.6144683361053467
1789130070761363500,20.167363525390623,9.442731857299805,0.019153613597154617,2.5953147411346436
1789130070777375700,20.183375732421876,9.433155059814453,0.028730420395731926,2.604891538619995
1789130070793388500,20.199388427734377,9.423578262329102,0.004788403399288654,2.63362193107605
1789130070809401600,20.215401611328126,9.433155059814453,0.009576806798577309,2.604891538619995
1789130070825417500,20.23141748046875,9.428366661071777,0.014365210197865963,2.604891538619995
1789130070841430500,20.247430419921876,9.433155059814453,0.019153613597154617,2.6192567348480225
1789130070857445000,20.263445068359374,9.423578262329102,0.004788403399288654,2.6240451335906982
1789130070873450200,20.2794501953125,9.423578262329102,0.004788403399288654,2.609679937362671
1789130070889455000,20.295455078125,9.44752025604248,0.009576806798577309,2.6240451335906982
1789130070905462500,20.311462646484376,9.442731857299805,0,2.6240451335906982
1789130070921470000,20.327469970703124,9.442731857299805,-0.004788403399288654,2.6240451335906982
1789130070937486000,20.343486083984374,9.433155059814453,-0.004788403399288654,2.63362193107605
1789130070953504300,20.359504150390624,9.466673851013184,-0.004788403399288654,2.63362193107605
1789130070969518600,20.3755185546875,9.457097053527832,-0.004788403399288654,2.6144683361053467
1789130070985525200,20.391525146484376,9.481039047241211,-0.004788403399288654,2.6144683361053467
1789130071001534500,20.407534423828125,9.433155059814453,0.004788403399288654,2.6001031398773193
1789130071017546000,20.4235458984375,9.452308654785156,0.004788403399288654,2.5905263423919678
1789130071033549000,20.439549072265624,9.452308654785156,0,2.5905263423919678
1789130071049552000,20.4555517578125,9.433155059814453,0.014365210197865963,2.585737943649292
1789130071065556000,20.471555908203126,9.418789863586426,0.009576806798577309,2.5713725090026855
1789130071081564400,20.487564453125,9.428366661071777,0.023942016065120697,2.5953147411346436
1789130071097572900,20.50357275390625,9.399636268615723,0.028730420395731926,2.5905263423919678
1789130071113581000,20.5195810546875,9.404424667358398,0.019153613597154617,2.585737943649292
1789130071129591000,20.535591064453126,9.399636268615723,0.019153613597154617,2.6192567348480225
1789130071145599200,20.55159912109375,9.428366661071777,0.009576806798577309,2.604891538619995
1789130071161606000,20.56760595703125,9.433155059814453,0.014365210197865963,2.6431987285614014
1789130071177614300,20.5836142578125,9.442731857299805,0.019153613597154617,2.63362193107605
1789130071193619500,20.599619384765624,9.433155059814453,0.004788403399288654,2.6431987285614014
1789130071209629700,20.615629638671876,9.466673851013184,0.023942016065120697,2.6575639247894287
1789130071225638400,20.631638427734377,9.44752025604248,0.014365210197865963,2.652775526046753
1789130071241649200,20.647649169921873,9.466673851013184,0,2.652775526046753
1789130071257660000,20.663659912109374,9.428366661071777,0.014365210197865963,2.6575639247894287
1789130071273667600,20.67966748046875,9.461885452270508,-0.004788403399288654,2.63362193107605
1789130071289678000,20.695677978515626,9.461885452270508,0,2.6384103298187256
1789130071305687800,20.711687744140626,9.47146224975586,0.014365210197865963,2.652775526046753
1789130071321698800,20.72769873046875,9.433155059814453,0.004788403399288654,2.6144683361053467
1789130071337712000,20.743712158203124,9.437943458557129,0,2.6192567348480225
1789130071353726000,20.759725830078125,9.404424667358398,0.033518824726343155,2.5953147411346436
1789130071369738800,20.77573876953125,9.404424667358398,0.009576806798577309,2.5761611461639404
1789130071385748000,20.791748046875,9.41400146484375,-0.023942016065120697,2.609679937362671
1789130071401750800,20.807750732421876,9.399636268615723,0,2.5761611461639404
1789130071417757400,20.82375732421875,9.404424667358398,0.014365210197865963,2.609679937362671
1789130071433771300,20.839771240234374,9.423578262329102,0.004788403399288654,2.585737943649292
1789130071449786000,20.8557861328125,9.399636268615723,0,2.6001031398773193
1789130071465790700,20.871790771484374,9.452308654785156,-0.004788403399288654,2.5953147411346436
1789130071481791700,20.887791748046876,9.442731857299805,0,2.6001031398773193
1789130071497794800,20.903794921875,9.461885452270508,0,2.6001031398773193
1789130071513799200,20.919799072265626,9.466673851013184,0.019153613597154617,2.609679937362671
1789130071529798000,20.9357978515625,9.452308654785156,0,2.6240451335906982
1789130071545809400,20.951809326171876,9.452308654785156,0.004788403399288654,2.609679937362671
1789130071561822200,20.967822265625,9.461885452270508,0.014365210197865963,2.628833532333374
1789130071577829600,20.98382958984375,9.442731857299805,0.009576806798577309,2.6431987285614014
1789130071593838800,20.9998388671875,9.47146224975586,0.028730420395731926,2.647987127304077
1789130071609846300,21.01584619140625,9.418789863586426,0.014365210197865963,2.652775526046753
1789130071625857800,21.03185791015625,9.433155059814453,0.019153613597154617,2.6384103298187256
1789130071641869000,21.047869140625,9.437943458557129,0.028730420395731926,2.647987127304077
1789130071657876000,21.0638759765625,9.433155059814453,0.014365210197865963,2.63362193107605
1789130071673884700,21.079884765625,9.390059471130371,0.014365210197865963,2.647987127304077
1789130071689888800,21.095888671875,9.423578262329102,0.014365210197865963,2.628833532333374
1789130071705898500,21.1118984375,9.41400146484375,0.023942016065120697,2.6144683361053467
1789130071721908200,21.127908203125,9.423578262329102,0.009576806798577309,2.6192567348480225
1789130071737914000,21.1439140625,9.442731857299805,0.004788403399288654,2.6144683361053467
1789130071753918200,21.159918212890624,9.433155059814453,0.023942016065120697,2.5953147411346436
1789130071769923600,21.175923583984375,9.457097053527832,0.009576806798577309,2.6001031398773193
1789130071785929700,21.1919296875,9.461885452270508,0,2.6001031398773193
1789130071801933800,21.207933837890625,9.452308654785156,-0.004788403399288654,2.5953147411346436
1789130071817938700,21.223938720703124,9.461885452270508,0,2.5905263423919678
1789130071833944300,21.2399443359375,9.452308654785156,0.004788403399288654,2.5953147411346436
1789130071849948400,21.255948486328126,9.466673851013184,-0.009576806798577309,2.5953147411346436
1789130071865954300,21.271954345703126,9.423578262329102,-0.004788403399288654,2.604891538619995
1789130071881964000,21.287964111328126,9.428366661071777,0.009576806798577309,2.6192567348480225
1789130071897972000,21.303971923828126,9.418789863586426,0.014365210197865963,2.6144683361053467
1789130071913978000,21.31997802734375,9.428366661071777,0,2.609679937362671
1789130071929976600,21.3359765625,9.394847869873047,0.019153613597154617,2.63362193107605
1789130071945971200,21.35197119140625,9.433155059814453,0.019153613597154617,2.652775526046753
1789130071961970400,21.367970458984374,9.452308654785156,0,2.647987127304077
1789130071977968000,21.383968017578123,9.404424667358398,0.009576806798577309,2.63362193107605
1789130071993964300,21.39996435546875,9.404424667358398,0.009576806798577309,2.6431987285614014
1789130072009963300,21.41596337890625,9.437943458557129,-0.009576806798577309,2.63362193107605
1789130072025961200,21.431961181640624,9.457097053527832,0.009576806798577309,2.63362193107605
1789130072041957000,21.44795703125,9.476250648498535,-0.004788403399288654,2.628833532333374
1789130072057948700,21.46394873046875,9.457097053527832,0.019153613597154617,2.604891538619995
1789130072073943300,21.479943359375,9.457097053527832,0,2.6192567348480225
1789130072089950200,21.4959501953125,9.452308654785156,-0.004788403399288654,2.604891538619995
1789130072105960000,21.5119599609375,9.461885452270508,0,2.585737943649292
1789130072121968400,21.527968505859373,9.433155059814453,0.019153613597154617,2.5953147411346436
1789130072137977300,21.543977294921874,9.418789863586426,-0.004788403399288654,2.5953147411346436
1789130072153985500,21.559985595703125,9.433155059814453,0,2.6001031398773193
1789130072169991400,21.575991455078125,9.418789863586426,0.004788403399288654,2.604891538619995
1789130072186002700,21.592002685546873,9.428366661071777,0.009576806798577309,2.604891538619995
1789130072202009600,21.608009521484377,9.41400146484375,-0.004788403399288654,2.5953147411346436
1789130072218023000,21.62402294921875,9.41400146484375,0.004788403399288654,2.6431987285614014
1789130072234031600,21.640031494140626,9.41400146484375,0.004788403399288654,2.6240451335906982
1789130072250038800,21.656038818359374,9.423578262329102,0.004788403399288654,2.628833532333374
1789130072266038800,21.672038818359376,9.428366661071777,0.009576806798577309,2.628833532333374
1789130072282038800,21.688038818359374,9.44752025604248,0.028730420395731926,2.6192567348480225
1789130072298039300,21.704039306640624,9.457097053527832,0.014365210197865963,2.63362193107605
1789130072314039300,21.720039306640626,9.44752025604248,0.009576806798577309,2.6384103298187256
1789130072330044200,21.736044189453125,9.457097053527832,0.014365210197865963,2.609679937362671
1789130072346049800,21.7520498046875,9.457097053527832,0.009576806798577309,2.6192567348480225
1789130072362050000,21.768050048828126,9.457097053527832,0,2.63362193107605
1789130072378050300,21.78405029296875,9.452308654785156,0.028730420395731926,2.604891538619995
1789130072394056000,21.800055908203124,9.44752025604248,0.004788403399288654,2.6144683361053467
1789130072410058000,21.81605810546875,9.433155059814453,0.014365210197865963,2.604891538619995
1789130072426062300,21.832062255859373,9.428366661071777,0.009576806798577309,2.5953147411346436
1789130072442064600,21.848064697265624,9.423578262329102,0.009576806798577309,2.604891538619995
1789130072458068200,21.864068115234375,9.428366661071777,0.014365210197865963,2.6001031398773193
1789130072474076200,21.880076171875,9.418789863586426,0.009576806798577309,2.5905263423919678
1789130072490076000,21.896075927734376,9.41400146484375,0.009576806798577309,2.5953147411346436
1789130072506075400,21.912075439453126,9.428366661071777,0.009576806798577309,2.6144683361053467
1789130072522080000,21.928080078125,9.41400146484375,0,2.628833532333374
1789130072538081800,21.944081787109376,9.433155059814453,0.014365210197865963,2.6240451335906982
1789130072554082800,21.960082763671874,9.437943458557129,-0.004788403399288654,2.6240451335906982
1789130072570080800,21.976080810546875,9.442731857299805,0.019153613597154617,2.6240451335906982
1789130072586083600,21.99208349609375,9.452308654785156,0.009576806798577309,2.6431987285614014
1789130072602087700,22.008087646484373,9.44752025604248,0.009576806798577309,2.6384103298187256
1789130072618092800,22.0240927734375,9.47146224975586,0.019153613597154617,2.63362193107605
1789130072634097000,22.040096923828123,9.461885452270508,0.004788403399288654,2.6575639247894287
1789130072650100500,22.0561005859375,9.442731857299805,0.009576806798577309,2.628833532333374
1789130072666103800,22.072103759765625,9.461885452270508,0.014365210197865963,2.63362193107605
1789130072682103800,22.088103759765627,9.44752025604248,0.014365210197865963,2.604891538619995
1789130072698100200,22.104100341796876,9.442731857299805,0.019153613597154617,2.6240451335906982
1789130072714100500,22.1201005859375,9.404424667358398,0.019153613597154617,2.609679937362671
1789130072738099000,22.144098876953127,9.409213066101074,0.019153613597154617,2.6192567348480225
1789130072754099000,22.160098876953125,9.423578262329102,0.028730420395731926,2.6431987285614014
1789130072770101500,22.1761015625,9.404424667358398,0.023942016065120697,2.609679937362671
1789130072786101500,22.1921015625,9.433155059814453,0.009576806798577309,2.6240451335906982
1789130072802105900,22.20810595703125,9.423578262329102,0.004788403399288654,2.6144683361053467
1789130072818109400,22.224109375,9.437943458557129,0.019153613597154617,2.609679937362671
1789130072834115800,22.24011572265625,9.437943458557129,0.019153613597154617,2.6192567348480225
1789130072850119000,22.256118896484374,9.44752025604248,0.019153613597154617,2.6240451335906982
1789130072866127600,22.272127685546874,9.423578262329102,0.023942016065120697,2.6240451335906982
1789130072882135300,22.28813525390625,9.437943458557129,0.019153613597154617,2.6192567348480225
1789130072898141000,22.304140869140625,9.44752025604248,0.009576806798577309,2.63362193107605
1789130072914147300,22.320147216796876,9.442731857299805,0.023942016065120697,2.63362193107605
1789130072930153000,22.336153076171875,9.44752025604248,0,2.6431987285614014
1789130072946158800,22.352158935546875,9.461885452270508,0.014365210197865963,2.6384103298187256
1789130072962167600,22.36816748046875,9.437943458557129,0.009576806798577309,2.63362193107605
1789130072978177000,22.384177001953127,9.442731857299805,0.019153613597154617,2.63362193107605
1789130072994184400,22.400184326171875,9.428366661071777,0.004788403399288654,2.647987127304077
1789130073010195700,22.41619580078125,9.423578262329102,0.009576806798577309,2.6144683361053467
1789130073026204700,22.43220458984375,9.423578262329102,0,2.647987127304077
1789130073042214400,22.44821435546875,9.428366661071777,0.009576806798577309,2.6192567348480225
1789130073058216200,22.46421630859375,9.423578262329102,0,2.6001031398773193
1789130073074225000,22.480224853515626,9.423578262329102,0.004788403399288654,2.609679937362671
1789130073090231300,22.496231201171874,9.423578262329102,0,2.609679937362671
1789130073106238200,22.51223828125,9.437943458557129,0.009576806798577309,2.6192567348480225
1789130073122241800,22.52824169921875,9.457097053527832,0.023942016065120697,2.5953147411346436
1789130073138242600,22.54424267578125,9.428366661071777,0.028730420395731926,2.5905263423919678
1789130073154246100,22.56024609375,9.457097053527832,-0.014365210197865963,2.5905263423919678
1789130073170241000,22.576240966796874,9.442731857299805,0.004788403399288654,2.585737943649292
1789130073186240000,22.592239990234376,9.461885452270508,0.009576806798577309,2.5953147411346436
1789130073202243800,22.608243896484375,9.457097053527832,0.028730420395731926,2.609679937362671
1789130073218249700,22.624249755859374,9.433155059814453,0.019153613597154617,2.6144683361053467
1789130073234252300,22.640252197265625,9.437943458557129,0.004788403399288654,2.6001031398773193
1789130073250262300,22.65626220703125,9.442731857299805,0.009576806798577309,2.6192567348480225
1789130073266269200,22.672269287109376,9.44752025604248,0.043095629662275314,2.6431987285614014
1789130073282278700,22.688278564453125,9.433155059814453,0.019153613597154617,2.6431987285614014
1789130073298289000,22.704288818359377,9.418789863586426,0.014365210197865963,2.63362193107605
1789130073314292700,22.720292724609376,9.409213066101074,0.014365210197865963,2.6384103298187256
1789130073330303500,22.736303466796876,9.423578262329102,0.009576806798577309,2.6575639247894287
1789130073346311000,22.752310791015624,9.423578262329102,0.023942016065120697,2.6384103298187256
1789130073362312700,22.768312744140626,9.418789863586426,0.023942016065120697,2.63362193107605
1789130073378318000,22.784318115234374,9.428366661071777,0.009576806798577309,2.628833532333374
1789130073394320000,22.80031982421875,9.44752025604248,0.023942016065120697,2.628833532333374
1789130073410324700,22.81632470703125,9.433155059814453,0.023942016065120697,2.6431987285614014
1789130073426332000,22.832331787109375,9.442731857299805,0.023942016065120697,2.6001031398773193
1789130073442332400,22.84833251953125,9.437943458557129,0.014365210197865963,2.6192567348480225
1789130073458339600,22.864339599609377,9.437943458557129,0.004788403399288654,2.604891538619995
1789130073474342400,22.88034228515625,9.452308654785156,0.009576806798577309,2.5953147411346436
1789130073490346800,22.8963466796875,9.44752025604248,0.014365210197865963,2.6001031398773193
1789130073506350800,22.912350830078125,9.433155059814453,0.009576806798577309,2.5953147411346436
1789130073522355700,22.928355712890625,9.44752025604248,0,2.5905263423919678
1789130073538360800,22.94436083984375,9.418789863586426,0.009576806798577309,2.609679937362671
1789130073554361600,22.960361572265626,9.418789863586426,0.019153613597154617,2.6240451335906982
1789130073570364700,22.97636474609375,9.418789863586426,0.019153613597154617,2.6192567348480225
1789130073586365000,22.992364990234375,9.399636268615723,0.019153613597154617,2.628833532333374
1789130073602370600,23.00837060546875,9.428366661071777,0.019153613597154617,2.628833532333374
1789130073618378800,23.024378662109374,9.423578262329102,0.019153613597154617,2.63362193107605
1789130073634382300,23.04038232421875,9.418789863586426,0.014365210197865963,2.647987127304077
1789130073650384400,23.05638427734375,9.44752025604248,0.023942016065120697,2.6384103298187256
1789130073666381000,23.072381103515625,9.437943458557129,0.009576806798577309,2.647987127304077
1789130073682382800,23.0883828125,9.44752025604248,0.019153613597154617,2.6384103298187256
1789130073698389000,23.104388916015626,9.442731857299805,0.019153613597154617,2.6384103298187256
1789130073714397000,23.12039697265625,9.47146224975586,0.023942016065120697,2.63362193107605
1789130073730405000,23.136405029296874,9.457097053527832,0.014365210197865963,2.647987127304077
1789130073746412500,23.15241259765625,9.47146224975586,0.019153613597154617,2.6240451335906982
1789130073762419700,23.168419677734374,9.437943458557129,0.009576806798577309,2.6192567348480225
1789130073778433000,23.18443310546875,9.433155059814453,0.019153613597154617,2.6192567348480225
1789130073794446000,23.200446044921875,9.418789863586426,0.004788403399288654,2.6144683361053467
1789130073810450000,23.216449951171874,9.452308654785156,0.014365210197865963,2.6144683361053467
1789130073826454000,23.2324541015625,9.399636268615723,0.023942016065120697,2.6384103298187256
1789130073842467000,23.248467041015626,9.404424667358398,0.009576806798577309,2.6144683361053467
1789130073858482000,23.26448193359375,9.409213066101074,0.014365210197865963,2.6240451335906982
1789130073874495500,23.28049560546875,9.423578262329102,0.019153613597154617,2.6240451335906982
1789130073890506000,23.296506103515625,9.41400146484375,0.014365210197865963,2.63362193107605
1789130073906513400,23.312513427734373,9.423578262329102,0.019153613597154617,2.63362193107605
1789130073922519300,23.328519287109376,9.41400146484375,0.009576806798577309,2.63362193107605
1789130073938531000,23.344531005859373,9.442731857299805,0.019153613597154617,2.63362193107605
1789130073954546200,23.360546142578126,9.437943458557129,0.014365210197865963,2.6384103298187256
1789130073970558000,23.376557861328124,9.442731857299805,0.019153613597154617,2.6240451335906982
1789130073986569500,23.392569580078124,9.442731857299805,0.028730420395731926,2.6144683361053467
1789130074002579500,23.408579345703124,9.442731857299805,0.019153613597154617,2.6144683361053467
1789130074018582800,23.424582763671875,9.481039047241211,0.028730420395731926,2.6384103298187256
1789130074034590500,23.440590576171875,9.461885452270508,0.014365210197865963,2.580949544906616
1789130074050598700,23.4565986328125,9.452308654785156,0.023942016065120697,2.609679937362671
1789130074066601000,23.47260107421875,9.47146224975586,0.019153613597154617,2.580949544906616
1789130074082606000,23.488606201171876,9.452308654785156,0.004788403399288654,2.5761611461639404
1789130074098618600,23.50461865234375,9.44752025604248,0.004788403399288654,2.585737943649292
1789130074114629400,23.52062939453125,9.428366661071777,0.009576806798577309,2.580949544906616
1789130074130640400,23.536640380859374,9.399636268615723,-0.004788403399288654,2.609679937362671
1789130074146650600,23.552650634765627,9.394847869873047,0,2.585737943649292
1789130074162659800,23.568659912109375,9.390059471130371,-0.014365210197865963,2.5953147411346436
1789130074178663700,23.58466357421875,9.38048267364502,-0.019153613597154617,2.6240451335906982
1789130074194666000,23.600666015625,9.394847869873047,-0.009576806798577309,2.63362193107605
1789130074210668000,23.61666796875,9.38048267364502,-0.004788403399288654,2.652775526046753
1789130074226674200,23.632674072265626,9.399636268615723,-0.004788403399288654,2.647987127304077
1789130074242680300,23.648680419921874,9.428366661071777,0,2.652775526046753
1789130074258689300,23.664689208984374,9.452308654785156,-0.009576806798577309,2.6671407222747803
1789130074274690800,23.68069091796875,9.481039047241211,0,2.6862943172454834
1789130074290699800,23.69669970703125,9.485827445983887,0,2.6575639247894287
1789130074306707200,23.712707275390624,9.490615844726562,0.019153613597154617,2.6671407222747803
1789130074322712800,23.728712890625,9.50498104095459,0.033518824726343155,2.6240451335906982
1789130074338722600,23.74472265625,9.47146224975586,0.019153613597154617,2.63362193107605
1789130074354731000,23.76073095703125,9.476250648498535,0.038307227194309235,2.628833532333374
1789130074370738200,23.77673828125,9.44752025604248,0.05267243832349777,2.6192567348480225
1789130074386749400,23.79274951171875,9.452308654785156,0.028730420395731926,2.5761611461639404
1789130074402764300,23.808764404296873,9.418789863586426,0.023942016065120697,2.6144683361053467
1789130074418783700,23.82478369140625,9.38048267364502,0.043095629662275314,2.6001031398773193
1789130074434799600,23.840799560546873,9.370905876159668,0.06224924325942993,2.5474305152893066
1789130074450815500,23.8568154296875,9.375694274902344,0.023942016065120697,2.609679937362671
1789130074466826500,23.872826416015624,9.366117477416992,0.028730420395731926,2.609679937362671
1789130074482837800,23.888837646484376,9.370905876159668,0.019153613597154617,2.580949544906616
1789130074498846000,23.904845947265624,9.390059471130371,0,2.6384103298187256
1789130074514854400,23.9208544921875,9.399636268615723,0.014365210197865963,2.6144683361053467
1789130074530861800,23.93686181640625,9.437943458557129,0.014365210197865963,2.585737943649292
1789130074546873300,23.952873291015624,9.457097053527832,-0.023942016065120697,2.6144683361053467
1789130074562877700,23.968877685546875,9.47146224975586,0,2.6192567348480225
1789130074578882800,23.9848828125,9.500192642211914,-0.004788403399288654,2.63362193107605
1789130074602892000,24.00889208984375,9.490615844726562,-0.004788403399288654,2.6144683361053467
1789130074618895600,24.0248955078125,9.485827445983887,-0.028730420395731926,2.63362193107605
1789130074634903300,24.0409033203125,9.485827445983887,-0.023942016065120697,2.652775526046753
1789130074650914300,24.056914306640625,9.466673851013184,-0.014365210197865963,2.695871114730835
1789130074666925300,24.07292529296875,9.433155059814453,0.023942016065120697,2.63362193107605
1789130074682937000,24.08893701171875,9.433155059814453,-0.023942016065120697,2.6384103298187256
1789130074698950100,24.1049501953125,9.361329078674316,-0.014365210197865963,2.6001031398773193
1789130074714957600,24.12095751953125,9.41400146484375,0,2.6623523235321045
1789130074730968000,24.136968017578123,9.385271072387695,0.014365210197865963,2.676717519760132
1789130074746975200,24.152975341796875,9.346963882446289,0.047884032130241394,2.6144683361053467
1789130074762982400,24.168982421875,9.390059471130371,0.033518824726343155,2.5905263423919678
1789130074778988300,24.18498828125,9.35654067993164,0.004788403399288654,2.5713725090026855
1789130074795001300,24.20100146484375,9.404424667358398,0.028730420395731926,2.6001031398773193
1789130074811016200,24.21701611328125,9.433155059814453,0.05746084079146385,2.6144683361053467
1789130074827026200,24.233026123046876,9.428366661071777,0.06224924325942993,2.609679937362671
1789130074843031300,24.24903125,9.442731857299805,0.033518824726343155,2.5953147411346436
1789130074859039000,24.2650390625,9.461885452270508,0.009576806798577309,2.5665841102600098
1789130074875048000,24.2810478515625,9.461885452270508,0.019153613597154617,2.585737943649292
1789130074891058400,24.297058349609376,9.514557838439941,0.047884032130241394,2.6384103298187256
1789130074907063800,24.313063720703123,9.481039047241211,0.047884032130241394,2.6623523235321045
1789130074923074600,24.329074462890624,9.452308654785156,0.028730420395731926,2.647987127304077
1789130074939083000,24.3450830078125,9.437943458557129,-0.009576806798577309,2.6144683361053467
1789130074955079400,24.361079345703125,9.437943458557129,-0.009576806798577309,2.604891538619995
1789130074971076900,24.377076904296874,9.428366661071777,0,2.6001031398773193
1789130074987075600,24.39307568359375,9.44752025604248,0.014365210197865963,2.6575639247894287
1789130075003079700,24.40907958984375,9.418789863586426,0.023942016065120697,2.6862943172454834
1789130075019089200,24.425089111328123,9.390059471130371,0.004788403399288654,2.6623523235321045
1789130075035093000,24.441093017578126,9.428366661071777,0.014365210197865963,2.5905263423919678
1789130075051098400,24.457098388671874,9.409213066101074,-0.090979665517807,2.6144683361053467
1789130075067108600,24.473108642578126,9.279925346374512,-0.28730419278144836,2.8634653091430664
1789130075083118000,24.4891181640625,9.442731857299805,0.038307227194309235,2.432508945465088
1789130075099125000,24.505125,9.308655738830566,-0.1388636976480484,2.5905263423919678
1789130075115131600,24.521131591796873,9.437943458557129,-0.014365210197865963,2.691082715988159
1789130075131141400,24.537141357421874,9.548076629638672,-0.08140286058187485,2.628833532333374
1789130075147150300,24.553150390625,9.452308654785156,-0.09576806426048279,2.6144683361053467
1789130075163159600,24.56915966796875,9.428366661071777,-0.019153613597154617,2.5713725090026855
1789130075179171600,24.585171630859374,9.461885452270508,0.05267243832349777,2.609679937362671
1789130075195190800,24.601190673828125,9.485827445983887,0,2.6384103298187256
1789130075211210800,24.617210693359375,9.481039047241211,0.028730420395731926,2.5905263423919678
1789130075227223000,24.63322314453125,9.457097053527832,0,2.6192567348480225
1789130075243236900,24.64923681640625,9.409213066101074,0.019153613597154617,2.580949544906616
1789130075259252200,24.665252197265627,9.433155059814453,0.019153613597154617,2.6431987285614014
1789130075275266000,24.68126611328125,9.404424667358398,0.06224924325942993,2.6623523235321045
1789130075291282400,24.697282470703126,9.390059471130371,0.028730420395731926,2.628833532333374
1789130075307291600,24.713291748046874,9.409213066101074,0.019153613597154617,2.604891538619995
1789130075323304000,24.729303955078127,9.399636268615723,-0.014365210197865963,2.6144683361053467
1789130075339315200,24.745315185546875,9.385271072387695,0.028730420395731926,2.63362193107605
1789130075355325000,24.761324951171876,9.418789863586426,0.019153613597154617,2.6815059185028076
1789130075371335000,24.7773349609375,9.399636268615723,0.043095629662275314,2.6192567348480225
1789130075387341600,24.793341552734375,9.452308654785156,-0.009576806798577309,2.5905263423919678
1789130075403350300,24.809350341796875,9.442731857299805,-0.014365210197865963,2.6192567348480225
1789130075419351600,24.8253515625,9.44752025604248,-0.019153613597154617,2.604891538619995
1789130075435352600,24.8413525390625,9.476250648498535,0.004788403399288654,2.6671407222747803
1789130075451360800,24.85736083984375,9.442731857299805,0.014365210197865963,2.6240451335906982
1789130075467368200,24.8733681640625,9.461885452270508,-0.004788403399288654,2.609679937362671
1789130075483378200,24.889378173828124,9.442731857299805,-0.028730420395731926,2.585737943649292
1789130075499381000,24.905381103515627,9.461885452270508,-0.023942016065120697,2.63362193107605
1789130075515385600,24.921385498046874,9.437943458557129,0.004788403399288654,2.63362193107605
1789130075531394300,24.937394287109374,9.418789863586426,0.004788403399288654,2.609679937362671
1789130075547404800,24.95340478515625,9.390059471130371,0,2.580949544906616
1789130075563416300,24.969416259765627,9.399636268615723,-0.009576806798577309,2.5905263423919678
1789130075579424800,24.9854248046875,9.409213066101074,0.004788403399288654,2.628833532333374
1789130075595433500,25.00143359375,9.41400146484375,0.023942016065120697,2.5953147411346436
1789130075611443700,25.017443603515623,9.41400146484375,0.019153613597154617,2.5905263423919678
1789130075627450600,25.03345068359375,9.404424667358398,0.009576806798577309,2.63362193107605
1789130075643458000,25.0494580078125,9.41400146484375,0.014365210197865963,2.6384103298187256
1789130075659470000,25.065469970703123,9.457097053527832,0.028730420395731926,2.6192567348480225
1789130075675474400,25.081474365234374,9.442731857299805,0.05267243832349777,2.6144683361053467
1789130075691484200,25.097484130859375,9.452308654785156,0.047884032130241394,2.6384103298187256
1789130075707493600,25.11349365234375,9.437943458557129,0.038307227194309235,2.6144683361053467
1789130075723506200,25.129506103515624,9.457097053527832,0.047884032130241394,2.609679937362671
1789130075739510000,25.145510009765626,9.44752025604248,0.023942016065120697,2.63362193107605
1789130075755516400,25.161516357421874,9.495404243469238,0.06703764945268631,2.5282769203186035
1789130075771524400,25.1775244140625,9.514557838439941,0.043095629662275314,2.5234885215759277
1789130075787529500,25.193529541015625,9.452308654785156,-0.019153613597154617,2.5091233253479004
1789130075803530000,25.209530029296875,9.519346237182617,0.033518824726343155,2.518700122833252
1789130075819533000,25.225532958984374,9.490615844726562,0.004788403399288654,2.408566951751709
1789130075835537700,25.24153759765625,9.481039047241211,0.019153613597154617,2.3989901542663574
1789130075851535600,25.25753564453125,9.476250648498535,-0.019153613597154617,2.3702597618103027
1789130075867535000,25.27353515625,9.457097053527832,-0.004788403399288654,2.3319525718688965
1789130075883537000,25.289536865234375,9.476250648498535,-0.009576806798577309,2.250549554824829
1789130075899540200,25.305540283203126,9.476250648498535,-0.023942016065120697,2.231395959854126
1789130075915545300,25.32154541015625,9.490615844726562,-0.009576806798577309,2.169146776199341
1789130075931554300,25.33755419921875,9.53849983215332,-0.004788403399288654,2.097320795059204
1789130075947559000,25.353558837890624,9.543288230895996,-0.033518824726343155,2.097320795059204
1789130075963569400,25.3695693359375,9.59596061706543,-0.004788403399288654,2.030282974243164
1789130075979576800,25.385576904296876,9.615114212036133,-0.019153613597154617,2.03507137298584
1789130075995582700,25.401582763671875,9.639056205749512,0,1.9728221893310547
1789130076011593500,25.417593505859376,9.639056205749512,-0.014365210197865963,1.920149803161621
1789130076027596300,25.43359619140625,9.653421401977539,-0.023942016065120697,1.8483237028121948
1789130076043603200,25.449603271484374,9.696516990661621,-0.038307227194309235,1.8148049116134644
1789130076059611400,25.465611328125,9.677363395690918,-0.014365210197865963,1.8195933103561401
1789130076075623000,25.481622802734375,9.725247383117676,-0.028730420395731926,1.7860745191574097
1789130076091632000,25.497632080078127,9.715670585632324,-0.019153613597154617,1.7525556087493896
1789130076107637800,25.5136376953125,9.739612579345703,-0.028730420395731926,1.699883222579956
1789130076123641000,25.52964111328125,9.744400978088379,-0.009576806798577309,1.623268723487854
1789130076139649000,25.54564892578125,9.773131370544434,-0.028730420395731926,1.556231141090393
1789130076155653000,25.561653076171876,9.758766174316406,-0.023942016065120697,1.5131354331970215
1789130076171656400,25.577656494140626,9.821015357971191,-0.023942016065120697,1.4748282432556152
1789130076187664000,25.593663818359374,9.801861763000488,-0.028730420395731926,1.4269442558288574
1789130076203675000,25.6096748046875,9.854534149169922,-0.028730420395731926,1.4077905416488647
1789130076219683300,25.625683349609375,9.864110946655273,-0.043095629662275314,1.292868971824646
1789130076235693800,25.64169384765625,9.8784761428833,-0.047884032130241394,1.2018892765045166
1789130076259707400,25.665707275390623,10.070012092590332,0.028730420395731926,1.0007762908935547
1789130076275718000,25.6817177734375,10.002974510192871,-0.028730420395731926,0.9911994934082031
1789130076291723500,25.6977236328125,9.979032516479492,-0.038307227194309235,1.015141487121582
1789130076307731700,25.713731689453127,9.955090522766113,-0.06224924325942993,0.9241618514060974
1789130076323738000,25.729738037109374,9.911994934082031,-0.047884032130241394,0.8379706144332886
1789130076339746300,25.745746337890626,9.892841339111328,-0.047884032130241394,0.7805097699165344
1789130076355752700,25.761752685546874,9.931148529052734,-0.014365210197865963,0.7230489253997803
1789130076371758800,25.7777587890625,9.983820915222168,-0.038307227194309235,0.7326257228851318
1789130076387766000,25.79376611328125,10.002974510192871,-0.05267243832349777,0.727837324142456
1789130076403773000,25.80977294921875,9.964667320251465,-0.05267243832349777,0.7230489253997803
1789130076419780900,25.82578076171875,9.873687744140625,-0.043095629662275314,0.6943184733390808
1789130076435790600,25.84179052734375,9.873687744140625,-0.043095629662275314,0.6799532771110535
1789130076451801000,25.857801025390625,9.892841339111328,-0.05267243832349777,0.6703764796257019
1789130076467807200,25.87380712890625,9.888052940368652,-0.033518824726343155,0.7038952708244324
1789130076483808000,25.88980810546875,9.897629737854004,-0.004788403399288654,0.751779317855835
1789130076499810800,25.905810791015625,9.86889934539795,-0.047884032130241394,0.7422025203704834
1789130076515817200,25.921817138671877,9.835380554199219,-0.08619125932455063,0.7469909191131592
1789130076531823600,25.93782373046875,9.854534149169922,-0.08140286058187485,0.6943184733390808
1789130076547831600,25.95383154296875,9.897629737854004,-0.06703764945268631,0.7374141216278076
1789130076563841500,25.969841552734376,9.90241813659668,0,0.7757213711738586
1789130076579848000,25.985847900390624,9.926360130310059,-0.08619125932455063,0.7709329724311829
1789130076595851800,26.001851806640627,9.888052940368652,-0.10534487664699554,0.8140285611152649
1789130076611850000,26.01785009765625,9.892841339111328,-0.11013327538967133,0.8427590131759644
1789130076627848400,26.033848388671874,9.86889934539795,-0.08140286058187485,0.8331822156906128
1789130076643846400,26.049846435546876,10.012551307678223,-0.038307227194309235,0.8667010068893433
1789130076659839200,26.065839111328124,9.955090522766113,-0.07661445438861847,0.9145850539207458
1789130076675829800,26.081829833984376,9.96945571899414,-0.06703764945268631,0.9145850539207458
1789130076691825200,26.0978251953125,9.988609313964844,-0.1388636976480484,0.8954314589500427
1789130076707822800,26.11382275390625,9.979032516479492,-0.10534487664699554,0.9624691009521484
1789130076723823000,26.129822998046876,9.955090522766113,-0.033518824726343155,0.8619126081466675
1789130076739821300,26.1458212890625,9.931148529052734,-0.090979665517807,0.9097966551780701
1789130076755817000,26.16181689453125,9.974244117736816,-0.10534487664699554,0.8762778043746948
1789130076771812000,26.17781201171875,9.911994934082031,-0.10055647045373917,0.8810662031173706
1789130076787815000,26.19381494140625,9.940725326538086,-0.1149216815829277,0.9433154463768005
1789130076803812900,26.209812744140624,9.86889934539795,-0.13407529890537262,0.9097966551780701
1789130076819819000,26.225819091796875,9.75397777557373,-0.08140286058187485,0.9576807022094727
1789130076835823400,26.2418232421875,9.797073364257812,-0.023942016065120697,0.871489405632019
1789130076851828000,26.257827880859374,9.825803756713867,-0.05267243832349777,0.9097966551780701
1789130076867830800,26.273830810546876,9.892841339111328,0.004788403399288654,0.9624691009521484
1789130076883834000,26.289834228515623,9.825803756713867,-0.07182604819536209,0.9097966551780701
1789130076899844400,26.30584423828125,9.744400978088379,-0.14844051003456116,0.9289502501487732
1789130076915848200,26.32184814453125,9.864110946655273,0.019153613597154617,0.8858546018600464
1789130076931853600,26.337853515625,9.768342971801758,-0.05267243832349777,0.9816226959228516
1789130076947860000,26.35385986328125,9.825803756713867,-0.06703764945268631,0.9433154463768005
1789130076963869200,26.369869140625,9.907206535339355,0.05267243832349777,0.9241618514060974
1789130076979873800,26.385873779296876,9.940725326538086,-0.06224924325942993,0.9864110946655273
1789130076995882000,26.401882080078124,9.90241813659668,-0.1149216815829277,0.9145850539207458
1789130077011884000,26.417884033203126,9.720458984375,-0.06224924325942993,1.0007762908935547
1789130077027882500,26.433882568359376,9.964667320251465,-0.019153613597154617,0.8906430602073669
1789130077043884500,26.449884521484375,9.830592155456543,-0.090979665517807,0.9097966551780701
1789130077059892700,26.465892822265626,10.017339706420898,-0.10534487664699554,0.8858546018600464
1789130077075901700,26.481901611328126,9.988609313964844,-0.10534487664699554,0.8475474119186401
1789130077091914000,26.4979140625,9.959878921508789,-0.1628057211637497,0.8523358106613159
1789130077107923700,26.513923828125,10.146626472473145,-0.10534487664699554,0.689530074596405
1789130077123931600,26.529931640625,10.113107681274414,-0.20111294090747833,0.6751648783683777
1789130077139947500,26.545947509765625,9.964667320251465,-0.2298433631658554,0.6751648783683777
1789130077155953000,26.561952880859376,9.964667320251465,-0.043095629662275314,0.608127236366272
1789130077171958000,26.5779580078125,10.27591323852539,-0.14365209639072418,0.44532153010368347
1789130077187964000,26.5939638671875,9.988609313964844,-0.14844051003456116,0.4213795065879822
1789130077203969500,26.609969482421874,9.99339771270752,-0.08140286058187485,0.33039984107017517
1789130077219978800,26.625978759765626,10.074800491333008,-0.11971008777618408,0.31603461503982544
1789130077235987000,26.641987060546874,10.122684478759766,-0.043095629662275314,0.28730419278144836
1789130077251990300,26.657990234375,10.132261276245117,-0.12928688526153564,0.26336219906806946
1789130077267995000,26.673994873046876,9.907206535339355,-0.3256114423274994,0.26336219906806946
1789130077283999000,26.6899990234375,9.974244117736816,0.009576806798577309,0.14844051003456116
1789130077300007400,26.70600732421875,10.070012092590332,-0.047884032130241394,0.14844051003456116
1789130077316012800,26.7220126953125,10.160991668701172,-0.08140286058187485,0.15322890877723694
1789130077332021200,26.738021240234374,9.959878921508789,-0.1149216815829277,0.23942017555236816
1789130077348024600,26.754024658203125,10.098742485046387,0.11013327538967133,0.14844051003456116
1789130077364024600,26.770024658203123,10.06043529510498,-0.033518824726343155,0.19632454216480255
1789130077380028200,26.786028076171874,10.017339706420898,0.043095629662275314,0.14365209639072418
1789130077396028400,26.8020283203125,10.055646896362305,0.15322890877723694,0.3064578175544739
1789130077412025000,26.818025146484374,10.017339706420898,0.11013327538967133,0.181959331035614
1789130077428027100,26.834027099609376,10.122684478759766,0.06703764945268631,0.26336219906806946
1789130077444026400,26.8500263671875,10.323798179626465,-0.023942016065120697,0.21547815203666687
1789130077460024800,26.86602490234375,10.089165687561035,-0.14365209639072418,0.20111294090747833
1789130077476024600,26.882024658203125,9.955090522766113,-0.028730420395731926,0.29209262132644653
1789130077492024600,26.898024658203123,10.065223693847656,0.05267243832349777,0.19632454216480255
1789130077508021200,26.914021240234376,10.065223693847656,-0.2059013396501541,0.20111294090747833
1789130077524018700,26.930018798828126,10.122684478759766,-0.11971008777618408,0.19153612852096558
1789130077540017000,26.946016845703124,9.964667320251465,0.038307227194309235,0.31603461503982544
1789130077556017000,26.962016845703126,10.199298858642578,-0.028730420395731926,0.31124621629714966
1789130077572017400,26.978017333984376,10.007762908935547,-0.13407529890537262,0.14844051003456116
1789130077588019000,26.99401904296875,10.223240852355957,-0.22505496442317963,0.3734954595565796
1789130077604020700,27.010020751953125,10.070012092590332,-0.20111294090747833,0.17238251864910126
1789130077620018200,27.02601806640625,10.11789608001709,-0.05746084079146385,0.43095630407333374
1789130077636015000,27.04201513671875,9.998186111450195,-0.09576806426048279,0.3878606855869293
1789130077652016000,27.05801611328125,10.266336441040039,-0.090979665517807,0.3878606855869293
1789130077668016600,27.0740166015625,10.050858497619629,-0.22505496442317963,0.38307225704193115
1789130077684012800,27.0900126953125,10.146626472473145,-0.29209262132644653,0.47405192255973816
1789130077700012300,27.10601220703125,10.32858657836914,-0.181959331035614,0.5123591423034668
1789130077716011500,27.122011474609376,10.11789608001709,-0.2298433631658554,0.4357447028160095
1789130077732009200,27.13800927734375,9.825803756713867,-0.21547815203666687,0.5171475410461426
1789130077756011000,27.162010986328124,9.8784761428833,-0.22026655077934265,0.5363011956214905
1789130077772018200,27.17801806640625,10.070012092590332,-0.08140286058187485,0.5793967843055725
1789130077788018400,27.194018310546873,10.170568466186523,-0.1149216815829277,0.4165911078453064
1789130077804016600,27.2100166015625,9.955090522766113,-0.363918662071228,0.2059013396501541
1789130077820016000,27.22601611328125,9.873687744140625,-0.1867477297782898,0.751779317855835
1789130077836013000,27.242012939453126,9.81143856048584,-0.009576806798577309,0.6512228846549988
1789130077852006000,27.258005859375,10.1753568649292,-0.17717093229293823,0.507570743560791
1789130077868007200,27.274007080078125,9.964667320251465,-0.023942016065120697,0.6320692300796509
1789130077884011300,27.29001123046875,10.007762908935547,-0.08619125932455063,0.8236053586006165
1789130077900013600,27.306013671875,10.06043529510498,0.1149216815829277,0.7038952708244324
1789130077916020000,27.32202001953125,9.81143856048584,0.09576806426048279,0.7469909191131592
1789130077932025600,27.338025634765625,9.907206535339355,-0.047884032130241394,0.8762778043746948
1789130077948026400,27.3540263671875,10.103530883789062,0.028730420395731926,0.7230489253997803
1789130077964032800,27.37003271484375,10.065223693847656,-0.043095629662275314,0.751779317855835
1789130077980035000,27.38603515625,9.849745750427246,-0.05267243832349777,1.0295066833496094
1789130077996039000,27.402038818359376,9.8784761428833,0.043095629662275314,0.7805097699165344
1789130078012043000,27.41804296875,9.801861763000488,-0.08619125932455063,0.9097966551780701
1789130078028048100,27.434048095703126,9.758766174316406,-0.2825157940387726,0.9481038451194763
1789130078044060200,27.45006005859375,9.93593692779541,-0.09576806426048279,0.7805097699165344
1789130078060060000,27.466059814453125,9.8784761428833,-0.15322890877723694,0.7709329724311829
1789130078076064000,27.48206396484375,9.84495735168457,-0.2106897532939911,0.8092401623725891
1789130078092069000,27.498069091796875,10.007762908935547,-0.17717093229293823,0.9241618514060974
1789130078108074500,27.514074462890626,9.979032516479492,0.014365210197865963,0.9672574996948242
1789130078124077000,27.5300771484375,10.02691650390625,-0.17717093229293823,1.0342950820922852
1789130078140084500,27.54608447265625,10.127472877502441,-0.10055647045373917,0.8762778043746948
1789130078156097300,27.56209716796875,10.08437728881836,-0.06224924325942993,0.9481038451194763
1789130078172108800,27.57810888671875,9.758766174316406,-0.26815059781074524,1.0582371950149536
1789130078188117500,27.594117431640626,9.84495735168457,-0.24420857429504395,1.1204863786697388
1789130078204121900,27.610121826171873,9.701305389404297,-0.08140286058187485,1.1492167711257935
1789130078220126500,27.62612646484375,9.86889934539795,-0.33039984107017517,1.0103530883789062
1789130078236129000,27.64212890625,9.725247383117676,-0.19153612852096558,1.2066776752471924
1789130078252132400,27.65813232421875,9.62947940826416,-0.272938996553421,1.1348515748977661
1789130078268133600,27.674133544921876,9.701305389404297,-0.3495534360408783,1.3024457693099976
1789130078284132900,27.6901328125,9.576807022094727,-0.1628057211637497,1.115697979927063
1789130078300132600,27.706132568359376,9.658209800720215,-0.038307227194309235,1.2880805730819702
1789130078316130000,27.722130126953125,10.218452453613281,-0.14844051003456116,1.2689268589019775
1789130078332128800,27.738128662109375,9.873687744140625,-0.26815059781074524,1.1444283723831177
1789130078348123400,27.754123291015624,9.586383819580078,-0.08140286058187485,1.0582371950149536
1789130078364119000,27.770119140625,9.926360130310059,0.10055647045373917,1.139639973640442
1789130078380111400,27.786111328125,10.089165687561035,-0.17238251864910126,1.3120225667953491
1789130078396113200,27.802113037109375,9.897629737854004,-0.363918662071228,1.072602391242981
1789130078412118300,27.8181181640625,9.8784761428833,-0.10055647045373917,1.37906014919281
1789130078428120000,27.8341201171875,9.648633003234863,0.06224924325942993,1.139639973640442
1789130078444128500,27.85012841796875,9.639056205749512,0.24420857429504395,1.048660397529602
1789130078460135400,27.866135498046877,9.84495735168457,-0.05267243832349777,1.2497732639312744
1789130078476137700,27.8821376953125,9.888052940368652,-0.10534487664699554,1.2641384601593018
1789130078492140300,27.898140380859374,9.96945571899414,-0.19632454216480255,1.3024457693099976
1789130078508146700,27.914146728515625,9.787496566772461,0.06224924325942993,1.2832920551300049
1789130078524151300,27.9301513671875,9.81143856048584,0.05746084079146385,1.1061211824417114
1789130078540153300,27.9461533203125,9.682151794433594,0.06703764945268631,1.2306196689605713
1789130078556159200,27.9621591796875,9.749189376831055,0.3734954595565796,1.4413094520568848
1789130078572160300,27.97816015625,9.983820915222168,-0.11971008777618408,1.139639973640442
1789130078588160800,27.994160888671875,9.959878921508789,0.06703764945268631,1.1779472827911377
1789130078604158700,28.01015869140625,10.08437728881836,0.24420857429504395,1.1300631761550903
1789130078620152800,28.02615283203125,9.864110946655273,0.10055647045373917,1.1635819673538208
1789130078636152600,28.042152587890627,10.050858497619629,-0.08140286058187485,1.3646949529647827
1789130078652153300,28.0581533203125,9.955090522766113,0.07182604819536209,1.2641384601593018
1789130078668151800,28.07415185546875,9.552865028381348,-0.12449848651885986,1.1061211824417114
1789130078684153000,28.090153076171877,9.955090522766113,-0.06224924325942993,1.359906554222107
1789130078700155400,28.1061552734375,9.634267807006836,-0.14365209639072418,0.9720458984375
1789130078716161500,28.12216162109375,9.605537414550781,-0.5315127968788147,1.2497732639312744
1789130078732158500,28.138158447265624,9.710882186889648,-0.12449848651885986,1.2066776752471924
1789130078748160500,28.154160400390627,9.710882186889648,0.019153613597154617,1.1540051698684692
1789130078764162800,28.170162841796873,9.734824180603027,-0.43095630407333374,1.0678139925003052
1789130078780160500,28.186160400390627,9.677363395690918,-0.4836287498474121,1.2689268589019775
1789130078796156200,28.20215625,9.816226959228516,-0.3208230137825012,1.1300631761550903
1789130078812154000,28.218154052734373,9.701305389404297,-0.33518823981285095,1.1779472827911377
1789130078828150300,28.234150390625,9.77791976928711,-0.12449848651885986,1.2832920551300049
1789130078844147500,28.2501474609375,9.864110946655273,-0.42616790533065796,0.9528923034667969
1789130078860138800,28.266138671875,9.672574996948242,-0.6751648783683777,1.173158884048462
1789130078876131800,28.2821318359375,9.84495735168457,-0.2298433631658554,1.2066776752471924
1789130078892117500,28.298117431640627,9.658209800720215,-0.6177040338516235,1.235408067703247
1789130078908109600,28.314109619140623,10.050858497619629,-0.47884035110473633,0.9241618514060974
1789130078924102400,28.330102294921875,9.940725326538086,-0.7182605266571045,1.1827356815338135
1789130078940096000,28.346095947265624,9.361329078674316,-0.23942017555236816,1.4317326545715332
1789130078956088000,28.362088134765624,9.682151794433594,0.06224924325942993,1.3982137441635132
1789130078972081400,28.378081298828125,9.658209800720215,-0.11013327538967133,1.1875240802764893
1789130078988081700,28.39408154296875,10.089165687561035,0.19153612852096558,1.2210428714752197
1789130079004083000,28.4100830078125,9.897629737854004,-0.20111294090747833,1.4077905416488647
1789130079020084200,28.426084228515624,9.950302124023438,-0.11971008777618408,1.2832920551300049
1789130079036083500,28.44208349609375,9.787496566772461,0.043095629662275314,1.5322890281677246
1789130079052080600,28.45808056640625,9.964667320251465,-0.06703764945268631,1.522712230682373
1789130079068079600,28.47407958984375,9.581595420837402,-0.2346317619085312,1.599326729774475
1789130079084080400,28.490080322265626,9.821015357971191,-0.08140286058187485,1.3838485479354858
1789130079100076300,28.506076171875,9.883264541625977,-0.1388636976480484,1.6041151285171509
1789130079116074000,28.522073974609373,9.840168952941895,-0.09576806426048279,1.335964560508728
1789130079132073200,28.5380732421875,9.797073364257812,-0.17238251864910126,1.436521053314209
1789130079148071200,28.5540712890625,9.701305389404297,0.17717093229293823,1.6950948238372803
1789130079164074800,28.57007470703125,9.782708168029785,-0.2298433631658554,1.7860745191574097
1789130079180076800,28.586076904296874,9.974244117736816,-0.20111294090747833,1.460463047027588
1789130079196079400,28.602079345703125,10.137049674987793,-0.10055647045373917,1.5083470344543457
1789130079212079400,28.618079345703126,9.452308654785156,-0.19632454216480255,1.800439715385437
1789130079228079000,28.6340791015625,10.156203269958496,-0.31603461503982544,1.699883222579956
1789130079244077600,28.65007763671875,9.883264541625977,-0.6512228846549988,1.7381904125213623
1789130079260077000,28.6660771484375,9.710882186889648,-0.3208230137825012,1.7908629179000854
1789130079276073500,28.682073486328125,9.84495735168457,-0.3064578175544739,1.7573440074920654
1789130079292075500,28.698075439453124,9.945513725280762,-0.6224924325942993,1.7142484188079834
1789130079308072700,28.71407275390625,9.749189376831055,-0.4596867263317108,1.9153614044189453
1789130079324071700,28.73007177734375,9.696516990661621,-0.2346317619085312,1.6903064250946045
1789130079340072400,28.746072509765625,9.327810287475586,-0.45489832758903503,1.6950948238372803
1789130079356066800,28.76206689453125,9.706093788146973,-0.4836287498474121,1.6136919260025024
1789130079372065800,28.778065673828124,9.332598686218262,-0.6512228846549988,1.886630892753601
1789130079388063200,28.794063232421873,9.706093788146973,-0.3974374830722809,1.9584569931030273
1789130079404058600,28.81005859375,9.648633003234863,-0.2106897532939911,2.0015525817871094
1789130079420058000,28.82605810546875,9.548076629638672,-0.35913026332855225,1.699883222579956
1789130079436052200,28.84205224609375,9.528923034667969,-0.047884032130241394,1.8626888990402222
1789130079452044800,28.858044921875,9.576807022094727,0.047884032130241394,2.3032219409942627
1789130079468038700,28.87403857421875,9.667786598205566,0.12449848651885986,1.6328455209732056
1789130079484034800,28.890034912109375,9.725247383117676,0.033518824726343155,2.0685901641845703
1789130079500030200,28.9060302734375,9.658209800720215,-0.06224924325942993,1.9488801956176758
1789130079516032000,28.922031982421874,9.624691009521484,-0.6129156351089478,1.843535304069519
1789130079532034600,28.93803466796875,9.66299819946289,-0.5363011956214905,1.8387469053268433
1789130079548039200,28.9540390625,9.241618156433105,-0.07661445438861847,1.7142484188079834
1789130079564044800,28.970044921875,9.57201862335205,-0.6033388376235962,1.7621324062347412
1789130079580047400,28.98604736328125,9.586383819580078,-0.4118026793003082,1.9297266006469727
1789130079596050400,29.002050537109376,9.84495735168457,-0.3208230137825012,1.920149803161621
1789130079612052700,29.018052734375,10.132261276245117,-0.7038952708244324,1.9584569931030273
1789130079628050000,29.0340498046875,9.648633003234863,-0.07661445438861847,1.8195933103561401
1789130079644054000,29.050053955078123,9.452308654785156,-0.28730419278144836,1.987187385559082
1789130079660067300,29.0660673828125,9.265560150146484,-0.8188169598579407,2.03507137298584
1789130079676071200,29.0820712890625,9.749189376831055,-0.49320554733276367,1.6663644313812256
1789130079692078300,29.098078369140627,9.840168952941895,-0.11013327538967133,1.8722656965255737
1789130079708083200,29.114083251953126,9.959878921508789,-0.31603461503982544,1.6950948238372803
1789130079724086000,29.1300859375,9.907206535339355,-0.26336219906806946,1.7142484188079834
1789130079740090000,29.146090087890624,9.75397777557373,0.028730420395731926,1.580173134803772
1789130079756100900,29.162100830078124,9.921571731567383,-0.26336219906806946,1.6663644313812256
1789130079780109600,29.186109619140623,9.677363395690918,-0.43095630407333374,1.6663644313812256
1789130079796111400,29.202111328125,9.44752025604248,-0.9050082564353943,1.8195933103561401
1789130079812110600,29.218110595703124,9.615114212036133,-0.4405331015586853,1.6759412288665771
1789130079828115700,29.23411572265625,9.888052940368652,-0.1628057211637497,1.4652514457702637
1789130079844117200,29.2501171875,9.279925346374512,-0.4644751250743866,1.5418659448623657
1789130079860121000,29.26612109375,9.797073364257812,-0.1628057211637497,1.6663644313812256
1789130079876132900,29.2821328125,9.90241813659668,-0.6224924325942993,1.6711528301239014
1789130079892144000,29.29814404296875,9.418789863586426,-0.8954314589500427,1.800439715385437
1789130079908161000,29.3141611328125,9.476250648498535,-0.4644751250743866,1.5322890281677246
1789130079924174000,29.330174072265624,9.959878921508789,-0.7469909191131592,1.316810965538025
1789130079940184300,29.346184326171876,9.016563415527344,-0.9528923034667969,1.6663644313812256
1789130079956195800,29.36219580078125,9.75397777557373,-0.6224924325942993,1.53707754611969
1789130079972210200,29.378210205078126,9.816226959228516,-0.5602431893348694,1.1971008777618408
1789130079988222200,29.39422216796875,9.552865028381348,-0.7326257228851318,1.9297266006469727
1789130080004232000,29.41023193359375,9.998186111450195,-0.7613561153411865,1.3982137441635132
1789130080020238300,29.42623828125,9.96945571899414,-0.5793967843055725,1.9105730056762695
1789130080036242700,29.44224267578125,9.141061782836914,-0.9433154463768005,1.7094600200653076
1789130080052249300,29.458249267578125,9.294290542602539,-1.0055646896362305,1.3982137441635132
1789130080068262000,29.474261962890626,9.198522567749023,-0.9385270476341248,1.5897499322891235
1789130080084267300,29.490267333984374,9.619902610778809,-0.4165911078453064,1.7190368175506592
1789130080100277000,29.506277099609374,9.916783332824707,-0.6224924325942993,1.6280571222305298
1789130080116288500,29.52228857421875,9.279925346374512,-1.0295066833496094,1.723825216293335
1789130080132296200,29.538296142578126,9.84495735168457,-0.26815059781074524,1.8770540952682495
1789130080148304400,29.554304443359374,9.619902610778809,-0.4884171485900879,1.580173134803772
1789130080164312600,29.5703125,9.461885452270508,-0.8619126081466675,1.599326729774475
1789130080180322800,29.58632275390625,10.160991668701172,-0.7182605266571045,1.656787633895874
1789130080196330000,29.602330078125,10.165780067443848,-0.6847416758537292,1.6041151285171509
1789130080212334300,29.618334228515625,9.830592155456543,-0.7134721279144287,2.0015525817871094
1789130080228341800,29.634341796875,10.012551307678223,-0.21547815203666687,1.7573440074920654
1789130080244347000,29.650346923828124,10.165780067443848,-0.45489832758903503,1.7812861204147339
1789130080260351500,29.6663515625,9.907206535339355,-0.6224924325942993,1.9776105880737305
1789130080276363300,29.68236328125,9.433155059814453,-0.3926490843296051,1.8339585065841675
1789130080292368000,29.698367919921875,9.739612579345703,-0.3734954595565796,1.5322890281677246
1789130080308377300,29.71437744140625,9.710882186889648,-0.5841852426528931,1.5897499322891235
1789130080324383500,29.730383544921875,9.428366661071777,-0.507570743560791,1.8339585065841675
1789130080340391000,29.746390869140626,9.75397777557373,-0.6560112833976746,1.6663644313812256
1789130080356397600,29.7623974609375,9.35654067993164,-0.5746083855628967,1.4748282432556152
1789130080372402400,29.77840234375,9.423578262329102,-0.3208230137825012,1.6328455209732056
1789130080388407600,29.794407470703124,9.787496566772461,-0.5602431893348694,1.7046716213226318
1789130080404413000,29.810412841796875,9.150638580322266,-0.7134721279144287,1.6376339197158813
1789130080420418000,29.82641796875,9.351752281188965,-0.35913026332855225,1.6184803247451782
1789130080436427800,29.842427734375,9.66299819946289,-0.8188169598579407,1.3551181554794312
1789130080452438000,29.85843798828125,9.313444137573242,-0.8092401623725891,1.4269442558288574
1789130080468451600,29.87445166015625,9.390059471130371,-1.0103530883789062,1.6376339197158813
1789130080484456700,29.890456787109375,9.41400146484375,-1.039083480834961,1.4700398445129395
1789130080500461000,29.9064609375,9.097966194152832,-0.7709329724311829,1.4221558570861816
1789130080516463600,29.922463623046873,9.461885452270508,-0.6991068720817566,1.3742717504501343
1789130080532467500,29.938467529296876,9.634267807006836,-1.048660397529602,1.2114660739898682
1789130080548473900,29.954473876953124,9.342175483703613,-1.1348515748977661,1.41257905960083
1789130080564472300,29.970472412109373,9.567230224609375,-0.751779317855835,1.5466543436050415
1789130080580473600,29.9864736328125,9.99339771270752,-0.7757213711738586,1.3311761617660522
1789130080596473900,30.002473876953125,10.098742485046387,-1.1013327836990356,1.4844050407409668
1789130080612473000,30.01847314453125,9.57201862335205,-0.8954314589500427,1.7717092037200928
1789130080628475000,30.034474853515626,10.113107681274414,-0.9050082564353943,1.742978811264038
1789130080644470300,30.05047021484375,9.797073364257812,-1.4077905416488647,1.699883222579956
1789130080660469000,30.066468994140624,9.801861763000488,-1.0295066833496094,1.647210717201233
1789130080676470800,30.082470703125,9.90241813659668,-1.3215993642807007,1.8579005002975464
1789130080692471800,30.098471923828125,9.749189376831055,-1.2449848651885986,1.6950948238372803
1789130080708471600,30.114471435546875,10.022128105163574,-0.8427590131759644,1.7334020137786865
1789130080724467500,30.130467529296876,9.959878921508789,-0.5841852426528931,1.680729627609253
1789130080740460500,30.14646044921875,9.385271072387695,-1.2401964664459229,1.4460978507995605
1789130080756459300,30.162459228515626,9.576807022094727,-1.015141487121582,2.126051187515259
1789130080780460300,30.186460205078124,9.768342971801758,-0.8427590131759644,2.1116859912872314
1789130080796460300,30.202460205078125,9.81143856048584,-0.45489832758903503,1.8722656965255737
1789130080812457500,30.21845751953125,10.165780067443848,-1.5466543436050415,2.1164743900299072
1789130080828456700,30.234456787109377,10.074800491333008,-0.871489405632019,1.7812861204147339
1789130080844452900,30.250452880859374,9.797073364257812,-1.7717092037200928,1.3742717504501343
1789130080860452000,30.2664521484375,9.074024200439453,-2.164358377456665,1.1061211824417114
1789130080876448300,30.2824482421875,9.308655738830566,-1.4891934394836426,2.231395959854126
1789130080892445700,30.29844580078125,10.553641319274902,-1.2258312702178955,1.4748282432556152
1789130080908450800,30.314450927734374,10.304644584655762,-1.4891934394836426,1.3263877630233765
1789130080924455000,30.330454833984376,9.399636268615723,-1.4413094520568848,1.9488801956176758
1789130080940457200,30.346457275390627,9.083600997924805,-1.3120225667953491,1.580173134803772
1789130080956463600,30.362463623046875,9.610325813293457,-1.3215993642807007,1.3503297567367554
1789130080972465200,30.378465087890625,9.926360130310059,-1.1779472827911377,1.4939818382263184
1789130080988465000,30.39446484375,9.514557838439941,-1.1827356815338135,1.5466543436050415
1789130081004471000,30.410470947265626,9.782708168029785,-1.4891934394836426,2.078166961669922
1789130081020477000,30.426476806640625,10.017339706420898,-0.5602431893348694,1.6519991159439087
1789130081036482000,30.44248193359375,9.634267807006836,-0.8092401623725891,1.4508862495422363
1789130081052480000,30.45847998046875,9.227252960205078,-0.9672574996948242,1.5610195398330688
1789130081068479500,30.4744794921875,9.126696586608887,-1.0342950820922852,2.1595699787139893
1789130081084478000,30.49047802734375,9.998186111450195,-0.6129156351089478,1.4891934394836426
1789130081100474000,30.50647412109375,9.346963882446289,-1.0007762908935547,2.1787235736846924
1789130081116477400,30.5224775390625,8.992621421813965,-1.3215993642807007,1.8770540952682495
1789130081132481800,30.538481689453125,9.667786598205566,-1.1444283723831177,1.1013327836990356
1789130081148485000,30.554485107421876,9.17936897277832,-1.4317326545715332,1.5131354331970215
1789130081164487000,30.57048681640625,9.308655738830566,-0.8331822156906128,1.824381709098816
1789130081180488700,30.58648876953125,9.983820915222168,-0.3687070608139038,2.0925323963165283
1789130081196485600,30.602485595703126,10.223240852355957,-0.47405192255973816,2.0207061767578125
1789130081212485400,30.6184853515625,10.433931350708008,-1.0007762908935547,1.091755986213684
1789130081228484400,30.634484375,9.639056205749512,-0.8188169598579407,2.3080103397369385
1789130081244480300,30.650480224609375,8.537723541259766,-0.7374141216278076,1.9967641830444336
1789130081260472000,30.66647216796875,9.57201862335205,-0.7230489253997803,1.7477672100067139
1789130081276467500,30.682467529296876,9.327810287475586,-0.5602431893348694,1.6903064250946045
1789130081292462800,30.698462890625,9.581595420837402,-0.49320554733276367,1.7046716213226318
1789130081308462800,30.714462890625,9.528923034667969,-0.40222588181495667,1.8531121015548706
1789130081324463400,30.73046337890625,9.964667320251465,-0.6847416758537292,1.6089035272598267
1789130081340459500,30.74645947265625,10.070012092590332,-0.828393816947937,1.7286136150360107
1789130081356457000,30.76245703125,10.146626472473145,-0.5841852426528931,1.680729627609253
1789130081372458800,30.778458740234374,9.854534149169922,-1.0055646896362305,1.920149803161621
1789130081388461300,30.79446142578125,10.103530883789062,-0.689530074596405,2.279279947280884
1789130081404463900,30.8104638671875,10.27591323852539,-1.091755986213684,1.742978811264038
1789130081420470000,30.826469970703126,9.586383819580078,-1.1444283723831177,1.7525556087493896
1789130081436474600,30.842474609375,9.313444137573242,-0.5506663918495178,1.800439715385437
1789130081452477000,30.858476806640624,10.007762908935547,-0.6607996821403503,1.742978811264038
1789130081468475400,30.874475341796874,9.093177795410156,-0.10055647045373917,1.8100165128707886
1789130081484473900,30.890473876953124,10.017339706420898,-0.5554547905921936,1.3646949529647827
1789130081500475000,30.906474853515626,9.370905876159668,-1.0821791887283325,1.4748282432556152
1789130081516478500,30.922478515625,9.41400146484375,-0.45010992884635925,2.011129379272461
1789130081532472800,30.938472900390625,10.194510459899902,-1.6089035272598267,1.4748282432556152
1789130081548473000,30.95447314453125,9.509769439697266,-0.06703764945268631,1.5753847360610962
1789130081564476200,30.97047607421875,9.136273384094238,0.3974374830722809,0.8331822156906128
1789130081580478700,30.986478759765625,8.69095230102539,-0.569819986820221,2.4229321479797363
1789130081596477200,31.002477294921874,10.036493301391602,-0.7565677165985107,1.699883222579956
1789130081612479500,31.0184794921875,10.831368446350098,-0.6033388376235962,2.499546527862549
1789130081628475000,31.034474853515626,11.075576782226562,-1.3886369466781616,2.1308395862579346
1789130081644471300,31.05047119140625,10.194510459899902,-1.2306196689605713,1.7860745191574097
1789130081660472600,31.06647265625,8.580819129943848,-0.5889736413955688,1.335964560508728
1789130081676476200,31.08247607421875,8.14028549194336,-0.272938996553421,1.6519991159439087
1789130081692485000,31.098485107421876,9.849745750427246,-0.45010992884635925,1.656787633895874
1789130081708489700,31.11448974609375,11.118672370910645,0.40222588181495667,2.1787235736846924
1789130081724487700,31.13048779296875,10.371682167053223,-0.42616790533065796,2.0590133666992188
1789130081740486700,31.146486572265626,8.312667846679688,-0.828393816947937,1.8100165128707886
1789130081764482000,31.17048193359375,8.001421928405762,-0.33997663855552673,1.8100165128707886
1789130081780480300,31.186480224609376,10.137049674987793,-0.047884032130241394,2.557007312774658
1789130081796477000,31.202476806640625,10.524910926818848,0.07661445438861847,2.1499931812286377
1789130081812469800,31.2184697265625,9.375694274902344,0.37828385829925537,2.5282769203186035
1789130081828465000,31.23446484375,9.366117477416992,-0.6655880808830261,2.5474305152893066
1789130081844462000,31.250462158203124,9.121908187866211,-0.9241618514060974,2.1068975925445557
1789130081860458500,31.26645849609375,8.523358345031738,-1.6855180263519287,2.7964274883270264
1789130081876462300,31.28246240234375,9.940725326538086,-1.1300631761550903,2.0829553604125977
1789130081892468200,31.29846826171875,9.586383819580078,-1.0199298858642578,2.9879636764526367
1789130081908467500,31.314467529296873,9.327810287475586,-0.5506663918495178,2.0829553604125977
1789130081924465000,31.33046484375,8.20732307434082,-0.13407529890537262,2.7533318996429443
1789130081940468200,31.34646826171875,8.528146743774414,-0.6320692300796509,3.1699230670928955
1789130081956471600,31.362471435546876,12.358869552612305,-0.7469909191131592,1.8387469053268433
1789130081972469500,31.378469482421874,9.174580574035645,-1.3215993642807007,3.442862033843994
1789130081988463900,31.3944638671875,10.156203269958496,-1.4987702369689941,2.9017724990844727
1789130082004458000,31.4104580078125,9.801861763000488,-0.569819986820221,2.75812029838562
1789130082020445700,31.42644580078125,9.030928611755371,-0.608127236366272,2.762908697128296
1789130082036434200,31.44243408203125,8.595184326171875,0.06703764945268631,3.002328872680664
1789130082052419600,31.458419677734376,9.44752025604248,0.11971008777618408,2.0590133666992188
1789130082068402000,31.47440185546875,8.887276649475098,-0.08140286058187485,2.964021682739258
1789130082084394500,31.49039453125,10.137049674987793,0.545877993106842,2.432508945465088
1789130082100396000,31.50639599609375,8.987833023071289,0.033518824726343155,2.5474305152893066
1789130082116395000,31.52239501953125,9.677363395690918,-0.33039984107017517,2.341529369354248
1789130082132393500,31.5383935546875,9.437943458557129,-0.13407529890537262,3.2130186557769775
1789130082148390100,31.55439013671875,9.706093788146973,0.2346317619085312,2.829946517944336
1789130082164390400,31.570390380859376,9.14585018157959,-0.023942016065120697,2.5043349266052246
1789130082180389000,31.58638916015625,8.413225173950195,-0.38307225704193115,2.911349296569824
1789130082196389600,31.6023896484375,9.533711433410645,0.2537853717803955,2.542642116546631
1789130082212389000,31.61838916015625,9.418789863586426,-0.5315127968788147,3.1220390796661377
1789130082228387000,31.634386962890623,9.883264541625977,-0.09576806426048279,1.920149803161621
1789130082244391700,31.6503916015625,9.102754592895508,-1.1300631761550903,2.8395233154296875
1789130082260394500,31.66639453125,9.313444137573242,-0.5506663918495178,2.5474305152893066
1789130082276396300,31.682396240234375,9.428366661071777,-0.2585737705230713,2.322375535964966
1789130082292396800,31.698396728515625,9.064447402954102,0.043095629662275314,2.7437551021575928
1789130082308402000,31.71440185546875,9.888052940368652,0.3447650372982025,2.5761611461639404
1789130082324402700,31.730402587890627,9.423578262329102,0.24899697303771973,3.3710360527038574
1789130082340405800,31.74640576171875,9.691728591918945,-0.1388636976480484,2.647987127304077
1789130082356404700,31.76240478515625,9.749189376831055,-0.44532153010368347,2.8586769104003906
1789130082372410600,31.77841064453125,9.026140213012695,0.23942017555236816,3.2082302570343018
1789130082388410600,31.79441064453125,9.643844604492188,0.08140286058187485,3.1890766620635986
1789130082404407000,31.810406982421874,10.280701637268066,-0.33518823981285095,2.4229321479797363
1789130082420403700,31.82640380859375,8.916007041931152,0.42616790533065796,3.28963303565979
1789130082436398600,31.842398681640624,9.84495735168457,-0.028730420395731926,3.3470940589904785
1789130082452395300,31.858395263671873,10.54406452178955,-0.6177040338516235,2.806004285812378
1789130082468397800,31.874397705078124,9.437943458557129,-1.0773907899856567,2.609679937362671
1789130082484396000,31.89039599609375,8.772355079650879,-0.4213795065879822,3.2992098331451416
1789130082500394500,31.90639453125,9.600749015808105,-0.3926490843296051,2.801215887069702
1789130082516396000,31.92239599609375,10.050858497619629,0.014365210197865963,3.380612850189209
1789130082532396300,31.938396240234376,9.734824180603027,-0.5123591423034668,3.4763808250427246
1789130082548397800,31.954397705078126,9.648633003234863,-0.42616790533065796,2.9017724990844727
1789130082564395000,31.97039501953125,8.738836288452148,-0.9002198576927185,2.7772738933563232
1789130082580391400,31.986391357421876,9.107542991638184,-0.4118026793003082,2.691082715988159
1789130082596394200,32.002394287109375,9.294290542602539,-0.5171475410461426,3.380612850189209
1789130082612390700,32.018390625,10.405200958251953,-0.4692635238170624,3.4380736351013184
1789130082628390400,32.03439038085938,10.170568466186523,-0.38307225704193115,2.4468741416931152
1789130082644384800,32.050384765625,8.892065048217773,-0.6177040338516235,2.738966703414917
1789130082660383200,32.06638330078125,9.23682975769043,-0.5027823448181152,3.064578056335449
1789130082676382500,32.08238256835938,9.773131370544434,-0.8427590131759644,3.160346269607544
1789130082692373500,32.09837353515625,9.17936897277832,-0.8092401623725891,2.8778305053710938
1789130082708363800,32.11436376953125,9.801861763000488,-0.8523358106613159,2.892195701599121
1789130082724362800,32.13036279296875,9.495404243469238,-0.5554547905921936,2.9975404739379883
1789130082740357400,32.146357421875,8.767566680908203,-0.11971008777618408,2.9735984802246094
1789130082756352800,32.162352783203126,9.02135181427002,-0.17238251864910126,2.1739351749420166
1789130082780341000,32.186341064453124,9.332598686218262,-0.12449848651885986,2.7772738933563232
1789130082796329000,32.202328857421875,9.390059471130371,-0.646434485912323,2.7772738933563232
1789130082812322300,32.218322265625,9.337387084960938,-0.6224924325942993,2.7054479122161865
1789130082828316000,32.23431591796875,9.610325813293457,-0.44532153010368347,2.2457611560821533
1789130082844310800,32.25031079101562,8.695740699768066,-0.9816226959228516,3.0166940689086914
1789130082860307700,32.2663076171875,9.332598686218262,-0.24420857429504395,3.3470940589904785
1789130082876300800,32.28230078125,10.60152530670166,0.10534487664699554,2.3942017555236816
1789130082892293600,32.29829370117187,9.011775016784668,-0.2777273952960968,2.365471363067627
1789130082908290000,32.3142900390625,8.518569946289062,0.3016694188117981,3.361459255218506
1789130082924289500,32.33028955078125,9.208099365234375,-0.181959331035614,2.940079689025879
1789130082940285000,32.346284912109375,9.102754592895508,-0.35913026332855225,2.518700122833252
1789130082956286000,32.36228588867188,8.183381080627441,0.15801730751991272,2.5522189140319824
1789130082972281300,32.37828125,9.026140213012695,-0.4596867263317108,3.2609026432037354
1789130082988281000,32.394281005859376,9.888052940368652,-0.7996633648872375,2.695871114730835
1789130083004277500,32.410277587890626,9.294290542602539,-0.47884035110473633,3.0119056701660156
1789130083020274200,32.426274169921875,8.288725852966309,-0.20111294090747833,2.8586769104003906
1789130083036278800,32.44227880859375,8.71489429473877,-0.37828385829925537,3.246537446975708
1789130083052284000,32.45828393554687,8.695740699768066,-0.40701428055763245,3.1220390796661377
1789130083068293600,32.474293701171874,8.983044624328613,-0.6847416758537292,3.35667085647583
1789130083084301000,32.49030102539062,9.093177795410156,-0.21547815203666687,3.1651346683502197
1789130083100302600,32.506302490234376,9.366117477416992,-0.6320692300796509,2.782062292098999
1789130083116306400,32.522306396484375,9.011775016784668,-1.0534487962722778,2.964021682739258
1789130083132315400,32.5383154296875,8.537723541259766,-0.43095630407333374,3.160346269607544
1789130083148321800,32.55432177734375,9.246406555175781,-0.08140286058187485,3.0406360626220703
1789130083164325000,32.5703251953125,9.610325813293457,0.2106897532939911,2.6671407222747803
1789130083180328200,32.586328125,8.863334655761719,-0.13407529890537262,3.155557870864868
1789130083196335900,32.6023359375,9.294290542602539,-0.8858546018600464,3.112462282180786
1789130083212340700,32.6183408203125,9.05487060546875,-0.5602431893348694,3.533841609954834
1789130083228341200,32.63434130859375,10.18493366241455,-0.6847416758537292,2.801215887069702
1789130083244343600,32.650343505859375,9.835380554199219,-0.3734954595565796,3.2369606494903564
1789130083260342500,32.66634252929688,8.968679428100586,-0.05267243832349777,3.1268274784088135
1789130083276342800,32.6823427734375,9.830592155456543,0.40701428055763245,3.3039982318878174
1789130083292343000,32.698343017578125,9.437943458557129,0.038307227194309235,3.270479440689087
1789130083308344600,32.71434448242187,9.428366661071777,-0.1628057211637497,3.179499864578247
1789130083324349200,32.73034912109375,9.390059471130371,-0.5363011956214905,3.2130186557769775
1789130083340355800,32.74635595703125,9.385271072387695,-0.9097966551780701,3.0597896575927734
1789130083356363300,32.76236328125,9.251194953918457,-0.10055647045373917,2.9448680877685547
1789130083372368000,32.77836791992188,9.385271072387695,-0.17717093229293823,3.529053211212158
1789130083388379000,32.79437890625,9.725247383117676,-0.35913026332855225,3.0119056701660156
1789130083404387800,32.81038793945312,9.035717010498047,0.023942016065120697,3.112462282180786
1789130083420390400,32.82639038085937,8.710105895996094,-0.014365210197865963,3.155557870864868
1789130083436388600,32.842388671875,9.169792175292969,-0.42616790533065796,3.3039982318878174
1789130083452391200,32.85839111328125,9.38048267364502,-0.31603461503982544,2.9496564865112305
1789130083468404700,32.87440478515625,9.064447402954102,-0.038307227194309235,2.911349296569824
1789130083484414200,32.89041430664062,9.30386734008789,0.22505496442317963,3.026270866394043
1789130083500419600,32.90641967773438,9.064447402954102,0.3495534360408783,3.332728862762451
1789130083516429800,32.92242993164062,9.255983352661133,-0.05267243832349777,3.0789434909820557
1789130083532440000,32.938440185546874,8.944737434387207,-0.1149216815829277,2.940079689025879
1789130083548446500,32.954446533203125,8.911218643188477,0.23942017555236816,3.227383852005005
1789130083564445000,32.97044482421875,9.265560150146484,0.7469909191131592,2.853888511657715
1789130083580451800,32.98645190429688,9.174580574035645,0.21547815203666687,3.4141316413879395
1789130083596458200,33.00245825195312,9.940725326538086,0.047884032130241394,3.069366693496704
1789130083612460800,33.01846069335937,8.911218643188477,-0.33039984107017517,2.691082715988159
1789130083628468200,33.03446826171875,8.834604263305664,-0.15322890877723694,2.978386878967285
1789130083644476000,33.05047583007813,9.66299819946289,0.40701428055763245,2.978386878967285
1789130083660483000,33.066483154296876,9.198522567749023,0.6033388376235962,2.806004285812378
1789130083676491500,33.08249145507813,8.944737434387207,0.19153612852096558,3.2992098331451416
1789130083692498200,33.09849829101562,9.883264541625977,0.42616790533065796,2.9975404739379883
1789130083708508000,33.1145078125,9.44752025604248,0.6943184733390808,2.873042106628418
1789130083724521200,33.13052124023437,9.461885452270508,0.363918662071228,2.9305028915405273
1789130083740527900,33.14652783203125,9.184157371520996,0.08140286058187485,2.873042106628418
1789130083756530700,33.16253076171875,9.409213066101074,0.21547815203666687,2.801215887069702
1789130083772538000,33.1785380859375,9.165003776550293,0.5650315880775452,2.715024709701538
1789130083796548900,33.202548828125,9.097966194152832,-0.35913026332855225,3.07415509223938
1789130083812552400,33.21855249023437,9.481039047241211,-0.3974374830722809,3.184288263320923
1789130083828553700,33.2345537109375,9.136273384094238,-0.2537853717803955,2.5330653190612793
1789130083844559600,33.2505595703125,9.327810287475586,-0.13407529890537262,2.580949544906616
1789130083860566300,33.26656616210938,9.366117477416992,-0.043095629662275314,2.5091233253479004
1789130083876569000,33.28256909179687,8.56645393371582,-0.33518823981285095,2.7102363109588623
1789130083892576500,33.29857641601563,9.375694274902344,-0.2777273952960968,2.499546527862549
1789130083908584200,33.31458422851563,9.476250648498535,-0.3064578175544739,2.5953147411346436
1789130083924593400,33.330593505859376,9.399636268615723,-0.14365209639072418,2.049436569213867
1789130083940599300,33.346599365234376,9.188945770263672,-0.21547815203666687,2.868253707885742
1789130083956607700,33.36260766601563,9.14585018157959,-0.3974374830722809,2.920926094055176
1789130083972611800,33.37861181640625,9.500192642211914,-0.2106897532939911,2.0590133666992188
1789130083988618000,33.39461791992188,9.514557838439941,0.3687070608139038,2.561795711517334
1789130084004624600,33.410624755859374,9.375694274902344,0.2825157940387726,2.8634653091430664
1789130084020637700,33.4266376953125,9.883264541625977,0.6560112833976746,2.518700122833252
1789130084036650500,33.442650390625,9.50498104095459,0.751779317855835,2.3798365592956543
1789130084052655600,33.45865551757812,9.701305389404297,0.5793967843055725,2.7054479122161865
1789130084068653000,33.474653076171876,9.998186111450195,-0.17717093229293823,2.31758713722229
1789130084084654000,33.49065405273438,9.23682975769043,-0.2298433631658554,2.427720546722412
1789130084100660700,33.50666064453125,9.131484985351562,-0.4405331015586853,2.3558945655822754
1789130084116665000,33.5226650390625,9.44752025604248,-0.4692635238170624,2.293645143508911
1789130084132671500,33.53867138671875,9.548076629638672,-0.4836287498474121,2.3798365592956543
1789130084148675000,33.55467504882812,9.404424667358398,-1.0678139925003052,2.231395959854126
1789130084164673000,33.57067309570313,9.619902610778809,-1.1061211824417114,2.126051187515259
1789130084180675600,33.58667553710937,9.672574996948242,-0.11013327538967133,2.585737943649292
1789130084196675300,33.60267529296875,9.394847869873047,-0.038307227194309235,2.513911724090576
1789130084212674600,33.61867456054687,9.859322547912598,-0.033518824726343155,2.2170307636260986
1789130084228675800,33.63467578125,10.103530883789062,0.15322890877723694,2.5953147411346436
1789130084244674000,33.65067407226562,10.103530883789062,0.3926490843296051,2.22660756111145
1789130084260673800,33.666673828125,9.81143856048584,-0.17238251864910126,1.6950948238372803
1789130084276676400,33.68267626953125,8.695740699768066,-0.35913026332855225,2.3032219409942627
1789130084292676600,33.69867651367188,9.370905876159668,0.4836287498474121,2.5330653190612793
1789130084308679000,33.71467895507813,9.998186111450195,-0.043095629662275314,1.843535304069519
1789130084324685300,33.73068530273437,9.849745750427246,-0.033518824726343155,2.2026655673980713
1789130084340689700,33.74668969726562,9.184157371520996,0.4357447028160095,1.8626888990402222
1789130084356693000,33.76269287109375,9.141061782836914,0.2346317619085312,1.9249382019042969
1789130084372695000,33.778695068359376,8.916007041931152,0.014365210197865963,1.699883222579956
1789130084388695000,33.794695068359374,9.313444137573242,-0.038307227194309235,1.8148049116134644
1789130084404690200,33.810690185546875,9.816226959228516,-0.15801730751991272,1.900996208190918
1789130084420684500,33.8266845703125,8.753201484680176,0.5027823448181152,1.9488801956176758
1789130084436683500,33.84268359375,9.53849983215332,0.33039984107017517,1.5131354331970215
1789130084452680200,33.85868017578125,9.361329078674316,0.40222588181495667,2.47560453414917
1789130084468683300,33.87468334960938,10.170568466186523,0.6320692300796509,1.656787633895874
1789130084484683500,33.89068359375,9.074024200439453,0.17717093229293823,2.183511972427368
1789130084500684000,33.90668408203125,8.935160636901855,0.1628057211637497,2.389413356781006
1789130084516685000,33.92268505859375,9.773131370544434,0.06703764945268631,1.900996208190918
1789130084532688000,33.93868798828125,10.649409294128418,0.13407529890537262,2.4372973442077637
1789130084548687400,33.954687255859376,10.505757331848145,-0.6655880808830261,2.188300371170044
1789130084564689000,33.97068896484375,9.840168952941895,0.3447650372982025,1.6711528301239014
1789130084580688600,33.98668872070313,8.59997272491455,0.35434186458587646,2.389413356781006
1789130084596686600,34.0026865234375,10.323798179626465,-0.5315127968788147,1.8148049116134644
1789130084612685800,34.01868579101563,10.366893768310547,-0.028730420395731926,2.073378562927246
1789130084628685600,34.034685546875,9.734824180603027,-0.12928688526153564,1.6280571222305298
1789130084644679400,34.05067944335938,9.390059471130371,-0.8427590131759644,1.6615760326385498
1789130084660680400,34.06668041992187,9.696516990661621,-0.21547815203666687,1.8339585065841675
1789130084676683500,34.08268359375,9.600749015808105,-0.8140285611152649,2.31758713722229
1789130084692682800,34.09868286132812,9.773131370544434,-0.363918662071228,2.2361843585968018
1789130084708678000,34.11467797851562,9.758766174316406,0.2298433631658554,1.599326729774475
1789130084724673500,34.130673583984375,8.844181060791016,-0.5267243981361389,1.4939818382263184
1789130084740671500,34.14667138671875,6.947973251342773,-0.545877993106842,1.2258312702178955
1789130084756670500,34.16267041015625,8.892065048217773,0.20111294090747833,1.41257905960083
1789130084772672800,34.1786728515625,9.136273384094238,1.3311761617660522,2.2649147510528564
1789130084788670000,34.194669921875,9.217676162719727,-0.4357447028160095,2.983175277709961
1789130084804669700,34.21066967773437,10.462661743164062,-0.3064578175544739,2.7293899059295654
1789130084820674000,34.226674072265624,10.18493366241455,-0.2968810200691223,1.6615760326385498
1789130084836680200,34.24268017578125,9.136273384094238,-0.31603461503982544,1.1779472827911377
1789130084852681500,34.25868139648438,8.485051155090332,0.6560112833976746,2.38462495803833
1789130084868684000,34.27468408203125,10.400412559509277,0.44532153010368347,3.0789434909820557
1789130084884687600,34.2906875,11.314997673034668,-1.0582371950149536,1.7046716213226318
1789130084900685000,34.30668505859375,10.309432983398438,-0.5602431893348694,1.2497732639312744
1789130084916684800,34.322684814453126,9.059659004211426,-0.751779317855835,2.2409727573394775
1789130084932681700,34.338681640625,9.490615844726562,0.6607996821403503,1.7956513166427612
1789130084948679200,34.35467919921875,9.442731857299805,-0.38307225704193115,1.8962076902389526
1789130084964673000,34.370673095703125,10.630255699157715,0.5937620401382446,2.5330653190612793
1789130084980672800,34.3866728515625,11.042057991027832,0.9816226959228516,1.9584569931030273
1789130084996671500,34.40267138671875,10.189722061157227,-0.9193734526634216,1.556231141090393
1789130085012667600,34.41866772460938,8.576030731201172,-1.3455413579940796,2.5282769203186035
1789130085028662000,34.434662109375,9.47146224975586,-0.17717093229293823,2.8155810832977295
1789130085044658700,34.45065869140625,10.486603736877441,-0.47884035110473633,1.41257905960083
1789130085060659500,34.466659423828126,9.586383819580078,0.06703764945268631,1.8626888990402222
1789130085076661000,34.48266088867187,9.208099365234375,-0.043095629662275314,2.0207061767578125
1789130085092658000,34.498657958984374,8.767566680908203,1.0295066833496094,1.4700398445129395
1789130085108653800,34.51465380859375,8.65743350982666,1.2306196689605713,1.9919757843017578
1789130085124648200,34.530648193359376,8.920795440673828,-0.009576806798577309,1.5131354331970215
1789130085140648000,34.54664794921875,10.189722061157227,-0.7757213711738586,2.1068975925445557
1789130085156650000,34.56264990234375,9.897629737854004,-0.7182605266571045,1.7477672100067139
1789130085172658400,34.578658447265624,10.539276123046875,-1.1540051698684692,1.3886369466781616
1789130085188664800,34.594664794921876,8.628703117370605,-1.2306196689605713,2.5713725090026855
1789130085204672500,34.610672607421876,8.834604263305664,-1.460463047027588,1.7190368175506592
1789130085220672800,34.6266728515625,9.332598686218262,-1.1683704853057861,1.8339585065841675
1789130085236671200,34.64267114257812,8.815450668334961,-1.1875240802764893,1.6663644313812256
1789130085252672500,34.65867260742188,8.887276649475098,-0.9576807022094727,1.5466543436050415
1789130085268669700,34.67466967773437,9.667786598205566,-0.6847416758537292,1.7860745191574097
1789130085284665000,34.6906650390625,8.992621421813965,-0.6991068720817566,1.5131354331970215
1789130085300667100,34.70666723632812,9.222464561462402,-1.824381709098816,2.0398597717285156
1789130085316666400,34.722666259765624,9.346963882446289,-1.5705963373184204,1.7621324062347412
1789130085332668400,34.73866845703125,9.394847869873047,-1.192312479019165,1.6328455209732056
1789130085348671200,34.754671142578125,8.925583839416504,-0.5746083855628967,1.7381904125213623
1789130085364673000,34.770673095703124,9.730035781860352,-0.7565677165985107,1.6711528301239014
1789130085380675000,34.78667504882812,9.99339771270752,-1.6280571222305298,1.4173674583435059
1789130085396678700,34.8026787109375,10.017339706420898,0.26815059781074524,2.255337953567505
1789130085412678000,34.81867797851562,9.639056205749512,0.12449848651885986,2.494758129119873
1789130085428682800,34.834682861328126,9.557653427124023,-0.4836287498474121,1.7190368175506592
1789130085444681700,34.850681640625,9.428366661071777,0.023942016065120697,2.0829553604125977
1789130085460683000,34.86668310546875,9.255983352661133,0.2346317619085312,1.4891934394836426
1789130085476684500,34.8826845703125,9.830592155456543,0.2346317619085312,1.699883222579956
1789130085492686600,34.8986865234375,9.90241813659668,-0.16759411990642548,2.4851813316345215
1789130085508693000,34.91469287109375,10.031704902648926,0.05267243832349777,2.279279947280884
1789130085524697300,34.930697265625,10.06043529510498,-0.6703764796257019,1.5418659448623657
1789130085540704800,34.94670483398438,9.332598686218262,-0.8331822156906128,1.723825216293335
1789130085556707300,34.96270727539063,9.725247383117676,-0.4165911078453064,2.1164743900299072
1789130085572711200,34.97871118164063,10.682928085327148,-0.272938996553421,2.183511972427368
1789130085588712000,34.9947119140625,8.877699851989746,-0.11971008777618408,2.030282974243164
1789130085604715300,35.01071533203125,9.90241813659668,-0.5123591423034668,2.1308395862579346
1789130085620719000,35.02671899414062,10.050858497619629,-0.2298433631658554,1.8387469053268433
1789130085636720400,35.04272045898438,9.639056205749512,-0.5506663918495178,2.2840683460235596
1789130085652727800,35.058727783203125,9.509769439697266,-0.751779317855835,1.944091796875
1789130085668738300,35.07473828125,9.706093788146973,0.272938996553421,2.0015525817871094
1789130085684748800,35.090748779296874,9.217676162719727,-0.2298433631658554,1.9057846069335938
1789130085700756000,35.106755859375,9.50498104095459,-0.727837324142456,2.0877439975738525
1789130085716764400,35.12276440429687,10.232817649841309,-0.5937620401382446,1.436521053314209
1789130085732768300,35.13876831054687,9.08838939666748,-0.20111294090747833,2.097320795059204
1789130085748772900,35.15477294921875,8.729259490966797,-0.4692635238170624,1.8387469053268433
1789130085764775200,35.170775146484374,9.605537414550781,-0.38307225704193115,1.3838485479354858
1789130085780776700,35.18677661132813,9.758766174316406,-0.33518823981285095,2.7054479122161865
1789130085796778500,35.202778564453126,9.552865028381348,-0.4596867263317108,1.8531121015548706
1789130085812785200,35.21878515625,9.241618156433105,-0.4118026793003082,1.3886369466781616
1789130085828787000,35.234786865234376,9.370905876159668,-0.43095630407333374,1.9728221893310547
1789130085844789800,35.25078979492187,9.150638580322266,-0.15801730751991272,1.8770540952682495
1789130085860795100,35.266795166015626,9.667786598205566,-0.2585737705230713,2.1116859912872314
1789130085876804900,35.28280493164063,9.21288776397705,-0.26815059781074524,1.8818424940109253
1789130085892812500,35.2988125,9.155426979064941,-0.689530074596405,1.9249382019042969
1789130085908816000,35.31481591796875,9.481039047241211,-0.8523358106613159,1.8818424940109253
1789130085924814000,35.33081396484375,9.442731857299805,-0.5937620401382446,1.1444283723831177
1789130085940812300,35.346812255859376,8.762778282165527,-0.3974374830722809,2.1356279850006104
1789130085956811500,35.3628115234375,10.371682167053223,-0.29209262132644653,1.7046716213226318
1789130085972812000,35.37881201171875,10.189722061157227,-0.33997663855552673,1.6950948238372803
1789130085988811800,35.394811767578126,8.954314231872559,-0.4405331015586853,2.1978771686553955
1789130086012815400,35.4188154296875,9.17936897277832,-0.6991068720817566,2.10210919380188
1789130086028815400,35.4348154296875,9.744400978088379,-0.24420857429504395,1.920149803161621
1789130086044815600,35.450815673828124,9.66299819946289,-0.004788403399288654,2.03507137298584
1789130086060813800,35.46681372070312,9.639056205749512,-0.023942016065120697,2.3702597618103027
1789130086076811300,35.482811279296875,9.35654067993164,-0.40222588181495667,2.2026655673980713
1789130086092809700,35.498809814453125,9.44752025604248,-0.6703764796257019,1.8148049116134644
1789130086108807000,35.514806884765626,9.476250648498535,-0.7038952708244324,2.346317768096924
1789130086124803300,35.53080322265625,10.06043529510498,-0.090979665517807,1.886630892753601
1789130086140799000,35.54679907226563,9.337387084960938,-0.2346317619085312,1.968033790588379
1789130086156800800,35.56280078125,9.533711433410645,-0.4165911078453064,2.4133553504943848
1789130086172804000,35.57880419921875,9.758766174316406,-0.6224924325942993,1.7525556087493896
1789130086188809200,35.59480932617188,9.035717010498047,-0.5937620401382446,1.8531121015548706
1789130086204816000,35.61081591796875,9.394847869873047,-0.31124621629714966,2.1308395862579346
1789130086220818400,35.626818359375,9.552865028381348,-0.49320554733276367,1.9967641830444336
1789130086236824600,35.64282446289062,9.758766174316406,-0.7565677165985107,2.0590133666992188
1789130086252832300,35.65883227539062,9.165003776550293,-0.6224924325942993,2.3367409706115723
1789130086268833300,35.674833251953125,9.581595420837402,-0.6272808313369751,1.7286136150360107
1789130086284840400,35.69084033203125,9.658209800720215,-0.8379706144332886,1.7812861204147339
1789130086300842800,35.7068427734375,9.165003776550293,0.033518824726343155,1.9584569931030273
1789130086316849200,35.72284912109375,9.658209800720215,0.2059013396501541,1.8579005002975464
1789130086332856800,35.73885693359375,10.615890502929688,-0.11013327538967133,2.3127987384796143
1789130086348861700,35.75486181640625,9.739612579345703,-0.37828385829925537,2.2361843585968018
1789130086364863000,35.77086303710937,9.160215377807617,-0.33997663855552673,1.824381709098816
1789130086380863700,35.78686376953125,9.260771751403809,-0.1388636976480484,1.900996208190918
1789130086396861000,35.80286083984375,9.193734169006348,-0.5793967843055725,2.22660756111145
1789130086412864800,35.81886474609375,10.467450141906738,-0.2968810200691223,2.0925323963165283
1789130086428863200,35.83486328125,9.5624418258667,0.22026655077934265,2.691082715988159
1789130086444861000,35.85086083984375,9.208099365234375,0.11013327538967133,2.2601263523101807
1789130086460853200,35.86685327148437,10.079588890075684,0.15322890877723694,1.8387469053268433
1789130086476847600,35.88284765625,9.452308654785156,0.05267243832349777,2.3702597618103027
1789130086492854500,35.8988544921875,9.864110946655273,-0.38307225704193115,2.456450939178467
1789130086508856300,35.91485620117187,9.634267807006836,-0.49799394607543945,2.408566951751709
1789130086524860200,35.93086010742188,9.725247383117676,-0.5123591423034668,2.5953147411346436
1789130086548866000,35.95486596679687,9.35654067993164,0.1867477297782898,2.557007312774658
1789130086564870700,35.97087060546875,9.404424667358398,0.038307227194309235,2.537853717803955
1789130086580869000,35.986869140625,9.749189376831055,0.22505496442317963,2.5043349266052246
1789130086596869400,36.002869384765624,9.543288230895996,0.272938996553421,2.911349296569824
1789130086612866800,36.01886669921875,9.351752281188965,0.2777273952960968,2.75812029838562
1789130086628866800,36.03486669921875,10.06043529510498,0.2825157940387726,2.4420857429504395
1789130086644864500,36.05086450195312,8.87291145324707,-0.2777273952960968,2.6815059185028076
1789130086660862200,36.0668623046875,8.461109161376953,-0.3256114423274994,2.5665841102600098
1789130086676858000,36.08285815429687,10.007762908935547,-0.12928688526153564,2.403778553009033
1789130086692855300,36.09885522460937,9.821015357971191,0.07661445438861847,2.6144683361053467
1789130086708852700,36.114852783203126,9.050082206726074,0.10534487664699554,2.873042106628418
1789130086724850400,36.13085034179687,9.524134635925293,-0.24899697303771973,2.279279947280884
1789130086740850700,36.1468505859375,9.332598686218262,-0.26815059781074524,2.3271639347076416
1789130086756854500,36.1628544921875,9.38048267364502,-0.3878606855869293,2.691082715988159
1789130086780848000,36.18684814453125,9.567230224609375,0.15801730751991272,2.537853717803955
1789130086796841200,36.20284130859375,9.734824180603027,-0.15322890877723694,2.9688100814819336
1789130086812832000,36.21883203125,10.046070098876953,-0.5027823448181152,2.829946517944336
1789130086828826000,36.234826171875,9.294290542602539,-0.7038952708244324,2.432508945465088
1789130086844826600,36.25082666015625,9.227252960205078,-0.1867477297782898,2.8443117141723633
1789130086860832300,36.26683227539063,9.720458984375,0.038307227194309235,2.829946517944336
1789130086876837400,36.28283740234375,9.227252960205078,-0.6129156351089478,2.738966703414917
1789130086892841000,36.29884106445313,9.361329078674316,-0.08140286058187485,2.4468741416931152
1789130086908844500,36.314844482421876,8.968679428100586,-0.11013327538967133,2.676717519760132
1789130086924845000,36.330844970703126,9.931148529052734,0.047884032130241394,2.7772738933563232
1789130086940848000,36.34684814453125,9.710882186889648,0.272938996553421,2.940079689025879
1789130086956849700,36.362849609375,8.93037223815918,0.047884032130241394,2.868253707885742
1789130086972854500,36.3788544921875,9.169792175292969,0.10055647045373917,2.691082715988159
1789130086988856600,36.39485668945313,9.701305389404297,0.10534487664699554,2.9257144927978516
1789130087004859600,36.41085961914062,9.59596061706543,0.47884035110473633,2.82515811920166
1789130087020862500,36.426862548828126,9.418789863586426,-0.22026655077934265,3.050212860107422
1789130087036861200,36.442861083984376,9.68694019317627,0.2777273952960968,2.647987127304077
1789130087052865500,36.45886547851563,9.294290542602539,0.181959331035614,2.6240451335906982
1789130087068875800,36.47487573242187,9.284713745117188,-0.019153613597154617,2.82515811920166
1789130087084882400,36.49088232421875,9.524134635925293,-0.019153613597154617,2.8347349166870117
1789130087100885800,36.5068857421875,9.059659004211426,-0.22505496442317963,2.6240451335906982
1789130087116889000,36.52288916015625,9.02135181427002,-0.2825157940387726,2.75812029838562
1789130087132891100,36.53889111328125,9.126696586608887,-0.12928688526153564,2.7054479122161865
1789130087148891400,36.55489135742187,8.777143478393555,-0.40222588181495667,2.5282769203186035
1789130087164894000,36.57089404296875,9.184157371520996,-0.5363011956214905,3.184288263320923
1789130087180896800,36.586896728515626,9.327810287475586,-0.16759411990642548,2.7676970958709717
1789130087196895500,36.6028955078125,8.935160636901855,-0.40701428055763245,2.9496564865112305
1789130087212900900,36.61890087890625,9.155426979064941,-0.38307225704193115,2.7485435009002686
1789130087228901600,36.634901611328125,9.208099365234375,-0.4644751250743866,2.6815059185028076
1789130087244905000,36.65090502929687,9.141061782836914,0.26815059781074524,3.0310592651367188
1789130087260908800,36.66690869140625,10.141838073730469,-0.11013327538967133,2.7916390895843506
1789130087276908000,36.68290795898437,9.591172218322754,-0.2825157940387726,2.9448680877685547
1789130087292908300,36.698908203125,9.260771751403809,0.24420857429504395,3.1316158771514893
1789130087308906200,36.71490625,9.466673851013184,-0.6943184733390808,2.8586769104003906
1789130087324904400,36.730904541015626,9.394847869873047,-0.2537853717803955,2.9927520751953125
1789130087340900600,36.74690063476562,9.50498104095459,-0.2777273952960968,3.2609026432037354
1789130087356896500,36.762896484375,9.17936897277832,-0.2537853717803955,3.021482467651367
1789130087372890400,36.77889038085937,9.404424667358398,-0.023942016065120697,2.8203697204589844
1789130087388892200,36.79489208984375,9.600749015808105,-0.5841852426528931,2.9161376953125
1789130087404893200,36.81089306640625,9.150638580322266,-0.6129156351089478,3.098097085952759
1789130087420894500,36.82689453125,8.99740982055664,0.14365209639072418,3.0310592651367188
1789130087436903400,36.8429033203125,9.715670585632324,0.4596867263317108,2.6384103298187256
1789130087452911400,36.858911376953124,8.757989883422852,-1.0582371950149536,2.868253707885742
1789130087468924700,36.87492456054687,9.059659004211426,0.23942017555236816,3.2752678394317627
1789130087484934100,36.89093408203125,9.141061782836914,-0.28730419278144836,2.9879636764526367
1789130087500943600,36.90694360351562,9.437943458557129,-0.35913026332855225,2.849100112915039
1789130087516950800,36.92295068359375,9.773131370544434,-0.019153613597154617,3.050212860107422
1789130087532955100,36.938955078125,9.165003776550293,0.2825157940387726,2.9496564865112305
1789130087548959700,36.95495971679688,9.23682975769043,0.12449848651885986,3.050212860107422
1789130087564961800,36.9709619140625,10.309432983398438,-0.1149216815829277,3.2752678394317627
1789130087580964600,36.98696459960937,9.5624418258667,0.6703764796257019,2.9544448852539062
1789130087596970200,37.00297021484375,9.710882186889648,0.26336219906806946,2.6144683361053467
1789130087612974300,37.01897436523438,9.30386734008789,-0.5171475410461426,3.0550012588500977
1789130087628976000,37.03497607421875,9.399636268615723,0.038307227194309235,3.332728862762451
1789130087644979000,37.05097900390625,9.773131370544434,0.3064578175544739,2.7916390895843506
1789130087660986400,37.066986328125,9.21288776397705,-0.24899697303771973,2.978386878967285
1789130087676992800,37.08299267578125,9.725247383117676,-0.3974374830722809,2.983175277709961
1789130087692996000,37.09899609375,9.5624418258667,-0.1149216815829277,3.2321722507476807
1789130087709003800,37.11500366210937,9.184157371520996,0,3.2082302570343018
1789130087725013200,37.13101318359375,9.53849983215332,-0.4357447028160095,2.978386878967285
1789130087749024000,37.15502392578125,9.078812599182129,-0.090979665517807,3.1938650608062744
1789130087765029000,37.171029052734376,8.456320762634277,-0.05746084079146385,2.801215887069702
1789130087781033000,37.187032958984375,8.863334655761719,-0.24420857429504395,3.529053211212158
1789130087797033200,37.203033203125,10.740388870239258,0.2968810200691223,2.4803929328918457
1789130087813040600,37.21904052734375,8.925583839416504,-0.07661445438861847,3.2800562381744385
1789130087829048800,37.235048828125,9.418789863586426,0.023942016065120697,3.0119056701660156
1789130087853066200,37.25906616210938,8.882488250732422,-0.35434186458587646,3.155557870864868
1789130087869077800,37.27507788085938,9.02135181427002,0.2059013396501541,2.9927520751953125
1789130087885081000,37.2910810546875,9.955090522766113,0.1628057211637497,3.0166940689086914
1789130087901078000,37.307078125,9.294290542602539,-0.3495534360408783,3.4332852363586426
1789130087917083100,37.32308325195312,9.519346237182617,0.033518824726343155,2.892195701599121
1789130087933085000,37.3390849609375,9.509769439697266,-0.1149216815829277,2.6192567348480225
1789130087949094400,37.355094482421876,8.786720275878906,-0.2346317619085312,2.964021682739258
1789130087965106700,37.37110668945313,9.524134635925293,-0.004788403399288654,2.8395233154296875
1789130087981120300,37.38712036132812,9.53849983215332,0.1149216815829277,2.9879636764526367
1789130087997135600,37.40313549804687,9.50498104095459,0.10534487664699554,2.557007312774658
1789130088013146600,37.41914672851563,9.294290542602539,-0.7661445140838623,2.8443117141723633
1789130088029157400,37.435157470703125,9.749189376831055,-0.28730419278144836,2.652775526046753
1789130088045169000,37.4511689453125,9.543288230895996,-0.3256114423274994,2.6575639247894287
1789130088061172200,37.46717211914063,9.102754592895508,-0.4118026793003082,2.6623523235321045
1789130088077179100,37.48317919921875,9.524134635925293,-0.24420857429504395,2.542642116546631
1789130088093185000,37.49918505859375,9.260771751403809,-0.38307225704193115,2.63362193107605
1789130088109192700,37.51519262695312,9.074024200439453,-0.17238251864910126,3.0406360626220703
1789130088125197300,37.531197265625,10.165780067443848,-0.181959331035614,2.346317768096924
1789130088141202000,37.54720190429688,8.9064302444458,-0.4596867263317108,2.3367409706115723
1789130088157204700,37.56320483398437,8.944737434387207,-0.4165911078453064,2.6862943172454834
1789130088173204200,37.579204345703126,9.394847869873047,-0.009576806798577309,2.7916390895843506
1789130088189211100,37.59521118164062,9.725247383117676,-0.3016694188117981,2.451662540435791
1789130088205218600,37.61121850585938,9.830592155456543,-0.2346317619085312,2.6192567348480225
1789130088221224400,37.627224365234376,9.169792175292969,-0.3734954595565796,2.2361843585968018
1789130088237237500,37.643237548828125,9.390059471130371,-0.31603461503982544,2.2840683460235596
1789130088253248300,37.65924829101562,9.988609313964844,-0.4692635238170624,2.3558945655822754
1789130088269251300,37.675251220703124,9.495404243469238,-0.24420857429504395,2.5043349266052246
1789130088285260300,37.69126025390625,9.457097053527832,0.09576806426048279,2.4851813316345215
1789130088301268000,37.70726806640625,9.725247383117676,0.023942016065120697,2.1547815799713135
1789130088317280000,37.72328002929687,9.313444137573242,-0.06224924325942993,2.9161376953125
1789130088333289500,37.73928955078125,9.749189376831055,-0.2106897532939911,2.4420857429504395
1789130088349292000,37.7552919921875,9.715670585632324,-0.4213795065879822,2.0685901641845703
1789130088365295400,37.77129541015625,9.093177795410156,-0.20111294090747833,2.6862943172454834
1789130088381298000,37.7872978515625,9.567230224609375,0.12928688526153564,2.63362193107605
1789130088397303800,37.8033037109375,9.792284965515137,0.05746084079146385,2.0398597717285156
1789130088413313300,37.81931323242188,9.069235801696777,-0.16759411990642548,2.5043349266052246
1789130088429320700,37.83532080078125,9.533711433410645,0.10534487664699554,2.2170307636260986
1789130088445326800,37.851326904296876,9.265560150146484,-0.15801730751991272,1.800439715385437
1789130088461338000,37.867338134765625,9.064447402954102,-0.363918662071228,2.676717519760132
1789130088477347000,37.88334716796875,9.44752025604248,0,2.427720546722412
1789130088493354000,37.89935400390625,9.490615844726562,-0.11013327538967133,2.3080103397369385
1789130088509359600,37.915359619140624,9.131484985351562,-0.14365209639072418,2.4181437492370605
1789130088525364700,37.93136474609375,9.62947940826416,-0.014365210197865963,2.3511061668395996
1789130088541372700,37.94737255859375,9.284713745117188,-0.21547815203666687,2.145204782485962
1789130088557378800,37.96337890625,9.792284965515137,0.1388636976480484,2.494758129119873
1789130088573383400,37.97938354492187,9.792284965515137,-0.10534487664699554,2.31758713722229
1789130088589392000,37.995391845703125,9.581595420837402,0.2106897532939911,2.279279947280884
1789130088605399800,38.01139990234375,9.21288776397705,0.038307227194309235,2.5043349266052246
1789130088621409800,38.02740991210938,10.022128105163574,-0.009576806798577309,1.7142484188079834
1789130088637419500,38.04341943359375,9.351752281188965,-0.3926490843296051,2.408566951751709
1789130088653430800,38.0594306640625,9.605537414550781,-0.21547815203666687,2.341529369354248
1789130088669440500,38.0754404296875,9.615114212036133,-0.4165911078453064,2.054224967956543
1789130088725480000,38.13147998046875,9.002198219299316,0.2537853717803955,2.188300371170044
1789130088741490200,38.147490234375,9.299078941345215,0.4644751250743866,2.2888567447662354
1789130088757496000,38.16349609375,9.792284965515137,-0.047884032130241394,2.0446481704711914
1789130088773502000,38.179501953125,9.66299819946289,0.29209262132644653,2.9496564865112305
1789130088789510000,38.19551000976563,9.481039047241211,-0.15801730751991272,2.0590133666992188
1789130088805516800,38.21151684570312,9.390059471130371,-0.3016694188117981,2.030282974243164
1789130088821515800,38.227515869140625,9.332598686218262,-0.2585737705230713,2.0207061767578125
1789130088837517300,38.24351733398437,9.08838939666748,-0.23942017555236816,2.3750481605529785
1789130088853526800,38.25952685546875,10.127472877502441,-0.2346317619085312,2.1547815799713135
1789130088869534700,38.27553466796875,9.390059471130371,-0.090979665517807,2.2697031497955322
1789130088885539600,38.29153955078125,9.040505409240723,0.05746084079146385,2.250549554824829
1789130088901547500,38.307547607421874,9.433155059814453,-0.004788403399288654,1.9249382019042969
1789130088917557500,38.3235576171875,9.452308654785156,0.12928688526153564,2.097320795059204
1789130088933567000,38.33956689453125,9.720458984375,0.1149216815829277,2.365471363067627
1789130088949575000,38.355574951171874,9.787496566772461,0.15801730751991272,1.987187385559082
1789130088965584600,38.371584716796875,9.361329078674316,0.24899697303771973,2.3127987384796143
1789130088981600000,38.38760009765625,9.485827445983887,0.3734954595565796,2.408566951751709
1789130088997611500,38.403611572265625,9.706093788146973,0.24899697303771973,1.6903064250946045
1789130089013620000,38.41961987304688,9.21288776397705,-0.004788403399288654,2.011129379272461
1789130089029628000,38.4356279296875,9.169792175292969,0.15322890877723694,2.868253707885742
1789130089045631700,38.4516318359375,9.964667320251465,0.12928688526153564,1.656787633895874
1789130089061641500,38.467641357421876,8.647856712341309,-0.038307227194309235,2.5330653190612793
1789130089077651700,38.48365161132813,9.342175483703613,0.6033388376235962,2.250549554824829
1789130089093661000,38.499660888671876,10.012551307678223,0.05746084079146385,2.0590133666992188
1789130089109668900,38.5156689453125,9.53849983215332,0.5650315880775452,2.365471363067627
1789130089125674000,38.53167407226562,9.433155059814453,1.0007762908935547,2.4181437492370605
1789130089141676300,38.54767626953125,9.366117477416992,0.35913026332855225,2.0254945755004883
1789130089157679900,38.56367993164063,9.289502143859863,0.4357447028160095,2.164358377456665
1789130089173683000,38.57968286132812,9.682151794433594,0.727837324142456,2.5713725090026855
1789130089189686000,38.59568603515625,9.634267807006836,0.5219359993934631,2.140416383743286
1789130089205687800,38.611687744140625,9.255983352661133,0.6177040338516235,2.0685901641845703
1789130089221692200,38.627692138671875,9.495404243469238,0.8762778043746948,2.2026655673980713
1789130089237702400,38.64370239257813,9.246406555175781,1.0678139925003052,2.4420857429504395
1789130089253707800,38.659707763671875,9.763554573059082,1.0773907899856567,2.1356279850006104
1789130089269710000,38.6757099609375,9.394847869873047,0.8762778043746948,2.2026655673980713
1789130089285711000,38.69171118164063,9.318233489990234,0.8140285611152649,2.4468741416931152
1789130089301717200,38.70771728515625,9.883264541625977,0.6991068720817566,2.1164743900299072
1789130089317717800,38.7237177734375,9.59596061706543,0.8858546018600464,2.2840683460235596
1789130089333718300,38.73971826171875,9.299078941345215,0.8475474119186401,2.5282769203186035
1789130089349718000,38.755718017578126,9.193734169006348,0.9576807022094727,2.451662540435791
1789130089373721000,38.77972119140625,9.68694019317627,0.6607996821403503,2.6192567348480225
1789130089389724200,38.79572412109375,9.394847869873047,1.158793568611145,2.341529369354248
1789130089405730800,38.81173071289062,9.394847869873047,1.1013327836990356,2.470816135406494
1789130089421734100,38.827734130859376,9.433155059814453,1.0582371950149536,2.4851813316345215
1789130089437736700,38.84373681640625,9.610325813293457,0.7374141216278076,2.7964274883270264
1789130089453735000,38.85973486328125,9.327810287475586,0.790086567401886,2.3367409706115723
1789130089469735000,38.87573486328125,8.983044624328613,1.192312479019165,2.4899697303771973
1789130089485733400,38.8917333984375,9.509769439697266,1.0582371950149536,2.1595699787139893
1789130089501732600,38.907732666015626,9.2033109664917,0.7661445140838623,2.5043349266052246
1789130089517737500,38.92373754882812,9.332598686218262,1.3646949529647827,2.408566951751709
1789130089533740000,38.93973999023437,9.107542991638184,1.173158884048462,2.4612393379211426
1789130089549735000,38.95573486328125,9.44752025604248,0.9864110946655273,2.403778553009033
1789130089565733000,38.97173315429688,8.973467826843262,0.9097966551780701,2.6431987285614014
1789130089581727500,38.9877275390625,9.404424667358398,0.727837324142456,2.671929121017456
1789130089597727500,39.0037275390625,9.758766174316406,0.7709329724311829,2.4899697303771973
1789130089613724200,39.01972412109375,9.05487060546875,0.933738648891449,2.8395233154296875
1789130089629726200,39.03572631835937,9.519346237182617,0.5985504388809204,2.75812029838562
1789130089645729800,39.05172973632813,9.50498104095459,0.6177040338516235,2.6144683361053467
1789130089661731800,39.06773193359375,9.102754592895508,0.5027823448181152,2.7054479122161865
1789130089677730600,39.08373046875,9.169792175292969,0.43095630407333374,2.738966703414917
1789130089693731800,39.09973193359375,9.150638580322266,0.8044517636299133,2.7102363109588623
1789130089709730000,39.11572998046875,9.150638580322266,0.871489405632019,3.2609026432037354
1789130089725731600,39.131731689453126,9.32302188873291,0.6943184733390808,2.5474305152893066
1789130089741733400,39.1477333984375,9.945513725280762,1.0869675874710083,3.4093432426452637
1789130089757738000,39.163738037109376,10.333374977111816,1.1683704853057861,4.146757125854492
1789130089773739000,39.17973901367188,11.44907283782959,1.2880805730819702,2.715024709701538
1789130089789746700,39.19574658203125,10.017339706420898,0.9768342971801758,2.5043349266052246
1789130089805752600,39.21175268554688,8.652645111083984,0.17238251864910126,2.9879636764526367
1789130089821762600,39.22776245117188,9.682151794433594,1.0295066833496094,3.998316764831543
1789130089837765400,39.24376538085937,11.54005241394043,0.8667010068893433,3.5003228187561035
1789130089853773300,39.25977319335937,11.051634788513184,1.3263877630233765,3.4811692237854004
1789130089869778700,39.27577880859375,10.098742485046387,0.5315127968788147,3.0597896575927734
1789130089885780000,39.29178002929687,9.006986618041992,-0.181959331035614,2.8347349166870117
1789130089901783600,39.30778344726563,9.332598686218262,0.9672574996948242,2.935291290283203
1789130089917792300,39.323792236328124,9.667786598205566,0.9624691009521484,3.5242648124694824
1789130089933794800,39.339794921875,10.27591323852539,1.1252747774124146,3.2609026432037354
1789130089949801200,39.35580126953125,10.1753568649292,1.048660397529602,2.5761611461639404
1789130089965811500,39.3718115234375,8.973467826843262,0.5937620401382446,2.0925323963165283
1789130089981822000,39.387822021484375,8.092401504516602,0.9911994934082031,2.6575639247894287
1789130089997832000,39.40383203125,8.585607528686523,1.0582371950149536,2.5761611461639404
1789130090013842200,39.41984228515625,8.935160636901855,0.9816226959228516,2.3511061668395996
1789130090029853700,39.43585375976563,9.117119789123535,1.0678139925003052,2.4468741416931152
1789130090045863400,39.45186352539063,9.121908187866211,1.091755986213684,2.935291290283203
1789130090061874000,39.4678740234375,9.624691009521484,1.5514427423477173,2.030282974243164
1789130090077884400,39.48388452148438,9.586383819580078,0.06224924325942993,2.7293899059295654
1789130090093892000,39.49989208984375,9.05487060546875,-0.2106897532939911,2.964021682739258
1789130090109898200,39.51589819335938,8.465897560119629,1.1109095811843872,2.4133553504943848
1789130090125898500,39.5318984375,8.580819129943848,0.507570743560791,2.873042106628418
1789130090141911000,39.5479111328125,9.117119789123535,0.7326257228851318,2.274491548538208
1789130090157927000,39.563927001953125,8.939949035644531,0.8140285611152649,2.6862943172454834
1789130090173934600,39.5799345703125,9.404424667358398,1.0821791887283325,2.518700122833252
1789130090189945900,39.59594580078125,8.848969459533691,1.0199298858642578,2.7533318996429443
1789130090205952000,39.61195190429687,8.293514251708984,1.359906554222107,2.8395233154296875
1789130090221960000,39.6279599609375,9.337387084960938,0.871489405632019,2.470816135406494
1789130090237964800,39.64396484375,9.107542991638184,1.3120225667953491,2.801215887069702
1789130090253973000,39.65997290039063,8.69095230102539,1.37906014919281,3.045424461364746
1789130090269973500,39.67597338867188,9.318233489990234,1.6950948238372803,2.676717519760132
1789130090285975600,39.6919755859375,8.547300338745117,1.2066776752471924,2.8874073028564453
1789130090301974500,39.707974609375,8.303091049194336,1.1971008777618408,2.671929121017456
1789130090317970000,39.72396997070312,8.78193187713623,1.5610195398330688,3.423708438873291
1789130090333961000,39.7399609375,8.939949035644531,1.4508862495422363,2.935291290283203
1789130090349958000,39.7559580078125,9.083600997924805,1.1779472827911377,3.07415509223938
1789130090365961700,39.77196166992187,8.877699851989746,1.2066776752471924,3.3039982318878174
1789130090381964500,39.787964599609374,8.78193187713623,1.2018892765045166,3.5913026332855225
1789130090397967600,39.80396752929688,9.433155059814453,1.1875240802764893,3.337517261505127
1789130090413970000,39.81996997070313,9.509769439697266,1.3407529592514038,3.529053211212158
1789130090429973800,39.835973876953126,8.939949035644531,1.1061211824417114,3.600879430770874
1789130090445987800,39.85198779296875,9.428366661071777,0.828393816947937,3.2609026432037354
1789130090462004200,39.868004150390625,8.99740982055664,1.115697979927063,3.6104562282562256
1789130090478014000,39.884013916015626,9.30386734008789,0.871489405632019,3.5673606395721436
1789130090494021600,39.900021728515625,9.658209800720215,0.8523358106613159,3.5865142345428467
1789130090510024000,39.91602392578125,8.939949035644531,1.1971008777618408,3.974374771118164
1789130090526026200,39.932026123046874,9.222464561462402,1.0295066833496094,3.7636849880218506
1789130090542027000,39.94802709960938,9.591172218322754,1.3455413579940796,3.5386300086975098
1789130090558029300,39.964029296875,8.949525833129883,1.3024457693099976,3.869029998779297
1789130090574036700,39.98003662109375,9.313444137573242,1.0630255937576294,3.5913026332855225
1789130090590041600,39.99604150390625,9.117119789123535,1.2976573705673218,3.869029998779297
1789130090606040600,40.01204052734375,9.437943458557129,1.403002142906189,3.993528366088867
1789130090622041600,40.02804150390625,9.600749015808105,1.1971008777618408,3.5913026332855225
1789130090638047200,40.04404711914062,9.279925346374512,1.1683704853057861,3.936067581176758
1789130090654052600,40.060052490234376,9.141061782836914,1.5322890281677246,3.9839515686035156
1789130090670052000,40.07605200195312,9.17936897277832,1.4460978507995605,3.821146011352539
1789130090686053000,40.09205322265625,9.346963882446289,1.41257905960083,3.600879430770874
1789130090702057200,40.10805712890625,9.342175483703613,1.4508862495422363,3.7876269817352295
1789130090718057700,40.1240576171875,9.126696586608887,1.6184803247451782,3.892971992492676
1789130090734059300,40.14005932617187,9.351752281188965,1.3407529592514038,3.6296098232269287
1789130090750067000,40.15606689453125,9.078812599182129,1.0965443849563599,3.648763418197632
1789130090766067200,40.17206713867188,8.820239067077637,1.3934253454208374,3.7253777980804443
1789130090790066700,40.19606665039063,9.466673851013184,1.6328455209732056,3.7924153804779053
1789130090814064400,40.220064453125,9.96945571899414,1.8148049116134644,3.6727054119110107
1789130090830065400,40.2360654296875,9.57201862335205,2.1164743900299072,3.7924153804779053
1789130090846068500,40.252068359375,9.385271072387695,2.7724854946136475,3.9408559799194336
1789130090862069200,40.2680693359375,9.792284965515137,2.3989901542663574,3.643975019454956
1789130090878074400,40.28407446289062,8.983044624328613,2.3080103397369385,4.20421838760376
1789130090894076400,40.30007641601563,9.758766174316406,2.5665841102600098,3.840299606323242
1789130090910084400,40.31608447265625,10.06043529510498,2.126051187515259,3.514688014984131
1789130090926090500,40.33209057617187,9.050082206726074,2.1547815799713135,4.027047157287598
1789130090942100500,40.3481005859375,9.715670585632324,2.4229321479797363,3.801992416381836
1789130090958115300,40.364115234375,9.62947940826416,2.22660756111145,3.5003228187561035
1789130090974126600,40.38012670898438,9.35654067993164,2.1499931812286377,3.9839515686035156
1789130090990142200,40.39614208984375,9.442731857299805,2.3511061668395996,3.5913026332855225
1789130091006152200,40.41215209960937,8.983044624328613,2.3942017555236816,3.687070608139038
1789130091022158600,40.42815869140625,8.825027465820312,2.3942017555236816,3.5960910320281982
1789130091038166800,40.444166748046875,8.777143478393555,2.5330653190612793,3.251325845718384
1789130091054171400,40.46017138671875,9.064447402954102,2.451662540435791,3.3518824577331543
1789130091070178000,40.47617797851562,9.02135181427002,2.7485435009002686,3.3518824577331543
1789130091086179800,40.49217993164063,8.944737434387207,2.4468741416931152,3.1890766620635986
1789130091102182700,40.5081826171875,9.030928611755371,2.5234885215759277,3.0406360626220703
1789130091118188000,40.52418798828125,9.198522567749023,2.542642116546631,3.2321722507476807
1789130091134192000,40.54019213867188,9.08838939666748,2.7964274883270264,2.940079689025879
1789130091150196200,40.5561962890625,8.825027465820312,3.423708438873291,3.4380736351013184
1789130091166207000,40.57220703125,9.653421401977539,2.9735984802246094,2.849100112915039
1789130091182213600,40.588213623046876,9.040505409240723,2.5091233253479004,3.021482467651367
1789130091198220000,40.60421997070313,9.255983352661133,2.9735984802246094,3.552995204925537
1789130091214224000,40.620223876953126,9.457097053527832,2.255337953567505,3.1316158771514893
1789130091230230500,40.63623046875,8.810662269592285,2.5282769203186035,3.3949780464172363
1789130091246236000,40.65223583984375,9.097966194152832,2.6671407222747803,3.3949780464172363
1789130091262236200,40.668236083984375,8.983044624328613,2.322375535964966,2.9257144927978516
1789130091278239200,40.6842392578125,8.465897560119629,2.432508945465088,3.0119056701660156
1789130091294247200,40.7002470703125,8.949525833129883,2.231395959854126,3.1747114658355713
1789130091310258400,40.71625854492188,9.193734169006348,1.7717092037200928,3.069366693496704
1789130091326268000,40.73226782226563,9.069235801696777,2.3511061668395996,3.3470940589904785
1789130091342275800,40.74827587890625,9.160215377807617,2.671929121017456,3.514688014984131
1789130091358282500,40.76428247070312,9.222464561462402,2.3127987384796143,3.3039982318878174
1789130091374294000,40.7802939453125,9.466673851013184,2.3989901542663574,3.3710360527038574
1789130091390310400,40.796310302734376,9.21288776397705,2.0254945755004883,3.308786630630493
1789130091406319900,40.81231982421875,9.265560150146484,2.212242364883423,3.098097085952759
1789130091422329600,40.82832958984375,9.155426979064941,2.1978771686553955,3.8546648025512695
1789130091438338800,40.8443388671875,9.892841339111328,2.427720546722412,3.4524388313293457
1789130091454352600,40.8603525390625,8.983044624328613,2.427720546722412,3.754108190536499
1789130091470370000,40.8763701171875,10.347740173339844,1.9297266006469727,3.28963303565979
1789130091486378000,40.8923779296875,9.011775016784668,2.030282974243164,3.045424461364746
1789130091502379500,40.908379638671875,9.490615844726562,1.6184803247451782,3.5194764137268066
1789130091518386700,40.92438671875,9.485827445983887,1.6184803247451782,3.5386300086975098
1789130091542403600,40.94840356445312,9.859322547912598,2.231395959854126,3.825934410095215
1789130091558414000,40.9644140625,9.433155059814453,2.0015525817871094,3.2992098331451416
1789130091574423800,40.980423828125,8.710105895996094,1.699883222579956,3.1268274784088135
1789130091590430000,40.99642993164063,8.413225173950195,1.5179238319396973,3.112462282180786
1789130091606443000,41.012443115234376,8.614337921142578,0.7948749661445618,3.251325845718384
1789130091622450400,41.028450439453124,9.174580574035645,1.0199298858642578,3.663128614425659
1789130091638457900,41.04445776367187,9.696516990661621,1.886630892753601,3.045424461364746
1789130091654463200,41.06046313476563,9.093177795410156,1.8962076902389526,2.5282769203186035
1789130091670472700,41.07647265625,8.346187591552734,1.091755986213684,2.6384103298187256
1789130091686472000,41.09247192382813,8.403648376464844,1.6519991159439087,3.485957622528076
1789130091702472400,41.10847241210938,9.313444137573242,2.054224967956543,3.466804027557373
1789130091718469400,41.12446948242187,10.007762908935547,2.734178304672241,3.3231520652770996
1789130091734468600,41.140468505859374,9.337387084960938,1.8818424940109253,2.8347349166870117
1789130091750469400,41.156469482421876,8.303091049194336,1.7381904125213623,2.9927520751953125
1789130091766466600,41.17246655273438,9.366117477416992,1.7860745191574097,3.0166940689086914
1789130091782465500,41.18846557617187,9.342175483703613,2.2649147510528564,4.079719543457031
1789130091798459000,41.204458984375,9.821015357971191,2.5713725090026855,3.5865142345428467
1789130091814457000,41.22045703125,10.160991668701172,2.9927520751953125,3.318363666534424
1789130091830457000,41.23645703125,9.074024200439453,2.2601263523101807,2.580949544906616
1789130091846458400,41.25245825195312,8.537723541259766,1.9967641830444336,3.466804027557373
1789130091862456800,41.26845678710937,9.433155059814453,2.1739351749420166,3.576937437057495
1789130091878451500,41.28445141601563,9.490615844726562,2.279279947280884,3.9169139862060547
1789130091894453500,41.30045361328125,9.86889934539795,2.6192567348480225,3.0358476638793945
1789130091910453800,41.31645385742188,9.232041358947754,2.1499931812286377,3.4380736351013184
1789130091926456300,41.33245629882813,9.17936897277832,1.580173134803772,4.098873138427734
1789130091942455300,41.34845532226562,10.146626472473145,1.335964560508728,3.2369606494903564
1789130091958455000,41.364455078125,9.026140213012695,1.436521053314209,3.246537446975708
1789130091974458400,41.38045825195312,8.743624687194824,1.9057846069335938,3.0358476638793945
1789130091990459400,41.39645947265625,9.734824180603027,0.9768342971801758,3.4332852363586426
1789130092006453500,41.41245361328125,9.859322547912598,1.2066776752471924,3.9169139862060547
1789130092022453000,41.428452880859375,10.132261276245117,1.0965443849563599,3.773261785507202
1789130092038455000,41.444455078125,9.90241813659668,2.408566951751709,2.8107926845550537
1789130092062454800,41.468454833984374,7.771578788757324,1.843535304069519,3.141192674636841
1789130092078458400,41.48445825195312,8.815450668334961,2.3558945655822754,3.35667085647583
1789130092094463700,41.500463623046876,9.835380554199219,1.8962076902389526,3.1938650608062744
1789130092110468600,41.51646850585937,9.32302188873291,1.5658079385757446,3.2800562381744385
1789130092126468600,41.53246850585938,9.050082206726074,1.8387469053268433,2.011129379272461
1789130092142466000,41.54846606445312,8.087613105773926,2.360682964324951,2.389413356781006
1789130092158466800,41.564466796875,8.370129585266113,1.5753847360610962,3.778050184249878
1789130092174464300,41.58046435546875,9.840168952941895,1.742978811264038,3.0789434909820557
1789130092190466600,41.59646655273438,8.734047889709473,2.3798365592956543,2.63362193107605
1789130092206468600,41.612468505859376,7.934384346008301,1.7573440074920654,2.7916390895843506
1789130092222466000,41.62846606445312,8.518569946289062,1.7381904125213623,2.9879636764526367
1789130092238463200,41.64446313476562,9.514557838439941,1.3407529592514038,3.663128614425659
1789130092254458400,41.66045825195312,9.433155059814453,2.03507137298584,4.3861775398254395
1789130092270457300,41.676457275390625,10.35252857208252,2.360682964324951,3.050212860107422
1789130092286453000,41.69245288085938,9.677363395690918,2.3127987384796143,2.7006595134735107
1789130092302452000,41.70845190429687,8.202534675598145,2.0207061767578125,3.179499864578247
1789130092318452700,41.72445263671875,9.988609313964844,1.6519991159439087,3.864241600036621
1789130092334460200,41.74046020507812,10.860098838806152,1.9728221893310547,3.6152446269989014
1789130092350467800,41.7564677734375,10.012551307678223,2.03507137298584,3.160346269607544
1789130092366471200,41.77247119140625,8.987833023071289,1.9967641830444336,2.6001031398773193
1789130092382473500,41.788473388671875,7.915230751037598,1.6759412288665771,3.064578056335449
1789130092398475800,41.804475830078125,10.093954086303711,1.8100165128707886,2.5665841102600098
1789130092414483200,41.82048315429687,9.749189376831055,1.53707754611969,3.117250680923462
1789130092430490600,41.83649072265625,9.313444137573242,1.0582371950149536,2.8826189041137695
1789130092446490600,41.85249072265625,9.485827445983887,1.0630255937576294,2.2457611560821533
1789130092462494200,41.868494140625,8.920795440673828,0.9576807022094727,2.4420857429504395
1789130092478499600,41.88449951171875,8.389283180236816,1.4652514457702637,2.873042106628418
1789130092494501400,41.90050146484375,9.428366661071777,1.6903064250946045,2.346317768096924
1789130092510503200,41.916503173828126,8.073247909545898,1.3982137441635132,2.7054479122161865
1789130092526498300,41.93249829101563,9.2033109664917,1.3742717504501343,2.604891538619995
1789130092542496000,41.94849609375,10.007762908935547,1.479616641998291,2.3750481605529785
1789130092558496800,41.964496826171874,9.337387084960938,1.2737152576446533,3.112462282180786
1789130092574493700,41.98049365234375,9.418789863586426,1.5275006294250488,2.2649147510528564
1789130092590487300,41.9964873046875,8.643068313598633,2.4468741416931152,2.121262788772583
1789130092606485200,42.0124853515625,7.704541206359863,2.054224967956543,2.580949544906616
1789130092622484700,42.02848461914063,10.654197692871094,2.1547815799713135,1.3886369466781616
1789130092638481000,42.04448095703125,9.232041358947754,1.987187385559082,4.189853191375732
1789130092654475500,42.0604755859375,10.812214851379395,1.7477672100067139,2.5234885215759277
1789130092670474200,42.07647412109375,10.041281700134277,1.8387469053268433,1.7956513166427612
1789130092686474000,42.09247387695312,8.221688270568848,2.7724854946136475,1.5322890281677246
1789130092702469600,42.1084697265625,7.920019149780273,2.360682964324951,2.2888567447662354
1789130092718467300,42.12446728515625,10.802638053894043,1.7908629179000854,2.3750481605529785
1789130092734469000,42.14046923828125,10.96544361114502,2.4420857429504395,2.8107926845550537
1789130092750465500,42.156465576171875,10.94150161743164,2.3271639347076416,3.136404275894165
1789130092766462500,42.17246240234375,10.280701637268066,2.4372973442077637,2.0925323963165283
1789130092782461000,42.1884609375,8.322244644165039,1.968033790588379,2.121262788772583
1789130092806466000,42.212466064453125,9.47146224975586,2.10210919380188,2.3702597618103027
1789130092822466800,42.228466796875,10.524910926818848,2.609679937362671,2.494758129119873
1789130092838469600,42.2444697265625,10.438719749450684,1.968033790588379,2.892195701599121
1789130092854468600,42.26046850585937,10.199298858642578,1.9967641830444336,1.886630892753601
1789130092870473200,42.27647314453125,8.983044624328613,1.7334020137786865,2.3032219409942627
1789130092886479400,42.292479248046874,8.667010307312012,1.403002142906189,2.1308395862579346
1789130092902485000,42.30848510742187,9.442731857299805,1.9105730056762695,1.9632453918457031
1789130092918491100,42.3244912109375,9.648633003234863,1.7717092037200928,2.1787235736846924
1789130092934490600,42.34049072265625,9.581595420837402,1.886630892753601,2.073378562927246
1789130092950496000,42.35649609375,9.849745750427246,1.9776105880737305,2.121262788772583
1789130092966501600,42.37250170898437,9.275136947631836,1.5945383310317993,1.8626888990402222
1789130092982504700,42.388504638671876,8.427590370178223,1.3024457693099976,2.011129379272461
1789130092998510300,42.40451025390625,8.169015884399414,1.0821791887283325,2.1356279850006104
1789130093014515200,42.42051513671875,9.394847869873047,1.335964560508728,1.843535304069519
1789130093030522400,42.4365224609375,10.611102104187012,1.5945383310317993,1.9488801956176758
1789130093046536000,42.452535888671875,10.160991668701172,2.145204782485962,1.1013327836990356
1789130093062543000,42.46854321289062,9.155426979064941,1.699883222579956,2.829946517944336
1789130093078548200,42.48454833984375,9.66299819946289,2.1978771686553955,1.623268723487854
1789130093094552000,42.500552001953125,9.346963882446289,1.8722656965255737,1.8052281141281128
1789130093110552300,42.51655224609375,9.035717010498047,1.9488801956176758,2.2601263523101807
1789130093126552800,42.532552734375,9.610325813293457,2.0829553604125977,1.8387469053268433
1789130093142554600,42.5485546875,10.141838073730469,2.1978771686553955,1.6903064250946045
1789130093158550500,42.564550537109376,9.524134635925293,1.900996208190918,2.1930887699127197
1789130093174551300,42.58055126953125,9.883264541625977,1.6376339197158813,2.0638017654418945
1789130093190551600,42.596551513671876,9.543288230895996,2.1068975925445557,1.8339585065841675
1789130093206554600,42.6125546875,9.50498104095459,2.2218191623687744,2.1978771686553955
1789130093222553900,42.628553955078125,10.065223693847656,1.7717092037200928,1.867477297782898
1789130093238556400,42.644556396484376,9.950302124023438,2.011129379272461,1.867477297782898
1789130093254565000,42.66056518554687,9.653421401977539,1.7717092037200928,2.3127987384796143
1789130093270577700,42.67657763671875,9.548076629638672,1.9823989868164062,1.944091796875
1789130093286579200,42.6925791015625,9.385271072387695,1.800439715385437,1.8052281141281128
1789130093302587400,42.70858740234375,9.30386734008789,1.7334020137786865,1.8291701078414917
1789130093318593500,42.724593505859374,9.35654067993164,1.7525556087493896,1.8770540952682495
1789130093334600700,42.7406005859375,9.830592155456543,1.4317326545715332,2.0925323963165283
1789130093350604300,42.75660424804688,9.835380554199219,1.6663644313812256,1.8291701078414917
1789130093366613500,42.772613525390625,9.557653427124023,1.3694833517074585,1.7286136150360107
1789130093382617000,42.7886171875,9.385271072387695,1.3120225667953491,1.7764976024627686
1789130093398615600,42.80461547851562,9.38048267364502,1.259350061416626,1.6041151285171509
1789130093414616800,42.820616943359376,9.62947940826416,1.2258312702178955,1.723825216293335
1789130093430621700,42.83662158203125,9.730035781860352,1.359906554222107,1.7764976024627686
1789130093446624800,42.852624755859374,9.911994934082031,1.1971008777618408,1.7190368175506592
1789130093462626800,42.86862670898437,9.533711433410645,1.0438719987869263,1.6184803247451782
1789130093478631400,42.88463134765625,9.107542991638184,1.2497732639312744,1.5945383310317993
1789130093494632200,42.900632080078125,9.337387084960938,1.1827356815338135,1.6950948238372803
1789130093510633500,42.91663354492187,9.533711433410645,0.9720458984375,1.843535304069519
1789130093526633000,42.932633056640626,10.247182846069336,1.158793568611145,1.623268723487854
1789130093542630000,42.9486298828125,9.825803756713867,1.4221558570861816,1.8387469053268433
1789130093558631000,42.964630859375,9.41400146484375,1.4652514457702637,1.8100165128707886
1789130093574627000,42.980626953125,10.074800491333008,1.3263877630233765,1.824381709098816
1789130093590628900,42.99662890625,9.581595420837402,1.2641384601593018,1.6424223184585571
1789130093606633500,43.012633544921876,9.35654067993164,1.3886369466781616,2.0925323963165283
1789130093622644200,43.02864428710937,9.476250648498535,1.6376339197158813,1.9105730056762695
1789130093638654000,43.04465405273437,9.892841339111328,1.8052281141281128,2.183511972427368
1789130093654666000,43.060666015625,10.132261276245117,1.3263877630233765,2.0254945755004883
1789130093670675500,43.076675537109374,10.050858497619629,1.6041151285171509,1.920149803161621
1789130093686689000,43.09268896484375,9.567230224609375,1.9345149993896484,2.126051187515259
1789130093702695700,43.10869580078125,9.835380554199219,2.2170307636260986,1.843535304069519
1789130093718702600,43.12470263671875,10.72602367401123,1.5705963373184204,2.365471363067627
1789130093734708500,43.14070849609375,10.529699325561523,1.5753847360610962,1.8770540952682495
1789130093750719200,43.15671923828125,9.648633003234863,1.6663644313812256,1.7286136150360107
1789130093766724600,43.172724609375,9.548076629638672,1.41257905960083,1.4748282432556152
1789130093782733800,43.18873388671875,9.337387084960938,1.9488801956176758,1.8195933103561401
1789130093798743300,43.20474340820312,9.801861763000488,1.7286136150360107,1.7908629179000854
1789130093814758700,43.22075854492188,9.835380554199219,1.3024457693099976,1.8291701078414917
1789130093830774800,43.23677490234375,9.658209800720215,1.455674648284912,1.7286136150360107
1789130093846791700,43.252791748046874,9.682151794433594,1.5322890281677246,1.3838485479354858
1789130093862798300,43.26879833984375,9.064447402954102,1.0965443849563599,1.522712230682373
1789130093878804700,43.2848046875,9.600749015808105,1.2210428714752197,1.5083470344543457
1789130093894812400,43.3008125,9.916783332824707,1.2976573705673218,1.2449848651885986
1789130093910816800,43.31681665039063,9.313444137573242,1.1348515748977661,1.6663644313812256
1789130093926821400,43.3328212890625,9.706093788146973,1.039083480834961,1.436521053314209
1789130093942820600,43.348820556640625,9.481039047241211,1.2689268589019775,1.5322890281677246
1789130093958822100,43.364822265625,9.308655738830566,1.3742717504501343,1.1971008777618408
1789130093974819800,43.38081982421875,9.21288776397705,1.335964560508728,1.2210428714752197
1789130093990821400,43.3968212890625,9.476250648498535,1.292868971824646,1.4173674583435059
1789130094006832000,43.41283203125,10.319009780883789,1.259350061416626,1.460463047027588
1789130094022833700,43.428833740234374,10.15141487121582,1.158793568611145,1.316810965538025
1789130094038838500,43.44483862304688,9.184157371520996,1.4652514457702637,1.522712230682373
1789130094054835700,43.46083569335938,9.327810287475586,1.8770540952682495,1.623268723487854
1789130094070834200,43.47683422851563,9.658209800720215,1.335964560508728,0.9911994934082031
1789130094086837200,43.49283715820312,8.825027465820312,1.4269442558288574,1.6280571222305298
1789130094102845700,43.508845703125,9.289502143859863,1.335964560508728,1.4460978507995605
1789130094118853600,43.524853515625,9.605537414550781,0.9002198576927185,1.2066776752471924
1789130094134862800,43.54086279296875,8.676587104797363,1.139639973640442,1.556231141090393
1789130094158869500,43.56486938476562,9.35654067993164,1.5849615335464478,1.3838485479354858
1789130094174871600,43.58087158203125,9.720458984375,1.403002142906189,1.4221558570861816
1789130094190877400,43.59687744140625,9.457097053527832,1.2689268589019775,1.656787633895874
1789130094206878000,43.6128779296875,9.5624418258667,1.359906554222107,1.359906554222107
1789130094222883300,43.62888330078125,9.026140213012695,1.53707754611969,1.6519991159439087
1789130094238884600,43.64488452148437,9.557653427124023,1.2689268589019775,1.599326729774475
1789130094254892300,43.66089233398438,10.20887565612793,1.37906014919281,1.580173134803772
1789130094270903300,43.6769033203125,9.519346237182617,1.460463047027588,1.7334020137786865
1789130094286905300,43.6929052734375,9.979032516479492,1.2737152576446533,1.6184803247451782
1789130094302903300,43.7089033203125,9.84495735168457,1.3646949529647827,1.5610195398330688
1789130094318907000,43.72490698242188,9.75397777557373,1.4987702369689941,1.7525556087493896
1789130094334907100,43.7409072265625,9.93593692779541,1.6519991159439087,1.5418659448623657
1789130094350911500,43.75691137695313,9.619902610778809,1.3934253454208374,1.3551181554794312
1789130094366911200,43.7729111328125,9.461885452270508,1.5179238319396973,1.6519991159439087
1789130094382917600,43.78891772460938,9.998186111450195,1.7286136150360107,1.3934253454208374
1789130094398922200,43.80492211914063,9.849745750427246,1.8339585065841675,1.8291701078414917
1789130094414924500,43.82092456054688,9.921571731567383,1.403002142906189,1.6519991159439087
1789130094430926800,43.8369267578125,9.409213066101074,1.7812861204147339,1.7046716213226318
1789130094446931500,43.85293139648437,9.495404243469238,1.7381904125213623,1.2880805730819702
1789130094462935300,43.86893530273438,10.089165687561035,1.5658079385757446,1.436521053314209
1789130094478940200,43.884940185546874,9.639056205749512,1.824381709098816,1.6376339197158813
1789130094494942700,43.900942626953125,9.86889934539795,2.0638017654418945,1.6759412288665771
1789130094510945000,43.916945068359375,9.77791976928711,2.10210919380188,1.522712230682373
1789130094526949000,43.93294921875,9.739612579345703,1.8052281141281128,1.4748282432556152
1789130094542957000,43.94895703125,9.840168952941895,1.7717092037200928,1.3982137441635132
1789130094558965000,43.964965087890626,10.074800491333008,2.121262788772583,1.5753847360610962
1789130094574971600,43.9809716796875,10.007762908935547,1.7908629179000854,1.4460978507995605
1789130094590974000,43.99697387695313,9.959878921508789,2.049436569213867,1.6184803247451782
1789130094606982100,44.01298217773437,10.031704902648926,2.279279947280884,1.699883222579956
1789130094622990800,44.028990966796876,10.170568466186523,2.1356279850006104,1.479616641998291
1789130094638998500,44.04499853515625,9.643844604492188,2.011129379272461,1.4317326545715332
1789130094655005700,44.06100561523437,9.758766174316406,2.0015525817871094,1.2641384601593018
1789130094671010300,44.07701025390625,9.265560150146484,1.8148049116134644,1.1827356815338135
1789130094687014400,44.09301440429687,9.672574996948242,2.006340980529785,1.2689268589019775
1789130094703017000,44.109016845703124,9.667786598205566,2.0829553604125977,1.4700398445129395
1789130094719018800,44.12501879882812,10.165780067443848,1.6519991159439087,1.460463047027588
1789130094735014000,44.14101391601562,9.883264541625977,1.580173134803772,1.1444283723831177
1789130094767005400,44.17300537109375,9.38048267364502,1.5131354331970215,1.1875240802764893
1789130094783004700,44.189004638671875,9.792284965515137,1.7477672100067139,1.3215993642807007
1789130094807010300,44.21301025390625,9.188945770263672,1.6376339197158813,1.4508862495422363
1789130094823009500,44.22900952148437,9.892841339111328,1.6663644313812256,1.2737152576446533
1789130094839012400,44.245012451171874,9.749189376831055,1.9393033981323242,1.3694833517074585
1789130094855016000,44.26101586914063,9.672574996948242,1.9105730056762695,1.6184803247451782
1789130094871018000,44.27701806640625,9.93593692779541,2.0159177780151367,1.1683704853057861
1789130094887019500,44.29301953125,9.849745750427246,1.7908629179000854,1.479616641998291
1789130094903020800,44.30902075195313,9.696516990661621,2.255337953567505,1.1683704853057861
1789130094919024000,44.325024169921875,10.036493301391602,1.8722656965255737,1.647210717201233
1789130094935029500,44.34102954101562,10.47702693939209,1.5897499322891235,1.4173674583435059
1789130094951039000,44.3570390625,9.672574996948242,1.6089035272598267,1.3742717504501343
1789130094967045000,44.37304516601562,9.500192642211914,1.3838485479354858,1.4939818382263184
1789130094983049200,44.38904931640625,9.720458984375,1.335964560508728,1.173158884048462
1789130094999057000,44.40505688476563,9.543288230895996,1.460463047027588,1.7094600200653076
1789130095015064800,44.42106494140625,10.663774490356445,1.6950948238372803,1.335964560508728
1789130095031066600,44.437066650390626,10.20887565612793,1.4221558570861816,1.699883222579956
1789130095047069000,44.45306884765625,10.247182846069336,1.4652514457702637,1.4413094520568848
1789130095063071700,44.46907177734375,10.141838073730469,1.3503297567367554,1.2114660739898682
1789130095079072300,44.485072265625,9.672574996948242,1.2497732639312744,1.479616641998291
1789130095095069000,44.50106884765625,9.830592155456543,1.6950948238372803,1.4891934394836426
1789130095111070500,44.517070556640626,10.347740173339844,1.5753847360610962,1.2832920551300049
1789130095127071500,44.53307153320313,10.036493301391602,1.4700398445129395,1.4173674583435059
1789130095143069000,44.54906884765625,9.883264541625977,1.3215993642807007,1.41257905960083
1789130095159066600,44.56506665039063,9.864110946655273,1.3838485479354858,1.316810965538025
1789130095175062000,44.58106201171875,9.801861763000488,1.4317326545715332,1.1348515748977661
1789130095191056100,44.59705615234375,9.57201862335205,1.6041151285171509,1.5322890281677246
1789130095207052500,44.613052490234374,10.012551307678223,1.5322890281677246,1.1348515748977661
1789130095223050000,44.62905004882813,10.089165687561035,1.115697979927063,1.3024457693099976
1789130095239052300,44.64505224609375,9.385271072387695,1.680729627609253,1.3742717504501343
1789130095255054000,44.66105419921875,9.849745750427246,1.7381904125213623,1.0965443849563599
1789130095271053800,44.6770537109375,9.581595420837402,1.699883222579956,1.2832920551300049
1789130095287055600,44.6930556640625,9.346963882446289,1.9823989868164062,1.2066776752471924
1789130095303057700,44.7090576171875,9.90241813659668,2.03507137298584,1.3407529592514038
1789130095319061500,44.7250615234375,10.395624160766602,1.9345149993896484,1.2066776752471924
1789130095335057700,44.7410576171875,9.557653427124023,2.22660756111145,1.1061211824417114
1789130095351057400,44.75705737304688,8.87291145324707,1.766920804977417,1.8531121015548706
1789130095367060200,44.77306030273437,10.35252857208252,1.048660397529602,0.7374141216278076
1789130095383057700,44.7890576171875,10.237606048583984,1.1492167711257935,1.2497732639312744
1789130095399054000,44.80505419921875,9.38048267364502,1.072602391242981,1.3982137441635132
1789130095415052000,44.82105200195313,9.514557838439941,1.2066776752471924,1.1875240802764893
1789130095431054800,44.83705493164062,9.744400978088379,1.4077905416488647,1.5418659448623657
1789130095447057200,44.85305712890625,9.696516990661621,1.455674648284912,1.9105730056762695
1789130095463054600,44.8690546875,9.682151794433594,0.8523358106613159,1.6903064250946045
1789130095479049000,44.88504907226562,9.62947940826416,1.2641384601593018,1.556231141090393
1789130095495045000,44.90104516601563,8.614337921142578,1.53707754611969,1.6711528301239014
1789130095511045600,44.91704565429688,8.681375503540039,1.173158884048462,2.121262788772583
1789130095527042300,44.93304223632813,9.77791976928711,1.460463047027588,2.2601263523101807
1789130095543044600,44.94904467773438,9.346963882446289,1.7477672100067139,2.470816135406494
1789130095559049000,44.96504907226562,9.624691009521484,2.22660756111145,1.886630892753601
1789130095575052000,44.981052001953124,9.107542991638184,2.0159177780151367,2.097320795059204
1789130095591056400,44.997056396484375,9.208099365234375,1.522712230682373,2.691082715988159
1789130095607058400,45.01305834960937,9.739612579345703,1.647210717201233,2.7246015071868896
1789130095623058200,45.02905810546875,9.873687744140625,1.987187385559082,2.715024709701538
1789130095639060000,45.04506005859375,10.108319282531738,2.5905263423919678,2.054224967956543
1789130095655067000,45.06106689453125,8.671798706054688,1.1061211824417114,2.9448680877685547
1789130095671069000,45.07706884765625,9.86889934539795,0.9672574996948242,2.456450939178467
1789130095687076900,45.09307690429687,10.285490036010742,1.3982137441635132,2.7772738933563232
1789130095703082500,45.10908251953125,9.495404243469238,0.8092401623725891,3.2321722507476807
1789130095719086600,45.12508666992188,10.127472877502441,1.1875240802764893,2.274491548538208
1789130095735092000,45.141092041015625,9.586383819580078,1.3694833517074585,2.6240451335906982
1789130095751091000,45.15709106445313,8.916007041931152,0.8858546018600464,3.1699230670928955
1789130095767090400,45.17309033203125,9.57201862335205,1.1875240802764893,3.2369606494903564
1789130095783095600,45.189095458984376,10.342951774597168,0.5841852426528931,2.432508945465088
1789130095799095600,45.205095458984374,9.696516990661621,1.259350061416626,3.021482467651367
1789130095815101700,45.221101806640625,9.02135181427002,0.9720458984375,3.160346269607544
1789130095831108000,45.23710815429688,9.524134635925293,0.7182605266571045,2.8778305053710938
1789130095847113700,45.25311376953125,9.337387084960938,0.8236053586006165,3.485957622528076
1789130095863118600,45.26911865234375,9.911994934082031,0.9385270476341248,3.1699230670928955
1789130095879124200,45.28512426757813,9.279925346374512,0.9911994934082031,3.620033025741577
1789130095895128800,45.30112890625,9.346963882446289,1.2066776752471924,3.442862033843994
1789130095911130000,45.317130126953124,9.466673851013184,0.8188169598579407,3.1076738834381104
1789130095927138300,45.33313818359375,8.327033042907715,0.751779317855835,3.2848446369171143
1789130095943150800,45.34915087890625,7.642292022705078,0.7182605266571045,3.6822822093963623
1789130095959158000,45.365157958984376,8.992621421813965,0.47884035110473633,2.911349296569824
1789130095975165400,45.38116552734375,8.465897560119629,0.7469909191131592,3.3279404640197754
1789130095991174100,45.39717407226563,8.71489429473877,0.6607996821403503,3.3854012489318848
1789130096007181600,45.413181640625,8.465897560119629,0.4644751250743866,3.509899616241455
1789130096023189200,45.429189208984376,8.461109161376953,0.17717093229293823,2.9257144927978516
1789130096039201800,45.44520190429687,8.092401504516602,0.5841852426528931,3.3949780464172363
1789130096055215400,45.46121533203125,7.967903137207031,0.363918662071228,3.265691041946411
1789130096071225900,45.477225830078126,7.805097579956055,-0.33997663855552673,3.6583402156829834
1789130096087238000,45.49323779296875,8.422801971435547,0.11013327538967133,3.361459255218506
1789130096103244800,45.509244873046875,8.978256225585938,0.4836287498474121,3.706224203109741
1789130096119251000,45.5252509765625,8.609549522399902,-0.06224924325942993,4.060565948486328
1789130096143257600,45.54925756835937,8.724471092224121,0.08140286058187485,3.5003228187561035
1789130096159268400,45.56526831054688,8.346187591552734,0.9097966551780701,4.347870349884033
1789130096175277000,45.58127709960937,9.193734169006348,0.5027823448181152,3.8355112075805664
1789130096199291000,45.60529077148438,8.547300338745117,0.38307225704193115,3.912125587463379
1789130096215297000,45.62129711914063,8.470685958862305,-0.014365210197865963,4.175487995147705
1789130096231303700,45.6373037109375,8.968679428100586,0.028730420395731926,4.23773717880249
1789130096247311600,45.6533115234375,8.485051155090332,0.22505496442317963,4.448426723480225
1789130096263319000,45.66931909179687,9.155426979064941,0.16759411990642548,4.467580318450928
1789130096279320300,45.6853203125,9.332598686218262,0.2585737705230713,4.261679172515869
1789130096295323400,45.70132348632813,9.44752025604248,0.4405331015586853,4.170699596405029
1789130096311325000,45.717324951171875,9.23682975769043,1.1204863786697388,4.5825018882751465
1789130096327323100,45.7333232421875,9.30386734008789,0.45489832758903503,4.496310710906982
1789130096343323000,45.74932299804688,9.543288230895996,0.5937620401382446,4.63517427444458
1789130096359324700,45.76532470703125,9.351752281188965,0.9720458984375,4.51067590713501
1789130096375326000,45.78132592773437,9.437943458557129,0.6751648783683777,5.157110691070557
1789130096391332900,45.797332763671875,10.137049674987793,1.1971008777618408,4.5825018882751465
1789130096407335700,45.81333569335938,9.557653427124023,0.5650315880775452,5.185841083526611
1789130096423337500,45.82933740234375,9.284713745117188,0.5650315880775452,4.917690277099609
1789130096439339800,45.84533984375,8.49941635131836,1.259350061416626,5.080495834350586
1789130096455343600,45.861343505859374,9.57201862335205,0.7086837291717529,5.051765441894531
1789130096471344400,45.877344482421876,9.169792175292969,0.5363011956214905,5.228936672210693
1789130096487347500,45.89334741210938,9.32302188873291,0.828393816947937,5.128379821777344
1789130096503348700,45.9093486328125,8.93037223815918,0.6847416758537292,5.166687488555908
1789130096519350000,45.92535009765625,8.671798706054688,0.45010992884635925,5.4252610206604
1789130096535352300,45.94135229492188,9.188945770263672,0.5363011956214905,5.128379821777344
1789130096551350800,45.95735083007813,9.064447402954102,0.6847416758537292,5.037400245666504
1789130096567352600,45.9733525390625,8.11634349822998,0.5315127968788147,5.477933406829834
1789130096583355000,45.98935498046875,8.868123054504395,0.5315127968788147,5.315127849578857
1789130096599355100,46.005355224609374,8.939949035644531,0.4884171485900879,5.305551052093506
1789130096615359000,46.02135888671875,8.236053466796875,0.7996633648872375,5.276820659637451
1789130096631361000,46.03736108398437,8.652645111083984,0.44532153010368347,5.20978307723999
1789130096647362800,46.05336279296875,8.719682693481445,0.4213795065879822,5.343858242034912
1789130096663369200,46.069369140625,8.652645111083984,0.26815059781074524,5.104437828063965
1789130096679368000,46.08536791992187,8.20732307434082,0.3878606855869293,5.262455463409424
1789130096695364000,46.101364013671876,8.35097599029541,0.5602431893348694,5.367800235748291
1789130096711361500,46.11736157226562,8.528146743774414,0.6224924325942993,5.4444146156311035
1789130096727361000,46.133361083984376,7.862558364868164,0.3687070608139038,5.171475887298584
1789130096743358000,46.14935791015625,7.8098859786987305,0.5554547905921936,5.693411827087402
1789130096759358500,46.1653583984375,9.260771751403809,0.6033388376235962,5.123591423034668
1789130096775353900,46.18135375976563,8.250418663024902,0.2968810200691223,5.262455463409424
1789130096799339000,46.20533911132812,8.130708694458008,0.43095630407333374,5.386953830718994
1789130096815334000,46.221333984375,8.17380428314209,0.42616790533065796,5.492298603057861
1789130096831326000,46.237325927734375,8.480262756347656,0.5267243981361389,5.382165431976318
1789130096847318500,46.25331860351562,8.547300338745117,0.4644751250743866,5.4013190269470215
1789130096863315200,46.26931518554687,8.322244644165039,-0.08140286058187485,5.386953830718994
1789130096879312600,46.285312744140626,8.279149055480957,0.3256114423274994,5.420472621917725
1789130096895307000,46.30130712890625,8.370129585266113,0.5219359993934631,5.367800235748291
1789130096911303700,46.3173037109375,8.652645111083984,0.2346317619085312,5.693411827087402
1789130096927306000,46.33330590820312,8.920795440673828,0.2537853717803955,5.568912982940674
1789130096943304000,46.34930395507813,8.710105895996094,-0.047884032130241394,5.396530628204346
1789130096959302400,46.36530249023438,8.226476669311523,-0.17717093229293823,5.195417881011963
1789130096975306200,46.38130615234375,8.365341186523438,0.21547815203666687,5.592854976654053
1789130096999313400,46.4053134765625,8.030152320861816,-0.07661445438861847,5.3342814445495605
1789130097015323000,46.421322998046875,8.365341186523438,-0.10055647045373917,5.3582234382629395
1789130097031330600,46.43733056640625,8.283937454223633,0.10534487664699554,5.386953830718994
1789130097047339500,46.45333959960937,8.379706382751465,0.2968810200691223,5.2480902671813965
1789130097063345700,46.469345703125,7.886500358581543,0.49320554733276367,5.602431774139404
1789130097079350500,46.4853505859375,8.341399192810059,0.6991068720817566,5.540182590484619
1789130097095356400,46.5013564453125,8.40843677520752,0.6224924325942993,5.367800235748291
1789130097111353300,46.517353271484374,8.336610794067383,0.35913026332855225,5.540182590484619
1789130097127350800,46.53335083007813,8.365341186523438,0.29209262132644653,5.60722017288208
1789130097143349200,46.54934936523438,8.609549522399902,0.7709329724311829,5.688623428344727
1789130097159352000,46.56535205078125,8.681375503540039,0.6224924325942993,5.621585369110107
1789130097175358200,46.58135815429687,8.710105895996094,0.5985504388809204,5.458779811859131
1789130097191367000,46.597366943359376,8.700529098510742,0.5363011956214905,6.01423454284668
1789130097207369200,46.613369140625,9.232041358947754,0.4692635238170624,5.540182590484619
1789130097223368700,46.62936865234375,8.987833023071289,0.3878606855869293,5.415684223175049
1789130097239370500,46.64537060546875,8.609549522399902,0.47405192255973816,5.9519853591918945
1789130097255371800,46.66137182617187,8.786720275878906,0.15322890877723694,5.521028995513916
1789130097271368000,46.67736791992188,9.011775016784668,-0.06224924325942993,5.257667064666748
1789130097287360500,46.693360595703126,8.571242332458496,-0.181959331035614,5.468356609344482
1789130097303362000,46.70936206054687,8.767566680908203,-0.17717093229293823,5.013458251953125
1789130097319357000,46.72535693359375,8.62391471862793,-0.26336219906806946,5.04218864440918
1789130097335345700,46.741345703125,8.489839553833008,-0.19632454216480255,5.2480902671813965
1789130097351339800,46.75733984375,9.107542991638184,-0.20111294090747833,5.137956619262695
1789130097367335700,46.77333569335938,8.820239067077637,0.1628057211637497,4.477157115936279
1789130097383330000,46.789330078125,8.327033042907715,0.17717093229293823,5.185841083526611
1789130097399330600,46.80533056640625,9.097966194152832,-0.3495534360408783,4.649539470672607
1789130097415324700,46.82132470703125,8.734047889709473,-0.009576806798577309,4.721365928649902
1789130097431317800,46.83731787109375,8.56645393371582,0.047884032130241394,4.54419469833374
1789130097447312100,46.85331201171875,8.542511940002441,0.10534487664699554,4.836287498474121
1789130097463319800,46.86931982421875,8.547300338745117,0.5554547905921936,4.793191909790039
1789130097479326000,46.88532592773438,8.619126319885254,0.33997663855552673,4.548983097076416
1789130097495328300,46.90132836914062,8.647856712341309,0.40701428055763245,4.620809078216553
1789130097511330600,46.91733056640625,8.729259490966797,0.5219359993934631,4.525041103363037
1789130097527328500,46.93332861328125,8.99740982055664,0.5123591423034668,4.716577529907227
1789130097543328300,46.94932836914062,8.767566680908203,0.7230489253997803,4.831499099731445
1789130097559329300,46.965329345703125,8.901641845703125,0.6416460275650024,4.491522312164307
1789130097575331800,46.981331787109376,8.485051155090332,0.6177040338516235,4.711789131164551
1789130097591333000,46.9973330078125,8.992621421813965,0.689530074596405,4.6255974769592285
1789130097607333600,47.01333374023437,8.78193187713623,0.646434485912323,4.3861775398254395
1789130097623335200,47.02933520507813,8.307879447937012,-0.043095629662275314,4.869806289672852
1789130097639336000,47.0453359375,8.863334655761719,0.4596867263317108,4.778826713562012
1789130097655335400,47.06133544921875,9.083600997924805,0.4596867263317108,4.548983097076416
1789130097671338500,47.07733837890625,8.437167167663574,-0.11971008777618408,4.946420669555664
1789130097687341800,47.093341796875,8.911218643188477,0.22505496442317963,4.639962673187256
1789130097703343600,47.10934350585938,8.595184326171875,0.47884035110473633,4.754884719848633
1789130097719345700,47.125345703125,8.69095230102539,0.20111294090747833,4.616020679473877
1789130097735350000,47.14135009765625,8.959102630615234,0.1867477297782898,4.807557106018066
1789130097751353900,47.15735375976563,8.911218643188477,0.33518823981285095,4.759673118591309
1789130097767360000,47.17336010742188,8.686163902282715,0.16759411990642548,4.620809078216553
1789130097783366000,47.18936596679688,8.844181060791016,0.004788403399288654,4.616020679473877
1789130097799367000,47.20536694335937,8.53293514251709,0.019153613597154617,4.745307922363281
1789130097815364400,47.2213642578125,8.887276649475098,0.26815059781074524,4.280832767486572
1789130097831365000,47.237365234375,8.576030731201172,0.19153612852096558,4.750096321105957
1789130097847369700,47.25336962890625,8.62391471862793,-0.08619125932455063,4.592078685760498
1789130097863373000,47.269373046875,8.628703117370605,0.181959331035614,4.525041103363037
1789130097879371800,47.285371826171875,8.868123054504395,0.24899697303771973,4.716577529907227
1789130097895372800,47.30137280273438,8.83939266204834,0.004788403399288654,4.5154643058776855
1789130097911376400,47.31737646484375,8.825027465820312,0.16759411990642548,4.54419469833374
1789130097927373000,47.333373046875,8.571242332458496,0.31124621629714966,4.759673118591309
1789130097943377000,47.349376953125,8.863334655761719,0.35434186458587646,4.611232280731201
1789130097959380200,47.36538012695313,8.96389102935791,0.507570743560791,4.505887508392334
1789130097975382300,47.38138232421875,8.719682693481445,0.646434485912323,4.395754337310791
1789130097991386400,47.39738647460938,8.62391471862793,0.646434485912323,4.774038314819336
1789130098007389000,47.41338891601563,9.227252960205078,0.6033388376235962,4.73573112487793
1789130098023390000,47.42938989257812,8.786720275878906,0.5602431893348694,4.505887508392334
1789130098039391000,47.445390869140624,8.638279914855957,0.37828385829925537,4.534617900848389
1789130098055393000,47.46139306640625,8.504204750061035,0.4165911078453064,4.855441093444824
1789130098071395800,47.477395751953125,8.87291145324707,0.44532153010368347,4.5825018882751465
1789130098087405800,47.49340576171875,8.882488250732422,0.28730419278144836,4.32871675491333
1789130098103415600,47.50941552734375,8.671798706054688,0.5985504388809204,4.592078685760498
1789130098119425500,47.52542553710938,8.69095230102539,0.43095630407333374,4.548983097076416
1789130098135432200,47.54143212890625,8.949525833129883,0.33518823981285095,4.285621166229248
1789130098151431200,47.55743115234375,8.65743350982666,0.5171475410461426,4.568136692047119
1789130098167432400,47.57343237304688,8.80587387084961,0.507570743560791,4.477157115936279
1789130098183437000,47.58943701171875,9.097966194152832,0.5363011956214905,4.185064792633057
1789130098199446800,47.60544677734375,8.911218643188477,0.49320554733276367,4.170699596405029
1789130098223452400,47.62945239257812,9.030928611755371,0.45489832758903503,4.041412353515625
1789130098239458000,47.6454580078125,8.925583839416504,0.5123591423034668,4.1611223220825195
1789130098255461600,47.66146166992188,9.160215377807617,0.4884171485900879,3.7828385829925537
1789130098271464400,47.67746435546875,8.83939266204834,0.33518823981285095,3.821146011352539
1789130098287467500,47.693467529296875,8.89685344696045,0.3878606855869293,3.691859006881714
1789130098303473000,47.70947290039062,9.050082206726074,0.26815059781074524,3.706224203109741
1789130098319480000,47.72547998046875,9.083600997924805,0.3926490843296051,3.7205893993377686
1789130098335485200,47.74148510742187,8.796297073364258,0.35913026332855225,3.758896589279175
1789130098351493000,47.7574931640625,8.920795440673828,0.33518823981285095,3.7828385829925537
1789130098367497000,47.7734970703125,9.184157371520996,0.4357447028160095,3.7445313930511475
1789130098383495400,47.78949536132812,8.973467826843262,0.363918662071228,3.869029998779297
1789130098399491800,47.80549194335938,9.02135181427002,0.2106897532939911,3.5242648124694824
1789130098415487200,47.8214873046875,8.892065048217773,0.22026655077934265,3.73016619682312
1789130098431485700,47.83748559570312,9.136273384094238,0.2585737705230713,3.773261785507202
1789130098447488000,47.85348803710937,9.026140213012695,0.2777273952960968,3.663128614425659
1789130098463488800,47.86948876953125,8.777143478393555,0.33518823981285095,3.734954595565796
1789130098479485000,47.88548486328125,8.78193187713623,0.363918662071228,3.6822822093963623
1789130098495481600,47.90148168945313,8.973467826843262,0.45010992884635925,3.711012601852417
1789130098511486000,47.91748583984375,9.040505409240723,0.21547815203666687,3.663128614425659
1789130098527492900,47.933492919921875,8.791508674621582,0.2825157940387726,3.6296098232269287
1789130098543495400,47.949495361328125,8.992621421813965,0.47405192255973816,3.6104562282562256
1789130098559497500,47.96549755859375,8.911218643188477,0.4118026793003082,3.8498764038085938
1789130098575496000,47.981495849609374,8.983044624328613,0.2298433631658554,3.7014358043670654
1789130098591492900,47.997492919921875,9.040505409240723,0.3734954595565796,3.8498764038085938
1789130098607490600,48.01349047851563,9.35654067993164,0.4692635238170624,3.6535518169403076
1789130098623490000,48.029489990234374,8.939949035644531,0.6224924325942993,3.8115692138671875
1789130098639489000,48.045489013671876,9.093177795410156,0.5363011956214905,3.7636849880218506
1789130098655494400,48.06149438476562,9.193734169006348,0.45489832758903503,3.754108190536499
1789130098671502600,48.077502685546875,8.7484130859375,0.6177040338516235,3.620033025741577
1789130098687506200,48.09350610351562,9.011775016784668,0.5793967843055725,3.6966474056243896
1789130098703516200,48.10951611328125,9.222464561462402,0.7134721279144287,3.7014358043670654
1789130098719522600,48.1255224609375,9.097966194152832,0.7182605266571045,3.6966474056243896
1789130098735525600,48.14152563476563,9.117119789123535,0.7134721279144287,3.6774938106536865
1789130098751532500,48.157532470703124,9.069235801696777,0.6272808313369751,3.6152446269989014
1789130098767540500,48.17354052734375,9.045293807983398,0.5937620401382446,3.7253777980804443
1789130098783549200,48.18954907226563,9.083600997924805,0.7374141216278076,3.7205893993377686
1789130098799558700,48.20555859375,9.255983352661133,0.6512228846549988,3.9695863723754883
1789130098815560400,48.221560546875,9.131484985351562,0.5506663918495178,3.734954595565796
1789130098831558700,48.23755859375,9.030928611755371,0.5410895943641663,3.7636849880218506
1789130098847559700,48.2535595703125,9.078812599182129,0.7134721279144287,3.6391866207122803
1789130098863561200,48.26956127929687,9.050082206726074,0.5363011956214905,3.8355112075805664
1789130098879560000,48.28555981445312,9.006986618041992,0.45489832758903503,3.801992416381836
1789130098895557000,48.30155712890625,9.045293807983398,0.4644751250743866,3.734954595565796
1789130098911560400,48.317560546875,9.126696586608887,0.3974374830722809,3.5386300086975098
1789130098927559200,48.33355908203125,9.011775016784668,0.3687070608139038,3.4811692237854004
1789130098943559200,48.34955908203125,9.093177795410156,0.1867477297782898,3.4380736351013184
1789130098959561000,48.36556103515625,9.040505409240723,0.033518824726343155,3.294421434402466
1789130098975561500,48.3815615234375,9.016563415527344,0.05267243832349777,3.332728862762451
1789130098991564800,48.39756469726562,9.002198219299316,0.14844051003456116,3.404554843902588
1789130099007567000,48.41356713867187,8.925583839416504,0.028730420395731926,3.5913026332855225
1789130099023572500,48.42957250976563,8.944737434387207,0.07182604819536209,3.466804027557373
1789130099039571700,48.44557177734375,8.983044624328613,-0.043095629662275314,3.44765043258667
1789130099055569400,48.4615693359375,8.633491516113281,0.06224924325942993,3.6391866207122803
1789130099071571200,48.4775712890625,8.949525833129883,0.181959331035614,3.6583402156829834
1789130099087574300,48.49357421875,9.193734169006348,0.31603461503982544,3.404554843902588
1789130099103573200,48.5095732421875,9.165003776550293,0.2346317619085312,3.3854012489318848
1789130099119574300,48.52557421875,9.346963882446289,0.2777273952960968,3.3039982318878174
1789130099135577000,48.5415771484375,9.500192642211914,0.5506663918495178,3.337517261505127
1789130099151583500,48.55758349609375,9.366117477416992,0.5841852426528931,3.375824451446533
1789130099167580700,48.57358056640625,9.437943458557129,0.5841852426528931,3.4524388313293457
1789130099183578600,48.58957861328125,9.38048267364502,0.5889736413955688,3.35667085647583
1789130099199581700,48.60558178710937,9.361329078674316,0.47884035110473633,3.423708438873291
1789130099215585000,48.6215849609375,9.23682975769043,0.6320692300796509,3.485957622528076
1789130099231590100,48.63759008789062,9.342175483703613,0.7134721279144287,3.2752678394317627
1789130099247596800,48.6535966796875,9.069235801696777,0.6368576288223267,3.552995204925537
1789130099263604500,48.6696044921875,9.160215377807617,0.6847416758537292,3.3231520652770996
1789130099279606000,48.68560595703125,9.011775016784668,0.828393816947937,3.2800562381744385
1789130099295606000,48.70160595703125,8.777143478393555,0.871489405632019,3.399766445159912
1789130099311605800,48.717605712890624,9.44752025604248,0.6224924325942993,3.2800562381744385
1789130099327601400,48.733601318359376,9.035717010498047,0.6751648783683777,3.093308687210083
1789130099343596300,48.74959619140625,8.916007041931152,0.7661445140838623,3.2417490482330322
1789130099359601400,48.76560131835937,8.99740982055664,0.7613561153411865,3.3518824577331543
1789130099375604700,48.78160473632813,9.423578262329102,0.7038952708244324,3.399766445159912
1789130099391599000,48.79759912109375,9.141061782836914,0.6320692300796509,3.3854012489318848
1789130099407595300,48.81359521484375,9.289502143859863,0.569819986820221,3.5625722408294678
1789130099423593000,48.82959301757813,9.41400146484375,0.7565677165985107,3.485957622528076
1789130099439594000,48.84559399414063,9.567230224609375,0.5506663918495178,3.471592426300049
1789130099455595300,48.86159521484375,9.466673851013184,0.6655880808830261,3.466804027557373
1789130099471600000,48.87760009765625,9.35654067993164,0.6512228846549988,3.529053211212158
1789130099487594500,48.893594482421875,9.428366661071777,0.5554547905921936,3.5051112174987793
1789130099503594800,48.9095947265625,9.442731857299805,0.646434485912323,3.509899616241455
1789130099519593500,48.925593505859375,9.366117477416992,0.7326257228851318,3.529053211212158
1789130099535593000,48.94159301757813,9.433155059814453,0.3734954595565796,3.5242648124694824
1789130099551590700,48.957590576171874,9.519346237182617,0.33997663855552673,3.581725835800171
1789130099567590400,48.97359033203125,9.495404243469238,0.5267243981361389,3.4811692237854004
1789130099583590400,48.98959033203125,9.2033109664917,0.3974374830722809,3.3279404640197754
1789130099599591400,49.00559130859375,9.078812599182129,0.4165911078453064,3.557783842086792
1789130099615595000,49.02159497070313,9.394847869873047,0.47884035110473633,3.442862033843994
1789130099631600400,49.037600341796875,9.294290542602539,0.4213795065879822,3.4572272300720215
1789130099647609600,49.05360961914062,9.078812599182129,0.38307225704193115,3.399766445159912
1789130099663614200,49.0696142578125,9.14585018157959,0.40701428055763245,3.337517261505127
1789130099679612200,49.08561206054687,9.121908187866211,0.3974374830722809,3.399766445159912
1789130099695622700,49.10162255859375,8.992621421813965,0.5410895943641663,3.399766445159912
1789130099711631000,49.11763110351563,9.193734169006348,0.5027823448181152,3.2992098331451416
1789130099727639000,49.13363916015625,9.08838939666748,0.47884035110473633,3.3231520652770996
1789130099743646200,49.149646240234375,9.040505409240723,0.4692635238170624,3.1938650608062744
1789130099759651000,49.16565112304688,9.131484985351562,0.47405192255973816,3.2082302570343018
1789130099775653600,49.18165356445313,9.069235801696777,0.6272808313369751,3.509899616241455
1789130099791655400,49.19765551757813,9.308655738830566,0.6560112833976746,3.2848446369171143
1789130099807656200,49.21365625,9.23682975769043,0.47884035110473633,3.313575267791748
1789130099823655000,49.22965502929687,9.14585018157959,0.5219359993934631,3.332728862762451
1789130099839652400,49.24565234375,9.08838939666748,0.9002198576927185,3.332728862762451
1789130099855656200,49.26165625,9.38048267364502,0.689530074596405,3.1699230670928955
1789130099871655000,49.277655029296874,8.820239067077637,0.5171475410461426,3.4093432426452637
1789130099887654700,49.29365454101563,9.174580574035645,0.7086837291717529,3.2321722507476807
1789130099903656200,49.30965625,8.949525833129883,0.6943184733390808,3.1938650608062744
1789130099919660000,49.32565991210937,8.89685344696045,0.5793967843055725,3.3470940589904785
1789130099935665200,49.3416650390625,9.035717010498047,0.4165911078453064,3.1076738834381104
1789130099951669500,49.35766943359375,8.786720275878906,0.5889736413955688,3.337517261505127
1789130099967675400,49.37367529296875,9.2033109664917,0.6703764796257019,3.3901896476745605
1789130099983677200,49.38967724609375,9.17936897277832,0.37828385829925537,3.2321722507476807
1789130099999678000,49.40567797851563,9.136273384094238,0.5410895943641663,3.203441858291626
1789130100015679500,49.42167944335937,9.232041358947754,0.4165911078453064,3.5386300086975098
1789130100031685400,49.43768530273437,9.461885452270508,0.37828385829925537,3.5434184074401855
1789130100047690500,49.4536904296875,9.706093788146973,0.5219359993934631,3.4620156288146973
1789130100063692500,49.469692626953126,9.433155059814453,0.4884171485900879,3.4093432426452637
1789130100079698700,49.48569873046875,9.399636268615723,0.4213795065879822,3.4093432426452637
1789130100095702300,49.501702392578125,9.337387084960938,0.4118026793003082,3.485957622528076
1789130100119705600,49.52570556640625,9.437943458557129,0.5315127968788147,3.404554843902588
1789130100143708200,49.54970825195313,9.509769439697266,0.507570743560791,3.490746021270752
1789130100159706600,49.56570654296875,9.361329078674316,0.569819986820221,3.2800562381744385
1789130100175709700,49.58170971679687,9.313444137573242,0.5171475410461426,3.529053211212158
1789130100191712500,49.59771240234375,9.27034854888916,0.3878606855869293,3.4332852363586426
1789130100207716600,49.613716552734374,9.289502143859863,0.49799394607543945,3.3039982318878174
1789130100223722500,49.62972241210937,9.193734169006348,0.6799532771110535,3.442862033843994
1789130100239726600,49.6457265625,8.911218643188477,0.7182605266571045,3.3949780464172363
1789130100255730000,49.66172998046875,9.035717010498047,0.6607996821403503,3.332728862762451
1789130100271732700,49.67773266601562,8.96389102935791,0.6033388376235962,3.222595453262329
1789130100287735800,49.69373583984375,9.002198219299316,0.6272808313369751,3.265691041946411
1789130100303733000,49.70973291015625,8.939949035644531,0.6416460275650024,3.428496837615967
1789130100319731700,49.72573168945313,8.916007041931152,0.569819986820221,3.4189200401306152
1789130100335736800,49.74173681640625,9.160215377807617,0.545877993106842,3.3231520652770996
1789130100351737300,49.7577373046875,8.89685344696045,0.6033388376235962,3.466804027557373
1789130100367743200,49.7737431640625,9.050082206726074,0.5650315880775452,3.4380736351013184
1789130100383747300,49.78974731445312,8.992621421813965,0.5506663918495178,3.514688014984131
1789130100399755300,49.80575537109375,9.117119789123535,0.5506663918495178,3.4572272300720215
1789130100415759600,49.821759521484374,9.193734169006348,0.4357447028160095,3.581725835800171
1789130100431761000,49.83776098632813,9.17936897277832,0.5315127968788147,3.581725835800171
1789130100447763200,49.85376318359375,9.41400146484375,0.507570743560791,3.5051112174987793
1789130100463769600,49.86976953125,9.366117477416992,0.507570743560791,3.4620156288146973
1789130100479775700,49.88577563476562,9.155426979064941,0.5650315880775452,3.687070608139038
1789130100495785200,49.90178515625,9.53849983215332,0.49799394607543945,3.5913026332855225
1789130100511788000,49.9177880859375,9.375694274902344,0.4884171485900879,3.5625722408294678
1789130100527791400,49.93379125976563,9.284713745117188,0.5554547905921936,3.7493197917938232
1789130100543795200,49.949795166015626,9.390059471130371,0.4357447028160095,3.801992416381836
1789130100559799800,49.9657998046875,9.643844604492188,0.37828385829925537,3.648763418197632
1789130100575802000,49.98180200195313,9.409213066101074,0.40222588181495667,3.600879430770874
1789130100591805700,49.9978056640625,9.188945770263672,0.4357447028160095,3.6343982219696045
1789130100607805400,50.01380541992187,9.294290542602539,0.38307225704193115,3.533841609954834
1789130100623801600,50.02980151367188,9.251194953918457,0.3016694188117981,3.4763808250427246
1789130100639799300,50.04579931640625,9.11233139038086,0.40222588181495667,3.5194764137268066
1789130100655802400,50.06180224609375,9.246406555175781,0.35913026332855225,3.557783842086792
1789130100671811000,50.07781103515625,9.107542991638184,0.10055647045373917,3.485957622528076
1789130100687820300,50.0938203125,8.911218643188477,0.2585737705230713,3.667917013168335
1789130100703830500,50.10983056640625,9.342175483703613,0.33518823981285095,3.6822822093963623
1789130100719840800,50.1258408203125,9.342175483703613,0.3208230137825012,3.3901896476745605
1789130100735850000,50.14185009765625,9.160215377807617,0.33039984107017517,3.60566782951355
1789130100751865000,50.15786499023437,9.097966194152832,0.3256114423274994,3.557783842086792
1789130100767876600,50.17387670898437,9.30386734008789,0.4596867263317108,3.5913026332855225
1789130100783886000,50.18988598632812,9.169792175292969,0.5315127968788147,3.557783842086792
1789130100799896600,50.205896484375,9.184157371520996,0.5267243981361389,3.5673606395721436
1789130100815907000,50.22190698242188,9.107542991638184,0.49320554733276367,3.514688014984131
1789130100831921000,50.2379208984375,9.08838939666748,0.49320554733276367,3.5434184074401855
1789130100847934200,50.25393432617187,9.069235801696777,0.608127236366272,3.6104562282562256
1789130100863943700,50.26994360351563,9.241618156433105,0.6751648783683777,3.485957622528076
1789130100879948800,50.28594873046875,8.987833023071289,0.6560112833976746,3.6296098232269287
1789130100895959300,50.30195922851563,9.059659004211426,0.6512228846549988,3.514688014984131
1789130100911973400,50.317973388671874,9.040505409240723,0.7805097699165344,3.466804027557373
1789130100927982000,50.33398217773438,8.978256225585938,0.6943184733390808,3.44765043258667
1789130100943993000,50.3499931640625,9.006986618041992,0.6847416758537292,3.529053211212158
1789130100960004900,50.3660048828125,8.834604263305664,0.727837324142456,3.4141316413879395
1789130100976022500,50.3820224609375,8.978256225585938,0.5985504388809204,3.4763808250427246
1789130100992033800,50.39803369140625,8.887276649475098,0.4836287498474121,3.3279404640197754
1789130101008045800,50.4140458984375,8.796297073364258,0.569819986820221,3.4141316413879395
1789130101024057300,50.43005737304688,9.08838939666748,0.6991068720817566,3.5242648124694824
1789130101040069400,50.4460693359375,9.08838939666748,0.6368576288223267,3.4141316413879395
1789130101056079600,50.46207958984375,9.265560150146484,0.507570743560791,3.624821424484253
1789130101072091600,50.47809155273438,9.32302188873291,0.4836287498474121,3.4572272300720215
1789130101088106200,50.494106201171874,9.165003776550293,0.3687070608139038,3.4189200401306152
1789130101104116000,50.510115966796874,9.232041358947754,0.45489832758903503,3.485957622528076
1789130101120132000,50.52613208007813,9.14585018157959,0.42616790533065796,3.4620156288146973
1789130101136148700,50.542148681640626,9.284713745117188,0.24899697303771973,3.4524388313293457
1789130101152160800,50.55816088867188,8.892065048217773,0.3256114423274994,3.4093432426452637
1789130101168172300,50.57417236328125,9.08838939666748,0.23942017555236816,3.428496837615967
1789130101184180700,50.5901806640625,9.107542991638184,0.3064578175544739,3.3470940589904785
1789130101200189400,50.606189453125,9.045293807983398,0.20111294090747833,3.509899616241455
1789130101216198400,50.622198486328124,9.14585018157959,0.1628057211637497,3.485957622528076
1789130101232206600,50.63820654296875,9.05487060546875,0.13407529890537262,3.4093432426452637
1789130101248217900,50.6542177734375,9.2033109664917,0.09576806426048279,3.4763808250427246
1789130101264227300,50.67022729492187,9.150638580322266,0.17717093229293823,3.5194764137268066
1789130101280242000,50.68624194335938,9.289502143859863,0.2298433631658554,3.557783842086792
1789130101296254200,50.70225415039062,9.265560150146484,0.2585737705230713,3.6535518169403076
1789130101312254500,50.71825439453125,9.27034854888916,0.37828385829925537,3.4524388313293457
1789130101328256300,50.73425634765625,9.126696586608887,0.49320554733276367,3.6343982219696045
1789130101344256000,50.750256103515625,9.30386734008789,0.569819986820221,3.687070608139038
1789130101360259300,50.76625927734375,9.165003776550293,0.5363011956214905,3.73016619682312
1789130101376264200,50.78226416015625,9.275136947631836,0.4596867263317108,3.6343982219696045
1789130101392264400,50.79826440429687,9.093177795410156,0.5410895943641663,3.778050184249878
1789130101408269000,50.81426904296875,9.165003776550293,0.49799394607543945,3.801992416381836
1789130101424276200,50.83027612304687,9.188945770263672,0.49799394607543945,3.892971992492676
1789130101440287500,50.84628759765625,9.102754592895508,0.5793967843055725,3.869029998779297
1789130101456298200,50.86229833984375,9.255983352661133,0.545877993106842,3.8786067962646484
1789130101472308700,50.87830883789063,9.160215377807617,0.5410895943641663,3.974374771118164
1789130101488319500,50.894319580078125,9.02135181427002,0.5841852426528931,4.194641590118408
1789130101504330500,50.91033056640625,9.097966194152832,0.5123591423034668,4.132391929626465
1789130101520343300,50.92634326171875,8.99740982055664,0.5554547905921936,4.242525577545166
1789130101536352300,50.942352294921875,8.968679428100586,0.5267243981361389,4.299986362457275
1789130101552356400,50.9583564453125,9.078812599182129,0.5554547905921936,4.3191399574279785
1789130101568361500,50.97436157226562,8.959102630615234,0.6416460275650024,4.343081951141357
1789130101584371700,50.990371826171874,9.05487060546875,0.4165911078453064,4.247313976287842
1789130101600378400,51.00637841796875,9.097966194152832,0.4213795065879822,4.271255970001221
1789130101616391700,51.0223916015625,9.141061782836914,0.5027823448181152,4.309563159942627
1789130101632402400,51.03840234375,9.107542991638184,0.4836287498474121,4.261679172515869
1789130101648405000,51.05440502929687,9.23682975769043,0.2585737705230713,4.1180267333984375
1789130101664404200,51.070404296875,9.045293807983398,0.22505496442317963,4.185064792633057
1789130101680409300,51.08640942382812,8.911218643188477,0.3064578175544739,4.199429988861084
1789130101696419800,51.102419921875,9.006986618041992,0.2585737705230713,3.998316764831543
1789130101712420900,51.1184208984375,8.992621421813965,0.14365209639072418,4.07014274597168
1789130101728421400,51.13442138671875,8.829815864562988,0.08619125932455063,4.065354347229004
1789130101744423700,51.15042358398438,8.729259490966797,0.19632454216480255,3.955221176147461
1789130101760424000,51.166423828125,8.686163902282715,0.2585737705230713,4.141968727111816
1789130101776430600,51.1824306640625,8.71489429473877,0.20111294090747833,4.050989151000977
1789130101792434000,51.198433837890626,8.83939266204834,0,4.036623954772949
1789130101808441600,51.214441650390626,8.810662269592285,0.033518824726343155,4.065354347229004
1789130101824445400,51.230445556640625,8.853757858276367,0.09576806426048279,3.998316764831543
1789130101840451300,51.246451416015624,8.901641845703125,0.10055647045373917,3.9839515686035156
1789130101856454700,51.26245458984375,8.89685344696045,0.2059013396501541,4.01268196105957
1789130101872458200,51.278458251953126,9.006986618041992,0.15801730751991272,4.0078935623168945
1789130101888467700,51.2944677734375,9.078812599182129,0.2298433631658554,4.127603530883789
1789130101904468700,51.31046875,8.944737434387207,0.2298433631658554,3.950432777404785
1789130101920471000,51.326470947265626,9.074024200439453,0.20111294090747833,3.907337188720703
1789130101936474600,51.342474609375,9.006986618041992,0.21547815203666687,3.7493197917938232
1789130101952477200,51.358477294921876,9.045293807983398,0.2059013396501541,3.6966474056243896
1789130101968481500,51.3744814453125,9.040505409240723,0.24899697303771973,3.5434184074401855
1789130101984482300,51.390482421875,8.992621421813965,0.3208230137825012,3.5865142345428467
1789130102000484600,51.40648461914063,9.131484985351562,0.3926490843296051,3.514688014984131
1789130102016485600,51.42248559570312,8.992621421813965,0.4165911078453064,3.4380736351013184
1789130102032492300,51.4384921875,9.150638580322266,0.3016694188117981,3.361459255218506
1789130102048497400,51.45449731445313,9.299078941345215,0.3064578175544739,3.3470940589904785
1789130102064509200,51.47050927734375,9.232041358947754,0.38307225704193115,3.294421434402466
1789130102080524500,51.48652465820312,9.313444137573242,0.35434186458587646,3.308786630630493
1789130102096540000,51.50253979492187,9.327810287475586,0.26336219906806946,3.2417490482330322
1789130102112551000,51.51855102539062,9.23682975769043,0.33997663855552673,3.19865345954895
1789130102128556300,51.534556396484376,9.279925346374512,0.31124621629714966,3.1316158771514893
1789130102144567000,51.55056713867187,9.275136947631836,0.3016694188117981,3.1459810733795166
1789130102160574200,51.56657421875,9.318233489990234,0.2825157940387726,3.0406360626220703
1789130102176582000,51.582581787109376,9.284713745117188,0.2106897532939911,3.0550012588500977
1789130102192585200,51.59858520507812,9.346963882446289,0.2537853717803955,3.141192674636841
1789130102208588800,51.6145888671875,9.366117477416992,0.22505496442317963,3.026270866394043
1789130102232593700,51.63859375,9.370905876159668,0.2298433631658554,3.021482467651367
1789130102248591600,51.654591552734374,9.251194953918457,0.2585737705230713,3.0358476638793945
1789130102264590000,51.67059008789062,9.255983352661133,0.3495534360408783,2.9975404739379883
1789130102280588500,51.68658862304687,9.232041358947754,0.28730419278144836,2.978386878967285
1789130102296590300,51.70259033203125,9.260771751403809,0.2585737705230713,3.026270866394043
1789130102312596000,51.71859594726563,9.32302188873291,0.29209262132644653,3.026270866394043
1789130102328604200,51.73460424804688,9.289502143859863,0.3495534360408783,3.050212860107422
1789130102344604400,51.7506044921875,9.294290542602539,0.3447650372982025,3.160346269607544
1789130102360604200,51.766604248046875,9.32302188873291,0.35913026332855225,3.1747114658355713
1789130102376608000,51.78260791015625,9.17936897277832,0.3016694188117981,3.1651346683502197
1789130102392611800,51.79861181640625,9.337387084960938,0.2777273952960968,3.3518824577331543
1789130102408615700,51.81461572265625,9.184157371520996,0.23942017555236816,3.5625722408294678
1789130102424621300,51.830621337890626,9.126696586608887,0.21547815203666687,3.5960910320281982
1789130102440629500,51.84662939453125,9.011775016784668,0.181959331035614,3.6152446269989014
1789130102456639200,51.86263916015625,8.968679428100586,0.11971008777618408,3.6727054119110107
1789130102472648700,51.87864868164063,8.925583839416504,0.08140286058187485,3.7684733867645264
1789130102488654000,51.894654052734374,8.916007041931152,0.019153613597154617,3.797203779220581
1789130102504665900,51.910665771484375,8.901641845703125,0.07182604819536209,3.754108190536499
1789130102520674000,51.92667407226563,8.978256225585938,0.07661445438861847,3.801992416381836
1789130102536680700,51.9426806640625,8.973467826843262,0.10055647045373917,3.8307228088378906
1789130102552685800,51.958685791015625,8.978256225585938,0.090979665517807,3.9025487899780273
1789130102568693200,51.974693359375,9.083600997924805,0.17238251864910126,3.754108190536499
1789130102584700400,51.99070043945313,9.026140213012695,0.24420857429504395,3.8786067962646484
1789130102600704000,52.0067041015625,9.117119789123535,0.272938996553421,3.9169139862060547
1789130102616704500,52.02270458984375,9.045293807983398,0.40222588181495667,3.8115692138671875
1789130102632705300,52.03870532226563,8.992621421813965,0.3256114423274994,3.840299606323242
1789130102648710700,52.054710693359375,8.925583839416504,0.33039984107017517,3.845088005065918
1789130102664716000,52.07071606445312,9.117119789123535,0.4884171485900879,3.8307228088378906
1789130102680723500,52.08672338867188,8.973467826843262,0.38307225704193115,3.845088005065918
1789130102696727300,52.10272729492188,8.978256225585938,0.35434186458587646,3.931279182434082
1789130102712730400,52.11873046875,9.059659004211426,0.40701428055763245,3.840299606323242
1789130102728735000,52.13473486328125,9.026140213012695,0.4213795065879822,3.8498764038085938
1789130102744740600,52.15074072265625,9.136273384094238,0.35913026332855225,3.950432777404785
1789130102760743000,52.16674291992187,9.083600997924805,0.28730419278144836,3.993528366088867
1789130102776751600,52.18275170898438,9.059659004211426,0.272938996553421,3.9456443786621094
1789130102792759800,52.198759765625,9.035717010498047,0.2346317619085312,3.9887399673461914
1789130102808765200,52.21476513671875,9.08838939666748,0.14365209639072418,3.955221176147461
1789130102824769500,52.23076953125,8.992621421813965,0.19632454216480255,4.041412353515625
1789130102840775700,52.246775634765626,8.949525833129883,0.14365209639072418,4.050989151000977
1789130102856782300,52.2627822265625,8.935160636901855,0.05746084079146385,4.065354347229004
1789130102872787200,52.278787109375,8.935160636901855,0.090979665517807,3.9456443786621094
1789130102888793000,52.29479296875,9.002198219299316,-0.023942016065120697,4.017470359802246
1789130102904800000,52.31080004882813,8.959102630615234,0.047884032130241394,4.0749311447143555
1789130102920807400,52.326807373046876,8.848969459533691,0.1388636976480484,4.0078935623168945
1789130102936813300,52.342813232421875,8.901641845703125,0.023942016065120697,4.046200752258301
1789130102952815000,52.358815185546874,8.939949035644531,0.05746084079146385,4.137180328369141
1789130102976828200,52.382828125,8.973467826843262,0.06224924325942993,4.175487995147705
1789130102992838700,52.39883862304688,8.93037223815918,0.11971008777618408,4.022258758544922
1789130103008843800,52.41484375,8.954314231872559,0.06703764945268631,4.20421838760376
1789130103024846600,52.4308466796875,8.987833023071289,0.1388636976480484,4.213795185089111
1789130103040854500,52.4468544921875,9.045293807983398,0.17717093229293823,4.20421838760376
1789130103056863500,52.462863525390624,8.99740982055664,0.17717093229293823,4.23773717880249
1789130103072861200,52.47886108398438,9.050082206726074,0.17238251864910126,4.3191399574279785
1789130103088860000,52.49485986328125,8.99740982055664,0.2537853717803955,4.280832767486572
1789130103104857600,52.510857666015625,8.992621421813965,0.2346317619085312,4.32871675491333
1789130103120857000,52.52685717773438,9.011775016784668,0.2346317619085312,4.381389141082764
1789130103136855300,52.542855224609376,9.006986618041992,0.21547815203666687,4.376600742340088
1789130103152857600,52.558857666015626,8.877699851989746,0.22505496442317963,4.3191399574279785
1789130103168858400,52.5748583984375,8.734047889709473,0.2585737705230713,4.357447147369385
1789130103184863500,52.590863525390624,8.825027465820312,0.28730419278144836,4.266467571258545
1789130103200863700,52.60686376953125,8.815450668334961,0.3495534360408783,4.280832767486572
1789130103216866600,52.622866455078125,8.743624687194824,0.2777273952960968,4.271255970001221
1789130103232862500,52.63886254882812,8.753201484680176,0.33997663855552673,4.247313976287842
1789130103248862700,52.65486279296875,8.65743350982666,0.3974374830722809,4.228160381317139
1789130103264868600,52.67086865234375,8.71489429473877,0.44532153010368347,4.381389141082764
1789130103280873000,52.686873046875,8.882488250732422,0.5315127968788147,4.338293552398682
1789130103296870100,52.7028701171875,8.901641845703125,0.5219359993934631,4.802768707275391
1789130103312868000,52.7188681640625,8.786720275878906,0.5746083855628967,4.841075897216797
1789130103328866000,52.734865966796875,8.83939266204834,0.6033388376235962,4.941632270812988
1789130103344861700,52.75086181640625,8.892065048217773,0.5937620401382446,5.118803024291992
1789130103360859600,52.766859619140625,8.89685344696045,0.49320554733276367,5.329493045806885
1789130103376860700,52.78286059570313,8.911218643188477,0.5602431893348694,5.382165431976318
1789130103392859600,52.79885961914062,8.939949035644531,0.5219359993934631,5.463568210601807
1789130103408860400,52.8148603515625,8.901641845703125,0.45010992884635925,5.506663799285889
1789130103424862500,52.83086254882812,8.877699851989746,0.42616790533065796,5.463568210601807
1789130103440867000,52.8468671875,8.939949035644531,0.3926490843296051,5.439626216888428
1789130103456876800,52.86287670898437,8.944737434387207,0.28730419278144836,5.463568210601807
1789130103472883500,52.87888354492188,8.949525833129883,0.2825157940387726,5.396530628204346
1789130103488891400,52.894891357421876,8.820239067077637,0.22505496442317963,5.410895824432373
1789130103504898000,52.91089794921875,8.757989883422852,0.12928688526153564,5.3342814445495605
1789130103520904400,52.926904541015624,8.638279914855957,0.10534487664699554,5.3342814445495605
1789130103536911600,52.94291162109375,8.7484130859375,0.11013327538967133,5.214571475982666
1789130103552918000,52.95891796875,8.53293514251709,0.07661445438861847,5.214571475982666
1789130103568920300,52.97492041015625,8.686163902282715,0.028730420395731926,5.066130638122559
1789130103584921300,52.99092138671875,8.56645393371582,0.05267243832349777,5.114014625549316
1789130103600920000,53.006920166015625,8.508993148803711,-0.038307227194309235,5.0900726318359375
1789130103616924000,53.022923828125,8.552088737487793,-0.004788403399288654,4.917690277099609
1789130103632923100,53.038923095703126,8.571242332458496,0.014365210197865963,4.874594688415527
1789130103648924000,53.054923828125,8.56645393371582,-0.014365210197865963,4.8602294921875
1789130103664927700,53.070927734375,8.585607528686523,-0.004788403399288654,4.874594688415527
1789130103680928500,53.08692846679688,8.556877136230469,0.07182604819536209,4.841075897216797
1789130103696933000,53.10293310546875,8.513781547546387,0.06703764945268631,4.836287498474121
1789130103712939500,53.118939453125,8.633491516113281,0.10055647045373917,4.6734819412231445
1789130103728949200,53.13494921875,8.595184326171875,0.14844051003456116,4.687847137451172
1789130103744956400,53.15095629882813,8.671798706054688,0.15801730751991272,4.525041103363037
1789130103760960800,53.16696069335938,8.801085472106934,0.19153612852096558,4.347870349884033
1789130103776958700,53.182958740234376,8.87291145324707,0.2585737705230713,4.146757125854492
1789130103792957000,53.19895703125,8.887276649475098,0.2298433631658554,4.1180267333984375
1789130103808959500,53.21495947265625,8.916007041931152,0.31603461503982544,4.098873138427734
1789130103824957700,53.230957763671874,9.006986618041992,0.3447650372982025,3.9887399673461914
1789130103840959500,53.24695947265625,9.093177795410156,0.33039984107017517,3.8594532012939453
1789130103856965000,53.26296508789063,9.006986618041992,0.33997663855552673,3.9169139862060547
1789130103872969000,53.27896899414063,8.96389102935791,0.363918662071228,3.8977603912353516
1789130103888974300,53.294974365234374,8.992621421813965,0.35434186458587646,3.9025487899780273
1789130103904984300,53.310984375,8.983044624328613,0.35913026332855225,3.883395195007324
1789130103920995000,53.3269951171875,9.02135181427002,0.35434186458587646,3.8163576126098633
1789130103937004300,53.34300439453125,9.078812599182129,0.3447650372982025,3.7253777980804443
1789130103953015600,53.359015625,9.045293807983398,0.28730419278144836,3.7828385829925537
1789130103969023000,53.37502294921875,9.011775016784668,0.28730419278144836,3.801992416381836
1789130103985036500,53.39103662109375,9.05487060546875,0.31603461503982544,3.7445313930511475
1789130104001046800,53.407046875,9.121908187866211,0.2968810200691223,3.663128614425659
1789130104017053700,53.4230537109375,9.17936897277832,0.2585737705230713,3.581725835800171
1789130104033059600,53.4390595703125,9.14585018157959,0.24899697303771973,3.581725835800171
1789130104049065200,53.45506518554687,9.117119789123535,0.23942017555236816,3.5673606395721436
1789130104065072000,53.471072021484375,9.136273384094238,0.21547815203666687,3.552995204925537
1789130104081083600,53.487083740234375,9.193734169006348,0.21547815203666687,3.5194764137268066
1789130104097091600,53.503091552734375,9.160215377807617,0.20111294090747833,3.4811692237854004
1789130104113100500,53.5191005859375,9.136273384094238,0.181959331035614,3.442862033843994
1789130104129110800,53.53511083984375,9.23682975769043,0.17238251864910126,3.294421434402466
1789130104145120300,53.551120361328124,9.275136947631836,0.13407529890537262,3.1938650608062744
1789130104161132000,53.567132080078125,9.351752281188965,0.10055647045373917,3.07415509223938
1789130104177147000,53.58314697265625,9.399636268615723,0.10055647045373917,2.959233283996582
1789130104193158100,53.599158203125,9.433155059814453,0.090979665517807,2.8107926845550537
1789130104209172000,53.615171875,9.481039047241211,0.08619125932455063,2.715024709701538
1789130104225181000,53.63118090820313,9.461885452270508,0.06224924325942993,2.762908697128296
1789130104241185000,53.64718505859375,9.481039047241211,0.06703764945268631,2.6623523235321045
1789130104257193000,53.66319287109375,9.514557838439941,0.05746084079146385,2.5761611461639404
1789130104273205000,53.679205078125,9.461885452270508,0.10055647045373917,2.5953147411346436
1789130104289214200,53.69521411132813,9.481039047241211,0.07661445438861847,2.5761611461639404
1789130104305224400,53.71122436523437,9.514557838439941,0.047884032130241394,2.513911724090576
1789130104321230300,53.72723022460937,9.437943458557129,0.09576806426048279,2.6240451335906982
1789130104337239300,53.7432392578125,9.418789863586426,0.10534487664699554,2.628833532333374
1789130104353249800,53.75924975585937,9.361329078674316,0.12449848651885986,2.6862943172454834
1789130104369262000,53.775261962890625,9.337387084960938,0.12928688526153564,2.695871114730835
1789130104385271600,53.791271484375,9.308655738830566,0.14365209639072418,2.7485435009002686
1789130104401277400,53.80727734375,9.232041358947754,0.17238251864910126,2.7916390895843506
1789130104417287400,53.823287353515624,9.208099365234375,0.19632454216480255,2.8203697204589844
1789130104433302300,53.83930224609375,9.208099365234375,0.2106897532939911,2.8395233154296875
1789130104449313500,53.8553134765625,9.169792175292969,0.2537853717803955,2.8347349166870117
1789130104465327000,53.8713271484375,9.208099365234375,0.2346317619085312,2.8203697204589844
1789130104481340700,53.88734057617187,9.17936897277832,0.2585737705230713,2.8155810832977295
1789130104497349000,53.90334912109375,9.222464561462402,0.26815059781074524,2.801215887069702
1789130104513356300,53.91935620117187,9.279925346374512,0.26336219906806946,2.806004285812378
1789130104529368000,53.9353681640625,9.342175483703613,0.26815059781074524,2.75812029838562
1789130104545379300,53.95137939453125,9.385271072387695,0.26336219906806946,2.8155810832977295
1789130104561390000,53.96739013671875,9.390059471130371,0.23942017555236816,2.7916390895843506
1789130104577396700,53.98339672851562,9.418789863586426,0.24420857429504395,2.8203697204589844
1789130104593401000,53.99940112304687,9.433155059814453,0.21547815203666687,2.829946517944336
1789130104609409500,54.015409423828125,9.428366661071777,0.2059013396501541,2.892195701599121
1789130104625412900,54.03141284179687,9.390059471130371,0.19632454216480255,2.892195701599121
1789130104641415400,54.04741552734375,9.418789863586426,0.17238251864910126,2.920926094055176
1789130104657419300,54.06341918945313,9.41400146484375,0.17238251864910126,2.9161376953125
1789130104673419300,54.07941918945313,9.35654067993164,0.15322890877723694,2.920926094055176
1789130104689421000,54.095421142578125,9.361329078674316,0.12449848651885986,2.920926094055176
1789130104705427000,54.111427001953125,9.337387084960938,0.11971008777618408,2.9161376953125
1789130104721434400,54.12743432617187,9.332598686218262,0.11013327538967133,2.8826189041137695
1789130104737440800,54.143440673828124,9.308655738830566,0.11971008777618408,2.8586769104003906
1789130104753451500,54.15945141601563,9.299078941345215,0.12928688526153564,2.829946517944336
1789130104769460200,54.175460205078124,9.294290542602539,0.11971008777618408,2.829946517944336
1789130104785467100,54.19146704101563,9.284713745117188,0.12449848651885986,2.7964274883270264
1789130104801478400,54.207478515625,9.313444137573242,0.12928688526153564,2.8107926845550537
1789130104817485300,54.2234853515625,9.318233489990234,0.1388636976480484,2.801215887069702
1789130104833493000,54.23949291992187,9.313444137573242,0.13407529890537262,2.7964274883270264
1789130104849501700,54.255501708984376,9.351752281188965,0.15322890877723694,2.8203697204589844
1789130104865510700,54.2715107421875,9.342175483703613,0.14844051003456116,2.82515811920166
1789130104881516500,54.2875166015625,9.366117477416992,0.17717093229293823,2.8395233154296875
1789130104897522000,54.30352197265625,9.35654067993164,0.19632454216480255,2.8443117141723633
1789130104913526300,54.3195263671875,9.370905876159668,0.19632454216480255,2.8395233154296875
1789130104929531600,54.33553173828125,9.366117477416992,0.22026655077934265,2.853888511657715
1789130104945532000,54.351531982421875,9.346963882446289,0.22505496442317963,2.8443117141723633
1789130104961536300,54.367536376953126,9.351752281188965,0.21547815203666687,2.8586769104003906
1789130104977547000,54.38354711914062,9.370905876159668,0.2346317619085312,2.849100112915039
1789130104993556500,54.39955639648438,9.35654067993164,0.2298433631658554,2.849100112915039
1789130105009558000,54.41555810546875,9.337387084960938,0.2298433631658554,2.873042106628418
1789130105025556000,54.43155590820312,9.337387084960938,0.22505496442317963,2.8586769104003906
1789130105041558300,54.44755834960937,9.351752281188965,0.22505496442317963,2.8634653091430664
1789130105057556500,54.46355639648438,9.32302188873291,0.1867477297782898,2.8586769104003906
1789130105073557500,54.4795576171875,9.351752281188965,0.2059013396501541,2.8634653091430664
1789130105089560000,54.49556005859375,9.337387084960938,0.19153612852096558,2.8395233154296875
1789130105105558300,54.51155834960937,9.351752281188965,0.17717093229293823,2.853888511657715
1789130105121561900,54.52756176757813,9.32302188873291,0.15322890877723694,2.8395233154296875
1789130105137565200,54.543565185546875,9.332598686218262,0.14844051003456116,2.853888511657715
1789130105153570000,54.55957006835938,9.327810287475586,0.15322890877723694,2.868253707885742
1789130105169572000,54.575572021484376,9.35654067993164,0.13407529890537262,2.8347349166870117
1789130105185576000,54.591575927734375,9.351752281188965,0.13407529890537262,2.829946517944336
1789130105201584400,54.60758447265625,9.35654067993164,0.1388636976480484,2.8347349166870117
1789130105217593000,54.62359301757812,9.342175483703613,0.13407529890537262,2.82515811920166
1789130105233596200,54.63959619140625,9.35654067993164,0.13407529890537262,2.829946517944336
1789130105249604600,54.6556044921875,9.370905876159668,0.14365209639072418,2.829946517944336
1789130105265611000,54.671611083984374,9.35654067993164,0.14844051003456116,2.8155810832977295
1789130105281620000,54.68761987304688,9.361329078674316,0.1388636976480484,2.8395233154296875
1789130105297629000,54.70362890625,9.332598686218262,0.15801730751991272,2.82515811920166
1789130105313636000,54.71963598632812,9.346963882446289,0.15801730751991272,2.8586769104003906
1789130105329645600,54.7356455078125,9.35654067993164,0.19153612852096558,2.8395233154296875
1789130105345657300,54.7516572265625,9.332598686218262,0.181959331035614,2.8586769104003906
1789130105361665800,54.767665771484374,9.361329078674316,0.1867477297782898,2.8778305053710938
1789130105377666800,54.783666748046876,9.342175483703613,0.20111294090747833,2.8778305053710938
1789130105393668900,54.7996689453125,9.337387084960938,0.2059013396501541,2.853888511657715
1789130105409670700,54.81567065429687,9.327810287475586,0.21547815203666687,2.8586769104003906
1789130105425675000,54.831675048828124,9.337387084960938,0.2106897532939911,2.8586769104003906
1789130105441686800,54.847686767578125,9.35654067993164,0.2106897532939911,2.8395233154296875
1789130105457700600,54.86370068359375,9.346963882446289,0.21547815203666687,2.8443117141723633
1789130105473704400,54.879704345703125,9.332598686218262,0.2059013396501541,2.8443117141723633
1789130105489709300,54.89570922851563,9.318233489990234,0.2059013396501541,2.82515811920166
1789130105505714200,54.91171411132812,9.342175483703613,0.19153612852096558,2.8155810832977295
1789130105521720600,54.927720458984375,9.361329078674316,0.19153612852096558,2.8395233154296875
1789130105537729800,54.94372973632812,9.361329078674316,0.1867477297782898,2.806004285812378
1789130105553738800,54.95973876953125,9.370905876159668,0.1628057211637497,2.82515811920166
1789130105569753300,54.97575341796875,9.351752281188965,0.17717093229293823,2.82515811920166
1789130105585764900,54.991764892578125,9.366117477416992,0.15322890877723694,2.8107926845550537
1789130105601775900,55.00777587890625,9.35654067993164,0.15322890877723694,2.82515811920166
1789130105617787000,55.02378686523438,9.342175483703613,0.1628057211637497,2.8347349166870117
1789130105633798400,55.03979833984375,9.346963882446289,0.15801730751991272,2.8443117141723633
1789130105649806600,55.055806640625,9.342175483703613,0.1388636976480484,2.853888511657715
1789130105665820000,55.07181982421875,9.346963882446289,0.13407529890537262,2.873042106628418
1789130105681828400,55.087828369140624,9.327810287475586,0.1388636976480484,2.8395233154296875
1789130105697841000,55.1038408203125,9.332598686218262,0.12928688526153564,2.8634653091430664
1789130105713852400,55.11985229492188,9.332598686218262,0.13407529890537262,2.8443117141723633
1789130105729860900,55.13586083984375,9.351752281188965,0.14844051003456116,2.8634653091430664
1789130105745868300,55.15186840820313,9.32302188873291,0.15801730751991272,2.853888511657715
1789130105761871000,55.16787109375,9.337387084960938,0.15801730751991272,2.8634653091430664
1789130105777878500,55.18387841796875,9.370905876159668,0.17717093229293823,2.853888511657715
1789130105793879600,55.199879638671874,9.351752281188965,0.1867477297782898,2.849100112915039
1789130105809880600,55.215880615234376,9.346963882446289,0.20111294090747833,2.8347349166870117
1789130105825881900,55.2318818359375,9.351752281188965,0.20111294090747833,2.829946517944336
1789130105841888000,55.24788793945312,9.370905876159668,0.2059013396501541,2.8443117141723633
1789130105857895400,55.2638955078125,9.35654067993164,0.2106897532939911,2.8203697204589844
1789130105873903000,55.27990307617188,9.342175483703613,0.20111294090747833,2.849100112915039
1789130105889906000,55.29590600585937,9.342175483703613,0.22026655077934265,2.8107926845550537
1789130105905914400,55.311914306640624,9.366117477416992,0.2059013396501541,2.8443117141723633
1789130105921927400,55.32792749023437,9.35654067993164,0.2059013396501541,2.8155810832977295
1789130105937938000,55.34393798828125,9.35654067993164,0.20111294090747833,2.8395233154296875
1789130105953947600,55.35994775390625,9.332598686218262,0.2106897532939911,2.873042106628418
1789130105969955600,55.37595556640625,9.375694274902344,0.17238251864910126,2.8586769104003906
1789130105985968600,55.39196875,9.308655738830566,0.16759411990642548,2.849100112915039
1789130106001976800,55.407976806640626,9.313444137573242,0.16759411990642548,2.849100112915039
1789130106017988900,55.42398876953125,9.318233489990234,0.17238251864910126,2.8586769104003906
1789130106034002700,55.44000268554687,9.35654067993164,0.15801730751991272,2.868253707885742
1789130106050017000,55.45601708984375,9.332598686218262,0.16759411990642548,2.853888511657715
1789130106066029600,55.47202954101562,9.332598686218262,0.16759411990642548,2.8586769104003906
1789130106082038000,55.4880380859375,9.342175483703613,0.15322890877723694,2.8443117141723633
1789130106098040800,55.50404077148438,9.351752281188965,0.15322890877723694,2.82515811920166
1789130106114050300,55.52005029296875,9.351752281188965,0.1628057211637497,2.8586769104003906
1789130106130060500,55.536060546875,9.346963882446289,0.14844051003456116,2.8347349166870117
1789130106146069000,55.552069091796874,9.351752281188965,0.16759411990642548,2.849100112915039
1789130106162079000,55.568078857421874,9.351752281188965,0.15322890877723694,2.849100112915039
1789130106178088700,55.584088623046874,9.346963882446289,0.17717093229293823,2.853888511657715
1789130106194098200,55.60009814453125,9.342175483703613,0.181959331035614,2.853888511657715
1789130106210107600,55.61610766601562,9.351752281188965,0.1867477297782898,2.8634653091430664
1789130106226114000,55.632114013671874,9.32302188873291,0.17717093229293823,2.8395233154296875
1789130106242124000,55.6481240234375,9.32302188873291,0.19153612852096558,2.82515811920166
1789130106258130000,55.6641298828125,9.308655738830566,0.181959331035614,2.8203697204589844
1789130106274138600,55.680138671875,9.30386734008789,0.1867477297782898,2.82515811920166
1789130106290145800,55.696145751953125,9.32302188873291,0.19153612852096558,2.8347349166870117
1789130106306151700,55.712151611328125,9.332598686218262,0.19632454216480255,2.829946517944336
1789130106322156300,55.72815625,9.346963882446289,0.19153612852096558,2.8203697204589844
1789130106338162000,55.744161865234375,9.346963882446289,0.20111294090747833,2.8395233154296875
1789130106354162400,55.760162353515625,9.346963882446289,0.2059013396501541,2.853888511657715
1789130106370171100,55.77617114257812,9.346963882446289,0.19632454216480255,2.8395233154296875
1789130106386177500,55.79217749023437,9.35654067993164,0.19153612852096558,2.849100112915039
1789130106402184400,55.808184326171876,9.342175483703613,0.181959331035614,2.8443117141723633
1789130106418190300,55.8241904296875,9.361329078674316,0.19632454216480255,2.849100112915039
1789130106434195700,55.84019580078125,9.35654067993164,0.1867477297782898,2.849100112915039
1789130106450205000,55.85620483398438,9.342175483703613,0.17717093229293823,2.829946517944336
1789130106466215700,55.872215576171875,9.332598686218262,0.17717093229293823,2.8443117141723633
1789130106482227500,55.8882275390625,9.342175483703613,0.17238251864910126,2.8443117141723633
1789130106498238500,55.904238525390625,9.332598686218262,0.16759411990642548,2.8203697204589844
1789130106514252300,55.920252197265626,9.332598686218262,0.1628057211637497,2.849100112915039
1789130106530262800,55.9362626953125,9.327810287475586,0.1628057211637497,2.853888511657715
1789130106546277400,55.95227734375,9.337387084960938,0.1628057211637497,2.8347349166870117
1789130106562293500,55.96829345703125,9.332598686218262,0.15801730751991272,2.8443117141723633
1789130106578309400,55.984309326171875,9.351752281188965,0.15322890877723694,2.8395233154296875
1789130106594319000,56.000319091796875,9.327810287475586,0.15801730751991272,2.8395233154296875
1789130106610329900,56.01632983398437,9.337387084960938,0.16759411990642548,2.8443117141723633
1789130106626342700,56.0323427734375,9.332598686218262,0.16759411990642548,2.8443117141723633
1789130106642353200,56.04835327148437,9.342175483703613,0.17238251864910126,2.8395233154296875
1789130106658368300,56.0643681640625,9.346963882446289,0.20111294090747833,2.8395233154296875
1789130106674384600,56.080384521484376,9.346963882446289,0.19632454216480255,2.8347349166870117
1789130106690400000,56.09639990234375,9.342175483703613,0.17717093229293823,2.8443117141723633
1789130106706412500,56.11241259765625,9.351752281188965,0.181959331035614,2.8395233154296875
1789130106722425600,56.12842553710937,9.342175483703613,0.19632454216480255,2.8347349166870117
1789130106738436000,56.14443603515625,9.332598686218262,0.19632454216480255,2.8347349166870117
1789130106754447000,56.16044702148437,9.342175483703613,0.20111294090747833,2.8395233154296875
1789130106770463500,56.17646337890625,9.346963882446289,0.21547815203666687,2.849100112915039
1789130106786469400,56.19246948242188,9.342175483703613,0.2106897532939911,2.849100112915039
1789130106802473700,56.2084736328125,9.342175483703613,0.2106897532939911,2.8395233154296875
1789130106818478300,56.22447827148437,9.332598686218262,0.19632454216480255,2.8395233154296875
1789130106834484700,56.240484619140624,9.32302188873291,0.19153612852096558,2.8586769104003906
1789130106850485200,56.2564853515625,9.318233489990234,0.19632454216480255,2.8347349166870117
1789130106866494700,56.27249462890625,9.32302188873291,0.17717093229293823,2.853888511657715
1789130106882506500,56.288506591796875,9.332598686218262,0.1867477297782898,2.849100112915039
1789130106898515500,56.30451538085938,9.342175483703613,0.17717093229293823,2.82515811920166
1789130106914516000,56.32051586914063,9.337387084960938,0.16759411990642548,2.8203697204589844
1789130106930520800,56.336520751953124,9.337387084960938,0.15322890877723694,2.849100112915039
1789130106946529500,56.35252954101563,9.346963882446289,0.15801730751991272,2.8155810832977295
1789130106962535400,56.36853540039063,9.351752281188965,0.15801730751991272,2.8347349166870117
1789130106978544000,56.38454418945312,9.346963882446289,0.17238251864910126,2.82515811920166
1789130106994554000,56.40055419921875,9.361329078674316,0.17238251864910126,2.8443117141723633
1789130107010566400,56.41656640625,9.346963882446289,0.1628057211637497,2.829946517944336
1789130107026577700,56.43257763671875,9.342175483703613,0.16759411990642548,2.829946517944336
1789130107042586400,56.44858642578125,9.351752281188965,0.1628057211637497,2.849100112915039
1789130107058599700,56.464599609375,9.342175483703613,0.17238251864910126,2.8347349166870117
1789130107074610400,56.4806103515625,9.351752281188965,0.17238251864910126,2.8395233154296875
1789130107090612200,56.4966123046875,9.337387084960938,0.181959331035614,2.8443117141723633
1789130107106620000,56.51261987304687,9.32302188873291,0.181959331035614,2.829946517944336
1789130107122626000,56.5286259765625,9.32302188873291,0.1867477297782898,2.8443117141723633
1789130107138638000,56.54463818359375,9.337387084960938,0.17238251864910126,2.8347349166870117
1789130107154650600,56.56065063476562,9.337387084960938,0.181959331035614,2.8203697204589844
1789130107170661600,56.57666162109375,9.361329078674316,0.17717093229293823,2.8155810832977295
1789130107186673700,56.59267358398437,9.337387084960938,0.17717093229293823,2.8347349166870117
1789130107202684200,56.60868408203125,9.35654067993164,0.181959331035614,2.8203697204589844
1789130107218690300,56.624690185546875,9.342175483703613,0.1867477297782898,2.849100112915039
1789130107234697200,56.640697265625,9.35654067993164,0.17238251864910126,2.82515811920166
1789130107250706400,56.65670654296875,9.342175483703613,0.1867477297782898,2.8347349166870117
1789130107266708700,56.67270874023438,9.35654067993164,0.1867477297782898,2.8347349166870117
1789130107282710800,56.688710693359376,9.342175483703613,0.181959331035614,2.82515811920166
1789130107298713900,56.7047138671875,9.351752281188965,0.181959331035614,2.8443117141723633
1789130107314721300,56.72072119140625,9.351752281188965,0.181959331035614,2.8395233154296875
1789130107330729200,56.73672924804688,9.346963882446289,0.17238251864910126,2.8443117141723633
1789130107346733000,56.75273315429688,9.332598686218262,0.17238251864910126,2.853888511657715
1789130107362734300,56.768734375,9.337387084960938,0.16759411990642548,2.829946517944336
1789130107378739700,56.78473974609375,9.342175483703613,0.17717093229293823,2.8203697204589844
1789130107394746400,56.80074633789062,9.337387084960938,0.17238251864910126,2.82515811920166
1789130107410748400,56.81674853515625,9.342175483703613,0.16759411990642548,2.8634653091430664
1789130107426750500,56.83275048828125,9.332598686218262,0.16759411990642548,2.82515811920166
1789130107442751700,56.84875170898437,9.332598686218262,0.17717093229293823,2.868253707885742
1789130107458753000,56.8647529296875,9.318233489990234,0.1628057211637497,2.806004285812378
1789130107474756000,56.88075610351562,9.337387084960938,0.16759411990642548,2.8203697204589844
1789130107490758400,56.89675830078125,9.346963882446289,0.16759411990642548,2.8155810832977295
1789130107506762800,56.9127626953125,9.342175483703613,0.19153612852096558,2.8155810832977295
1789130107522769400,56.928769287109375,9.346963882446289,0.17717093229293823,2.8155810832977295
1789130107538766800,56.94476684570313,9.35654067993164,0.1628057211637497,2.786850690841675
1789130107554765800,56.96076586914062,9.351752281188965,0.16759411990642548,2.8155810832977295
1789130107570766000,56.97676611328125,9.332598686218262,0.181959331035614,2.8395233154296875
1789130107586769000,56.99276879882812,9.366117477416992,0.181959331035614,2.82515811920166
1789130107602773500,57.0087734375,9.385271072387695,0.181959331035614,2.8347349166870117
1789130107618780200,57.0247802734375,9.370905876159668,0.16759411990642548,2.82515811920166
1789130107634784500,57.04078442382813,9.342175483703613,0.17717093229293823,2.853888511657715
1789130107650801000,57.05680078125,9.366117477416992,0.1867477297782898,2.8443117141723633
1789130107666813000,57.07281298828125,9.346963882446289,0.181959331035614,2.849100112915039
1789130107682823400,57.088823486328124,9.337387084960938,0.17717093229293823,2.8347349166870117
1789130107698838300,57.10483837890625,9.337387084960938,0.181959331035614,2.8443117141723633
1789130107722853400,57.128853271484374,9.351752281188965,0.1867477297782898,2.8634653091430664
1789130107738865400,57.14486547851563,9.370905876159668,0.17238251864910126,2.849100112915039
1789130107754878200,57.160878173828124,9.366117477416992,0.16759411990642548,2.853888511657715
1789130107770888200,57.17688818359375,9.337387084960938,0.17717093229293823,2.8443117141723633
1789130107786898000,57.19289794921875,9.337387084960938,0.1867477297782898,2.8395233154296875
1789130107802900700,57.20890063476563,9.346963882446289,0.17238251864910126,2.849100112915039
1789130107818906400,57.22490625,9.332598686218262,0.16759411990642548,2.8443117141723633
1789130107834919400,57.24091943359375,9.327810287475586,0.19153612852096558,2.8395233154296875
1789130107850931700,57.256931640625,9.332598686218262,0.16759411990642548,2.8443117141723633
1789130107866937900,57.27293774414063,9.332598686218262,0.1867477297782898,2.8443117141723633
1789130107882942700,57.28894262695312,9.32302188873291,0.20111294090747833,2.849100112915039
1789130107898944000,57.30494409179688,9.390059471130371,0.14844051003456116,2.849100112915039
1789130107914953200,57.320953125,9.375694274902344,0.11971008777618408,2.8443117141723633
1789130107930956500,57.33695654296875,9.346963882446289,0.22505496442317963,2.8778305053710938
1789130107946960000,57.3529599609375,9.35654067993164,0.20111294090747833,2.849100112915039
1789130107962964200,57.368964111328125,9.299078941345215,0.13407529890537262,2.8826189041137695
1789130107978971100,57.38497119140625,9.390059471130371,0.17238251864910126,2.7964274883270264
1789130108002978600,57.408978515625,9.44752025604248,0.14844051003456116,2.8107926845550537
1789130108018981400,57.4249814453125,9.385271072387695,0.15801730751991272,2.82515811920166
1789130108042984000,57.44898388671875,9.327810287475586,0.19153612852096558,2.82515811920166
1789130108066987000,57.47298706054688,9.361329078674316,0.19153612852096558,2.8107926845550537
1789130108082987800,57.48898779296875,9.375694274902344,0.15322890877723694,2.8347349166870117
1789130108098993200,57.5049931640625,9.361329078674316,0.20111294090747833,2.8395233154296875
1789130108114997500,57.52099755859375,9.32302188873291,0.19632454216480255,2.8347349166870117
1789130108131005000,57.5370048828125,9.361329078674316,0.1867477297782898,2.8347349166870117
1789130108147012900,57.553012939453126,9.332598686218262,0.17717093229293823,2.8395233154296875
1789130108163023600,57.56902368164062,9.38048267364502,0.1628057211637497,2.8443117141723633
1789130108179033300,57.58503344726562,9.35654067993164,0.17238251864910126,2.849100112915039
1789130108195046400,57.60104638671875,9.35654067993164,0.15322890877723694,2.8347349166870117
1789130108211054300,57.61705444335937,9.337387084960938,0.15322890877723694,2.849100112915039
1789130108227060200,57.63306030273438,9.351752281188965,0.1388636976480484,2.8443117141723633
1789130108243067100,57.649067138671874,9.346963882446289,0.1628057211637497,2.8586769104003906
1789130108259080700,57.665080810546876,9.351752281188965,0.1628057211637497,2.853888511657715
1789130108275089400,57.68108935546875,9.342175483703613,0.1628057211637497,2.8586769104003906
1789130108291104300,57.69710424804688,9.327810287475586,0.1628057211637497,2.853888511657715
1789130108307118800,57.713118896484374,9.337387084960938,0.14365209639072418,2.853888511657715
1789130108323127300,57.729127197265626,9.318233489990234,0.15801730751991272,2.82515811920166
1789130108339131100,57.745131103515625,9.342175483703613,0.14844051003456116,2.829946517944336
1789130108355135200,57.76113525390625,9.332598686218262,0.1628057211637497,2.8107926845550537
1789130108371140400,57.77714038085937,9.327810287475586,0.181959331035614,2.8347349166870117
1789130108387147500,57.7931474609375,9.346963882446289,0.17238251864910126,2.82515811920166
1789130108403158500,57.809158447265624,9.32302188873291,0.1628057211637497,2.82515811920166
1789130108419165400,57.82516552734375,9.337387084960938,0.19632454216480255,2.829946517944336
1789130108435171000,57.841171142578126,9.361329078674316,0.181959331035614,2.82515811920166
1789130108451177000,57.857177001953126,9.35654067993164,0.19632454216480255,2.82515811920166
1789130108467188000,57.87318798828125,9.346963882446289,0.20111294090747833,2.829946517944336
1789130108483203600,57.88920361328125,9.35654067993164,0.19632454216480255,2.829946517944336
1789130108499215600,57.90521557617188,9.351752281188965,0.20111294090747833,2.8443117141723633
1789130108515225000,57.92122509765625,9.337387084960938,0.19632454216480255,2.8203697204589844
1789130108531238000,57.93723779296875,9.332598686218262,0.19153612852096558,2.8347349166870117
1789130108547251200,57.95325122070312,9.342175483703613,0.17717093229293823,2.8395233154296875
1789130108563268400,57.96926831054687,9.337387084960938,0.19153612852096558,2.8634653091430664
1789130108579278000,57.98527807617187,9.332598686218262,0.181959331035614,2.8395233154296875
1789130108595286800,58.00128686523438,9.35654067993164,0.17238251864910126,2.8443117141723633
1789130108611296500,58.01729663085938,9.327810287475586,0.181959331035614,2.853888511657715
1789130108627303000,58.03330297851563,9.342175483703613,0.17238251864910126,2.849100112915039
1789130108643306000,58.049305908203124,9.332598686218262,0.1628057211637497,2.829946517944336
1789130108659310000,58.06531005859375,9.337387084960938,0.16759411990642548,2.8347349166870117
1789130108675313700,58.08131372070312,9.351752281188965,0.15322890877723694,2.849100112915039
1789130108691324700,58.09732470703125,9.35654067993164,0.15322890877723694,2.8347349166870117
1789130108707332000,58.11333203125,9.35654067993164,0.15801730751991272,2.8395233154296875
1789130108723338200,58.129338134765625,9.35654067993164,0.1388636976480484,2.829946517944336
1789130108739346200,58.14534619140625,9.35654067993164,0.17238251864910126,2.8395233154296875
1789130108755349500,58.161349609375,9.351752281188965,0.15322890877723694,2.8203697204589844
1789130108771356000,58.17735595703125,9.375694274902344,0.15322890877723694,2.82515811920166
1789130108787357700,58.19335766601562,9.346963882446289,0.17238251864910126,2.8634653091430664
1789130108803362000,58.20936206054687,9.346963882446289,0.16759411990642548,2.8395233154296875
1789130108819362600,58.22536254882812,9.35654067993164,0.1867477297782898,2.853888511657715
1789130108835365600,58.24136572265625,9.32302188873291,0.181959331035614,2.8395233154296875
1789130108851372300,58.25737231445312,9.361329078674316,0.19153612852096558,2.8347349166870117
1789130108867374000,58.2733740234375,9.327810287475586,0.17717093229293823,2.8155810832977295
1789130108883374000,58.2893740234375,9.332598686218262,0.181959331035614,2.849100112915039
1789130108899371500,58.30537158203125,9.342175483703613,0.20111294090747833,2.8155810832977295
1789130108915381200,58.32138134765625,9.366117477416992,0.19153612852096558,2.829946517944336
1789130108931391500,58.3373916015625,9.327810287475586,0.19153612852096558,2.8395233154296875
1789130108947400700,58.35340063476563,9.346963882446289,0.19153612852096558,2.8586769104003906
1789130108963406600,58.36940649414063,9.615114212036133,0.2059013396501541,3.2417490482330322
1789130108979411700,58.38541162109375,10.02691650390625,-0.3974374830722809,3.0597896575927734
1789130108995415800,58.40141577148437,9.35654067993164,0.4118026793003082,2.432508945465088
1789130109011417600,58.41741748046875,9.083600997924805,0.45489832758903503,3.00711727142334
1789130109027416600,58.43341650390625,9.394847869873047,-0.009576806798577309,2.978386878967285
1789130109043412200,58.449412109375,9.279925346374512,0.3256114423274994,2.8395233154296875
1789130109059409200,58.4654091796875,9.232041358947754,0.22505496442317963,2.801215887069702
1789130109075409700,58.48140966796875,9.337387084960938,0.2298433631658554,2.853888511657715
1789130109091409400,58.497409423828124,9.361329078674316,0.15801730751991272,2.75812029838562
1789130109107409000,58.51340893554688,9.351752281188965,0.09576806426048279,2.7533318996429443
1789130109123410700,58.52941064453125,9.313444137573242,0.24420857429504395,2.8874073028564453
1789130109139412700,58.545412841796875,9.35654067993164,0.12449848651885986,2.849100112915039
1789130109155416800,58.561416748046874,9.32302188873291,0.22505496442317963,2.829946517944336
1789130109171416600,58.57741650390625,9.346963882446289,0.12449848651885986,2.8874073028564453
1789130109187419600,58.593419677734374,9.342175483703613,0.14365209639072418,2.849100112915039
1789130109203424800,58.6094248046875,9.327810287475586,0.181959331035614,2.8395233154296875
1789130109219434800,58.62543481445312,9.346963882446289,0.1388636976480484,2.829946517944336
1789130109235437000,58.64143701171875,9.32302188873291,0.19153612852096558,2.8443117141723633
1789130109251437000,58.65743701171875,9.30386734008789,0.17717093229293823,2.8586769104003906
1789130109267439000,58.67343920898438,9.327810287475586,0.16759411990642548,2.8586769104003906
1789130109283437600,58.6894375,9.308655738830566,0.2059013396501541,2.8347349166870117
1789130109299441700,58.705441650390625,9.313444137573242,0.15801730751991272,2.853888511657715
1789130109315445000,58.72144506835937,9.327810287475586,0.1867477297782898,2.8203697204589844
1789130109331453700,58.73745361328125,9.318233489990234,0.19153612852096558,2.8443117141723633
1789130109347459300,58.753459228515624,9.35654067993164,0.1867477297782898,2.8347349166870117
1789130109363463200,58.76946313476562,9.337387084960938,0.19153612852096558,2.8395233154296875
1789130109379469800,58.7854697265625,9.342175483703613,0.17717093229293823,2.8203697204589844
1789130109395473200,58.80147314453125,9.366117477416992,0.1867477297782898,2.82515811920166
1789130109411478000,58.81747802734375,9.366117477416992,0.19632454216480255,2.82515811920166
1789130109427484000,58.83348388671875,9.35654067993164,0.1867477297782898,2.8395233154296875
1789130109443490600,58.84949047851563,9.351752281188965,0.16759411990642548,2.853888511657715
1789130109459490800,58.86549072265625,9.318233489990234,0.17717093229293823,2.853888511657715
1789130109475494000,58.88149389648437,9.318233489990234,0.17717093229293823,2.853888511657715
1789130109491500000,58.8975,9.32302188873291,0.17717093229293823,2.8395233154296875
1789130109507510300,58.91351025390625,9.313444137573242,0.1867477297782898,2.853888511657715
1789130109523526100,58.92952612304688,9.332598686218262,0.15801730751991272,2.8443117141723633
1789130109539537200,58.945537109375,9.35654067993164,0.17238251864910126,2.853888511657715
1789130109555548000,58.9615478515625,9.337387084960938,0.19153612852096558,2.8586769104003906
1789130109579564000,58.98556396484375,9.337387084960938,0.1628057211637497,2.829946517944336
1789130109595572700,59.00157275390625,9.346963882446289,0.19153612852096558,2.8347349166870117
1789130109611588000,59.017588134765624,9.366117477416992,0.181959331035614,2.82515811920166
1789130109627599400,59.03359936523437,9.375694274902344,0.1867477297782898,2.8203697204589844
1789130109643609300,59.049609375,9.366117477416992,0.17238251864910126,2.8203697204589844
1789130109659619000,59.065619140625,9.361329078674316,0.15801730751991272,2.8395233154296875
1789130109675629000,59.081629150390626,9.35654067993164,0.19632454216480255,2.8347349166870117
1789130109691641000,59.09764111328125,9.346963882446289,0.17238251864910126,2.8395233154296875
1789130109707654700,59.11365454101563,9.337387084960938,0.17717093229293823,2.8347349166870117
1789130109723659800,59.12965966796875,9.318233489990234,0.17717093229293823,2.8395233154296875
1789130109739664400,59.145664306640626,9.351752281188965,0.15801730751991272,2.8347349166870117
1789130109755675000,59.1616748046875,9.332598686218262,0.181959331035614,2.8347349166870117
1789130109771679200,59.17767919921875,9.342175483703613,0.17238251864910126,2.849100112915039
1789130109787686400,59.19368627929688,9.32302188873291,0.17717093229293823,2.849100112915039
1789130109803701800,59.20970166015625,9.342175483703613,0.17717093229293823,2.8395233154296875
1789130109819712000,59.2257119140625,9.346963882446289,0.17238251864910126,2.853888511657715
1789130109835720400,59.241720458984375,9.351752281188965,0.1867477297782898,2.8395233154296875
1789130109851723500,59.2577236328125,9.35654067993164,0.16759411990642548,2.853888511657715
1789130109867724500,59.273724609375,9.332598686218262,0.17238251864910126,2.8443117141723633
1789130109883724000,59.28972412109375,9.361329078674316,0.17238251864910126,2.849100112915039
1789130109899724000,59.30572412109375,9.361329078674316,0.17238251864910126,2.8395233154296875
1789130109915725000,59.32172509765625,9.370905876159668,0.1867477297782898,2.849100112915039
1789130109931734800,59.33773486328125,9.332598686218262,0.17717093229293823,2.8586769104003906
1789130109947733000,59.35373291015625,9.346963882446289,0.17238251864910126,2.8443117141723633
1789130109963732700,59.36973266601562,9.342175483703613,0.1628057211637497,2.829946517944336
1789130109979732700,59.38573266601563,9.332598686218262,0.1628057211637497,2.8395233154296875
1789130109995734800,59.40173486328125,9.332598686218262,0.17238251864910126,2.8395233154296875
1789130110011735300,59.4177353515625,9.337387084960938,0.17238251864910126,2.8395233154296875
1789130110027734300,59.433734375,9.342175483703613,0.181959331035614,2.82515811920166
1789130110043731000,59.44973095703125,9.351752281188965,0.1867477297782898,2.8347349166870117
1789130110059730400,59.46573046875,9.342175483703613,0.1867477297782898,2.8347349166870117
1789130110075729400,59.4817294921875,9.32302188873291,0.20111294090747833,2.8443117141723633
1789130110091732700,59.49773266601562,9.342175483703613,0.17717093229293823,2.829946517944336
1789130110107734800,59.51373486328125,9.332598686218262,0.181959331035614,2.8586769104003906
1789130110123739600,59.52973974609375,9.318233489990234,0.19153612852096558,2.8443117141723633
1789130110139745500,59.54574560546875,9.351752281188965,0.181959331035614,2.849100112915039
1789130110155747600,59.56174755859375,9.337387084960938,0.181959331035614,2.8347349166870117
1789130110171751200,59.57775122070313,9.361329078674316,0.17717093229293823,2.849100112915039
1789130110187761200,59.59376123046875,9.337387084960938,0.1867477297782898,2.849100112915039
1789130110203767000,59.60976708984375,9.342175483703613,0.1867477297782898,2.8395233154296875
1789130110219768800,59.625768798828126,9.332598686218262,0.17717093229293823,2.849100112915039
1789130110235771400,59.641771484375,9.337387084960938,0.17238251864910126,2.8443117141723633
1789130110251777800,59.65777783203125,9.327810287475586,0.17238251864910126,2.8395233154296875
1789130110267778800,59.67377880859375,9.32302188873291,0.17238251864910126,2.849100112915039
1789130110283776500,59.68977661132813,9.32302188873291,0.1628057211637497,2.8586769104003906
1789130110299774200,59.705774169921874,9.332598686218262,0.16759411990642548,2.849100112915039
1789130110315774000,59.72177392578125,9.318233489990234,0.17717093229293823,2.8347349166870117
1789130110331772000,59.73777197265625,9.342175483703613,0.16759411990642548,2.82515811920166
1789130110347767800,59.75376782226562,9.332598686218262,0.17238251864910126,2.8347349166870117
1789130110363767300,59.769767333984376,9.337387084960938,0.17238251864910126,2.8347349166870117
1789130110379764200,59.78576416015625,9.332598686218262,0.16759411990642548,2.82515811920166
1789130110395759900,59.801759765625,9.342175483703613,0.17238251864910126,2.82515811920166
1789130110411758000,59.81775805664063,9.327810287475586,0.1628057211637497,2.829946517944336
1789130110427758000,59.833758056640626,9.35654067993164,0.1867477297782898,2.8203697204589844
1789130110443755000,59.84975512695313,9.342175483703613,0.17238251864910126,2.8107926845550537
1789130110459750100,59.86575024414063,9.351752281188965,0.1867477297782898,2.82515811920166
1789130110475746300,59.881746337890625,9.346963882446289,0.19153612852096558,2.829946517944336
1789130110491735600,59.897735595703125,9.361329078674316,0.181959331035614,2.829946517944336
1789130110507727400,59.91372729492188,9.351752281188965,0.181959331035614,2.8395233154296875
1789130110523724800,59.92972485351562,9.351752281188965,0.1867477297782898,2.8443117141723633
1789130110539725800,59.945725830078125,9.351752281188965,0.17238251864910126,2.8634653091430664
1789130110555728400,59.961728271484375,9.361329078674316,0.17238251864910126,2.8347349166870117
1789130110571726300,59.97772631835937,9.35654067993164,0.16759411990642548,2.8634653091430664
1789130110587731500,59.9937314453125,9.332598686218262,0.16759411990642548,2.8586769104003906
1789130110603743500,60.00974340820313,9.342175483703613,0.181959331035614,2.853888511657715
1789130110619752200,60.025752197265625,9.337387084960938,0.17238251864910126,2.849100112915039
1789130110635757600,60.04175756835937,9.346963882446289,0.16759411990642548,2.8586769104003906
1789130110651758800,60.0577587890625,9.342175483703613,0.17717093229293823,2.8443117141723633
1789130110667754500,60.07375439453125,9.318233489990234,0.17717093229293823,2.8347349166870117
1789130110683749400,60.08974926757813,9.332598686218262,0.1628057211637497,2.8443117141723633
1789130110699747600,60.10574755859375,9.351752281188965,0.181959331035614,2.8443117141723633
1789130110715748400,60.12174829101563,9.346963882446289,0.181959331035614,2.849100112915039
1789130110731750400,60.13775048828125,9.32302188873291,0.17717093229293823,2.8395233154296875
1789130110747755800,60.153755859375,9.318233489990234,0.181959331035614,2.829946517944336
1789130110763755500,60.16975561523437,9.32302188873291,0.17717093229293823,2.8347349166870117
1789130110779756000,60.18575610351562,9.337387084960938,0.17717093229293823,2.8155810832977295
1789130110795756000,60.20175610351563,9.342175483703613,0.181959331035614,2.8107926845550537
1789130110811750400,60.21775048828125,9.351752281188965,0.1867477297782898,2.82515811920166
1789130110827745300,60.233745361328126,9.337387084960938,0.19153612852096558,2.8395233154296875
1789130110843738400,60.24973828125,9.327810287475586,0.181959331035614,2.8443117141723633
1789130110859731500,60.2657314453125,9.337387084960938,0.181959331035614,2.829946517944336
1789130110875728100,60.28172802734375,9.308655738830566,0.17717093229293823,2.8443117141723633
1789130110891730000,60.29772998046875,9.337387084960938,0.17717093229293823,2.8395233154296875
1789130110907731500,60.3137314453125,9.337387084960938,0.17717093229293823,2.8395233154296875
1789130110923735000,60.329735107421875,9.35654067993164,0.181959331035614,2.8443117141723633
1789130110939736300,60.345736328125,9.351752281188965,0.181959331035614,2.8443117141723633
1789130110955734300,60.361734375,9.351752281188965,0.19153612852096558,2.8443117141723633
1789130110971736300,60.377736328125,9.35654067993164,0.16759411990642548,2.8443117141723633
1789130110987736800,60.39373681640625,9.346963882446289,0.19153612852096558,2.829946517944336
1789130111003736600,60.40973657226562,9.332598686218262,0.19632454216480255,2.853888511657715
1789130111019734000,60.425734130859375,9.351752281188965,0.17717093229293823,2.829946517944336
1789130111035728000,60.44172778320313,9.342175483703613,0.17238251864910126,2.82515811920166
1789130111051728600,60.45772875976562,9.366117477416992,0.17238251864910126,2.8203697204589844
1789130111067728000,60.473727783203124,9.346963882446289,0.17238251864910126,2.8155810832977295
1789130111083730700,60.489730712890626,9.370905876159668,0.181959331035614,2.8107926845550537
1789130111099732000,60.50573193359375,9.35654067993164,0.17717093229293823,2.8395233154296875
1789130111115734300,60.521734375,9.337387084960938,0.1628057211637497,2.8155810832977295
1789130111131732200,60.53773217773438,9.361329078674316,0.16759411990642548,2.8203697204589844
1789130111147732700,60.55373266601563,9.332598686218262,0.19153612852096558,2.8203697204589844
1789130111163733800,60.56973364257812,9.342175483703613,0.15801730751991272,2.853888511657715
1789130111179735600,60.58573559570313,9.337387084960938,0.1628057211637497,2.8395233154296875
1789130111195741000,60.601740966796875,9.361329078674316,0.17238251864910126,2.8443117141723633
1789130111211740700,60.61774072265625,9.35654067993164,0.15801730751991272,2.8347349166870117
1789130111227740200,60.633740234375,9.32302188873291,0.17238251864910126,2.849100112915039
1789130111243745500,60.64974560546875,9.351752281188965,0.181959331035614,2.8634653091430664
1789130111259750700,60.66575073242188,9.337387084960938,0.1628057211637497,2.8778305053710938
1789130111275755500,60.68175561523437,9.332598686218262,0.1867477297782898,2.868253707885742
1789130111291755800,60.697755859375,9.318233489990234,0.17717093229293823,2.8586769104003906
1789130111307760000,60.71376000976562,9.327810287475586,0.17717093229293823,2.8634653091430664
1789130111323766300,60.72976635742187,9.346963882446289,0.1628057211637497,2.868253707885742
1789130111339768800,60.745768798828124,9.337387084960938,0.16759411990642548,2.849100112915039
1789130111355770600,60.7617705078125,9.332598686218262,0.20111294090747833,2.8443117141723633
1789130111371774000,60.77777392578125,9.327810287475586,0.1867477297782898,2.829946517944336
1789130111387778300,60.7937783203125,9.337387084960938,0.16759411990642548,2.8203697204589844
1789130111403784000,60.809783935546875,9.308655738830566,0.2059013396501541,2.8347349166870117
1789130111419784000,60.82578393554687,9.308655738830566,0.19632454216480255,2.806004285812378
1789130111435781600,60.84178173828125,9.318233489990234,0.19632454216480255,2.8155810832977295
1789130111451780000,60.857780029296876,9.327810287475586,0.1867477297782898,2.8155810832977295
1789130111467782100,60.8737822265625,9.332598686218262,0.1867477297782898,2.829946517944336
1789130111483775200,60.889775146484375,9.327810287475586,0.19632454216480255,2.829946517944336
1789130111499774000,60.90577392578125,9.346963882446289,0.1867477297782898,2.8203697204589844
1789130111515774500,60.9217744140625,9.346963882446289,0.1867477297782898,2.8395233154296875
1789130111531780900,60.93778076171875,9.375694274902344,0.17717093229293823,2.8395233154296875
1789130111547777500,60.95377758789063,9.351752281188965,0.1867477297782898,2.8347349166870117
1789130111563773200,60.96977319335937,9.346963882446289,0.1628057211637497,2.8395233154296875
1789130111579774000,60.98577392578125,9.332598686218262,0.16759411990642548,2.849100112915039
1789130111595773700,61.00177368164063,9.313444137573242,0.16759411990642548,2.849100112915039
1789130111611774200,61.01777416992188,9.342175483703613,0.17238251864910126,2.8347349166870117
1789130111627771600,61.033771728515624,9.32302188873291,0.17238251864910126,2.853888511657715
1789130111643769600,61.04976953125,9.342175483703613,0.16759411990642548,2.8443117141723633
1789130111659772000,61.06577197265625,9.332598686218262,0.1628057211637497,2.849100112915039
1789130111675770000,61.08177001953125,9.361329078674316,0.17238251864910126,2.8347349166870117
1789130111691765000,61.09776489257813,9.351752281188965,0.17238251864910126,2.8443117141723633
1789130111707760400,61.11376049804687,9.375694274902344,0.16759411990642548,2.8586769104003906
1789130111723759900,61.129759765625,9.366117477416992,0.17238251864910126,2.853888511657715
1789130111739762400,61.145762451171876,9.35654067993164,0.17717093229293823,2.853888511657715
1789130111755759400,61.16175927734375,9.337387084960938,0.17717093229293823,2.8395233154296875
1789130111771753000,61.1777529296875,9.337387084960938,0.16759411990642548,2.849100112915039
1789130111787745300,61.193745361328126,9.361329078674316,0.16759411990642548,2.82515811920166
1789130111803741400,61.209741455078124,9.342175483703613,0.181959331035614,2.8395233154296875
1789130111819735300,61.2257353515625,9.342175483703613,0.19153612852096558,2.8395233154296875
1789130111835729400,61.2417294921875,9.299078941345215,0.1867477297782898,2.8395233154296875
1789130111851721500,61.25772143554688,9.313444137573242,0.19153612852096558,2.8347349166870117
1789130111867717600,61.273717529296874,9.318233489990234,0.19153612852096558,2.82515811920166
1789130111883715300,61.28971533203125,9.327810287475586,0.1867477297782898,2.849100112915039
1789130111899713800,61.3057138671875,9.337387084960938,0.20111294090747833,2.853888511657715
1789130111915709400,61.32170947265625,9.327810287475586,0.1867477297782898,2.8395233154296875
1789130111931699000,61.337698974609374,9.32302188873291,0.181959331035614,2.8443117141723633
1789130111947695400,61.3536953125,9.342175483703613,0.19153612852096558,2.853888511657715
1789130111963693600,61.36969360351563,9.337387084960938,0.181959331035614,2.853888511657715
1789130111979690800,61.38569067382812,9.327810287475586,0.181959331035614,2.8634653091430664
1789130111995687200,61.40168725585937,9.337387084960938,0.17717093229293823,2.8443117141723633
1789130112011690200,61.417690185546874,9.32302188873291,0.17717093229293823,2.8395233154296875
1789130112027691300,61.433691162109376,9.346963882446289,0.181959331035614,2.8395233154296875
1789130112043694300,61.4496943359375,9.346963882446289,0.16759411990642548,2.8347349166870117
1789130112059699700,61.46569970703125,9.342175483703613,0.17717093229293823,2.8347349166870117
1789130112075702300,61.48170239257813,9.351752281188965,0.17238251864910126,2.8203697204589844
1789130112091703800,61.497703857421875,9.313444137573242,0.17238251864910126,2.8155810832977295
1789130112107708400,61.51370849609375,9.35654067993164,0.16759411990642548,2.82515811920166
1789130112123718400,61.52971850585938,9.346963882446289,0.17717093229293823,2.8347349166870117
1789130112139726300,61.54572631835938,9.337387084960938,0.17238251864910126,2.8203697204589844
1789130112155733000,61.56173291015625,9.342175483703613,0.15322890877723694,2.829946517944336
1789130112171741400,61.577741455078126,9.318233489990234,0.16759411990642548,2.8107926845550537
1789130112187754000,61.59375390625,9.35654067993164,0.17717093229293823,2.829946517944336
1789130112203766300,61.609766357421876,9.346963882446289,0.19632454216480255,2.8347349166870117
1789130112219771000,61.62577099609375,9.346963882446289,0.181959331035614,2.8443117141723633
1789130112235772400,61.6417724609375,9.351752281188965,0.17238251864910126,2.8395233154296875
1789130112251776500,61.657776611328124,9.337387084960938,0.17717093229293823,2.8347349166870117
1789130112267781600,61.67378173828125,9.375694274902344,0.1628057211637497,2.849100112915039
1789130112283786000,61.68978588867188,9.351752281188965,0.17238251864910126,2.8586769104003906
1789130112299783200,61.705783203125,9.342175483703613,0.17717093229293823,2.868253707885742
1789130112315782700,61.72178271484375,9.337387084960938,0.16759411990642548,2.853888511657715
1789130112331789800,61.73778979492187,9.361329078674316,0.16759411990642548,2.8586769104003906
1789130112347800000,61.753800048828126,9.35654067993164,0.16759411990642548,2.853888511657715
1789130112363807500,61.76980737304687,9.337387084960938,0.17717093229293823,2.853888511657715
1789130112379810800,61.78581079101563,9.346963882446289,0.181959331035614,2.8347349166870117
1789130112395817500,61.8018173828125,9.337387084960938,0.19153612852096558,2.8395233154296875
1789130112411823600,61.81782373046875,9.346963882446289,0.17238251864910126,2.8443117141723633
1789130112427829000,61.8338291015625,9.342175483703613,0.17717093229293823,2.8347349166870117
1789130112443836200,61.849836181640626,9.35654067993164,0.17717093229293823,2.8395233154296875
1789130112459844000,61.865843994140626,9.337387084960938,0.16759411990642548,2.8395233154296875
1789130112475847400,61.88184741210937,9.337387084960938,0.181959331035614,2.8586769104003906
1789130112491855400,61.89785546875,9.35654067993164,0.17238251864910126,2.8395233154296875
1789130112507859700,61.913859619140624,9.346963882446289,0.17717093229293823,2.8443117141723633
1789130112523865000,61.92986499023438,9.332598686218262,0.1628057211637497,2.8347349166870117
1789130112539864000,61.94586401367187,9.327810287475586,0.17238251864910126,2.8395233154296875
1789130112555860700,61.96186083984375,9.332598686218262,0.17717093229293823,2.853888511657715
1789130112571856100,61.977856201171875,9.332598686218262,0.16759411990642548,2.849100112915039
1789130112587853800,61.99385375976563,9.337387084960938,0.181959331035614,2.8443117141723633
1789130112603854300,62.00985424804688,9.332598686218262,0.17717093229293823,2.853888511657715
1789130112619851500,62.0258515625,9.318233489990234,0.181959331035614,2.8634653091430664
1789130112635848700,62.0418486328125,9.327810287475586,0.16759411990642548,2.853888511657715
1789130112651847700,62.05784765625,9.313444137573242,0.1867477297782898,2.8395233154296875
1789130112667844900,62.07384497070313,9.332598686218262,0.17717093229293823,2.82515811920166
1789130112683845000,62.08984521484375,9.32302188873291,0.181959331035614,2.8395233154296875
1789130112699841800,62.105841796875,9.327810287475586,0.17717093229293823,2.829946517944336
1789130112715835000,62.1218349609375,9.327810287475586,0.1867477297782898,2.8347349166870117
1789130112731828500,62.13782836914063,9.337387084960938,0.1867477297782898,2.829946517944336
1789130112747825000,62.15382495117188,9.332598686218262,0.181959331035614,2.8203697204589844
1789130112763823900,62.16982397460937,9.342175483703613,0.181959331035614,2.82515811920166
1789130112779823600,62.18582373046875,9.342175483703613,0.19153612852096558,2.829946517944336
1789130112795819500,62.20181958007812,9.346963882446289,0.181959331035614,2.829946517944336
1789130112811819500,62.21781958007813,9.351752281188965,0.16759411990642548,2.8395233154296875
1789130112827810300,62.233810302734376,9.346963882446289,0.17717093229293823,2.82515811920166
1789130112843798500,62.24979858398437,9.351752281188965,0.17717093229293823,2.8395233154296875
1789130112859789300,62.26578930664063,9.346963882446289,0.17717093229293823,2.829946517944336
1789130112875789000,62.2817890625,9.351752281188965,0.17238251864910126,2.8395233154296875
1789130112891785500,62.29778540039062,9.351752281188965,0.15801730751991272,2.82515811920166
1789130112907779000,62.313779052734375,9.361329078674316,0.17717093229293823,2.849100112915039
1789130112923776000,62.32977587890625,9.342175483703613,0.17717093229293823,2.853888511657715
1789130112939772200,62.345772216796874,9.351752281188965,0.17717093229293823,2.8634653091430664
1789130112955773200,62.361773193359376,9.342175483703613,0.17238251864910126,2.853888511657715
1789130112971779600,62.37777954101563,9.346963882446289,0.17238251864910126,2.8443117141723633
1789130112987781600,62.39378173828125,9.337387084960938,0.17717093229293823,2.8586769104003906
1789130113003783200,62.409783203125,9.346963882446289,0.16759411990642548,2.8586769104003906
1789130113019786000,62.425785888671875,9.337387084960938,0.181959331035614,2.8395233154296875
1789130113035787500,62.44178759765625,9.342175483703613,0.17717093229293823,2.8347349166870117
1789130113051790000,62.4577900390625,9.337387084960938,0.17717093229293823,2.849100112915039
1789130113067790300,62.47379028320312,9.332598686218262,0.1867477297782898,2.8395233154296875
1789130113083793000,62.48979296875,9.313444137573242,0.181959331035614,2.8395233154296875
1789130113099790800,62.50579077148438,9.332598686218262,0.16759411990642548,2.8395233154296875
1789130113115794400,62.52179443359375,9.337387084960938,0.1867477297782898,2.8395233154296875
1789130113131794700,62.537794677734375,9.332598686218262,0.17238251864910126,2.8395233154296875
1789130113147798000,62.55379809570312,9.337387084960938,0.1867477297782898,2.8203697204589844
1789130113163799800,62.5697998046875,9.342175483703613,0.17238251864910126,2.8443117141723633
1789130113179804000,62.58580395507813,9.327810287475586,0.181959331035614,2.8586769104003906
1789130113195808500,62.60180859375,9.32302188873291,0.17717093229293823,2.8395233154296875
1789130113211809800,62.617809814453125,9.346963882446289,0.181959331035614,2.8634653091430664
1789130113227816000,62.63381591796875,9.351752281188965,0.17238251864910126,2.8347349166870117
1789130113243821600,62.649821533203124,9.308655738830566,0.16759411990642548,2.8395233154296875
1789130113259820300,62.6658203125,9.342175483703613,0.17717093229293823,2.8347349166870117
1789130113275818000,62.68181787109375,9.337387084960938,0.17238251864910126,2.8347349166870117
1789130113291819000,62.69781909179687,9.332598686218262,0.1867477297782898,2.8347349166870117
1789130113315826200,62.721826171875,9.342175483703613,0.17238251864910126,2.849100112915039
1789130113331832300,62.73783227539062,9.342175483703613,0.1628057211637497,2.849100112915039
1789130113347835100,62.753835205078126,9.318233489990234,0.1628057211637497,2.8586769104003906
1789130113363834400,62.76983447265625,9.337387084960938,0.181959331035614,2.8586769104003906
1789130113379831800,62.78583178710937,9.337387084960938,0.17717093229293823,2.8634653091430664
1789130113395831300,62.80183129882813,9.327810287475586,0.17238251864910126,2.8443117141723633
1789130113411831000,62.8178310546875,9.327810287475586,0.181959331035614,2.853888511657715
1789130113427835400,62.83383544921875,9.332598686218262,0.17238251864910126,2.82515811920166
1789130113443833300,62.84983325195312,9.32302188873291,0.17717093229293823,2.829946517944336
1789130113459836400,62.86583642578125,9.346963882446289,0.1867477297782898,2.8347349166870117
1789130113475836200,62.88183618164062,9.318233489990234,0.17238251864910126,2.8347349166870117
1789130113491836000,62.8978359375,9.337387084960938,0.1867477297782898,2.829946517944336
1789130113507833600,62.91383349609375,9.327810287475586,0.17717093229293823,2.829946517944336
1789130113523826400,62.92982641601562,9.337387084960938,0.17238251864910126,2.8395233154296875
1789130113539819300,62.9458193359375,9.342175483703613,0.17717093229293823,2.8203697204589844
1789130113555812900,62.96181274414062,9.346963882446289,0.1867477297782898,2.829946517944336
1789130113571805400,62.97780541992187,9.342175483703613,0.1867477297782898,2.8395233154296875
1789130113587799600,62.993799560546876,9.351752281188965,0.17717093229293823,2.8395233154296875
1789130113603795000,63.009794921875,9.337387084960938,0.16759411990642548,2.8347349166870117
1789130113619787800,63.02578784179688,9.35654067993164,0.181959331035614,2.8347349166870117
1789130113635780000,63.04178002929687,9.346963882446289,0.1867477297782898,2.849100112915039
1789130113651769600,63.05776953125,9.332598686218262,0.17717093229293823,2.8395233154296875
1789130113667763500,63.07376342773438,9.332598686218262,0.17238251864910126,2.82515811920166
1789130113683761400,63.089761474609375,9.332598686218262,0.17238251864910126,2.8347349166870117
1789130113699761000,63.10576098632812,9.32302188873291,0.181959331035614,2.8443117141723633
1789130113715764200,63.12176416015625,9.332598686218262,0.17717093229293823,2.8347349166870117
1789130113731765500,63.137765625,9.332598686218262,0.181959331035614,2.8443117141723633
1789130113747765800,63.15376586914063,9.35654067993164,0.17238251864910126,2.8443117141723633
1789130113763764200,63.16976416015625,9.337387084960938,0.17717093229293823,2.8347349166870117
1789130113779763000,63.18576293945313,9.361329078674316,0.1628057211637497,2.8155810832977295
1789130113795764500,63.201764404296874,9.337387084960938,0.17717093229293823,2.8395233154296875
1789130113811766300,63.21776635742187,9.351752281188965,0.17717093229293823,2.8203697204589844
1789130113827765800,63.233765869140626,9.35654067993164,0.16759411990642548,2.8395233154296875
1789130113843760400,63.249760498046875,9.337387084960938,0.17238251864910126,2.829946517944336
1789130113859755800,63.265755859375,9.332598686218262,0.1628057211637497,2.8347349166870117
1789130113875751700,63.28175170898437,9.342175483703613,0.16759411990642548,2.849100112915039
1789130113891741400,63.297741455078125,9.346963882446289,0.16759411990642548,2.8347349166870117
1789130113907733000,63.31373291015625,9.346963882446289,0.16759411990642548,2.8347349166870117
1789130113923723000,63.32972290039063,9.346963882446289,0.16759411990642548,2.8395233154296875
1789130113939718000,63.3457177734375,9.351752281188965,0.17238251864910126,2.8443117141723633
1789130113955713000,63.36171313476562,9.337387084960938,0.17717093229293823,2.8443117141723633
1789130113971709200,63.37770922851563,9.346963882446289,0.181959331035614,2.8443117141723633
1789130113987703000,63.393703125,9.32302188873291,0.17717093229293823,2.8586769104003906
1789130114003696000,63.40969604492187,9.351752281188965,0.17238251864910126,2.8443117141723633
1789130114019689500,63.425689453125,9.332598686218262,0.19153612852096558,2.868253707885742
1789130114035684400,63.441684326171874,9.32302188873291,0.19153612852096558,2.849100112915039
1789130114051679200,63.45767919921875,9.337387084960938,0.17717093229293823,2.8443117141723633
1789130114067678500,63.473678466796876,9.313444137573242,0.17238251864910126,2.849100112915039
1789130114083677200,63.48967724609375,9.332598686218262,0.181959331035614,2.8395233154296875
1789130114099680300,63.50568017578125,9.318233489990234,0.181959331035614,2.853888511657715
1789130114115682300,63.52168237304687,9.332598686218262,0.1867477297782898,2.829946517944336
1789130114131683000,63.53768310546875,9.332598686218262,0.16759411990642548,2.8347349166870117
1789130114147681300,63.55368139648437,9.346963882446289,0.17717093229293823,2.8347349166870117
1789130114163680000,63.56967993164063,9.332598686218262,0.19153612852096558,2.8347349166870117
1789130114179678200,63.58567822265625,9.342175483703613,0.19153612852096558,2.8347349166870117
1789130114195670300,63.60167016601562,9.327810287475586,0.17717093229293823,2.8443117141723633
1789130114211666000,63.617666015625,9.32302188873291,0.17238251864910126,2.8203697204589844
1789130114227659300,63.6336591796875,9.332598686218262,0.17717093229293823,2.8443117141723633
1789130114243654000,63.64965380859375,9.346963882446289,0.16759411990642548,2.8395233154296875
1789130114259651800,63.66565185546875,9.337387084960938,0.16759411990642548,2.829946517944336
1789130114275652000,63.68165209960937,9.332598686218262,0.17238251864910126,2.82515811920166
1789130114291646500,63.697646484375,9.332598686218262,0.17717093229293823,2.829946517944336
1789130114307639600,63.7136396484375,9.361329078674316,0.1867477297782898,2.829946517944336
1789130114323630600,63.72963061523438,9.337387084960938,0.17717093229293823,2.8395233154296875
1789130114339625500,63.74562548828125,9.342175483703613,0.181959331035614,2.82515811920166
1789130114355619600,63.76161962890625,9.342175483703613,0.181959331035614,2.8395233154296875
1789130114371619000,63.777619140625,9.337387084960938,0.17717093229293823,2.82515811920166
1789130114387617300,63.7936171875,9.342175483703613,0.181959331035614,2.8443117141723633
1789130114403614000,63.809614013671876,9.342175483703613,0.1867477297782898,2.8395233154296875
1789130114419614200,63.8256142578125,9.332598686218262,0.1867477297782898,2.8634653091430664
1789130114435616300,63.8416162109375,9.351752281188965,0.1867477297782898,2.8395233154296875
1789130114451614200,63.8576142578125,9.346963882446289,0.181959331035614,2.849100112915039
1789130114467616500,63.87361645507813,9.332598686218262,0.19153612852096558,2.82515811920166
1789130114483620600,63.88962060546875,9.332598686218262,0.17717093229293823,2.8395233154296875
1789130114499621400,63.90562133789062,9.337387084960938,0.181959331035614,2.829946517944336
1789130114515621400,63.92162133789063,9.332598686218262,0.17238251864910126,2.8395233154296875
1789130114531623700,63.93762377929688,9.337387084960938,0.17717093229293823,2.8347349166870117
1789130114547624200,63.95362426757813,9.346963882446289,0.17717093229293823,2.82515811920166
1789130114563628500,63.96962866210937,9.346963882446289,0.181959331035614,2.8203697204589844
1789130114579627300,63.98562719726562,9.351752281188965,0.17717093229293823,2.82515811920166
1789130114595625000,64.001625,9.366117477416992,0.17717093229293823,2.829946517944336
1789130114611622000,64.01762182617188,9.346963882446289,0.17238251864910126,2.82515811920166
1789130114627616300,64.0336162109375,9.342175483703613,0.1867477297782898,2.82515811920166
1789130114643604500,64.0496044921875,9.346963882446289,0.181959331035614,2.8347349166870117
1789130114659595500,64.06559545898438,9.332598686218262,0.17717093229293823,2.8347349166870117
1789130114675592700,64.0815927734375,9.332598686218262,0.1628057211637497,2.8347349166870117
1789130114691589400,64.09758935546876,9.35654067993164,0.17717093229293823,2.82515811920166
1789130114707587000,64.11358715820313,9.332598686218262,0.181959331035614,2.829946517944336
1789130114723578600,64.12957861328125,9.351752281188965,0.16759411990642548,2.8347349166870117
1789130114739569700,64.14556958007813,9.346963882446289,0.17717093229293823,2.8443117141723633
1789130114755559200,64.16155908203125,9.35654067993164,0.16759411990642548,2.82515811920166
1789130114771544300,64.17754443359375,9.35654067993164,0.1628057211637497,2.8443117141723633
1789130114787537200,64.193537109375,9.366117477416992,0.17717093229293823,2.8347349166870117
1789130114803528400,64.20952856445312,9.35654067993164,0.15801730751991272,2.8347349166870117
1789130114819522300,64.22552221679688,9.351752281188965,0.16759411990642548,2.8443117141723633
1789130114835512600,64.2415126953125,9.327810287475586,0.15322890877723694,2.8395233154296875
1789130114851505200,64.25750512695312,9.346963882446289,0.16759411990642548,2.8107926845550537
1789130114867502000,64.27350219726563,9.351752281188965,0.17238251864910126,2.82515811920166
1789130114883504000,64.28950415039063,9.342175483703613,0.17717093229293823,2.8107926845550537
1789130114899503400,64.30550341796875,9.346963882446289,0.19153612852096558,2.8203697204589844
1789130114915505000,64.3215048828125,9.35654067993164,0.17717093229293823,2.8107926845550537
1789130114931502300,64.33750244140624,9.351752281188965,0.181959331035614,2.829946517944336
1789130114947504000,64.35350415039062,9.361329078674316,0.17717093229293823,2.8443117141723633
1789130114963505400,64.36950537109375,9.351752281188965,0.16759411990642548,2.829946517944336
1789130114979501600,64.38550146484376,9.366117477416992,0.16759411990642548,2.829946517944336
1789130114995495200,64.4014951171875,9.32302188873291,0.17238251864910126,2.7437551021575928
1789130115011497200,64.41749731445313,9.361329078674316,0.181959331035614,2.8826189041137695
1789130115027498800,64.43349877929687,9.318233489990234,0.14365209639072418,2.849100112915039
1789130115043496200,64.44949609375,9.370905876159668,0.22026655077934265,2.6384103298187256
1789130115059495700,64.46549560546875,9.375694274902344,0.1628057211637497,2.82515811920166
1789130115075496400,64.48149633789062,9.442731857299805,0.29209262132644653,2.9544448852539062
1789130115091487200,64.4974873046875,9.279925346374512,0.22026655077934265,2.7916390895843506
1789130115107483600,64.51348364257812,9.457097053527832,0.22505496442317963,2.8347349166870117
1789130115123478000,64.52947802734376,9.332598686218262,0.21547815203666687,2.8874073028564453
1789130115139476200,64.54547631835938,9.346963882446289,0.19632454216480255,2.8634653091430664
1789130115155470600,64.561470703125,9.361329078674316,0.14844051003456116,2.8395233154296875
1789130115171467800,64.5774677734375,9.32302188873291,0.17717093229293823,2.853888511657715
1789130115187465700,64.5934658203125,9.32302188873291,0.15801730751991272,2.8395233154296875
1789130115203456800,64.60945678710938,9.294290542602539,0.181959331035614,2.82515811920166
1789130115219459600,64.62545947265625,9.318233489990234,0.181959331035614,2.868253707885742
1789130115235462700,64.64146264648437,9.30386734008789,0.15801730751991272,2.806004285812378
1789130115251462100,64.65746215820313,9.35654067993164,0.181959331035614,2.8395233154296875
1789130115267462000,64.6734619140625,9.332598686218262,0.17238251864910126,2.829946517944336
1789130115283465000,64.68946484375,9.361329078674316,0.17717093229293823,2.868253707885742
1789130115299471600,64.7054716796875,9.35654067993164,0.19632454216480255,2.8395233154296875
1789130115315473700,64.7214736328125,9.332598686218262,0.15801730751991272,2.8443117141723633
1789130115331477200,64.73747729492187,9.342175483703613,0.1867477297782898,2.8203697204589844
1789130115347482400,64.753482421875,9.361329078674316,0.15322890877723694,2.8778305053710938
1789130115363492900,64.76949291992187,9.32302188873291,0.17717093229293823,2.8155810832977295
1789130115379499300,64.78549926757813,9.346963882446289,0.17717093229293823,2.8443117141723633
1789130115395505200,64.80150512695313,9.337387084960938,0.181959331035614,2.8203697204589844
1789130115411508000,64.81750805664062,9.337387084960938,0.17717093229293823,2.8395233154296875
1789130115427510000,64.83351000976562,9.32302188873291,0.181959331035614,2.873042106628418
1789130115443512600,64.8495126953125,9.351752281188965,0.1867477297782898,2.8443117141723633
1789130115459511300,64.86551123046875,9.351752281188965,0.17717093229293823,2.8107926845550537
1789130115475507500,64.88150756835938,9.308655738830566,0.181959331035614,2.801215887069702
1789130115491504400,64.89750439453125,9.351752281188965,0.17238251864910126,2.8443117141723633
1789130115507508700,64.9135087890625,9.342175483703613,0.19153612852096558,2.849100112915039
1789130115523509000,64.92950903320312,9.366117477416992,0.181959331035614,2.8347349166870117
1789130115539510300,64.94551025390625,9.346963882446289,0.16759411990642548,2.853888511657715
1789130115555513900,64.96151391601562,9.342175483703613,0.1628057211637497,2.8634653091430664
1789130115571515000,64.97751489257813,9.361329078674316,0.16759411990642548,2.8443117141723633
1789130115587518200,64.99351831054688,9.342175483703613,0.17717093229293823,2.82515811920166
1789130115603519000,65.00951904296875,9.346963882446289,0.16759411990642548,2.868253707885742
1789130115619527000,65.02552685546875,9.337387084960938,0.15801730751991272,2.849100112915039
1789130115635531300,65.04153125,9.342175483703613,0.17717093229293823,2.8347349166870117
1789130115651531800,65.05753173828126,9.346963882446289,0.1867477297782898,2.82515811920166
1789130115667529700,65.07352978515625,9.327810287475586,0.19632454216480255,2.8155810832977295
1789130115683527200,65.08952709960937,9.337387084960938,0.17717093229293823,2.7964274883270264
1789130115699526100,65.10552612304687,9.346963882446289,0.1867477297782898,2.8347349166870117
1789130115715524600,65.12152465820313,9.332598686218262,0.19153612852096558,2.8395233154296875
1789130115731521000,65.13752099609376,9.35654067993164,0.19632454216480255,2.82515811920166
1789130115747515000,65.15351489257813,9.337387084960938,0.17717093229293823,2.8443117141723633
1789130115763511300,65.16951123046876,9.337387084960938,0.17717093229293823,2.8347349166870117
1789130115779508700,65.1855087890625,9.361329078674316,0.181959331035614,2.8347349166870117
1789130115795505200,65.20150512695312,9.35654067993164,0.17717093229293823,2.849100112915039
1789130115811501800,65.21750170898437,9.351752281188965,0.1867477297782898,2.8443117141723633
1789130115827506000,65.233505859375,9.361329078674316,0.181959331035614,2.8586769104003906
1789130115843515600,65.249515625,9.346963882446289,0.1628057211637497,2.8347349166870117
1789130115859520500,65.2655205078125,9.327810287475586,0.15801730751991272,2.7772738933563232
1789130115875521300,65.28152124023437,9.370905876159668,0.20111294090747833,2.8347349166870117
1789130115891521300,65.29752124023437,9.466673851013184,0.14844051003456116,2.6575639247894287
1789130115907525600,65.31352563476563,9.41400146484375,0.15801730751991272,2.652775526046753
1789130115923528700,65.32952880859375,9.385271072387695,0.1628057211637497,2.652775526046753
1789130115939529200,65.345529296875,9.409213066101074,0.1867477297782898,2.652775526046753
1789130115955522600,65.3615224609375,9.38048267364502,0.12449848651885986,2.585737943649292
1789130115971526400,65.3775263671875,9.481039047241211,0.13407529890537262,2.494758129119873
1789130115987530000,65.39353002929687,9.404424667358398,0.11971008777618408,2.4660277366638184
1789130116003530000,65.40953002929687,9.399636268615723,0.14844051003456116,2.4133553504943848
1789130116019526400,65.4255263671875,9.428366661071777,0.16759411990642548,2.38462495803833
1789130116035524900,65.44152490234374,9.44752025604248,0.1628057211637497,2.3558945655822754
1789130116051527400,65.45752734375,9.466673851013184,0.17717093229293823,2.2697031497955322
1789130116067523300,65.4735234375,9.490615844726562,0.14844051003456116,2.2409727573394775
1789130116083521000,65.48952099609374,9.476250648498535,0.16759411990642548,2.22660756111145
1789130116099520800,65.50552075195313,9.524134635925293,0.14365209639072418,2.1547815799713135
1789130116115521800,65.52152172851562,9.524134635925293,0.15801730751991272,2.1547815799713135
1789130116131524900,65.53752490234375,9.53849983215332,0.1628057211637497,2.073378562927246
1789130116147526000,65.55352587890626,9.57201862335205,0.14365209639072418,2.03507137298584
1789130116163533300,65.569533203125,9.619902610778809,0.14365209639072418,2.0015525817871094
1789130116179538200,65.5855380859375,9.62947940826416,0.15801730751991272,1.987187385559082
1789130116195545300,65.60154541015625,9.639056205749512,0.14844051003456116,1.9249382019042969
1789130116211544800,65.617544921875,9.667786598205566,0.1388636976480484,1.8626888990402222
1789130116227539500,65.63353955078125,9.672574996948242,0.1388636976480484,1.8483237028121948
1789130116243543600,65.64954345703126,9.710882186889648,0.1388636976480484,1.7860745191574097
1789130116259541800,65.66554174804688,9.730035781860352,0.15322890877723694,1.7142484188079834
1789130116275541500,65.68154150390625,9.739612579345703,0.1388636976480484,1.656787633895874
1789130116291546000,65.69754614257812,9.792284965515137,0.13407529890537262,1.6184803247451782
1789130116307549200,65.71354907226562,9.773131370544434,0.11971008777618408,1.5610195398330688
1789130116323550000,65.72955004882813,9.825803756713867,0.12449848651885986,1.4508862495422363
1789130116339548700,65.74554858398437,9.86889934539795,0.13407529890537262,1.3455413579940796
1789130116355543000,65.76154296875,9.926360130310059,0.11971008777618408,1.216254472732544
1789130116371545300,65.77754541015625,9.974244117736816,0.1149216815829277,1.2258312702178955
1789130116387544600,65.79354467773437,9.959878921508789,0.12928688526153564,1.2210428714752197
1789130116403539700,65.80953979492188,9.955090522766113,0.1388636976480484,1.115697979927063
1789130116419535000,65.82553515625,9.931148529052734,0.10534487664699554,1.0438719987869263
1789130116435522800,65.84152270507812,9.931148529052734,0.10534487664699554,1.0103530883789062
1789130116451513600,65.857513671875,9.931148529052734,0.12449848651885986,0.9433154463768005
1789130116467511600,65.87351147460937,9.983820915222168,0.15801730751991272,0.9528923034667969
1789130116483509000,65.88950903320313,9.96945571899414,0.06703764945268631,0.7852981686592102
1789130116499509000,65.90550903320313,9.93593692779541,0.12928688526153564,0.8331822156906128
1789130116515512300,65.92151220703126,9.998186111450195,0.12449848651885986,0.7709329724311829
1789130116531513900,65.93751391601562,9.974244117736816,0.14844051003456116,0.7326257228851318
1789130116547519700,65.95351977539063,9.892841339111328,0.14365209639072418,0.7230489253997803
1789130116563520000,65.96952001953125,9.90241813659668,0.1149216815829277,0.6943184733390808
1789130116579519700,65.98551977539063,9.90241813659668,0.12928688526153564,0.7038952708244324
1789130116595520300,66.00152026367188,9.873687744140625,0.15801730751991272,0.689530074596405
1789130116611522000,66.01752197265625,9.849745750427246,0.10055647045373917,0.6607996821403503
1789130116627527000,66.03352685546875,9.816226959228516,0.12928688526153564,0.646434485912323
1789130116643524400,66.0495244140625,9.792284965515137,0.181959331035614,0.6368576288223267
1789130116659524000,66.06552416992187,9.806650161743164,0.1628057211637497,0.646434485912323
1789130116675523600,66.08152368164062,9.84495735168457,0.181959331035614,0.6177040338516235
1789130116691528200,66.09752807617187,9.859322547912598,0.15801730751991272,0.646434485912323
1789130116707528400,66.11352856445312,9.8784761428833,0.12449848651885986,0.6512228846549988
1789130116723531300,66.12953125,9.8784761428833,0.1388636976480484,0.646434485912323
1789130116739529200,66.145529296875,9.892841339111328,0.08140286058187485,0.6512228846549988
1789130116755531500,66.16153149414062,9.93593692779541,0.1388636976480484,0.6368576288223267
1789130116771534000,66.1775341796875,9.931148529052734,0.14365209639072418,0.7038952708244324
1789130116787536400,66.19353637695312,10.050858497619629,0.1149216815829277,0.7230489253997803
1789130116803542300,66.20954223632812,10.002974510192871,0.033518824726343155,0.751779317855835
1789130116819541000,66.225541015625,10.002974510192871,0.028730420395731926,0.790086567401886
1789130116835542500,66.24154248046875,9.979032516479492,0.11013327538967133,0.7852981686592102
1789130116851541500,66.25754150390625,10.017339706420898,0.06224924325942993,0.7422025203704834
1789130116867543300,66.27354321289063,10.017339706420898,0.08140286058187485,0.7422025203704834
1789130116883539200,66.28953930664062,9.99339771270752,0.05267243832349777,0.790086567401886
1789130116899538000,66.30553784179688,10.017339706420898,-0.019153613597154617,0.7326257228851318
1789130116915534300,66.32153442382813,9.873687744140625,0.009576806798577309,0.7613561153411865
1789130116931534000,66.3375341796875,9.964667320251465,0.06703764945268631,0.6512228846549988
1789130116947533000,66.35353295898437,9.849745750427246,0.1149216815829277,0.6751648783683777
1789130116963529200,66.369529296875,9.806650161743164,0.033518824726343155,0.6943184733390808
1789130116979529500,66.38552954101563,9.86889934539795,0.1149216815829277,0.7134721279144287
1789130116995528200,66.40152807617187,9.84495735168457,0.12928688526153564,0.6224924325942993
1789130117011524400,66.4175244140625,9.744400978088379,0.15801730751991272,0.7086837291717529
1789130117027519200,66.43351928710938,9.830592155456543,0.17238251864910126,0.6512228846549988
1789130117043514400,66.44951440429688,9.8784761428833,0.2059013396501541,0.5746083855628967
1789130117059513300,66.46551342773438,9.921571731567383,0.19153612852096558,0.6272808313369751
1789130117075508700,66.4815087890625,9.86889934539795,0.272938996553421,0.5650315880775452
1789130117091503600,66.49750366210938,9.86889934539795,0.3495534360408783,0.5841852426528931
1789130117107500800,66.51350073242187,9.801861763000488,0.40222588181495667,0.6368576288223267
1789130117123501800,66.52950170898437,9.859322547912598,0.5123591423034668,0.5889736413955688
1789130117139504600,66.54550463867187,9.864110946655273,0.4692635238170624,0.6033388376235962
1789130117155497500,66.56149755859374,9.931148529052734,0.43095630407333374,0.5985504388809204
1789130117171488500,66.57748852539062,9.883264541625977,0.44532153010368347,0.6799532771110535
1789130117187479800,66.59347973632812,9.873687744140625,0.5171475410461426,0.6560112833976746
1789130117203472100,66.60947216796875,9.897629737854004,0.5554547905921936,0.5841852426528931
1789130117219468300,66.62546826171875,9.883264541625977,0.5410895943641663,0.6033388376235962
1789130117235457000,66.64145703125,9.897629737854004,0.5315127968788147,0.6272808313369751
1789130117251446800,66.65744677734375,9.911994934082031,0.608127236366272,0.6416460275650024
1789130117267441000,66.67344091796875,9.945513725280762,0.49320554733276367,0.7374141216278076
1789130117283432200,66.68943212890625,9.974244117736816,0.49320554733276367,0.7134721279144287
1789130117299424800,66.7054248046875,10.050858497619629,0.5219359993934631,0.7996633648872375
1789130117315412500,66.72141259765625,10.165780067443848,0.5123591423034668,0.7374141216278076
1789130117331403500,66.73740356445313,10.146626472473145,0.38307225704193115,0.7661445140838623
1789130117347395300,66.75339526367188,10.08437728881836,0.35913026332855225,0.8092401623725891
1789130117363383000,66.76938305664062,10.093954086303711,0.37828385829925537,0.7613561153411865
1789130117379366400,66.78536645507812,10.098742485046387,0.29209262132644653,0.689530074596405
1789130117395355100,66.80135522460938,9.926360130310059,0.181959331035614,0.5937620401382446
1789130117411344600,66.8173447265625,9.916783332824707,0.23942017555236816,0.5841852426528931
1789130117427332900,66.83333276367188,9.873687744140625,0.2346317619085312,0.5506663918495178
1789130117443326200,66.849326171875,9.888052940368652,0.11013327538967133,0.608127236366272
1789130117459315500,66.8653154296875,9.734824180603027,0.16759411990642548,0.5841852426528931
1789130117475304000,66.88130395507812,9.739612579345703,0.1149216815829277,0.5506663918495178
1789130117491294700,66.89729467773438,9.787496566772461,0.090979665517807,0.5937620401382446
1789130117507284700,66.91328466796875,9.873687744140625,0.14844051003456116,0.545877993106842
1789130117523277000,66.92927709960938,9.873687744140625,0.07182604819536209,0.47405192255973816
1789130117539273700,66.94527368164063,9.749189376831055,0.1628057211637497,0.5363011956214905
1789130117555269000,66.96126904296875,9.66299819946289,0.19153612852096558,0.5554547905921936
1789130117571261200,66.97726123046876,9.68694019317627,0.16759411990642548,0.47884035110473633
1789130117587256300,66.99325634765626,9.739612579345703,0.1149216815829277,0.42616790533065796
1789130117603256800,67.0092568359375,9.739612579345703,0.14365209639072418,0.4692635238170624
1789130117619251500,67.02525146484375,9.677363395690918,0.12928688526153564,0.44532153010368347
1789130117635252200,67.04125219726562,9.5624418258667,0.2346317619085312,0.3687070608139038
1789130117651251200,67.05725122070312,9.47146224975586,0.42616790533065796,0.37828385829925537
1789130117667249400,67.07324951171876,9.509769439697266,0.6416460275650024,0.4213795065879822
1789130117683249700,67.08924975585937,9.744400978088379,0.7757213711738586,0.5985504388809204
1789130117699248600,67.10524853515625,10.304644584655762,0.790086567401886,0.7038952708244324
1789130117715245600,67.12124560546874,10.213664054870605,0.5985504388809204,0.8571242094039917
1789130117731238000,67.13723779296875,10.462661743164062,0.5602431893348694,0.7326257228851318
1789130117747224600,67.153224609375,10.409989356994629,0.4692635238170624,0.9624691009521484
1789130117763213000,67.16921313476563,10.553641319274902,0.4884171485900879,0.6943184733390808
1789130117779197200,67.185197265625,10.409989356994629,0.4836287498474121,0.8619126081466675
1789130117795183900,67.20118383789062,10.323798179626465,0.569819986820221,1.0438719987869263
1789130117811175400,67.21717553710937,10.481815338134766,0.33518823981285095,1.0055646896362305
1789130117827166700,67.23316674804687,10.54406452178955,0.2777273952960968,0.9193734526634216
1789130117843157500,67.24915747070312,10.342951774597168,0.35434186458587646,0.9481038451194763
1789130117859142400,67.26514233398437,10.285490036010742,0.272938996553421,0.8858546018600464
1789130117875132400,67.28113232421875,10.065223693847656,0.09576806426048279,0.7852981686592102
1789130117891128800,67.29712890625,9.983820915222168,0.014365210197865963,0.7374141216278076
1789130117907122400,67.31312231445312,10.160991668701172,0.023942016065120697,0.689530074596405
1789130117923115800,67.32911572265625,9.864110946655273,-0.05746084079146385,0.6129156351089478
1789130117939102200,67.34510229492187,9.873687744140625,-0.11013327538967133,0.5506663918495178
1789130117955097000,67.36109716796875,9.873687744140625,-0.08140286058187485,0.5506663918495178
1789130117971094300,67.37709423828124,9.797073364257812,-0.11971008777618408,0.4692635238170624
1789130117987088400,67.39308837890626,9.672574996948242,-0.1388636976480484,0.3878606855869293
1789130118003081500,67.40908154296875,9.600749015808105,-0.06703764945268631,0.4836287498474121
1789130118019075300,67.42507543945312,9.576807022094727,0.019153613597154617,0.4405331015586853
1789130118035074800,67.44107470703125,9.586383819580078,0.023942016065120697,0.4118026793003082
1789130118051078000,67.45707788085937,9.548076629638672,-0.014365210197865963,0.42616790533065796
1789130118067077000,67.4730771484375,9.461885452270508,0.12449848651885986,0.4357447028160095
1789130118083076400,67.48907641601562,9.533711433410645,0.22505496442317963,0.35434186458587646
1789130118099074800,67.50507470703126,9.658209800720215,0.1388636976480484,0.6224924325942993
1789130118115069700,67.52106958007812,9.68694019317627,0.2059013396501541,0.4884171485900879
1789130118131062800,67.53706274414063,9.648633003234863,0.29209262132644653,0.4357447028160095
1789130118147051800,67.5530517578125,9.706093788146973,0.272938996553421,0.3926490843296051
1789130118171031600,67.57703149414063,9.873687744140625,0.23942017555236816,0.44532153010368347
1789130118187020500,67.5930205078125,9.940725326538086,0.272938996553421,0.6655880808830261
1789130118203017500,67.609017578125,10.017339706420898,0.2968810200691223,0.5602431893348694
1789130118219018800,67.62501879882812,10.046070098876953,0.3064578175544739,0.6416460275650024
1789130118235021000,67.64102099609374,9.873687744140625,0.5123591423034668,0.7613561153411865
1789130118251024600,67.65702465820313,9.998186111450195,0.6560112833976746,0.7996633648872375
1789130118267027700,67.67302783203125,10.127472877502441,0.5123591423034668,0.7709329724311829
1789130118283023400,67.6890234375,10.146626472473145,0.4644751250743866,0.790086567401886
1789130118299022000,67.70502197265625,10.280701637268066,0.5602431893348694,0.8092401623725891
1789130118315020800,67.72102075195312,10.232817649841309,0.43095630407333374,0.6512228846549988
1789130118331021300,67.73702124023437,10.055646896362305,0.31124621629714966,0.9097966551780701
1789130118347024400,67.7530244140625,10.093954086303711,0.22026655077934265,0.5363011956214905
1789130118363028700,67.76902880859375,9.974244117736816,0.004788403399288654,0.40701428055763245
1789130118379020000,67.78502001953125,9.552865028381348,-0.16759411990642548,0.6512228846549988
1789130118395018800,67.80101879882812,9.825803756713867,0.009576806798577309,0.4692635238170624
1789130118411021800,67.81702172851563,9.696516990661621,-0.028730420395731926,0.5267243981361389
1789130118427022000,67.83302197265625,9.615114212036133,-0.2825157940387726,0.5027823448181152
1789130118443023000,67.84902319335937,9.701305389404297,-0.40222588181495667,0.5410895943641663
1789130118459024100,67.86502416992188,9.959878921508789,-0.3878606855869293,0.7134721279144287
1789130118475027500,67.88102734375,10.180145263671875,-0.545877993106842,0.6655880808830261
1789130118491029800,67.89702978515625,10.266336441040039,-0.6703764796257019,0.8475474119186401
1789130118507030000,67.91303002929688,10.108319282531738,-0.828393816947937,0.7852981686592102
1789130118531026400,67.9370263671875,9.979032516479492,-1.0678139925003052,0.6560112833976746
1789130118555022800,67.96102294921874,9.533711433410645,-1.2401964664459229,0.7326257228851318
1789130118571015700,67.977015625,9.548076629638672,-1.1492167711257935,0.7422025203704834
1789130118587010300,67.99301025390625,9.346963882446289,-1.2449848651885986,0.9481038451194763
1789130118603012600,68.0090126953125,9.030928611755371,-1.3694833517074585,1.0055646896362305
1789130118619018500,68.0250185546875,9.107542991638184,-1.0678139925003052,1.1109095811843872
1789130118635016400,68.04101635742188,8.877699851989746,-1.1109095811843872,1.2880805730819702
1789130118651017700,68.05701782226562,9.174580574035645,-1.192312479019165,1.2689268589019775
1789130118667017200,68.07301733398438,9.351752281188965,-1.1971008777618408,1.766920804977417
1789130118683016700,68.0890166015625,9.404424667358398,-1.072602391242981,1.8052281141281128
1789130118699016000,68.10501586914063,9.57201862335205,-0.8906430602073669,1.886630892753601
1789130118715015700,68.121015625,9.461885452270508,-0.9816226959228516,1.8914192914962769
1789130118731014100,68.13701416015626,9.418789863586426,-0.9481038451194763,1.9057846069335938
1789130118747013600,68.153013671875,9.428366661071777,-1.2210428714752197,1.9488801956176758
1789130118763016400,68.16901635742188,9.366117477416992,-1.1779472827911377,2.2409727573394775
1789130118779019800,68.18501977539063,9.682151794433594,-0.9624691009521484,2.451662540435791
1789130118795021000,68.20102099609375,9.897629737854004,-0.8092401623725891,2.671929121017456
1789130118811025700,68.21702563476562,9.840168952941895,-0.7374141216278076,2.715024709701538
1789130118827030500,68.23303051757813,9.907206535339355,-0.8571242094039917,2.782062292098999
1789130118843041300,68.24904125976562,9.864110946655273,-0.7805097699165344,2.7006595134735107
1789130118859043600,68.26504370117188,9.768342971801758,-0.933738648891449,2.6862943172454834
1789130118875044000,68.28104418945313,9.514557838439941,-1.1300631761550903,2.7772738933563232
1789130118891041800,68.29704174804688,9.730035781860352,-1.2832920551300049,2.5905263423919678
1789130118907042800,68.31304272460937,9.385271072387695,-1.359906554222107,2.6192567348480225
1789130118923043800,68.3290439453125,9.232041358947754,-1.335964560508728,2.628833532333374
1789130118939050500,68.34505053710937,9.150638580322266,-1.3934253454208374,2.5474305152893066
1789130118955051800,68.3610517578125,9.05487060546875,-1.3646949529647827,2.734178304672241
1789130118971051000,68.37705102539063,9.169792175292969,-1.3215993642807007,2.829946517944336
1789130118987052500,68.39305249023438,9.294290542602539,-1.4413094520568848,2.829946517944336
1789130119003050800,68.40905078125,9.390059471130371,-1.522712230682373,2.6671407222747803
1789130119019054300,68.42505444335937,9.423578262329102,-1.7956513166427612,2.6144683361053467
1789130119035058000,68.44105786132812,9.366117477416992,-1.7717092037200928,2.6575639247894287
1789130119051059700,68.45705981445313,9.165003776550293,-1.7764976024627686,2.7772738933563232
1789130119067054600,68.4730546875,9.02135181427002,-1.824381709098816,2.75812029838562
1789130119083055400,68.48905541992187,8.820239067077637,-1.9249382019042969,2.7676970958709717
1789130119099059500,68.5050595703125,8.7484130859375,-1.8531121015548706,2.6192567348480225
1789130119115065600,68.52106567382812,8.504204750061035,-1.8722656965255737,2.7916390895843506
1789130119131069200,68.53706909179688,8.609549522399902,-1.8148049116134644,2.8874073028564453
1789130119147074800,68.55307470703124,9.14585018157959,-1.920149803161621,3.0358476638793945
1789130119163076000,68.569076171875,9.361329078674316,-1.9345149993896484,2.9975404739379883
1789130119179071000,68.58507104492188,9.399636268615723,-2.164358377456665,3.117250680923462
1789130119195070200,68.6010703125,9.160215377807617,-2.5234885215759277,3.026270866394043
1789130119211071500,68.61707153320313,8.820239067077637,-2.3080103397369385,2.806004285812378
1789130119227068700,68.63306860351562,9.188945770263672,-2.341529369354248,2.7772738933563232
1789130119243069200,68.64906909179687,9.160215377807617,-2.451662540435791,2.959233283996582
1789130119259072500,68.66507250976562,9.32302188873291,-2.499546527862549,3.0789434909820557
1789130119275077600,68.68107763671875,8.992621421813965,-2.7437551021575928,3.2369606494903564
1789130119291076000,68.697076171875,9.346963882446289,-2.671929121017456,3.021482467651367
1789130119307076900,68.71307690429687,9.289502143859863,-2.3989901542663574,3.0119056701660156
1789130119323080700,68.72908081054688,9.279925346374512,-2.3319525718688965,3.337517261505127
1789130119339082800,68.74508276367187,9.466673851013184,-2.169146776199341,3.2992098331451416
1789130119355085800,68.7610859375,9.433155059814453,-2.1499931812286377,3.399766445159912
1789130119371086800,68.7770869140625,9.030928611755371,-2.207453966140747,3.35667085647583
1789130119387081200,68.79308129882813,9.102754592895508,-2.3080103397369385,3.160346269607544
1789130119403076000,68.809076171875,8.992621421813965,-2.5330653190612793,3.294421434402466
1789130119419070500,68.82507055664063,8.877699851989746,-2.7006595134735107,3.428496837615967
1789130119435065000,68.84106518554688,8.853757858276367,-2.7006595134735107,3.44765043258667
1789130119451060200,68.85706030273437,8.901641845703125,-2.322375535964966,3.471592426300049
1789130119467056600,68.873056640625,9.68694019317627,-2.1930887699127197,3.35667085647583
1789130119483051500,68.88905151367187,9.327810287475586,-1.944091796875,3.5003228187561035
1789130119499049500,68.90504956054687,9.418789863586426,-1.6855180263519287,3.7445313930511475
1789130119515050200,68.92105029296874,9.591172218322754,-1.6759412288665771,3.581725835800171
1789130119531044400,68.93704443359375,9.710882186889648,-1.599326729774475,3.5386300086975098
1789130119547037700,68.95303759765625,9.548076629638672,-1.7286136150360107,3.4811692237854004
1789130119563032000,68.96903198242188,9.816226959228516,-1.680729627609253,3.3039982318878174
1789130119579020500,68.9850205078125,9.66299819946289,-1.4891934394836426,3.706224203109741
1789130119595014000,69.00101391601562,9.548076629638672,-1.7525556087493896,3.8738183975219727
1789130119611007700,69.0170078125,9.720458984375,-1.7621324062347412,3.4141316413879395
1789130119627005200,69.03300512695313,9.514557838439941,-1.9632453918457031,3.466804027557373
1789130119643001900,69.049001953125,9.476250648498535,-2.207453966140747,3.4380736351013184
1789130119659002400,69.06500244140625,9.75397777557373,-2.4181437492370605,3.4524388313293457
1789130119675004000,69.08100390625,8.925583839416504,-2.652775526046753,3.3710360527038574
1789130119691001000,69.0970009765625,9.165003776550293,-1.7812861204147339,3.557783842086792
1789130119706999300,69.11299926757812,9.53849983215332,-2.250549554824829,3.2848446369171143
1789130119722996000,69.12899584960938,9.097966194152832,-2.801215887069702,3.375824451446533
1789130119738992600,69.14499267578125,9.222464561462402,-2.7246015071868896,3.2369606494903564
1789130119754987800,69.16098779296875,8.87291145324707,-2.4612393379211426,3.5960910320281982
1789130119770984000,69.17698388671874,8.734047889709473,-2.585737943649292,3.533841609954834
1789130119786982700,69.19298266601562,8.887276649475098,-2.896984100341797,3.5625722408294678
1789130119802981600,69.20898168945313,8.96389102935791,-2.6815059185028076,3.3470940589904785
1789130119818978800,69.22497875976562,8.78193187713623,-3.0310592651367188,3.4763808250427246
1789130119834975200,69.24097534179687,8.317456245422363,-2.911349296569824,3.3662476539611816
1789130119850972200,69.25697216796875,8.336610794067383,-3.246537446975708,3.3710360527038574
1789130119866970000,69.27297021484375,8.633491516113281,-3.07415509223938,3.2417490482330322
1789130119882973200,69.28897314453125,8.7484130859375,-2.8203697204589844,3.44765043258667
1789130119898968600,69.30496850585938,8.863334655761719,-3.2178070545196533,3.337517261505127
1789130119914966800,69.320966796875,8.834604263305664,-2.9544448852539062,3.375824451446533
1789130119930968600,69.33696850585937,8.762778282165527,-2.782062292098999,3.0406360626220703
1789130119946972400,69.35297241210938,9.38048267364502,-2.63362193107605,3.6774938106536865
1789130119962976500,69.3689765625,9.27034854888916,-2.5713725090026855,4.003105163574219
1789130119978979800,69.38497973632812,9.701305389404297,-3.2369606494903564,3.7684733867645264
1789130119994979300,69.40097924804688,9.57201862335205,-3.5673606395721436,3.758896589279175
1789130120010980000,69.41697998046875,9.390059471130371,-2.9257144927978516,3.993528366088867
1789130120026981000,69.43298120117187,9.710882186889648,-3.093308687210083,4.127603530883789
1789130120042986000,69.44898608398438,10.012551307678223,-3.246537446975708,4.1611223220825195
1789130120058985200,69.46498510742188,9.734824180603027,-3.0358476638793945,4.170699596405029
1789130120074984000,69.48098388671875,9.44752025604248,-3.5003228187561035,3.8546648025512695
1789130120090984000,69.49698388671875,9.30386734008789,-3.2609026432037354,4.003105163574219
1789130120106984700,69.51298461914062,9.27034854888916,-3.2417490482330322,4.2329487800598145
1789130120122985700,69.52898583984376,9.53849983215332,-3.026270866394043,3.9647979736328125
1789130120138989000,69.54498901367188,9.064447402954102,-3.0119056701660156,3.845088005065918
1789130120154994000,69.56099389648438,8.628703117370605,-2.6671407222747803,3.691859006881714
1789130120171002000,69.57700219726563,9.21288776397705,-2.542642116546631,3.758896589279175
1789130120187012400,69.59301245117187,8.901641845703125,-2.920926094055176,3.5625722408294678
1789130120203026700,69.60902661132812,8.49941635131836,-2.801215887069702,3.6822822093963623
1789130120219028000,69.62502807617187,9.47146224975586,-2.762908697128296,3.4524388313293457
1789130120235035400,69.64103540039062,9.165003776550293,-2.4229321479797363,3.399766445159912
1789130120251041800,69.65704174804688,8.791508674621582,-2.22660756111145,3.6296098232269287
1789130120267041800,69.67304174804687,8.99740982055664,-2.1164743900299072,3.7253777980804443
1789130120283046700,69.68904663085938,9.035717010498047,-2.3942017555236816,3.5242648124694824
1789130120299052500,69.70505249023438,8.667010307312012,-2.2697031497955322,3.5051112174987793
1789130120315061200,69.72106127929688,8.370129585266113,-2.4803929328918457,3.3518824577331543
1789130120331070200,69.7370703125,8.403648376464844,-2.006340980529785,3.3470940589904785
1789130120347077600,69.75307763671876,8.5903959274292,-1.7477672100067139,3.44765043258667
1789130120363088400,69.76908837890625,8.80587387084961,-2.2218191623687744,3.5434184074401855
1789130120379093200,69.78509326171876,9.21288776397705,-2.3511061668395996,3.490746021270752
1789130120395097900,69.80109790039063,9.17936897277832,-2.5665841102600098,3.404554843902588
1789130120411104800,69.81710473632812,8.815450668334961,-2.8107926845550537,3.514688014984131
1789130120427110000,69.83310986328125,9.332598686218262,-2.561795711517334,3.5482068061828613
1789130120443118600,69.84911865234375,9.35654067993164,-2.5953147411346436,3.3518824577331543
1789130120459123700,69.86512377929688,9.05487060546875,-2.4133553504943848,3.466804027557373
1789130120475128000,69.88112817382813,9.074024200439453,-2.5665841102600098,3.6774938106536865
1789130120491134200,69.89713427734375,9.351752281188965,-2.4133553504943848,3.552995204925537
1789130120507140000,69.91314013671875,8.992621421813965,-2.3989901542663574,3.821146011352539
1789130120531150800,69.93715087890625,9.385271072387695,-2.7293899059295654,3.19865345954895
1789130120547163600,69.95316357421875,8.595184326171875,-2.1068975925445557,3.2848446369171143
1789130120563175400,69.96917553710938,9.299078941345215,-2.298433542251587,3.663128614425659
1789130120579184400,69.98518432617188,9.720458984375,-1.9967641830444336,3.8307228088378906
1789130120595193000,70.00119311523437,9.409213066101074,-2.073378562927246,3.600879430770874
1789130120611209000,70.017208984375,9.184157371520996,-2.03507137298584,3.4141316413879395
1789130120627223300,70.03322338867187,9.169792175292969,-2.231395959854126,3.4380736351013184
1789130120643239200,70.0492392578125,8.87291145324707,-2.097320795059204,3.2752678394317627
1789130120659252700,70.06525268554688,9.05487060546875,-1.4269442558288574,3.4380736351013184
1789130120675269000,70.08126904296876,9.121908187866211,-1.3120225667953491,3.2800562381744385
1789130120691283200,70.097283203125,9.23682975769043,-1.522712230682373,3.7636849880218506
1789130120707301000,70.11330102539063,9.279925346374512,-1.9584569931030273,3.955221176147461
1789130120723310800,70.12931079101563,9.581595420837402,-2.403778553009033,3.485957622528076
1789130120739318000,70.14531811523437,9.557653427124023,-2.557007312774658,3.3901896476745605
1789130120755334000,70.161333984375,9.17936897277832,-1.8770540952682495,3.7205893993377686
1789130120771349800,70.17734985351562,9.461885452270508,-1.41257905960083,3.825934410095215
1789130120787364000,70.19336401367187,9.591172218322754,-1.9584569931030273,3.801992416381836
1789130120803375900,70.2093759765625,9.41400146484375,-2.097320795059204,3.8498764038085938
1789130120819391200,70.22539111328125,9.174580574035645,-2.5043349266052246,3.1507694721221924
1789130120835407600,70.24140771484375,8.89685344696045,-2.5474305152893066,3.2609026432037354
1789130120851423500,70.25742358398438,8.595184326171875,-2.38462495803833,3.912125587463379
1789130120867426300,70.27342626953126,9.23682975769043,-1.7477672100067139,3.8786067962646484
1789130120883433200,70.28943310546875,10.204087257385254,-1.7860745191574097,3.251325845718384
1789130120899440600,70.30544067382813,9.222464561462402,-1.6184803247451782,3.648763418197632
1789130120915448800,70.32144873046875,9.208099365234375,-1.7477672100067139,3.203441858291626
1789130120931453200,70.337453125,8.901641845703125,-1.8962076902389526,3.2848446369171143
1789130120947459800,70.3534599609375,9.035717010498047,-2.145204782485962,3.4811692237854004
1789130120963464000,70.3694638671875,9.5624418258667,-2.0925323963165283,3.117250680923462
1789130120979471000,70.38547119140625,9.433155059814453,-2.169146776199341,3.141192674636841
1789130120995478500,70.401478515625,9.174580574035645,-2.3367409706115723,3.141192674636841
1789130121011486200,70.417486328125,9.222464561462402,-1.8100165128707886,2.896984100341797
1789130121027495000,70.43349487304687,8.667010307312012,-1.4748282432556152,3.1268274784088135
1789130121043502800,70.4495029296875,9.227252960205078,-2.346317768096924,2.964021682739258
1789130121059510800,70.4655107421875,9.423578262329102,-2.03507137298584,2.695871114730835
1789130121075519000,70.48151904296876,9.2033109664917,-1.9105730056762695,3.1316158771514893
1789130121091526100,70.49752612304688,9.078812599182129,-1.9823989868164062,2.738966703414917
1789130121107523300,70.5135234375,9.188945770263672,-1.9057846069335938,2.7772738933563232
1789130121123523800,70.52952392578125,8.949525833129883,-1.8722656965255737,2.3942017555236816
1789130121139529200,70.545529296875,8.489839553833008,-1.556231141090393,2.695871114730835
1789130121155534600,70.56153466796874,9.006986618041992,-1.5466543436050415,2.734178304672241
1789130121171540700,70.57754077148438,9.160215377807617,-1.9632453918457031,2.6623523235321045
1789130121187543800,70.59354370117188,9.002198219299316,-2.3032219409942627,2.4133553504943848
1789130121203547600,70.60954760742187,8.949525833129883,-2.049436569213867,2.6001031398773193
1789130121219552000,70.62555200195312,8.978256225585938,-1.9105730056762695,2.8107926845550537
1789130121235555000,70.64155517578125,8.628703117370605,-1.944091796875,2.03507137298584
1789130121251559200,70.65755908203126,8.734047889709473,-2.1356279850006104,1.9728221893310547
1789130121267564800,70.67356469726562,8.585607528686523,-2.250549554824829,2.4851813316345215
1789130121283567000,70.68956713867188,9.289502143859863,-2.1116859912872314,2.030282974243164
1789130121299570700,70.70557080078125,8.810662269592285,-2.097320795059204,1.9393033981323242
1789130121315571200,70.7215712890625,8.389283180236816,-1.3886369466781616,2.1068975925445557
1789130121331571700,70.73757177734375,8.010998725891113,-1.9536685943603516,2.212242364883423
1789130121347579600,70.75357958984375,8.643068313598633,-1.8339585065841675,1.8770540952682495
1789130121363587000,70.76958715820312,8.767566680908203,-1.4844050407409668,2.3032219409942627
1789130121379593200,70.78559326171874,8.489839553833008,-1.1492167711257935,2.3367409706115723
1789130121395603000,70.80160302734375,9.11233139038086,-1.479616641998291,2.7054479122161865
1789130121411605500,70.81760546875,9.773131370544434,-1.316810965538025,2.1547815799713135
1789130121427612200,70.83361206054687,9.763554573059082,-1.6041151285171509,2.8443117141723633
1789130121443618300,70.84961840820313,10.002974510192871,-1.4700398445129395,2.983175277709961
1789130121459618800,70.86561889648438,10.735600471496582,-1.1779472827911377,2.4803929328918457
1789130121475621600,70.88162158203124,10.146626472473145,-1.4460978507995605,3.4093432426452637
1789130121491619800,70.89761987304688,9.959878921508789,-1.8387469053268433,3.2752678394317627
1789130121507622700,70.91362255859374,10.448296546936035,-1.7812861204147339,2.7676970958709717
1789130121523623200,70.929623046875,10.180145263671875,-1.9632453918457031,3.3710360527038574
1789130121539619000,70.945619140625,10.395624160766602,-2.3750481605529785,3.557783842086792
1789130121555611600,70.96161157226562,11.061211585998535,-2.5282769203186035,3.270479440689087
1789130121571607600,70.97760766601563,10.606313705444336,-2.255337953567505,3.1268274784088135
1789130121587607800,70.99360791015626,10.520122528076172,-2.470816135406494,3.1747114658355713
1789130121603606300,71.00960620117188,10.496180534362793,-2.5091233253479004,3.0358476638793945
1789130121619605000,71.02560498046876,10.6925048828125,-2.5522189140319824,3.3662476539611816
1789130121635608000,71.04160815429688,10.654197692871094,-2.6431987285614014,3.136404275894165
1789130121651609600,71.05760961914062,10.769119262695312,-2.274491548538208,2.8203697204589844
1789130121667608600,71.07360864257812,10.524910926818848,-2.1356279850006104,3.1316158771514893
1789130121683604700,71.08960473632813,10.5344877243042,-2.10210919380188,2.9975404739379883
1789130121699596800,71.1055966796875,10.323798179626465,-2.030282974243164,2.9161376953125
1789130121715592700,71.1215927734375,10.390835762023926,-1.8914192914962769,2.2649147510528564
1789130121731590700,71.13759057617187,9.734824180603027,-2.2026655673980713,2.0829553604125977
1789130121747588400,71.15358837890625,9.232041358947754,-2.0254945755004883,2.293645143508911
1789130121763591000,71.1695908203125,9.390059471130371,-1.8291701078414917,2.2649147510528564
1789130121779592000,71.18559204101562,9.265560150146484,-2.006340980529785,2.054224967956543
1789130121795594500,71.20159448242188,9.279925346374512,-1.7094600200653076,1.4939818382263184
1789130121811603700,71.21760375976562,8.465897560119629,-1.4413094520568848,1.4317326545715332
1789130121827606800,71.23360668945313,8.360552787780762,-1.5418659448623657,1.6089035272598267
1789130121843616500,71.24961645507813,8.777143478393555,-1.647210717201233,1.8100165128707886
1789130121859626000,71.2656259765625,9.543288230895996,-1.800439715385437,1.3407529592514038
1789130121875637500,71.28163745117187,9.107542991638184,-2.0877439975738525,1.8052281141281128
1789130121891640800,71.29764086914062,9.409213066101074,-2.0638017654418945,1.3694833517074585
1789130121907643100,71.31364306640624,9.23682975769043,-2.0638017654418945,1.3982137441635132
1789130121923644000,71.32964379882813,9.074024200439453,-1.9393033981323242,1.3407529592514038
1789130121939645200,71.34564526367187,9.41400146484375,-1.8722656965255737,1.41257905960083
1789130121955647000,71.36164697265625,9.57201862335205,-1.867477297782898,1.3551181554794312
1789130121971645000,71.37764501953124,9.23682975769043,-1.9536685943603516,1.6136919260025024
1789130121987644400,71.39364453125,9.624691009521484,-2.0254945755004883,1.6041151285171509
1789130122003643400,71.40964331054687,10.1753568649292,-2.231395959854126,1.5131354331970215
1789130122019636500,71.42563647460938,10.261548042297363,-2.2170307636260986,1.6759412288665771
1789130122035636000,71.44163598632812,9.787496566772461,-2.346317768096924,1.5897499322891235
1789130122051639600,71.4576396484375,9.677363395690918,-2.322375535964966,1.6136919260025024
1789130122067645400,71.4736455078125,9.423578262329102,-2.1930887699127197,1.7477672100067139
1789130122083649500,71.4896494140625,9.653421401977539,-2.322375535964966,1.4652514457702637
1789130122099659300,71.5056591796875,9.500192642211914,-2.3702597618103027,1.6041151285171509
1789130122115670800,71.5216708984375,9.600749015808105,-1.8100165128707886,1.9776105880737305
1789130122131677200,71.53767724609375,10.280701637268066,-2.10210919380188,1.824381709098816
1789130122147685600,71.553685546875,10.290278434753418,-2.1356279850006104,1.7860745191574097
1789130122163694600,71.56969458007812,9.883264541625977,-1.800439715385437,2.0159177780151367
1789130122179706400,71.58570629882813,9.782708168029785,-1.656787633895874,1.8387469053268433
1789130122203723800,71.60972387695313,10.165780067443848,-1.7812861204147339,1.9488801956176758
1789130122219731700,71.62573168945312,10.127472877502441,-1.7621324062347412,2.3271639347076416
1789130122235741400,71.64174145507812,10.35252857208252,-1.9728221893310547,2.078166961669922
1789130122251749400,71.65774926757813,9.931148529052734,-1.8531121015548706,1.9967641830444336
1789130122267750700,71.67375073242188,9.476250648498535,-1.699883222579956,1.968033790588379
1789130122283756300,71.68975634765626,9.605537414550781,-1.742978811264038,2.073378562927246
1789130122299764500,71.70576440429687,10.228029251098633,-1.742978811264038,1.6184803247451782
1789130122315772700,71.72177270507812,9.988609313964844,-1.359906554222107,2.274491548538208
1789130122331784400,71.73778442382813,10.218452453613281,-1.5322890281677246,2.078166961669922
1789130122347795700,71.75379565429688,10.409989356994629,-1.824381709098816,1.742978811264038
1789130122363806200,71.76980615234375,9.62947940826416,-1.556231141090393,2.1739351749420166
1789130122379816700,71.78581665039063,10.098742485046387,-1.5083470344543457,1.7142484188079834
1789130122395827500,71.80182739257812,9.888052940368652,-1.680729627609253,1.41257905960083
1789130122411840000,71.81784008789063,9.825803756713867,-1.7381904125213623,1.867477297782898
1789130122427849000,71.83384887695313,10.122684478759766,-1.460463047027588,1.900996208190918
1789130122443860000,71.84985986328125,10.194510459899902,-1.7286136150360107,1.5658079385757446
1789130122459864600,71.86586450195313,10.046070098876953,-1.6328455209732056,1.867477297782898
1789130122475870000,71.88186987304688,9.634267807006836,-1.158793568611145,1.4891934394836426
1789130122491878700,71.89787866210938,10.036493301391602,-1.2689268589019775,1.2737152576446533
1789130122507891200,71.91389111328125,9.8784761428833,-1.3982137441635132,1.1779472827911377
1789130122523897900,71.92989794921876,9.691728591918945,-1.3742717504501343,1.5849615335464478
1789130122539906600,71.94590649414063,9.835380554199219,-1.3551181554794312,1.5658079385757446
1789130122555916300,71.96191625976563,9.931148529052734,-1.3263877630233765,1.1061211824417114
1789130122571926300,71.97792626953125,9.308655738830566,-1.259350061416626,1.359906554222107
1789130122587937500,71.9939375,9.490615844726562,-1.2641384601593018,1.0630255937576294
1789130122603943000,72.00994287109376,10.08437728881836,-1.0869675874710083,0.9002198576927185
1789130122619948000,72.02594799804687,9.739612579345703,-1.0342950820922852,1.5179238319396973
1789130122635949600,72.04194946289063,10.103530883789062,-1.235408067703247,1.2689268589019775
1789130122651956000,72.0579560546875,9.959878921508789,-1.2401964664459229,1.0821791887283325
1789130122667964000,72.0739638671875,9.361329078674316,-1.259350061416626,1.2449848651885986
1789130122683971300,72.08997143554687,9.567230224609375,-0.9050082564353943,0.8140285611152649
1789130122699988500,72.10598852539063,9.428366661071777,-0.8140285611152649,1.1300631761550903
1789130122716002600,72.12200244140625,9.552865028381348,-0.871489405632019,1.2018892765045166
1789130122732014600,72.1380146484375,9.926360130310059,-1.091755986213684,1.0342950820922852
1789130122748024800,72.15402490234375,9.533711433410645,-1.3934253454208374,1.1540051698684692
1789130122764029700,72.17002978515625,10.031704902648926,-1.235408067703247,1.335964560508728
1789130122780033300,72.186033203125,10.247182846069336,-1.3263877630233765,0.9145850539207458
1789130122796034800,72.20203491210937,9.99339771270752,-1.4269442558288574,0.8331822156906128
1789130122812037000,72.218037109375,9.442731857299805,-1.1204863786697388,1.2545616626739502
1789130122828048600,72.23404858398438,9.897629737854004,-1.5131354331970215,1.0055646896362305
1789130122844061200,72.25006127929687,10.448296546936035,-1.7764976024627686,1.1540051698684692
1789130122860070100,72.26607006835937,10.146626472473145,-1.4460978507995605,1.1348515748977661
1789130122876079000,72.2820791015625,9.605537414550781,-1.158793568611145,1.115697979927063
1789130122892090600,72.29809057617187,9.926360130310059,-0.7948749661445618,0.9481038451194763
1789130122908096300,72.31409619140625,9.619902610778809,-1.0103530883789062,1.1061211824417114
1789130122924098800,72.33009887695313,10.376470565795898,-0.7948749661445618,1.0678139925003052
1789130122940100000,72.34610009765625,9.859322547912598,-1.1779472827911377,1.455674648284912
1789130122956110600,72.36211059570313,9.926360130310059,-0.8475474119186401,1.2306196689605713
1789130122972118000,72.37811791992188,9.931148529052734,-0.5937620401382446,1.139639973640442
1789130122988134000,72.3941337890625,9.490615844726562,-1.0007762908935547,1.3263877630233765
1789130123004143600,72.4101435546875,10.160991668701172,-0.6224924325942993,1.173158884048462
1789130123020153900,72.42615380859375,10.180145263671875,-0.4165911078453064,1.2497732639312744
1789130123036163300,72.44216333007813,10.457873344421387,-0.6799532771110535,1.0678139925003052
1789130123060180700,72.4661806640625,9.873687744140625,-0.6512228846549988,1.2258312702178955
1789130123076193800,72.48219384765625,9.600749015808105,-0.871489405632019,1.1971008777618408
1789130123092210700,72.49821069335937,9.677363395690918,-0.7565677165985107,0.9816226959228516
1789130123108232200,72.51423217773437,9.801861763000488,-0.6033388376235962,1.2114660739898682
1789130123124247000,72.5302470703125,9.892841339111328,-0.9864110946655273,1.2737152576446533
1789130123140265200,72.54626513671874,10.065223693847656,-1.0821791887283325,1.3120225667953491
1789130123156279300,72.562279296875,10.1753568649292,-0.9050082564353943,1.3024457693099976
1789130123172294400,72.57829443359375,10.098742485046387,-1.278503656387329,1.1635819673538208
1789130123188308500,72.59430859375,9.806650161743164,-1.1971008777618408,1.1204863786697388
1789130123204320800,72.61032080078125,9.375694274902344,-1.479616641998291,1.3551181554794312
1789130123220332500,72.62633251953125,9.481039047241211,-1.3886369466781616,1.0007762908935547
1789130123236342300,72.64234228515625,9.619902610778809,-1.3024457693099976,1.216254472732544
1789130123252345300,72.65834545898437,9.768342971801758,-1.4844050407409668,1.072602391242981
1789130123268351700,72.67435180664063,9.44752025604248,-1.173158884048462,0.9289502501487732
1789130123284362000,72.69036206054687,9.667786598205566,-1.0965443849563599,0.8858546018600464
1789130123300371200,72.70637109375,9.17936897277832,-0.6943184733390808,1.039083480834961
1789130123316381400,72.72238134765625,9.337387084960938,-1.1109095811843872,1.015141487121582
1789130123332394000,72.73839404296875,9.409213066101074,-0.8810662031173706,0.9050082564353943
1789130123348405800,72.75440576171874,9.457097053527832,-1.0342950820922852,0.7852981686592102
1789130123364414700,72.77041479492188,8.978256225585938,-1.2018892765045166,1.0438719987869263
1789130123380425200,72.78642529296874,9.5624418258667,-1.0534487962722778,0.933738648891449
1789130123396436000,72.80243603515625,9.576807022094727,-1.235408067703247,1.0678139925003052
1789130123412446500,72.81844653320313,9.476250648498535,-1.2689268589019775,0.9624691009521484
1789130123428456400,72.83445654296875,9.107542991638184,-0.9816226959228516,1.0534487962722778
1789130123444463600,72.85046362304688,9.026140213012695,-1.0534487962722778,1.2066776752471924
1789130123460477200,72.86647729492188,10.18493366241455,-0.9864110946655273,0.6703764796257019
1789130123476491000,72.88249096679688,9.284713745117188,-1.2018892765045166,1.3646949529647827
1789130123492495000,72.8984951171875,9.75397777557373,-1.1635819673538208,1.3263877630233765
1789130123508500000,72.9145,9.75397777557373,-1.192312479019165,1.2641384601593018
1789130123524505900,72.930505859375,10.228029251098633,-1.4700398445129395,0.8236053586006165
1789130123556529200,72.96252905273437,9.792284965515137,-0.5315127968788147,1.2018892765045166
1789130123572532700,72.97853271484375,9.739612579345703,-0.8140285611152649,1.3120225667953491
1789130123588534800,72.99453466796875,9.888052940368652,-0.7230489253997803,1.460463047027588
1789130123604540700,73.01054077148437,10.156203269958496,-0.8236053586006165,1.4987702369689941
1789130123620551200,73.02655126953125,10.213664054870605,-0.7565677165985107,1.680729627609253
1789130123636561200,73.04256103515625,10.314221382141113,-0.6416460275650024,1.3742717504501343
1789130123652569000,73.05856909179687,9.945513725280762,-1.2114660739898682,1.3934253454208374
1789130123668573000,73.07457299804688,9.768342971801758,-1.2641384601593018,1.2545616626739502
1789130123684582100,73.09058203125,9.940725326538086,-0.7086837291717529,1.292868971824646
1789130123708596000,73.11459594726563,9.974244117736816,-0.6607996821403503,1.522712230682373
1789130123724603600,73.13060375976562,9.461885452270508,-0.871489405632019,1.4939818382263184
1789130123740608300,73.14660815429687,9.744400978088379,-0.17717093229293823,1.0678139925003052
1789130123756616400,73.16261645507812,9.758766174316406,-0.7086837291717529,1.4221558570861816
1789130123772620300,73.17862036132813,10.524910926818848,-0.3064578175544739,1.4413094520568848
1789130123788629500,73.19462939453125,9.394847869873047,-0.38307225704193115,0.6272808313369751
1789130123804635600,73.2106357421875,8.49941635131836,-0.6991068720817566,1.0965443849563599
1789130123820637200,73.22663720703125,9.313444137573242,-0.5267243981361389,1.3407529592514038
1789130123836642300,73.24264233398438,10.20887565612793,-0.3495534360408783,1.2018892765045166
1789130123852646700,73.25864672851563,9.797073364257812,-0.8140285611152649,1.0199298858642578
1789130123868652500,73.27465258789063,8.614337921142578,-1.0055646896362305,0.3687070608139038
1789130123884650200,73.29065014648438,7.86734676361084,-0.42616790533065796,0.8236053586006165
1789130123900651800,73.30665185546874,9.35654067993164,-0.10534487664699554,0.49320554733276367
1789130123916656600,73.32265673828125,9.327810287475586,-0.44532153010368347,1.1540051698684692
1789130123932667000,73.3386669921875,9.524134635925293,-0.44532153010368347,1.015141487121582
1789130123948675000,73.35467504882813,9.677363395690918,-0.751779317855835,0.9385270476341248
1789130123964681200,73.37068115234375,9.390059471130371,-1.335964560508728,1.1061211824417114
1789130123980692700,73.38669262695312,9.907206535339355,-0.9097966551780701,1.3455413579940796
1789130123996699400,73.40269946289062,10.338163375854492,-0.933738648891449,1.1635819673538208
1789130124012704300,73.41870434570312,10.113107681274414,-1.1109095811843872,1.2880805730819702
1789130124028706000,73.4347060546875,9.53849983215332,-1.173158884048462,1.4077905416488647
1789130124044710400,73.45071044921875,9.950302124023438,-0.8954314589500427,1.4652514457702637
1789130124060713700,73.46671362304687,9.99339771270752,-1.1540051698684692,1.4748282432556152
1789130124076725500,73.4827255859375,10.280701637268066,-1.1827356815338135,1.5466543436050415
1789130124092738000,73.49873803710938,10.237606048583984,-0.7038952708244324,1.0630255937576294
1789130124108750000,73.51475,10.194510459899902,-0.5793967843055725,0.9864110946655273
1789130124124757800,73.5307578125,8.738836288452148,-1.139639973640442,2.0254945755004883
1789130124140768800,73.54676879882813,10.529699325561523,-0.933738648891449,1.4460978507995605
1789130124156773600,73.56277368164062,10.409989356994629,-0.9911994934082031,1.556231141090393
1789130124172774100,73.57877416992187,9.514557838439941,-1.4460978507995605,1.580173134803772
1789130124188780300,73.5947802734375,8.99740982055664,-1.259350061416626,1.3407529592514038
1789130124204780500,73.61078051757812,9.284713745117188,-0.7230489253997803,1.3311761617660522
1789130124220788700,73.62678881835937,9.739612579345703,-1.048660397529602,1.886630892753601
1789130124236801000,73.64280102539063,10.673351287841797,-0.8379706144332886,1.5705963373184204
1789130124252809500,73.6588095703125,10.055646896362305,-0.9768342971801758,1.6903064250946045
1789130124268816400,73.67481640625,10.72602367401123,-1.41257905960083,1.2880805730819702
1789130124284824600,73.69082446289063,10.323798179626465,-1.3982137441635132,1.479616641998291
1789130124300833000,73.7068330078125,10.529699325561523,-1.0678139925003052,1.2737152576446533
1789130124316843300,73.72284326171875,10.319009780883789,-1.4269442558288574,1.6424223184585571
1789130124332849400,73.73884936523437,10.611102104187012,-1.359906554222107,1.3694833517074585
1789130124348854500,73.7548544921875,10.074800491333008,-1.359906554222107,1.5083470344543457
1789130124364866800,73.77086669921874,10.587160110473633,-1.7286136150360107,1.3455413579940796
1789130124380880400,73.78688037109374,10.515334129333496,-1.2018892765045166,1.6280571222305298
1789130124396891100,73.80289111328125,9.734824180603027,-1.2641384601593018,1.173158884048462
1789130124412899000,73.81889916992188,9.509769439697266,-1.6424223184585571,1.039083480834961
1789130124428908500,73.83490844726562,9.14585018157959,-1.50355863571167,1.2306196689605713
1789130124444918500,73.85091845703126,9.830592155456543,-1.4173674583435059,0.7326257228851318
1789130124460930600,73.8669306640625,9.548076629638672,-1.1348515748977661,1.278503656387329
1789130124476940300,73.88294018554687,9.998186111450195,-1.1444283723831177,0.9864110946655273
1789130124492953600,73.89895361328125,9.308655738830566,-0.9720458984375,1.0295066833496094
1789130124508970800,73.914970703125,9.102754592895508,-1.192312479019165,0.8906430602073669
1789130124524979500,73.9309794921875,9.375694274902344,-1.2210428714752197,0.8810662031173706
1789130124540991000,73.94699096679688,9.375694274902344,-1.173158884048462,1.0534487962722778
1789130124557000000,73.963,9.32302188873291,-1.158793568611145,1.0007762908935547
1789130124573006000,73.97900610351563,10.11789608001709,-1.4317326545715332,1.1109095811843872
1789130124589013800,73.995013671875,10.11789608001709,-1.4460978507995605,0.9289502501487732
1789130124605030000,74.01102978515625,9.385271072387695,-1.0199298858642578,1.015141487121582
1789130124621048300,74.02704833984374,9.059659004211426,-0.8810662031173706,1.192312479019165
1789130124637061400,74.04306127929688,9.370905876159668,-1.091755986213684,1.3982137441635132
1789130124653071000,74.05907104492188,10.256759643554688,-1.4317326545715332,1.1635819673538208
1789130124669080000,74.075080078125,9.643844604492188,-2.097320795059204,1.3263877630233765
1789130124685090800,74.0910908203125,9.548076629638672,-1.4652514457702637,0.9145850539207458
1789130124701096400,74.10709643554688,9.294290542602539,-1.359906554222107,1.091755986213684
1789130124717106000,74.12310595703126,9.787496566772461,-1.6663644313812256,1.3263877630233765
1789130124733117400,74.13911743164063,10.012551307678223,-1.6089035272598267,1.2210428714752197
1789130124749128000,74.1551279296875,9.083600997924805,-1.2832920551300049,1.53707754611969
1789130124765137700,74.1711376953125,9.23682975769043,-1.3407529592514038,1.3503297567367554
1789130124781146600,74.18714672851563,10.002974510192871,-1.3120225667953491,1.316810965538025
1789130124797159200,74.2031591796875,10.204087257385254,-1.192312479019165,1.403002142906189
1789130124813174500,74.21917456054688,9.950302124023438,-1.5131354331970215,1.4269442558288574
1789130124829189000,74.23518920898438,9.96945571899414,-1.4460978507995605,1.4987702369689941
1789130124845200100,74.2512001953125,10.32858657836914,-1.216254472732544,1.8387469053268433
1789130124861210400,74.26721044921875,10.070012092590332,-1.2737152576446533,1.723825216293335
1789130124877222400,74.28322241210938,9.931148529052734,-1.3407529592514038,1.4413094520568848
1789130124893233700,74.29923364257813,9.404424667358398,-1.091755986213684,0.9720458984375
1789130124909247000,74.3152470703125,9.17936897277832,-0.9576807022094727,1.6280571222305298
1789130124925256000,74.331255859375,9.691728591918945,-1.1635819673538208,2.126051187515259
1789130124941268200,74.34726831054688,10.481815338134766,-1.3120225667953491,1.316810965538025
1789130124957274400,74.3632744140625,9.375694274902344,-1.173158884048462,1.8722656965255737
1789130124973277400,74.37927734375,9.08838939666748,-0.9768342971801758,1.7190368175506592
1789130124989277000,74.39527685546875,9.08838939666748,-1.3551181554794312,1.8052281141281128
1789130125005275100,74.41127514648437,9.418789863586426,-1.2737152576446533,2.0446481704711914
1789130125021275000,74.42727490234375,9.792284965515137,-1.522712230682373,2.097320795059204
1789130125037272600,74.4432724609375,9.591172218322754,-1.944091796875,2.126051187515259
1789130125053277400,74.45927734375,9.528923034667969,-1.53707754611969,2.3702597618103027
1789130125069281000,74.47528100585937,9.557653427124023,-1.41257905960083,2.0685901641845703
1789130125085289000,74.4912890625,9.313444137573242,-1.3982137441635132,2.2170307636260986
1789130125101297400,74.50729736328125,9.141061782836914,-1.216254472732544,2.255337953567505
1789130125117304600,74.5233046875,9.35654067993164,-0.9241618514060974,2.2649147510528564
1789130125133310000,74.53931005859376,9.476250648498535,-1.1348515748977661,2.3989901542663574
1789130125149318400,74.555318359375,9.17936897277832,-1.1779472827911377,2.403778553009033
1789130125165322500,74.57132250976562,9.136273384094238,-1.1252747774124146,2.3511061668395996
1789130125181326600,74.58732666015625,8.858546257019043,-1.4460978507995605,2.5761611461639404
1789130125197330000,74.60332983398438,8.99740982055664,-1.3742717504501343,2.432508945465088
1789130125213333800,74.61933374023438,9.524134635925293,-1.259350061416626,2.5234885215759277
1789130125229337900,74.635337890625,9.461885452270508,-1.3311761617660522,2.6384103298187256
1789130125245346800,74.65134692382813,9.011775016784668,-0.9385270476341248,2.7054479122161865
1789130125261349400,74.66734936523437,8.743624687194824,-1.048660397529602,2.4181437492370605
1789130125277355800,74.68335571289063,8.954314231872559,-0.7852981686592102,2.6384103298187256
1789130125293363000,74.69936303710938,9.150638580322266,-0.7852981686592102,2.580949544906616
1789130125309369300,74.71536938476562,9.442731857299805,-0.9959878921508789,2.6001031398773193
1789130125325370400,74.73137036132813,9.375694274902344,-0.933738648891449,2.7485435009002686
1789130125341372200,74.7473720703125,9.294290542602539,-0.6943184733390808,2.4181437492370605
1789130125357373400,74.76337353515625,9.198522567749023,-0.5937620401382446,2.609679937362671
1789130125373368000,74.7793681640625,9.026140213012695,-0.26815059781074524,2.3798365592956543
1789130125389368000,74.7953681640625,8.829815864562988,-0.6607996821403503,2.8107926845550537
1789130125405367800,74.81136791992188,9.375694274902344,-0.646434485912323,2.691082715988159
1789130125421368600,74.82736865234375,9.619902610778809,-0.09576806426048279,2.557007312774658
1789130125437375200,74.84337524414063,9.394847869873047,-0.5171475410461426,3.1938650608062744
1789130125453382400,74.85938232421876,9.351752281188965,-0.4836287498474121,2.8347349166870117
1789130125469382100,74.87538208007813,9.078812599182129,-0.5841852426528931,2.63362193107605
1789130125493383400,74.89938354492188,9.069235801696777,-0.7805097699165344,3.0837318897247314
1789130125517387000,74.92338696289063,10.012551307678223,-1.072602391242981,2.609679937362671
1789130125533386800,74.93938671875,9.730035781860352,-0.7948749661445618,2.8155810832977295
1789130125549389800,74.95538989257813,9.232041358947754,-0.7182605266571045,2.853888511657715
1789130125565390600,74.971390625,9.08838939666748,-0.6368576288223267,2.849100112915039
1789130125581395700,74.98739575195313,9.457097053527832,-0.545877993106842,3.0789434909820557
1789130125597401300,75.0034013671875,9.84495735168457,-0.6607996821403503,2.8826189041137695
1789130125613405400,75.01940551757812,9.610325813293457,-0.8188169598579407,2.6240451335906982
1789130125629406200,75.03540625,9.32302188873291,-0.6607996821403503,3.069366693496704
1789130125645408800,75.05140869140625,9.528923034667969,-0.4884171485900879,3.141192674636841
1789130125661412900,75.06741284179688,9.289502143859863,-0.9241618514060974,2.978386878967285
1789130125677420800,75.0834208984375,9.457097053527832,-0.9959878921508789,3.1651346683502197
1789130125693426700,75.0994267578125,9.792284965515137,-0.8810662031173706,2.8395233154296875
1789130125709435000,75.11543481445312,9.466673851013184,-0.6991068720817566,2.9017724990844727
1789130125725436700,75.13143676757812,9.198522567749023,-0.44532153010368347,3.0358476638793945
1789130125741438000,75.14743798828125,9.59596061706543,-0.608127236366272,2.5953147411346436
1789130125765446000,75.17144580078126,9.265560150146484,-0.7565677165985107,2.5713725090026855
1789130125781450000,75.18744995117187,9.17936897277832,-0.9385270476341248,2.585737943649292
1789130125797453300,75.20345336914062,9.653421401977539,-0.8427590131759644,2.5234885215759277
1789130125813457000,75.21945678710938,9.35654067993164,-1.0103530883789062,2.9065608978271484
1789130125829456400,75.23545629882813,9.44752025604248,-0.727837324142456,2.6815059185028076
1789130125845452800,75.25145288085938,9.706093788146973,-0.6224924325942993,2.5474305152893066
1789130125861455000,75.267455078125,9.279925346374512,-1.0821791887283325,2.7724854946136475
1789130125877456100,75.2834560546875,9.38048267364502,-0.8762778043746948,2.4851813316345215
1789130125893461800,75.29946166992187,8.973467826843262,-0.47884035110473633,2.5522189140319824
1789130125909467400,75.31546728515625,9.23682975769043,-0.5889736413955688,2.5522189140319824
1789130125925470700,75.331470703125,9.366117477416992,-0.4644751250743866,2.5713725090026855
1789130125941471000,75.34747094726562,9.351752281188965,-0.7134721279144287,2.8155810832977295
1789130125957470500,75.36347045898438,9.557653427124023,-0.33997663855552673,2.470816135406494
1789130125973469400,75.37946948242187,9.835380554199219,-0.5985504388809204,2.604891538619995
1789130125989477000,75.39547705078125,9.174580574035645,-0.8140285611152649,2.1930887699127197
1789130126005485600,75.41148559570313,9.255983352661133,-0.7948749661445618,2.207453966140747
1789130126021496300,75.42749633789063,9.107542991638184,-0.9959878921508789,2.4803929328918457
1789130126037502000,75.443501953125,9.677363395690918,-0.5267243981361389,2.691082715988159
1789130126053508000,75.45950805664063,9.639056205749512,-0.4692635238170624,2.2697031497955322
1789130126069517800,75.47551782226563,9.117119789123535,-0.8475474119186401,2.5330653190612793
1789130126085529900,75.49152978515625,9.174580574035645,-0.8427590131759644,2.274491548538208
1789130126101539600,75.50753955078125,9.57201862335205,-0.4118026793003082,2.279279947280884
1789130126125550600,75.53155053710938,9.548076629638672,-0.5937620401382446,2.250549554824829
1789130126141554700,75.5475546875,9.639056205749512,-0.5602431893348694,2.0398597717285156
1789130126157566700,75.56356665039063,9.289502143859863,-0.6751648783683777,1.8195933103561401
1789130126173579800,75.57957983398437,9.797073364257812,-0.7469909191131592,1.8387469053268433
1789130126189593600,75.59559350585937,9.433155059814453,-0.6607996821403503,1.9249382019042969
1789130126205608400,75.6116083984375,9.390059471130371,-0.4596867263317108,1.7573440074920654
1789130126221620200,75.6276201171875,9.198522567749023,-0.45489832758903503,2.011129379272461
1789130126237629700,75.64362963867187,10.074800491333008,-0.6847416758537292,2.604891538619995
1789130126253638000,75.65963793945312,9.873687744140625,-0.608127236366272,2.0159177780151367
1789130126269646000,75.67564599609375,9.677363395690918,-0.8188169598579407,1.8914192914962769
1789130126285647000,75.69164721679688,9.169792175292969,-0.8140285611152649,1.9153614044189453
1789130126301642200,75.70764233398438,9.53849983215332,-0.727837324142456,2.0925323963165283
1789130126317643000,75.72364306640625,9.5624418258667,-0.7374141216278076,1.7860745191574097
1789130126333640700,75.739640625,10.1753568649292,-0.7230489253997803,2.207453966140747
1789130126349641700,75.75564184570312,9.715670585632324,-0.8331822156906128,2.1499931812286377
1789130126365646300,75.77164624023438,9.950302124023438,-0.6607996821403503,1.8531121015548706
1789130126381646000,75.78764599609374,10.007762908935547,-0.7230489253997803,2.1499931812286377
1789130126397649000,75.80364892578125,9.576807022094727,-0.727837324142456,2.145204782485962
1789130126413652500,75.81965258789063,10.08437728881836,-0.7134721279144287,1.886630892753601
1789130126429655300,75.8356552734375,9.749189376831055,-0.3016694188117981,1.9393033981323242
1789130126445655300,75.8516552734375,9.433155059814453,-0.3734954595565796,2.1116859912872314
1789130126461659000,75.86765893554687,9.476250648498535,-0.5123591423034668,2.3702597618103027
1789130126477664800,75.88366479492187,10.491392135620117,-0.6799532771110535,2.03507137298584
1789130126493670000,75.899669921875,10.031704902648926,-0.7661445140838623,2.0685901641845703
1789130126509670000,75.915669921875,9.485827445983887,-0.5315127968788147,2.1978771686553955
1789130126525676800,75.9316767578125,10.070012092590332,-0.5841852426528931,2.121262788772583
1789130126541677800,75.947677734375,10.32858657836914,-0.6751648783683777,2.0590133666992188
1789130126557676500,75.96367651367187,9.672574996948242,-0.6224924325942993,2.006340980529785
1789130126573679000,75.97967919921875,9.433155059814453,-0.35913026332855225,2.10210919380188
1789130126589683000,75.99568286132812,9.840168952941895,-0.6224924325942993,1.5945383310317993
1789130126605686500,76.0116865234375,9.188945770263672,-0.7613561153411865,2.10210919380188
1789130126621691100,76.02769116210938,9.275136947631836,-0.7374141216278076,2.1356279850006104
1789130126637701600,76.04370166015624,9.840168952941895,-0.6847416758537292,1.6424223184585571
1789130126653708300,76.05970825195313,9.097966194152832,-0.727837324142456,2.0207061767578125
1789130126669712400,76.07571240234375,9.466673851013184,-0.6224924325942993,1.9776105880737305
1789130126685711400,76.09171142578126,10.012551307678223,-0.8571242094039917,1.8579005002975464
1789130126701712000,76.1077119140625,9.840168952941895,-0.9193734526634216,1.8100165128707886
1789130126717714700,76.12371459960937,9.481039047241211,-0.5889736413955688,2.1930887699127197
1789130126733726500,76.1397265625,9.725247383117676,-0.7805097699165344,2.346317768096924
1789130126749737000,76.15573706054687,9.658209800720215,-0.7326257228851318,1.8531121015548706
1789130126765749500,76.17174951171874,9.457097053527832,-0.4884171485900879,1.7573440074920654
1789130126781754000,76.18775415039063,9.121908187866211,-0.6751648783683777,1.6280571222305298
1789130126797760000,76.20376000976563,9.548076629638672,-0.6177040338516235,2.1164743900299072
1789130126813769700,76.21976977539063,10.055646896362305,-0.6320692300796509,2.0829553604125977
1789130126829782500,76.23578247070313,10.06043529510498,-0.7709329724311829,2.126051187515259
1789130126845789400,76.25178955078125,9.706093788146973,-0.7661445140838623,1.4987702369689941
1789130126861802500,76.26780249023437,9.097966194152832,-0.8092401623725891,1.9967641830444336
1789130126877809700,76.2838095703125,9.299078941345215,-0.5171475410461426,2.126051187515259
1789130126893815000,76.29981494140625,9.773131370544434,-0.507570743560791,1.9728221893310547
1789130126909825500,76.31582543945312,10.089165687561035,-0.8188169598579407,1.9393033981323242
1789130126925835000,76.3318349609375,9.59596061706543,-0.6943184733390808,2.1356279850006104
1789130126941844500,76.34784448242188,9.409213066101074,-1.039083480834961,2.097320795059204
1789130126957852000,76.36385180664062,9.940725326538086,-0.9816226959228516,1.7764976024627686
1789130126973858600,76.37985864257813,9.188945770263672,-0.26336219906806946,1.6280571222305298
1789130126989868300,76.39586840820313,8.9064302444458,-0.24420857429504395,2.1308395862579346
1789130127005880800,76.411880859375,10.232817649841309,-0.7182605266571045,2.0159177780151367
1789130127021894700,76.42789477539063,10.314221382141113,-0.7661445140838623,2.0015525817871094
1789130127037903400,76.4439033203125,9.600749015808105,-0.6560112833976746,1.7764976024627686
1789130127053907700,76.45990771484375,8.20732307434082,-0.42616790533065796,1.7908629179000854
1789130127069915600,76.47591552734374,8.494627952575684,-0.181959331035614,1.656787633895874
1789130127093929200,76.49992919921876,9.059659004211426,-0.33997663855552673,2.1116859912872314
1789130127109936400,76.51593627929688,10.002974510192871,-0.26336219906806946,2.054224967956543
1789130127125938700,76.53193872070312,9.840168952941895,-0.5027823448181152,1.50355863571167
1789130127141941500,76.54794140625,8.53293514251709,-0.5506663918495178,1.7142484188079834
1789130127157948700,76.56394873046875,9.050082206726074,-0.3974374830722809,1.9967641830444336
1789130127173960400,76.57996044921875,10.342951774597168,-0.7948749661445618,2.250549554824829
1789130127189972200,76.59597216796875,10.041281700134277,-0.4118026793003082,2.03507137298584
1789130127205982200,76.61198217773438,9.988609313964844,-0.5410895943641663,1.9488801956176758
1789130127221998000,76.627998046875,9.68694019317627,-1.0534487962722778,1.6280571222305298
1789130127238006300,76.64400634765624,9.174580574035645,-0.49799394607543945,1.987187385559082
1789130127254016000,76.66001611328124,9.318233489990234,-0.2537853717803955,2.231395959854126
1789130127270027800,76.67602783203125,9.461885452270508,-0.6320692300796509,1.9632453918457031
1789130127286033400,76.69203344726563,9.849745750427246,-0.6991068720817566,2.0590133666992188
1789130127302038800,76.70803881835937,9.701305389404297,-0.7230489253997803,2.1547815799713135
1789130127318047000,76.724046875,9.490615844726562,-0.6607996821403503,1.8962076902389526
1789130127334055400,76.74005541992187,9.854534149169922,-0.689530074596405,2.1787235736846924
1789130127350064000,76.75606420898437,10.170568466186523,-0.3495534360408783,2.140416383743286
1789130127366068000,76.77206787109375,10.002974510192871,-0.2777273952960968,2.1116859912872314
1789130127382075600,76.78807568359375,9.275136947631836,-0.7422025203704834,1.5705963373184204
1789130127398088700,76.80408862304688,9.169792175292969,-0.3064578175544739,1.5610195398330688
1789130127414101000,76.82010107421875,8.925583839416504,-0.06224924325942993,1.8770540952682495
1789130127430114000,76.83611401367187,8.920795440673828,-0.3256114423274994,2.073378562927246
1789130127446122800,76.85212280273437,10.08437728881836,-0.5985504388809204,1.6328455209732056
1789130127462127600,76.86812768554688,9.677363395690918,-0.4692635238170624,1.7764976024627686
1789130127478135300,76.88413525390625,9.68694019317627,-0.6272808313369751,1.8339585065841675
1789130127494144000,76.90014404296875,9.533711433410645,-0.4405331015586853,1.8579005002975464
1789130127510148400,76.9161484375,9.62947940826416,-0.6224924325942993,2.049436569213867
1789130127526151000,76.93215087890626,9.835380554199219,-0.6033388376235962,1.3455413579940796
1789130127542150700,76.94815063476562,9.375694274902344,-0.8475474119186401,1.403002142906189
1789130127558152700,76.96415258789062,8.983044624328613,-0.7709329724311829,1.7908629179000854
1789130127574155000,76.98015502929688,9.734824180603027,-0.7661445140838623,1.4221558570861816
1789130127590158300,76.99615844726563,9.265560150146484,-0.7038952708244324,1.4269442558288574
1789130127606166800,77.01216674804688,9.30386734008789,-0.43095630407333374,2.1978771686553955
1789130127622174200,77.02817431640625,10.309432983398438,-0.8619126081466675,1.3311761617660522
1789130127638179600,77.0441796875,10.041281700134277,-0.6368576288223267,2.0398597717285156
1789130127654184700,77.06018481445312,9.184157371520996,-0.6799532771110535,1.920149803161621
1789130127670187000,77.07618701171874,9.11233139038086,-0.9289502501487732,1.5275006294250488
1789130127686196200,77.0921962890625,8.695740699768066,-0.5027823448181152,1.7334020137786865
1789130127702209000,77.108208984375,9.619902610778809,-0.31603461503982544,2.1930887699127197
1789130127718224100,77.12422412109375,10.65898609161377,-0.7422025203704834,1.824381709098816
1789130127734243600,77.14024365234376,10.228029251098633,-1.0534487962722778,2.2457611560821533
1789130127750261200,77.15626123046874,10.108319282531738,-0.20111294090747833,1.5131354331970215
1789130127766276400,77.1722763671875,9.222464561462402,-0.5889736413955688,1.723825216293335
1789130127782293000,77.18829296875,9.117119789123535,-0.8619126081466675,2.121262788772583
1789130127798303200,77.20430322265625,10.390835762023926,-0.44532153010368347,1.599326729774475
1789130127814312400,77.2203125,9.069235801696777,-0.37828385829925537,1.3263877630233765
1789130127830317300,77.2363173828125,8.738836288452148,-0.9768342971801758,1.7717092037200928
1789130127846331100,77.2523310546875,9.974244117736816,-0.31124621629714966,1.9776105880737305
1789130127862343400,77.26834350585938,10.007762908935547,-0.4213795065879822,2.073378562927246
1789130127878356500,77.2843564453125,9.677363395690918,-0.6655880808830261,2.22660756111145
1789130127894371800,77.30037182617187,10.261548042297363,-0.7852981686592102,1.158793568611145
1789130127910382300,77.31638232421875,9.117119789123535,-0.9816226959228516,1.5275006294250488
1789130127926393600,77.3323935546875,9.519346237182617,-0.9624691009521484,1.723825216293335
1789130127942401800,77.34840185546875,10.189722061157227,-0.6272808313369751,1.5658079385757446
1789130127958408700,77.36440869140625,9.710882186889648,-0.9289502501487732,1.8531121015548706
1789130127974417200,77.38041723632813,10.381258964538574,-0.7613561153411865,1.259350061416626
1789130127998434000,77.40443408203124,9.093177795410156,-1.0869675874710083,1.9488801956176758
1789130128014448600,77.42044873046875,10.24239444732666,-0.7469909191131592,1.6376339197158813
1789130128030465500,77.43646557617187,10.108319282531738,-0.8523358106613159,1.968033790588379
1789130128046476000,77.45247607421875,10.08437728881836,-1.0869675874710083,1.9153614044189453
1789130128062488800,77.46848876953125,10.376470565795898,-1.235408067703247,2.0590133666992188
1789130128078497300,77.48449731445312,10.127472877502441,-0.6177040338516235,2.097320795059204
1789130128094505200,77.50050512695313,9.672574996948242,-0.828393816947937,2.006340980529785
1789130128110512000,77.51651220703125,10.390835762023926,-1.3646949529647827,1.6663644313812256
1789130128126514200,77.53251416015625,9.945513725280762,-0.4213795065879822,1.292868971824646
1789130128142518800,77.54851879882813,9.097966194152832,-0.6129156351089478,2.2026655673980713
1789130128158529500,77.56452954101563,10.271124839782715,-0.689530074596405,1.6089035272598267
1789130128174541000,77.580541015625,9.667786598205566,-0.9002198576927185,1.5275006294250488
1789130128190548500,77.59654858398437,9.251194953918457,-0.7086837291717529,1.5131354331970215
1789130128206556000,77.61255590820312,8.628703117370605,-1.0247182846069336,1.359906554222107
1789130128222559700,77.62855981445313,8.647856712341309,-0.8906430602073669,1.158793568611145
1789130128238565600,77.64456567382813,9.706093788146973,-0.17238251864910126,1.2880805730819702
1789130128254574600,77.66057470703124,9.672574996948242,-0.3878606855869293,1.9153614044189453
1789130128270585000,77.67658520507813,10.022128105163574,-0.9624691009521484,1.3742717504501343
1789130128286598400,77.69259838867187,9.591172218322754,-1.1779472827911377,1.647210717201233
1789130128302602500,77.7086025390625,9.38048267364502,-0.22505496442317963,1.53707754611969
1789130128318608400,77.7246083984375,9.806650161743164,-0.6224924325942993,1.3455413579940796
1789130128334610400,77.7406103515625,9.327810287475586,-1.1635819673538208,1.0821791887283325
1789130128350617900,77.75661791992188,9.318233489990234,-0.6512228846549988,1.4221558570861816
1789130128366620200,77.7726201171875,9.605537414550781,-0.17717093229293823,1.2976573705673218
1789130128382626600,77.78862646484374,8.887276649475098,-0.4596867263317108,1.699883222579956
1789130128398637600,77.80463745117187,8.427590370178223,-0.35913026332855225,1.4939818382263184
1789130128414637600,77.82063745117188,8.911218643188477,-0.507570743560791,1.0199298858642578
1789130128438645500,77.8446455078125,8.973467826843262,-0.6129156351089478,1.3886369466781616
1789130128454654000,77.86065405273438,8.9064302444458,-0.10534487664699554,1.7334020137786865
1789130128470662100,77.876662109375,9.030928611755371,-0.019153613597154617,1.3503297567367554
1789130128486667800,77.89266772460938,8.978256225585938,-0.06703764945268631,1.7334020137786865
1789130128502672600,77.90867260742188,9.744400978088379,-0.507570743560791,1.3742717504501343
1789130128518672400,77.92467236328125,9.275136947631836,-1.1204863786697388,2.183511972427368
1789130128534673700,77.94067358398438,10.122684478759766,0.31603461503982544,1.7812861204147339
1789130128550674700,77.9566748046875,10.06043529510498,-0.9911994934082031,1.8339585065841675
1789130128566679000,77.97267895507812,9.246406555175781,-1.292868971824646,2.365471363067627
1789130128582680000,77.98868017578125,9.509769439697266,-0.6368576288223267,1.6950948238372803
1789130128598683000,78.00468286132812,9.701305389404297,-0.31603461503982544,1.9249382019042969
1789130128614692900,78.02069287109374,9.90241813659668,-0.7709329724311829,2.140416383743286
1789130128630700800,78.03670068359375,9.964667320251465,-0.4118026793003082,1.556231141090393
1789130128646708500,78.05270849609374,8.844181060791016,-0.5123591423034668,1.900996208190918
1789130128662720000,78.06871997070313,9.059659004211426,-0.8571242094039917,2.31758713722229
1789130128678730000,78.08472998046875,9.581595420837402,-0.5267243981361389,2.2170307636260986
1789130128694741200,78.1007412109375,10.376470565795898,-0.40701428055763245,2.346317768096924
1789130128710751700,78.11675170898438,9.979032516479492,-0.6607996821403503,2.3511061668395996
1789130128726762000,78.13276196289063,9.366117477416992,-0.8619126081466675,2.1308395862579346
1789130128742771500,78.148771484375,8.868123054504395,-0.1628057211637497,2.250549554824829
1789130128766781000,78.17278100585938,9.825803756713867,-0.8571242094039917,2.8586769104003906
1789130128782788900,78.18878881835937,10.32858657836914,-0.7948749661445618,1.7286136150360107
1789130128798793500,78.20479345703124,9.275136947631836,-0.31124621629714966,3.1268274784088135
1789130128814800100,78.22080004882812,9.62947940826416,-0.9816226959228516,2.6671407222747803
1789130128830808000,78.23680810546875,9.835380554199219,-1.015141487121582,2.734178304672241
1789130128846819000,78.25281909179688,9.964667320251465,-1.455674648284912,3.0406360626220703
1789130128862833700,78.26883374023437,9.916783332824707,-1.2401964664459229,1.9967641830444336
1789130128878847500,78.28484741210937,8.920795440673828,-0.8140285611152649,2.786850690841675
1789130128894860500,78.30086059570313,8.853757858276367,-0.9289502501487732,2.940079689025879
1789130128910873600,78.31687353515625,10.381258964538574,-1.0534487962722778,2.2457611560821533
1789130128926883600,78.33288354492187,9.763554573059082,-0.7565677165985107,2.609679937362671
1789130128942891500,78.3488916015625,9.083600997924805,-0.3064578175544739,3.045424461364746
1789130128958905000,78.36490502929688,9.337387084960938,-0.7757213711738586,2.432508945465088
1789130128974910500,78.38091040039062,8.882488250732422,-0.646434485912323,2.5665841102600098
1789130128990926000,78.39692602539063,9.342175483703613,-1.0965443849563599,3.0310592651367188
1789130129006938600,78.41293872070312,9.806650161743164,-0.7852981686592102,2.341529369354248
1789130129022954200,78.42895434570312,9.77791976928711,-0.35434186458587646,2.7533318996429443
1789130129038962700,78.44496264648437,9.509769439697266,-1.0678139925003052,2.8203697204589844
1789130129054975500,78.4609755859375,9.346963882446289,-0.8810662031173706,2.5234885215759277
1789130129070990300,78.476990234375,9.433155059814453,-0.6703764796257019,2.671929121017456
1789130129086997800,78.49299780273438,8.662221908569336,0.1388636976480484,2.6192567348480225
1789130129103006000,78.509005859375,9.08838939666748,-0.28730419278144836,2.6671407222747803
1789130129127021000,78.53302099609375,8.183381080627441,-0.4405331015586853,2.9496564865112305
1789130129143029500,78.54902954101563,8.9064302444458,-0.2585737705230713,2.6144683361053467
1789130129159036200,78.5650361328125,9.32302188873291,-0.6991068720817566,2.5043349266052246
1789130129175037700,78.58103759765625,8.432378768920898,-0.9624691009521484,2.585737943649292
1789130129199048700,78.60504858398437,9.208099365234375,-0.871489405632019,2.6431987285614014
1789130129215056100,78.62105615234375,9.576807022094727,-0.3734954595565796,3.2417490482330322
1789130129231063000,78.63706298828124,9.701305389404297,-0.8236053586006165,2.499546527862549
1789130129247072000,78.65307202148438,9.308655738830566,-0.7086837291717529,2.3798365592956543
1789130129263076900,78.66907690429687,8.192957878112793,-0.06703764945268631,2.873042106628418
1789130129279089700,78.68508959960937,9.040505409240723,-0.4596867263317108,2.9688100814819336
1789130129295095300,78.70109521484375,10.390835762023926,-0.6033388376235962,3.1268274784088135
1789130129311104800,78.71710473632812,9.763554573059082,0.08619125932455063,2.63362193107605
1789130129327118000,78.7331181640625,8.892065048217773,-0.3687070608139038,2.9544448852539062
1789130129343129600,78.74912963867187,8.427590370178223,-0.3064578175544739,2.7437551021575928
1789130129359141400,78.76514135742187,8.901641845703125,-0.15322890877723694,3.00711727142334
1789130129375150800,78.78115087890625,8.686163902282715,-0.15322890877723694,2.9257144927978516
1789130129391165000,78.7971650390625,9.696516990661621,-0.33997663855552673,2.978386878967285
1789130129407177000,78.81317700195312,9.950302124023438,-0.45489832758903503,2.978386878967285
1789130129431191300,78.83719140625,9.265560150146484,-0.7661445140838623,2.9448680877685547
1789130129447195100,78.85319506835937,9.342175483703613,-1.1204863786697388,3.5194764137268066
1789130129463198500,78.86919848632813,10.520122528076172,-0.751779317855835,2.911349296569824
1789130129479201300,78.885201171875,9.883264541625977,-0.8475474119186401,3.1747114658355713
1789130129495204600,78.90120458984374,9.86889934539795,-0.9576807022094727,3.3231520652770996
1789130129511204900,78.91720483398437,9.768342971801758,-0.6272808313369751,2.873042106628418
1789130129527199200,78.93319921875,9.035717010498047,-1.0342950820922852,2.935291290283203
1789130129543197400,78.94919750976563,9.337387084960938,-1.0678139925003052,2.7533318996429443
1789130129559197700,78.96519775390625,9.591172218322754,-0.6560112833976746,2.786850690841675
1789130129575199000,78.98119897460937,9.763554573059082,-0.751779317855835,2.896984100341797
1789130129591207700,78.99720776367188,9.466673851013184,-0.9385270476341248,3.064578056335449
1789130129607215600,79.01321557617187,9.830592155456543,-0.5650315880775452,2.8107926845550537
1789130129623222800,79.02922290039062,9.68694019317627,-0.3208230137825012,2.6575639247894287
1789130129639232500,79.045232421875,9.557653427124023,-0.6129156351089478,2.5043349266052246
1789130129655238100,79.06123803710938,10.132261276245117,-0.3447650372982025,2.427720546722412
1789130129671242500,79.07724243164063,10.055646896362305,-0.9002198576927185,3.1699230670928955
1789130129687243500,79.09324340820312,9.864110946655273,-0.8667010068893433,2.4372973442077637
1789130129703253000,79.1092529296875,9.05487060546875,-0.7086837291717529,2.5282769203186035
1789130129719267600,79.125267578125,9.418789863586426,-0.7852981686592102,2.652775526046753
1789130129735278600,79.14127856445313,9.615114212036133,-1.0582371950149536,2.408566951751709
1789130129751285500,79.15728540039062,9.155426979064941,-0.47405192255973816,2.9257144927978516
1789130129767294200,79.17329418945313,9.600749015808105,-0.5410895943641663,2.849100112915039
1789130129783303200,79.18930322265625,9.069235801696777,-0.569819986820221,2.212242364883423
1789130129799310800,79.20531079101562,8.786720275878906,-0.727837324142456,2.322375535964966
1789130129815318500,79.22131860351563,8.882488250732422,-0.6416460275650024,2.0015525817871094
1789130129831320300,79.2373203125,8.99740982055664,-0.043095629662275314,2.2888567447662354
1789130129847324700,79.25332470703125,9.461885452270508,-0.31603461503982544,2.6575639247894287
1789130129863334100,79.26933422851563,9.639056205749512,-0.45010992884635925,2.3798365592956543
1789130129879339500,79.28533959960937,8.99740982055664,-0.6607996821403503,2.5474305152893066
1789130129895351600,79.3013515625,9.318233489990234,-0.5123591423034668,2.3798365592956543
1789130129911360300,79.3173603515625,9.385271072387695,-0.6847416758537292,2.7102363109588623
1789130129927369200,79.333369140625,9.806650161743164,0.004788403399288654,2.2361843585968018
1789130129943378400,79.34937841796875,9.797073364257812,-0.545877993106842,2.3319525718688965
1789130129959385000,79.36538500976563,8.480262756347656,-0.689530074596405,2.389413356781006
1789130129975390500,79.38139038085937,9.097966194152832,-0.023942016065120697,2.4899697303771973
1789130129991396900,79.39739697265625,10.15141487121582,-0.3974374830722809,2.1164743900299072
1789130130007406600,79.41340649414063,9.299078941345215,-0.6177040338516235,2.126051187515259
1789130130023408600,79.42940869140625,9.217676162719727,-0.40222588181495667,2.145204782485962
1789130130039415000,79.4454150390625,9.30386734008789,-0.24899697303771973,2.8107926845550537
1789130130055424800,79.4614248046875,9.744400978088379,-0.7565677165985107,2.3319525718688965
1789130130071425300,79.47742529296875,8.949525833129883,-0.28730419278144836,2.542642116546631
1789130130087428000,79.49342797851563,8.480262756347656,-0.17717093229293823,2.2840683460235596
1789130130103435300,79.50943530273437,9.433155059814453,-0.5793967843055725,2.6431987285614014
1789130130119440000,79.52543994140625,9.59596061706543,-0.3495534360408783,1.9345149993896484
1789130130135446300,79.5414462890625,9.030928611755371,0.090979665517807,2.8395233154296875
1789130130151451600,79.55745166015625,10.548852920532227,-0.35434186458587646,2.164358377456665
1789130130167463400,79.57346337890625,9.576807022094727,-0.37828385829925537,2.4229321479797363
1789130130183473400,79.58947338867188,9.57201862335205,0.14365209639072418,2.6815059185028076
1789130130199491300,79.6054912109375,9.528923034667969,-0.44532153010368347,2.585737943649292
1789130130223515000,79.62951489257813,8.877699851989746,-0.35434186458587646,2.628833532333374
1789130130239526000,79.64552587890626,9.47146224975586,-0.727837324142456,2.3798365592956543
1789130130255539500,79.66153955078126,9.945513725280762,-0.4644751250743866,3.0119056701660156
1789130130271550700,79.67755078125,9.720458984375,-0.4118026793003082,2.5234885215759277
1789130130287564300,79.69356420898437,9.409213066101074,-1.1779472827911377,2.38462495803833
1789130130303577000,79.7095771484375,9.50498104095459,-0.3447650372982025,2.4899697303771973
1789130130319591200,79.72559106445313,9.188945770263672,-0.5410895943641663,2.8155810832977295
1789130130335609000,79.74160913085937,9.519346237182617,-0.12928688526153564,2.499546527862549
1789130130351628300,79.75762817382812,8.87291145324707,-0.272938996553421,2.940079689025879
1789130130367641000,79.77364111328124,9.485827445983887,-0.17238251864910126,2.2170307636260986
1789130130383654000,79.78965380859376,9.289502143859863,-0.40701428055763245,2.580949544906616
1789130130399665200,79.8056650390625,8.911218643188477,-0.4692635238170624,2.121262788772583
1789130130415672600,79.82167260742187,8.791508674621582,-0.3495534360408783,2.9544448852539062
1789130130431682800,79.83768286132812,9.835380554199219,-0.038307227194309235,2.456450939178467
1789130130447692000,79.85369213867187,9.682151794433594,-0.2298433631658554,2.8203697204589844
1789130130463697700,79.86969775390625,9.232041358947754,-0.5027823448181152,2.7724854946136475
1789130130479704600,79.88570458984375,8.614337921142578,-0.43095630407333374,2.9879636764526367
1789130130495714300,79.90171435546876,9.821015357971191,-0.49799394607543945,2.5282769203186035
1789130130511726000,79.91772607421875,9.255983352661133,-0.5554547905921936,2.829946517944336
1789130130527737900,79.93373779296876,9.390059471130371,-0.5650315880775452,2.9735984802246094
1789130130543746000,79.94974609375,9.375694274902344,-0.6751648783683777,2.676717519760132
1789130130559752200,79.96575219726563,9.691728591918945,-0.3926490843296051,2.322375535964966
1789130130575760600,79.9817607421875,8.959102630615234,-0.13407529890537262,2.911349296569824
1789130130591764200,79.99776416015625,9.672574996948242,-0.3495534360408783,2.7006595134735107
1789130130607766800,80.01376684570313,9.17936897277832,-0.569819986820221,2.518700122833252
1789130130623775200,80.02977514648437,8.767566680908203,-0.1867477297782898,2.75812029838562
1789130130639794000,80.0457939453125,9.040505409240723,-0.44532153010368347,2.8203697204589844
1789130130655813600,80.06181372070313,9.749189376831055,-0.689530074596405,2.762908697128296
1789130130671826000,80.07782592773438,9.126696586608887,-0.6847416758537292,2.8586769104003906
1789130130687840000,80.09384008789063,9.284713745117188,-0.5315127968788147,2.8443117141723633
1789130130703854000,80.10985400390625,9.428366661071777,-0.5602431893348694,3.026270866394043
1789130130727864600,80.13386450195313,9.988609313964844,-0.1388636976480484,2.964021682739258
1789130130743874300,80.14987426757813,10.022128105163574,-0.7374141216278076,2.7533318996429443
1789130130759886000,80.16588598632812,9.265560150146484,-0.4405331015586853,3.0358476638793945
1789130130775899100,80.18189916992188,9.792284965515137,-0.5650315880775452,2.7054479122161865
1789130130791907000,80.19790698242187,9.370905876159668,-0.37828385829925537,2.9735984802246094
1789130130807917000,80.2139169921875,9.485827445983887,-0.44532153010368347,2.7006595134735107
1789130130823924500,80.22992456054688,9.064447402954102,-0.363918662071228,2.8634653091430664
1789130130839934500,80.2459345703125,9.442731857299805,-0.11971008777618408,3.2800562381744385
1789130130855940900,80.26194091796874,9.557653427124023,0.014365210197865963,2.7485435009002686
1789130130871945700,80.27794580078125,9.011775016784668,-0.5315127968788147,2.873042106628418
1789130130887947300,80.293947265625,9.2033109664917,-0.090979665517807,2.935291290283203
1789130130903958800,80.30995874023438,9.423578262329102,-0.5123591423034668,2.6144683361053467
1789130130919961300,80.32596142578124,9.643844604492188,-0.6177040338516235,2.873042106628418
1789130130935961000,80.34196118164063,9.27034854888916,-0.14365209639072418,3.0550012588500977
1789130130951966200,80.35796630859375,8.868123054504395,-0.5506663918495178,2.5474305152893066
1789130130967970800,80.373970703125,9.227252960205078,-0.7661445140838623,2.3942017555236816
1789130130983976000,80.38997583007813,9.059659004211426,-0.751779317855835,2.896984100341797
1789130130999977000,80.40597705078125,9.016563415527344,-0.4692635238170624,2.762908697128296
1789130131015980000,80.42197998046875,9.232041358947754,-0.16759411990642548,2.427720546722412
1789130131031982600,80.43798266601563,9.08838939666748,-0.45010992884635925,2.695871114730835
1789130131047979800,80.45397973632812,8.671798706054688,-0.3926490843296051,3.002328872680664
1789130131063981800,80.46998193359374,9.265560150146484,-0.4405331015586853,2.5282769203186035
1789130131079989000,80.48598901367187,8.686163902282715,-0.8858546018600464,2.853888511657715
1789130131095992600,80.50199267578125,9.251194953918457,-0.33039984107017517,2.9688100814819336
1789130131111998700,80.51799877929687,9.672574996948242,0.33039984107017517,2.3750481605529785
1789130131128004600,80.53400463867187,8.552088737487793,-0.7182605266571045,2.896984100341797
1789130131144011000,80.55001098632812,8.197746276855469,-0.6177040338516235,2.920926094055176
1789130131160009700,80.566009765625,8.820239067077637,-0.08619125932455063,2.8874073028564453
1789130131176014000,80.58201416015625,9.141061782836914,-0.13407529890537262,3.112462282180786
1789130131192018000,80.59801782226563,9.53849983215332,-0.45010992884635925,3.002328872680664
1789130131208022800,80.61402270507813,9.241618156433105,-0.38307225704193115,3.1890766620635986
1789130131224028000,80.63002783203125,8.87291145324707,-0.05746084079146385,3.117250680923462
1789130131240035000,80.64603515625,9.117119789123535,-0.3734954595565796,3.0406360626220703
1789130131256036600,80.66203662109375,9.442731857299805,-0.6560112833976746,3.136404275894165
1789130131272034000,80.67803393554688,8.954314231872559,-0.4118026793003082,3.2178070545196533
1789130131288024000,80.69402416992187,9.251194953918457,-0.21547815203666687,3.002328872680664
1789130131304025000,80.71002514648437,9.854534149169922,-0.5267243981361389,3.375824451446533
1789130131320025900,80.72602587890626,9.605537414550781,-0.24420857429504395,3.4141316413879395
1789130131336023300,80.74202319335937,9.399636268615723,-0.5889736413955688,2.8874073028564453
1789130131352023000,80.75802294921876,8.729259490966797,-0.5937620401382446,2.3989901542663574
1789130131368025300,80.774025390625,8.815450668334961,-0.3256114423274994,3.1938650608062744
1789130131384025600,80.79002563476563,9.23682975769043,0.047884032130241394,3.203441858291626
1789130131400024000,80.80602416992187,9.682151794433594,-0.35913026332855225,3.0310592651367188
1789130131416031000,80.82203100585937,9.615114212036133,-0.2059013396501541,2.542642116546631
1789130131432035000,80.83803515625,8.197746276855469,-0.49799394607543945,3.0310592651367188
1789130131448035300,80.85403540039063,9.232041358947754,-0.5171475410461426,2.8586769104003906
1789130131464035600,80.87003564453126,9.217676162719727,0.06703764945268631,3.6774938106536865
1789130131480033000,80.88603295898437,9.682151794433594,-0.35434186458587646,3.265691041946411
1789130131496032500,80.90203247070312,10.06043529510498,-0.8475474119186401,2.892195701599121
1789130131512032000,80.91803198242188,9.370905876159668,-0.20111294090747833,3.28963303565979
1789130131528027400,80.93402734375,9.677363395690918,-0.545877993106842,3.098097085952759
1789130131544026000,80.95002612304687,8.877699851989746,-0.7422025203704834,3.1028854846954346
1789130131560026600,80.96602661132812,9.38048267364502,-0.6368576288223267,3.222595453262329
1789130131576025900,80.98202587890626,9.99339771270752,-0.33518823981285095,3.1316158771514893
1789130131592026400,80.9980263671875,9.945513725280762,-0.08619125932455063,2.9927520751953125
1789130131608030000,81.01403002929688,8.801085472106934,-0.2106897532939911,2.9017724990844727
1789130131624031000,81.03003100585937,7.86734676361084,-0.42616790533065796,3.35667085647583
1789130131640031500,81.04603149414062,9.198522567749023,-0.40222588181495667,2.6384103298187256
1789130131656035600,81.06203564453125,8.887276649475098,-0.2585737705230713,3.3901896476745605
1789130131672035000,81.07803515625,9.102754592895508,0.038307227194309235,3.4332852363586426
1789130131688036600,81.09403662109375,9.390059471130371,-0.26815059781074524,2.8826189041137695
1789130131704039400,81.11003930664063,8.667010307312012,-0.08140286058187485,3.112462282180786
1789130131720041200,81.12604125976563,8.99740982055664,-0.24899697303771973,3.1459810733795166
1789130131736045000,81.14204516601562,9.289502143859863,-0.569819986820221,2.868253707885742
1789130131752052500,81.15805249023437,9.141061782836914,-0.19153612852096558,3.4524388313293457
1789130131768055600,81.1740556640625,9.768342971801758,-0.24420857429504395,3.002328872680664
1789130131784053200,81.19005322265625,9.294290542602539,-0.05746084079146385,3.0406360626220703
1789130131800047000,81.20604711914062,9.21288776397705,-0.569819986820221,3.1507694721221924
1789130131816046300,81.22204638671874,8.729259490966797,-0.3208230137825012,3.361459255218506
1789130131832045800,81.2380458984375,9.08838939666748,-0.3064578175544739,3.19865345954895
1789130131848052700,81.254052734375,9.519346237182617,-0.5506663918495178,3.2130186557769775
1789130131864062200,81.27006225585937,9.074024200439453,-0.3926490843296051,3.1890766620635986
1789130131880068000,81.28606811523437,9.217676162719727,-0.1149216815829277,2.8826189041137695
1789130131896067600,81.30206762695312,8.552088737487793,-0.35434186458587646,2.8347349166870117
1789130131912075800,81.31807568359375,9.14585018157959,-0.15801730751991272,3.1699230670928955
1789130131928078300,81.33407836914063,9.548076629638672,-0.15801730751991272,3.0789434909820557
1789130131944088000,81.35008813476563,9.485827445983887,-0.5267243981361389,2.9448680877685547
1789130131960097000,81.36609692382812,9.346963882446289,-0.19153612852096558,2.940079689025879
1789130131976104700,81.38210473632813,9.117119789123535,-0.29209262132644653,3.0358476638793945
1789130131992109300,81.398109375,8.949525833129883,-0.569819986820221,3.308786630630493
1789130132008115700,81.41411572265625,9.734824180603027,0.22026655077934265,3.2992098331451416
1789130132024121600,81.43012158203125,10.041281700134277,-0.28730419278144836,3.332728862762451
1789130132040125200,81.44612524414063,9.931148529052734,-0.13407529890537262,2.9017724990844727
1789130132056131300,81.46213134765625,9.11233139038086,-0.35434186458587646,2.8155810832977295
1789130132072142000,81.47814208984374,9.399636268615723,-0.5937620401382446,3.0358476638793945
1789130132088149200,81.49414916992187,9.509769439697266,-0.2825157940387726,2.959233283996582
1789130132104152300,81.51015234375,9.500192642211914,0.009576806798577309,3.098097085952759
1789130132120153300,81.5261533203125,9.763554573059082,-0.043095629662275314,2.868253707885742
1789130132136159000,81.54215893554688,9.773131370544434,-0.1149216815829277,2.7006595134735107
1789130132152161800,81.55816186523438,9.615114212036133,-0.33039984107017517,3.0406360626220703
1789130132168164400,81.57416430664063,9.47146224975586,-0.33039984107017517,2.456450939178467
1789130132184167200,81.59016723632813,9.275136947631836,-0.8619126081466675,3.179499864578247
1789130132200175400,81.60617529296874,10.342951774597168,0.06224924325942993,2.4899697303771973
1789130132216185600,81.622185546875,9.600749015808105,0.009576806798577309,2.6575639247894287
1789130132232190000,81.63818994140625,8.911218643188477,-0.3878606855869293,2.691082715988159
1789130132248190000,81.65418994140624,9.730035781860352,-0.014365210197865963,2.499546527862549
1789130132264188700,81.67018872070312,9.8784761428833,-0.1388636976480484,2.2888567447662354
1789130132280188400,81.6861884765625,8.992621421813965,-0.3064578175544739,2.868253707885742
1789130132296190000,81.70218994140625,9.691728591918945,0.028730420395731926,2.7724854946136475
1789130132312192000,81.71819189453124,9.840168952941895,-0.090979665517807,2.346317768096924
1789130132328194800,81.73419482421875,8.9064302444458,-0.3064578175544739,2.676717519760132
1789130132344200000,81.75019995117188,9.136273384094238,-0.028730420395731926,2.3271639347076416
1789130132360207600,81.76620751953125,9.299078941345215,-0.16759411990642548,2.38462495803833
1789130132376213800,81.7822138671875,9.423578262329102,-0.24899697303771973,2.561795711517334
1789130132392217600,81.79821752929688,9.160215377807617,0.2106897532939911,2.0590133666992188
1789130132408228900,81.81422875976563,9.710882186889648,-0.1628057211637497,2.078166961669922
1789130132424238300,81.83023828125,9.299078941345215,-0.06224924325942993,2.557007312774658
1789130132440240600,81.84624072265625,9.864110946655273,0.090979665517807,2.22660756111145
1789130132456245000,81.86224487304688,9.299078941345215,0.038307227194309235,2.3558945655822754
1789130132472249000,81.8782490234375,9.787496566772461,-0.4213795065879822,2.145204782485962
1789130132488248300,81.89424829101563,9.050082206726074,-0.29209262132644653,2.0925323963165283
1789130132504249300,81.91024926757812,9.639056205749512,-0.33997663855552673,2.47560453414917
1789130132520252700,81.92625268554687,9.346963882446289,-0.22026655077934265,2.6144683361053467
1789130132536258600,81.94225854492187,9.509769439697266,-0.15322890877723694,2.427720546722412
1789130132552265000,81.95826489257813,9.126696586608887,-0.5506663918495178,1.8483237028121948
1789130132568274200,81.97427416992187,9.160215377807617,-0.14365209639072418,2.408566951751709
1789130132584279600,81.99027954101562,9.864110946655273,-0.05267243832349777,2.427720546722412
1789130132600282600,82.00628271484375,10.160991668701172,-0.6224924325942993,2.2697031497955322
1789130132616295000,82.022294921875,9.485827445983887,-0.3447650372982025,2.470816135406494
1789130132632299000,82.03829907226563,9.706093788146973,-0.45489832758903503,2.255337953567505
1789130132648299800,82.0542998046875,9.730035781860352,-0.3687070608139038,2.0398597717285156
1789130132664305400,82.07030541992188,9.47146224975586,-0.13407529890537262,2.1739351749420166
1789130132680310800,82.08631079101562,9.62947940826416,-0.4118026793003082,2.0398597717285156
1789130132696313000,82.10231298828126,9.557653427124023,-0.4118026793003082,1.867477297782898
1789130132712310000,82.11831005859375,9.404424667358398,-0.08140286058187485,2.1595699787139893
1789130132728305200,82.13430517578125,9.825803756713867,-0.023942016065120697,2.427720546722412
1789130132744304000,82.15030419921875,9.873687744140625,-0.3064578175544739,1.824381709098816
1789130132760305000,82.16630493164062,9.519346237182617,-0.26336219906806946,2.0877439975738525
1789130132776310000,82.18231005859376,9.557653427124023,-0.40222588181495667,1.9249382019042969
1789130132792316000,82.19831591796876,9.610325813293457,-0.2825157940387726,2.360682964324951
1789130132808324400,82.21432446289063,9.749189376831055,-0.08140286058187485,2.0207061767578125
1789130132824331500,82.23033154296876,9.653421401977539,-0.6368576288223267,2.145204782485962
1789130132840337700,82.24633764648438,9.57201862335205,-0.19153612852096558,1.9105730056762695
1789130132856341200,82.26234130859375,9.332598686218262,0.1388636976480484,2.1595699787139893
1789130132872349200,82.27834912109375,9.643844604492188,-0.2825157940387726,2.0159177780151367
1789130132888361000,82.29436083984375,10.299856185913086,-0.26336219906806946,1.742978811264038
1789130132904372000,82.3103720703125,9.198522567749023,-0.1388636976480484,2.2840683460235596
1789130132920381000,82.326380859375,9.911994934082031,-0.047884032130241394,2.1164743900299072
1789130132936390400,82.34239038085937,9.921571731567383,-0.2346317619085312,1.8579005002975464
1789130132952398600,82.35839868164062,8.944737434387207,-0.19153612852096558,2.1978771686553955
1789130132968402000,82.37440185546875,9.428366661071777,-0.2059013396501541,1.9584569931030273
1789130132984406500,82.39040649414062,9.370905876159668,-0.33039984107017517,1.920149803161621
1789130133000414200,82.40641430664063,8.820239067077637,-0.21547815203666687,2.1068975925445557
1789130133016423000,82.4224228515625,9.342175483703613,-0.13407529890537262,2.0925323963165283
1789130133032429000,82.43842895507812,9.466673851013184,-0.43095630407333374,1.742978811264038
1789130133048429800,82.45442993164062,9.097966194152832,-0.3687070608139038,2.188300371170044
1789130133064436700,82.47043676757812,9.064447402954102,-0.1149216815829277,2.1595699787139893
1789130133088448000,82.49444799804688,9.32302188873291,-0.4836287498474121,2.1308395862579346
1789130133104453400,82.51045336914062,9.466673851013184,-0.3447650372982025,1.9728221893310547
1789130133120456400,82.52645654296875,9.476250648498535,-0.20111294090747833,1.8962076902389526
1789130133136458500,82.54245849609374,9.332598686218262,-0.07661445438861847,2.279279947280884
1789130133152459300,82.55845922851563,9.93593692779541,-0.20111294090747833,1.6519991159439087
1789130133168463400,82.57446337890624,9.50498104095459,-0.019153613597154617,1.8052281141281128
1789130133184463600,82.59046362304687,9.165003776550293,0.033518824726343155,2.1978771686553955
1789130133208459800,82.61445971679687,9.188945770263672,-0.2777273952960968,2.10210919380188
1789130133224459300,82.63045922851562,9.543288230895996,-0.17717093229293823,1.8531121015548706
1789130133240463600,82.64646362304687,9.265560150146484,-0.21547815203666687,1.7717092037200928
1789130133256466200,82.66246606445313,9.557653427124023,-0.22505496442317963,2.145204782485962
1789130133272469200,82.67846923828125,9.107542991638184,-0.14365209639072418,1.8914192914962769
1789130133288473000,82.69447314453124,9.452308654785156,0.26815059781074524,1.9919757843017578
1789130133304480500,82.71048046875,9.677363395690918,0,1.7812861204147339
1789130133320488700,82.72648876953124,9.883264541625977,-0.19632454216480255,2.3271639347076416
1789130133336498000,82.74249780273438,10.15141487121582,0.11013327538967133,1.900996208190918
1789130133352502000,82.758501953125,9.481039047241211,-0.20111294090747833,2.389413356781006
1789130133368506400,82.77450634765626,9.75397777557373,-0.10055647045373917,2.049436569213867
1789130133384505900,82.790505859375,10.079588890075684,0.08140286058187485,1.886630892753601
1789130133400506600,82.80650659179688,9.246406555175781,-0.08619125932455063,2.346317768096924
1789130133416512500,82.82251245117187,9.734824180603027,-0.181959331035614,2.0207061767578125
1789130133432511700,82.83851171875,9.749189376831055,-0.043095629662275314,1.9393033981323242
1789130133448510700,82.8545107421875,9.188945770263672,0.3064578175544739,2.121262788772583
1789130133464514000,82.87051416015625,9.44752025604248,-0.047884032130241394,2.073378562927246
1789130133480519000,82.88651879882812,9.227252960205078,0.009576806798577309,1.8914192914962769
1789130133496531200,82.90253125,9.77791976928711,0.363918662071228,2.3080103397369385
1789130133512536300,82.91853637695313,9.77791976928711,0.05267243832349777,2.1068975925445557
1789130133528536300,82.93453637695312,10.103530883789062,0.009576806798577309,2.0254945755004883
1789130133544541400,82.95054150390625,9.552865028381348,0.2346317619085312,2.1068975925445557
1789130133560537900,82.96653784179688,9.792284965515137,0.33039984107017517,2.006340980529785
1789130133576544300,82.98254418945312,9.792284965515137,0.33518823981285095,2.078166961669922
1789130133592551000,82.99855102539063,9.921571731567383,0.19632454216480255,2.0685901641845703
1789130133608559600,83.0145595703125,9.763554573059082,0.4213795065879822,2.432508945465088
1789130133624566800,83.03056689453125,10.24239444732666,0.11971008777618408,2.006340980529785
1789130133640572000,83.04657202148438,10.007762908935547,-0.19153612852096558,2.207453966140747
1789130133656579800,83.06257983398437,9.84495735168457,0.05267243832349777,2.231395959854126
1789130133672585000,83.0785849609375,9.543288230895996,0.1388636976480484,2.1739351749420166
1789130133688586200,83.09458618164062,9.32302188873291,0.28730419278144836,1.9967641830444336
1789130133704586800,83.11058666992187,9.543288230895996,0.19632454216480255,2.1499931812286377
1789130133720590300,83.12659033203126,10.022128105163574,0.26336219906806946,2.0015525817871094
1789130133736592000,83.142591796875,9.955090522766113,0.20111294090747833,1.9919757843017578
1789130133752594200,83.15859423828125,9.375694274902344,0.38307225704193115,2.011129379272461
1789130133768597800,83.17459765625,9.50498104095459,0.37828385829925537,1.8531121015548706
1789130133784599300,83.19059936523438,9.677363395690918,0.21547815203666687,1.9057846069335938
1789130133800596200,83.20659619140625,9.648633003234863,0.5171475410461426,1.9632453918457031
1789130133816594700,83.2225947265625,9.528923034667969,0.4405331015586853,2.030282974243164
1789130133832591600,83.23859155273438,9.533711433410645,0.3016694188117981,1.9297266006469727
1789130133848587800,83.254587890625,9.366117477416992,0.23942017555236816,1.6903064250946045
1789130133864588300,83.27058837890625,9.030928611755371,0.3447650372982025,2.145204782485962
1789130133880588500,83.28658862304688,9.548076629638672,0.2825157940387726,1.7956513166427612
1789130133896593400,83.30259350585938,9.830592155456543,0.4644751250743866,1.7621324062347412
1789130133912603400,83.31860327148438,9.428366661071777,0.608127236366272,2.183511972427368
1789130133928608300,83.33460815429687,9.500192642211914,0.28730419278144836,2.0685901641845703
1789130133944621800,83.35062182617187,9.552865028381348,0.23942017555236816,1.7094600200653076
1789130133960633300,83.36663330078125,9.332598686218262,0.11971008777618408,1.8962076902389526
1789130133976646100,83.38264624023438,9.227252960205078,0.31603461503982544,1.9057846069335938
1789130133992655400,83.3986552734375,9.500192642211914,0.4213795065879822,1.9536685943603516
1789130134008663000,83.4146630859375,9.591172218322754,0.5410895943641663,1.968033790588379
1789130134032673300,83.43867333984375,9.437943458557129,0.6272808313369751,1.8483237028121948
1789130134048676400,83.45467626953125,9.21288776397705,0.6607996821403503,2.121262788772583
1789130134064681000,83.47068090820312,9.461885452270508,0.3064578175544739,2.0590133666992188
1789130134080687000,83.48668701171874,9.830592155456543,0.14844051003456116,2.126051187515259
1789130134096693800,83.50269384765625,9.68694019317627,0.17238251864910126,2.2697031497955322
1789130134112705300,83.51870532226563,9.773131370544434,0.3447650372982025,2.1787235736846924
1789130134128712400,83.53471240234374,9.533711433410645,0.5554547905921936,2.0254945755004883
1789130134144724200,83.55072412109375,9.409213066101074,0.31603461503982544,1.9728221893310547
1789130134160733000,83.56673291015625,9.639056205749512,0.2968810200691223,2.2409727573394775
1789130134176746200,83.58274633789063,9.931148529052734,0.40222588181495667,2.3271639347076416
1789130134192754400,83.59875439453126,9.998186111450195,0.1867477297782898,2.0398597717285156
1789130134208764000,83.61476391601562,10.122684478759766,0.26815059781074524,1.8195933103561401
1789130134224774700,83.63077465820312,9.50498104095459,0.17717093229293823,1.9345149993896484
1789130134240791600,83.64679150390624,9.543288230895996,0.12449848651885986,2.169146776199341
1789130134264819000,83.67081884765625,9.892841339111328,0.10055647045373917,2.0829553604125977
1789130134280824000,83.68682397460938,9.835380554199219,0.31603461503982544,1.7812861204147339
1789130134296834800,83.70283471679687,9.318233489990234,-0.06224924325942993,2.22660756111145
1789130134312846000,83.71884619140624,9.576807022094727,0.15801730751991272,1.8626888990402222
1789130134328860000,83.73485986328124,9.481039047241211,0.20111294090747833,2.3032219409942627
1789130134344871200,83.75087109375,9.926360130310059,-0.043095629662275314,1.886630892753601
1789130134360889900,83.76688989257812,10.156203269958496,0.038307227194309235,2.1068975925445557
1789130134376908300,83.782908203125,9.964667320251465,0.047884032130241394,2.073378562927246
1789130134392925200,83.79892529296875,9.366117477416992,-0.12928688526153564,2.0254945755004883
1789130134408939300,83.81493920898437,9.308655738830566,-0.15801730751991272,2.0207061767578125
1789130134424950800,83.83095068359376,9.337387084960938,-0.019153613597154617,2.0207061767578125
1789130134440959200,83.84695922851563,9.500192642211914,-0.06224924325942993,1.742978811264038
1789130134456967700,83.8629677734375,9.370905876159668,0.5410895943641663,2.1787235736846924
1789130134472978700,83.87897875976563,9.490615844726562,0.1867477297782898,2.1787235736846924
1789130134488987600,83.89498754882813,9.974244117736816,-0.2777273952960968,2.1116859912872314
1789130134505005600,83.91100561523437,9.797073364257812,0.10055647045373917,1.7621324062347412
1789130134521022200,83.92702221679687,9.21288776397705,-0.15801730751991272,2.3032219409942627
1789130134537041200,83.94304125976562,9.988609313964844,-0.009576806798577309,2.2457611560821533
1789130134553057300,83.95905737304687,9.950302124023438,0.3687070608139038,2.2840683460235596
1789130134569074400,83.97507446289063,9.821015357971191,-0.2825157940387726,2.121262788772583
1789130134585090000,83.99109008789063,9.260771751403809,0.1149216815829277,1.800439715385437
1789130134609115400,84.01511547851563,9.696516990661621,-0.19153612852096558,2.2218191623687744
1789130134625135000,84.03113500976562,9.763554573059082,-0.4644751250743866,2.1930887699127197
1789130134641154600,84.04715454101563,9.974244117736816,-0.751779317855835,1.5897499322891235
1789130134657174300,84.06317431640625,9.404424667358398,-0.3256114423274994,1.9584569931030273
1789130134673192400,84.0791923828125,9.17936897277832,0.181959331035614,2.140416383743286
1789130134689210600,84.09521069335938,9.121908187866211,0.20111294090747833,1.2976573705673218
1789130134705228500,84.111228515625,8.389283180236816,-0.2968810200691223,2.408566951751709
1789130134721246000,84.12724584960938,9.859322547912598,-0.29209262132644653,1.766920804977417
1789130134737266200,84.14326611328126,9.605537414550781,0.8762778043746948,2.255337953567505
1789130134753283600,84.15928369140624,10.582371711730957,1.0438719987869263,2.695871114730835
1789130134769302500,84.17530249023437,10.098742485046387,-0.7182605266571045,2.4229321479797363
1789130134785322000,84.19132202148438,10.548852920532227,-0.9145850539207458,2.715024709701538
1789130134801343000,84.20734301757813,10.879252433776855,-0.7565677165985107,2.7724854946136475
1789130134817364200,84.2233642578125,12.1194486618042,-0.5410895943641663,2.6001031398773193
1789130134833381000,84.23938110351563,9.988609313964844,-0.272938996553421,1.7381904125213623
1789130134849399800,84.25539990234375,8.882488250732422,-0.5985504388809204,1.6855180263519287
1789130134865416000,84.271416015625,9.227252960205078,-0.4644751250743866,2.0015525817871094
1789130134881430800,84.2874306640625,9.667786598205566,-0.608127236366272,1.6855180263519287
1789130134897448700,84.30344873046874,10.017339706420898,-0.7661445140838623,1.8770540952682495
1789130134913466400,84.31946630859375,9.648633003234863,-0.2346317619085312,1.9776105880737305
1789130134929481200,84.33548120117187,8.829815864562988,-0.272938996553421,1.6184803247451782
1789130134945491000,84.35149096679687,8.820239067077637,-0.8236053586006165,2.0590133666992188
1789130134961500700,84.36750073242187,9.983820915222168,0.7948749661445618,1.5849615335464478
1789130134977516300,84.38351635742187,9.131484985351562,0.23942017555236816,1.9153614044189453
1789130134993533200,84.399533203125,9.667786598205566,-0.09576806426048279,1.7525556087493896
1789130135009551000,84.41555102539063,9.830592155456543,0.09576806426048279,1.4939818382263184
1789130135025567000,84.43156689453124,9.299078941345215,0.090979665517807,2.1499931812286377
1789130135041580500,84.44758056640624,9.591172218322754,-0.646434485912323,1.5514427423477173
1789130135057593300,84.46359326171876,10.390835762023926,-0.33518823981285095,1.1635819673538208
1789130135073612000,84.47961206054687,8.145073890686035,0.3878606855869293,1.9249382019042969
1789130135089629700,84.49562963867187,8.89685344696045,-0.15801730751991272,2.078166961669922
1789130135105648400,84.5116484375,9.591172218322754,-0.4213795065879822,1.115697979927063
1789130135121667800,84.52766772460937,7.565677165985107,0.004788403399288654,2.7054479122161865
1789130135137685000,84.54368505859375,9.169792175292969,-0.15322890877723694,1.5418659448623657
1789130135153701400,84.55970141601563,9.988609313964844,-0.6177040338516235,2.164358377456665
1789130135169715000,84.57571484375,9.385271072387695,0.12449848651885986,1.968033790588379
1789130135185732600,84.59173266601563,9.27034854888916,-0.4884171485900879,1.7860745191574097
1789130135201752300,84.60775244140625,9.14585018157959,-0.090979665517807,2.2697031497955322
1789130135217766000,84.62376586914063,9.059659004211426,0.023942016065120697,2.3271639347076416
1789130135233784000,84.6397841796875,8.87291145324707,-0.24420857429504395,2.4803929328918457
1789130135249805600,84.6558056640625,9.002198219299316,0.019153613597154617,1.920149803161621
1789130135273830000,84.67982983398437,8.99740982055664,-0.2059013396501541,2.2601263523101807
1789130135289844500,84.69584448242188,8.992621421813965,-0.33518823981285095,2.671929121017456
1789130135305865700,84.71186572265626,9.481039047241211,-0.05746084079146385,2.8826189041137695
1789130135321886000,84.72788598632812,10.06043529510498,0.05267243832349777,2.715024709701538
1789130135337904400,84.743904296875,10.204087257385254,-0.24420857429504395,2.4899697303771973
1789130135353922000,84.75992211914063,9.385271072387695,-0.3064578175544739,2.896984100341797
1789130135369942300,84.7759423828125,9.749189376831055,0.22505496442317963,2.849100112915039
1789130135385966600,84.79196655273438,10.103530883789062,-0.42616790533065796,2.6862943172454834
1789130135401993200,84.8079931640625,9.945513725280762,-0.6177040338516235,3.00711727142334
1789130135418012200,84.82401220703125,9.509769439697266,-0.2298433631658554,2.676717519760132
1789130135434031000,84.84003100585937,9.744400978088379,0.15801730751991272,2.9305028915405273
1789130135450050800,84.85605078125,9.734824180603027,-0.2106897532939911,2.959233283996582
1789130135466063400,84.8720634765625,10.35252857208252,-0.47405192255973816,2.82515811920166
1789130135482075000,84.88807495117187,9.701305389404297,0.31603461503982544,2.5091233253479004
1789130135498084600,84.90408471679687,9.466673851013184,0.4596867263317108,2.786850690841675
1789130135514092500,84.92009252929688,9.605537414550781,0.15801730751991272,2.75812029838562
1789130135530103300,84.93610327148437,9.940725326538086,-0.31603461503982544,2.231395959854126
1789130135546116900,84.95211694335937,9.217676162719727,-0.363918662071228,2.786850690841675
1789130135562129000,84.96812890625,9.481039047241211,0.13407529890537262,2.849100112915039
1789130135578142000,84.98414184570312,9.93593692779541,-0.13407529890537262,2.762908697128296
1789130135594154800,85.00015478515625,9.476250648498535,-0.545877993106842,2.585737943649292
1789130135610171100,85.01617114257813,9.294290542602539,-0.10055647045373917,2.8634653091430664
1789130135626187300,85.03218725585937,9.059659004211426,-0.2537853717803955,2.873042106628418
1789130135642198500,85.04819848632812,9.27034854888916,-0.2968810200691223,2.5474305152893066
1789130135658207700,85.06420776367187,9.17936897277832,-0.24899697303771973,2.499546527862549
1789130135674218200,85.08021826171876,9.045293807983398,-0.15322890877723694,2.762908697128296
1789130135690229500,85.0962294921875,9.706093788146973,-0.14844051003456116,2.75812029838562
1789130135706242800,85.11224291992187,9.222464561462402,-0.014365210197865963,2.801215887069702
1789130135722256400,85.12825634765625,9.32302188873291,-0.181959331035614,2.9496564865112305
1789130135738269000,85.14426904296874,9.658209800720215,-0.49799394607543945,2.7102363109588623
1789130135754275000,85.16027514648438,9.279925346374512,-0.24899697303771973,2.9544448852539062
1789130135770284500,85.17628442382812,9.21288776397705,-0.009576806798577309,2.6144683361053467
1789130135786298000,85.19229809570312,9.02135181427002,-0.10534487664699554,2.978386878967285
1789130135802309000,85.20830908203125,9.318233489990234,-0.08140286058187485,2.7437551021575928
1789130135818318800,85.22431884765625,9.859322547912598,-0.17238251864910126,3.0310592651367188
1789130135834325200,85.2403251953125,9.720458984375,-0.5841852426528931,2.4612393379211426
1789130135850337000,85.2563369140625,8.700529098510742,-0.10534487664699554,3.1459810733795166
1789130135866349000,85.27234912109375,9.006986618041992,-0.2346317619085312,2.738966703414917
1789130135882363000,85.28836279296875,9.275136947631836,-0.8523358106613159,2.8107926845550537
1789130135898378000,85.3043779296875,9.639056205749512,-0.5841852426528931,2.8634653091430664
1789130135914393300,85.32039331054688,9.165003776550293,0.023942016065120697,2.75812029838562
1789130135930406400,85.33640649414062,8.844181060791016,-0.10534487664699554,2.6862943172454834
1789130135946413600,85.35241357421874,9.552865028381348,-0.19153612852096558,2.9305028915405273
1789130135962422000,85.36842211914062,9.773131370544434,-0.22505496442317963,2.964021682739258
1789130135978431500,85.38443139648437,9.227252960205078,-0.028730420395731926,2.849100112915039
1789130135994438400,85.4004384765625,9.643844604492188,-0.4692635238170624,2.8395233154296875
1789130136010446300,85.4164462890625,8.911218643188477,-0.3495534360408783,2.801215887069702
1789130136026456600,85.43245654296875,8.595184326171875,-0.043095629662275314,2.8778305053710938
1789130136042468900,85.44846875,9.208099365234375,-0.090979665517807,3.0310592651367188
1789130136058482000,85.46448193359375,9.409213066101074,-0.4836287498474121,3.1316158771514893
1789130136074489300,85.4804892578125,9.313444137573242,-0.19153612852096558,2.4851813316345215
1789130136090496300,85.49649633789062,8.5903959274292,-0.5746083855628967,3.3949780464172363
1789130136106500400,85.51250024414063,9.524134635925293,-0.13407529890537262,2.9975404739379883
1789130136122507000,85.52850708007813,9.81143856048584,-0.3447650372982025,2.715024709701538
1789130136138513400,85.54451342773437,9.428366661071777,-0.6991068720817566,3.136404275894165
1789130136154520800,85.56052075195312,10.041281700134277,-0.5315127968788147,2.9496564865112305
1789130136170529000,85.57652905273437,9.21288776397705,0.14365209639072418,3.380612850189209
1789130136186536400,85.59253637695312,9.083600997924805,-0.023942016065120697,3.2417490482330322
1789130136202546400,85.60854638671876,8.911218643188477,-0.569819986820221,2.3558945655822754
1789130136218555100,85.62455517578125,9.30386734008789,0.1628057211637497,2.9927520751953125
1789130136234561300,85.64056127929688,9.485827445983887,-0.363918662071228,3.423708438873291
1789130136250575400,85.65657543945312,10.074800491333008,-0.10055647045373917,3.1028854846954346
1789130136266587000,85.6725869140625,8.901641845703125,0.05746084079146385,3.2417490482330322
1789130136282596000,85.68859619140625,9.318233489990234,-0.5841852426528931,3.1938650608062744
1789130136298606000,85.70460620117187,9.787496566772461,-0.5506663918495178,2.892195701599121
1789130136314617000,85.7206171875,9.165003776550293,-0.5267243981361389,3.227383852005005
1789130136330629000,85.73662915039063,8.987833023071289,-0.1628057211637497,3.112462282180786
1789130136346639400,85.75263940429687,9.648633003234863,-0.12449848651885986,2.9017724990844727
1789130136362651400,85.7686513671875,9.11233139038086,-0.2059013396501541,3.1220390796661377
1789130136378665200,85.78466528320313,9.155426979064941,-0.12449848651885986,3.0119056701660156
1789130136394678500,85.80067846679688,9.658209800720215,-0.49320554733276367,2.719813108444214
1789130136410692600,85.81669262695313,8.973467826843262,-0.13407529890537262,3.064578056335449
1789130136426705700,85.83270556640625,9.433155059814453,0.028730420395731926,3.294421434402466
1789130136442711800,85.8487119140625,9.457097053527832,-0.2537853717803955,2.9305028915405273
1789130136458720800,85.864720703125,8.968679428100586,-0.6991068720817566,3.4955344200134277
1789130136474729200,85.88072924804688,9.107542991638184,-0.5793967843055725,2.5665841102600098
1789130136490744000,85.896744140625,8.815450668334961,-0.1149216815829277,3.485957622528076
1789130136514763000,85.92076293945313,9.53849983215332,-0.10534487664699554,3.251325845718384
1789130136530777900,85.93677783203125,10.160991668701172,0.019153613597154617,2.9879636764526367
1789130136546793500,85.95279345703125,8.887276649475098,-0.5171475410461426,2.959233283996582
1789130136562809300,85.96880932617188,9.002198219299316,-0.3926490843296051,2.896984100341797
1789130136578819600,85.98481958007812,8.959102630615234,-0.2059013396501541,3.026270866394043
1789130136594828500,86.00082861328124,8.686163902282715,0.019153613597154617,3.0119056701660156
1789130136618852400,86.02485229492187,9.150638580322266,-0.37828385829925537,2.7916390895843506
1789130136634868200,86.0408681640625,8.868123054504395,0.06224924325942993,3.5434184074401855
1789130136650882000,86.05688208007813,9.102754592895508,-0.028730420395731926,3.1268274784088135
1789130136666897700,86.07289770507812,9.308655738830566,-0.3926490843296051,3.1651346683502197
1789130136682910500,86.08891040039063,9.174580574035645,-0.3447650372982025,3.313575267791748
1789130136698925600,86.10492553710938,9.5624418258667,-0.038307227194309235,3.3279404640197754
1789130136714936600,86.1209365234375,9.758766174316406,-0.3208230137825012,3.1507694721221924
1789130136730945800,86.13694580078125,9.370905876159668,-0.28730419278144836,3.19865345954895
1789130136746947600,86.15294750976562,9.442731857299805,-0.33518823981285095,3.00711727142334
1789130136762949000,86.16894921875,9.634267807006836,-0.4596867263317108,3.332728862762451
1789130136778957300,86.18495727539063,9.490615844726562,-0.21547815203666687,3.404554843902588
1789130136794964000,86.2009638671875,9.548076629638672,-0.47405192255973816,2.959233283996582
1789130136810964200,86.21696411132812,9.208099365234375,-0.5650315880775452,3.318363666534424
1789130136826969000,86.23296899414062,9.059659004211426,-0.3447650372982025,3.141192674636841
1789130136842975200,86.24897534179688,9.035717010498047,-0.31124621629714966,3.1890766620635986
1789130136858979300,86.26497924804687,9.050082206726074,-0.33039984107017517,3.2321722507476807
1789130136874983400,86.2809833984375,9.44752025604248,-0.31603461503982544,3.246537446975708
1789130136890986000,86.29698608398438,9.883264541625977,-0.2298433631658554,3.3710360527038574
1789130136906984200,86.31298413085938,9.514557838439941,-0.22026655077934265,3.117250680923462
1789130136922976500,86.3289765625,9.514557838439941,-0.15801730751991272,3.0358476638793945
1789130136938970600,86.344970703125,9.2033109664917,-0.07182604819536209,3.485957622528076
1789130136954964500,86.36096459960937,10.002974510192871,0.10534487664699554,3.5003228187561035
1789130136970962000,86.3769619140625,10.022128105163574,-0.043095629662275314,3.3662476539611816
1789130136986957800,86.39295776367187,8.868123054504395,-0.2825157940387726,3.3518824577331543
1789130137002952200,86.4089521484375,9.174580574035645,-0.023942016065120697,3.0310592651367188
1789130137018941400,86.42494140625,9.346963882446289,-0.15322890877723694,3.1938650608062744
1789130137034937900,86.44093774414063,9.428366661071777,-0.08619125932455063,3.4524388313293457
1789130137050929400,86.45692944335937,9.193734169006348,-0.6129156351089478,2.849100112915039
1789130137066922000,86.472921875,8.801085472106934,-0.14844051003456116,3.3949780464172363
1789130137082921500,86.48892138671874,9.485827445983887,0.3016694188117981,2.978386878967285
1789130137098919700,86.50491967773438,8.710105895996094,-0.043095629662275314,3.3710360527038574
1789130137114919000,86.5209189453125,9.035717010498047,0.26815059781074524,3.246537446975708
1789130137130913000,86.5369130859375,9.23682975769043,-0.10055647045373917,3.337517261505127
1789130137146904000,86.55290405273438,9.62947940826416,0.1388636976480484,3.069366693496704
1789130137162901800,86.56890185546875,8.968679428100586,0.06703764945268631,3.4620156288146973
1789130137178900500,86.584900390625,8.734047889709473,-0.07661445438861847,3.179499864578247
1789130137194893300,86.60089331054688,9.169792175292969,-0.1149216815829277,3.1028854846954346
1789130137210889200,86.61688916015625,9.81143856048584,-0.06703764945268631,3.07415509223938
1789130137226890500,86.63289038085938,8.743624687194824,0.14365209639072418,3.227383852005005
1789130137242884900,86.648884765625,8.815450668334961,0.05746084079146385,3.270479440689087
1789130137258885600,86.6648857421875,9.035717010498047,0.38307225704193115,3.3423056602478027
1789130137274889000,86.68088891601562,9.318233489990234,-0.019153613597154617,3.1220390796661377
1789130137290888200,86.69688818359376,9.121908187866211,-0.090979665517807,3.2130186557769775
1789130137306889700,86.7128896484375,9.361329078674316,-0.13407529890537262,3.203441858291626
1789130137322892000,86.72889208984375,9.11233139038086,-0.17238251864910126,3.0597896575927734
1789130137338897400,86.7448974609375,8.47547435760498,-0.09576806426048279,3.0789434909820557
1789130137354903600,86.76090356445313,8.504204750061035,0.15801730751991272,3.3949780464172363
1789130137370904800,86.77690478515625,9.730035781860352,0.06224924325942993,3.19865345954895
1789130137386908200,86.792908203125,9.41400146484375,-0.07182604819536209,3.0550012588500977
1789130137402913500,86.80891357421875,8.5903959274292,0.1867477297782898,3.361459255218506
1789130137418917000,86.82491723632812,9.097966194152832,-0.2585737705230713,2.983175277709961
1789130137434920000,86.840919921875,8.959102630615234,-0.19632454216480255,3.00711727142334
1789130137450923300,86.85692333984375,8.920795440673828,-0.1388636976480484,3.6535518169403076
1789130137466921500,86.87292138671874,9.548076629638672,-0.08619125932455063,3.0597896575927734
1789130137482925800,86.88892578125,9.141061782836914,-0.13407529890537262,3.2082302570343018
1789130137498930400,86.90493041992187,9.188945770263672,0.06224924325942993,3.466804027557373
1789130137514933500,86.92093359375,9.648633003234863,-0.019153613597154617,3.3231520652770996
1789130137530931700,86.936931640625,9.404424667358398,0.22505496442317963,3.1747114658355713
1789130137546927000,86.95292700195313,9.093177795410156,-0.2298433631658554,3.7445313930511475
1789130137562927000,86.96892700195312,9.619902610778809,-0.29209262132644653,3.155557870864868
1789130137578923300,86.98492333984375,9.390059471130371,-0.2585737705230713,3.2369606494903564
1789130137594924500,87.00092456054688,8.59997272491455,-0.14844051003456116,3.1651346683502197
1789130137610921700,87.01692163085937,8.44195556640625,-0.2825157940387726,3.5673606395721436
1789130137626919700,87.03291967773437,9.30386734008789,-0.3064578175544739,3.026270866394043
1789130137642914300,87.04891430664063,9.05487060546875,-0.4165911078453064,3.3470940589904785
1789130137658912300,87.06491235351562,9.481039047241211,-0.1388636976480484,3.2992098331451416
1789130137674911500,87.08091137695313,8.59997272491455,-0.1149216815829277,2.9448680877685547
1789130137690911500,87.09691137695313,9.193734169006348,-0.4357447028160095,3.4763808250427246
1789130137706913500,87.11291357421875,9.198522567749023,-0.24420857429504395,3.098097085952759
1789130137722915000,87.1289150390625,9.284713745117188,-0.21547815203666687,3.442862033843994
1789130137738916600,87.14491650390624,8.968679428100586,-0.3974374830722809,3.098097085952759
1789130137754919200,87.16091918945312,8.978256225585938,-0.05267243832349777,3.4811692237854004
1789130137770921000,87.1769208984375,9.576807022094727,0.028730420395731926,3.117250680923462
1789130137786919200,87.19291918945312,9.193734169006348,-0.10055647045373917,3.533841609954834
1789130137802919200,87.20891918945313,9.318233489990234,-0.1628057211637497,3.706224203109741
1789130137818919700,87.22491967773438,9.90241813659668,-0.2585737705230713,2.9448680877685547
1789130137834920000,87.240919921875,9.433155059814453,0.019153613597154617,3.648763418197632
1789130137850917600,87.25691772460938,9.069235801696777,-0.33997663855552673,3.60566782951355
1789130137866916600,87.27291650390625,9.907206535339355,-0.26336219906806946,3.270479440689087
1789130137882920700,87.28892065429687,9.117119789123535,-0.20111294090747833,3.6104562282562256
1789130137898927000,87.30492700195313,9.002198219299316,-0.181959331035614,3.514688014984131
1789130137914931000,87.32093090820312,9.284713745117188,-0.14365209639072418,3.2369606494903564
1789130137930939400,87.336939453125,9.53849983215332,-0.31603461503982544,3.773261785507202
1789130137946945500,87.35294555664062,9.950302124023438,-0.07661445438861847,3.576937437057495
1789130137962953700,87.36895361328125,9.998186111450195,-0.2585737705230713,3.0166940689086914
1789130137978957000,87.38495703125,8.858546257019043,-0.07661445438861847,3.60566782951355
1789130137994967000,87.40096704101562,9.289502143859863,-0.33518823981285095,3.112462282180786
1789130138010972700,87.41697265625,9.155426979064941,-0.2968810200691223,3.308786630630493
1789130138026979800,87.43297973632812,9.390059471130371,0.019153613597154617,3.5242648124694824
1789130138042982400,87.448982421875,9.749189376831055,-0.2106897532939911,3.2321722507476807
1789130138058986000,87.46498608398437,9.2033109664917,-0.4596867263317108,3.064578056335449
1789130138074991900,87.48099194335937,8.863334655761719,-0.2106897532939911,3.184288263320923
1789130138090999000,87.4969990234375,9.14585018157959,-0.10055647045373917,3.337517261505127
1789130138107005700,87.51300561523438,9.648633003234863,-0.5315127968788147,3.4189200401306152
1789130138123008300,87.52900830078126,9.883264541625977,-0.3016694188117981,3.251325845718384
1789130138139005700,87.54500561523437,8.882488250732422,-0.47405192255973816,2.9735984802246094
1789130138155010300,87.56101025390625,9.160215377807617,-0.11971008777618408,3.2369606494903564
1789130138171008000,87.57700805664062,8.916007041931152,-0.20111294090747833,3.313575267791748
1789130138187000800,87.59300073242187,9.174580574035645,-0.44532153010368347,3.117250680923462
1789130138202995000,87.60899487304688,9.002198219299316,-0.33039984107017517,3.136404275894165
1789130138227001300,87.63300146484374,9.35654067993164,-0.14365209639072418,3.1220390796661377
1789130138243004200,87.64900415039062,9.030928611755371,-0.22026655077934265,3.380612850189209
1789130138259004000,87.66500390625,9.193734169006348,0,3.227383852005005
1789130138275000800,87.68100073242188,9.131484985351562,-0.12928688526153564,3.3039982318878174
1789130138290999600,87.69699951171874,9.284713745117188,-0.19153612852096558,3.1268274784088135
1789130138306993700,87.71299365234376,8.681375503540039,-0.31124621629714966,3.093308687210083
1789130138322988300,87.72898828125,9.045293807983398,-0.3926490843296051,3.442862033843994
1789130138338988000,87.74498803710938,9.361329078674316,-0.45010992884635925,3.313575267791748
1789130138354986500,87.76098657226562,9.131484985351562,-0.6799532771110535,3.093308687210083
1789130138370984400,87.776984375,8.777143478393555,-0.5410895943641663,3.3854012489318848
1789130138386983000,87.79298291015625,9.332598686218262,-0.3974374830722809,3.428496837615967
1789130138402982100,87.80898217773438,9.476250648498535,-0.2825157940387726,3.270479440689087
1789130138418985000,87.82498486328124,9.05487060546875,-0.40701428055763245,3.4141316413879395
1789130138434984400,87.840984375,9.308655738830566,-0.47405192255973816,3.375824451446533
1789130138450984000,87.85698388671875,9.50498104095459,-0.22026655077934265,3.380612850189209
1789130138466983400,87.8729833984375,9.160215377807617,0,3.1076738834381104
1789130138482988000,87.88898803710937,9.294290542602539,-0.33997663855552673,3.361459255218506
1789130138498986500,87.90498657226563,9.84495735168457,-0.3926490843296051,3.4811692237854004
1789130138514984000,87.92098388671874,9.121908187866211,-0.014365210197865963,3.509899616241455
1789130138530978800,87.93697875976562,9.648633003234863,-0.6033388376235962,2.920926094055176
1789130138546977500,87.9529775390625,8.944737434387207,-0.6320692300796509,3.2417490482330322
1789130138562975500,87.9689755859375,8.863334655761719,-0.14365209639072418,3.3039982318878174
1789130138578976000,87.98497607421875,9.289502143859863,-0.1388636976480484,3.1507694721221924
1789130138594976800,88.00097680664062,9.251194953918457,-0.45010992884635925,3.07415509223938
1789130138610977500,88.0169775390625,8.901641845703125,-0.21547815203666687,3.5386300086975098
1789130138626976000,88.03297607421875,9.66299819946289,-0.363918662071228,3.0358476638793945
1789130138642980400,88.04898046875,8.93037223815918,-0.3256114423274994,3.1699230670928955
1789130138658977800,88.06497778320312,8.973467826843262,-0.3495534360408783,3.4524388313293457
1789130138674972700,88.08097265625,9.035717010498047,-0.22505496442317963,3.4332852363586426
1789130138690979800,88.09697973632812,9.289502143859863,-0.26815059781074524,3.35667085647583
1789130138706979000,88.11297900390625,9.643844604492188,-0.42616790533065796,3.361459255218506
1789130138722976000,88.12897607421876,9.390059471130371,-0.47405192255973816,3.136404275894165
1789130138738972400,88.14497241210937,9.107542991638184,-0.4644751250743866,3.07415509223938
1789130138754969900,88.16096997070312,8.777143478393555,0.004788403399288654,3.270479440689087
1789130138770973200,88.17697314453125,9.548076629638672,-0.3208230137825012,3.28963303565979
1789130138786978300,88.19297827148438,9.605537414550781,-0.5410895943641663,3.35667085647583
1789130138802986000,88.20898608398437,9.605537414550781,-0.4357447028160095,3.093308687210083
1789130138818997000,88.2249970703125,8.700529098510742,-0.49799394607543945,3.2178070545196533
1789130138835007500,88.24100756835938,8.705317497253418,-0.49799394607543945,3.581725835800171
1789130138851014700,88.2570146484375,9.260771751403809,-0.6655880808830261,2.801215887069702
1789130138867019000,88.27301904296876,9.682151794433594,0.014365210197865963,3.0837318897247314
1789130138883021800,88.28902172851562,8.734047889709473,-0.06703764945268631,3.4763808250427246
1789130138899029500,88.30502954101563,8.844181060791016,-0.08619125932455063,3.3901896476745605
1789130138915031800,88.32103173828125,9.816226959228516,-0.038307227194309235,3.2561142444610596
1789130138931038000,88.33703784179687,9.490615844726562,-0.3926490843296051,3.3710360527038574
1789130138947044900,88.353044921875,9.016563415527344,-0.5793967843055725,3.2417490482330322
1789130138963046700,88.36904663085937,9.131484985351562,-0.4884171485900879,3.0550012588500977
1789130138979051000,88.38505102539062,9.08838939666748,-0.24420857429504395,3.0166940689086914
1789130138995060200,88.40106030273438,9.131484985351562,-0.26815059781074524,3.00711727142334
1789130139011065900,88.41706591796876,9.68694019317627,-0.3016694188117981,2.8874073028564453
1789130139027067600,88.43306762695312,9.346963882446289,-0.22026655077934265,2.432508945465088
1789130139043074300,88.44907421875,9.026140213012695,-0.181959331035614,2.738966703414917
1789130139067079000,88.47307885742188,9.610325813293457,-0.2298433631658554,2.734178304672241
1789130139083085300,88.48908520507813,9.62947940826416,-0.4405331015586853,2.585737943649292
1789130139099091200,88.50509130859375,9.418789863586426,-0.21547815203666687,2.75812029838562
1789130139115092000,88.52109204101562,9.399636268615723,-0.35434186458587646,2.5905263423919678
1789130139131101700,88.53710180664062,9.418789863586426,-0.2298433631658554,2.1164743900299072
1789130139147109600,88.55310961914063,8.96389102935791,0.043095629662275314,2.8874073028564453
1789130139163118600,88.56911865234375,9.715670585632324,-0.3878606855869293,2.3702597618103027
1789130139179125200,88.58512524414063,9.787496566772461,-0.090979665517807,2.0159177780151367
1789130139195129900,88.6011298828125,9.016563415527344,-0.1867477297782898,2.3080103397369385
1789130139211133200,88.61713330078125,9.160215377807617,-0.38307225704193115,2.322375535964966
1789130139227132200,88.63313208007813,9.816226959228516,-0.19153612852096558,1.9919757843017578
1789130139243135000,88.64913500976563,9.773131370544434,-0.2825157940387726,2.0925323963165283
1789130139259133700,88.6651337890625,9.346963882446289,-0.2346317619085312,2.22660756111145
1789130139275137500,88.68113745117188,9.332598686218262,-0.10055647045373917,2.2649147510528564
1789130139291137300,88.69713720703125,9.418789863586426,-0.17238251864910126,1.8291701078414917
1789130139307140000,88.71314013671875,9.792284965515137,-0.2825157940387726,1.8818424940109253
1789130139323140900,88.72914086914062,9.926360130310059,-0.1149216815829277,1.5610195398330688
1789130139339146500,88.745146484375,9.979032516479492,-0.3208230137825012,1.6903064250946045
1789130139355154700,88.76115478515625,9.299078941345215,-0.3926490843296051,1.6328455209732056
1789130139371162000,88.777162109375,9.21288776397705,-0.22026655077934265,1.3311761617660522
1789130139387171800,88.793171875,9.931148529052734,-0.033518824726343155,1.2306196689605713
1789130139403180000,88.80917993164063,10.122684478759766,-0.17238251864910126,1.1971008777618408
1789130139419192000,88.82519213867188,9.198522567749023,-0.3734954595565796,1.335964560508728
1789130139435199200,88.84119921875,9.979032516479492,-0.38307225704193115,1.0007762908935547
1789130139451208000,88.8572080078125,10.06043529510498,-0.19632454216480255,0.646434485912323
1789130139467212000,88.8732119140625,9.045293807983398,0.038307227194309235,1.3215993642807007
1789130139483215000,88.88921508789062,9.658209800720215,-0.2059013396501541,0.7661445140838623
1789130139499220700,88.905220703125,10.256759643554688,-0.4405331015586853,0.363918662071228
1789130139515229200,88.92122924804687,9.730035781860352,0.13407529890537262,0.5554547905921936
1789130139531227000,88.93722680664062,9.86889934539795,0.23942017555236816,0.9816226959228516
1789130139547231200,88.95323120117187,10.036493301391602,0.4357447028160095,0.6272808313369751
1789130139563237600,88.96923754882812,9.734824180603027,0.1388636976480484,0.5602431893348694
1789130139579248400,88.98524829101562,9.897629737854004,-0.24899697303771973,-0.019153613597154617
1789130139595257900,89.0012578125,10.02691650390625,0.3447650372982025,-0.043095629662275314
1789130139611268900,89.01726879882813,9.840168952941895,0.6224924325942993,0.14365209639072418
1789130139627276000,89.03327612304687,9.959878921508789,1.0438719987869263,0.5123591423034668
1789130139643277800,89.04927783203125,10.170568466186523,0.9050082564353943,0.23942017555236816
1789130139659284200,89.0652841796875,10.18493366241455,0.05746084079146385,0.17238251864910126
1789130139675286500,89.08128662109375,10.074800491333008,-0.05267243832349777,-0.17238251864910126
1789130139691291100,89.097291015625,9.543288230895996,0.7852981686592102,-0.4165911078453064
1789130139707299600,89.11329956054688,9.514557838439941,0.8188169598579407,0
1789130139731305000,89.13730493164063,9.99339771270752,0.3926490843296051,-0.08619125932455063
1789130139747307800,89.15330786132813,10.002974510192871,1.460463047027588,-0.37828385829925537
1789130139763309800,89.16930981445313,10.237606048583984,1.50355863571167,-0.8044517636299133
1789130139779311000,89.18531103515625,9.90241813659668,0.8571242094039917,-0.5937620401382446
1789130139795317500,89.2013173828125,10.237606048583984,1.2497732639312744,-0.29209262132644653
1789130139811323000,89.21732299804688,10.60152530670166,1.0199298858642578,-0.6320692300796509
1789130139827332600,89.23333251953125,9.931148529052734,0.8092401623725891,-0.608127236366272
1789130139843344400,89.24934448242188,9.734824180603027,1.824381709098816,-1.3982137441635132
1789130139859349500,89.265349609375,10.050858497619629,1.3646949529647827,-0.8667010068893433
1789130139875359500,89.281359375,10.362105369567871,1.9153614044189453,-1.1013327836990356
1789130139891371800,89.29737182617187,11.065999984741211,1.53707754611969,-0.6703764796257019
1789130139907378400,89.31337841796875,11.037269592285156,0.7565677165985107,-1.0821791887283325
1789130139923392500,89.329392578125,9.610325813293457,1.3646949529647827,-0.2059013396501541
1789130139939406000,89.34540600585937,10.457873344421387,0.7374141216278076,-0.6655880808830261
1789130139955410000,89.36140991210938,10.002974510192871,0.7757213711738586,-1.0295066833496094
1789130139971417300,89.37741723632813,9.950302124023438,0.6847416758537292,-1.1300631761550903
1789130139987424300,89.39342431640625,10.295066833496094,0.26815059781074524,-0.6512228846549988
1789130140003433200,89.40943310546875,9.806650161743164,1.455674648284912,-0.5219359993934631
1789130140019440400,89.4254404296875,10.491392135620117,0.5506663918495178,-1.4987702369689941
1789130140035451400,89.44145141601562,9.619902610778809,0.727837324142456,-0.3734954595565796
1789130140051458800,89.45745874023437,10.02691650390625,1.599326729774475,-1.2066776752471924
1789130140067467300,89.47346728515625,9.725247383117676,1.015141487121582,-0.6416460275650024
1789130140083477500,89.4894775390625,9.701305389404297,1.2210428714752197,-0.5937620401382446
1789130140099484200,89.50548413085937,10.08437728881836,1.3646949529647827,-0.4836287498474121
1789130140115486700,89.52148681640625,9.86889934539795,0.9193734526634216,-0.6847416758537292
1789130140131493000,89.5374931640625,10.012551307678223,0.9145850539207458,-0.646434485912323
1789130140147494400,89.55349438476563,10.323798179626465,0.8810662031173706,-1.0965443849563599
1789130140171496700,89.57749658203124,10.582371711730957,1.2401964664459229,-0.790086567401886
1789130140187499000,89.5934990234375,10.740388870239258,1.680729627609253,-0.6177040338516235
1789130140203508200,89.60950830078124,10.323798179626465,1.1492167711257935,-0.24420857429504395
1789130140219510800,89.6255107421875,10.587160110473633,0.4213795065879822,-0.4165911078453064
1789130140235513300,89.64151342773438,9.950302124023438,0.933738648891449,-0.8810662031173706
1789130140259517200,89.66551708984375,11.717223167419434,-0.08619125932455063,-1.1013327836990356
1789130140275518500,89.6815185546875,11.405977249145508,0.40222588181495667,0.2968810200691223
1789130140291518700,89.69751879882813,11.44907283782959,0.6033388376235962,-0.363918662071228
1789130140307517000,89.71351684570313,10.903194427490234,0.10055647045373917,-0.5841852426528931
1789130140323519000,89.72951904296875,11.065999984741211,0,-0.21547815203666687
1789130140339521300,89.74552124023438,11.314997673034668,0.2825157940387726,-0.019153613597154617
1789130140355526000,89.76152587890626,11.75553035736084,0.24899697303771973,-0.6368576288223267
1789130140371525600,89.77752563476562,11.209651947021484,-0.608127236366272,-0.33518823981285095
1789130140387526000,89.79352587890625,10.290278434753418,0,-0.35434186458587646
1789130140403532300,89.8095322265625,11.568782806396484,0.4405331015586853,-0.24420857429504395
1789130140419533600,89.82553344726563,10.72602367401123,-0.14365209639072418,-0.5889736413955688
1789130140435530800,89.84153076171874,10.357316970825195,0.3256114423274994,-0.49799394607543945
1789130140451531800,89.85753173828125,10.500968933105469,-0.14365209639072418,-0.23942017555236816
1789130140467533600,89.87353344726563,10.884040832519531,-0.37828385829925537,-0.9193734526634216
1789130140483527400,89.88952734375,10.78348445892334,-0.3064578175544739,-0.3256114423274994
1789130140499527200,89.90552709960937,10.893617630004883,-0.2106897532939911,-0.2059013396501541
1789130140515528000,89.92152783203124,10.812214851379395,-0.545877993106842,-0.06703764945268631
1789130140531525000,89.93752514648438,11.15697956085205,-0.5841852426528931,-0.8762778043746948
1789130140547526100,89.95352612304687,9.337387084960938,-0.3495534360408783,-0.10534487664699554
1789130140563530500,89.96953051757812,10.931924819946289,-0.4836287498474121,-0.5506663918495178
1789130140579532500,89.98553247070312,10.797849655151367,-1.2689268589019775,-0.4405331015586853
1789130140595531000,90.00153100585938,9.806650161743164,-0.6751648783683777,-0.49799394607543945
1789130140611523300,90.0175234375,10.012551307678223,-0.11013327538967133,-0.6177040338516235
1789130140627522300,90.03352221679687,10.079588890075684,-0.33518823981285095,-0.6751648783683777
1789130140643523000,90.04952319335938,9.873687744140625,-0.004788403399288654,-0.7326257228851318
1789130140659525400,90.065525390625,9.418789863586426,-0.45489832758903503,-0.22026655077934265
1789130140675523000,90.08152319335937,9.476250648498535,-0.3447650372982025,-0.40222588181495667
1789130140691518700,90.09751879882812,10.017339706420898,-0.5315127968788147,-0.3687070608139038
1789130140707523000,90.11352319335937,9.998186111450195,-0.7948749661445618,-0.933738648891449
1789130140723520500,90.1295205078125,9.23682975769043,-0.26336219906806946,-0.3687070608139038
1789130140739519700,90.14551977539062,9.255983352661133,-0.06703764945268631,0.10055647045373917
1789130140755521300,90.16152124023438,9.394847869873047,-0.2106897532939911,0.2537853717803955
1789130140771529000,90.17752905273437,9.66299819946289,-0.40222588181495667,0.37828385829925537
1789130140787537200,90.193537109375,9.873687744140625,-0.3208230137825012,0.5985504388809204
1789130140803540000,90.2095400390625,9.883264541625977,-0.8954314589500427,0.3447650372982025
1789130140819551500,90.22555151367187,9.461885452270508,-0.4357447028160095,0.6847416758537292
1789130140835562000,90.24156201171876,9.437943458557129,-0.40222588181495667,0.5793967843055725
1789130140851571700,90.25757177734376,8.868123054504395,-0.5410895943641663,1.3455413579940796
1789130140867573800,90.27357373046875,9.485827445983887,-0.5410895943641663,1.1348515748977661
1789130140883572000,90.28957202148437,9.90241813659668,-0.8331822156906128,1.599326729774475
1789130140899567400,90.3055673828125,10.11789608001709,-0.7996633648872375,1.944091796875
1789130140915565600,90.32156567382812,10.194510459899902,-1.50355863571167,1.6184803247451782
1789130140931560200,90.33756030273437,9.21288776397705,-1.556231141090393,1.5083470344543457
1789130140947556000,90.35355615234376,8.681375503540039,-0.751779317855835,1.6663644313812256
1789130140963550200,90.36955029296875,9.81143856048584,-0.7757213711738586,1.6376339197158813
1789130140979548000,90.3855478515625,9.730035781860352,-0.8762778043746948,2.4181437492370605
1789130140995550700,90.40155078125,10.213664054870605,-0.6320692300796509,2.293645143508911
1789130141011548000,90.4175478515625,9.763554573059082,-1.2401964664459229,1.944091796875
1789130141027546400,90.43354638671875,9.342175483703613,-1.6711528301239014,2.188300371170044
1789130141043550700,90.44955078125,9.567230224609375,-1.1204863786697388,1.6903064250946045
1789130141059555000,90.46555517578125,9.428366661071777,-0.9433154463768005,2.360682964324951
1789130141075560400,90.481560546875,10.022128105163574,-1.2832920551300049,2.561795711517334
1789130141091561700,90.49756176757812,9.591172218322754,-1.2880805730819702,2.691082715988159
1789130141107561200,90.51356127929688,9.634267807006836,-1.3742717504501343,2.2457611560821533
1789130141123562500,90.5295625,8.935160636901855,-1.3311761617660522,2.9305028915405273
1789130141139559700,90.5455595703125,9.600749015808105,-1.216254472732544,2.1547815799713135
1789130141155559200,90.56155908203125,9.117119789123535,-0.7757213711738586,2.2361843585968018
1789130141171561200,90.57756127929687,9.2033109664917,-1.403002142906189,2.2170307636260986
1789130141187566000,90.59356616210937,9.299078941345215,-0.7805097699165344,2.2649147510528564
1789130141203568400,90.609568359375,9.404424667358398,-1.0965443849563599,2.126051187515259
1789130141219569400,90.6255693359375,9.107542991638184,-0.9864110946655273,3.0119056701660156
1789130141235574500,90.64157446289063,9.437943458557129,-0.9289502501487732,2.4660277366638184
1789130141251576800,90.65757690429687,8.69095230102539,-1.0103530883789062,2.4899697303771973
1789130141267580000,90.67357983398438,9.428366661071777,-1.4508862495422363,2.63362193107605
1789130141283579600,90.68957958984375,8.949525833129883,-1.0869675874710083,2.8443117141723633
1789130141299586300,90.70558642578125,8.303091049194336,-0.4118026793003082,2.647987127304077
1789130141315589400,90.72158935546875,8.853757858276367,-1.53707754611969,2.9448680877685547
1789130141331590000,90.73758984375,9.782708168029785,-1.5610195398330688,2.2026655673980713
1789130141347587300,90.75358740234375,8.274360656738281,-0.9672574996948242,2.9544448852539062
1789130141363579400,90.76957934570312,9.576807022094727,-0.6799532771110535,2.8826189041137695
1789130141379576300,90.78557641601563,9.524134635925293,-1.4891934394836426,2.403778553009033
1789130141395576600,90.80157666015624,8.901641845703125,-1.436521053314209,2.7964274883270264
1789130141411576800,90.81757690429687,9.289502143859863,-0.5889736413955688,3.00711727142334
1789130141427579000,90.83357885742187,9.667786598205566,-1.5466543436050415,2.9161376953125
1789130141443582500,90.84958251953125,9.567230224609375,-1.7764976024627686,2.7533318996429443
1789130141459583200,90.86558325195313,9.5624418258667,-1.647210717201233,3.2992098331451416
1789130141475583200,90.88158325195313,9.672574996948242,-1.4844050407409668,2.671929121017456
1789130141491589000,90.89758911132813,9.706093788146973,-1.37906014919281,2.75812029838562
1789130141507590100,90.91359008789063,9.921571731567383,-1.580173134803772,2.9496564865112305
1789130141523592400,90.92959252929687,9.002198219299316,-2.0590133666992188,2.360682964324951
1789130141539598300,90.94559838867187,8.863334655761719,-1.8626888990402222,3.1268274784088135
1789130141555605000,90.96160498046875,9.466673851013184,-1.6855180263519287,3.6152446269989014
1789130141571604500,90.9776044921875,11.022904396057129,-2.0207061767578125,2.3080103397369385
1789130141587603700,90.99360375976562,9.279925346374512,-1.9536685943603516,3.423708438873291
1789130141603603200,91.00960327148438,9.342175483703613,-1.599326729774475,3.112462282180786
1789130141619598800,91.02559887695313,9.840168952941895,-1.766920804977417,3.1507694721221924
1789130141635597600,91.04159765625,9.11233139038086,-1.2066776752471924,3.1459810733795166
1789130141651601000,91.05760083007813,9.533711433410645,-1.4460978507995605,3.227383852005005
1789130141667602700,91.07360278320313,10.486603736877441,-1.8722656965255737,2.4899697303771973
1789130141683599400,91.08959936523438,8.389283180236816,-2.0398597717285156,3.184288263320923
1789130141699594000,91.10559399414062,8.274360656738281,-1.5083470344543457,3.2561142444610596
1789130141715588900,91.1215888671875,8.944737434387207,-1.8100165128707886,2.8778305053710938
1789130141731586600,91.13758666992187,8.87291145324707,-1.7286136150360107,3.0166940689086914
1789130141747588900,91.1535888671875,9.117119789123535,-1.6950948238372803,2.873042106628418
1789130141763585800,91.16958569335938,8.5903959274292,-2.0446481704711914,2.6815059185028076
1789130141779582500,91.18558251953125,8.853757858276367,-1.580173134803772,3.184288263320923
1789130141795585500,91.20158544921875,9.677363395690918,-1.455674648284912,3.3423056602478027
1789130141811591400,91.21759130859375,8.973467826843262,-1.9728221893310547,3.021482467651367
1789130141827595500,91.23359545898437,8.939949035644531,-1.886630892753601,2.9448680877685547
1789130141843598000,91.24959814453125,8.485051155090332,-1.2545616626739502,2.8874073028564453
1789130141859593700,91.26559375,8.595184326171875,-2.0015525817871094,3.361459255218506
1789130141875590700,91.28159057617188,9.016563415527344,-1.6136919260025024,2.896984100341797
1789130141891593700,91.29759375,8.93037223815918,-1.9393033981323242,2.920926094055176
1789130141907593200,91.31359326171875,8.14028549194336,-2.073378562927246,2.5282769203186035
1789130141923596000,91.32959594726563,7.627926826477051,-1.0438719987869263,3.045424461364746
1789130141939595800,91.345595703125,9.32302188873291,-1.4987702369689941,3.2609026432037354
1789130141955597800,91.36159790039062,8.801085472106934,-1.5945383310317993,2.427720546722412
1789130141971598300,91.37759838867187,8.269572257995605,-1.0007762908935547,2.786850690841675
1789130141987590400,91.39359033203125,8.614337921142578,-1.6089035272598267,2.8586769104003906
1789130142003588000,91.40958813476563,9.409213066101074,-2.3511061668395996,3.0550012588500977
1789130142019590400,91.42559033203125,9.44752025604248,-2.322375535964966,3.3470940589904785
1789130142035596000,91.44159594726563,9.208099365234375,-2.652775526046753,2.8634653091430664
1789130142051599600,91.457599609375,9.586383819580078,-2.892195701599121,2.8155810832977295
1789130142067597800,91.47359790039063,9.442731857299805,-2.1308395862579346,2.9448680877685547
1789130142091602400,91.4976025390625,8.40843677520752,-2.1499931812286377,3.801992416381836
1789130142107606000,91.51360595703125,9.155426979064941,-3.117250680923462,2.7102363109588623
1789130142123609300,91.529609375,8.518569946289062,-2.1930887699127197,3.2848446369171143
1789130142139616000,91.54561596679687,9.136273384094238,-2.8778305053710938,3.624821424484253
1789130142155617500,91.56161743164063,10.539276123046875,-3.6343982219696045,3.3518824577331543
1789130142171617000,91.57761694335937,8.633491516113281,-3.6104562282562256,2.6575639247894287
1789130142187621000,91.59362109375,8.638279914855957,-4.620809078216553,4.2329487800598145
1789130142203625500,91.60962548828125,9.524134635925293,-2.0877439975738525,2.8155810832977295
1789130142219627800,91.62562768554687,9.710882186889648,-3.825934410095215,3.069366693496704
1789130142235633200,91.64163305664063,9.696516990661621,-1.6950948238372803,3.9217023849487305
1789130142251635000,91.65763500976563,9.916783332824707,-2.6192567348480225,3.514688014984131
1789130142267639800,91.67363989257812,10.553641319274902,-3.2130186557769775,2.9257144927978516
1789130142283643600,91.6896435546875,9.787496566772461,-2.140416383743286,4.271255970001221
1789130142299641300,91.70564135742187,9.801861763000488,-1.6903064250946045,3.1699230670928955
1789130142315643600,91.7216435546875,9.083600997924805,-2.671929121017456,3.734954595565796
1789130142331646500,91.737646484375,9.710882186889648,-2.10210919380188,3.265691041946411
1789130142347645200,91.75364526367187,10.27591323852539,-2.4803929328918457,3.246537446975708
1789130142363645200,91.76964526367188,10.08437728881836,-3.3470940589904785,3.7397429943084717
1789130142379652600,91.78565258789062,10.462661743164062,-3.9264907836914062,3.471592426300049
1789130142395661000,91.8016611328125,7.173028469085693,-2.207453966140747,3.2800562381744385
1789130142411667200,91.81766723632812,8.226476669311523,-2.3798365592956543,3.6727054119110107
1789130142427673300,91.83367333984376,8.700529098510742,-1.7908629179000854,3.313575267791748
1789130142443673900,91.849673828125,8.073247909545898,-2.3702597618103027,4.146757125854492
1789130142459677200,91.86567724609375,9.916783332824707,-0.7805097699165344,3.069366693496704
1789130142475680500,91.88168041992188,9.615114212036133,-2.0877439975738525,3.8498764038085938
1789130142491682300,91.89768237304688,10.06043529510498,-1.9823989868164062,2.0590133666992188
1789130142507682600,91.9136826171875,8.729259490966797,-2.6575639247894287,2.6240451335906982
1789130142531685000,91.93768505859374,9.188945770263672,-1.292868971824646,3.265691041946411
1789130142547687200,91.95368725585938,9.495404243469238,-1.7334020137786865,2.31758713722229
1789130142563692800,91.96969287109376,8.504204750061035,-1.7621324062347412,3.050212860107422
1789130142579694300,91.9856943359375,9.342175483703613,-2.0829553604125977,3.3518824577331543
1789130142595695400,92.0016953125,8.992621421813965,-2.121262788772583,3.2369606494903564
1789130142611693800,92.01769384765625,9.078812599182129,-1.359906554222107,3.2561142444610596
1789130142627689200,92.03368920898437,9.744400978088379,-2.7054479122161865,2.6575639247894287
1789130142643690000,92.04968994140626,7.95832633972168,-1.278503656387329,3.624821424484253
1789130142659689700,92.06568969726563,9.284713745117188,-1.867477297782898,3.399766445159912
1789130142675688700,92.08168872070313,8.791508674621582,-1.7046716213226318,3.6391866207122803
1789130142691685600,92.097685546875,8.595184326171875,-1.7621324062347412,2.8874073028564453
1789130142707685000,92.11368505859375,7.675810813903809,-1.886630892753601,2.6671407222747803
1789130142723690500,92.1296904296875,7.484274387359619,-1.0582371950149536,3.179499864578247
1789130142739694300,92.1456943359375,8.877699851989746,-1.436521053314209,3.5194764137268066
1789130142755691300,92.16169116210938,9.715670585632324,-0.9720458984375,3.270479440689087
1789130142771693000,92.17769311523438,8.987833023071289,-1.403002142906189,4.089296340942383
1789130142787692800,92.19369287109375,8.87291145324707,-1.0295066833496094,3.3854012489318848
1789130142803692000,92.20969213867187,9.481039047241211,-1.7477672100067139,2.801215887069702
1789130142819692000,92.22569213867187,9.260771751403809,-1.7477672100067139,3.222595453262329
1789130142835697000,92.24169677734375,8.556877136230469,-1.0534487962722778,3.9456443786621094
1789130142851700000,92.25769995117187,10.050858497619629,-1.6759412288665771,2.6384103298187256
1789130142867696000,92.27369604492188,8.638279914855957,-1.292868971824646,4.213795185089111
1789130142883689500,92.289689453125,8.379706382751465,0.17238251864910126,4.031835556030273
1789130142899689000,92.30568896484375,10.821791648864746,-1.436521053314209,3.7876269817352295
1789130142915688000,92.32168798828125,9.543288230895996,-2.2361843585968018,3.2752678394317627
1789130142931688200,92.33768823242187,8.609549522399902,-2.2361843585968018,3.3423056602478027
1789130142947694300,92.3536943359375,9.605537414550781,-1.2018892765045166,3.136404275894165
1789130142963700200,92.3697001953125,9.945513725280762,-0.9576807022094727,3.514688014984131
1789130142979701800,92.38570166015624,8.757989883422852,-1.2832920551300049,3.3710360527038574
1789130142995707400,92.40170727539062,8.628703117370605,-1.0821791887283325,2.9927520751953125
1789130143011711000,92.4177109375,8.777143478393555,-1.2880805730819702,3.706224203109741
1789130143027711500,92.43371142578125,8.729259490966797,-0.5793967843055725,3.0837318897247314
1789130143043713300,92.44971337890625,8.695740699768066,-1.50355863571167,2.7437551021575928
1789130143059716400,92.46571630859376,8.355764389038086,-0.5171475410461426,3.6583402156829834
1789130143075715800,92.4817158203125,8.911218643188477,-0.5410895943641663,3.203441858291626
1789130143091717000,92.49771704101562,9.701305389404297,-1.680729627609253,3.4141316413879395
1789130143107720400,92.51372045898438,8.638279914855957,-0.6512228846549988,3.4332852363586426
1789130143131714300,92.53771435546875,8.619126319885254,-0.12449848651885986,4.055777549743652
1789130143147709400,92.55370947265625,9.988609313964844,-1.8387469053268433,2.5043349266052246
1789130143163705300,92.56970532226562,8.40843677520752,-0.7996633648872375,3.1076738834381104
1789130143179707100,92.58570703125,7.527369976043701,-0.9145850539207458,3.064578056335449
1789130143195707100,92.60170703125,8.197746276855469,-0.3687070608139038,4.151545524597168
1789130143211703600,92.61770361328125,9.279925346374512,-0.16759411990642548,3.251325845718384
1789130143227707400,92.63370727539062,8.336610794067383,-1.4748282432556152,3.797203779220581
1789130143243707400,92.64970727539063,8.738836288452148,-1.5897499322891235,2.7246015071868896
1789130143259705900,92.66570581054688,7.819462776184082,-0.9193734526634216,3.864241600036621
1789130143275701800,92.68170166015625,9.059659004211426,-0.7948749661445618,5.0469770431518555
1789130143291697400,92.69769750976562,9.75397777557373,-0.4692635238170624,3.9600095748901367
1789130143307691800,92.71369189453125,9.66299819946289,-1.5849615335464478,3.222595453262329
1789130143323690200,92.72969018554687,8.705317497253418,-1.173158884048462,3.9839515686035156
1789130143339691000,92.74569091796874,8.14028549194336,-0.3734954595565796,4.261679172515869
1789130143355690000,92.76168994140625,9.165003776550293,-0.37828385829925537,4.592078685760498
1789130143371691800,92.77769189453124,9.816226959228516,-0.4596867263317108,3.734954595565796
1789130143387699500,92.79369946289063,9.035717010498047,-1.3742717504501343,3.8546648025512695
1789130143403703800,92.80970385742188,9.361329078674316,-0.790086567401886,4.338293552398682
1789130143419711000,92.8257109375,9.294290542602539,-0.7469909191131592,4.252102375030518
1789130143435710000,92.8417099609375,9.016563415527344,-1.9776105880737305,4.01268196105957
1789130143451706600,92.85770654296876,9.476250648498535,-1.1013327836990356,4.189853191375732
1789130143467709200,92.87370922851562,10.055646896362305,-0.4644751250743866,4.376600742340088
1789130143483706600,92.88970654296875,8.877699851989746,-0.3974374830722809,4.5825018882751465
1789130143499703600,92.90570361328125,9.734824180603027,-2.0207061767578125,4.199429988861084
1789130143515706600,92.92170654296875,10.845733642578125,-1.2018892765045166,4.908113479614258
1789130143531710000,92.9377099609375,10.089165687561035,-0.8475474119186401,4.932055473327637
1789130143547710200,92.95371020507812,9.208099365234375,-1.2449848651885986,4.256890773773193
1789130143563711200,92.96971118164062,9.117119789123535,-0.7757213711738586,3.754108190536499
1789130143579713500,92.98571362304688,8.556877136230469,-1.0821791887283325,4.702212333679199
1789130143595715800,93.0017158203125,9.5624418258667,-1.278503656387329,4.659116744995117
1789130143611717400,93.01771728515625,9.026140213012695,-0.5363011956214905,3.9839515686035156
1789130143627724000,93.03372412109375,8.389283180236816,-1.0199298858642578,4.01268196105957
1789130143643723300,93.04972314453126,8.734047889709473,-0.5985504388809204,4.707000732421875
1789130143659718000,93.0657177734375,8.762778282165527,-1.1540051698684692,4.649539470672607
1789130143675711000,93.0817109375,8.911218643188477,-0.6512228846549988,3.993528366088867
1789130143691709000,93.097708984375,8.662221908569336,0.13407529890537262,3.974374771118164
1789130143707706600,93.11370654296876,7.690176010131836,-0.06703764945268631,4.630385875701904
1789130143723699200,93.12969921875,9.026140213012695,-0.22505496442317963,4.299986362457275
1789130143739696000,93.14569604492188,9.892841339111328,-0.5793967843055725,3.2561142444610596
1789130143755698000,93.16169799804688,8.044517517089844,-0.6272808313369751,4.448426723480225
1789130143771699200,93.17769921875,7.15387487411499,0.29209262132644653,4.994304656982422
1789130143787691300,93.19369116210937,8.595184326171875,-1.2689268589019775,4.137180328369141
1789130143803687400,93.2096875,8.269572257995605,-1.1300631761550903,3.2752678394317627
1789130143819685400,93.22568530273438,7.4316020011901855,-0.15801730751991272,4.63517427444458
1789130143835687700,93.24168774414062,8.40843677520752,0.12449848651885986,4.3861775398254395
1789130143851691000,93.25769091796874,7.8960771560668945,-0.2825157940387726,4.213795185089111
1789130143867688000,93.27368798828125,9.251194953918457,-0.9193734526634216,4.256890773773193
1789130143883686000,93.28968579101563,8.858546257019043,-0.17238251864910126,4.395754337310791
1789130143899677000,93.30567700195313,7.65186882019043,-0.11013327538967133,5.846640586853027
1789130143915670800,93.3216708984375,8.178592681884766,-0.21547815203666687,3.892971992492676
1789130143931664600,93.33766455078126,8.815450668334961,-0.8236053586006165,4.67827033996582
1789130143947661000,93.3536611328125,8.394071578979492,0.363918662071228,5.5114521980285645
1789130143963662300,93.36966235351562,8.164227485656738,-0.5219359993934631,5.817910194396973
1789130143979662800,93.38566284179687,9.490615844726562,-0.43095630407333374,5.669469833374023
1789130143995654700,93.40165454101563,9.59596061706543,0.4165911078453064,5.2911858558654785
1789130144019652900,93.42565283203125,11.587936401367188,-0.14365209639072418,4.965574264526367
1789130144035651800,93.44165185546875,9.313444137573242,0.11013327538967133,5.439626216888428
1789130144051645200,93.45764526367188,7.929595947265625,-0.8092401623725891,4.98472785949707
1789130144067643600,93.4736435546875,8.106766700744629,-0.9864110946655273,3.974374771118164
1789130144083640300,93.48964038085937,8.35097599029541,-0.181959331035614,4.462791919708252
1789130144099634400,93.50563452148438,8.360552787780762,-0.5985504388809204,5.157110691070557
1789130144115632000,93.52163208007812,9.026140213012695,-0.6703764796257019,4.630385875701904
1789130144131631900,93.5376318359375,7.51779317855835,-1.0678139925003052,4.831499099731445
1789130144147633000,93.5536328125,8.33182144165039,-0.5602431893348694,4.089296340942383
1789130144163633200,93.56963305664063,8.513781547546387,-0.08619125932455063,5.51624059677124
1789130144179630600,93.58563061523438,8.02536392211914,-1.0965443849563599,5.295974254608154
1789130144195629300,93.60162939453124,9.093177795410156,-1.2641384601593018,3.993528366088867
1789130144219617000,93.62561694335938,7.939172744750977,-1.5610195398330688,5.018246650695801
1789130144235612700,93.64161279296874,9.198522567749023,-1.158793568611145,4.726154327392578
1789130144251609000,93.65760913085937,9.260771751403809,0.2346317619085312,5.161899089813232
1789130144267608300,93.6736083984375,9.639056205749512,-0.751779317855835,5.918466567993164
1789130144283602200,93.68960229492187,8.595184326171875,-1.6855180263519287,5.497087001800537
1789130144299599400,93.70559936523438,7.829039573669434,-0.608127236366272,4.505887508392334
1789130144315596800,93.7215966796875,8.552088737487793,0.507570743560791,5.018246650695801
1789130144331592000,93.73759204101563,8.69095230102539,-0.6751648783683777,5.784391403198242
1789130144347591000,93.7535908203125,8.762778282165527,-1.039083480834961,5.348646640777588
1789130144363591000,93.7695908203125,8.662221908569336,-0.7230489253997803,5.051765441894531
1789130144379593500,93.78559350585938,9.05487060546875,-1.0007762908935547,5.7556610107421875
1789130144395595500,93.80159545898438,8.834604263305664,-0.6129156351089478,5.612008571624756
1789130144411596800,93.8175966796875,8.528146743774414,-0.42616790533065796,4.587290287017822
1789130144427600400,93.83360034179688,8.638279914855957,-0.5889736413955688,5.20978307723999
1789130144443606000,93.84960595703124,9.399636268615723,-0.8379706144332886,5.530605792999268
1789130144459605500,93.86560546875,9.691728591918945,-0.4213795065879822,5.7556610107421875
1789130144475607800,93.88160791015625,9.44752025604248,-1.192312479019165,4.989516258239746
1789130144491610000,93.89761010742187,8.652645111083984,-0.9241618514060974,5.013458251953125
1789130144507610000,93.91361010742187,9.768342971801758,-0.5650315880775452,5.4875102043151855
1789130144523611400,93.929611328125,9.835380554199219,-1.139639973640442,5.870582580566406
1789130144539614200,93.9456142578125,9.854534149169922,-0.13407529890537262,5.39174222946167
1789130144555610600,93.96161059570312,8.403648376464844,-0.45010992884635925,4.707000732421875
1789130144571607000,93.97760693359375,8.772355079650879,-0.4692635238170624,5.286397457122803
1789130144587607800,93.99360791015626,8.20732307434082,-0.5171475410461426,5.171475887298584
1789130144603607800,94.00960791015625,9.184157371520996,0.33039984107017517,4.620809078216553
1789130144619605000,94.02560498046876,8.619126319885254,-0.1867477297782898,4.903325080871582
1789130144635603200,94.04160327148438,8.17380428314209,-0.8236053586006165,4.946420669555664
1789130144651609600,94.05760961914062,8.394071578979492,0.5410895943641663,4.989516258239746
1789130144667614000,94.07361401367187,8.159439086914062,0.3878606855869293,4.558559894561768
1789130144683619000,94.089619140625,8.006210327148438,-0.45010992884635925,4.922478675842285
1789130144699618300,94.10561840820313,8.178592681884766,-0.26336219906806946,4.649539470672607
1789130144715620400,94.12162036132813,8.327033042907715,-0.2968810200691223,4.596867084503174
1789130144731619000,94.137619140625,8.528146743774414,-0.9097966551780701,4.745307922363281
1789130144747617500,94.15361743164063,8.11634349822998,-0.19153612852096558,5.066130638122559
1789130144763617500,94.16961743164063,8.26478385925293,-0.689530074596405,4.774038314819336
1789130144779623400,94.18562353515625,9.074024200439453,-0.29209262132644653,4.807557106018066
1789130144795626800,94.20162670898438,8.446743965148926,-0.3495534360408783,5.406107425689697
1789130144811625000,94.217625,8.944737434387207,-0.009576806798577309,4.563348293304443
1789130144827621000,94.23362109375,8.892065048217773,-0.272938996553421,5.061342239379883
1789130144843628800,94.24962890625,8.245630264282227,-0.6655880808830261,5.453991413116455
1789130144859632000,94.26563208007812,9.074024200439453,-0.3495534360408783,5.0469770431518555
1789130144875631600,94.28163159179688,8.293514251708984,-0.5171475410461426,4.802768707275391
1789130144891641900,94.29764184570313,7.996633529663086,-0.8140285611152649,5.30076265335083
1789130144907644400,94.31364453125,8.738836288452148,0.009576806798577309,5.4013190269470215
1789130144923640600,94.329640625,8.78193187713623,0.24899697303771973,5.434837818145752
1789130144939643000,94.34564282226563,8.427590370178223,-1.1013327836990356,5.39174222946167
1789130144955641600,94.3616416015625,8.810662269592285,-0.608127236366272,4.821922302246094
1789130144971639800,94.37763989257813,8.068459510803223,-0.19153612852096558,5.252878665924072
1789130144987641600,94.3936416015625,7.872135162353516,-0.8044517636299133,5.0900726318359375
1789130145003646500,94.409646484375,8.681375503540039,-0.3878606855869293,5.008669853210449
1789130145019649300,94.42564916992187,8.638279914855957,-0.29209262132644653,4.8937482833862305
1789130145035653400,94.4416533203125,8.135497093200684,-0.47405192255973816,5.07570743560791
1789130145059654100,94.46565405273438,8.552088737487793,-0.5650315880775452,4.7405195236206055
1789130145075654700,94.48165454101563,8.413225173950195,-0.7134721279144287,5.252878665924072
1789130145091657200,94.4976572265625,8.53293514251709,-0.2106897532939911,4.774038314819336
1789130145107659000,94.51365893554687,8.614337921142578,-0.1149216815829277,5.1331682205200195
1789130145123661600,94.52966162109375,8.834604263305664,-0.29209262132644653,5.631162166595459
1789130145139663400,94.54566333007813,8.777143478393555,-0.3926490843296051,5.5545477867126465
1789130145155668500,94.56166845703125,9.399636268615723,-0.33039984107017517,5.114014625549316
1789130145171671800,94.577671875,8.80587387084961,-0.1388636976480484,5.525817394256592
1789130145187677000,94.59367700195313,8.954314231872559,-0.2537853717803955,5.2911858558654785
1789130145203683300,94.60968334960937,9.011775016784668,-0.7565677165985107,5.1810526847839355
1789130145219686400,94.62568627929687,8.394071578979492,-0.8523358106613159,5.48272180557251
1789130145235690200,94.64169018554688,8.877699851989746,-0.2777273952960968,5.238513469696045
1789130145251696000,94.65769604492188,8.159439086914062,-0.5219359993934631,5.070919036865234
1789130145267705900,94.67370581054688,8.571242332458496,-0.6799532771110535,5.602431774139404
1789130145291711500,94.69771142578125,8.916007041931152,-1.3646949529647827,5.726930618286133
1789130145307713300,94.71371337890625,8.370129585266113,-0.7565677165985107,4.946420669555664
1789130145323715300,94.72971533203125,8.307879447937012,-0.7661445140838623,4.611232280731201
1789130145339716400,94.74571630859376,7.967903137207031,-0.5554547905921936,5.123591423034668
1789130145355714300,94.76171435546875,8.89685344696045,-0.3687070608139038,5.123591423034668
1789130145371715800,94.7777158203125,8.829815864562988,-0.7134721279144287,4.95120906829834
1789130145387720400,94.79372045898438,7.99184513092041,-0.3734954595565796,5.051765441894531
1789130145403724800,94.80972485351562,8.034940719604492,-0.090979665517807,5.200206279754639
1789130145419725800,94.82572583007813,8.686163902282715,-0.05746084079146385,4.630385875701904
1789130145435726000,94.84172607421876,8.585607528686523,0.004788403399288654,5.152322292327881
1789130145451727000,94.85772705078125,8.633491516113281,-0.09576806426048279,4.874594688415527
1789130145467721200,94.87372119140625,8.633491516113281,-0.43095630407333374,5.118803024291992
1789130145483719200,94.88971923828124,8.456320762634277,-0.13407529890537262,5.147533416748047
1789130145499716600,94.90571655273438,8.528146743774414,-0.181959331035614,5.200206279754639
1789130145515710500,94.92171044921875,8.49941635131836,-0.7086837291717529,5.166687488555908
1789130145531701000,94.93770092773437,8.78193187713623,-0.727837324142456,4.912901878356934
1789130145555697000,94.96169677734375,8.26478385925293,-0.5506663918495178,4.884171485900879
1789130145571688400,94.9776884765625,8.121131896972656,-0.45489832758903503,4.874594688415527
1789130145587679200,94.99367919921875,8.2312650680542,-0.4836287498474121,4.941632270812988
1789130145603673900,95.009673828125,8.374917984008789,-0.7134721279144287,4.850652694702148
1789130145619669000,95.0256689453125,8.40843677520752,-1.0582371950149536,5.2672438621521
1789130145635668700,95.04166870117187,9.399636268615723,-1.0582371950149536,5.023035049438477
1789130145651672600,95.05767260742188,8.437167167663574,-0.7805097699165344,4.51067590713501
1789130145667668000,95.07366796875,8.250418663024902,-0.9097966551780701,4.548983097076416
1789130145691669800,95.09766967773437,8.389283180236816,-0.3687070608139038,4.448426723480225
1789130145715678700,95.1216787109375,8.944737434387207,-0.31603461503982544,4.448426723480225
1789130145731688200,95.13768823242188,8.80587387084961,-0.4884171485900879,4.76924991607666
1789130145747697200,95.153697265625,8.537723541259766,-0.47405192255973816,4.194641590118408
1789130145763703000,95.169703125,8.619126319885254,-0.35913026332855225,4.352658748626709
1789130145779709400,95.18570947265626,8.504204750061035,0.08619125932455063,4.367023944854736
1789130145795712500,95.20171240234374,8.53293514251709,-0.1388636976480484,4.639962673187256
1789130145811721500,95.21772143554688,9.528923034667969,-0.37828385829925537,4.20421838760376
1789130145827725300,95.23372534179687,8.916007041931152,-0.35913026332855225,4.481945514678955
1789130145843726300,95.24972631835938,8.877699851989746,-0.4692635238170624,4.299986362457275
1789130145859732500,95.265732421875,9.136273384094238,-0.4405331015586853,4.01268196105957
1789130145883746000,95.28974609375,8.772355079650879,-0.5506663918495178,3.9456443786621094
1789130145899750000,95.30575,8.614337921142578,-0.31124621629714966,3.73016619682312
1789130145915753200,95.32175317382813,8.877699851989746,-0.4357447028160095,4.3191399574279785
1789130145931756300,95.33775634765625,8.853757858276367,-0.4884171485900879,4.548983097076416
1789130145947758000,95.35375805664063,8.705317497253418,-0.545877993106842,4.434061527252197
1789130145971768800,95.37776879882813,8.925583839416504,-0.7565677165985107,4.252102375030518
1789130145987771400,95.393771484375,9.294290542602539,-0.8331822156906128,4.137180328369141
1789130146003771000,95.40977099609376,9.141061782836914,-0.8858546018600464,4.0749311447143555
1789130146019771000,95.42577099609375,9.816226959228516,-0.933738648891449,4.1180267333984375
1789130146035769300,95.44176928710938,9.083600997924805,-1.158793568611145,4.242525577545166
1789130146051771600,95.45777172851562,8.992621421813965,-1.1109095811843872,4.357447147369385
1789130146067772200,95.47377221679687,9.208099365234375,-0.6991068720817566,4.194641590118408
1789130146083767600,95.489767578125,8.93037223815918,-0.7948749661445618,4.189853191375732
1789130146099766000,95.50576611328125,9.131484985351562,-1.192312479019165,4.223371982574463
1789130146115764000,95.52176391601563,9.399636268615723,-0.7086837291717529,4.213795185089111
1789130146131767300,95.53776733398438,9.188945770263672,-0.6320692300796509,4.357447147369385
1789130146147767000,95.55376708984375,8.99740982055664,-0.9624691009521484,4.338293552398682
1789130146163763500,95.56976342773437,8.983044624328613,-0.6416460275650024,3.8307228088378906
1789130146179762200,95.58576220703125,8.614337921142578,-0.6033388376235962,4.137180328369141
1789130146195767300,95.60176733398437,9.097966194152832,-0.15322890877723694,4.261679172515869
1789130146211775200,95.61777514648438,9.41400146484375,-0.07661445438861847,4.055777549743652
1789130146227782700,95.63378271484375,9.150638580322266,-0.6943184733390808,4.424484729766846
1789130146243782000,95.64978198242187,9.428366661071777,-0.6416460275650024,4.151545524597168
1789130146259783400,95.66578344726562,9.093177795410156,-0.7565677165985107,4.338293552398682
1789130146275783000,95.68178295898437,8.35097599029541,-0.8379706144332886,4.2760443687438965
1789130146291783200,95.697783203125,8.643068313598633,-0.6751648783683777,4.2090067863464355
1789130146307780900,95.71378076171875,8.374917984008789,-0.363918662071228,3.931279182434082
1789130146323779800,95.72977978515625,8.705317497253418,-0.689530074596405,4.462791919708252
1789130146339778300,95.7457783203125,9.801861763000488,-0.9768342971801758,4.376600742340088
1789130146355777300,95.76177734375,9.495404243469238,-1.1779472827911377,4.424484729766846
1789130146371781400,95.77778149414063,9.390059471130371,-0.9864110946655273,4.247313976287842
1789130146387784700,95.79378466796875,9.792284965515137,-1.1252747774124146,4.357447147369385
1789130146403792600,95.80979272460938,8.825027465820312,-1.1109095811843872,4.529829502105713
1789130146419791600,95.82579150390625,9.165003776550293,-0.9002198576927185,4.228160381317139
1789130146435787800,95.84178784179687,9.2033109664917,-1.1013327836990356,4.2760443687438965
1789130146451782000,95.85778198242187,8.80587387084961,-0.871489405632019,4.491522312164307
1789130146467775500,95.873775390625,9.006986618041992,-0.8331822156906128,4.32871675491333
1789130146483769900,95.88976977539062,8.729259490966797,-0.9911994934082031,4.189853191375732
1789130146499765200,95.90576513671876,9.476250648498535,-0.9289502501487732,3.993528366088867
1789130146515769000,95.92176904296875,8.652645111083984,-0.9720458984375,4.4292731285095215
1789130146531769900,95.93776977539062,8.604761123657227,-0.49799394607543945,4.151545524597168
1789130146547772700,95.95377270507812,8.753201484680176,-0.6991068720817566,4.031835556030273
1789130146563774500,95.9697744140625,8.485051155090332,-0.47405192255973816,4.0749311447143555
1789130146579775200,95.98577514648437,8.537723541259766,-0.5171475410461426,4.036623954772949
1789130146595769900,96.00176977539063,8.791508674621582,-0.6224924325942993,3.9600095748901367
1789130146611760600,96.0177607421875,8.255207061767578,-0.5410895943641663,4.23773717880249
1789130146627757300,96.03375732421875,8.738836288452148,-0.35913026332855225,3.8498764038085938
1789130146643757300,96.04975732421875,8.810662269592285,-0.3974374830722809,4.280832767486572
1789130146659757600,96.06575756835937,8.595184326171875,-0.31603461503982544,4.376600742340088
1789130146675757300,96.08175732421876,8.882488250732422,-0.3878606855869293,4.0078935623168945
1789130146691758000,96.09775805664063,8.757989883422852,-0.7134721279144287,4.2090067863464355
1789130146707754500,96.11375439453126,8.858546257019043,-0.7134721279144287,4.3622355461120605
1789130146723746000,96.12974609375,8.89685344696045,-0.751779317855835,4.309563159942627
1789130146739742700,96.14574267578125,8.954314231872559,-0.7038952708244324,4.271255970001221
1789130146755740000,96.16173999023438,8.571242332458496,-1.0247182846069336,4.127603530883789
1789130146771737000,96.17773706054687,8.5903959274292,-0.9193734526634216,4.2760443687438965
1789130146787730200,96.19373022460937,9.160215377807617,-0.9911994934082031,4.5154643058776855
1789130146803724500,96.209724609375,9.136273384094238,-0.9720458984375,4.314351558685303
1789130146819721700,96.2257216796875,9.38048267364502,-1.1971008777618408,4.261679172515869
1789130146835716400,96.24171630859375,8.954314231872559,-1.1252747774124146,3.8498764038085938
1789130146851714300,96.25771435546875,8.504204750061035,-1.0438719987869263,4.529829502105713
1789130146867711500,96.27371142578124,9.241618156433105,-1.1540051698684692,4.151545524597168
1789130146883712800,96.28971264648438,9.193734169006348,-0.9624691009521484,4.486733913421631
1789130146899713500,96.30571362304687,9.006986618041992,-0.751779317855835,4.175487995147705
1789130146915704300,96.32170434570313,8.801085472106934,-0.7613561153411865,4.304774761199951
1789130146931698000,96.33769799804688,8.705317497253418,-0.608127236366272,4.151545524597168
1789130146947698700,96.35369873046875,8.671798706054688,-0.7134721279144287,4.577713489532471
1789130146963692500,96.36969262695312,9.045293807983398,-1.039083480834961,4.793191909790039
1789130146979689000,96.38568896484375,8.604761123657227,-0.5171475410461426,4.390965938568115
1789130146995684600,96.4016845703125,8.887276649475098,-0.6799532771110535,4.54419469833374
1789130147011683600,96.41768359375,8.556877136230469,-0.8188169598579407,4.534617900848389
1789130147027687000,96.43368701171875,8.418013572692871,-0.6368576288223267,4.496310710906982
1789130147043688700,96.44968872070312,8.916007041931152,-0.6847416758537292,4.730942726135254
1789130147059689200,96.46568920898437,8.633491516113281,-0.6991068720817566,4.908113479614258
1789130147075694300,96.4816943359375,8.796297073364258,-0.6607996821403503,4.697423934936523
1789130147091694000,96.49769409179687,8.676587104797363,-0.8044517636299133,4.707000732421875
1789130147107692000,96.51369213867187,8.327033042907715,-0.7374141216278076,4.616020679473877
1789130147123689700,96.52968969726562,8.528146743774414,-0.6847416758537292,4.903325080871582
1789130147139692500,96.54569262695313,8.628703117370605,-0.8236053586006165,4.850652694702148
1789130147155694300,96.5616943359375,8.901641845703125,-0.8188169598579407,4.807557106018066
1789130147171693600,96.57769360351563,8.7484130859375,-1.072602391242981,4.711789131164551
1789130147187691800,96.59369189453125,8.470685958862305,-0.9768342971801758,5.0469770431518555
1789130147203689500,96.609689453125,8.78193187713623,-0.7469909191131592,5.018246650695801
1789130147219688700,96.62568872070312,8.877699851989746,-0.5315127968788147,4.922478675842285
1789130147235687000,96.64168701171874,8.801085472106934,-0.8571242094039917,4.788403511047363
1789130147251688700,96.65768872070312,9.188945770263672,-0.5985504388809204,4.7405195236206055
1789130147267687400,96.6736875,8.892065048217773,-0.7086837291717529,4.960785865783691
1789130147283681500,96.689681640625,8.99740982055664,-0.8906430602073669,4.577713489532471
1789130147299683600,96.70568359375,8.753201484680176,-0.9672574996948242,4.649539470672607
1789130147315691000,96.72169091796874,8.485051155090332,-0.7374141216278076,4.8602294921875
1789130147331697000,96.73769677734376,8.920795440673828,-0.646434485912323,4.754884719848633
1789130147347701000,96.75370092773437,8.848969459533691,-1.039083480834961,4.6255974769592285
1789130147363709400,96.76970947265625,8.461109161376953,-0.8140285611152649,4.5825018882751465
1789130147379720200,96.78572021484375,8.44195556640625,-0.8762778043746948,4.558559894561768
1789130147395733000,96.80173291015625,8.307879447937012,-0.8331822156906128,4.797980308532715
1789130147411742700,96.81774267578125,8.762778282165527,-0.7565677165985107,5.008669853210449
1789130147427750700,96.83375073242188,9.251194953918457,-0.9050082564353943,4.644751071929932
1789130147443755800,96.849755859375,8.662221908569336,-0.8619126081466675,4.754884719848633
1789130147459764700,96.8657646484375,8.796297073364258,-0.7469909191131592,4.898536682128906
1789130147475774200,96.88177416992187,9.23682975769043,-1.0055646896362305,4.4723687171936035
1789130147491772200,96.89777221679688,8.695740699768066,-0.933738648891449,4.73573112487793
1789130147507780600,96.91378051757812,8.394071578979492,-0.9097966551780701,4.6734819412231445
1789130147523789000,96.9297890625,8.65743350982666,-0.5171475410461426,4.5825018882751465
1789130147539801900,96.9458017578125,8.777143478393555,-0.8954314589500427,4.903325080871582
1789130147555810300,96.96181030273438,8.89685344696045,-0.8667010068893433,4.6255974769592285
1789130147571818000,96.97781787109375,8.834604263305664,-0.933738648891449,4.7405195236206055
1789130147587822300,96.993822265625,8.700529098510742,-0.9959878921508789,4.529829502105713
1789130147611829000,97.0178291015625,8.633491516113281,-0.6655880808830261,4.663905143737793
1789130147627830800,97.03383081054687,8.705317497253418,-1.115697979927063,4.592078685760498
1789130147643837400,97.04983740234375,8.614337921142578,-1.039083480834961,4.659116744995117
1789130147659837000,97.0658369140625,8.834604263305664,-0.9385270476341248,4.730942726135254
1789130147675836700,97.08183666992187,8.671798706054688,-1.0199298858642578,4.841075897216797
1789130147691846000,97.09784594726563,8.595184326171875,-0.5937620401382446,4.912901878356934
1789130147707857200,97.11385717773437,8.89685344696045,-0.9720458984375,4.7836151123046875
1789130147723871200,97.12987133789062,9.08838939666748,-1.0103530883789062,4.644751071929932
1789130147739882000,97.14588208007812,8.848969459533691,-0.8762778043746948,4.927267074584961
1789130147755886300,97.16188623046875,8.944737434387207,-0.8762778043746948,4.726154327392578
1789130147771888400,97.17788842773437,8.892065048217773,-1.1779472827911377,4.788403511047363
1789130147787896300,97.19389624023438,8.705317497253418,-0.9385270476341248,4.759673118591309
1789130147803904300,97.209904296875,8.863334655761719,-0.9050082564353943,4.8267107009887695
1789130147819909400,97.22590942382813,9.121908187866211,-0.933738648891449,4.726154327392578
1789130147835908400,97.24190844726563,8.887276649475098,-0.7134721279144287,4.807557106018066
1789130147851906000,97.25790600585937,8.762778282165527,-0.6368576288223267,4.884171485900879
1789130147867908400,97.27390844726563,9.08838939666748,-0.8619126081466675,4.908113479614258
1789130147883910400,97.28991040039062,9.222464561462402,-1.2641384601593018,4.912901878356934
1789130147899915300,97.30591528320312,9.02135181427002,-0.8858546018600464,4.850652694702148
1789130147915916800,97.32191674804687,8.576030731201172,-0.7996633648872375,5.032611846923828
1789130147931920100,97.33792016601562,9.08838939666748,-1.0534487962722778,4.807557106018066
1789130147947920600,97.35392065429687,8.99740982055664,-0.8906430602073669,4.970362663269043
1789130147963917800,97.36991772460938,8.710105895996094,-1.015141487121582,4.836287498474121
1789130147979918600,97.38591870117187,8.547300338745117,-1.0630255937576294,4.663905143737793
1789130147995920000,97.401919921875,8.504204750061035,-0.9528923034667969,4.845864295959473
1789130148011915300,97.41791528320313,8.403648376464844,-0.8236053586006165,4.95120906829834
1789130148027917600,97.43391748046875,8.542511940002441,-0.9193734526634216,4.778826713562012
1789130148043920600,97.44992065429688,8.317456245422363,-0.933738648891449,4.908113479614258
1789130148059925200,97.46592529296875,8.312667846679688,-1.0055646896362305,4.874594688415527
1789130148075933200,97.48193310546876,8.556877136230469,-1.173158884048462,4.6255974769592285
1789130148091933700,97.49793359375,8.245630264282227,-0.9672574996948242,4.716577529907227
1789130148107933000,97.51393286132813,8.255207061767578,-0.8571242094039917,4.888959884643555
1789130148131949000,97.53794897460938,8.33182144165039,-1.0247182846069336,4.912901878356934
1789130148147959600,97.55395947265625,8.513781547546387,-0.7134721279144287,4.778826713562012
1789130148163964200,97.56996411132812,8.504204750061035,-0.8331822156906128,4.707000732421875
1789130148179967500,97.58596752929688,8.604761123657227,-0.8140285611152649,4.922478675842285
1789130148195969800,97.6019697265625,8.738836288452148,-0.7134721279144287,4.989516258239746
1789130148211977000,97.61797705078125,8.418013572692871,-0.9768342971801758,4.960785865783691
1789130148227982000,97.63398217773438,8.777143478393555,-0.8236053586006165,4.869806289672852
1789130148243985200,97.64998510742187,9.016563415527344,-1.091755986213684,5.027823448181152
1789130148259990500,97.66599047851562,9.011775016784668,-1.2449848651885986,5.104437828063965
1789130148275992800,97.68199291992188,8.844181060791016,-1.0055646896362305,4.912901878356934
1789130148291992600,97.69799267578125,8.829815864562988,-1.1013327836990356,5.051765441894531
1789130148307998500,97.71399853515625,8.528146743774414,-1.1204863786697388,5.037400245666504
1789130148324001800,97.73000170898437,8.59997272491455,-1.1492167711257935,4.946420669555664
1789130148340004000,97.74600415039062,8.78193187713623,-1.0582371950149536,4.946420669555664
1789130148356003800,97.76200390625,8.810662269592285,-1.072602391242981,5.018246650695801
1789130148372004400,97.77800439453125,8.78193187713623,-0.9816226959228516,4.845864295959473
1789130148388004400,97.79400439453126,8.786720275878906,-0.9864110946655273,4.989516258239746
1789130148404002000,97.810001953125,8.848969459533691,-0.7852981686592102,5.051765441894531
1789130148420003600,97.82600366210937,8.834604263305664,-0.9768342971801758,5.051765441894531
1789130148436007700,97.84200756835938,8.877699851989746,-0.9911994934082031,4.707000732421875
1789130148452011800,97.85801171875,8.418013572692871,-0.790086567401886,4.898536682128906
1789130148468021500,97.874021484375,8.614337921142578,-0.9816226959228516,4.797980308532715
1789130148484034800,97.89003491210937,8.820239067077637,-0.8427590131759644,4.692635536193848
1789130148500047600,97.90604760742187,8.470685958862305,-0.828393816947937,4.8937482833862305
1789130148516058600,97.92205859375,8.542511940002441,-0.727837324142456,4.721365928649902
1789130148532071400,97.93807153320313,8.705317497253418,-0.9672574996948242,4.845864295959473
1789130148548081400,97.95408129882813,8.762778282165527,-0.8906430602073669,4.865017890930176
1789130148564097500,97.97009765625,8.786720275878906,-0.8379706144332886,5.272032260894775
1789130148580115200,97.986115234375,8.882488250732422,-1.0630255937576294,5.018246650695801
1789130148596133600,98.00213354492188,8.901641845703125,-0.933738648891449,4.8267107009887695
1789130148612144000,98.01814404296876,8.786720275878906,-0.9959878921508789,4.865017890930176
1789130148628155100,98.03415502929687,8.853757858276367,-0.9002198576927185,4.845864295959473
1789130148644163600,98.05016357421874,8.920795440673828,-1.1204863786697388,4.932055473327637
1789130148660166000,98.06616577148438,8.619126319885254,-1.0678139925003052,4.836287498474121
1789130148676171000,98.0821708984375,8.89685344696045,-1.039083480834961,4.606443881988525
1789130148700187000,98.10618676757812,8.686163902282715,-1.1492167711257935,4.606443881988525
1789130148716205600,98.12220556640625,8.705317497253418,-1.1635819673538208,4.654327869415283
1789130148732225300,98.13822534179687,8.681375503540039,-1.2114660739898682,4.592078685760498
1789130148748245200,98.15424536132812,8.633491516113281,-1.115697979927063,4.620809078216553
1789130148764264400,98.17026440429687,8.844181060791016,-1.1827356815338135,4.491522312164307
1789130148780274700,98.18627465820313,8.762778282165527,-1.2258312702178955,4.458003520965576
1789130148796283000,98.20228295898437,8.729259490966797,-1.0965443849563599,4.323928356170654
1789130148812297700,98.21829760742187,8.815450668334961,-1.1827356815338135,4.3622355461120605
1789130148828315400,98.2343154296875,8.863334655761719,-1.3311761617660522,4.2951979637146
1789130148844332500,98.25033251953126,8.825027465820312,-1.216254472732544,4.338293552398682
1789130148860351500,98.2663515625,8.87291145324707,-1.0821791887283325,4.304774761199951
1789130148876369400,98.28236938476563,8.89685344696045,-1.1492167711257935,4.175487995147705
1789130148892388400,98.29838842773438,8.949525833129883,-1.039083480834961,4.060565948486328
1789130148908403200,98.3144033203125,8.777143478393555,-1.0247182846069336,4.050989151000977
1789130148924417500,98.33041748046875,8.925583839416504,-1.0295066833496094,4.050989151000977
1789130148940430600,98.3464306640625,8.968679428100586,-0.9050082564353943,4.1180267333984375
1789130148956444200,98.36244409179687,8.786720275878906,-0.9864110946655273,4.156333923339844
1789130148972460800,98.37846069335937,8.968679428100586,-0.8858546018600464,4.084507942199707
1789130148988463900,98.3944638671875,8.954314231872559,-0.9768342971801758,4.127603530883789
1789130149004470000,98.41046997070312,8.863334655761719,-0.9433154463768005,4.098873138427734
1789130149020484000,98.42648413085938,8.978256225585938,-0.9385270476341248,4.046200752258301
1789130149036498400,98.44249853515625,8.901641845703125,-0.9193734526634216,4.113238334655762
1789130149052513300,98.45851318359375,8.853757858276367,-0.8092401623725891,4.089296340942383
1789130149068527600,98.47452758789062,8.920795440673828,-0.8954314589500427,4.027047157287598
1789130149084542000,98.4905419921875,8.863334655761719,-0.871489405632019,4.046200752258301
1789130149100560600,98.506560546875,8.978256225585938,-0.8188169598579407,4.098873138427734
1789130149116581400,98.52258129882813,9.064447402954102,-0.8379706144332886,4.089296340942383
1789130149132598800,98.53859887695313,8.868123054504395,-0.7948749661445618,4.122815132141113
1789130149148614700,98.55461474609375,9.030928611755371,-0.7996633648872375,4.23773717880249
1789130149164630800,98.570630859375,8.978256225585938,-0.7996633648872375,4.199429988861084
1789130149180644400,98.58664428710938,9.002198219299316,-0.7661445140838623,4.20421838760376
1789130149196659700,98.60265966796875,8.973467826843262,-0.7757213711738586,4.156333923339844
1789130149212672000,98.61867211914063,8.987833023071289,-0.7757213711738586,4.1611223220825195
1789130149228686600,98.6346865234375,8.887276649475098,-0.7661445140838623,4.094084739685059
1789130149244702000,98.65070190429688,8.901641845703125,-0.7661445140838623,4.089296340942383
1789130149260715000,98.66671508789062,8.954314231872559,-0.7709329724311829,3.998316764831543
1789130149276734700,98.68273461914063,8.935160636901855,-0.7805097699165344,3.9647979736328125
1789130149292749000,98.6987490234375,8.925583839416504,-0.8236053586006165,3.936067581176758
1789130149308766500,98.71476635742188,9.011775016784668,-0.8475474119186401,3.869029998779297
1789130149324776000,98.73077587890624,8.954314231872559,-0.8906430602073669,3.9600095748901367
1789130149340785200,98.74678515625,9.050082206726074,-0.8427590131759644,3.8546648025512695
1789130149356790500,98.76279052734375,8.99740982055664,-0.8331822156906128,3.88818359375
1789130149372794600,98.77879467773438,8.96389102935791,-0.8427590131759644,3.864241600036621
1789130149388801800,98.7948017578125,9.232041358947754,-0.8475474119186401,3.5673606395721436
1789130149404809200,98.81080932617188,9.059659004211426,-0.9050082564353943,3.663128614425659
1789130149420823600,98.82682348632812,8.949525833129883,-0.9145850539207458,3.6822822093963623
1789130149436834000,98.842833984375,9.160215377807617,-0.8762778043746948,3.4763808250427246
1789130149452846000,98.85884619140624,9.141061782836914,-0.933738648891449,3.4524388313293457
1789130149468862200,98.8748623046875,9.035717010498047,-0.9385270476341248,3.5051112174987793
1789130149484872200,98.8908720703125,9.165003776550293,-0.9050082564353943,3.3662476539611816
1789130149500889900,98.90688989257812,9.222464561462402,-0.933738648891449,3.270479440689087
1789130149516910800,98.92291088867188,9.093177795410156,-0.9289502501487732,3.3854012489318848
1789130149532923100,98.93892309570313,9.131484985351562,-0.9050082564353943,3.3854012489318848
1789130149548937700,98.95493774414062,9.174580574035645,-0.8619126081466675,3.318363666534424
1789130149564951600,98.97095166015625,9.222464561462402,-0.9145850539207458,3.1699230670928955
1789130149580968000,98.98696801757812,9.21288776397705,-0.9481038451194763,3.1938650608062744
1789130149596981200,99.00298120117188,9.11233139038086,-0.9145850539207458,3.2752678394317627
1789130149612999200,99.01899926757812,9.141061782836914,-0.8954314589500427,3.227383852005005
1789130149629009200,99.03500903320312,9.246406555175781,-0.9145850539207458,3.1699230670928955
1789130149645019000,99.05101879882812,9.265560150146484,-0.9289502501487732,3.0550012588500977
1789130149661029400,99.067029296875,9.160215377807617,-0.9385270476341248,3.1507694721221924
1789130149677036300,99.08303637695313,9.14585018157959,-0.9289502501487732,3.1651346683502197
1789130149693041000,99.099041015625,9.2033109664917,-0.9481038451194763,3.117250680923462
1789130149709046500,99.11504663085938,9.227252960205078,-0.9481038451194763,3.1028854846954346
1789130149725056500,99.13105639648437,9.232041358947754,-0.9528923034667969,3.0789434909820557
1789130149741065200,99.14706518554688,9.275136947631836,-0.9385270476341248,3.002328872680664
1789130149757073200,99.1630732421875,9.23682975769043,-0.9672574996948242,3.002328872680664
1789130149773083400,99.17908349609375,9.232041358947754,-0.9576807022094727,3.0550012588500977
1789130149789090300,99.19509033203126,8.576030731201172,-1.091755986213684,3.5434184074401855
1789130149805097500,99.21109741210938,9.77791976928711,-0.7996633648872375,3.026270866394043
1789130149821113000,99.22711303710938,9.23682975769043,-0.8379706144332886,3.35667085647583
1789130149837126400,99.24312646484375,8.901641845703125,-0.8044517636299133,2.9735984802246094
1789130149853138200,99.25913818359375,9.227252960205078,-1.0965443849563599,3.141192674636841
1789130149869147100,99.27514721679688,9.27034854888916,-1.072602391242981,2.978386878967285
1789130149885155000,99.29115502929687,9.567230224609375,-0.9481038451194763,2.959233283996582
1789130149901167000,99.3071669921875,9.351752281188965,-0.9193734526634216,2.964021682739258
1789130149917180000,99.32317993164062,9.251194953918457,-0.9433154463768005,2.8874073028564453
1789130149933192000,99.33919189453125,9.232041358947754,-0.9768342971801758,2.9975404739379883
1789130149949202400,99.35520239257812,9.313444137573242,-0.9720458984375,3.00711727142334
1789130149965208000,99.3712080078125,9.217676162719727,-0.9528923034667969,2.940079689025879
1789130149981219300,99.38721923828125,9.17936897277832,-0.9241618514060974,2.868253707885742
1789130149997228500,99.403228515625,9.466673851013184,-0.828393816947937,3.0310592651367188
1789130150013237200,99.4192373046875,8.99740982055664,-0.7852981686592102,3.5913026332855225
1789130150029254700,99.43525463867188,9.121908187866211,-0.9289502501487732,3.3279404640197754
1789130150045274400,99.4512744140625,9.409213066101074,-0.9816226959228516,2.580949544906616
1789130150061287200,99.467287109375,9.409213066101074,-0.8858546018600464,2.9927520751953125
1789130150077302000,99.48330200195312,9.23682975769043,-1.115697979927063,1.9057846069335938
1789130150093313500,99.4993134765625,9.016563415527344,-1.3455413579940796,3.026270866394043
1789130150109327000,99.5153271484375,9.327810287475586,-1.0199298858642578,3.514688014984131
1789130150125332700,99.53133276367187,9.308655738830566,-2.097320795059204,3.6535518169403076
1789130150141339400,99.54733935546875,9.337387084960938,-2.82515811920166,3.5194764137268066
1789130150157348400,99.56334838867187,9.38048267364502,-3.3279404640197754,2.647987127304077
1789130150173358000,99.57935815429687,9.370905876159668,-4.266467571258545,2.7676970958709717
1789130150189365200,99.595365234375,5.793968200683594,-2.097320795059204,3.28963303565979
1789130150205371100,99.61137109375,9.174580574035645,-1.1492167711257935,4.778826713562012
1789130150221380400,99.62738037109375,6.392518520355225,-2.073378562927246,4.347870349884033
1789130150237391400,99.64339135742188,10.429142951965332,2.0638017654418945,3.663128614425659
1789130150253406700,99.65940673828125,13.407529830932617,-0.2585737705230713,0.9528923034667969
1789130150269425700,99.67542578125,7.053318023681641,-1.9536685943603516,2.9065608978271484
1789130150285436400,99.6914365234375,9.294290542602539,-1.7621324062347412,0.4405331015586853
1789130150301444000,99.70744409179687,10.122684478759766,-1.9728221893310547,0.38307225704193115
1789130150317454000,99.7234541015625,10.611102104187012,-2.1930887699127197,2.676717519760132
1789130150333465300,99.73946533203124,8.786720275878906,-2.940079689025879,4.213795185089111
1789130150349475000,99.75547509765624,11.60708999633789,-4.395754337310791,4.32871675491333
1789130150365487400,99.7714873046875,14.413094520568848,-9.074024200439453,5.161899089813232
1789130150381501000,99.7875009765625,6.971915245056152,-9.59596061706543,5.655104637145996
1789130150445547300,99.85154736328126,8.44195556640625,-3.5721490383148193,-5.228936672210693
1789130150469568000,99.87556811523437,6.57926607131958,-7.4555439949035645,-4.572925090789795
1789130150485589000,99.89158911132813,5.928043365478516,-11.118672370910645,-3.155557870864868
1789130150501603800,99.90760375976562,6.8378400802612305,-13.33570384979248,-1.8626888990402222
1789130150517618000,99.92361791992188,7.489062786102295,-13.814543724060059,-0.9002198576927185
1789130150533638700,99.939638671875,6.6846113204956055,-14.7387056350708,-0.47884035110473633
1789130150549654000,99.95565405273437,6.339846134185791,-15.662867546081543,-0.49799394607543945
1789130150565670700,99.97167065429687,7.5417351722717285,-16.266206741333008,-1.4460978507995605
1789130150581681700,99.987681640625,3.7684733867645264,-18.282123565673828,-4.309563159942627
1789130150597698600,100.00369848632812,4.697423934936523,-15.95017147064209,-6.14831018447876
1789130150613714000,100.0197138671875,1.259350061416626,-18.128894805908203,-3.1651346683502197
1789130150629726700,100.03572680664062,-0.06224924325942993,-16.620548248291016,-3.0885202884674072
1789130150645745000,100.05174487304687,1.7046716213226318,-11.559206008911133,-5.851428985595703
1789130150661764900,100.06776489257813,2.5091233253479004,-9.155426979064941,-8.145073890686035
1789130150677780200,100.0837802734375,0.6751648783683777,-11.688492774963379,-7.642292022705078
1789130150693797600,100.09979760742188,0.3734954595565796,-17.68836212158203,-8.40843677520752
1789130150709814500,100.115814453125,2.4612393379211426,-13.79060173034668,-11.903970718383789
1789130150725836300,100.13183618164062,3.380612850189209,-9.05487060546875,-12.076353073120117
1789130150741857500,100.147857421875,1.8339585065841675,-8.379706382751465,-8.652645111083984
1789130150757878300,100.16387817382812,0.2968810200691223,-5.880159378051758,-6.8378400802612305
1789130150773896400,100.179896484375,0.09576806426048279,-4.5825018882751465,-7.091625213623047
1789130150789914600,100.19591455078125,0.11013327538967133,-7.216124057769775,-4.67827033996582
1789130150805928000,100.21192797851562,1.0438719987869263,-4.76924991607666,-3.576937437057495
1789130150821944300,100.2279443359375,2.542642116546631,-1.7956513166427612,-5.018246650695801
1789130150837967000,100.24396704101562,4.434061527252197,-1.5322890281677246,-4.884171485900879
1789130150853989400,100.2599892578125,4.501099109649658,-0.9481038451194763,-5.884947776794434
1789130150870011000,100.27601098632813,2.892195701599121,-1.072602391242981,-6.751648902893066
1789130150886030800,100.29203076171875,1.6711528301239014,-1.3694833517074585,-6.421248912811279
1789130150902045700,100.30804565429688,-0.10055647045373917,-1.8291701078414917,-6.004657745361328
1789130150918063400,100.3240634765625,-0.15801730751991272,-2.293645143508911,-5.2672438621521
1789130150934077700,100.34007763671875,0.9959878921508789,-1.8626888990402222,-3.931279182434082
1789130150950094300,100.35609423828124,3.955221176147461,-0.8906430602073669,-1.5466543436050415
1789130150966107000,100.37210693359376,4.764461517333984,1.216254472732544,1.5753847360610962
1789130150982122200,100.38812231445313,15.811307907104492,6.536170482635498,4.707000732421875
1789130150998136600,100.40413647460937,16.03636360168457,5.74129581451416,4.1611223220825195
1789130151014152000,100.42015185546875,9.979032516479492,1.6855180263519287,3.7684733867645264
1789130151030169000,100.43616918945312,7.354987621307373,-0.2346317619085312,3.9839515686035156
1789130151046183200,100.45218310546875,8.834604263305664,0.4884171485900879,4.5825018882751465
1789130151062200800,100.46820092773437,10.223240852355957,0.4405331015586853,4.606443881988525
1789130151078216400,100.48421655273438,8.485051155090332,-0.43095630407333374,5.20978307723999
1789130151094233900,100.50023388671875,8.633491516113281,0.9864110946655273,6.560112476348877
1789130151110248700,100.51624877929687,9.854534149169922,2.250549554824829,7.599195957183838
1789130151126258700,100.5322587890625,11.204863548278809,2.6815059185028076,7.402871608734131
1789130151142269200,100.54826928710938,13.024456977844238,3.2369606494903564,7.3023152351379395
1789130151158286000,100.5642861328125,15.863980293273926,4.496310710906982,7.7428483963012695
1789130151174299100,100.58029907226563,14.480132102966309,5.4444146156311035,4.414907932281494
1789130151190315500,100.5963154296875,5.535394191741943,0.9720458984375,3.4189200401306152
1789130151206335500,100.61233544921875,-17.640478134155273,11.348516464233398,-10.668562889099121
1789130151222356500,100.6283564453125,-2.1739351749420166,14.068328857421875,-5.4013190269470215
1789130151238375000,100.644375,13.685256958007812,16.94615936279297,2.652775526046753
1789130151254392300,100.66039233398438,17.041927337646484,6.038176536560059,8.336610794067383
1789130151270411800,100.67641186523437,19.37388038635254,7.359776020050049,11.654973983764648
1789130151286424300,100.69242431640625,18.617311477661133,10.615890502929688,6.962338447570801
1789130151302435600,100.708435546875,15.667655944824219,12.430695533752441,3.5434184074401855
1789130151318444800,100.72444482421875,12.052411079406738,12.435483932495117,5.702988624572754
1789130151334452700,100.74045263671874,8.015787124633789,11.511322021484375,5.023035049438477
1789130151350465000,100.75646508789063,4.113238334655762,10.496180534362793,3.026270866394043
1789130151366479600,100.77247973632812,2.537853717803955,8.844181060791016,0.7996633648872375
1789130151382494700,100.78849462890625,4.20421838760376,8.183381080627441,-0.10055647045373917
1789130151398506200,100.80450634765624,6.521805286407471,6.009446144104004,-0.47884035110473633
1789130151414519000,100.82051904296875,9.964667320251465,5.123591423034668,0.26815059781074524
1789130151430534400,100.83653442382813,12.469002723693848,4.280832767486572,0.4118026793003082
1789130151446550000,100.85255004882812,12.880805015563965,3.552995204925537,-0.3256114423274994
1789130151462562000,100.86856201171875,10.702081680297852,3.1890766620635986,-0.9193734526634216
1789130151478574000,100.88457397460938,6.45476770401001,3.07415509223938,-1.115697979927063
1789130151494586400,100.90058642578126,2.0015525817871094,3.045424461364746,-0.6512228846549988
1789130151510599400,100.91659936523438,-0.11013327538967133,3.6535518169403076,-0.7805097699165344
1789130151526615000,100.93261499023437,-0.646434485912323,3.869029998779297,-1.556231141090393
1789130151542632000,100.9486318359375,0.9241618514060974,3.5242648124694824,-2.7676970958709717
1789130151558641700,100.9646416015625,4.323928356170654,3.485957622528076,-1.8914192914962769
1789130151574654200,100.980654296875,7.536946773529053,4.525041103363037,-0.5123591423034668
1789130151590668300,100.99666821289063,2.1308395862579346,1.8531121015548706,0.45489832758903503
1789130151606683000,101.01268286132813,10.994174003601074,9.141061782836914,-0.31124621629714966
1789130151622689000,101.02868896484375,12.6365966796875,10.8505220413208,0.090979665517807
1789130151638694100,101.04469409179687,12.684480667114258,11.27190113067627,-0.28730419278144836
1789130151654706000,101.06070581054688,12.627019882202148,10.309432983398438,0.5267243981361389
1789130151670716400,101.07671630859375,10.6925048828125,8.245630264282227,-0.33997663855552673
1789130151686733300,101.0927333984375,8.710105895996094,6.761225700378418,-1.9584569931030273
1789130151702748000,101.10874780273437,7.374141216278076,5.535394191741943,-2.580949544906616
1789130151718764500,101.1247646484375,6.957550048828125,5.013458251953125,-2.346317768096924
1789130151734774300,101.14077416992187,6.995857238769531,5.17626428604126,-1.6711528301239014
1789130151750786300,101.15678637695312,7.110779285430908,5.640739440917969,-1.0438719987869263
1789130151766797600,101.17279760742187,6.4595561027526855,6.325480937957764,0.12449848651885986
1789130151782807600,101.1888076171875,6.009446144104004,6.67982292175293,0.689530074596405
1789130151798815000,101.20481494140626,6.210559368133545,6.670246124267578,-0.6320692300796509
1789130151814825700,101.22082568359374,7.709329605102539,6.540958881378174,-1.6663644313812256
1789130151830832400,101.23683227539063,8.786720275878906,6.368576526641846,-1.479616641998291
1789130151846849500,101.252849609375,9.097966194152832,5.966350555419922,-1.335964560508728
1789130151862867000,101.26886694335937,8.614337921142578,5.70777702331543,-1.580173134803772
1789130151878874600,101.28487451171875,7.65186882019043,5.549759387969971,-1.8100165128707886
1789130151894883600,101.30088354492187,6.641515731811523,5.726930618286133,-1.766920804977417
1789130151910893800,101.31689379882812,6.186617374420166,6.114790916442871,-1.5849615335464478
1789130151926903000,101.33290307617187,6.3302693367004395,6.129156112670898,-1.4891934394836426
1789130151942908400,101.34890844726563,6.722918510437012,6.320692539215088,-1.2832920551300049
1789130151958922500,101.36492260742187,6.761225700378418,6.339846134185791,-1.2066776752471924
1789130151974937600,101.3809375,7.3885064125061035,6.4595561027526855,-1.1013327836990356
1789130151990950700,101.39695068359374,8.08282470703125,6.531382083892822,-1.015141487121582
1789130152006963000,101.412962890625,8.216899871826172,6.114790916442871,-1.37906014919281
1789130152022970000,101.42897021484374,8.212111473083496,6.191405773162842,-1.556231141090393
1789130152038977500,101.4449775390625,7.910442352294922,6.172252178192139,-1.4317326545715332
1789130152054986500,101.46098657226563,7.805097579956055,6.1530985832214355,-1.2689268589019775
1789130152070996200,101.47699633789063,7.522581577301025,6.138733386993408,-1.2018892765045166
1789130152087000800,101.49300073242188,7.6997528076171875,6.133944988250732,-1.3311761617660522
1789130152103000300,101.50900024414062,7.766790390014648,6.129156112670898,-1.1300631761550903
1789130152119003400,101.52500341796875,7.8960771560668945,6.100425720214844,-1.2114660739898682
1789130152135012400,101.54101245117188,7.9631147384643555,6.14831018447876,-1.2258312702178955
1789130152151026700,101.55702661132813,8.164227485656738,6.722918510437012,-0.9720458984375
1789130152167033600,101.57303369140625,8.039729118347168,7.144298076629639,-0.5889736413955688
1789130152183040500,101.58904052734376,8.580819129943848,7.785943984985352,-0.6416460275650024
1789130152199042000,101.6050419921875,9.567230224609375,7.972691535949707,-0.507570743560791
1789130152215045000,101.62104516601562,10.342951774597168,8.015787124633789,-0.45010992884635925
1789130152231049500,101.63704956054687,10.031704902648926,8.106766700744629,-0.49799394607543945
1789130152247057200,101.65305712890626,8.571242332458496,7.86734676361084,-1.0342950820922852
1789130152263065000,101.66906518554687,7.196970462799072,7.527369976043701,-2.183511972427368
1789130152279065600,101.68506567382812,6.445190906524658,6.856993675231934,-3.313575267791748
1789130152295068200,101.70106811523438,5.999869346618652,6.028599739074707,-3.9264907836914062
1789130152311070700,101.71707080078124,5.612008571624756,5.2911858558654785,-3.912125587463379
1789130152327078000,101.73307788085937,5.736507415771484,4.707000732421875,-3.758896589279175
1789130152343086300,101.74908642578124,6.799532890319824,4.213795185089111,-3.361459255218506
1789130152359092000,101.76509204101562,7.613561630249023,4.141968727111816,-3.3423056602478027
1789130152375099600,101.781099609375,7.115567684173584,3.931279182434082,-3.6104562282562256
1789130152391114800,101.79711474609375,6.1052141189575195,3.7876269817352295,-3.778050184249878
1789130152407128600,101.81312866210938,5.612008571624756,3.931279182434082,-3.4955344200134277
1789130152423133200,101.82913330078125,5.013458251953125,4.299986362457275,-3.3039982318878174
1789130152439140000,101.84514013671875,5.262455463409424,4.462791919708252,-3.2082302570343018
1789130152455147300,101.86114721679688,6.224924564361572,4.534617900848389,-2.499546527862549
1789130152471158500,101.87715844726563,7.479485988616943,4.7836151123046875,-1.3934253454208374
1789130152487167200,101.89316723632813,8.7484130859375,4.874594688415527,-0.828393816947937
1789130152503178500,101.90917846679687,9.246406555175781,4.908113479614258,-0.26815059781074524
1789130152519187200,101.92518725585937,9.260771751403809,4.831499099731445,0.16759411990642548
1789130152535197200,101.941197265625,8.04930591583252,4.745307922363281,0.3878606855869293
1789130152551202800,101.95720288085937,2.4420857429504395,6.8378400802612305,-1.015141487121582
1789130152567210800,101.97321069335938,7.6997528076171875,6.224924564361572,1.4939818382263184
1789130152583219700,101.9892197265625,9.682151794433594,7.445967197418213,4.376600742340088
1789130152599231000,102.00523095703124,10.261548042297363,9.8784761428833,6.186617374420166
1789130152615239000,102.02123901367187,11.980585098266602,11.075576782226562,3.7828385829925537
1789130152631247600,102.03724755859375,9.394847869873047,8.097189903259277,1.7908629179000854
1789130152647250700,102.05325073242187,7.254431247711182,5.430049419403076,1.1540051698684692
1789130152663261200,102.06926123046875,6.157886981964111,4.989516258239746,0.40222588181495667
1789130152679268900,102.08526879882812,4.750096321105957,5.243301868438721,-0.1628057211637497
1789130152695276500,102.10127661132813,3.624821424484253,5.5976433753967285,-0.21547815203666687
1789130152711281400,102.11728149414063,4.01268196105957,6.114790916442871,-0.2106897532939911
1789130152727290400,102.13329028320312,5.166687488555908,7.01979923248291,0.1149216815829277
1789130152743298000,102.14929809570313,6.449979305267334,8.034940719604492,0.35434186458587646
1789130152759300900,102.16530078125,7.99184513092041,8.427590370178223,0.47405192255973816
1789130152775300600,102.18130053710938,9.050082206726074,8.063671112060547,0.35434186458587646
1789130152791303200,102.19730322265625,8.604761123657227,7.422025203704834,-0.09576806426048279
1789130152807306000,102.21330590820313,7.000645637512207,6.89530086517334,-0.5171475410461426
1789130152823311400,102.22931127929688,5.932831764221191,6.54574728012085,-0.7613561153411865
1789130152847319600,102.25331958007813,5.698200225830078,7.177816867828369,-0.17717093229293823
1789130152863325200,102.2693251953125,6.301538944244385,7.326257228851318,-0.26336219906806946
1789130152879321000,102.28532104492187,7.2783732414245605,6.933608055114746,-0.5363011956214905
1789130152895326700,102.30132666015625,8.08282470703125,6.473921298980713,-0.727837324142456
1789130152911329800,102.31732983398437,8.394071578979492,6.057330131530762,-0.8044517636299133
1789130152927331000,102.3333310546875,8.145073890686035,6.129156112670898,-0.6655880808830261
1789130152943334100,102.34933422851563,7.6997528076171875,6.531382083892822,-0.363918662071228
1789130152959337200,102.36533715820312,6.9910688400268555,6.766014099121094,-0.19632454216480255
1789130152975340800,102.3813408203125,6.387730121612549,6.8809356689453125,-0.1388636976480484
1789130152991342300,102.39734228515626,6.301538944244385,6.957550048828125,0.014365210197865963
1789130153007347500,102.41334741210937,6.631938934326172,7.082048416137695,0.26815059781074524
1789130153023358500,102.4293583984375,6.89530086517334,6.981492042541504,0.272938996553421
1789130153039370000,102.44536987304687,7.321468830108643,6.8043212890625,0.13407529890537262
1789130153055376100,102.46137622070313,7.24485445022583,6.775590896606445,-0.1149216815829277
1789130153071380700,102.47738061523438,7.3023152351379395,6.775590896606445,-0.3926490843296051
1789130153087385900,102.4933857421875,7.469909191131592,6.703764915466309,-0.49320554733276367
1789130153103389400,102.50938940429687,7.177816867828369,6.689399719238281,-0.3974374830722809
1789130153119406300,102.52540625,6.794744491577148,6.708553314208984,-0.47405192255973816
1789130153135415600,102.54141552734374,6.818686485290527,6.756437301635742,-0.19153612852096558
1789130153151426600,102.55742651367187,7.062894821166992,6.742072105407715,0.05267243832349777
1789130153167437600,102.5734375,7.0341644287109375,6.818686485290527,0.16759411990642548
1789130153183449600,102.58944970703125,7.048529624938965,6.789956092834473,0.10055647045373917
1789130153199461000,102.60546118164062,7.331045627593994,6.584054470062256,-0.009576806798577309
1789130153215472000,102.62147216796875,7.6566572189331055,6.564900875091553,-0.22026655077934265
1789130153231479300,102.63747924804687,7.915230751037598,6.287173748016357,-0.4884171485900879
1789130153247490300,102.653490234375,7.714118003845215,6.129156112670898,-0.6177040338516235
1789130153263499500,102.66949951171875,6.981492042541504,6.593631267547607,-0.6129156351089478
1789130153279509200,102.68550927734375,6.909666061401367,6.938396453857422,-0.5315127968788147
1789130153295523000,102.70152319335938,6.48828649520874,6.885724067687988,-0.5123591423034668
1789130153311529700,102.71752978515624,6.742072105407715,7.082048416137695,-0.08619125932455063
1789130153327538400,102.73353833007812,6.698976516723633,7.220912456512451,-0.1149216815829277
1789130153343553300,102.74955322265625,6.789956092834473,7.029376029968262,-0.2106897532939911
1789130153359563300,102.76556323242187,6.6846113204956055,6.775590896606445,-0.2968810200691223
1789130153375577300,102.78157739257813,6.828263282775879,6.780379295349121,-0.23942017555236816
1789130153391589000,102.79758911132812,7.1921820640563965,6.799532890319824,-0.090979665517807
1789130153407596000,102.81359594726563,7.321468830108643,6.775590896606445,-0.06224924325942993
1789130153423604200,102.82960424804688,7.374141216278076,6.607996463775635,-0.11013327538967133
1789130153439607800,102.84560791015625,7.33583402633667,6.531382083892822,-0.1628057211637497
1789130153455611600,102.86161157226563,7.331045627593994,6.603208065032959,-0.20111294090747833
1789130153471620900,102.87762084960937,7.383718013763428,6.708553314208984,-0.26336219906806946
1789130153487628800,102.89362890625,7.264008045196533,6.718130111694336,-0.3208230137825012
1789130153503631000,102.90963110351562,7.058106422424316,6.828263282775879,-0.35434186458587646
1789130153519636700,102.92563671875,7.053318023681641,6.871358871459961,-0.35434186458587646
1789130153535643000,102.94164282226562,6.957550048828125,6.885724067687988,-0.3926490843296051
1789130153551651000,102.95765112304687,6.852205276489258,6.976703643798828,-0.42616790533065796
1789130153567662600,102.97366259765624,6.962338447570801,6.981492042541504,-0.5793967843055725
1789130153583673000,102.98967309570313,6.828263282775879,6.919242858886719,-0.6224924325942993
1789130153599684600,103.0056845703125,6.7277069091796875,6.833051681518555,-0.8331822156906128
1789130153615698700,103.02169873046876,6.847416877746582,7.527369976043701,-0.4692635238170624
1789130153631716400,103.03771630859374,6.655880928039551,7.206547260284424,-0.6320692300796509
1789130153647727900,103.05372778320313,6.196194171905518,7.101202011108398,-1.0247182846069336
1789130153663744500,103.06974462890625,5.817910194396973,7.249642848968506,-1.0582371950149536
1789130153679763500,103.08576342773438,6.234501361846924,7.603984832763672,-0.7565677165985107
1789130153695778800,103.10177880859375,6.378153324127197,7.55131196975708,-0.6751648783683777
1789130153711793000,103.11779296875,6.138733386993408,7.3693528175354,-0.9289502501487732
1789130153727810000,103.13381005859375,6.052541732788086,7.383718013763428,-0.9433154463768005
1789130153743816000,103.14981591796875,6.823474884033203,7.560888767242432,-0.7182605266571045
1789130153759821800,103.16582177734375,7.158663272857666,7.469909191131592,-0.6655880808830261
1789130153775825000,103.18182495117188,6.71334171295166,7.283161640167236,-1.1492167711257935
1789130153791835000,103.1978349609375,6.540958881378174,7.364564418792725,-1.3886369466781616
1789130153807846700,103.2138466796875,7.0341644287109375,7.378929615020752,-1.316810965538025
1789130153823858200,103.22985815429688,7.1251444816589355,7.417236804962158,-1.2545616626739502
1789130153839870200,103.2458701171875,6.27280855178833,7.632715225219727,-1.479616641998291
1789130153855881500,103.26188159179688,6.009446144104004,7.445967197418213,-1.53707754611969
1789130153871892200,103.27789233398437,5.899312973022461,7.934384346008301,-1.292868971824646
1789130153887901700,103.29390161132812,5.7987565994262695,8.092401504516602,-1.235408067703247
1789130153903907800,103.30990795898437,6.01423454284668,8.33182144165039,-1.5418659448623657
1789130153919916500,103.32591650390626,5.410895824432373,7.714118003845215,-1.9393033981323242
1789130153935926500,103.34192651367188,5.5545477867126465,7.675810813903809,-1.8818424940109253
1789130153951936800,103.35793676757812,5.635950565338135,7.987056732177734,-1.8387469053268433
1789130153967940600,103.37394067382813,6.095637321472168,8.216899871826172,-1.53707754611969
1789130153983947000,103.38994702148437,6.186617374420166,8.312667846679688,-1.6855180263519287
1789130153999954400,103.40595434570312,5.233725070953369,8.197746276855469,-2.0254945755004883
1789130154015964700,103.42196459960938,5.363011837005615,7.948749542236328,-2.2840683460235596
1789130154031972000,103.43797216796875,5.544970989227295,8.063671112060547,-2.2457611560821533
1789130154047982800,103.45398291015626,5.784391403198242,8.092401504516602,-2.0638017654418945
1789130154063997200,103.4699970703125,6.0190229415893555,8.154650688171387,-2.073378562927246
1789130154080012000,103.48601196289063,5.731719017028809,8.11634349822998,-2.2218191623687744
1789130154096030000,103.50203002929688,5.683835029602051,8.058882713317871,-2.3127987384796143
1789130154112047000,103.51804711914062,5.750872611999512,8.188169479370117,-2.22660756111145
1789130154128061400,103.5340615234375,5.578489780426025,8.283937454223633,-2.1547815799713135
1789130154144071400,103.55007153320312,5.367800235748291,8.236053466796875,-2.1787235736846924
1789130154160083000,103.5660830078125,5.17626428604126,8.121131896972656,-2.1068975925445557
1789130154176095000,103.58209497070312,5.224148273468018,8.154650688171387,-1.9632453918457031
1789130154192098000,103.59809814453125,5.497087001800537,8.288725852966309,-1.8483237028121948
1789130154208099300,103.61409936523438,5.549759387969971,8.17380428314209,-1.8100165128707886
1789130154224099300,103.63009936523437,5.626373767852783,8.145073890686035,-1.9057846069335938
1789130154240110000,103.64611010742188,5.731719017028809,8.078036308288574,-1.920149803161621
1789130154256124400,103.66212451171874,5.702988624572754,7.9631147384643555,-1.900996208190918
1789130154272135700,103.6781357421875,5.985504150390625,7.881711959838867,-1.8052281141281128
1789130154288152800,103.69415283203125,6.45476770401001,7.843404769897461,-1.50355863571167
1789130154304168000,103.71016796875,6.354211330413818,7.680599212646484,-1.4748282432556152
1789130154320182500,103.7261826171875,5.942408561706543,7.489062786102295,-1.5897499322891235
1789130154336193000,103.74219311523437,6.191405773162842,7.350199222564697,-1.3215993642807007
1789130154352204800,103.75820483398438,6.521805286407471,7.364564418792725,-0.9768342971801758
1789130154368213000,103.774212890625,6.871358871459961,7.307103633880615,-0.7422025203704834
1789130154384217000,103.79021704101562,6.962338447570801,7.082048416137695,-0.6847416758537292
1789130154400229600,103.80622973632812,6.789956092834473,6.847416877746582,-0.7996633648872375
1789130154416247000,103.8222470703125,7.053318023681641,6.660669326782227,-0.8523358106613159
1789130154432259000,103.83825903320313,7.407660007476807,6.675034523010254,-0.8906430602073669
1789130154448274400,103.8542744140625,7.522581577301025,6.694188117980957,-0.9720458984375
1789130154464285000,103.87028491210937,7.268796443939209,6.698976516723633,-1.0055646896362305
1789130154480291300,103.88629125976563,7.105990409851074,6.71334171295166,-0.9002198576927185
1789130154496299800,103.9022998046875,7.015010833740234,6.7277069091796875,-0.6224924325942993
1789130154512310500,103.918310546875,6.833051681518555,6.794744491577148,-0.507570743560791
1789130154528321000,103.93432104492187,6.823474884033203,6.833051681518555,-0.3878606855869293
1789130154544339700,103.95033959960938,6.967126846313477,6.751648902893066,-0.14844051003456116
1789130154560354600,103.9663544921875,6.952761650085449,6.708553314208984,-0.10055647045373917
1789130154576370700,103.98237060546874,7.024587631225586,6.8043212890625,-0.08619125932455063
1789130154592384000,103.99838403320312,6.952761650085449,6.89530086517334,-0.14365209639072418
1789130154608401200,104.01440112304688,6.703764915466309,6.8809356689453125,-0.3495534360408783
1789130154624416300,104.03041625976563,7.0341644287109375,6.6846113204956055,-0.35913026332855225
1789130154640429000,104.04642895507813,7.46033239364624,6.6127848625183105,-0.14365209639072418
1789130154656439600,104.062439453125,7.738059997558594,6.617573261260986,-0.11971008777618408
1789130154672448000,104.07844799804687,7.632715225219727,6.603208065032959,-0.1149216815829277
1789130154688458500,104.09445849609375,7.709329605102539,6.617573261260986,-0.23942017555236816
1789130154704469200,104.11046923828125,7.785943984985352,6.54574728012085,-0.4213795065879822
1789130154720478700,104.12647875976562,7.704541206359863,6.473921298980713,-0.5602431893348694
1789130154736491800,104.14249169921875,7.5848307609558105,6.560112476348877,-0.608127236366272
1789130154752503000,104.1585029296875,7.613561630249023,6.6846113204956055,-0.6512228846549988
1789130154768515000,104.17451513671875,7.33583402633667,6.6127848625183105,-0.7422025203704834
1789130154784532700,104.19053271484376,7.144298076629639,6.627150535583496,-0.689530074596405
1789130154800547600,104.20654760742187,7.230489253997803,6.670246124267578,-0.5410895943641663
1789130154816556000,104.22255615234376,7.297526836395264,6.809109687805176,-0.35434186458587646
1789130154832569900,104.23856982421874,7.268796443939209,6.943184852600098,-0.4213795065879822
1789130154848580600,104.25458056640625,6.703764915466309,6.976703643798828,-0.689530074596405
1789130154864586500,104.27058642578125,6.497863292694092,7.105990409851074,-0.7948749661445618
1789130154880594400,104.28659448242188,6.775590896606445,7.1251444816589355,-0.8188169598579407
1789130154896603100,104.30260302734375,6.957550048828125,7.110779285430908,-0.7374141216278076
1789130154912610300,104.3186103515625,6.732495307922363,7.144298076629639,-0.751779317855835
1789130154928612600,104.33461254882812,6.3973069190979,7.259219646453857,-0.7086837291717529
1789130154944619500,104.35061962890624,6.268020153045654,7.374141216278076,-0.6033388376235962
1789130154960631600,104.36663159179687,6.421248912811279,7.307103633880615,-0.49799394607543945
1789130154976645000,104.38264501953125,6.574477672576904,7.287950038909912,-0.545877993106842
1789130154992657000,104.39865698242187,6.344634532928467,7.264008045196533,-0.6943184733390808
1789130155008667000,104.4146669921875,6.847416877746582,6.976703643798828,-0.8427590131759644
1789130155024674300,104.43067431640625,6.277596950531006,7.378929615020752,-0.9816226959228516
1789130155040680200,104.44668017578125,6.205770969390869,7.441178798675537,-0.9576807022094727
1789130155056684000,104.46268408203125,5.827486991882324,7.4555439949035645,-0.9289502501487732
1789130155072694800,104.47869482421875,6.042964935302734,8.360552787780762,-0.6799532771110535
1789130155088704000,104.4947041015625,5.74129581451416,8.154650688171387,-1.0534487962722778
1789130155104716300,104.51071630859374,5.975927352905273,8.33182144165039,-0.9720458984375
1789130155120730000,104.52673022460938,5.736507415771484,8.02536392211914,-1.1444283723831177
1789130155136743200,104.5427431640625,5.779603004455566,7.814674377441406,-1.2401964664459229
1789130155152752600,104.55875268554688,6.186617374420166,7.766790390014648,-1.0821791887283325
1789130155168767000,104.57476708984375,6.3733649253845215,7.766790390014648,-1.0630255937576294
1789130155184775200,104.59077514648438,6.1530985832214355,7.6566572189331055,-1.1540051698684692
1789130155200786000,104.60678588867188,6.172252178192139,7.536946773529053,-1.2449848651885986
1789130155216793600,104.62279370117187,6.402095317840576,7.5848307609558105,-1.2497732639312744
1789130155232802600,104.63880249023437,6.291962146759033,7.589619159698486,-1.4413094520568848
1789130155248811500,104.6548115234375,6.224924564361572,7.642292022705078,-1.4413094520568848
1789130155264827400,104.67082739257812,6.004657745361328,7.608773231506348,-1.4987702369689941
1789130155280839700,104.68683959960937,5.975927352905273,7.805097579956055,-1.2641384601593018
1789130155296851000,104.70285083007812,5.937620162963867,7.824251174926758,-1.1779472827911377
1789130155312867800,104.71886791992188,5.918466567993164,7.824251174926758,-1.139639973640442
1789130155328881200,104.73488110351562,5.928043365478516,7.881711959838867,-1.0103530883789062
1789130155344888600,104.750888671875,5.7556610107421875,7.781155586242676,-1.091755986213684
1789130155360895500,104.7668955078125,5.813121795654297,7.714118003845215,-1.0438719987869263
1789130155376899600,104.78289965820312,5.947196960449219,7.6997528076171875,-0.933738648891449
1789130155392912400,104.79891235351562,6.234501361846924,7.824251174926758,-0.8619126081466675
1789130155408921300,104.81492138671875,6.14831018447876,7.723694801330566,-1.0869675874710083
1789130155424926500,104.83092651367187,5.980715751647949,7.503427982330322,-1.41257905960083
1789130155440937200,104.84693725585937,6.320692539215088,7.445967197418213,-1.4987702369689941
1789130155456950300,104.8629501953125,6.646304130554199,7.469909191131592,-1.3742717504501343
1789130155472961300,104.87896118164062,6.718130111694336,7.532158374786377,-1.3503297567367554
1789130155488974300,104.89497436523438,6.54574728012085,7.503427982330322,-1.5514427423477173
1789130155504979500,104.9109794921875,6.287173748016357,7.3885064125061035,-1.6663644313812256
1789130155520991200,104.9269912109375,6.0190229415893555,7.115567684173584,-1.7717092037200928
1789130155537005800,104.943005859375,6.258443355560303,7.283161640167236,-1.460463047027588
1789130155553016000,104.95901611328125,6.2632317543029785,7.46033239364624,-1.235408067703247
1789130155569025800,104.97502587890625,6.215347766876221,7.618350028991699,-1.1492167711257935
1789130155585033500,104.99103344726562,5.942408561706543,7.6566572189331055,-1.3120225667953491
1789130155601045200,105.00704516601563,6.129156112670898,7.90086555480957,-1.1779472827911377
1789130155617053400,105.02305346679688,5.990292549133301,7.838616371154785,-1.3646949529647827
1789130155633060000,105.03906005859375,6.129156112670898,7.891288757324219,-1.3311761617660522
1789130155649067300,105.0550673828125,6.215347766876221,7.848193168640137,-1.2114660739898682
1789130155665073000,105.07107299804687,6.421248912811279,7.8529815673828125,-0.8954314589500427
1789130155681080800,105.08708081054688,6.435614109039307,7.862558364868164,-0.7038952708244324
1789130155697088000,105.103087890625,6.301538944244385,7.876923561096191,-0.8044517636299133
1789130155713101600,105.1191015625,6.114790916442871,7.819462776184082,-0.9241618514060974
1789130155729110000,105.13511010742188,6.196194171905518,7.632715225219727,-1.1013327836990356
1789130155745122600,105.15112255859376,6.435614109039307,7.575253963470459,-1.1061211824417114
1789130155761135400,105.16713525390625,6.718130111694336,7.800309181213379,-1.1109095811843872
1789130155777133000,105.18313305664063,6.473921298980713,7.704541206359863,-1.3024457693099976
1789130155793139000,105.19913891601563,6.4164605140686035,7.4986395835876465,-1.5322890281677246
1789130155809142000,105.21514208984375,6.469132900238037,7.474697589874268,-1.5083470344543457
1789130155825147100,105.23114721679687,6.57926607131958,7.6566572189331055,-1.1779472827911377
1789130155841154300,105.247154296875,6.311115741729736,7.642292022705078,-1.2737152576446533
1789130155857165600,105.26316552734374,6.028599739074707,7.694964408874512,-1.259350061416626
1789130155873169400,105.27916943359375,5.669469833374023,7.680599212646484,-1.259350061416626
1789130155889175800,105.29517578125,5.664681434631348,7.532158374786377,-1.1683704853057861
1789130155905182000,105.31118188476563,5.961562156677246,7.522581577301025,-1.0534487962722778
1789130155921182000,105.32718188476562,6.052541732788086,7.556100368499756,-0.9289502501487732
1789130155937181400,105.34318139648437,6.382941722869873,7.603984832763672,-1.0869675874710083
1789130155953183000,105.35918286132812,6.248866558074951,7.532158374786377,-1.5466543436050415
1789130155969188000,105.37518798828125,5.995080947875977,7.249642848968506,-1.9297266006469727
1789130155985193500,105.391193359375,6.1052141189575195,7.105990409851074,-1.7764976024627686
1789130156001198800,105.40719873046875,6.244078159332275,7.240066051483154,-1.316810965538025
1789130156017203700,105.42320361328125,6.210559368133545,7.3454108238220215,-1.0678139925003052
1789130156033208300,105.43920825195312,6.196194171905518,7.556100368499756,-0.9816226959228516
1789130156049214200,105.45521411132812,5.904101371765137,7.51779317855835,-1.2114660739898682
1789130156065222700,105.47122265625,6.1530985832214355,7.536946773529053,-1.2737152576446533
1789130156081231600,105.48723168945313,6.607996463775635,7.766790390014648,-1.2641384601593018
1789130156097240800,105.50324072265624,6.7708024978637695,7.766790390014648,-1.335964560508728
1789130156113250800,105.51925073242188,6.584054470062256,7.484274387359619,-1.6615760326385498
1789130156129261000,105.53526098632813,6.564900875091553,7.51779317855835,-1.5275006294250488
1789130156145273600,105.55127368164062,6.4164605140686035,7.297526836395264,-1.4700398445129395
1789130156161284600,105.56728466796875,6.7277069091796875,7.422025203704834,-1.0438719987869263
1789130156177292300,105.58329223632812,6.6127848625183105,7.546523571014404,-0.8858546018600464
1789130156193303600,105.59930346679687,6.18182897567749,7.445967197418213,-1.1683704853057861
1789130156209313000,105.61531298828125,6.004657745361328,7.575253963470459,-0.9720458984375
1789130156225318000,105.63131787109376,6.2201361656188965,7.800309181213379,-0.9002198576927185
1789130156241322800,105.64732275390625,6.1530985832214355,7.7428483963012695,-1.0630255937576294
1789130156257329400,105.66332934570312,6.110002517700195,7.704541206359863,-1.0630255937576294
1789130156273337900,105.679337890625,6.028599739074707,7.5848307609558105,-1.0295066833496094
1789130156289349400,105.69534936523438,6.1530985832214355,7.795520782470703,-0.7852981686592102
1789130156305365000,105.71136499023437,5.999869346618652,7.766790390014648,-0.7374141216278076
1789130156321383000,105.7273828125,6.057330131530762,7.671022415161133,-0.6560112833976746
1789130156337396700,105.74339672851562,6.172252178192139,7.450755596160889,-0.5506663918495178
1789130156353407500,105.75940747070312,6.335057735443115,7.2783732414245605,-0.4644751250743866
1789130156369416700,105.77541674804688,6.497863292694092,7.096413612365723,-0.3926490843296051
1789130156385432600,105.7914326171875,6.718130111694336,7.067683219909668,-0.26336219906806946
1789130156401452300,105.80745239257813,6.703764915466309,7.168240070343018,-0.26336219906806946
1789130156417472000,105.82347192382812,6.818686485290527,7.307103633880615,-0.2968810200691223
1789130156433488400,105.83948828125,6.847416877746582,7.058106422424316,-0.24899697303771973
1789130156449496000,105.85549609375,7.225700855255127,7.101202011108398,-0.20111294090747833
1789130156465506300,105.87150634765625,7.163451671600342,6.89530086517334,-0.3974374830722809
1789130156481512000,105.88751196289063,6.962338447570801,6.555324077606201,-0.4596867263317108
1789130156497520400,105.90352026367188,7.465120792388916,6.861782073974609,-0.11013327538967133
1789130156513524200,105.91952416992187,7.709329605102539,7.038952827453613,-0.19153612852096558
1789130156529532200,105.9355322265625,7.4986395835876465,6.947973251342773,-0.49799394607543945
1789130156545541400,105.95154125976562,7.249642848968506,6.689399719238281,-0.7182605266571045
1789130156561556200,105.96755615234375,6.98628044128418,6.3302693367004395,-0.7422025203704834
1789130156577567500,105.9835673828125,7.139509677886963,6.2201361656188965,-0.4213795065879822
1789130156593579000,105.9995791015625,7.527369976043701,6.5696892738342285,0.4213795065879822
1789130156609593900,106.01559375,6.947973251342773,6.651092529296875,0.5219359993934631
1789130156625605600,106.03160571289062,6.493074893951416,6.828263282775879,0.45010992884635925
1789130156641617400,106.04761743164063,6.378153324127197,7.000645637512207,0.26815059781074524
1789130156657628400,106.06362841796874,6.2632317543029785,6.866570472717285,-0.1149216815829277
1789130156673638000,106.07963793945312,6.3973069190979,6.7277069091796875,-0.5363011956214905
1789130156689646600,106.095646484375,7.067683219909668,6.876147270202637,-0.5554547905921936
1789130156705651500,106.1116513671875,7.216124057769775,7.053318023681641,-0.6847416758537292
1789130156721655600,106.12765551757812,6.660669326782227,7.144298076629639,-0.9433154463768005
1789130156737664800,106.14366479492188,6.244078159332275,7.292738437652588,-0.9385270476341248
1789130156753667300,106.15966723632812,5.947196960449219,7.508216381072998,-0.6655880808830261
1789130156769670100,106.17567016601562,6.244078159332275,7.785943984985352,-0.14365209639072418
1789130156785674500,106.19167456054687,5.932831764221191,7.493851184844971,-0.3208230137825012
1789130156801680000,106.20767993164063,6.14831018447876,7.46033239364624,-0.31124621629714966
1789130156817685000,106.22368505859374,6.378153324127197,7.359776020050049,-0.33518823981285095
1789130156833694500,106.23969458007812,6.751648902893066,7.273584842681885,-0.646434485912323
1789130156849704400,106.25570434570312,7.067683219909668,7.283161640167236,-0.9528923034667969
1789130156865707300,106.27170727539063,6.900089263916016,7.1921820640563965,-1.4652514457702637
1789130156881716700,106.287716796875,6.660669326782227,7.067683219909668,-1.9393033981323242
1789130156897719300,106.30371923828125,6.67982292175293,7.268796443939209,-1.8339585065841675
1789130156913720300,106.31972021484376,6.708553314208984,7.374141216278076,-1.53707754611969
1789130156929722400,106.33572241210938,6.57926607131958,7.781155586242676,-1.1971008777618408
1789130156945725700,106.3517255859375,6.282385349273682,8.106766700744629,-1.1540051698684692
1789130156961729500,106.3677294921875,6.311115741729736,8.101978302001953,-1.0582371950149536
1789130156977740300,106.383740234375,6.04775333404541,8.159439086914062,-0.9433154463768005
1789130156993750300,106.39975024414062,6.555324077606201,8.456320762634277,-0.8092401623725891
1789130157009760000,106.41576000976562,6.296750545501709,8.2312650680542,-1.1540051698684692
1789130157025769700,106.43176977539062,6.296750545501709,7.733271598815918,-1.6280571222305298
1789130157041782000,106.44778198242187,7.249642848968506,7.953537940979004,-1.4317326545715332
1789130157057790700,106.46379077148437,7.503427982330322,7.967903137207031,-1.4460978507995605
1789130157073800400,106.47980053710937,7.029376029968262,7.714118003845215,-1.900996208190918
1789130157089811000,106.49581103515625,6.708553314208984,7.642292022705078,-2.0015525817871094
1789130157105824300,106.51182421875,6.378153324127197,7.65186882019043,-1.460463047027588
1789130157121832000,106.52783203125,6.866570472717285,7.757213592529297,-1.2306196689605713
1789130157137846800,106.5438466796875,6.971915245056152,8.001421928405762,-0.8619126081466675
1789130157153859600,106.55985961914062,6.799532890319824,7.790732383728027,-1.0342950820922852
1789130157169872400,106.57587231445312,6.2632317543029785,7.4986395835876465,-1.4844050407409668
1789130157185887500,106.59188745117187,6.469132900238037,7.599195957183838,-1.3694833517074585
1789130157201899800,106.60789965820312,5.899312973022461,7.307103633880615,-1.335964560508728
1789130157217909000,106.62390893554688,6.215347766876221,7.824251174926758,-1.039083480834961
1789130157233918700,106.63991870117188,5.396530628204346,7.915230751037598,-0.6560112833976746
1789130157249926400,106.65592651367187,4.548983097076416,7.833827972412109,-0.7038952708244324
1789130157265932300,106.67193237304687,4.23773717880249,8.030152320861816,-0.5937620401382446
1789130157281937200,106.68793725585938,4.266467571258545,8.283937454223633,-0.2346317619085312
1789130157297935000,106.70393505859376,4.261679172515869,8.221688270568848,0.40222588181495667
1789130157313938000,106.71993798828125,5.272032260894775,8.427590370178223,0.7230489253997803
1789130157329944800,106.73594482421875,5.588066577911377,9.064447402954102,1.1204863786697388
1789130157345951500,106.75195141601563,5.238513469696045,9.806650161743164,1.8291701078414917
1789130157361956400,106.76795629882812,5.382165431976318,10.60152530670166,3.1220390796661377
1789130157377963000,106.783962890625,5.497087001800537,10.15141487121582,3.600879430770874
1789130157393965000,106.79996508789063,5.932831764221191,9.385271072387695,2.5905263423919678
1789130157409972000,106.81597192382813,6.617573261260986,9.026140213012695,1.5131354331970215
1789130157425975300,106.83197534179688,7.3885064125061035,8.188169479370117,0.2298433631658554
1789130157441982200,106.84798217773438,7.671022415161133,5.784391403198242,-0.8954314589500427
1789130157457990000,106.86398999023437,8.346187591552734,3.4763808250427246,-2.719813108444214
1789130157473995500,106.87999560546875,8.33182144165039,2.762908697128296,-3.380612850189209
1789130157490005000,106.8960048828125,8.346187591552734,2.868253707885742,-2.7772738933563232
1789130157506017800,106.91201782226562,9.169792175292969,4.041412353515625,-1.3024457693099976
1789130157522031600,106.92803149414063,10.290278434753418,5.540182590484619,-0.15322890877723694
1789130157538044200,106.94404418945312,10.936713218688965,6.603208065032959,-0.35434186458587646
1789130157554058000,106.96005810546875,9.332598686218262,6.6127848625183105,-1.1204863786697388
1789130157570068700,106.97606884765625,8.604761123657227,5.6455278396606445,-1.0438719987869263
1789130157586081300,106.99208129882813,8.59997272491455,5.372588634490967,0.23942017555236816
1789130157602091300,107.00809130859375,6.320692539215088,6.6846113204956055,1.1109095811843872
1789130157618101500,107.0241015625,4.4292731285095215,6.914454460144043,1.5418659448623657
1789130157634108200,107.04010815429687,4.3622355461120605,6.947973251342773,0.6368576288223267
1789130157650118400,107.05611840820312,4.10366153717041,7.733271598815918,-0.363918662071228
1789130157666127000,107.07212719726563,4.07014274597168,7.570465564727783,-4.663905143737793
1789130157682132500,107.08813256835937,5.04218864440918,6.478709697723389,-1.6376339197158813
1789130157698143200,107.10414331054687,7.0772600173950195,6.593631267547607,-0.6224924325942993
1789130157714155500,107.12015551757813,8.667010307312012,6.904877662658691,1.6519991159439087
1789130157730162200,107.136162109375,8.820239067077637,7.273584842681885,2.892195701599121
1789130157746175500,107.15217553710937,8.676587104797363,7.2783732414245605,2.2697031497955322
1789130157762190300,107.1681904296875,7.8960771560668945,6.531382083892822,0.09576806426048279
1789130157778204200,107.1842041015625,6.675034523010254,5.966350555419922,-1.4269442558288574
1789130157794219300,107.20021923828125,6.718130111694336,6.67982292175293,-1.4413094520568848
1789130157810231800,107.21623168945312,7.407660007476807,7.196970462799072,-0.5267243981361389
1789130157834249200,107.24024926757812,8.537723541259766,7.316680431365967,0.12449848651885986
1789130157850260700,107.2562607421875,9.165003776550293,6.598419666290283,-0.272938996553421
1789130157922309600,107.3283095703125,6.430825710296631,7.292738437652588,1.039083480834961
1789130157946320600,107.35232055664062,7.862558364868164,7.273584842681885,1.5658079385757446
1789130157962335700,107.36833569335937,7.723694801330566,6.258443355560303,1.7717092037200928
1789130157978344400,107.38434448242188,7.196970462799072,7.359776020050049,-0.8427590131759644
1789130157994357000,107.40035693359376,6.282385349273682,7.4555439949035645,0.363918662071228
1789130158010364700,107.41636474609375,6.186617374420166,7.8529815673828125,2.403778553009033
1789130158026374000,107.43237377929688,6.943184852600098,8.78193187713623,3.318363666534424
1789130158042387000,107.44838696289062,6.732495307922363,9.634267807006836,4.548983097076416
1789130158058398200,107.46439819335937,6.349422931671143,9.346963882446289,4.3191399574279785
1789130158074405000,107.48040502929688,6.358999729156494,8.556877136230469,2.7437551021575928
1789130158090418400,107.49641845703125,5.698200225830078,7.340622425079346,1.335964560508728
1789130158106434300,107.51243432617187,5.4252610206604,7.589619159698486,0.07661445438861847
1789130158122441000,107.52844091796875,4.568136692047119,7.723694801330566,-0.7661445140838623
1789130158138453200,107.54445336914063,3.8498764038085938,6.995857238769531,-1.5131354331970215
1789130158154466000,107.56046606445312,4.2090067863464355,6.3733649253845215,-2.470816135406494
1789130158170480400,107.57648046875,4.7836151123046875,6.6127848625183105,-2.0877439975738525
1789130158186491600,107.59249169921875,5.477933406829834,6.435614109039307,-0.272938996553421
1789130158202499300,107.60849926757813,6.282385349273682,6.809109687805176,1.7812861204147339
1789130158218507500,107.62450756835938,7.307103633880615,7.599195957183838,3.0358476638793945
1789130158234515200,107.64051513671875,7.469909191131592,8.192957878112793,3.4955344200134277
1789130158250526700,107.65652661132812,7.2352776527404785,8.250418663024902,3.0358476638793945
1789130158266539300,107.67253930664063,6.440402507781982,7.833827972412109,1.9057846069335938
1789130158282553000,107.68855297851563,5.305551052093506,7.570465564727783,0.8427590131759644
1789130158298569700,107.70456982421875,4.2951979637146,7.723694801330566,0.2298433631658554
1789130158314579700,107.72057983398437,3.845088005065918,7.560888767242432,-0.17717093229293823
1789130158330595000,107.73659497070312,4.189853191375732,7.570465564727783,-0.12449848651885986
1789130158346608400,107.7526083984375,4.879383087158203,7.46033239364624,0.009576806798577309
1789130158362624800,107.76862475585938,6.244078159332275,7.297526836395264,-0.014365210197865963
1789130158378640100,107.78464013671875,6.655880928039551,7.393294811248779,0.028730420395731926
1789130158394654700,107.80065478515625,6.186617374420166,7.493851184844971,-0.12928688526153564
1789130158410669000,107.8166689453125,5.74129581451416,7.632715225219727,-0.4596867263317108
1789130158426682600,107.8326826171875,5.2049946784973145,7.824251174926758,-0.5219359993934631
1789130158442694100,107.84869409179687,5.085284233093262,8.192957878112793,-0.272938996553421
1789130158458701600,107.86470166015626,5.60722017288208,8.523358345031738,-0.06224924325942993
1789130158474706200,107.8807060546875,6.6127848625183105,8.422801971435547,-0.16759411990642548
1789130158490716400,107.89671630859375,7.661445617675781,8.034940719604492,-0.40222588181495667
1789130158506725000,107.91272509765625,8.394071578979492,7.690176010131836,-0.24420857429504395
1789130158522738200,107.92873828125,8.40843677520752,7.412448406219482,-0.38307225704193115
1789130158538748400,107.94474853515625,7.627926826477051,7.240066051483154,-0.8954314589500427
1789130158554756900,107.9607568359375,6.617573261260986,6.919242858886719,-1.479616641998291
1789130158570764300,107.97676440429687,5.837063789367676,6.588842868804932,-2.0638017654418945
1789130158586773200,107.99277319335937,5.449203014373779,6.655880928039551,-2.5665841102600098
1789130158602789400,108.00878930664062,5.95677375793457,7.105990409851074,-2.456450939178467
1789130158618803000,108.02480297851562,6.5265936851501465,7.680599212646484,-1.2737152576446533
1789130158634815500,108.0408154296875,7.733271598815918,8.11634349822998,-0.5315127968788147
1789130158650833200,108.05683325195312,8.772355079650879,7.982268333435059,-0.6607996821403503
1789130158666848500,108.0728486328125,8.221688270568848,7.5848307609558105,-0.9576807022094727
1789130158682862600,108.08886254882813,6.358999729156494,7.489062786102295,-1.173158884048462
1789130158698876400,108.10487646484376,5.233725070953369,7.249642848968506,-2.22660756111145
1789130158714886000,108.12088598632812,3.993528366088867,7.445967197418213,-2.3942017555236816
1789130158730895400,108.13689526367187,3.998316764831543,7.671022415161133,-2.9688100814819336
1789130158778919200,108.18491918945313,4.702212333679199,8.53293514251709,-1.0869675874710083
1789130158794927000,108.20092700195312,4.127603530883789,8.135497093200684,-1.9776105880737305
1789130158810941000,108.21694091796876,3.4955344200134277,7.560888767242432,-2.22660756111145
1789130158826954200,108.23295434570312,3.5913026332855225,7.393294811248779,-2.6192567348480225
1789130158842965200,108.24896533203125,3.514688014984131,7.580042362213135,-2.2409727573394775
1789130158858972200,108.26497216796875,2.9544448852539062,7.795520782470703,-1.7956513166427612
1789130158874984700,108.28098461914063,2.806004285812378,7.642292022705078,-2.3942017555236816
1789130158890994200,108.296994140625,3.155557870864868,7.599195957183838,-1.8626888990402222
1789130158907004200,108.31300415039063,3.620033025741577,7.206547260284424,-1.3311761617660522
1789130158923015200,108.32901513671875,4.10366153717041,6.9240312576293945,-1.3024457693099976
1789130158939031300,108.34503125,4.750096321105957,6.799532890319824,-1.556231141090393
1789130158955044900,108.361044921875,5.549759387969971,6.775590896606445,-1.3407529592514038
1789130158971060500,108.377060546875,6.6127848625183105,7.364564418792725,-0.6991068720817566
1789130158987067000,108.39306689453124,7.2352776527404785,8.020575523376465,-0.45489832758903503
1789130159003075800,108.40907592773438,7.091625213623047,8.556877136230469,-0.49799394607543945
1789130159019084800,108.42508471679687,6.751648902893066,8.786720275878906,-0.7038952708244324
1789130159035096300,108.44109643554688,7.163451671600342,9.165003776550293,-0.14365209639072418
1789130159051113200,108.45711328125,8.336610794067383,9.763554573059082,1.0678139925003052
1789130159067123500,108.47312353515625,9.126696586608887,10.309432983398438,2.0398597717285156
1789130159083131000,108.489130859375,9.30386734008789,10.314221382141113,2.2409727573394775
1789130159099142000,108.50514184570312,9.586383819580078,9.706093788146973,1.0582371950149536
1789130159115154700,108.52115478515626,7.939172744750977,7.781155586242676,-0.7326257228851318
1789130159131163400,108.53716333007813,7.015010833740234,7.469909191131592,-1.3120225667953491
1789130159147173400,108.55317333984375,7.800309181213379,7.311892032623291,-0.2298433631658554
1789130159163185000,108.56918481445312,7.187393665313721,6.315904140472412,0.3687070608139038
1789130159179195600,108.58519555664063,5.324704647064209,5.837063789367676,0.16759411990642548
1789130159195209000,108.601208984375,4.20421838760376,5.521028995513916,-0.272938996553421
1789130159211221200,108.61722119140624,4.098873138427734,4.707000732421875,-0.45489832758903503
1789130159227225900,108.63322583007813,3.3710360527038574,3.5482068061828613,-0.6655880808830261
1789130159243230500,108.64923046875,2.451662540435791,3.0597896575927734,-0.871489405632019
1789130159259240000,108.66523999023437,1.9967641830444336,3.5865142345428467,-0.49320554733276367
1789130159275249400,108.68124951171875,2.7102363109588623,4.271255970001221,0.2346317619085312
1789130159291259400,108.69725927734375,4.218583583831787,5.578489780426025,1.4508862495422363
1789130159307267300,108.71326733398438,9.873687744140625,6.18182897567749,1.2018892765045166
1789130159323280100,108.72928002929687,8.815450668334961,5.195417881011963,0.11971008777618408
1789130159339291100,108.745291015625,8.394071578979492,3.2609026432037354,-0.8092401623725891
1789130159355308000,108.76130810546876,7.331045627593994,2.3367409706115723,-2.073378562927246
1789130159371324700,108.77732470703126,8.671798706054688,2.911349296569824,-1.6136919260025024
1789130159387337200,108.79333715820313,9.86889934539795,4.017470359802246,-1.0007762908935547
1789130159403349000,108.80934887695312,10.319009780883789,5.104437828063965,-1.072602391242981
1789130159419359200,108.82535913085937,11.410765647888184,6.301538944244385,-1.479616641998291
1789130159435366400,108.84136645507813,12.196063041687012,6.871358871459961,-1.4077905416488647
1789130159451373300,108.85737329101562,12.770671844482422,6.660669326782227,-0.6368576288223267
1789130159467380200,108.87338012695312,11.185709953308105,5.521028995513916,1.1252747774124146
1789130159483387100,108.88938720703125,9.706093788146973,3.064578056335449,-1.3024457693099976
1789130159499393300,108.90539331054687,10.797849655151367,1.5275006294250488,-2.557007312774658
1789130159515401500,108.9214013671875,9.840168952941895,1.9345149993896484,-2.9975404739379883
1789130159531415000,108.9374150390625,8.877699851989746,2.7102363109588623,-4.20421838760376
1789130159547426800,108.9534267578125,8.93037223815918,3.2800562381744385,-4.003105163574219
1789130159563439000,108.96943920898437,6.641515731811523,3.064578056335449,-2.38462495803833
1789130159579448300,108.9854482421875,2.959233283996582,1.1300631761550903,-0.9145850539207458
1789130159595463700,109.00146362304687,16.70673942565918,-0.5363011956214905,-2.0446481704711914
1789130159611468300,109.01746826171875,16.328454971313477,-0.8427590131759644,-0.9385270476341248
1789130159627477800,109.03347778320312,16.869544982910156,-0.2298433631658554,-1.968033790588379
1789130159643487700,109.04948779296875,14.0635404586792,-1.039083480834961,-1.3407529592514038
1789130159659497000,109.0654970703125,9.433155059814453,0.33039984107017517,0.7996633648872375
1789130159675507000,109.0815068359375,4.932055473327637,1.9249382019042969,2.140416383743286
1789130159691513600,109.097513671875,2.8874073028564453,3.5194764137268066,2.408566951751709
1789130159707522300,109.11352221679688,8.183381080627441,3.399766445159912,0.6224924325942993
1789130159723533800,109.12953393554687,8.097189903259277,2.676717519760132,0.33997663855552673
1789130159739547000,109.145546875,6.675034523010254,2.255337953567505,0.9002198576927185
1789130159755558100,109.16155810546876,6.1770405769348145,2.3750481605529785,1.5753847360610962
1789130159771562800,109.17756274414063,5.621585369110107,2.293645143508911,1.522712230682373
1789130159787577600,109.19357763671874,5.449203014373779,2.8155810832977295,1.7142484188079834
1789130159803594000,109.20959399414062,7.570465564727783,3.691859006881714,1.8770540952682495
1789130159819603700,109.22560375976562,8.556877136230469,3.801992416381836,2.38462495803833
1789130159835614500,109.24161450195312,9.318233489990234,3.3854012489318848,3.0358476638793945
1789130159851620400,109.25762036132812,9.974244117736816,3.3231520652770996,3.490746021270752
1789130159867625700,109.27362573242188,9.90241813659668,2.801215887069702,3.2752678394317627
1789130159883631600,109.28963159179688,9.86889934539795,1.800439715385437,2.1116859912872314
1789130159899639600,109.3056396484375,9.160215377807617,1.048660397529602,1.8626888990402222
1789130159915643600,109.3216435546875,8.135497093200684,2.1739351749420166,2.3319525718688965
1789130159931647200,109.33764721679688,11.674127578735352,1.8914192914962769,4.2090067863464355
1789130159947651000,109.35365112304687,10.668562889099121,2.5713725090026855,4.271255970001221
1789130159963655700,109.36965576171875,5.17626428604126,5.679046630859375,5.056553840637207
1789130159979660300,109.38566040039062,10.673351287841797,6.761225700378418,6.718130111694336
1789130159995669200,109.40166918945313,13.565546989440918,7.168240070343018,7.350199222564697
1789130160011682800,109.41768286132813,8.40843677520752,6.2632317543029785,6.57926607131958
1789130160027693600,109.43369360351562,10.716446876525879,-2.5713725090026855,-4.280832767486572
1789130160043701200,109.449701171875,7.072471618652344,-1.1204863786697388,4.041412353515625
1789130160059704800,109.46570483398438,27.969064712524414,30.722396850585938,6.445190906524658
1789130160075711700,109.48171166992188,0.45010992884635925,-2.5043349266052246,-2.0207061767578125
1789130160091720200,109.49772021484375,1.6136919260025024,1.1252747774124146,-1.5753847360610962
1789130160107728100,109.51372802734375,3.4763808250427246,4.0749311447143555,1.479616641998291
1789130160123730700,109.52973071289063,5.5114521980285645,3.3039982318878174,4.07014274597168
1789130160139732000,109.54573193359376,8.528146743774414,2.341529369354248,4.505887508392334
1789130160155731500,109.5617314453125,10.615890502929688,1.7190368175506592,4.620809078216553
1789130160171734300,109.577734375,12.196063041687012,0.608127236366272,5.080495834350586
1789130160187735000,109.59373510742188,12.057199478149414,0.14365209639072418,4.687847137451172
1789130160203738400,109.60973828125,10.376470565795898,-0.1388636976480484,4.486733913421631
1789130160219744500,109.62574462890625,11.142614364624023,-0.2059013396501541,3.9408559799194336
1789130160235748600,109.64174853515625,16.060304641723633,1.9776105880737305,3.1507694721221924
1789130160251755300,109.65775537109376,10.706870079040527,-1.1061211824417114,0.8092401623725891
1789130160267761400,109.67376147460938,9.040505409240723,-1.9057846069335938,-0.5793967843055725
1789130160283764700,109.6897646484375,18.028339385986328,2.3127987384796143,0.569819986820221
1789130160299766800,109.70576684570312,14.298172950744629,2.097320795059204,-0.5171475410461426
1789130160315770400,109.72177026367187,6.560112476348877,1.5322890281677246,0.871489405632019
1789130160331778300,109.7377783203125,5.286397457122803,1.6759412288665771,0.7948749661445618
1789130160347787500,109.75378759765626,6.933608055114746,1.292868971824646,3.6535518169403076
1789130160363796000,109.7697958984375,8.489839553833008,-0.08140286058187485,4.845864295959473
1789130160379805400,109.78580541992187,9.528923034667969,-1.1300631761550903,4.185064792633057
1789130160395810300,109.80181030273438,8.054094314575195,-0.569819986820221,4.4532151222229
1789130160411813600,109.81781372070313,10.54406452178955,4.266467571258545,4.189853191375732
1789130160427818500,109.83381860351562,7.800309181213379,-1.0869675874710083,2.212242364883423
1789130160443824000,109.84982421875,9.131484985351562,-2.1164743900299072,2.250549554824829
1789130160459832000,109.86583203125,7.062894821166992,1.1875240802764893,0.7134721279144287
1789130160475842300,109.88184228515625,10.35252857208252,1.0678139925003052,-0.9816226959228516
1789130160491855000,109.89785522460937,1.2497732639312744,0.17238251864910126,-0.009576806798577309
1789130160507858000,109.91385791015625,1.8100165128707886,0.13407529890537262,0.05746084079146385
1789130160523865300,109.929865234375,0.6847416758537292,-1.7525556087493896,1.1683704853057861
1789130160539875300,109.94587524414062,0.7613561153411865,-0.05746084079146385,-0.05746084079146385
1789130160555885600,109.96188549804687,3.691859006881714,-5.281609058380127,-2.2840683460235596
1789130160571898000,109.97789819335938,-0.4836287498474121,-0.2106897532939911,0.2585737705230713
1789130160587910100,109.99391015625,10.975020408630371,0.9576807022094727,1.3072341680526733
1789130160603926800,110.0099267578125,9.524134635925293,-4.477157115936279,0.12928688526153564
1789130160619937000,110.02593701171875,17.583017349243164,1.0247182846069336,9.428366661071777
1789130160635944200,110.04194409179688,8.073247909545898,-0.44532153010368347,3.4572272300720215
1789130160651955700,110.05795581054687,10.079588890075684,-1.7812861204147339,3.1076738834381104
1789130160667968800,110.07396875,10.237606048583984,-1.235408067703247,2.691082715988159
1789130160683978800,110.08997875976563,9.66299819946289,-1.0965443849563599,2.22660756111145
1789130160699989200,110.1059892578125,9.758766174316406,-0.9672574996948242,2.3511061668395996
1789130160716001500,110.12200146484375,9.979032516479492,-1.3072341680526733,2.1930887699127197
1789130160732013300,110.13801342773438,10.376470565795898,-1.5131354331970215,2.499546527862549
1789130160748025300,110.154025390625,11.525687217712402,-1.6903064250946045,2.6192567348480225
1789130160764039400,110.17003930664063,10.27591323852539,-1.4508862495422363,2.3798365592956543
1789130160780052200,110.18605224609375,9.988609313964844,-1.2880805730819702,2.322375535964966
1789130160796064300,110.20206420898438,10.338163375854492,-1.6903064250946045,2.4420857429504395
1789130160812071400,110.21807153320313,17.530344009399414,-1.968033790588379,2.911349296569824
1789130160828080400,110.23408032226563,-0.22505496442317963,-0.26336219906806946,1.9345149993896484
1789130160844087000,110.25008715820313,2.8586769104003906,-0.7565677165985107,1.37906014919281
1789130160860093200,110.26609326171875,15.806519508361816,-0.8667010068893433,2.3271639347076416
1789130160876101000,110.28210107421874,5.5114521980285645,-0.14844051003456116,1.6903064250946045
1789130160892115200,110.298115234375,10.180145263671875,-1.0007762908935547,2.719813108444214
1789130160908131600,110.31413159179688,19.613300323486328,-1.455674648284912,3.869029998779297
1789130160924149200,110.33014916992188,10.108319282531738,-0.5171475410461426,2.432508945465088
1789130160940160800,110.34616088867188,9.940725326538086,-1.173158884048462,1.4987702369689941
1789130160956169200,110.36216918945313,9.342175483703613,-1.522712230682373,1.987187385559082
1789130160972180700,110.3781806640625,10.06043529510498,-1.4077905416488647,1.4413094520568848
1789130160988192000,110.39419189453125,11.003750801086426,-1.1492167711257935,1.5514427423477173
1789130161004201000,110.41020092773438,10.41956615447998,-1.8531121015548706,1.623268723487854
1789130161020215600,110.42621557617187,10.611102104187012,-2.47560453414917,-0.10055647045373917
1789130161036227800,110.44222778320312,10.390835762023926,-2.7724854946136475,0.28730419278144836
1789130161052237000,110.45823706054688,10.357316970825195,-1.5418659448623657,2.734178304672241
1789130161068247300,110.47424731445312,10.02691650390625,-1.2545616626739502,1.8052281141281128
1789130161084254700,110.49025463867187,9.385271072387695,-0.038307227194309235,1.3646949529647827
1789130161100266000,110.50626586914062,9.883264541625977,0.9097966551780701,1.7094600200653076
1789130161116271000,110.52227099609375,9.725247383117676,-0.3208230137825012,0.33518823981285095
1789130161132270800,110.53827075195312,9.883264541625977,-1.316810965538025,1.7812861204147339
1789130161148279300,110.554279296875,10.591948509216309,-2.5522189140319824,1.6280571222305298
1789130161164285700,110.57028564453125,9.892841339111328,-2.695871114730835,1.216254472732544
1789130161180298000,110.58629809570313,8.643068313598633,-0.7805097699165344,0.9002198576927185
1789130161196309200,110.60230932617188,9.53849983215332,-0.45010992884635925,1.3072341680526733
1789130161212319000,110.61831909179688,8.667010307312012,-0.871489405632019,0.7134721279144287
1789130161228335900,110.6343359375,9.68694019317627,-0.2346317619085312,1.2018892765045166
1789130161244347600,110.65034765625,9.672574996948242,-0.828393816947937,1.1683704853057861
1789130161260362000,110.66636206054687,8.877699851989746,-0.9241618514060974,1.2258312702178955
1789130161276372500,110.68237255859376,9.399636268615723,-1.292868971824646,2.849100112915039
1789130161292384500,110.69838452148437,10.639832496643066,-1.3024457693099976,4.065354347229004
1789130161308394200,110.71439428710937,8.461109161376953,-1.0773907899856567,2.4133553504943848
1789130161324398600,110.73039868164062,9.47146224975586,-0.7661445140838623,1.8722656965255737
1789130161340399000,110.74639916992187,9.208099365234375,-1.479616641998291,1.5514427423477173
1789130161356407600,110.76240747070312,9.294290542602539,-0.8810662031173706,2.5522189140319824
1789130161372409300,110.77840942382812,9.23682975769043,-0.9145850539207458,2.1116859912872314
1789130161388416800,110.79441674804687,8.523358345031738,-0.4836287498474121,2.0254945755004883
1789130161404427000,110.81042700195313,9.854534149169922,-0.5937620401382446,2.279279947280884
1789130161420439800,110.82643969726563,9.44752025604248,-0.6607996821403503,2.188300371170044
1789130161436447000,110.84244702148438,9.083600997924805,-0.5841852426528931,3.203441858291626
1789130161452453400,110.85845336914062,10.266336441040039,-0.3926490843296051,2.5282769203186035
1789130161468451000,110.874451171875,9.188945770263672,-0.8571242094039917,2.6815059185028076
1789130161484458800,110.89045874023438,9.174580574035645,-0.8571242094039917,3.160346269607544
1789130161500468700,110.90646875,10.228029251098633,0.043095629662275314,2.2170307636260986
1789130161516474400,110.92247436523438,8.705317497253418,-0.42616790533065796,2.6862943172454834
1789130161540485400,110.9464853515625,10.122684478759766,-0.9193734526634216,2.940079689025879
1789130161556492300,110.9624921875,10.256759643554688,-0.4836287498474121,3.404554843902588
1789130161572500700,110.97850073242188,10.314221382141113,-1.0630255937576294,3.3231520652770996
1789130161588508700,110.9945087890625,9.160215377807617,-1.4939818382263184,2.786850690841675
1789130161604509400,111.01050952148438,8.489839553833008,-1.335964560508728,3.648763418197632
1789130161620511200,111.02651123046876,9.710882186889648,-1.1492167711257935,3.8307228088378906
1789130161636516600,111.0425166015625,9.931148529052734,-1.039083480834961,3.869029998779297
1789130161652523500,111.0585234375,9.864110946655273,-1.2497732639312744,4.122815132141113
1789130161668525300,111.074525390625,9.586383819580078,-1.7621324062347412,4.271255970001221
1789130161684528400,111.0905283203125,8.389283180236816,-1.403002142906189,4.367023944854736
1789130161700531000,111.10653100585938,8.643068313598633,-0.9576807022094727,3.912125587463379
1789130161716533800,111.12253369140625,8.47547435760498,-0.5123591423034668,4.400542736053467
1789130161732536300,111.13853637695313,8.887276649475098,0.05746084079146385,4.611232280731201
1789130161748540700,111.15454077148438,8.485051155090332,-0.033518824726343155,5.085284233093262
1789130161764541700,111.17054174804687,9.68694019317627,-0.33997663855552673,4.874594688415527
1789130161780544500,111.18654443359375,9.131484985351562,-0.5267243981361389,5.099649429321289
1789130161796548400,111.20254833984374,8.738836288452148,-0.5937620401382446,4.975151062011719
1789130161812553000,111.21855297851563,7.766790390014648,-0.2968810200691223,5.099649429321289
1789130161828557000,111.23455712890625,8.111555099487305,-0.2968810200691223,4.884171485900879
1789130161844555800,111.2505556640625,8.17380428314209,-0.5363011956214905,5.95677375793457
1789130161860550100,111.26655004882812,8.69095230102539,-0.6177040338516235,5.420472621917725
1789130161876552700,111.282552734375,8.010998725891113,-0.7469909191131592,5.20978307723999
1789130161892553000,111.29855297851563,7.934384346008301,-1.3215993642807007,5.128379821777344
1789130161908553500,111.31455346679688,8.197746276855469,-1.0247182846069336,5.367800235748291
1789130161924552700,111.330552734375,8.250418663024902,-0.33997663855552673,5.30076265335083
1789130161940560000,111.34655981445313,8.513781547546387,-0.23942017555236816,5.540182590484619
1789130161956565000,111.36256494140625,8.221688270568848,-0.545877993106842,5.386953830718994
1789130161972564500,111.378564453125,8.078036308288574,-0.4836287498474121,5.2672438621521
1789130161988564500,111.394564453125,7.881711959838867,-0.9145850539207458,5.564124584197998
1789130162004564000,111.41056396484375,8.59997272491455,-1.091755986213684,5.463568210601807
1789130162020571000,111.42657080078125,8.633491516113281,-0.9576807022094727,5.837063789367676
1789130162036575500,111.44257543945312,8.164227485656738,-0.7182605266571045,5.947196960449219
1789130162052580000,111.458580078125,8.796297073364258,-0.7565677165985107,5.497087001800537
1789130162068580600,111.47458056640625,8.853757858276367,-0.6991068720817566,5.985504150390625
1789130162084575700,111.49057568359375,8.762778282165527,-0.507570743560791,6.086060523986816
1789130162100579800,111.50657983398438,9.481039047241211,-0.5793967843055725,5.913678169250488
1789130162116581000,111.5225810546875,9.284713745117188,-1.2114660739898682,6.004657745361328
1789130162132585700,111.53858569335938,8.973467826843262,-0.7565677165985107,5.760449409484863
1789130162148591900,111.554591796875,8.53293514251709,-0.7948749661445618,5.74129581451416
1789130162164594200,111.57059423828125,8.111555099487305,-0.828393816947937,5.894524574279785
1789130162180601600,111.5866015625,8.29830265045166,-0.6129156351089478,5.559336185455322
1789130162196607700,111.60260766601563,8.724471092224121,-0.6272808313369751,6.076483726501465
1789130162212611000,111.61861108398438,8.604761123657227,-0.6991068720817566,5.947196960449219
1789130162228616000,111.63461596679687,8.197746276855469,-0.790086567401886,5.856217384338379
1789130162244626200,111.65062622070313,8.753201484680176,-0.507570743560791,6.004657745361328
1789130162260641300,111.66664135742188,8.504204750061035,-0.2106897532939911,5.808333396911621
1789130162276650800,111.68265063476562,7.929595947265625,-0.2298433631658554,5.813121795654297
1789130162292662500,111.69866259765625,8.53293514251709,0.05746084079146385,5.928043365478516
1789130162308672300,111.71467236328125,8.341399192810059,0.019153613597154617,5.932831764221191
1789130162324684000,111.73068408203125,7.862558364868164,-0.4596867263317108,5.846640586853027
1789130162340704800,111.74670483398438,7.805097579956055,-0.5410895943641663,6.258443355560303
1789130162356723200,111.76272314453125,7.709329605102539,-0.7230489253997803,5.736507415771484
1789130162372740900,111.77874096679687,7.785943984985352,-0.2777273952960968,6.631938934326172
1789130162388754000,111.79475390625,8.259995460510254,-0.7374141216278076,6.143521785736084
1789130162404775200,111.81077514648437,8.14028549194336,-0.3447650372982025,6.382941722869873
1789130162420791300,111.82679125976563,8.044517517089844,-0.4213795065879822,6.296750545501709
1789130162436809000,111.84280908203125,7.7763671875,-0.5889736413955688,6.210559368133545
1789130162452829200,111.8588291015625,7.570465564727783,-0.545877993106842,6.617573261260986
1789130162468844800,111.8748447265625,8.542511940002441,-0.507570743560791,6.521805286407471
1789130162484862000,111.89086206054688,8.394071578979492,-0.33039984107017517,6.4164605140686035
1789130162500883200,111.90688330078125,8.188169479370117,-0.6272808313369751,6.478709697723389
1789130162516909000,111.92290893554687,7.872135162353516,-0.8188169598579407,6.598419666290283
1789130162532933000,111.93893310546875,8.020575523376465,-0.40701428055763245,6.665457725524902
1789130162548952300,111.95495239257812,8.092401504516602,-0.5985504388809204,6.766014099121094
1789130162564972000,111.97097192382813,8.121131896972656,-0.6512228846549988,6.947973251342773
1789130162580992800,111.98699267578125,8.001421928405762,-0.5554547905921936,6.675034523010254
1789130162597013500,112.00301342773437,8.068459510803223,-0.5889736413955688,6.962338447570801
1789130162613032700,112.01903271484375,8.547300338745117,-0.689530074596405,7.072471618652344
1789130162629043000,112.03504296875,8.580819129943848,-0.871489405632019,7.082048416137695
1789130162645057000,112.05105712890625,8.705317497253418,-0.9289502501487732,6.48828649520874
1789130162661067800,112.06706787109376,9.289502143859863,-0.5650315880775452,5.980715751647949
1789130162677081300,112.08308129882812,8.595184326171875,-0.5937620401382446,6.1530985832214355
1789130162693095200,112.09909521484374,8.83939266204834,-0.9145850539207458,6.3973069190979
1789130162709113900,112.11511376953125,9.141061782836914,-1.0247182846069336,5.990292549133301
1789130162725130800,112.131130859375,8.719682693481445,-0.9768342971801758,5.530605792999268
1789130162741147000,112.14714697265624,8.829815864562988,-1.0055646896362305,5.1810526847839355
1789130162757166600,112.16316650390625,8.676587104797363,-0.7948749661445618,5.367800235748291
1789130162773179600,112.1791796875,8.437167167663574,-0.7326257228851318,5.377377033233643
1789130162789190000,112.19518994140626,8.508993148803711,-0.6224924325942993,5.109226226806641
1789130162805200400,112.21120043945312,8.327033042907715,-0.6224924325942993,4.960785865783691
1789130162821210400,112.22721044921875,8.47547435760498,-0.7038952708244324,5.224148273468018
1789130162837219000,112.24321899414062,8.576030731201172,-0.5746083855628967,5.166687488555908
1789130162853230000,112.25922998046875,8.485051155090332,-0.4884171485900879,5.003881454467773
1789130162869240800,112.27524072265625,8.269572257995605,-0.5889736413955688,4.817133903503418
1789130162885248800,112.29124877929688,7.934384346008301,-0.49320554733276367,5.023035049438477
1789130162901258200,112.30725830078126,8.346187591552734,-0.2346317619085312,4.98472785949707
1789130162917273300,112.3232734375,8.29830265045166,-0.35913026332855225,5.032611846923828
1789130162933290000,112.3392900390625,8.068459510803223,-0.5937620401382446,4.970362663269043
1789130162949305300,112.35530541992188,8.178592681884766,-0.6991068720817566,4.788403511047363
1789130162965318100,112.37131811523437,7.8960771560668945,-0.6224924325942993,4.836287498474121
1789130162981331500,112.38733154296875,8.188169479370117,-0.6607996821403503,5.348646640777588
1789130162997345800,112.403345703125,8.470685958862305,-0.6991068720817566,5.128379821777344
1789130163013364700,112.41936474609375,8.681375503540039,-0.7661445140838623,4.946420669555664
1789130163029382400,112.43538232421875,8.054094314575195,-0.7134721279144287,5.104437828063965
1789130163045399300,112.4513994140625,8.303091049194336,-0.6272808313369751,4.960785865783691
1789130163061414100,112.4674140625,8.346187591552734,-0.9097966551780701,5.228936672210693
1789130163077433300,112.48343334960937,8.35097599029541,-0.727837324142456,5.3342814445495605
1789130163093450800,112.49945068359375,8.638279914855957,-0.5889736413955688,5.142745018005371
1789130163109463800,112.5154638671875,8.489839553833008,-0.6991068720817566,5.30076265335083
1789130163125470500,112.53147045898437,8.667010307312012,-0.3208230137825012,5.214571475982666
1789130163141475600,112.5474755859375,8.667010307312012,-0.608127236366272,5.257667064666748
1789130163157482200,112.56348217773437,8.619126319885254,-0.790086567401886,5.367800235748291
1789130163173486000,112.57948608398438,8.863334655761719,-0.6320692300796509,5.434837818145752
1789130163189495000,112.5954951171875,8.844181060791016,-0.5554547905921936,5.473145008087158
1789130163205505500,112.61150561523438,8.844181060791016,-0.5171475410461426,5.535394191741943
1789130163221515300,112.62751538085938,9.131484985351562,-0.7805097699165344,5.3582234382629395
1789130163237522200,112.64352221679688,8.7484130859375,-0.9002198576927185,5.272032260894775
1789130163253532000,112.65953198242188,8.56645393371582,-0.6991068720817566,5.463568210601807
1789130163269540000,112.6755400390625,8.494627952575684,-0.9768342971801758,5.477933406829834
1789130163285544700,112.69154467773437,9.222464561462402,-0.871489405632019,4.884171485900879
1789130163301545700,112.70754565429688,9.57201862335205,-0.8762778043746948,4.3622355461120605
1789130163317548800,112.723548828125,8.863334655761719,-0.9385270476341248,4.611232280731201
1789130163333548500,112.73954858398437,8.89685344696045,-0.9528923034667969,4.252102375030518
1789130163349551000,112.75555102539063,9.481039047241211,-0.871489405632019,3.9408559799194336
1789130163365553700,112.7715537109375,9.299078941345215,-0.8762778043746948,3.8977603912353516
1789130163381558500,112.78755859375,9.390059471130371,-0.8954314589500427,3.5673606395721436
1789130163397565000,112.80356494140625,9.53849983215332,-0.8140285611152649,3.0550012588500977
1789130163421575000,112.82757495117187,8.96389102935791,-1.091755986213684,3.2130186557769775
1789130163437577500,112.84357739257813,9.208099365234375,-0.6943184733390808,3.3423056602478027
1789130163453575700,112.85957568359375,9.308655738830566,-0.7038952708244324,3.093308687210083
1789130163469572400,112.875572265625,9.232041358947754,-0.871489405632019,2.9735984802246094
1789130163485570600,112.89157055664063,9.351752281188965,-0.7086837291717529,3.0789434909820557
1789130163501576200,112.907576171875,9.35654067993164,-0.8379706144332886,2.920926094055176
1789130163517576200,112.923576171875,9.327810287475586,-0.7852981686592102,2.920926094055176
1789130163533577700,112.93957763671875,9.284713745117188,-0.6991068720817566,2.782062292098999
1789130163549582600,112.95558251953125,9.2033109664917,-0.7469909191131592,2.8634653091430664
1789130163565582800,112.97158276367188,9.184157371520996,-0.6847416758537292,2.7724854946136475
1789130163581584600,112.98758471679687,9.265560150146484,-0.9097966551780701,2.7102363109588623
1789130163597587700,113.00358764648438,9.097966194152832,-0.9864110946655273,2.762908697128296
1789130163613589200,113.01958935546875,9.050082206726074,-1.0342950820922852,2.7724854946136475
1789130163629592300,113.03559228515626,9.08838939666748,-0.9002198576927185,2.7916390895843506
1789130163645597400,113.05159741210937,9.141061782836914,-0.8810662031173706,2.8395233154296875
1789130163661602000,113.06760205078125,9.260771751403809,-0.8954314589500427,2.695871114730835
1789130163677610000,113.08360986328125,9.121908187866211,-1.0342950820922852,2.738966703414917
1789130163693617200,113.0996171875,9.002198219299316,-1.0869675874710083,2.829946517944336
1789130163709623800,113.11562377929687,9.294290542602539,-0.9672574996948242,2.7964274883270264
1789130163725632300,113.13163232421876,9.188945770263672,-0.8140285611152649,2.849100112915039
1789130163741635000,113.14763500976562,9.332598686218262,-0.7852981686592102,2.7102363109588623
1789130163757640700,113.163640625,9.390059471130371,-0.7661445140838623,2.7676970958709717
1789130163773642000,113.17964208984375,9.232041358947754,-0.6560112833976746,2.695871114730835
1789130163789641500,113.19564135742188,9.23682975769043,-0.7182605266571045,2.8107926845550537
1789130163805642800,113.21164282226563,9.327810287475586,-0.5746083855628967,2.738966703414917
1789130163821650700,113.22765063476562,9.30386734008789,-0.5746083855628967,2.7724854946136475
1789130163837649400,113.2436494140625,9.260771751403809,-0.6177040338516235,2.7724854946136475
1789130163853653500,113.25965356445313,9.332598686218262,-0.5219359993934631,2.920926094055176
1789130163869659400,113.27565942382813,9.490615844726562,-0.45010992884635925,2.734178304672241
1789130163885668400,113.29166845703125,9.428366661071777,-0.6177040338516235,2.75812029838562
1789130163901678300,113.30767822265625,9.193734169006348,-0.6129156351089478,2.8155810832977295
1789130163917687600,113.3236875,9.337387084960938,-0.6368576288223267,2.829946517944336
1789130163933691000,113.33969091796875,9.375694274902344,-0.7326257228851318,2.63362193107605
1789130163949695000,113.35569506835938,9.370905876159668,-0.7469909191131592,2.920926094055176
1789130163965696300,113.3716962890625,9.519346237182617,-0.6847416758537292,2.6431987285614014
1789130163981699600,113.38769946289062,9.294290542602539,-0.9433154463768005,2.8395233154296875
1789130163997703200,113.403703125,9.567230224609375,-0.871489405632019,3.026270866394043
1789130164013712000,113.4197119140625,9.567230224609375,-1.0534487962722778,2.964021682739258
1789130164029723000,113.43572290039063,9.892841339111328,-1.048660397529602,2.7676970958709717
1789130164045724400,113.45172436523437,9.557653427124023,-1.0247182846069336,2.983175277709961
1789130164061727700,113.46772778320313,9.691728591918945,-1.115697979927063,3.0597896575927734
1789130164077730000,113.48372998046875,9.888052940368652,-1.0055646896362305,2.9688100814819336
1789130164093735400,113.4997353515625,9.68694019317627,-1.1683704853057861,3.045424461364746
1789130164109738200,113.51573828125,9.90241813659668,-1.235408067703247,3.07415509223938
1789130164125745400,113.53174536132812,9.768342971801758,-1.1827356815338135,3.07415509223938
1789130164141748200,113.54774829101562,9.720458984375,-1.2641384601593018,2.983175277709961
1789130164157751600,113.56375146484375,9.730035781860352,-1.2018892765045166,2.9975404739379883
1789130164173755400,113.57975537109375,9.47146224975586,-1.335964560508728,2.9688100814819336
1789130164189758200,113.59575830078126,9.567230224609375,-1.4413094520568848,2.892195701599121
1789130164205765400,113.61176538085938,9.57201862335205,-1.4987702369689941,2.7676970958709717
1789130164221772000,113.62777197265625,9.265560150146484,-1.4844050407409668,2.715024709701538
1789130164237776100,113.64377612304688,9.346963882446289,-1.3072341680526733,2.5761611461639404
1789130164253779700,113.65977978515625,9.069235801696777,-1.5131354331970215,2.609679937362671
1789130164269782300,113.6757822265625,9.002198219299316,-1.4508862495422363,2.4420857429504395
1789130164285789400,113.69178955078125,8.992621421813965,-1.479616641998291,2.403778553009033
1789130164309793000,113.71579296875,9.155426979064941,-1.3742717504501343,2.537853717803955
1789130164325799200,113.73179907226563,9.040505409240723,-1.3120225667953491,2.47560453414917
1789130164341813800,113.74781372070312,9.02135181427002,-1.192312479019165,2.499546527862549
1789130164357820400,113.7638203125,8.954314231872559,-1.1492167711257935,2.5043349266052246
1789130164373822200,113.779822265625,9.059659004211426,-1.1348515748977661,2.4133553504943848
1789130164389823200,113.7958232421875,8.973467826843262,-1.2066776752471924,2.6575639247894287
1789130164405830700,113.81183056640624,9.23682975769043,-0.9145850539207458,2.5665841102600098
1789130164421838300,113.82783837890625,9.299078941345215,-1.0773907899856567,2.695871114730835
1789130164437843700,113.84384375,9.32302188873291,-1.1492167711257935,2.8155810832977295
1789130164453854200,113.85985424804687,9.193734169006348,-1.0773907899856567,2.6671407222747803
1789130164469867300,113.8758671875,9.346963882446289,-1.015141487121582,2.6862943172454834
1789130164485877500,113.89187744140625,9.567230224609375,-1.1204863786697388,2.456450939178467
1789130164501886700,113.90788671875,9.41400146484375,-0.8810662031173706,2.671929121017456
1789130164517894100,113.92389404296875,9.342175483703613,-0.751779317855835,2.6862943172454834
1789130164533903000,113.93990307617187,9.514557838439941,-0.9816226959228516,2.5713725090026855
1789130164549910800,113.95591088867188,9.255983352661133,-0.8188169598579407,2.5043349266052246
1789130164565921000,113.97192114257813,9.251194953918457,-0.8906430602073669,2.47560453414917
1789130164581930800,113.9879306640625,9.251194953918457,-0.7709329724311829,2.3080103397369385
1789130164597936400,114.00393627929688,9.418789863586426,-0.5267243981361389,2.31758713722229
1789130164613945000,114.01994506835938,9.619902610778809,-0.5650315880775452,2.451662540435791
1789130164629959200,114.03595922851562,9.725247383117676,-0.6751648783683777,2.451662540435791
1789130164645965800,114.0519658203125,9.57201862335205,-0.6177040338516235,2.3127987384796143
1789130164661969700,114.0679697265625,9.610325813293457,-0.6129156351089478,2.432508945465088
1789130164677981400,114.0839814453125,9.672574996948242,-0.5985504388809204,2.5330653190612793
1789130164693991200,114.0999912109375,9.773131370544434,-0.5363011956214905,2.3989901542663574
1789130164710000000,114.11600024414062,9.835380554199219,-0.5363011956214905,2.3367409706115723
1789130164726004200,114.13200415039063,9.873687744140625,-0.5171475410461426,2.1356279850006104
1789130164742012700,114.1480126953125,9.835380554199219,-0.5889736413955688,2.054224967956543
1789130164758020900,114.16402075195313,9.66299819946289,-0.569819986820221,2.0159177780151367
1789130164774027800,114.18002783203124,9.739612579345703,-0.5363011956214905,1.8722656965255737
1789130164790033700,114.19603369140626,9.849745750427246,-0.4644751250743866,1.8962076902389526
1789130164806044000,114.2120439453125,9.77791976928711,-0.4884171485900879,1.8291701078414917
1789130164822053000,114.22805322265626,9.854534149169922,-0.5123591423034668,1.6759412288665771
1789130164838066400,114.24406640625,9.940725326538086,-0.35434186458587646,1.479616641998291
1789130164854078700,114.26007861328125,9.643844604492188,-0.4692635238170624,1.5849615335464478
1789130164870085400,114.27608544921875,9.557653427124023,-0.4405331015586853,1.4748282432556152
1789130164886098200,114.29209814453125,9.739612579345703,-0.17238251864910126,1.3838485479354858
1789130164902115000,114.30811499023437,9.821015357971191,-0.22505496442317963,1.479616641998291
1789130164918132700,114.3241328125,10.046070098876953,-0.24899697303771973,1.4173674583435059
1789130164934144000,114.34014404296875,10.098742485046387,-0.08140286058187485,1.556231141090393
1789130164950152700,114.35615258789062,10.199298858642578,-0.3016694188117981,1.455674648284912
1789130164966158600,114.37215869140626,10.098742485046387,-0.1628057211637497,1.2066776752471924
1789130164982168300,114.38816821289062,10.127472877502441,-0.028730420395731926,1.1635819673538208
1789130164998182100,114.40418212890626,10.079588890075684,-0.363918662071228,1.192312479019165
1789130165014190600,114.42019067382813,10.24239444732666,-0.3495534360408783,1.1827356815338135
1789130165030196700,114.43619677734375,10.20887565612793,-0.4644751250743866,0.9193734526634216
1789130165046205400,114.45220532226563,10.031704902648926,-0.5315127968788147,0.9720458984375
1789130165062217200,114.46821728515626,9.911994934082031,-0.608127236366272,0.7374141216278076
1789130165078231300,114.48423120117188,9.892841339111328,-0.7469909191131592,0.6943184733390808
1789130165094243000,114.5002431640625,9.859322547912598,-0.646434485912323,0.5315127968788147
1789130165110253300,114.51625341796876,9.739612579345703,-0.727837324142456,0.40701428055763245
1789130165126268400,114.53226831054687,9.68694019317627,-0.8140285611152649,0.6033388376235962
1789130165142278700,114.54827856445313,9.773131370544434,-0.6943184733390808,0.3447650372982025
1789130165158281500,114.56428149414063,9.825803756713867,-0.6991068720817566,0.24899697303771973
1789130165174279700,114.58027978515625,9.667786598205566,-0.8571242094039917,0.24899697303771973
1789130165190285300,114.59628540039063,9.897629737854004,-0.8331822156906128,0.21547815203666687
1789130165206292200,114.61229223632813,9.988609313964844,-0.6847416758537292,0.31124621629714966
1789130165222300200,114.62830004882812,9.792284965515137,-0.7182605266571045,0.3495534360408783
1789130165238311200,114.64431127929687,9.840168952941895,-0.7709329724311829,0.35913026332855225
1789130165254323200,114.6603232421875,9.763554573059082,-0.689530074596405,0.3687070608139038
1789130165270340000,114.67634008789062,9.739612579345703,-0.689530074596405,0.4165911078453064
1789130165286350800,114.69235083007813,9.988609313964844,-0.5793967843055725,0.23942017555236816
1789130165302364700,114.70836474609375,9.892841339111328,-0.6560112833976746,0.35434186458587646
1789130165318376700,114.72437670898438,9.825803756713867,-0.6560112833976746,0.3878606855869293
1789130165334388000,114.74038793945313,9.888052940368652,-0.5554547905921936,0.20111294090747833
1789130165350402600,114.75640258789062,9.849745750427246,-0.5746083855628967,0.15322890877723694
1789130165366416600,114.77241674804688,9.706093788146973,-0.6224924325942993,0.15322890877723694
1789130165382432300,114.78843237304687,9.744400978088379,-0.49799394607543945,0.15322890877723694
1789130165398450700,114.80445068359376,9.59596061706543,-0.43095630407333374,0.35913026332855225
1789130165414472700,114.82047265625,9.787496566772461,-0.45010992884635925,0.3208230137825012
1789130165430494000,114.83649389648437,9.849745750427246,-0.5793967843055725,0.24899697303771973
1789130165446509300,114.85250927734376,9.859322547912598,-0.3495534360408783,0.3495534360408783
1789130165462526700,114.86852661132812,10.146626472473145,-0.47405192255973816,0.2537853717803955
1789130165478545200,114.88454516601563,10.237606048583984,-0.6560112833976746,0.28730419278144836
1789130165494559700,114.90055981445313,10.41956615447998,-0.7038952708244324,0.20111294090747833
1789130165510569500,114.91656958007812,10.299856185913086,-0.8236053586006165,0.2537853717803955
1789130165526576000,114.932576171875,10.54406452178955,-0.7996633648872375,-0.08140286058187485
1789130165542581000,114.9485810546875,10.347740173339844,-0.751779317855835,-0.12928688526153564
1789130165558590200,114.96459008789063,10.448296546936035,-0.828393816947937,-0.047884032130241394
1789130165574600700,114.9806005859375,10.429142951965332,-0.8810662031173706,-0.090979665517807
1789130165590612200,114.9966123046875,10.472238540649414,-0.7134721279144287,-0.33997663855552673
1789130165606626600,115.01262646484375,10.285490036010742,-0.6847416758537292,-0.12928688526153564
1789130165622642200,115.02864208984376,10.271124839782715,-0.7038952708244324,-0.38307225704193115
1789130165638658000,115.04465795898437,10.32858657836914,-0.6703764796257019,-0.6847416758537292
1789130165654668500,115.06066845703126,10.381258964538574,-0.727837324142456,-0.35434186458587646
1789130165670678300,115.07667822265626,10.682928085327148,-0.7469909191131592,-0.6129156351089478
1789130165686690600,115.09269067382813,10.778696060180664,-0.40222588181495667,-0.8188169598579407
1789130165702704400,115.10870434570313,10.405200958251953,-0.5363011956214905,-0.6560112833976746
1789130165718714000,115.12471411132813,10.438719749450684,-0.6177040338516235,-1.0773907899856567
1789130165734724400,115.14072436523438,10.395624160766602,-0.35434186458587646,-1.2258312702178955
1789130165750740000,115.15673999023437,10.251971244812012,-0.3926490843296051,-1.1061211824417114
1789130165766750500,115.17275048828125,10.409989356994629,-0.4213795065879822,-1.3024457693099976
1789130165782765800,115.18876586914062,10.347740173339844,-0.5219359993934631,-1.192312479019165
1789130165798784000,115.20478393554687,10.338163375854492,-0.35913026332855225,-1.3215993642807007
1789130165814801200,115.22080126953125,10.433931350708008,-0.5985504388809204,-1.5418659448623657
1789130165830812000,115.23681201171875,10.27591323852539,-0.646434485912323,-1.3694833517074585
1789130165846823000,115.25282299804688,10.424354553222656,-0.5219359993934631,-1.5179238319396973
1789130165862829300,115.26882934570312,10.577583312988281,-0.7038952708244324,-1.6280571222305298
1789130165878841000,115.28484106445312,10.137049674987793,-0.8188169598579407,-1.6089035272598267
1789130165894854000,115.30085400390625,10.357316970825195,-0.5793967843055725,-1.5849615335464478
1789130165910867200,115.3168671875,10.098742485046387,-0.7374141216278076,-1.4700398445129395
1789130165926878500,115.33287841796874,10.199298858642578,-0.9385270476341248,-1.2497732639312744
1789130165942890500,115.34889038085937,10.395624160766602,-0.828393816947937,-1.4413094520568848
1789130165958901000,115.36490087890625,9.68694019317627,-0.5793967843055725,-1.359906554222107
1789130165974913500,115.38091357421875,9.825803756713867,-0.6416460275650024,-1.0821791887283325
1789130165990932200,115.39693212890624,9.682151794433594,-0.6703764796257019,-0.9864110946655273
1789130166006945500,115.41294555664062,10.002974510192871,-0.2059013396501541,-1.216254472732544
1789130166022961700,115.42896166992188,9.854534149169922,-0.2298433631658554,-0.871489405632019
1789130166038978800,115.44497875976562,10.074800491333008,-0.4836287498474121,-0.7086837291717529
1789130166054995700,115.46099560546875,10.663774490356445,-0.06224924325942993,-0.7422025203704834
1789130166071008000,115.47700805664063,10.524910926818848,-0.2585737705230713,-0.689530074596405
1789130166087020500,115.4930205078125,10.448296546936035,-0.45010992884635925,-0.33039984107017517
1789130166103035400,115.50903540039063,10.414777755737305,-0.16759411990642548,-0.3064578175544739
1789130166119047700,115.52504760742187,10.639832496643066,-0.33997663855552673,-0.35913026332855225
1789130166135054300,115.54105444335937,10.611102104187012,-0.21547815203666687,-0.44532153010368347
1789130166151065300,115.5570654296875,10.903194427490234,-0.24420857429504395,-0.5363011956214905
1789130166167079000,115.57307885742188,10.20887565612793,-0.08619125932455063,-0.28730419278144836
1789130166183085000,115.5890849609375,9.749189376831055,-0.16759411990642548,0.047884032130241394
1789130166199093800,115.60509375,10.223240852355957,-0.26815059781074524,-0.7038952708244324
1789130166215104000,115.62110400390625,10.491392135620117,0.7326257228851318,-0.9911994934082031
1789130166231112200,115.6371123046875,9.955090522766113,0.22505496442317963,-0.3016694188117981
1789130166247123700,115.65312377929688,10.237606048583984,0.033518824726343155,-0.47405192255973816
1789130166263130400,115.66913037109374,9.672574996948242,0.2059013396501541,0.11971008777618408
1789130166279136500,115.68513647460938,10.333374977111816,-0.028730420395731926,-0.6320692300796509
1789130166295142700,115.701142578125,11.329362869262695,0.5410895943641663,-1.3120225667953491
1789130166311148300,115.71714819335938,10.127472877502441,-0.038307227194309235,-0.40701428055763245
1789130166327157800,115.73315771484376,9.653421401977539,-0.4836287498474121,-0.033518824726343155
1789130166343171800,115.749171875,10.539276123046875,0,-0.49320554733276367
1789130166359187700,115.76518774414062,10.462661743164062,0.31603461503982544,-1.2401964664459229
1789130166375200500,115.78120043945313,10.180145263671875,-0.08619125932455063,-1.2689268589019775
1789130166391216400,115.79721630859375,9.552865028381348,-0.33997663855552673,-0.8188169598579407
1789130166407225900,115.81322583007812,9.677363395690918,0.15801730751991272,-0.6320692300796509
1789130166423233000,115.82923291015625,9.916783332824707,0.6033388376235962,-1.1635819673538208
1789130166439242500,115.84524243164063,10.596736907958984,0.1149216815829277,-1.2258312702178955
1789130166455250400,115.86125048828124,10.314221382141113,-0.24420857429504395,-1.6519991159439087
1789130166471259600,115.877259765625,9.485827445983887,-0.29209262132644653,-0.9624691009521484
1789130166487270700,115.89327075195312,9.557653427124023,0.23942017555236816,-0.45489832758903503
1789130166503278300,115.9092783203125,11.616666793823242,0.15322890877723694,-2.4612393379211426
1789130166519279600,115.92527954101563,10.409989356994629,0.5650315880775452,-1.072602391242981
1789130166535280600,115.94128076171874,9.931148529052734,1.091755986213684,-0.009576806798577309
1789130166551289000,115.9572890625,10.90798282623291,-0.5315127968788147,0.13407529890537262
1789130166567295000,115.973294921875,10.764330863952637,-0.8236053586006165,-1.7334020137786865
1789130166583295200,115.98929516601562,10.108319282531738,-0.45489832758903503,-1.8339585065841675
1789130166599300600,116.00530053710938,11.013327598571777,-0.6847416758537292,-1.2449848651885986
1789130166615307500,116.0213076171875,10.754754066467285,-0.1149216815829277,-0.5315127968788147
1789130166631308500,116.03730859375,10.251971244812012,0.3208230137825012,-1.3934253454208374
1789130166647308000,116.05330810546874,11.137825965881348,-0.5267243981361389,-1.3982137441635132
1789130166663310300,116.06931030273438,10.376470565795898,-0.9624691009521484,-0.5506663918495178
1789130166679314700,116.08531469726563,10.797849655151367,-0.6847416758537292,-1.3263877630233765
1789130166695323600,116.10132373046875,10.572794914245605,-0.7709329724311829,-2.1164743900299072
1789130166711325200,116.1173251953125,10.18493366241455,-0.4118026793003082,-1.1252747774124146
1789130166727325700,116.13332568359375,10.093954086303711,-0.014365210197865963,-0.9672574996948242
1789130166743329500,116.14932958984375,9.849745750427246,-0.17717093229293823,-0.8571242094039917
1789130166759333000,116.1653330078125,9.739612579345703,0.17238251864910126,-1.1444283723831177
1789130166775343900,116.18134375,10.769119262695312,-0.07182604819536209,-1.623268723487854
1789130166791351600,116.1973515625,10.24239444732666,-0.6560112833976746,-0.7565677165985107
1789130166807356000,116.21335595703125,10.098742485046387,-0.21547815203666687,-1.1827356815338135
1789130166823359000,116.22935888671876,10.093954086303711,-0.06703764945268631,-1.623268723487854
1789130166839360500,116.24536059570312,9.59596061706543,-0.21547815203666687,-1.1492167711257935
1789130166855358700,116.26135864257813,9.907206535339355,0.5267243981361389,-0.8523358106613159
1789130166871357700,116.27735766601562,10.366893768310547,0.6177040338516235,-1.0869675874710083
1789130166887356400,116.2933564453125,10.02691650390625,0.26336219906806946,-1.1444283723831177
1789130166903360500,116.30936059570313,10.20887565612793,0.14844051003456116,-1.335964560508728
1789130166919364600,116.32536450195313,10.132261276245117,0.004788403399288654,-1.1204863786697388
1789130166935367000,116.34136694335938,10.414777755737305,0.090979665517807,-0.4596867263317108
1789130166951368200,116.3573681640625,11.109095573425293,-0.2059013396501541,-1.556231141090393
1789130166967366400,116.37336645507813,10.793061256408691,-0.4596867263317108,-0.7709329724311829
1789130166983371300,116.38937133789062,10.611102104187012,-0.22505496442317963,-0.5267243981361389
1789130166999372000,116.4053720703125,10.754754066467285,-0.8188169598579407,-0.29209262132644653
1789130167015372800,116.42137280273438,10.405200958251953,-1.0678139925003052,-0.2968810200691223
1789130167031378000,116.4373779296875,10.6925048828125,-0.3926490843296051,-0.29209262132644653
1789130167047392000,116.45339208984375,10.520122528076172,-0.3016694188117981,-0.26336219906806946
1789130167063400700,116.46940063476562,9.84495735168457,-0.2968810200691223,0.05267243832349777
1789130167079409400,116.48540942382813,10.046070098876953,-0.3447650372982025,-0.09576806426048279
1789130167095417900,116.50141796875,10.199298858642578,-0.15322890877723694,0.272938996553421
1789130167111423700,116.517423828125,10.180145263671875,-0.3734954595565796,1.0103530883789062
1789130167127433700,116.53343383789063,10.271124839782715,-0.4596867263317108,0.6847416758537292
1789130167143445800,116.54944580078126,9.466673851013184,-0.22026655077934265,0.5171475410461426
1789130167159453000,116.56545288085937,8.293514251708984,-0.6416460275650024,1.2018892765045166
1789130167175456000,116.5814560546875,9.715670585632324,-0.363918662071228,0.569819986820221
1789130167191464400,116.59746435546874,10.170568466186523,-0.5267243981361389,0.9481038451194763
1789130167207479000,116.61347900390625,9.385271072387695,-0.5506663918495178,1.4891934394836426
1789130167223490300,116.629490234375,8.916007041931152,-0.16759411990642548,1.403002142906189
1789130167239501000,116.6455009765625,8.834604263305664,-0.17717093229293823,1.1444283723831177
1789130167255513000,116.66151318359375,9.50498104095459,-0.43095630407333374,1.4413094520568848
1789130167271524900,116.67752490234375,10.007762908935547,-0.8571242094039917,1.8291701078414917
1789130167287534000,116.6935341796875,9.907206535339355,-0.6224924325942993,1.9632453918457031
1789130167303543800,116.70954370117188,9.854534149169922,-0.7565677165985107,2.2026655673980713
1789130167319554800,116.72555493164063,9.792284965515137,-0.9097966551780701,2.0829553604125977
1789130167335562800,116.74156274414062,9.50498104095459,-0.9624691009521484,2.494758129119873
1789130167359578400,116.76557836914063,10.213664054870605,-1.072602391242981,2.10210919380188
1789130167375582500,116.78158251953126,10.11789608001709,-0.9672574996948242,2.2888567447662354
1789130167391586000,116.7975859375,9.797073364257812,-1.0342950820922852,2.3798365592956543
1789130167407589000,116.81358911132813,10.247182846069336,-0.9385270476341248,2.47560453414917
1789130167423591000,116.8295908203125,10.8505220413208,-1.2066776752471924,2.652775526046753
1789130167439595000,116.84559497070312,10.089165687561035,-1.2449848651885986,2.7676970958709717
1789130167455601200,116.86160107421875,9.222464561462402,-0.9097966551780701,2.3750481605529785
1789130167471612000,116.87761181640624,9.725247383117676,-0.9864110946655273,2.3127987384796143
1789130167487620900,116.89362084960938,9.557653427124023,-0.6799532771110535,2.2888567447662354
1789130167503639300,116.90963940429687,9.528923034667969,-0.4118026793003082,2.9257144927978516
1789130167519653400,116.9256533203125,9.854534149169922,-0.31124621629714966,2.868253707885742
1789130167535663000,116.9416630859375,9.907206535339355,-0.6847416758537292,2.3367409706115723
1789130167551675600,116.95767553710938,9.50498104095459,-0.7374141216278076,2.47560453414917
1789130167567688400,116.9736884765625,9.50498104095459,-0.507570743560791,2.738966703414917
1789130167583700200,116.9897001953125,9.940725326538086,-0.5363011956214905,2.5713725090026855
1789130167599707000,117.00570678710938,9.667786598205566,-0.3687070608139038,2.604891538619995
1789130167615712500,117.02171240234375,9.730035781860352,-0.7996633648872375,2.5713725090026855
1789130167631719400,117.03771948242188,9.682151794433594,-0.7326257228851318,2.293645143508911
1789130167647721700,117.0537216796875,9.232041358947754,-0.3064578175544739,2.1930887699127197
1789130167663727900,117.06972778320312,9.02135181427002,-0.4644751250743866,2.6575639247894287
1789130167679733500,117.0857333984375,9.284713745117188,0.038307227194309235,2.5330653190612793
1789130167695737300,117.1017373046875,9.543288230895996,-0.22026655077934265,2.585737943649292
1789130167711738400,117.11773828125,9.404424667358398,-0.5027823448181152,2.346317768096924
1789130167727741200,117.1337412109375,9.375694274902344,-0.33518823981285095,2.293645143508911
1789130167743748400,117.14974829101563,8.829815864562988,-0.4213795065879822,2.691082715988159
1789130167759753200,117.16575317382812,9.131484985351562,-0.2537853717803955,2.4468741416931152
1789130167775757600,117.18175756835937,9.370905876159668,-0.4357447028160095,2.451662540435791
1789130167791763500,117.19776342773437,9.265560150146484,-0.5123591423034668,2.609679937362671
1789130167807771000,117.21377099609376,9.136273384094238,-0.7182605266571045,2.494758129119873
1789130167823776000,117.22977587890625,9.045293807983398,-0.5985504388809204,2.5713725090026855
1789130167839786500,117.24578637695312,9.193734169006348,-0.4692635238170624,2.5713725090026855
1789130167855803400,117.26180346679688,9.14585018157959,-0.5506663918495178,2.585737943649292
1789130167871815000,117.27781494140625,9.255983352661133,-0.6416460275650024,2.7724854946136475
1789130167887827000,117.29382690429688,9.284713745117188,-0.8427590131759644,2.715024709701538
1789130167903841800,117.309841796875,9.394847869873047,-0.8762778043746948,2.8347349166870117
1789130167919852000,117.32585205078125,9.394847869873047,-0.5746083855628967,2.715024709701538
1789130167935860200,117.34186010742188,8.978256225585938,-0.4118026793003082,2.7054479122161865
1789130167951869000,117.35786889648438,8.786720275878906,-0.29209262132644653,3.07415509223938
1789130167967876000,117.3738759765625,9.581595420837402,-0.2059013396501541,3.251325845718384
1789130167983880400,117.38988037109375,9.720458984375,-0.5123591423034668,3.2321722507476807
1789130167999886600,117.40588647460937,9.998186111450195,-1.048660397529602,3.2561142444610596
1789130168015893000,117.42189306640626,9.983820915222168,-1.0534487962722778,3.117250680923462
1789130168031895000,117.43789501953125,9.466673851013184,-1.0534487962722778,3.093308687210083
1789130168047903000,117.45390307617187,9.888052940368652,-1.173158884048462,3.0550012588500977
1789130168063910100,117.46991015625,9.950302124023438,-0.8236053586006165,2.959233283996582
1789130168079920400,117.48592041015625,9.543288230895996,-0.569819986820221,3.112462282180786
1789130168095928600,117.50192846679687,9.150638580322266,-0.7469909191131592,2.964021682739258
1789130168111937500,117.5179375,9.710882186889648,-0.49799394607543945,3.4955344200134277
1789130168127948300,117.5339482421875,9.739612579345703,-0.33518823981285095,3.179499864578247
1789130168143959300,117.54995922851562,9.701305389404297,-0.3734954595565796,3.4572272300720215
1789130168159978200,117.56597827148437,9.945513725280762,-0.727837324142456,3.1938650608062744
1789130168175995600,117.58199560546875,10.012551307678223,-1.192312479019165,3.00711727142334
1789130168192008700,117.5980087890625,9.830592155456543,-1.139639973640442,2.7964274883270264
1789130168208019500,117.61401953125,9.351752281188965,-0.9481038451194763,3.0597896575927734
1789130168224033300,117.630033203125,9.600749015808105,-1.0678139925003052,2.7964274883270264
1789130168240041200,117.64604125976562,9.165003776550293,-0.5554547905921936,3.399766445159912
1789130168256053000,117.66205297851562,9.66299819946289,-0.47405192255973816,3.5625722408294678
1789130168272060000,117.67805981445312,9.782708168029785,-0.8044517636299133,2.801215887069702
1789130168288065800,117.69406567382812,8.834604263305664,-1.4700398445129395,2.580949544906616
1789130168304072200,117.710072265625,8.379706382751465,-0.751779317855835,2.3942017555236816
1789130168320084200,117.72608422851563,9.418789863586426,-0.29209262132644653,3.0119056701660156
1789130168336096000,117.74209594726562,9.390059471130371,-0.5267243981361389,3.3949780464172363
1789130168352103400,117.758103515625,9.533711433410645,-0.7613561153411865,2.873042106628418
1789130168368106000,117.77410595703125,8.911218643188477,-0.8140285611152649,2.360682964324951
1789130168384115200,117.790115234375,8.33182144165039,-0.8427590131759644,3.069366693496704
1789130168400125000,117.806125,8.87291145324707,-1.0199298858642578,2.75812029838562
1789130168416133400,117.82213330078125,9.002198219299316,-0.47884035110473633,2.6240451335906982
1789130168432138000,117.83813793945312,8.939949035644531,-0.26815059781074524,2.8107926845550537
1789130168448145700,117.85414575195313,9.08838939666748,-0.2825157940387726,3.2082302570343018
1789130168464156000,117.87015600585937,9.691728591918945,-0.7469909191131592,3.28963303565979
1789130168480164400,117.88616430664062,9.150638580322266,-1.2880805730819702,3.1938650608062744
1789130168496171000,117.9021708984375,9.093177795410156,-1.3120225667953491,2.7006595134735107
1789130168512174800,117.9181748046875,8.494627952575684,-0.7230489253997803,2.6240451335906982
1789130168528178200,117.93417822265624,8.69095230102539,-0.2825157940387726,3.0310592651367188
1789130168544181000,117.95018090820312,9.581595420837402,-0.21547815203666687,3.845088005065918
1789130168560188000,117.96618798828125,9.782708168029785,-0.9002198576927185,2.9975404739379883
1789130168576196600,117.98219653320312,9.351752281188965,-1.5083470344543457,2.7246015071868896
1789130168592200200,117.9982001953125,8.413225173950195,-0.9145850539207458,3.0119056701660156
1789130168616206800,118.02220678710937,9.327810287475586,-0.1628057211637497,3.0358476638793945
1789130168632211700,118.03821166992188,9.404424667358398,-0.9481038451194763,3.2752678394317627
1789130168648215000,118.05421508789063,9.437943458557129,-0.3447650372982025,3.07415509223938
1789130168664214500,118.07021459960937,9.289502143859863,-0.2968810200691223,3.265691041946411
1789130168680213500,118.08621362304687,9.23682975769043,-0.40222588181495667,3.442862033843994
1789130168696213200,118.10221313476562,8.83939266204834,-0.5841852426528931,3.5482068061828613
1789130168712214500,118.11821459960937,9.916783332824707,-0.9481038451194763,3.2848446369171143
1789130168728217900,118.1342177734375,9.346963882446289,-0.7852981686592102,3.141192674636841
1789130168792227300,118.19822729492188,9.75397777557373,-0.8379706144332886,3.4811692237854004
1789130168808224500,118.214224609375,10.127472877502441,-1.0007762908935547,3.021482467651367
1789130168824220400,118.23022045898438,8.959102630615234,-0.8858546018600464,3.0310592651367188
1789130168840217600,118.24621752929687,8.695740699768066,-0.4884171485900879,3.552995204925537
1789130168856219400,118.26221948242187,9.730035781860352,-0.4596867263317108,3.552995204925537
1789130168872225000,118.27822509765625,9.792284965515137,-0.6655880808830261,3.3470940589904785
1789130168888228900,118.29422875976563,9.313444137573242,-1.1013327836990356,2.7533318996429443
1789130168904229000,118.31022900390624,8.772355079650879,-0.8188169598579407,2.849100112915039
1789130168920229600,118.32622973632813,8.882488250732422,-0.5554547905921936,3.160346269607544
1789130168936233700,118.34223364257812,9.533711433410645,0.363918662071228,3.706224203109741
1789130168952241000,118.35824096679687,9.279925346374512,-0.9576807022094727,3.892971992492676
1789130168968248300,118.37424829101562,10.017339706420898,-0.9385270476341248,3.529053211212158
1789130168984248600,118.39024853515625,10.070012092590332,-0.5410895943641663,3.1507694721221924
1789130169000255500,118.40625537109375,9.552865028381348,-0.7613561153411865,3.529053211212158
1789130169016259600,118.42225952148438,8.825027465820312,-0.608127236366272,3.620033025741577
1789130169032262700,118.4382626953125,9.035717010498047,-0.09576806426048279,3.7493197917938232
1789130169048270300,118.45427026367187,9.801861763000488,-0.3974374830722809,3.1076738834381104
1789130169064276500,118.4702763671875,9.5624418258667,-0.7182605266571045,2.7293899059295654
1789130169080279000,118.48627905273437,8.188169479370117,-0.6655880808830261,3.2992098331451416
1789130169096284200,118.5022841796875,8.47547435760498,-0.2106897532939911,2.849100112915039
1789130169112289500,118.51828955078125,8.80587387084961,-0.2537853717803955,2.4133553504943848
1789130169128295200,118.53429516601562,8.04930591583252,-0.3016694188117981,2.9305028915405273
1789130169144304400,118.55030444335938,9.21288776397705,-0.6320692300796509,2.9544448852539062
1789130169160313600,118.56631372070312,8.987833023071289,-0.7996633648872375,3.1316158771514893
1789130169176321500,118.58232153320313,9.045293807983398,-0.5793967843055725,3.045424461364746
1789130169192330000,118.598330078125,8.705317497253418,-0.7613561153411865,2.964021682739258
1789130169208333600,118.61433349609375,8.274360656738281,-0.7326257228851318,2.892195701599121
1789130169224344800,118.6303447265625,8.576030731201172,-0.8379706144332886,3.428496837615967
1789130169240355600,118.64635546875,9.706093788146973,-0.608127236366272,3.28963303565979
1789130169264366300,118.67036645507812,8.681375503540039,-0.8954314589500427,3.35667085647583
1789130169280375300,118.68637524414062,9.222464561462402,-0.40701428055763245,3.203441858291626
1789130169296383200,118.70238330078125,9.734824180603027,-0.4836287498474121,3.0550012588500977
1789130169312386600,118.71838647460937,9.528923034667969,-1.0630255937576294,3.3423056602478027
1789130169328388900,118.73438891601562,9.911994934082031,-0.5937620401382446,3.3710360527038574
1789130169344401000,118.75040087890625,9.725247383117676,-0.3878606855869293,3.466804027557373
1789130169360412700,118.76641259765626,8.983044624328613,-0.3687070608139038,3.533841609954834
1789130169376421600,118.78242163085937,9.141061782836914,-0.5315127968788147,3.35667085647583
1789130169392425500,118.79842553710938,9.294290542602539,-0.3974374830722809,3.471592426300049
1789130169408419000,118.81441918945312,9.715670585632324,-0.7757213711738586,3.711012601852417
1789130169424424200,118.83042407226563,9.96945571899414,-0.29209262132644653,3.7445313930511475
1789130169440432400,118.84643237304688,9.083600997924805,-0.3495534360408783,3.3710360527038574
1789130169456441300,118.86244140625,8.987833023071289,-1.1061211824417114,2.8634653091430664
1789130169472451000,118.878451171875,8.89685344696045,-0.47884035110473633,3.442862033843994
1789130169488457200,118.89445727539062,9.279925346374512,-0.14844051003456116,4.127603530883789
1789130169504456000,118.9104560546875,10.055646896362305,-0.9050082564353943,3.4093432426452637
1789130169520458000,118.9264580078125,10.127472877502441,-0.7469909191131592,2.9735984802246094
1789130169536465200,118.94246508789062,10.08437728881836,-0.43095630407333374,3.5386300086975098
1789130169552470800,118.958470703125,9.131484985351562,-0.4357447028160095,3.5051112174987793
1789130169568471300,118.97447119140625,9.346963882446289,-1.091755986213684,3.332728862762451
1789130169584468000,118.99046801757812,9.75397777557373,-0.7086837291717529,3.313575267791748
1789130169600466000,119.0064658203125,9.763554573059082,-0.3734954595565796,3.624821424484253
1789130169616466700,119.022466796875,9.485827445983887,-0.5171475410461426,3.222595453262329
1789130169632472800,119.03847290039063,9.069235801696777,-1.1444283723831177,2.868253707885742
1789130169648479500,119.0544794921875,9.404424667358398,-0.9241618514060974,3.0406360626220703
1789130169664486400,119.070486328125,9.260771751403809,-0.45010992884635925,3.5386300086975098
1789130169680487200,119.08648706054687,9.409213066101074,-0.3447650372982025,3.4524388313293457
1789130169696493300,119.10249340820313,9.825803756713867,-0.8140285611152649,2.671929121017456
1789130169712498200,119.11849829101563,9.260771751403809,-0.5027823448181152,3.19865345954895
1789130169728508400,119.13450830078125,9.093177795410156,-0.21547815203666687,3.021482467651367
1789130169744520200,119.15052026367188,8.815450668334961,-0.5746083855628967,2.896984100341797
1789130169760527600,119.16652758789063,9.198522567749023,-0.8475474119186401,2.6671407222747803
1789130169776529200,119.18252905273438,9.251194953918457,-0.3016694188117981,3.0119056701660156
1789130169792531500,119.19853149414062,8.868123054504395,-0.2106897532939911,3.026270866394043
1789130169816531500,119.22253149414063,8.729259490966797,-0.33039984107017517,3.1507694721221924
1789130169832541400,119.23854150390625,9.050082206726074,-0.9097966551780701,3.155557870864868
1789130169848543500,119.25454345703125,9.2033109664917,-0.9672574996948242,2.3271639347076416
1789130169864546300,119.27054638671875,8.767566680908203,-0.4836287498474121,2.8874073028564453
1789130169880552200,119.28655224609375,8.801085472106934,-0.4118026793003082,2.892195701599121
1789130169896557000,119.30255712890624,9.318233489990234,-0.5506663918495178,2.8874073028564453
1789130169912557300,119.31855737304687,9.490615844726562,-0.8619126081466675,2.853888511657715
1789130169928564200,119.33456420898438,9.816226959228516,-0.7661445140838623,3.050212860107422
1789130169944572400,119.35057250976563,8.99740982055664,-0.5841852426528931,3.093308687210083
1789130169960578800,119.36657885742187,8.633491516113281,-0.7422025203704834,2.609679937362671
1789130169976586000,119.3825859375,9.308655738830566,-0.6991068720817566,2.456450939178467
1789130169992595700,119.398595703125,9.246406555175781,-0.023942016065120697,3.2417490482330322
1789130170008609800,119.41460986328126,9.169792175292969,-0.31124621629714966,3.2848446369171143
1789130170024616000,119.43061596679688,9.289502143859863,-0.6512228846549988,2.403778553009033
1789130170040621000,119.44662109375,8.954314231872559,-0.47884035110473633,2.786850690841675
1789130170056627700,119.46262768554688,8.935160636901855,-0.3495534360408783,2.964021682739258
1789130170072631800,119.4786318359375,9.184157371520996,-0.5602431893348694,2.9496564865112305
1789130170088633900,119.4946337890625,9.045293807983398,-0.5746083855628967,2.5953147411346436
1789130170104637700,119.5106376953125,9.370905876159668,-0.3495534360408783,2.5234885215759277
1789130170120642600,119.526642578125,8.93037223815918,-0.2346317619085312,2.676717519760132
1789130170136643600,119.5426435546875,8.513781547546387,-0.28730419278144836,2.8586769104003906
1789130170152640500,119.558640625,8.868123054504395,-0.4118026793003082,2.3319525718688965
1789130170168643300,119.57464331054688,9.706093788146973,-0.3016694188117981,2.7533318996429443
1789130170184641000,119.59064111328125,9.289502143859863,-0.2777273952960968,3.1220390796661377
1789130170200637200,119.60663720703126,9.150638580322266,-0.6655880808830261,3.002328872680664
1789130170216636700,119.62263671875,9.62947940826416,-0.6177040338516235,2.3367409706115723
1789130170232631000,119.63863110351562,9.265560150146484,-0.3256114423274994,2.964021682739258
1789130170248632800,119.6546328125,8.959102630615234,-0.38307225704193115,3.2321722507476807
1789130170264633300,119.67063330078125,9.677363395690918,-0.7326257228851318,2.873042106628418
1789130170280634600,119.68663452148438,9.840168952941895,-0.7469909191131592,2.7485435009002686
1789130170296638200,119.70263818359375,10.160991668701172,-0.4644751250743866,3.0310592651367188
1789130170312641000,119.71864111328125,9.66299819946289,-0.6129156351089478,2.8874073028564453
1789130170328644000,119.73464404296875,9.026140213012695,-0.8906430602073669,2.5953147411346436
1789130170344655400,119.7506552734375,9.648633003234863,-0.6703764796257019,2.7246015071868896
1789130170360660000,119.76665991210938,9.81143856048584,-0.28730419278144836,2.9879636764526367
1789130170376658700,119.78265869140625,9.495404243469238,-0.6129156351089478,3.0837318897247314
1789130170392660500,119.79866040039063,9.260771751403809,-0.8762778043746948,2.2026655673980713
1789130170408657000,119.81465698242188,9.548076629638672,-0.6177040338516235,2.5665841102600098
1789130170424653000,119.83065307617187,9.543288230895996,-0.5602431893348694,3.1268274784088135
1789130170440650200,119.84665014648438,9.255983352661133,-0.828393816947937,2.853888511657715
1789130170456650200,119.86265014648437,9.078812599182129,-0.7948749661445618,2.250549554824829
1789130170472652300,119.87865234375,8.815450668334961,-0.5506663918495178,2.4181437492370605
1789130170488649000,119.89464892578125,9.093177795410156,-0.08140286058187485,2.873042106628418
1789130170504650200,119.91065014648437,9.227252960205078,-0.3734954595565796,2.7916390895843506
1789130170520643600,119.9266435546875,9.50498104095459,-0.8044517636299133,2.2026655673980713
1789130170536636700,119.94263671875,9.797073364257812,-0.31603461503982544,2.183511972427368
1789130170552628000,119.9586279296875,9.710882186889648,-0.22505496442317963,2.964021682739258
1789130170568632000,119.97463208007812,9.658209800720215,-0.49799394607543945,2.346317768096924
1789130170584631800,119.9906318359375,9.639056205749512,-0.6177040338516235,2.2601263523101807
1789130170600628500,120.00662841796876,9.452308654785156,-0.3734954595565796,2.279279947280884
1789130170616623900,120.02262377929688,9.404424667358398,-0.5219359993934631,2.6671407222747803
1789130170632621000,120.03862109375,9.557653427124023,-0.8188169598579407,2.408566951751709
1789130170648622300,120.05462231445313,9.835380554199219,-0.9768342971801758,2.054224967956543
1789130170664622000,120.0706220703125,9.66299819946289,-0.8236053586006165,2.03507137298584
1789130170680628700,120.08662866210938,9.825803756713867,-0.5841852426528931,2.427720546722412
1789130170696636400,120.10263647460937,9.792284965515137,-0.7469909191131592,2.4851813316345215
1789130170712641000,120.11864111328126,9.84495735168457,-1.0103530883789062,1.580173134803772
1789130170728645400,120.13464526367187,9.959878921508789,-0.6224924325942993,2.049436569213867
1789130170744649200,120.15064916992188,9.557653427124023,-0.1149216815829277,2.499546527862549
1789130170760647200,120.16664721679687,9.806650161743164,-0.42616790533065796,2.2218191623687744
1789130170776649000,120.18264892578125,9.710882186889648,-0.9193734526634216,1.5849615335464478
1789130170792648700,120.19864868164062,9.524134635925293,-0.6799532771110535,2.078166961669922
1789130170808646000,120.21464599609375,10.141838073730469,-0.2298433631658554,2.389413356781006
1789130170824643600,120.2306435546875,9.53849983215332,-0.47405192255973816,2.0829553604125977
1789130170840638000,120.24663793945312,9.533711433410645,-0.9528923034667969,1.680729627609253
1789130170856639000,120.26263891601562,9.864110946655273,-0.7469909191131592,1.7190368175506592
1789130170880644000,120.28664404296875,9.749189376831055,-0.8331822156906128,1.7381904125213623
1789130170896648400,120.3026484375,9.945513725280762,-0.5410895943641663,1.9105730056762695
1789130170912649200,120.31864916992187,9.710882186889648,-0.5219359993934631,2.1116859912872314
1789130170928645400,120.33464526367187,9.548076629638672,-0.6847416758537292,1.5897499322891235
1789130170944639000,120.35063891601563,9.586383819580078,-0.8044517636299133,1.3742717504501343
1789130170960640000,120.36663989257812,9.275136947631836,-0.24899697303771973,2.1978771686553955
1789130170976642600,120.382642578125,9.404424667358398,-0.45489832758903503,2.1116859912872314
1789130170992642800,120.39864282226563,9.720458984375,-1.0630255937576294,1.6759412288665771
1789130171008646000,120.41464599609375,9.821015357971191,-0.9097966551780701,1.7621324062347412
1789130171024651500,120.43065161132813,10.02691650390625,-0.4118026793003082,2.03507137298584
1789130171040647000,120.44664697265625,9.864110946655273,-0.8906430602073669,2.1068975925445557
1789130171056641300,120.46264135742187,9.299078941345215,-1.1492167711257935,1.5466543436050415
1789130171072635000,120.478634765625,9.787496566772461,-0.6272808313369751,1.8579005002975464
1789130171088632000,120.49463208007812,9.68694019317627,-0.49320554733276367,1.9728221893310547
1789130171104631800,120.5106318359375,9.375694274902344,-0.689530074596405,1.7764976024627686
1789130171120631000,120.52663110351563,9.548076629638672,-0.33039984107017517,1.9297266006469727
1789130171136633900,120.5426337890625,9.59596061706543,-0.38307225704193115,1.8339585065841675
1789130171152644400,120.55864428710937,9.696516990661621,-0.45010992884635925,2.049436569213867
1789130171168653800,120.57465380859375,9.624691009521484,-0.5650315880775452,1.9967641830444336
1789130171184662500,120.59066259765625,9.888052940368652,-0.4213795065879822,1.9967641830444336
1789130171200664600,120.60666455078125,10.304644584655762,-0.5602431893348694,2.097320795059204
1789130171216668700,120.62266870117188,9.658209800720215,-0.689530074596405,2.212242364883423
1789130171232671700,120.63867163085938,9.720458984375,-0.727837324142456,1.9728221893310547
1789130171248674800,120.6546748046875,9.552865028381348,-0.5554547905921936,1.867477297782898
1789130171264678100,120.67067822265625,9.32302188873291,-0.6943184733390808,1.7621324062347412
1789130171280691200,120.68669116210937,9.437943458557129,-0.751779317855835,1.8483237028121948
1789130171296697600,120.70269750976563,9.38048267364502,-0.7038952708244324,2.030282974243164
1789130171312697600,120.71869750976562,9.691728591918945,-0.3687070608139038,1.9153614044189453
1789130171328700400,120.73470043945312,9.557653427124023,-0.5650315880775452,1.7860745191574097
1789130171344703700,120.75070385742187,9.706093788146973,-0.6655880808830261,2.049436569213867
1789130171360710700,120.76671069335937,9.543288230895996,-0.5410895943641663,1.723825216293335
1789130171376716000,120.78271606445313,9.610325813293457,-0.5889736413955688,1.766920804977417
1789130171392719000,120.79871899414063,9.62947940826416,-0.569819986820221,1.9345149993896484
1789130171416724200,120.82272412109376,9.758766174316406,-0.7182605266571045,1.8914192914962769
1789130171432731000,120.83873095703125,9.375694274902344,-0.8475474119186401,1.8531121015548706
1789130171448732000,120.85473193359375,9.078812599182129,-0.9911994934082031,1.7190368175506592
1789130171464735200,120.8707353515625,9.351752281188965,-0.7086837291717529,1.7573440074920654
1789130171480742400,120.88674243164063,9.47146224975586,-0.29209262132644653,1.7334020137786865
1789130171496748300,120.90274829101563,9.41400146484375,-0.6368576288223267,1.9632453918457031
1789130171512754400,120.91875439453125,9.672574996948242,-0.8092401623725891,1.6424223184585571
1789130171528765700,120.934765625,9.433155059814453,-0.4405331015586853,1.9105730056762695
1789130171544778200,120.9507783203125,9.490615844726562,-0.7230489253997803,2.03507137298584
1789130171560790500,120.96679052734375,10.02691650390625,-0.871489405632019,1.8962076902389526
1789130171576800300,120.98280029296875,9.797073364257812,-0.6847416758537292,1.900996208190918
1789130171592812800,120.99881274414062,9.615114212036133,-0.4596867263317108,1.800439715385437
1789130171608824600,121.01482446289063,9.428366661071777,-0.7134721279144287,1.9536685943603516
1789130171624832300,121.03083227539062,9.720458984375,-0.40222588181495667,1.886630892753601
1789130171640845000,121.04684497070312,9.14585018157959,-0.31603461503982544,1.944091796875
1789130171656851500,121.0628515625,9.50498104095459,-0.6224924325942993,1.3694833517074585
1789130171672859600,121.07885961914063,9.533711433410645,-0.5027823448181152,1.7764976024627686
1789130171688871200,121.09487109375,9.404424667358398,-0.2106897532939911,2.0159177780151367
1789130171704886800,121.11088671875,9.744400978088379,-0.35434186458587646,1.7573440074920654
1789130171720900900,121.12690087890626,9.806650161743164,-0.6416460275650024,2.0254945755004883
1789130171736909600,121.14290966796875,9.174580574035645,-0.8954314589500427,2.121262788772583
1789130171752918500,121.15891845703125,9.835380554199219,-1.1348515748977661,1.9823989868164062
1789130171768931000,121.17493115234375,9.959878921508789,-1.0582371950149536,2.0398597717285156
1789130171784943900,121.19094384765626,9.840168952941895,-0.7422025203704834,1.9249382019042969
1789130171800962600,121.20696264648437,9.53849983215332,-0.5506663918495178,2.0015525817871094
1789130171816975000,121.22297509765625,9.466673851013184,-0.5506663918495178,2.030282974243164
1789130171832991700,121.23899169921874,9.768342971801758,-0.569819986820221,1.7717092037200928
1789130171849012700,121.2550126953125,9.366117477416992,-0.6847416758537292,1.9297266006469727
1789130171865030000,121.27102978515624,9.490615844726562,-0.7661445140838623,2.0685901641845703
1789130171881043500,121.28704345703125,10.031704902648926,-0.5027823448181152,2.1547815799713135
1789130171897057300,121.30305737304687,10.11789608001709,-0.6224924325942993,1.8579005002975464
1789130171913071900,121.31907177734375,9.509769439697266,-0.33997663855552673,1.9105730056762695
1789130171929085000,121.3350849609375,9.476250648498535,-0.5650315880775452,2.0254945755004883
1789130171945098000,121.35109790039063,9.552865028381348,-0.3447650372982025,1.8483237028121948
1789130171961108200,121.36710815429687,9.567230224609375,-0.05267243832349777,1.8339585065841675
1789130171985124400,121.39112426757812,9.77791976928711,-0.28730419278144836,1.7764976024627686
1789130172001137000,121.40713696289062,8.9064302444458,-0.3734954595565796,1.7860745191574097
1789130172017139500,121.42313940429688,8.983044624328613,-0.24899697303771973,1.8100165128707886
1789130172033145600,121.4391455078125,9.332598686218262,-0.1628057211637497,1.6184803247451782
1789130172049153300,121.4551533203125,9.53849983215332,-0.2106897532939911,1.7956513166427612
1789130172065163800,121.47116381835937,9.552865028381348,-0.3256114423274994,1.8291701078414917
1789130172081177600,121.48717749023437,9.188945770263672,-0.2825157940387726,1.8195933103561401
1789130172097183000,121.50318286132813,9.284713745117188,-0.181959331035614,1.4413094520568848
1789130172113189400,121.519189453125,9.332598686218262,-0.31603461503982544,1.8962076902389526
1789130172129191400,121.53519140625,9.888052940368652,-0.35434186458587646,1.6855180263519287
1789130172145195800,121.55119580078124,9.806650161743164,-0.31124621629714966,2.030282974243164
1789130172161197800,121.56719775390626,9.509769439697266,-0.40222588181495667,1.886630892753601
1789130172177200400,121.58320043945312,9.552865028381348,-0.6847416758537292,1.944091796875
1789130172193205000,121.599205078125,9.974244117736816,-0.9959878921508789,2.030282974243164
1789130172209211100,121.61521118164063,9.90241813659668,-0.8140285611152649,2.3367409706115723
1789130172225216300,121.63121630859375,10.390835762023926,-0.5506663918495178,2.054224967956543
1789130172249223200,121.65522314453125,9.81143856048584,-0.7230489253997803,1.987187385559082
1789130172265228800,121.67122875976563,9.816226959228516,-0.7422025203704834,1.886630892753601
1789130172281239800,121.68723974609375,9.715670585632324,-0.7661445140838623,2.542642116546631
1789130172297248500,121.70324853515625,10.285490036010742,-0.7374141216278076,2.4372973442077637
1789130172313257000,121.71925708007812,10.56800651550293,-0.8762778043746948,2.073378562927246
1789130172329264400,121.73526440429687,9.763554573059082,-0.9289502501487732,2.1356279850006104
1789130172345274000,121.75127416992187,9.57201862335205,-0.5410895943641663,2.0446481704711914
1789130172361275600,121.76727563476562,9.84495735168457,-0.38307225704193115,2.2026655673980713
1789130172377281800,121.78328173828125,9.849745750427246,-0.507570743560791,2.10210919380188
1789130172393287400,121.79928735351562,10.012551307678223,-0.4692635238170624,1.987187385559082
1789130172417293600,121.82329345703126,9.375694274902344,-0.40222588181495667,1.9057846069335938
1789130172433297200,121.83929711914062,8.853757858276367,-0.22505496442317963,2.0398597717285156
1789130172449300700,121.85530078125,9.495404243469238,-0.31124621629714966,1.7334020137786865
1789130172465307000,121.87130688476563,9.911994934082031,-0.3878606855869293,1.7812861204147339
1789130172481316000,121.88731616210937,9.706093788146973,-0.33518823981285095,1.9967641830444336
1789130172497323300,121.9033232421875,9.974244117736816,-0.47884035110473633,1.8914192914962769
1789130172513330700,121.91933056640624,10.089165687561035,-0.40701428055763245,2.0446481704711914
1789130172529336300,121.93533642578124,9.509769439697266,-0.29209262132644653,1.7621324062347412
1789130172545342500,121.95134252929688,9.911994934082031,-0.7326257228851318,1.8579005002975464
1789130172561345800,121.967345703125,9.524134635925293,-0.7565677165985107,1.4077905416488647
1789130172577355300,121.98335522460937,9.476250648498535,-0.608127236366272,1.8626888990402222
1789130172593362000,121.99936181640625,9.557653427124023,-0.42616790533065796,1.8195933103561401
1789130172609376000,122.0153759765625,9.859322547912598,-0.5841852426528931,1.5849615335464478
1789130172625394200,122.03139428710938,9.38048267364502,-0.7805097699165344,1.7381904125213623
1789130172649409500,122.05540942382812,9.461885452270508,-0.8810662031173706,1.7717092037200928
1789130172665411000,122.0714111328125,9.90241813659668,-0.6512228846549988,1.8483237028121948
1789130172681410000,122.08741015625,9.600749015808105,-0.6224924325942993,1.6424223184585571
1789130172697407500,122.10340747070312,9.2033109664917,-0.6177040338516235,1.9584569931030273
1789130172713403000,122.11940283203126,9.351752281188965,-0.4213795065879822,1.699883222579956
1789130172729397800,122.13539770507812,9.016563415527344,-0.4213795065879822,1.9919757843017578
1789130172745397800,122.15139770507812,9.35654067993164,-0.6224924325942993,2.011129379272461
1789130172761392400,122.16739233398438,9.428366661071777,-0.5602431893348694,2.0254945755004883
1789130172777384700,122.183384765625,9.485827445983887,-0.4884171485900879,2.0446481704711914
1789130172793378800,122.19937890625,8.848969459533691,-0.5123591423034668,2.0877439975738525
1789130172809380400,122.21538037109374,8.820239067077637,-0.49799394607543945,2.0159177780151367
1789130172825378800,122.23137890625,8.638279914855957,-0.24899697303771973,2.2361843585968018
1789130172841370600,122.24737060546875,9.385271072387695,-0.29209262132644653,2.3942017555236816
1789130172857359400,122.263359375,9.404424667358398,-0.4884171485900879,2.4803929328918457
1789130172873352400,122.2793525390625,9.5624418258667,-0.49799394607543945,2.5043349266052246
1789130172889347300,122.29534741210938,8.949525833129883,-0.3208230137825012,2.5043349266052246
1789130172913340400,122.31934033203125,9.02135181427002,-0.828393816947937,2.360682964324951
1789130172929337000,122.33533715820313,8.734047889709473,-0.7565677165985107,2.2697031497955322
1789130172945339100,122.35133911132813,9.313444137573242,-0.5267243981361389,2.4899697303771973
1789130172961342200,122.36734228515625,9.423578262329102,-0.5363011956214905,2.609679937362671
1789130172977340000,122.38333984375,9.385271072387695,-0.6560112833976746,2.585737943649292
1789130172993336000,122.39933618164062,9.121908187866211,-0.8667010068893433,2.4803929328918457
1789130173009334000,122.415333984375,9.184157371520996,-0.9145850539207458,2.8634653091430664
1789130173025340200,122.43134008789062,9.653421401977539,-0.933738648891449,2.695871114730835
1789130173041340400,122.44734033203125,9.988609313964844,-0.569819986820221,2.7246015071868896
1789130173057340200,122.46334008789063,9.442731857299805,-0.5267243981361389,2.868253707885742
1789130173081332500,122.48733251953125,9.53849983215332,-0.8140285611152649,2.580949544906616
1789130173097333200,122.50333325195312,9.327810287475586,-0.4165911078453064,2.7246015071868896
1789130173113336000,122.51933618164063,9.768342971801758,-0.5171475410461426,2.978386878967285
1789130173129340200,122.53534008789063,9.332598686218262,-0.545877993106842,2.63362193107605
1789130173145340400,122.55134033203124,9.289502143859863,-0.6224924325942993,2.5234885215759277
1789130173161345300,122.56734521484375,9.002198219299316,-0.5363011956214905,2.676717519760132
1789130173177350100,122.58335009765625,9.437943458557129,-0.5123591423034668,2.920926094055176
1789130173193353700,122.59935375976562,9.102754592895508,-0.5937620401382446,2.671929121017456
1789130173209361000,122.61536083984375,9.385271072387695,-0.5123591423034668,2.5522189140319824
1789130173225367600,122.63136743164063,9.557653427124023,-0.42616790533065796,2.719813108444214
1789130173241368600,122.64736865234374,9.567230224609375,-0.29209262132644653,3.069366693496704
1789130173257370400,122.66337036132812,9.399636268615723,-0.3447650372982025,2.7485435009002686
1789130173281370600,122.68737060546874,8.93037223815918,-0.7134721279144287,2.63362193107605
1789130173297366300,122.7033662109375,9.11233139038086,-0.49320554733276367,2.829946517944336
1789130173313365200,122.719365234375,9.394847869873047,-0.2106897532939911,2.542642116546631
1789130173329361000,122.73536083984375,9.44752025604248,-0.5793967843055725,3.1651346683502197
1789130173345352400,122.7513525390625,9.557653427124023,-0.40701428055763245,2.695871114730835
1789130173361350400,122.76735034179687,9.75397777557373,-0.6991068720817566,2.9017724990844727
1789130173377351200,122.78335107421876,9.251194953918457,-1.0295066833496094,2.983175277709961
1789130173393355800,122.79935571289063,9.251194953918457,-0.5602431893348694,2.8778305053710938
1789130173409355000,122.81535498046875,9.639056205749512,-0.5650315880775452,2.75812029838562
1789130173425351400,122.83135131835938,9.169792175292969,-0.5889736413955688,3.251325845718384
1789130173441354500,122.8473544921875,10.156203269958496,-0.5746083855628967,2.7246015071868896
1789130173457359400,122.863359375,9.586383819580078,-0.7996633648872375,2.9927520751953125
1789130173473358000,122.87935815429688,8.983044624328613,-0.7996633648872375,3.136404275894165
1789130173489357600,122.89535766601563,9.188945770263672,-0.4165911078453064,2.691082715988159
1789130173505355800,122.91135571289063,9.284713745117188,-0.33039984107017517,2.964021682739258
1789130173521357600,122.92735766601562,9.165003776550293,-0.3016694188117981,2.849100112915039
1789130173537357600,122.94335766601563,9.57201862335205,-0.3016694188117981,2.8778305053710938
1789130173553350000,122.95934985351562,9.246406555175781,-0.6320692300796509,2.82515811920166
1789130173569345500,122.97534545898438,9.131484985351562,-0.47884035110473633,2.896984100341797
1789130173585343500,122.99134350585938,9.126696586608887,-0.4118026793003082,2.7006595134735107
1789130173601343500,123.00734350585938,9.030928611755371,-0.3495534360408783,3.2178070545196533
1789130173617342200,123.02334228515625,9.931148529052734,-0.17717093229293823,2.734178304672241
1789130173633343200,123.03934326171876,9.500192642211914,-0.363918662071228,2.964021682739258
1789130173649346300,123.05534619140624,9.102754592895508,-0.5027823448181152,3.0119056701660156
1789130173665348400,123.07134838867188,9.66299819946289,-0.7134721279144287,2.9975404739379883
1789130173681342000,123.08734204101563,9.581595420837402,-0.7469909191131592,3.184288263320923
1789130173697336800,123.1033369140625,9.682151794433594,-0.9768342971801758,3.3039982318878174
1789130173713337900,123.119337890625,9.763554573059082,-0.6991068720817566,2.9305028915405273
1789130173729340400,123.13534033203125,9.184157371520996,-0.751779317855835,2.647987127304077
1789130173745343500,123.15134350585937,9.23682975769043,-0.7661445140838623,3.002328872680664
1789130173761347800,123.16734790039062,9.476250648498535,-0.7661445140838623,3.0166940689086914
1789130173777344000,123.18334399414063,9.835380554199219,-0.7996633648872375,3.3231520652770996
1789130173793341700,123.199341796875,9.983820915222168,-0.9145850539207458,2.873042106628418
1789130173809347600,123.21534765625,9.715670585632324,-0.6512228846549988,3.098097085952759
1789130173825346300,123.23134619140625,9.44752025604248,-0.4884171485900879,2.853888511657715
1789130173849340400,123.25534033203125,9.165003776550293,-0.45489832758903503,3.00711727142334
1789130173865337000,123.27133715820312,9.093177795410156,-0.507570743560791,2.7964274883270264
1789130173881333800,123.28733374023437,9.074024200439453,-0.35913026332855225,2.8155810832977295
1789130173897325300,123.3033251953125,8.911218643188477,-0.14844051003456116,2.801215887069702
1789130173913320200,123.3193203125,8.96389102935791,-0.3447650372982025,2.8347349166870117
1789130173929318000,123.33531787109375,9.2033109664917,-0.35913026332855225,3.0166940689086914
1789130173945313500,123.3513134765625,9.232041358947754,-0.33039984107017517,2.6623523235321045
1789130173961301500,123.36730151367188,8.844181060791016,-0.2298433631658554,2.4899697303771973
1789130173985296600,123.39129663085937,8.78193187713623,-0.07661445438861847,2.7006595134735107
1789130174001292300,123.40729223632812,9.2033109664917,-0.4165911078453064,3.1076738834381104
1789130174017287400,123.42328735351562,9.797073364257812,-0.3687070608139038,2.868253707885742
1789130174033285000,123.43928515625,9.332598686218262,-0.2059013396501541,2.9544448852539062
1789130174049274400,123.4552744140625,8.56645393371582,-0.7086837291717529,2.8347349166870117
1789130174065263900,123.47126391601563,8.700529098510742,-0.31603461503982544,2.983175277709961
1789130174081255000,123.4872548828125,8.89685344696045,-0.12449848651885986,2.892195701599121
1789130174097247200,123.50324731445312,9.495404243469238,-0.2537853717803955,2.7772738933563232
1789130174113235500,123.5192353515625,9.117119789123535,-0.5410895943641663,2.935291290283203
1789130174129230000,123.53522998046876,9.026140213012695,-0.12928688526153564,2.7964274883270264
1789130174145221600,123.5512216796875,9.198522567749023,-0.5506663918495178,3.1938650608062744
1789130174161214500,123.56721435546875,9.069235801696777,-0.49320554733276367,3.0119056701660156
1789130174185205500,123.59120556640624,9.342175483703613,0,3.00711727142334
1789130174201198300,123.6071982421875,9.126696586608887,0.08619125932455063,3.0550012588500977
1789130174217191700,123.62319165039062,8.762778282165527,0.23942017555236816,3.093308687210083
1789130174233194500,123.63919458007813,9.141061782836914,0.2298433631658554,3.1747114658355713
1789130174249187300,123.65518725585937,8.892065048217773,0.1867477297782898,3.117250680923462
1789130174265179000,123.67117895507812,9.083600997924805,0.363918662071228,3.141192674636841
1789130174281175600,123.68717553710937,8.925583839416504,0.5650315880775452,3.07415509223938
1789130174297172000,123.703171875,9.246406555175781,0.6799532771110535,2.9544448852539062
1789130174313164000,123.7191640625,8.65743350982666,0.9624691009521484,3.2992098331451416
1789130174329154600,123.73515454101563,8.863334655761719,0.8140285611152649,3.3854012489318848
1789130174345151700,123.75115185546875,9.457097053527832,0.9097966551780701,3.318363666534424
1789130174361150500,123.767150390625,9.591172218322754,0.6320692300796509,2.5665841102600098
1789130174377154300,123.783154296875,8.595184326171875,0.49320554733276367,3.002328872680664
1789130174393156400,123.79915625,8.274360656738281,1.0247182846069336,3.0310592651367188
1789130174409163000,123.8151630859375,9.308655738830566,1.3215993642807007,3.5673606395721436
1789130174425168100,123.83116821289063,9.825803756713867,0.7709329724311829,3.3662476539611816
1789130174441165600,123.84716552734375,8.96389102935791,0.7757213711738586,3.0406360626220703
1789130174457156600,123.86315649414063,8.810662269592285,0.42616790533065796,2.873042106628418
1789130174473152000,123.87915209960937,8.686163902282715,0.689530074596405,3.184288263320923
1789130174489144600,123.89514453125,9.131484985351562,1.048660397529602,3.5721490383148193
1789130174505138000,123.91113793945313,9.581595420837402,1.1444283723831177,3.35667085647583
1789130174521138700,123.927138671875,9.955090522766113,1.2018892765045166,3.265691041946411
1789130174537139500,123.94313940429687,9.208099365234375,1.1540051698684692,3.2848446369171143
1789130174553137400,123.95913745117187,9.011775016784668,1.3551181554794312,3.026270866394043
1789130174569134300,123.97513427734376,8.96389102935791,1.6615760326385498,3.6727054119110107
1789130174585131800,123.9911318359375,9.433155059814453,1.6615760326385498,3.6774938106536865
1789130174601130000,124.0071298828125,10.232817649841309,1.900996208190918,3.706224203109741
1789130174617127200,124.02312719726562,9.959878921508789,1.8052281141281128,3.361459255218506
1789130174633122800,124.03912280273437,8.916007041931152,1.4700398445129395,3.5242648124694824
1789130174649121500,124.05512158203125,9.093177795410156,1.3215993642807007,3.533841609954834
1789130174665115600,124.07111572265624,8.887276649475098,1.37906014919281,3.9887399673461914
1789130174681105200,124.08710522460937,9.86889934539795,2.1787235736846924,2.9735984802246094
1789130174697093000,124.10309301757812,9.169792175292969,1.9776105880737305,3.8546648025512695
1789130174713084000,124.119083984375,9.782708168029785,0.8140285611152649,3.337517261505127
1789130174729079600,124.13507958984376,9.696516990661621,0.44532153010368347,3.663128614425659
1789130174745074200,124.15107421875,9.361329078674316,1.4317326545715332,2.75812029838562
1789130174761075700,124.16707568359375,8.164227485656738,1.455674648284912,3.0550012588500977
1789130174785073400,124.19107348632812,8.939949035644531,1.4748282432556152,3.0166940689086914
1789130174801073700,124.20707373046875,9.23682975769043,1.4317326545715332,3.4141316413879395
1789130174817072400,124.223072265625,9.169792175292969,1.800439715385437,3.6296098232269287
1789130174833069600,124.23906958007812,9.38048267364502,1.7190368175506592,2.9448680877685547
1789130174849066000,124.25506591796875,8.547300338745117,1.0965443849563599,2.9017724990844727
1789130174865055500,124.27105541992188,8.738836288452148,1.2306196689605713,3.1699230670928955
1789130174881042400,124.28704248046876,8.911218643188477,1.5658079385757446,3.4572272300720215
1789130174897035000,124.30303491210938,9.524134635925293,1.8387469053268433,3.251325845718384
1789130174913033000,124.31903295898438,9.437943458557129,1.7908629179000854,3.35667085647583
1789130174929031000,124.33503100585938,8.959102630615234,1.5849615335464478,3.0166940689086914
1789130174945022700,124.35102270507812,8.939949035644531,1.766920804977417,3.2178070545196533
1789130174961020700,124.36702075195312,8.791508674621582,1.9584569931030273,3.4524388313293457
1789130174977014300,124.38301416015625,9.907206535339355,1.656787633895874,3.821146011352539
1789130174992999400,124.39899951171876,10.02691650390625,1.5658079385757446,3.8115692138671875
1789130175008990000,124.41498999023437,9.897629737854004,1.4460978507995605,3.8594532012939453
1789130175024984800,124.43098486328125,10.103530883789062,1.7764976024627686,3.1747114658355713
1789130175040976400,124.44697631835938,9.02135181427002,1.9584569931030273,3.375824451446533
1789130175056966100,124.46296606445313,8.192957878112793,1.944091796875,3.5913026332855225
1789130175072955400,124.47895532226562,9.921571731567383,2.183511972427368,3.734954595565796
1789130175088947000,124.49494702148438,10.362105369567871,2.0638017654418945,3.974374771118164
1789130175104938200,124.51093823242188,10.357316970825195,1.9057846069335938,3.7828385829925537
1789130175120931800,124.52693188476563,9.385271072387695,2.2218191623687744,3.44765043258667
1789130175136927700,124.542927734375,8.518569946289062,2.22660756111145,3.4380736351013184
1789130175152923400,124.55892333984374,8.901641845703125,2.3271639347076416,4.003105163574219
1789130175168916200,124.57491625976563,9.706093788146973,2.868253707885742,3.667917013168335
1789130175184911600,124.59091162109375,9.423578262329102,2.849100112915039,3.5482068061828613
1789130175200906000,124.60690600585937,9.160215377807617,2.557007312774658,3.318363666534424
1789130175216904700,124.62290478515625,9.222464561462402,2.7916390895843506,3.375824451446533
1789130175232902400,124.63890234375,9.069235801696777,2.5330653190612793,3.2561142444610596
1789130175248904400,124.65490454101563,8.83939266204834,2.715024709701538,3.318363666534424
1789130175264907500,124.67090747070313,9.14585018157959,2.691082715988159,3.1268274784088135
1789130175280907800,124.68690771484376,9.102754592895508,2.8395233154296875,2.7724854946136475
1789130175296903200,124.70290307617188,9.217676162719727,2.8634653091430664,3.002328872680664
1789130175312898800,124.71889892578125,9.543288230895996,3.07415509223938,2.849100112915039
1789130175328897500,124.7348974609375,8.916007041931152,3.404554843902588,3.251325845718384
1789130175344896300,124.75089624023437,9.121908187866211,2.9448680877685547,2.868253707885742
1789130175360894700,124.76689477539063,9.390059471130371,2.868253707885742,3.3949780464172363
1789130175376893000,124.78289282226562,9.979032516479492,2.691082715988159,3.308786630630493
1789130175400889900,124.80688989257813,10.20887565612793,2.470816135406494,2.5953147411346436
1789130175416885800,124.8228857421875,9.725247383117676,2.557007312774658,3.7924153804779053
1789130175432886000,124.83888598632812,9.495404243469238,2.676717519760132,3.667917013168335
1789130175448884700,124.854884765625,10.515334129333496,3.1507694721221924,3.44765043258667
1789130175464883200,124.87088330078124,10.338163375854492,2.5282769203186035,3.3949780464172363
1789130175480883500,124.88688354492187,10.261548042297363,1.8531121015548706,3.308786630630493
1789130175496882000,124.9028818359375,10.682928085327148,2.652775526046753,2.9305028915405273
1789130175520879600,124.92687963867188,10.539276123046875,2.3798365592956543,3.270479440689087
1789130175536875800,124.94287573242187,11.425130844116211,2.4420857429504395,3.44765043258667
1789130175552873500,124.95887353515624,10.319009780883789,1.7573440074920654,3.5242648124694824
1789130175568868600,124.97486865234374,9.940725326538086,2.2697031497955322,3.5913026332855225
1789130175584869400,124.99086938476563,10.285490036010742,3.270479440689087,2.762908697128296
1789130175600870400,125.00687036132813,10.031704902648926,2.9879636764526367,3.7014358043670654
1789130175616866600,125.02286645507813,10.855310440063477,1.5658079385757446,3.0406360626220703
1789130175632859600,125.03885961914062,11.21444034576416,2.786850690841675,1.886630892753601
1789130175648854300,125.05485424804688,9.246406555175781,2.231395959854126,2.8203697204589844
1789130175664851200,125.07085131835937,9.44752025604248,2.5665841102600098,2.3367409706115723
1789130175680851700,125.08685180664062,9.950302124023438,3.2800562381744385,1.9057846069335938
1789130175696851000,125.10285083007813,9.701305389404297,3.294421434402466,1.9345149993896484
1789130175712849700,125.118849609375,9.188945770263672,3.399766445159912,1.8195933103561401
1789130175728852200,125.13485229492187,10.213664054870605,3.2082302570343018,1.3742717504501343
1789130175744852000,125.15085205078125,9.835380554199219,2.652775526046753,1.800439715385437
1789130175760848000,125.16684790039062,9.485827445983887,2.456450939178467,1.8770540952682495
1789130175776844000,125.18284399414063,10.232817649841309,2.8155810832977295,1.0678139925003052
1789130175792841000,125.19884106445312,9.093177795410156,3.0119056701660156,1.1300631761550903
1789130175808833000,125.2148330078125,8.609549522399902,3.0119056701660156,1.3215993642807007
1789130175824831500,125.23083154296874,9.911994934082031,2.7772738933563232,0.545877993106842
1789130175840827100,125.2468271484375,8.7484130859375,2.762908697128296,1.455674648284912
1789130175856825600,125.26282568359375,9.916783332824707,2.6384103298187256,0.646434485912323
1789130175872818000,125.27881787109375,10.180145263671875,2.212242364883423,0.31603461503982544
1789130175888808400,125.29480834960937,8.068459510803223,2.4181437492370605,2.006340980529785
1789130175904801000,125.31080102539063,10.481815338134766,2.3750481605529785,0.06703764945268631
1789130175920787200,125.326787109375,10.103530883789062,2.47560453414917,1.158793568611145
1789130175936774400,125.3427744140625,8.968679428100586,2.7437551021575928,1.4269442558288574
1789130175952766700,125.3587666015625,10.673351287841797,2.628833532333374,0.3256114423274994
1789130175968760800,125.3747607421875,8.93037223815918,2.2218191623687744,0.7326257228851318
1789130175984754200,125.39075415039062,8.518569946289062,2.6862943172454834,1.2018892765045166
1789130176000746000,125.40674609375,10.309432983398438,2.5953147411346436,0.7182605266571045
1789130176016737800,125.42273779296875,9.045293807983398,2.6192567348480225,1.316810965538025
1789130176032725500,125.4387255859375,9.457097053527832,2.8203697204589844,0.6224924325942993
1789130176048715500,125.45471557617188,9.57201862335205,2.695871114730835,1.0773907899856567
1789130176064707000,125.47070703125,9.327810287475586,2.8347349166870117,1.1109095811843872
1789130176080699100,125.48669921875,9.768342971801758,2.959233283996582,1.1109095811843872
1789130176096694800,125.50269482421875,9.198522567749023,2.935291290283203,1.656787633895874
1789130176112688600,125.51868872070312,9.940725326538086,3.3854012489318848,1.259350061416626
1789130176128688000,125.53468823242187,9.567230224609375,3.3423056602478027,1.1061211824417114
1789130176144691700,125.55069165039062,9.442731857299805,2.7772738933563232,1.2737152576446533
1789130176160694000,125.56669409179688,10.304644584655762,3.0597896575927734,1.3503297567367554
1789130176176698400,125.58269848632813,10.017339706420898,2.7102363109588623,1.1204863786697388
1789130176192696300,125.5986962890625,9.500192642211914,3.179499864578247,1.6280571222305298
1789130176208695000,125.61469506835938,10.180145263671875,3.3854012489318848,1.3120225667953491
1789130176224693000,125.63069287109376,9.557653427124023,3.136404275894165,1.6615760326385498
1789130176240691000,125.64669091796875,10.141838073730469,3.2992098331451416,1.2114660739898682
1789130176256694000,125.66269409179688,10.012551307678223,3.2561142444610596,0.9481038451194763
1789130176272691200,125.67869116210937,9.873687744140625,3.141192674636841,1.2880805730819702
1789130176288686300,125.69468627929687,10.132261276245117,3.4189200401306152,1.158793568611145
1789130176304678000,125.71067797851562,9.821015357971191,3.069366693496704,1.292868971824646
1789130176320674600,125.72667456054687,9.682151794433594,3.0837318897247314,1.235408067703247
1789130176336678700,125.7426787109375,9.806650161743164,3.246537446975708,1.139639973640442
1789130176352682200,125.75868212890624,9.873687744140625,2.762908697128296,0.7852981686592102
1789130176368679700,125.7746796875,10.046070098876953,2.8586769104003906,1.0295066833496094
1789130176384676900,125.7906767578125,10.251971244812012,2.078166961669922,0.6512228846549988
1789130176400675300,125.80667529296875,9.768342971801758,2.47560453414917,0.9624691009521484
1789130176416670000,125.822669921875,10.070012092590332,3.141192674636841,0.7948749661445618
1789130176432671000,125.8386708984375,10.218452453613281,2.7724854946136475,0.9145850539207458
1789130176448669400,125.85466943359376,10.036493301391602,2.8395233154296875,0.42616790533065796
1789130176464661500,125.87066162109375,9.299078941345215,2.6192567348480225,1.1013327836990356
1789130176480656600,125.88665673828125,9.624691009521484,2.255337953567505,0.363918662071228
1789130176496651500,125.90265161132812,10.18493366241455,1.9297266006469727,0.608127236366272
1789130176512647200,125.91864721679687,10.702081680297852,2.10210919380188,1.2497732639312744
1789130176528644600,125.93464453125,11.21444034576416,1.9919757843017578,1.3646949529647827
1789130176544641800,125.95064184570313,10.764330863952637,1.5083470344543457,0.6991068720817566
1789130176560640000,125.96663989257813,9.050082206726074,1.3982137441635132,0.5506663918495178
1789130176576643800,125.98264379882812,9.888052940368652,1.9919757843017578,0.2346317619085312
1789130176592642000,125.99864208984376,9.849745750427246,2.0207061767578125,0.8571242094039917
1789130176608647700,126.01464770507812,10.002974510192871,1.6759412288665771,0.9672574996948242
1789130176624644900,126.03064477539063,10.122684478759766,1.1971008777618408,1.3934253454208374
1789130176640643800,126.04664379882813,10.127472877502441,1.1252747774124146,0.6512228846549988
1789130176656645400,126.06264526367187,9.370905876159668,1.742978811264038,0.181959331035614
1789130176672642300,126.07864233398438,8.33182144165039,1.647210717201233,-0.023942016065120697
1789130176688635600,126.0946357421875,9.2033109664917,2.03507137298584,0.7709329724311829
1789130176704632300,126.11063232421876,11.008539199829102,1.2497732639312744,1.091755986213684
1789130176720625400,126.12662548828125,10.788272857666016,1.5418659448623657,0.7757213711738586
1789130176736619800,126.14261987304687,10.031704902648926,1.50355863571167,0.8427590131759644
1789130176752613600,126.15861352539062,9.069235801696777,1.4652514457702637,0.3926490843296051
1789130176768604700,126.17460473632812,9.404424667358398,1.4939818382263184,-0.06224924325942993
1789130176784594200,126.19059423828125,9.121908187866211,1.766920804977417,0.31124621629714966
1789130176800583200,126.20658325195312,8.494627952575684,1.8818424940109253,0.21547815203666687
1789130176824571000,126.23057080078125,9.370905876159668,0.9816226959228516,1.359906554222107
1789130176840563200,126.24656323242188,10.56800651550293,1.4652514457702637,0.1149216815829277
1789130176856553500,126.26255346679687,9.964667320251465,1.0295066833496094,0.42616790533065796
1789130176872540700,126.27854077148437,9.806650161743164,1.2641384601593018,0.7182605266571045
1789130176888530400,126.29453051757812,8.916007041931152,1.6903064250946045,1.3024457693099976
1789130176904525300,126.310525390625,9.77791976928711,1.3934253454208374,0.42616790533065796
1789130176920523000,126.32652294921876,9.864110946655273,1.2880805730819702,1.0247182846069336
1789130176936522200,126.34252221679688,10.180145263671875,0.9576807022094727,0.8092401623725891
1789130176952521200,126.35852124023438,10.812214851379395,0.9433154463768005,0.5315127968788147
1789130176968516000,126.37451611328125,10.204087257385254,0.8523358106613159,1.2210428714752197
1789130176984506600,126.39050659179688,9.495404243469238,1.7094600200653076,0.8667010068893433
1789130177000504300,126.40650439453125,9.30386734008789,1.072602391242981,0.7422025203704834
1789130177016495400,126.42249536132813,10.156203269958496,0.5171475410461426,0.9768342971801758
1789130177032491300,126.4384912109375,10.5344877243042,1.316810965538025,1.1061211824417114
1789130177048486100,126.45448608398438,11.109095573425293,1.091755986213684,0.9481038451194763
1789130177064479700,126.47047973632813,9.830592155456543,0.6512228846549988,0.5506663918495178
1789130177080471300,126.48647119140625,8.614337921142578,1.1875240802764893,1.2449848651885986
1789130177104461000,126.5104609375,10.400412559509277,1.072602391242981,0.9050082564353943
1789130177120455400,126.52645532226562,9.883264541625977,1.335964560508728,1.9776105880737305
1789130177136448000,126.54244799804688,10.884040832519531,0.9624691009521484,-0.17238251864910126
1789130177152447000,126.55844702148437,9.327810287475586,0.06224924325942993,1.2689268589019775
1789130177168445400,126.57444555664063,10.304644584655762,1.072602391242981,0.9050082564353943
1789130177184435500,126.590435546875,11.736376762390137,1.3263877630233765,0.24899697303771973
1789130177200428000,126.60642797851563,10.496180534362793,1.1492167711257935,1.3120225667953491
1789130177216419800,126.622419921875,9.59596061706543,1.173158884048462,1.7860745191574097
1789130177232410600,126.63841064453125,11.013327598571777,0.6033388376235962,0.689530074596405
1789130177248403500,126.65440356445312,9.854534149169922,0.9385270476341248,1.0534487962722778
1789130177264401400,126.6704013671875,10.285490036010742,1.1971008777618408,0.6751648783683777
1789130177280408300,126.686408203125,10.802638053894043,0.9624691009521484,0.19153612852096558
1789130177296411000,126.70241088867188,9.337387084960938,1.015141487121582,1.1204863786697388
1789130177312407800,126.71840771484375,9.461885452270508,1.455674648284912,1.4987702369689941
1789130177328403500,126.73440356445313,10.74996566772461,0.9002198576927185,-0.26336219906806946
1789130177344397000,126.75039697265625,9.41400146484375,0.9241618514060974,0.7996633648872375
1789130177360395500,126.7663955078125,9.016563415527344,2.0207061767578125,0.8810662031173706
1789130177376392700,126.78239282226562,9.543288230895996,1.292868971824646,0.9672574996948242
1789130177392388600,126.798388671875,10.797849655151367,1.0247182846069336,0.6560112833976746
1789130177408388600,126.814388671875,10.070012092590332,1.5705963373184204,1.8052281141281128
1789130177424386600,126.83038647460937,10.702081680297852,0.7996633648872375,0.6799532771110535
1789130177440387300,126.84638720703126,10.472238540649414,0.9864110946655273,0.9145850539207458
1789130177456381000,126.862380859375,9.99339771270752,1.6519991159439087,0.5937620401382446
1789130177472374800,126.87837475585937,10.113107681274414,0.5267243981361389,0.6703764796257019
1789130177488375000,126.894375,10.304644584655762,1.1540051698684692,1.0678139925003052
1789130177504376000,126.9103759765625,9.983820915222168,1.5849615335464478,0.8667010068893433
1789130177520372000,126.9263720703125,10.041281700134277,1.0965443849563599,0.6512228846549988
1789130177536369000,126.94236889648438,9.768342971801758,1.3838485479354858,1.0199298858642578
1789130177552362000,126.95836206054688,9.457097053527832,1.9345149993896484,0.9145850539207458
1789130177568354300,126.97435424804688,9.672574996948242,1.3311761617660522,0.8906430602073669
1789130177584345000,126.99034497070312,9.715670585632324,1.1683704853057861,0.6368576288223267
1789130177600341200,127.00634130859375,9.433155059814453,1.7142484188079834,1.192312479019165
1789130177616338400,127.02233837890626,9.62947940826416,1.4748282432556152,0.5841852426528931
1789130177632330000,127.038330078125,9.375694274902344,1.8387469053268433,0.9050082564353943
1789130177648323300,127.0543232421875,9.548076629638672,1.1300631761550903,0.8667010068893433
1789130177664315000,127.07031494140625,9.988609313964844,1.4413094520568848,0.7661445140838623
1789130177680302800,127.086302734375,9.428366661071777,1.3551181554794312,0.9097966551780701
1789130177696299300,127.10229931640625,9.461885452270508,1.0582371950149536,0.5937620401382446
1789130177712302300,127.11830224609375,9.567230224609375,0.3878606855869293,0.7422025203704834
1789130177728306400,127.13430639648438,9.423578262329102,0.6320692300796509,0.8427590131759644
1789130177744306000,127.15030590820312,9.217676162719727,1.278503656387329,0.8858546018600464
1789130177760299300,127.16629931640625,9.308655738830566,0.5219359993934631,0.8475474119186401
1789130177776292400,127.18229223632812,9.57201862335205,0.7182605266571045,0.6751648783683777
1789130177792280800,127.19828076171875,8.973467826843262,0.646434485912323,0.8858546018600464
1789130177808275500,127.214275390625,9.86889934539795,0.5219359993934631,0.6129156351089478
1789130177824268000,127.23026806640625,9.62947940826416,0.7948749661445618,1.4413094520568848
1789130177840259800,127.246259765625,10.002974510192871,0.3687070608139038,1.0055646896362305
1789130177856255200,127.26225512695312,9.524134635925293,0.33039984107017517,0.8523358106613159
1789130177872247800,127.27824780273437,8.863334655761719,0.6320692300796509,1.0438719987869263
1789130177888243200,127.2942431640625,9.677363395690918,0.3734954595565796,0.9481038451194763
1789130177904242000,127.31024194335937,9.744400978088379,0.33039984107017517,0.6272808313369751
1789130177920244700,127.32624462890625,9.840168952941895,-0.26815059781074524,1.2210428714752197
1789130177936238600,127.34223852539063,10.721235275268555,0.2825157940387726,1.0534487962722778
1789130177952235800,127.35823583984374,10.132261276245117,-0.2106897532939911,0.8571242094039917
1789130177968235000,127.37423510742188,9.68694019317627,-0.19632454216480255,1.0869675874710083
1789130177984228900,127.39022875976562,10.199298858642578,-0.21547815203666687,0.5363011956214905
1789130178000228000,127.40622802734374,10.122684478759766,-0.3687070608139038,0.7852981686592102
1789130178016222700,127.42222265625,10.390835762023926,-0.16759411990642548,0.9720458984375
1789130178032216000,127.43821606445313,10.146626472473145,-0.33518823981285095,0.9672574996948242
1789130178048207600,127.45420751953125,9.821015357971191,-0.363918662071228,0.7134721279144287
1789130178064206000,127.4702060546875,9.418789863586426,-0.2346317619085312,0.7757213711738586
1789130178080206300,127.48620629882812,10.098742485046387,-0.21547815203666687,0.7182605266571045
1789130178096210700,127.50221069335937,10.524910926818848,-0.507570743560791,1.1348515748977661
1789130178112209000,127.518208984375,10.342951774597168,-0.4884171485900879,1.4508862495422363
1789130178128204500,127.53420458984375,9.873687744140625,-0.9864110946655273,0.9433154463768005
1789130178144203800,127.55020385742188,10.132261276245117,-0.35913026332855225,1.1348515748977661
1789130178160204000,127.5662041015625,9.643844604492188,-0.009576806798577309,0.8331822156906128
1789130178176202500,127.58220239257813,8.815450668334961,-0.10055647045373917,1.522712230682373
1789130178200203000,127.606203125,10.888829231262207,-0.2585737705230713,0.9241618514060974
1789130178216204800,127.62220483398437,10.582371711730957,-0.7996633648872375,1.2976573705673218
1789130178232202000,127.63820190429688,9.883264541625977,-0.5554547905921936,1.1109095811843872
1789130178248195600,127.65419555664063,10.405200958251953,-1.1061211824417114,0.5506663918495178
1789130178264186000,127.67018603515625,10.007762908935547,0.09576806426048279,1.0438719987869263
1789130178280178400,127.68617846679687,9.892841339111328,0.7996633648872375,1.2066776752471924
1789130178296174300,127.70217431640626,10.180145263671875,-0.6177040338516235,0.5985504388809204
1789130178312170800,127.71817065429687,9.38048267364502,-0.6368576288223267,1.6759412288665771
1789130178328164600,127.73416455078124,10.261548042297363,0.31603461503982544,1.2880805730819702
1789130178344163800,127.75016381835937,10.156203269958496,0.3495534360408783,1.403002142906189
1789130178360163300,127.76616333007813,10.070012092590332,-0.5602431893348694,0.9241618514060974
1789130178376162300,127.78216235351563,10.41956615447998,0.4213795065879822,1.2689268589019775
1789130178392152800,127.79815283203125,9.38048267364502,0.35434186458587646,1.1875240802764893
1789130178408152000,127.81415209960937,9.394847869873047,0.11013327538967133,1.4077905416488647
1789130178424152800,127.83015283203125,9.99339771270752,0.3878606855869293,1.7525556087493896
1789130178448150800,127.85415087890625,10.63504409790039,-0.363918662071228,0.6991068720817566
1789130178464146700,127.87014672851562,9.524134635925293,-0.11013327538967133,0.9911994934082031
1789130178480148200,127.88614819335938,10.113107681274414,-0.6177040338516235,0.8954314589500427
1789130178496149200,127.90214916992187,10.639832496643066,-0.47405192255973816,1.4413094520568848
1789130178512146700,127.91814672851562,10.1753568649292,-0.15801730751991272,1.0007762908935547
1789130178528144000,127.93414379882813,9.57201862335205,-0.5267243981361389,1.800439715385437
1789130178544138200,127.95013818359375,9.68694019317627,-0.33997663855552673,1.522712230682373
1789130178560136700,127.96613671875,9.351752281188965,-0.35913026332855225,1.6711528301239014
1789130178576136400,127.98213647460938,10.017339706420898,-0.5267243981361389,1.968033790588379
1789130178592134700,127.998134765625,9.749189376831055,-0.37828385829925537,1.7525556087493896
1789130178616114700,128.02211474609376,9.830592155456543,0.507570743560791,2.1978771686553955
1789130178632105700,128.03810571289063,9.174580574035645,-0.3064578175544739,1.920149803161621
1789130178648101000,128.05410107421875,8.848969459533691,-0.49320554733276367,1.7381904125213623
1789130178664095500,128.07009545898438,8.939949035644531,0.6991068720817566,2.5953147411346436
1789130178680089600,128.08608959960938,9.57201862335205,0.646434485912323,2.006340980529785
1789130178696089600,128.10208959960937,9.184157371520996,0.4836287498474121,2.3702597618103027
1789130178712082000,128.11808203125,9.030928611755371,0.17238251864910126,2.580949544906616
1789130178728077300,128.13407739257812,8.87291145324707,0.2059013396501541,2.3750481605529785
1789130178744074500,128.15007446289061,8.743624687194824,0.363918662071228,2.5713725090026855
1789130178760067600,128.16606762695312,9.17936897277832,-0.028730420395731926,2.5043349266052246
1789130178776064300,128.18206420898437,9.59596061706543,-0.3926490843296051,2.6192567348480225
1789130178792058600,128.19805859375,9.217676162719727,-0.3878606855869293,2.734178304672241
1789130178808054000,128.21405395507813,9.423578262329102,-0.12449848651885986,2.782062292098999
1789130178824052700,128.230052734375,9.806650161743164,-0.45489832758903503,2.6623523235321045
1789130178840055000,128.24605493164063,9.117119789123535,-0.7613561153411865,2.499546527862549
1789130178856054000,128.26205395507813,9.275136947631836,-0.33997663855552673,2.3511061668395996
1789130178872051200,128.27805126953126,10.022128105163574,0.38307225704193115,3.0837318897247314
1789130178888044300,128.29404418945313,10.788272857666016,-1.139639973640442,2.762908697128296
1789130178904040700,128.31004077148438,9.404424667358398,-1.2114660739898682,2.006340980529785
1789130178920041500,128.32604150390625,9.174580574035645,-1.2641384601593018,2.2697031497955322
1789130178936043000,128.34204296875,9.17936897277832,-0.7374141216278076,3.098097085952759
1789130178952044800,128.358044921875,10.098742485046387,-1.6424223184585571,2.75812029838562
1789130178968045600,128.37404565429688,9.155426979064941,-1.5705963373184204,2.7485435009002686
1789130178984043500,128.39004345703125,9.931148529052734,-1.3120225667953491,3.160346269607544
1789130179000045800,128.4060458984375,10.02691650390625,-1.278503656387329,2.279279947280884
1789130179016046000,128.42204614257813,9.2033109664917,-1.1444283723831177,3.361459255218506
1789130179032049400,128.43804931640625,9.045293807983398,-1.0247182846069336,2.978386878967285
1789130179048056800,128.45405688476563,9.193734169006348,-1.2880805730819702,2.3367409706115723
1789130179064059400,128.47005932617188,8.772355079650879,-0.2106897532939911,3.0119056701660156
1789130179080062200,128.48606225585937,8.920795440673828,-0.37828385829925537,3.2082302570343018
1789130179096057600,128.5020576171875,9.624691009521484,-1.4221558570861816,2.1116859912872314
1789130179112049000,128.518048828125,7.795520782470703,-1.0678139925003052,2.7533318996429443
1789130179128041700,128.5340417480469,9.016563415527344,-0.1867477297782898,2.940079689025879
1789130179144033500,128.55003344726563,9.366117477416992,-0.7709329724311829,3.0406360626220703
1789130179160027400,128.56602734375,8.542511940002441,-1.6663644313812256,2.9544448852539062
1789130179176021500,128.582021484375,8.2312650680542,0.29209262132644653,3.6727054119110107
1789130179192013300,128.59801342773437,9.696516990661621,0.2825157940387726,3.318363666534424
1789130179208011000,128.6140109863281,8.192957878112793,-1.2258312702178955,2.006340980529785
1789130179224008200,128.63000830078124,8.068459510803223,-0.3256114423274994,4.663905143737793
1789130179240004900,128.6460048828125,9.763554573059082,0.2106897532939911,3.845088005065918
1789130179255999500,128.66199951171876,8.911218643188477,-1.259350061416626,3.2369606494903564
1789130179271996200,128.67799609375,8.403648376464844,-1.900996208190918,4.036623954772949
1789130179287996000,128.69399584960937,9.797073364257812,-1.2545616626739502,4.194641590118408
1789130179303992600,128.70999267578125,8.542511940002441,-1.3982137441635132,4.242525577545166
1789130179319995400,128.72599536132813,8.197746276855469,-1.0869675874710083,4.2951979637146
1789130179336000000,128.742,8.480262756347656,0.28730419278144836,5.2911858558654785
1789130179352001500,128.75800146484374,9.074024200439453,-0.9193734526634216,4.132391929626465
1789130179368004600,128.77400463867187,8.542511940002441,-0.4836287498474121,5.224148273468018
1789130179384006700,128.79000659179687,8.719682693481445,-0.7613561153411865,4.639962673187256
1789130179399995600,128.80599560546875,7.785943984985352,-0.004788403399288654,4.491522312164307
1789130179415987700,128.82198779296874,7.948749542236328,-0.11013327538967133,5.262455463409424
1789130179431977700,128.83797778320312,9.361329078674316,-0.6416460275650024,5.57370138168335
1789130179447971300,128.85397143554687,9.23682975769043,-0.8379706144332886,5.765237808227539
1789130179463967500,128.86996752929687,8.508993148803711,-0.9528923034667969,5.5976433753967285
1789130179479964200,128.88596411132812,8.437167167663574,-0.023942016065120697,4.917690277099609
1789130179495954400,128.90195434570313,8.820239067077637,-0.9720458984375,6.01423454284668
1789130179511944700,128.91794482421875,9.174580574035645,-0.019153613597154617,5.185841083526611
1789130179527935500,128.933935546875,10.070012092590332,0.7326257228851318,5.07570743560791
1789130179543927600,128.9499274902344,8.848969459533691,-0.13407529890537262,5.272032260894775
1789130179559920000,128.96592016601562,8.513781547546387,-0.3734954595565796,5.185841083526611
1789130179575906600,128.98190649414062,8.006210327148438,0.15801730751991272,5.674258232116699
1789130179591895800,128.99789575195314,8.772355079650879,-0.14365209639072418,5.784391403198242
1789130179615877400,129.02187744140625,9.715670585632324,-0.363918662071228,4.764461517333984
1789130179631866600,129.03786669921874,8.216899871826172,-0.45489832758903503,5.233725070953369
1789130179655849700,129.061849609375,8.767566680908203,-0.22505496442317963,5.477933406829834
1789130179671837200,129.07783715820312,8.327033042907715,-1.6950948238372803,4.821922302246094
1789130179687825400,129.09382543945313,7.891288757324219,-0.17238251864910126,4.663905143737793
1789130179703814000,129.10981396484374,8.451532363891602,-0.646434485912323,4.395754337310791
1789130179719801900,129.1258017578125,8.370129585266113,-1.0965443849563599,5.066130638122559
1789130179735791400,129.14179125976563,7.8098859786987305,-0.9481038451194763,5.319916248321533
1789130179751781600,129.15778173828124,8.183381080627441,-0.23942017555236816,5.367800235748291
1789130179767774500,129.1737744140625,8.801085472106934,0.9720458984375,4.855441093444824
1789130179783767300,129.18976733398438,7.771578788757324,-0.272938996553421,5.506663799285889
1789130179799762400,129.20576245117186,8.99740982055664,-0.871489405632019,4.95120906829834
1789130179815754200,129.22175415039064,9.002198219299316,0.7422025203704834,4.9799394607543945
1789130179831741200,129.2377412109375,7.90086555480957,-1.0821791887283325,5.099649429321289
1789130179847727400,129.25372729492187,8.250418663024902,-0.8810662031173706,4.60165548324585
1789130179863720200,129.26972021484374,8.269572257995605,-0.8810662031173706,5.17626428604126
1789130179879712800,129.28571264648437,7.412448406219482,-0.4884171485900879,5.501875400543213
1789130179895707000,129.30170678710937,8.250418663024902,-0.9433154463768005,5.152322292327881
1789130179911701000,129.31770092773436,8.106766700744629,-0.49320554733276367,5.928043365478516
1789130179927700200,129.3337001953125,8.508993148803711,-0.5171475410461426,5.918466567993164
1789130179943699500,129.3496994628906,8.614337921142578,-0.9097966551780701,5.635950565338135
1789130179959697700,129.36569775390626,7.934384346008301,-0.6129156351089478,4.639962673187256
1789130179975693000,129.38169311523438,8.054094314575195,-0.8092401623725891,5.4444146156311035
1789130179991693300,129.397693359375,9.528923034667969,-0.9289502501487732,5.635950565338135
1789130180007689200,129.41368920898438,8.034940719604492,0.09576806426048279,5.717353820800781
1789130180023684600,129.4296845703125,8.40843677520752,-0.5171475410461426,5.846640586853027
1789130180039680000,129.44567993164063,8.700529098510742,-0.7038952708244324,6.392518520355225
1789130180055667500,129.46166748046875,9.169792175292969,-0.33039984107017517,5.4013190269470215
1789130180071658800,129.47765869140625,8.868123054504395,-0.45489832758903503,5.382165431976318
1789130180087650800,129.49365087890624,9.32302188873291,-0.7134721279144287,5.540182590484619
1789130180103640800,129.5096408691406,9.246406555175781,-0.8667010068893433,5.4252610206604
1789130180119631600,129.52563159179687,8.33182144165039,-0.9528923034667969,5.856217384338379
1789130180135623000,129.54162280273437,9.279925346374512,-0.15801730751991272,5.564124584197998
1789130180151617500,129.55761743164064,8.130708694458008,-0.038307227194309235,5.51624059677124
1789130180167604500,129.5736044921875,8.815450668334961,-0.14844051003456116,5.693411827087402
1789130180183591700,129.589591796875,10.204087257385254,0.2825157940387726,5.099649429321289
1789130180199580000,129.60557983398436,8.518569946289062,-0.23942017555236816,4.434061527252197
1789130180215567600,129.62156762695312,7.632715225219727,-0.35434186458587646,4.730942726135254
1789130180231559000,129.63755883789062,9.648633003234863,0.16759411990642548,5.013458251953125
1789130180247551500,129.65355151367189,8.877699851989746,0.363918662071228,5.142745018005371
1789130180263542000,129.6695419921875,9.193734169006348,0.3734954595565796,5.094861030578613
1789130180279535000,129.68553515625,9.193734169006348,0.5841852426528931,5.1810526847839355
1789130180295526400,129.7015263671875,8.609549522399902,-0.3687070608139038,4.764461517333984
1789130180311517400,129.71751733398438,9.481039047241211,-0.2777273952960968,3.4524388313293457
1789130180327511300,129.73351123046876,8.307879447937012,-0.4357447028160095,4.213795185089111
1789130180343505700,129.74950561523437,8.638279914855957,0.2106897532939911,5.018246650695801
1789130180359493600,129.76549365234376,9.394847869873047,0.38307225704193115,4.304774761199951
1789130180375476200,129.78147631835938,8.40843677520752,0.043095629662275314,4.7405195236206055
1789130180391463200,129.79746313476562,8.724471092224121,0.26336219906806946,4.1611223220825195
1789130180407448600,129.81344848632813,9.260771751403809,0.22026655077934265,4.309563159942627
1789130180423433200,129.82943310546875,8.724471092224121,-0.6607996821403503,4.438849925994873
1789130180439421000,129.8454208984375,8.710105895996094,-0.07182604819536209,4.376600742340088
1789130180455405800,129.86140576171874,7.891288757324219,-0.090979665517807,4.496310710906982
1789130180471394600,129.87739453125,8.197746276855469,-0.5650315880775452,4.764461517333984
1789130180487387600,129.8933876953125,9.227252960205078,-0.1867477297782898,4.548983097076416
1789130180503381800,129.9093818359375,9.308655738830566,-0.9050082564353943,4.242525577545166
1789130180519375000,129.925375,9.002198219299316,-0.9576807022094727,4.194641590118408
1789130180535365000,129.941365234375,8.604761123657227,-0.7613561153411865,4.055777549743652
1789130180551357000,129.95735693359376,8.164227485656738,-0.1867477297782898,4.793191909790039
1789130180567347700,129.97334765625,8.729259490966797,-0.038307227194309235,4.730942726135254
1789130180583338800,129.9893388671875,9.030928611755371,0.19632454216480255,4.223371982574463
1789130180599326500,130.00532641601563,9.107542991638184,-0.37828385829925537,4.079719543457031
1789130180615316700,130.02131665039062,9.21288776397705,-1.1300631761550903,4.1611223220825195
1789130180631307000,130.03730712890626,8.307879447937012,-0.9433154463768005,4.0749311447143555
1789130180647297300,130.05329736328125,8.111555099487305,-0.6991068720817566,4.955997467041016
1789130180663291400,130.06929150390624,8.786720275878906,-0.42616790533065796,4.970362663269043
1789130180679285200,130.08528515625,9.27034854888916,-0.4405331015586853,4.759673118591309
1789130180695274800,130.10127465820312,9.08838939666748,-0.4836287498474121,3.9456443786621094
1789130180711268900,130.11726879882812,8.695740699768066,-0.40222588181495667,4.079719543457031
1789130180727263700,130.133263671875,8.422801971435547,-0.8475474119186401,3.7924153804779053
1789130180743262500,130.14926245117186,8.312667846679688,-0.3016694188117981,4.8602294921875
1789130180759255600,130.16525561523437,9.026140213012695,0.5027823448181152,4.563348293304443
1789130180775254300,130.18125415039063,8.542511940002441,0.17717093229293823,4.41969633102417
1789130180791255300,130.19725537109375,9.006986618041992,-1.0438719987869263,4.122815132141113
1789130180807257300,130.21325732421874,8.293514251708984,-0.363918662071228,4.098873138427734
1789130180823249000,130.22924877929688,8.53293514251709,0.090979665517807,4.381389141082764
1789130180839235300,130.2452353515625,8.911218643188477,0.14365209639072418,4.879383087158203
1789130180855223300,130.26122338867188,8.111555099487305,-0.2825157940387726,4.23773717880249
1789130180871213300,130.27721337890625,9.782708168029785,-0.12449848651885986,3.9169139862060547
1789130180887203000,130.293203125,9.442731857299805,-0.5506663918495178,4.094084739685059
1789130180903196200,130.30919604492186,8.418013572692871,-0.5746083855628967,4.807557106018066
1789130180919187000,130.32518701171875,8.62391471862793,0.29209262132644653,4.903325080871582
1789130180935180000,130.34117993164062,9.232041358947754,-0.2106897532939911,4.525041103363037
1789130180951167700,130.35716772460938,9.47146224975586,-0.6129156351089478,3.950432777404785
1789130180967159800,130.37315991210937,8.547300338745117,-0.7661445140838623,4.7836151123046875
1789130180983156000,130.38915600585938,9.227252960205078,-0.17717093229293823,4.707000732421875
1789130180999150300,130.405150390625,8.47547435760498,-0.23942017555236816,4.6255974769592285
1789130181015146500,130.421146484375,8.552088737487793,-1.1061211824417114,3.9217023849487305
1789130181031142400,130.43714233398438,9.528923034667969,-1.1779472827911377,3.998316764831543
1789130181047138800,130.45313891601563,8.523358345031738,-0.009576806798577309,5.295974254608154
1789130181063136300,130.46913623046876,8.65743350982666,-0.1867477297782898,5.147533416748047
1789130181079134700,130.485134765625,9.476250648498535,-1.403002142906189,4.031835556030273
1789130181095135700,130.5011357421875,8.987833023071289,-0.7086837291717529,4.6255974769592285
1789130181111133700,130.5171337890625,8.7484130859375,-0.7709329724311829,4.611232280731201
1789130181127137000,130.53313696289064,8.552088737487793,-0.7374141216278076,5.2672438621521
1789130181143134700,130.549134765625,8.667010307312012,-1.0582371950149536,3.7445313930511475
1789130181159125500,130.56512548828124,8.523358345031738,-0.9193734526634216,3.9408559799194336
1789130181175117000,130.58111694335938,8.973467826843262,-1.0965443849563599,4.812345504760742
1789130181191112000,130.59711181640625,8.552088737487793,-0.6272808313369751,4.520252704620361
1789130181207106000,130.61310595703125,8.379706382751465,-0.7805097699165344,4.218583583831787
1789130181223096600,130.6290966796875,8.676587104797363,-0.5937620401382446,3.6727054119110107
1789130181239086800,130.6450869140625,8.757989883422852,-0.2968810200691223,4.371812343597412
1789130181255079200,130.6610791015625,8.547300338745117,-0.751779317855835,4.9368438720703125
1789130181271076600,130.67707666015625,9.121908187866211,-0.7613561153411865,4.2329487800598145
1789130181287076000,130.693076171875,9.078812599182129,-0.7852981686592102,4.2951979637146
1789130181303074300,130.70907421875,8.858546257019043,-0.3064578175544739,4.73573112487793
1789130181319069400,130.7250693359375,9.102754592895508,0.35434186458587646,4.587290287017822
1789130181335065900,130.74106591796874,9.141061782836914,-0.4118026793003082,4.108449935913086
1789130181351063600,130.7570634765625,8.80587387084961,-0.22505496442317963,4.9799394607543945
1789130181367056100,130.77305615234374,9.069235801696777,-0.5123591423034668,4.424484729766846
1789130181383048000,130.7890478515625,8.710105895996094,-1.0055646896362305,4.616020679473877
1789130181399040300,130.8050402832031,8.71489429473877,-0.8810662031173706,4.175487995147705
1789130181415034600,130.82103466796875,8.959102630615234,-0.10534487664699554,5.032611846923828
1789130181431030500,130.8370305175781,8.89685344696045,-0.5219359993934631,4.60165548324585
1789130181447022300,130.8530222167969,8.2312650680542,-1.0007762908935547,4.443638324737549
1789130181463016000,130.8690158691406,9.509769439697266,-1.0199298858642578,4.266467571258545
1789130181479012400,130.8850124511719,8.858546257019043,-0.7948749661445618,4.802768707275391
1789130181495004000,130.90100390625,8.513781547546387,-1.0821791887283325,4.898536682128906
1789130181510998000,130.916998046875,9.557653427124023,-0.828393816947937,3.6774938106536865
1789130181526993000,130.93299291992187,8.96389102935791,-0.35434186458587646,4.8267107009887695
1789130181542990600,130.9489904785156,8.11634349822998,-0.5889736413955688,5.0900726318359375
1789130181558990800,130.96499096679688,8.53293514251709,-0.5746083855628967,4.027047157287598
1789130181574989000,130.9809890136719,8.293514251708984,-0.7661445140838623,4.371812343597412
1789130181598983200,131.00498315429687,9.150638580322266,-0.507570743560791,3.931279182434082
1789130181614980600,131.02098071289063,8.777143478393555,-0.3926490843296051,4.965574264526367
1789130181630976500,131.0369765625,8.695740699768066,-0.6033388376235962,5.080495834350586
1789130181646980000,131.05297998046876,8.686163902282715,-0.828393816947937,4.414907932281494
1789130181662979300,131.06897924804687,8.556877136230469,-0.790086567401886,4.0749311447143555
1789130181678978600,131.084978515625,9.05487060546875,-0.49320554733276367,4.855441093444824
1789130181694982000,131.10098193359374,8.877699851989746,-0.033518824726343155,5.214571475982666
1789130181710987000,131.11698706054688,8.542511940002441,-0.40222588181495667,4.649539470672607
1789130181726990300,131.132990234375,9.126696586608887,-0.7948749661445618,4.3861775398254395
1789130181742994200,131.148994140625,9.2033109664917,-0.3687070608139038,4.941632270812988
1789130181758995700,131.16499560546876,8.513781547546387,-0.5889736413955688,5.305551052093506
1789130181774994000,131.18099389648438,8.456320762634277,-0.40222588181495667,4.438849925994873
1789130181790997500,131.19699755859375,9.289502143859863,-0.9433154463768005,4.438849925994873
1789130181806999800,131.21299975585939,8.762778282165527,-0.2968810200691223,4.960785865783691
1789130181823000800,131.22900073242187,8.010998725891113,-0.26815059781074524,5.295974254608154
1789130181838998000,131.244998046875,9.409213066101074,-0.6368576288223267,4.338293552398682
1789130181854992000,131.2609919433594,8.978256225585938,-0.6943184733390808,4.175487995147705
1789130181870985700,131.27698583984375,8.62391471862793,-0.28730419278144836,4.797980308532715
1789130181886985500,131.2929853515625,8.470685958862305,-0.33997663855552673,5.257667064666748
1789130181902981000,131.3089812011719,8.829815864562988,-0.8044517636299133,4.20421838760376
1789130181918974200,131.32497412109376,8.671798706054688,-0.5650315880775452,4.347870349884033
1789130181934969900,131.34096997070313,8.255207061767578,-0.43095630407333374,5.224148273468018
1789130181950967800,131.3569677734375,9.045293807983398,-0.7805097699165344,4.95120906829834
1789130181966962400,131.37296240234375,8.80587387084961,-0.8858546018600464,4.050989151000977
1789130181982952400,131.38895239257812,8.355764389038086,-0.5793967843055725,4.841075897216797
1789130181998944000,131.40494409179686,9.385271072387695,0.004788403399288654,5.324704647064209
1789130182014935600,131.420935546875,8.671798706054688,-0.8475474119186401,4.754884719848633
1789130182030925300,131.43692529296874,8.59997272491455,-1.7525556087493896,3.754108190536499
1789130182046916000,131.452916015625,9.619902610778809,-0.6416460275650024,4.577713489532471
1789130182062912300,131.46891235351563,8.65743350982666,-0.10534487664699554,4.960785865783691
1789130182078905900,131.48490576171875,7.95832633972168,-1.0055646896362305,4.697423934936523
1789130182094899500,131.5008994140625,9.390059471130371,-1.235408067703247,4.371812343597412
1789130182110896600,131.51689672851563,9.102754592895508,-0.4692635238170624,4.802768707275391
1789130182126890500,131.53289038085939,8.465897560119629,-0.004788403399288654,5.07570743560791
1789130182142884900,131.548884765625,8.647856712341309,-0.42616790533065796,4.807557106018066
1789130182158881000,131.56488110351563,8.892065048217773,-1.235408067703247,3.9264907836914062
1789130182174881500,131.58088159179687,8.757989883422852,-0.8427590131759644,4.51067590713501
1789130182190881000,131.5968811035156,8.609549522399902,-0.4165911078453064,5.2911858558654785
1789130182206874400,131.61287426757812,9.165003776550293,-0.8571242094039917,4.908113479614258
1789130182222864100,131.6288640136719,8.925583839416504,-0.6751648783683777,4.170699596405029
1789130182238852400,131.64485229492186,8.844181060791016,-0.4884171485900879,5.137956619262695
1789130182254843400,131.66084350585936,8.820239067077637,-0.507570743560791,4.912901878356934
1789130182270834000,131.676833984375,8.523358345031738,-0.8331822156906128,4.702212333679199
1789130182286823700,131.69282373046875,8.825027465820312,-0.4836287498474121,4.606443881988525
1789130182302809300,131.7088093261719,8.834604263305664,-0.6272808313369751,4.32871675491333
1789130182318793500,131.72479345703124,8.719682693481445,-0.6847416758537292,4.520252704620361
1789130182334786300,131.74078637695314,8.87291145324707,-0.6033388376235962,4.7405195236206055
1789130182350785500,131.75678564453125,8.686163902282715,-0.38307225704193115,4.525041103363037
1789130182366778400,131.7727783203125,8.911218643188477,-0.4884171485900879,4.414907932281494
1789130182382770000,131.78877001953126,8.71489429473877,-0.5363011956214905,4.721365928649902
1789130182398759200,131.80475927734375,8.643068313598633,-0.6943184733390808,4.51067590713501
1789130182414747600,131.82074755859375,8.7484130859375,-0.5171475410461426,4.553771495819092
1789130182430739500,131.83673950195313,8.710105895996094,-0.7469909191131592,4.572925090789795
1789130182446728700,131.85272875976563,8.743624687194824,-0.9911994934082031,4.8937482833862305
1789130182462717700,131.8687177734375,8.7484130859375,-0.4118026793003082,4.611232280731201
1789130182478705200,131.884705078125,8.911218643188477,-0.8140285611152649,4.4723687171936035
1789130182494691600,131.90069165039063,8.729259490966797,-0.9959878921508789,4.501099109649658
1789130182510684200,131.91668408203125,8.470685958862305,-0.5171475410461426,4.764461517333984
1789130182526680800,131.93268090820314,8.844181060791016,-0.5841852426528931,4.434061527252197
1789130182542677000,131.94867700195311,9.040505409240723,-0.871489405632019,4.534617900848389
1789130182558673000,131.9646728515625,8.944737434387207,-0.7134721279144287,4.486733913421631
1789130182574668300,131.98066821289063,8.882488250732422,-0.3495534360408783,4.611232280731201
1789130182590658300,131.996658203125,8.959102630615234,-0.545877993106842,4.496310710906982
1789130182606650000,132.01265014648436,8.9064302444458,-0.7852981686592102,4.529829502105713
1789130182622644200,132.0286442871094,8.729259490966797,-0.5410895943641663,4.568136692047119
1789130182638639400,132.04463940429687,8.87291145324707,-0.7469909191131592,4.443638324737549
1789130182654635300,132.06063525390624,8.40843677520752,-0.35434186458587646,4.788403511047363
1789130182670639400,132.07663940429688,8.753201484680176,-0.4692635238170624,4.505887508392334
1789130182686638800,132.09263891601563,8.633491516113281,-0.6320692300796509,4.2951979637146
1789130182702635500,132.10863549804688,8.513781547546387,-0.6799532771110535,4.553771495819092
1789130182718633700,132.1246337890625,8.71489429473877,-0.545877993106842,4.51067590713501
1789130182734632400,132.14063256835936,9.006986618041992,-0.5123591423034668,4.41969633102417
1789130182750631000,132.156630859375,8.729259490966797,-0.1867477297782898,4.496310710906982
1789130182766623000,132.172623046875,8.944737434387207,-0.40222588181495667,4.424484729766846
1789130182782619000,132.18861889648437,8.844181060791016,-0.646434485912323,4.592078685760498
1789130182798617300,132.20461743164063,8.887276649475098,-0.5602431893348694,4.5154643058776855
1789130182814614500,132.22061450195312,8.724471092224121,-0.43095630407333374,4.563348293304443
1789130182830608600,132.23660864257812,8.968679428100586,-0.6320692300796509,4.481945514678955
1789130182846604500,132.2526044921875,9.064447402954102,-0.5889736413955688,4.4723687171936035
1789130182862596400,132.26859643554687,8.633491516113281,-0.545877993106842,4.659116744995117
1789130182878588700,132.2845886230469,8.767566680908203,-0.751779317855835,4.352658748626709
1789130182894587000,132.3005869140625,8.87291145324707,-0.689530074596405,4.649539470672607
1789130182910595800,132.31659594726563,8.7484130859375,-0.4357447028160095,4.434061527252197
1789130182926599400,132.3325993652344,9.155426979064941,-0.4213795065879822,4.458003520965576
1789130182942601700,132.34860180664063,8.777143478393555,-0.45010992884635925,4.51067590713501
1789130182958598700,132.3645986328125,8.796297073364258,-0.42616790533065796,4.548983097076416
1789130182974593500,132.38059350585937,8.786720275878906,-0.569819986820221,4.4292731285095215
1789130182990588700,132.39658862304688,8.513781547546387,-0.8379706144332886,4.5394062995910645
1789130183006576600,132.41257666015625,8.767566680908203,-0.6751648783683777,4.548983097076416
1789130183022566000,132.42856591796874,9.074024200439453,-0.5027823448181152,4.486733913421631
1789130183038561300,132.44456127929686,8.671798706054688,-0.727837324142456,4.51067590713501
1789130183054557200,132.46055712890626,8.848969459533691,-0.5793967843055725,4.309563159942627
1789130183070551000,132.47655102539062,8.791508674621582,-0.4357447028160095,4.5825018882751465
1789130183086541600,132.49254150390624,8.719682693481445,-0.5123591423034668,4.630385875701904
1789130183102528800,132.50852880859375,8.868123054504395,-0.5554547905921936,4.525041103363037
1789130183118518300,132.52451831054688,8.49941635131836,-0.6751648783683777,4.654327869415283
1789130183134508500,132.54050854492186,8.935160636901855,-0.689530074596405,4.60165548324585
1789130183150499000,132.5564990234375,8.939949035644531,-0.7134721279144287,4.520252704620361
1789130183166494500,132.57249438476563,8.647856712341309,-0.6655880808830261,4.707000732421875
1789130183182484200,132.58848413085937,8.892065048217773,-0.646434485912323,4.644751071929932
1789130183198473000,132.60447290039062,8.939949035644531,-0.5937620401382446,4.630385875701904
1789130183214465500,132.62046557617188,8.944737434387207,-0.5267243981361389,4.587290287017822
1789130183230458600,132.6364587402344,8.671798706054688,-0.4836287498474121,4.639962673187256
1789130183246450200,132.6524501953125,8.710105895996094,-0.646434485912323,4.462791919708252
1789130183262436600,132.6684365234375,8.700529098510742,-0.6129156351089478,4.630385875701904
1789130183278424300,132.68442431640625,8.513781547546387,-0.5315127968788147,4.836287498474121
1789130183294416100,132.700416015625,8.69095230102539,-0.5937620401382446,4.707000732421875
1789130183310411300,132.71641137695312,8.719682693481445,-0.5650315880775452,4.67827033996582
1789130183326406000,132.7324060058594,8.619126319885254,-0.569819986820221,4.759673118591309
1789130183342393900,132.74839379882812,8.662221908569336,-0.6177040338516235,4.726154327392578
1789130183358379000,132.76437890625,8.504204750061035,-0.5267243981361389,4.7405195236206055
1789130183374364700,132.78036474609374,8.83939266204834,-0.5506663918495178,4.95120906829834
1789130183390355000,132.79635498046875,8.710105895996094,-0.6177040338516235,5.051765441894531
1789130183406338600,132.81233862304688,8.901641845703125,-0.6560112833976746,5.070919036865234
1789130183422324000,132.82832397460936,8.470685958862305,-0.6512228846549988,5.348646640777588
1789130183438316000,132.84431591796874,8.987833023071289,-0.7852981686592102,5.276820659637451
1789130183454308900,132.8603088378906,8.695740699768066,-0.6799532771110535,5.3342814445495605
1789130183470303700,132.8763037109375,8.494627952575684,-0.5219359993934631,5.382165431976318
1789130183486294300,132.89229418945314,8.652645111083984,-0.4644751250743866,5.430049419403076
1789130183502285300,132.90828540039064,8.494627952575684,-0.4596867263317108,5.224148273468018
1789130183518276000,132.92427612304687,8.547300338745117,-0.5793967843055725,5.3342814445495605
1789130183534269400,132.94026953125,8.59997272491455,-0.6512228846549988,5.382165431976318
1789130183550258000,132.9562578125,8.59997272491455,-0.6177040338516235,5.343858242034912
1789130183566250200,132.97225024414064,8.470685958862305,-0.5602431893348694,5.439626216888428
1789130183582245000,132.9882451171875,8.710105895996094,-0.6033388376235962,5.238513469696045
1789130183598233300,133.0042333984375,8.528146743774414,-0.569819986820221,5.319916248321533
1789130183614221300,133.02022119140625,8.705317497253418,-0.6416460275650024,5.20978307723999
1789130183630213000,133.03621313476563,8.619126319885254,-0.7182605266571045,5.39174222946167
1789130183646204000,133.0522038574219,8.556877136230469,-0.5985504388809204,5.415684223175049
1789130183662196700,133.06819677734376,8.379706382751465,-0.6320692300796509,5.295974254608154
1789130183678186000,133.08418603515625,8.786720275878906,-0.5793967843055725,5.315127849578857
1789130183694180000,133.10018017578125,8.681375503540039,-0.646434485912323,5.152322292327881
1789130183710176000,133.11617602539062,9.040505409240723,-0.5650315880775452,4.67827033996582
1789130183726167000,133.1321669921875,8.772355079650879,-0.45489832758903503,4.692635536193848
1789130183742151200,133.1481511230469,8.65743350982666,-0.5315127968788147,4.395754337310791
1789130183758140000,133.16413989257813,9.05487060546875,-0.5027823448181152,4.252102375030518
1789130183774127900,133.1801279296875,8.834604263305664,-0.545877993106842,4.3861775398254395
1789130183790110500,133.1961103515625,8.844181060791016,-0.6033388376235962,4.395754337310791
1789130183806091300,133.21209130859376,9.064447402954102,-0.5363011956214905,4.338293552398682
1789130183822072800,133.22807275390625,8.992621421813965,-0.6320692300796509,4.194641590118408
1789130183838060500,133.244060546875,8.719682693481445,-0.646434485912323,4.151545524597168
1789130183854047200,133.26004711914064,8.78193187713623,-0.5171475410461426,4.2760443687438965
1789130183870040600,133.27604052734375,8.786720275878906,-0.6416460275650024,4.32871675491333
1789130183886032600,133.29203271484374,8.935160636901855,-0.5889736413955688,4.175487995147705
1789130183902025200,133.30802514648437,8.968679428100586,-0.569819986820221,4.137180328369141
1789130183918014200,133.32401416015625,8.882488250732422,-0.5985504388809204,4.194641590118408
1789130183934007600,133.34000756835937,8.858546257019043,-0.569819986820221,4.199429988861084
1789130183950003200,133.35600317382813,8.868123054504395,-0.689530074596405,4.261679172515869
1789130183965996300,133.37199633789064,8.848969459533691,-0.6703764796257019,4.343081951141357
1789130183981991000,133.38799096679688,8.954314231872559,-0.5793967843055725,4.390965938568115
1789130183997988000,133.40398803710937,8.853757858276367,-0.569819986820221,4.352658748626709
1789130184013980000,133.41997998046875,9.006986618041992,-0.5841852426528931,4.261679172515869
1789130184029975000,133.43597509765624,8.920795440673828,-0.646434485912323,4.266467571258545
1789130184045969700,133.4519697265625,8.892065048217773,-0.6703764796257019,4.405331134796143
1789130184061962500,133.46796240234374,8.83939266204834,-0.6320692300796509,4.458003520965576
1789130184077961500,133.48396142578125,8.96389102935791,-0.6033388376235962,4.438849925994873
1789130184093961500,133.49996142578124,9.026140213012695,-0.4884171485900879,4.3622355461120605
1789130184109956900,133.5159567871094,9.030928611755371,-0.5650315880775452,4.23773717880249
1789130184125950500,133.5319504394531,8.968679428100586,-0.507570743560791,4.2760443687438965
1789130184141943600,133.54794360351562,9.002198219299316,-0.5602431893348694,4.410119533538818
1789130184157939500,133.563939453125,8.848969459533691,-0.608127236366272,4.381389141082764
1789130184173930000,133.57992993164063,8.877699851989746,-0.5602431893348694,4.343081951141357
1789130184189923300,133.59592333984375,8.858546257019043,-0.5219359993934631,4.338293552398682
1789130184205916200,133.61191625976562,8.834604263305664,-0.5506663918495178,4.347870349884033
1789130184221910500,133.62791064453126,8.844181060791016,-0.5315127968788147,4.414907932281494
1789130184237898800,133.64389868164062,8.786720275878906,-0.5219359993934631,4.343081951141357
1789130184253892900,133.65989282226562,8.834604263305664,-0.5841852426528931,4.314351558685303
1789130184269889500,133.6758896484375,8.834604263305664,-0.5506663918495178,4.309563159942627
1789130184285880600,133.69188061523437,8.882488250732422,-0.5315127968788147,4.2760443687438965
1789130184301876500,133.70787646484376,8.882488250732422,-0.569819986820221,4.309563159942627
1789130184317869600,133.72386962890624,8.89685344696045,-0.5650315880775452,4.271255970001221
1789130184333858300,133.7398583984375,8.916007041931152,-0.569819986820221,4.2090067863464355
1789130184349846000,133.7558459472656,8.944737434387207,-0.5793967843055725,4.20421838760376
1789130184365834200,133.77183422851562,8.901641845703125,-0.6033388376235962,4.242525577545166
1789130184381821700,133.78782177734374,9.016563415527344,-0.5506663918495178,4.165910720825195
1789130184397810700,133.80381079101562,9.002198219299316,-0.6129156351089478,4.165910720825195
1789130184413801700,133.8198017578125,8.96389102935791,-0.6177040338516235,4.1180267333984375
1789130184429799200,133.83579907226562,8.96389102935791,-0.5889736413955688,4.079719543457031
1789130184445789200,133.8517890625,9.040505409240723,-0.5937620401382446,4.079719543457031
1789130184461783800,133.86778369140626,8.949525833129883,-0.5937620401382446,4.060565948486328
1789130184477782500,133.88378247070312,9.064447402954102,-0.608127236366272,3.993528366088867
1789130184493780500,133.89978051757814,8.925583839416504,-0.5937620401382446,3.9695863723754883
1789130184509777000,133.91577685546875,8.916007041931152,-0.5650315880775452,3.9264907836914062
1789130184525767200,133.93176708984376,8.968679428100586,-0.5554547905921936,3.88818359375
1789130184541756000,133.947755859375,8.973467826843262,-0.5650315880775452,3.892971992492676
1789130184557748000,133.963748046875,8.983044624328613,-0.5602431893348694,3.9025487899780273
1789130184573739800,133.97973974609374,9.083600997924805,-0.5554547905921936,3.8355112075805664
1789130184589730800,133.99573071289063,9.045293807983398,-0.5841852426528931,3.778050184249878
1789130184605720300,134.01172021484376,9.107542991638184,-0.5650315880775452,3.778050184249878
1789130184621714700,134.02771459960937,9.131484985351562,-0.5267243981361389,3.6822822093963623
1789130184637713400,134.04371337890626,9.097966194152832,-0.5410895943641663,3.7014358043670654
1789130184653714000,134.0597138671875,9.083600997924805,-0.5363011956214905,3.6727054119110107
1789130184669710800,134.0757109375,9.193734169006348,-0.5410895943641663,3.5386300086975098
1789130184685704400,134.09170434570314,9.136273384094238,-0.5602431893348694,3.509899616241455
1789130184701697000,134.10769702148437,9.08838939666748,-0.608127236366272,3.5386300086975098
1789130184717697000,134.12369702148436,9.160215377807617,-0.569819986820221,3.44765043258667
1789130184733689000,134.13968920898438,9.23682975769043,-0.569819986820221,3.35667085647583
1789130184749684700,134.15568481445314,9.21288776397705,-0.5841852426528931,3.3901896476745605
1789130184765680600,134.1716806640625,9.174580574035645,-0.5841852426528931,3.3901896476745605
1789130184781673500,134.18767358398438,9.193734169006348,-0.5985504388809204,3.3470940589904785
1789130184797668400,134.20366845703126,9.284713745117188,-0.6177040338516235,3.270479440689087
1789130184813660700,134.21966064453125,9.275136947631836,-0.6129156351089478,3.251325845718384
1789130184829656300,134.23565625,9.169792175292969,-0.5889736413955688,3.3423056602478027
1789130184845652500,134.25165258789062,9.227252960205078,-0.5889736413955688,3.2992098331451416
1789130184861654300,134.267654296875,9.279925346374512,-0.6033388376235962,3.2609026432037354
1789130184877654000,134.28365405273436,9.279925346374512,-0.6129156351089478,3.160346269607544
1789130184893650700,134.2996506347656,9.232041358947754,-0.6224924325942993,3.1938650608062744
1789130184909648600,134.31564868164062,9.246406555175781,-0.6177040338516235,3.222595453262329
1789130184925644000,134.33164404296875,9.265560150146484,-0.6033388376235962,3.1890766620635986
1789130184941638700,134.347638671875,9.246406555175781,-0.6177040338516235,3.1938650608062744
1789130184957638700,134.363638671875,9.255983352661133,-0.6177040338516235,3.1747114658355713
1789130184973634800,134.379634765625,9.275136947631836,-0.6177040338516235,3.1459810733795166
1789130184989625900,134.3956259765625,9.265560150146484,-0.6272808313369751,3.112462282180786
1789130185005623800,134.4116237792969,9.23682975769043,-0.6272808313369751,3.136404275894165
1789130185021623300,134.42762329101564,9.198522567749023,-0.5985504388809204,3.1268274784088135
1789130185037620200,134.4436201171875,9.23682975769043,-0.5937620401382446,3.0789434909820557
1789130185053618700,134.45961865234375,9.246406555175781,-0.5937620401382446,3.1028854846954346
1789130185069610500,134.47561059570313,9.260771751403809,-0.5841852426528931,3.0837318897247314
1789130185085604000,134.49160400390625,9.222464561462402,-0.5985504388809204,3.098097085952759
1789130185101596400,134.50759643554687,9.2033109664917,-0.5793967843055725,3.093308687210083
1789130185117591800,134.523591796875,9.241618156433105,-0.5746083855628967,3.050212860107422
1789130185133584600,134.53958471679687,9.217676162719727,-0.569819986820221,3.069366693496704
1789130185149579300,134.55557934570314,9.217676162719727,-0.5554547905921936,3.0837318897247314
1789130185165572600,134.57157250976562,9.227252960205078,-0.5506663918495178,3.0406360626220703
1789130185181563600,134.58756372070312,9.246406555175781,-0.5746083855628967,3.0310592651367188
1789130185197557200,134.60355712890626,9.27034854888916,-0.5746083855628967,3.045424461364746
1789130185213551900,134.6195517578125,9.260771751403809,-0.5793967843055725,3.07415509223938
1789130185229548300,134.63554833984375,9.299078941345215,-0.5746083855628967,3.045424461364746
1789130185245543700,134.65154370117187,9.308655738830566,-0.569819986820221,3.0406360626220703
1789130185261540000,134.6675400390625,9.32302188873291,-0.5793967843055725,3.0550012588500977
1789130185277535700,134.68353564453125,9.313444137573242,-0.5650315880775452,3.0597896575927734
1789130185293537500,134.69953759765625,9.289502143859863,-0.5937620401382446,3.0550012588500977
1789130185309535700,134.71553564453126,9.318233489990234,-0.5889736413955688,3.069366693496704
1789130185325534000,134.73153393554688,9.313444137573242,-0.5937620401382446,3.021482467651367
1789130185341528600,134.74752856445312,9.255983352661133,-0.5985504388809204,3.050212860107422
1789130185357522200,134.76352221679687,9.308655738830566,-0.5985504388809204,3.0166940689086914
1789130185373519400,134.77951928710937,9.308655738830566,-0.5985504388809204,3.0166940689086914
1789130185389522200,134.79552221679688,9.275136947631836,-0.6033388376235962,3.0119056701660156
1789130185405521700,134.81152172851563,9.275136947631836,-0.5985504388809204,3.026270866394043
1789130185421527000,134.82752709960937,9.275136947631836,-0.5793967843055725,3.00711727142334
1789130185437537300,134.84353735351561,9.284713745117188,-0.6129156351089478,2.964021682739258
1789130185453542400,134.85954248046875,9.308655738830566,-0.5985504388809204,2.8874073028564453
1789130185469545000,134.875544921875,9.32302188873291,-0.5937620401382446,2.849100112915039
1789130185485549300,134.89154931640624,9.337387084960938,-0.6033388376235962,2.786850690841675
1789130185501556200,134.90755615234374,9.38048267364502,-0.5985504388809204,2.738966703414917
1789130185517557500,134.9235576171875,9.390059471130371,-0.6129156351089478,2.676717519760132
1789130185533559800,134.93955981445313,9.41400146484375,-0.6224924325942993,2.604891538619995
1789130185549571800,134.95557177734375,9.428366661071777,-0.6224924325942993,2.5713725090026855
1789130185565577700,134.97157763671876,9.44752025604248,-0.608127236366272,2.5665841102600098
1789130185581585200,134.98758520507812,9.442731857299805,-0.6033388376235962,2.5713725090026855
1789130185597591600,135.00359155273438,9.442731857299805,-0.5985504388809204,2.5474305152893066
1789130185613595100,135.01959521484375,9.442731857299805,-0.6033388376235962,2.557007312774658
1789130185629597700,135.03559765625,9.437943458557129,-0.608127236366272,2.585737943649292
1789130185645596200,135.05159619140625,9.418789863586426,-0.5937620401382446,2.6192567348480225
1789130185661596000,135.06759594726563,9.399636268615723,-0.5793967843055725,2.6623523235321045
1789130185677590000,135.08359008789063,9.370905876159668,-0.5746083855628967,2.719813108444214
1789130185693586200,135.09958618164063,9.370905876159668,-0.5793967843055725,2.7293899059295654
1789130185709580800,135.11558081054687,9.35654067993164,-0.5889736413955688,2.719813108444214
1789130185725574000,135.13157397460938,9.318233489990234,-0.5746083855628967,2.734178304672241
1789130185741570300,135.1475703125,9.318233489990234,-0.5602431893348694,2.7533318996429443
1789130185757567500,135.1635673828125,9.346963882446289,-0.5554547905921936,2.738966703414917
1789130185773561000,135.17956103515624,9.351752281188965,-0.569819986820221,2.715024709701538
1789130185789553400,135.19555346679687,9.361329078674316,-0.5793967843055725,2.7102363109588623
1789130185805551000,135.21155102539063,9.35654067993164,-0.5746083855628967,2.671929121017456
1789130185821549800,135.2275498046875,9.375694274902344,-0.5889736413955688,2.6431987285614014
1789130185837550300,135.24355029296876,9.394847869873047,-0.5841852426528931,2.6623523235321045
1789130185853550600,135.25955053710936,9.38048267364502,-0.5937620401382446,2.652775526046753
1789130185869546500,135.27554638671876,9.41400146484375,-0.6129156351089478,2.6623523235321045
1789130185885541400,135.29154125976564,9.41400146484375,-0.6033388376235962,2.6623523235321045
1789130185901533700,135.30753369140626,9.404424667358398,-0.5937620401382446,2.6623523235321045
1789130185917526000,135.32352612304686,9.38048267364502,-0.5889736413955688,2.6815059185028076
1789130185933515300,135.33951538085938,9.361329078674316,-0.5889736413955688,2.695871114730835
1789130185949504300,135.35550415039063,9.370905876159668,-0.5985504388809204,2.715024709701538
1789130185965494500,135.37149462890625,9.361329078674316,-0.6033388376235962,2.715024709701538
1789130185981484300,135.387484375,9.366117477416992,-0.5937620401382446,2.7246015071868896
1789130185997479000,135.40347900390626,9.346963882446289,-0.608127236366272,2.7246015071868896
1789130186013474800,135.41947485351562,9.342175483703613,-0.608127236366272,2.7293899059295654
1789130186029474000,135.43547412109376,9.332598686218262,-0.608127236366272,2.7293899059295654
1789130186045469400,135.45146948242189,9.375694274902344,-0.6033388376235962,2.7293899059295654
1789130186061463600,135.46746362304688,9.390059471130371,-0.6033388376235962,2.719813108444214
1789130186077460000,135.4834599609375,9.385271072387695,-0.5985504388809204,2.7102363109588623
1789130186093452000,135.4994521484375,9.38048267364502,-0.608127236366272,2.7102363109588623
1789130186109445000,135.51544506835938,9.385271072387695,-0.5985504388809204,2.715024709701538
1789130186125438000,135.53143798828125,9.394847869873047,-0.5889736413955688,2.691082715988159
1789130186141432600,135.5474326171875,9.394847869873047,-0.5841852426528931,2.7006595134735107
1789130186157425000,135.5634248046875,9.390059471130371,-0.5793967843055725,2.6862943172454834
1789130186173420300,135.57942016601564,9.351752281188965,-0.5650315880775452,2.691082715988159
1789130186197421300,135.60342138671874,9.375694274902344,-0.5793967843055725,2.695871114730835
1789130186213418000,135.61941796875,9.351752281188965,-0.5746083855628967,2.6862943172454834
1789130186229412400,135.63541235351562,9.366117477416992,-0.5793967843055725,2.6575639247894287
1789130186245414100,135.6514140625,9.366117477416992,-0.5746083855628967,2.6671407222747803
1789130186261418500,135.66741845703126,9.375694274902344,-0.5793967843055725,2.652775526046753
1789130186277419300,135.68341918945313,9.370905876159668,-0.569819986820221,2.6623523235321045
1789130186293421300,135.69942138671874,9.375694274902344,-0.5746083855628967,2.6862943172454834
1789130186309424600,135.71542456054686,9.409213066101074,-0.5746083855628967,2.7006595134735107
1789130186325422300,135.73142236328124,9.404424667358398,-0.5841852426528931,2.715024709701538
1789130186341427200,135.74742724609376,9.404424667358398,-0.6033388376235962,2.7006595134735107
1789130186357431300,135.76343139648438,9.399636268615723,-0.5937620401382446,2.7293899059295654
1789130186373432600,135.7794326171875,9.404424667358398,-0.608127236366272,2.734178304672241
1789130186389431300,135.7954313964844,9.375694274902344,-0.608127236366272,2.75812029838562
1789130186405429000,135.81142895507813,9.375694274902344,-0.608127236366272,2.7437551021575928
1789130186421427000,135.8274270019531,9.361329078674316,-0.6129156351089478,2.7676970958709717
1789130186437428000,135.84342797851562,9.366117477416992,-0.6224924325942993,2.734178304672241
1789130186453434000,135.85943408203124,9.375694274902344,-0.5985504388809204,2.734178304672241
1789130186469435600,135.875435546875,9.361329078674316,-0.5985504388809204,2.715024709701538
1789130186485431300,135.89143139648436,9.361329078674316,-0.6177040338516235,2.7102363109588623
1789130186501430300,135.90743017578126,9.361329078674316,-0.608127236366272,2.691082715988159
1789130186517433600,135.92343359375,9.366117477416992,-0.6129156351089478,2.652775526046753
1789130186533437000,135.93943701171875,9.361329078674316,-0.608127236366272,2.6671407222747803
1789130186549444400,135.9554443359375,9.370905876159668,-0.6033388376235962,2.6384103298187256
1789130186565453800,135.97145385742186,9.35654067993164,-0.5889736413955688,2.6671407222747803
1789130186581463600,135.98746362304686,9.375694274902344,-0.5793967843055725,2.652775526046753
1789130186597468200,136.00346826171875,9.375694274902344,-0.5650315880775452,2.6431987285614014
1789130186613478400,136.019478515625,9.385271072387695,-0.5793967843055725,2.6575639247894287
1789130186629486800,136.03548681640626,9.375694274902344,-0.569819986820221,2.6671407222747803
1789130186645491700,136.05149169921876,9.38048267364502,-0.569819986820221,2.671929121017456
1789130186661497000,136.0674970703125,9.385271072387695,-0.5554547905921936,2.695871114730835
1789130186677501200,136.0835012207031,9.35654067993164,-0.5793967843055725,2.691082715988159
1789130186693508600,136.0995085449219,9.361329078674316,-0.5841852426528931,2.7054479122161865
1789130186709516800,136.11551684570313,9.351752281188965,-0.5985504388809204,2.7293899059295654
1789130186725527600,136.13152758789062,9.390059471130371,-0.5985504388809204,2.715024709701538
1789130186741535700,136.14753564453125,9.404424667358398,-0.6033388376235962,2.7246015071868896
1789130186757545500,136.16354541015625,9.41400146484375,-0.5937620401382446,2.738966703414917
1789130186773551600,136.17955151367187,9.418789863586426,-0.5937620401382446,2.7485435009002686
1789130186789555200,136.19555517578124,9.423578262329102,-0.608127236366272,2.7485435009002686
1789130186805559600,136.2115595703125,9.385271072387695,-0.5889736413955688,2.7485435009002686
1789130186821560300,136.2275603027344,9.38048267364502,-0.5937620401382446,2.7533318996429443
1789130186837564400,136.243564453125,9.351752281188965,-0.6033388376235962,2.7437551021575928
1789130186853564400,136.259564453125,9.351752281188965,-0.6177040338516235,2.7102363109588623
1789130186869569000,136.27556909179688,9.346963882446289,-0.5937620401382446,2.7006595134735107
1789130186885573400,136.29157348632813,9.327810287475586,-0.5937620401382446,2.676717519760132
1789130186901580500,136.30758056640624,9.342175483703613,-0.5985504388809204,2.6623523235321045
1789130186917585200,136.32358520507813,9.35654067993164,-0.5889736413955688,2.652775526046753
1789130186933585700,136.33958569335937,9.361329078674316,-0.5746083855628967,2.652775526046753
1789130186949581600,136.35558154296876,9.361329078674316,-0.5841852426528931,2.6431987285614014
1789130186965579800,136.37157983398438,9.38048267364502,-0.5937620401382446,2.647987127304077
1789130186981587700,136.38758764648438,9.370905876159668,-0.5889736413955688,2.6623523235321045
1789130186997598200,136.40359814453126,9.41400146484375,-0.5937620401382446,2.6623523235321045
1789130187013605600,136.41960571289061,9.409213066101074,-0.5841852426528931,2.6671407222747803
1789130187029612800,136.43561279296875,9.399636268615723,-0.5937620401382446,2.695871114730835
1789130187045617400,136.4516174316406,9.38048267364502,-0.5841852426528931,2.6815059185028076
1789130187061621200,136.46762133789062,9.394847869873047,-0.5889736413955688,2.7102363109588623
1789130187077628200,136.48362817382812,9.370905876159668,-0.5985504388809204,2.734178304672241
1789130187093628700,136.4996286621094,9.370905876159668,-0.5746083855628967,2.7293899059295654
1789130187109634300,136.51563427734374,9.366117477416992,-0.5889736413955688,2.7246015071868896
1789130187125635000,136.53163500976564,9.346963882446289,-0.5746083855628967,2.738966703414917
1789130187141638400,136.54763842773437,9.366117477416992,-0.5985504388809204,2.7246015071868896
1789130187157641000,136.5636408691406,9.361329078674316,-0.5889736413955688,2.738966703414917
1789130187173644800,136.57964477539062,9.370905876159668,-0.6033388376235962,2.7293899059295654
1789130187189646800,136.59564672851562,9.351752281188965,-0.608127236366272,2.734178304672241
1789130187205651200,136.61165112304687,9.351752281188965,-0.5937620401382446,2.7293899059295654
1789130187221657000,136.62765698242188,9.366117477416992,-0.6033388376235962,2.7006595134735107
1789130187237659400,136.64365942382813,9.35654067993164,-0.5841852426528931,2.715024709701538
1789130187253663000,136.6596630859375,9.366117477416992,-0.5985504388809204,2.691082715988159
1789130187269662500,136.67566235351563,9.351752281188965,-0.5841852426528931,2.691082715988159
1789130187285661400,136.69166137695314,9.38048267364502,-0.5841852426528931,2.6862943172454834
1789130187301663000,136.7076630859375,9.385271072387695,-0.5841852426528931,2.671929121017456
1789130187317661400,136.72366137695312,9.399636268615723,-0.5841852426528931,2.6623523235321045
1789130187333662700,136.73966284179687,9.38048267364502,-0.5937620401382446,2.6671407222747803
1789130187349665800,136.7556657714844,9.41400146484375,-0.5793967843055725,2.6575639247894287
1789130187365665000,136.7716650390625,9.38048267364502,-0.5841852426528931,2.6623523235321045
1789130187381664000,136.7876640625,9.375694274902344,-0.5937620401382446,2.6623523235321045
1789130187397670400,136.80367041015626,9.370905876159668,-0.5889736413955688,2.671929121017456
1789130187413679000,136.81967919921874,9.366117477416992,-0.5841852426528931,2.7006595134735107
1789130187429680600,136.8356806640625,9.361329078674316,-0.5841852426528931,2.7006595134735107
1789130187445685500,136.851685546875,9.361329078674316,-0.5889736413955688,2.719813108444214
1789130187461692200,136.86769213867188,9.337387084960938,-0.5937620401382446,2.7102363109588623
1789130187477699300,136.88369921875,9.370905876159668,-0.5985504388809204,2.734178304672241
1789130187493703200,136.899703125,9.370905876159668,-0.5937620401382446,2.734178304672241
1789130187509704000,136.91570385742187,9.346963882446289,-0.5985504388809204,2.719813108444214
1789130187525704200,136.9317041015625,9.366117477416992,-0.608127236366272,2.738966703414917
1789130187541706200,136.94770629882814,9.361329078674316,-0.5985504388809204,2.7246015071868896
1789130187557708500,136.96370849609374,9.38048267364502,-0.5889736413955688,2.738966703414917
1789130187573713400,136.97971337890624,9.375694274902344,-0.6033388376235962,2.719813108444214
1789130187589716000,136.99571606445312,9.390059471130371,-0.6033388376235962,2.7006595134735107
1789130187605717500,137.01171752929687,9.385271072387695,-0.5937620401382446,2.7054479122161865
1789130187621719600,137.02771948242187,9.390059471130371,-0.5985504388809204,2.695871114730835
1789130187637721000,137.04372119140626,9.375694274902344,-0.5889736413955688,2.6862943172454834
1789130187653722600,137.05972265625,9.366117477416992,-0.5889736413955688,2.6815059185028076
1789130187669718000,137.0757180175781,9.385271072387695,-0.5937620401382446,2.6671407222747803
1789130187685716000,137.09171606445312,9.370905876159668,-0.5841852426528931,2.6671407222747803
1789130187701717800,137.1077177734375,9.370905876159668,-0.5793967843055725,2.676717519760132
1789130187717716700,137.123716796875,9.370905876159668,-0.5889736413955688,2.691082715988159
1789130187733710600,137.13971069335938,9.351752281188965,-0.5937620401382446,2.676717519760132
1789130187749705700,137.15570581054686,9.375694274902344,-0.5841852426528931,2.676717519760132
1789130187765701000,137.171701171875,9.375694274902344,-0.5889736413955688,2.691082715988159
1789130187781695000,137.18769506835937,9.375694274902344,-0.5841852426528931,2.695871114730835
1789130187797695700,137.20369580078125,9.366117477416992,-0.5937620401382446,2.7054479122161865
1789130187813696800,137.21969677734376,9.361329078674316,-0.5841852426528931,2.719813108444214
1789130187829699600,137.23569946289064,9.361329078674316,-0.5985504388809204,2.715024709701538
1789130187845702400,137.25170239257812,9.370905876159668,-0.5746083855628967,2.734178304672241
1789130187861702400,137.26770239257812,9.366117477416992,-0.5889736413955688,2.7293899059295654
1789130187877699300,137.28369921875,9.394847869873047,-0.5937620401382446,2.734178304672241
1789130187893704400,137.29970434570313,9.375694274902344,-0.5937620401382446,2.734178304672241
1789130187909709800,137.31570971679687,9.385271072387695,-0.5889736413955688,2.734178304672241
1789130187925717500,137.33171752929687,9.38048267364502,-0.5841852426528931,2.7246015071868896
1789130187941718300,137.34771826171874,9.390059471130371,-0.5937620401382446,2.7054479122161865
1789130187957728500,137.363728515625,9.375694274902344,-0.5985504388809204,2.715024709701538
1789130187973730300,137.37973022460938,9.366117477416992,-0.5937620401382446,2.7054479122161865
1789130187989732600,137.39573266601562,9.361329078674316,-0.5985504388809204,2.6862943172454834
1789130188005733400,137.4117333984375,9.375694274902344,-0.5985504388809204,2.6862943172454834
1789130188021734700,137.42773461914064,9.346963882446289,-0.5985504388809204,2.6815059185028076
1789130188037739500,137.44373950195313,9.35654067993164,-0.6224924325942993,2.6815059185028076
1789130188053745400,137.45974536132812,9.361329078674316,-0.5937620401382446,2.6815059185028076
1789130188069749200,137.47574926757812,9.370905876159668,-0.5985504388809204,2.6862943172454834
1789130188085751300,137.49175122070312,9.366117477416992,-0.5937620401382446,2.676717519760132
1789130188101754600,137.50775463867188,9.35654067993164,-0.6033388376235962,2.6815059185028076
1789130188117759000,137.52375903320313,9.38048267364502,-0.5985504388809204,2.7006595134735107
1789130188133759000,137.53975903320313,9.38048267364502,-0.5985504388809204,2.7006595134735107
1789130188149758200,137.55575830078126,9.38048267364502,-0.5889736413955688,2.691082715988159
1789130188165759500,137.57175952148438,9.375694274902344,-0.5889736413955688,2.7102363109588623
1789130188181768200,137.58776831054686,9.370905876159668,-0.5889736413955688,2.715024709701538
1789130188197773800,137.60377392578124,9.38048267364502,-0.5889736413955688,2.719813108444214
1789130188213777000,137.61977685546876,9.361329078674316,-0.5841852426528931,2.734178304672241
1789130188229779200,137.635779296875,9.385271072387695,-0.5889736413955688,2.715024709701538
1789130188245784000,137.6517841796875,9.366117477416992,-0.5793967843055725,2.719813108444214
1789130188261790700,137.66779077148436,9.375694274902344,-0.5937620401382446,2.7102363109588623
1789130188277799200,137.68379907226563,9.361329078674316,-0.5841852426528931,2.719813108444214
1789130188293808600,137.69980859375,9.35654067993164,-0.5889736413955688,2.7054479122161865
1789130188309814300,137.71581420898437,9.366117477416992,-0.5841852426528931,2.7102363109588623
1789130188325820200,137.73182006835938,9.38048267364502,-0.5793967843055725,2.7102363109588623
1789130188341828400,137.74782836914062,9.366117477416992,-0.5937620401382446,2.695871114730835
1789130188357842200,137.76384228515624,9.370905876159668,-0.5985504388809204,2.6862943172454834
1789130188373853000,137.77985302734376,9.370905876159668,-0.5841852426528931,2.6862943172454834
1789130188389860000,137.79586010742187,9.366117477416992,-0.5937620401382446,2.6815059185028076
1789130188405863200,137.81186328125,9.366117477416992,-0.5889736413955688,2.676717519760132
1789130188421870600,137.82787060546875,9.370905876159668,-0.6033388376235962,2.695871114730835
1789130188453890600,137.859890625,9.38048267364502,-0.5937620401382446,2.6815059185028076
1789130188469900500,137.87590063476563,9.38048267364502,-0.5937620401382446,2.6815059185028076
1789130188485904000,137.89190380859375,9.38048267364502,-0.6033388376235962,2.6862943172454834
1789130188501901300,137.9079013671875,9.375694274902344,-0.5937620401382446,2.7054479122161865
1789130188517903000,137.92390307617188,9.361329078674316,-0.608127236366272,2.7054479122161865
1789130188533903600,137.93990356445312,9.38048267364502,-0.5841852426528931,2.7102363109588623
1789130188549899300,137.95589916992188,9.366117477416992,-0.5937620401382446,2.7102363109588623
1789130188565894700,137.97189477539064,9.361329078674316,-0.5793967843055725,2.715024709701538
1789130188581891300,137.9878913574219,9.361329078674316,-0.5889736413955688,2.7102363109588623
1789130188597888800,138.003888671875,9.370905876159668,-0.5841852426528931,2.7293899059295654
1789130188613890600,138.019890625,9.366117477416992,-0.5889736413955688,2.7102363109588623
1789130188629895000,138.03589501953124,9.346963882446289,-0.5937620401382446,2.7246015071868896
1789130188645899000,138.05189892578124,9.35654067993164,-0.5889736413955688,2.7006595134735107
1789130188661901600,138.06790161132812,9.366117477416992,-0.6033388376235962,2.691082715988159
1789130188677899300,138.08389916992186,9.370905876159668,-0.5889736413955688,2.7006595134735107
1789130188701898500,138.1078984375,9.366117477416992,-0.5793967843055725,2.7006595134735107
1789130188717893400,138.12389331054686,9.366117477416992,-0.5889736413955688,2.7006595134735107
1789130188733888800,138.139888671875,9.38048267364502,-0.5841852426528931,2.7054479122161865
1789130188749887200,138.15588720703124,9.370905876159668,-0.6033388376235962,2.7006595134735107
1789130188765883100,138.17188305664064,9.375694274902344,-0.5889736413955688,2.695871114730835
1789130188781879800,138.1878798828125,9.375694274902344,-0.5889736413955688,2.7102363109588623
1789130188797879600,138.20387963867188,9.38048267364502,-0.5985504388809204,2.691082715988159
1789130188813884400,138.21988452148437,9.38048267364502,-0.5985504388809204,2.7102363109588623
1789130188829885200,138.23588525390625,9.38048267364502,-0.5985504388809204,2.691082715988159
1789130188845885000,138.25188500976563,9.375694274902344,-0.608127236366272,2.691082715988159
1789130188861887500,138.26788745117187,9.390059471130371,-0.6033388376235962,2.691082715988159
1789130188877891300,138.28389135742188,9.370905876159668,-0.5985504388809204,2.695871114730835
1789130188893897700,138.29989770507814,9.38048267364502,-0.5937620401382446,2.7054479122161865
1789130188909902000,138.3159020996094,9.366117477416992,-0.6129156351089478,2.7006595134735107
1789130188925898000,138.33189794921876,9.370905876159668,-0.5506663918495178,2.7102363109588623
1789130188941901300,138.3479013671875,9.346963882446289,-0.5985504388809204,2.715024709701538
1789130188957909000,138.36390893554687,9.375694274902344,-0.569819986820221,2.7006595134735107
1789130188973914000,138.3799140625,9.366117477416992,-0.6129156351089478,2.7102363109588623
1789130188989924600,138.3959245605469,9.366117477416992,-0.5937620401382446,2.734178304672241
1789130189005927700,138.411927734375,9.346963882446289,-0.5650315880775452,2.7054479122161865
1789130189021929700,138.4279296875,9.351752281188965,-0.6320692300796509,2.719813108444214
1789130189037927000,138.4439270019531,9.332598686218262,-0.5889736413955688,2.7102363109588623
1789130189053930000,138.45992993164063,9.375694274902344,-0.5650315880775452,2.7006595134735107
1789130189069929500,138.47592944335938,9.35654067993164,-0.5985504388809204,2.7006595134735107
1789130189085932800,138.49193286132814,9.361329078674316,-0.5841852426528931,2.691082715988159
1789130189101932000,138.50793212890625,9.370905876159668,-0.6129156351089478,2.695871114730835
1789130189117931800,138.52393188476563,9.366117477416992,-0.5985504388809204,2.695871114730835
1789130189133934300,138.53993432617187,9.370905876159668,-0.5746083855628967,2.7054479122161865
1789130189149932800,138.55593286132813,9.370905876159668,-0.6177040338516235,2.691082715988159
1789130189165929200,138.57192919921874,9.394847869873047,-0.569819986820221,2.7006595134735107
1789130189181922300,138.58792236328125,9.375694274902344,-0.6177040338516235,2.6862943172454834
1789130189197917400,138.60391748046874,9.394847869873047,-0.5937620401382446,2.691082715988159
1789130189213915600,138.61991552734375,9.399636268615723,-0.5793967843055725,2.6862943172454834
1789130189229916700,138.63591674804687,9.433155059814453,-0.5937620401382446,2.6671407222747803
1789130189245917400,138.65191748046874,9.385271072387695,-0.5746083855628967,2.7102363109588623
1789130189261913000,138.6679130859375,9.351752281188965,-0.6033388376235962,2.715024709701538
1789130189277917700,138.6839177246094,9.375694274902344,-0.6129156351089478,2.719813108444214
1789130189293923800,138.699923828125,9.615114212036133,-0.569819986820221,2.7485435009002686
1789130189309925000,138.71592504882813,9.255983352661133,-0.6512228846549988,2.695871114730835
1789130189325928000,138.7319279785156,9.308655738830566,-0.5746083855628967,2.691082715988159
1789130189341933300,138.74793334960938,9.193734169006348,-0.5267243981361389,2.6671407222747803
1789130189357932300,138.76393237304688,9.418789863586426,-0.5746083855628967,2.782062292098999
1789130189373936000,138.77993603515625,9.332598686218262,-0.6320692300796509,2.691082715988159
1789130189389940500,138.7959404296875,9.260771751403809,-0.751779317855835,2.8443117141723633
1789130189405944800,138.81194482421876,8.49941635131836,-0.6129156351089478,2.7724854946136475
1789130189421949400,138.82794946289061,9.083600997924805,-0.545877993106842,2.8395233154296875
1789130189437950700,138.84395068359376,9.59596061706543,-0.6847416758537292,2.806004285812378
1789130189453955000,138.859955078125,8.757989883422852,-0.6655880808830261,2.7054479122161865
1789130189469958000,138.8759580078125,8.518569946289062,-1.5897499322891235,2.3511061668395996
1789130189485959000,138.891958984375,7.862558364868164,-2.911349296569824,1.5610195398330688
1789130189501958700,138.90795874023436,9.835380554199219,1.2641384601593018,3.9456443786621094
1789130189517958100,138.92395825195314,9.591172218322754,-1.3215993642807007,3.6535518169403076
1789130189533958100,138.93995825195313,9.610325813293457,-2.389413356781006,3.552995204925537
1789130189549955800,138.95595581054687,6.4595561027526855,-4.242525577545166,4.4292731285095215
1789130189565952500,138.97195239257812,8.537723541259766,3.7636849880218506,3.5194764137268066
1789130189581954000,138.9879541015625,1.7381904125213623,2.5282769203186035,4.175487995147705
1789130189597955000,139.003955078125,17.779342651367188,0.3208230137825012,0.4357447028160095
1789130189613957000,139.01995703125,18.267759323120117,-0.45010992884635925,8.767566680908203
1789130189629954800,139.03595483398436,11.51611042022705,-2.2840683460235596,3.160346269607544
1789130189645950000,139.05194995117188,7.015010833740234,-2.207453966140747,2.140416383743286
1789130189661949000,139.06794897460938,7.0772600173950195,-3.9408559799194336,4.170699596405029
1789130189677946400,139.0839462890625,10.505757331848145,0.10055647045373917,3.6774938106536865
1789130189693943800,139.09994384765625,9.605537414550781,-3.8594532012939453,3.251325845718384
1789130189709938000,139.11593798828125,13.560758590698242,-11.51611042022705,-3.155557870864868
1789130189725937700,139.13193774414063,14.556746482849121,-3.5194764137268066,4.2760443687438965
1789130189741936600,139.1479365234375,13.7666597366333,-2.9305028915405273,5.583278179168701
1789130189757942300,139.1639423828125,13.603854179382324,-4.094084739685059,4.711789131164551
1789130189773947600,139.17994775390625,13.565546989440918,-7.292738437652588,5.8657941818237305
1789130189789948200,139.1959482421875,7.996633529663086,-6.057330131530762,3.332728862762451
1789130189805945000,139.21194506835937,11.559206008911133,-2.9017724990844727,-3.993528366088867
1789130189837948200,139.2439482421875,3.4955344200134277,-7.240066051483154,-6.028599739074707
1789130189885964500,139.29196459960937,-4.946420669555664,-14.906299591064453,-4.290409564971924
1789130189901971200,139.30797119140624,10.232817649841309,-10.620678901672363,-1.6041151285171509
1789130189917983200,139.32398315429688,8.710105895996094,-11.195286750793457,1.2737152576446533
1789130189933985000,139.33998510742188,6.3302693367004395,-14.106636047363281,0.05746084079146385
1789130189957991000,139.36399096679688,-0.2537853717803955,-17.91820526123047,-5.5976433753967285
1789130189973990400,139.37999047851562,0.9385270476341248,-16.965312957763672,-7.469909191131592
1789130189989990700,139.39599072265625,3.318363666534424,-17.338808059692383,-8.068459510803223
1789130190005985000,139.41198510742188,3.667917013168335,-16.965312957763672,-7.287950038909912
1789130190021985300,139.4279853515625,3.5625722408294678,-15.049951553344727,-4.156333923339844
1789130190037985800,139.44398583984375,7.967903137207031,-15.662867546081543,-0.5841852426528931
1789130190053990000,139.45998999023436,6.627150535583496,-17.027563095092773,-0.26815059781074524
1789130190069999900,139.47599975585936,1.1109095811843872,-4.745307922363281,2.145204782485962
1789130190086010600,139.4920107421875,-6.464344501495361,5.760449409484863,4.338293552398682
1789130190102023400,139.5080234375,-4.577713489532471,0.6416460275650024,0.29209262132644653
1789130190118034400,139.5240344238281,-0.028730420395731926,-0.507570743560791,0.004788403399288654
1789130190134041600,139.54004150390625,-0.028730420395731926,-0.4884171485900879,0.014365210197865963
1789130190150048000,139.55604809570312,-0.043095629662275314,-0.49320554733276367,0.014365210197865963
1789130190166055400,139.57205541992187,-0.038307227194309235,-0.4884171485900879,0.023942016065120697
1789130190182063000,139.58806298828125,-0.033518824726343155,-0.507570743560791,0.028730420395731926
1789130190198069200,139.6040693359375,-0.004788403399288654,-0.5171475410461426,0.033518824726343155
1789130190214073600,139.62007348632812,-0.019153613597154617,-0.5219359993934631,0.05267243832349777
1789130190230073900,139.6360739746094,-0.028730420395731926,-0.5171475410461426,0.05746084079146385
1789130190246073900,139.65207397460938,-0.033518824726343155,-0.5219359993934631,0.07182604819536209
1789130190262079500,139.66807958984376,-0.05267243832349777,-0.5410895943641663,0.08619125932455063
1789130190278085000,139.68408520507813,-0.07182604819536209,-0.5315127968788147,0.09576806426048279
1789130190294087000,139.7000869140625,-0.10534487664699554,-0.5410895943641663,0.1149216815829277
1789130190310090000,139.71609008789062,-0.11013327538967133,-0.5267243981361389,0.1149216815829277
1789130190326093300,139.73209326171875,-0.16759411990642548,-0.5267243981361389,0.1388636976480484
1789130190342102500,139.7481025390625,-0.15801730751991272,-0.5363011956214905,0.16759411990642548
1789130190358115000,139.76411499023436,-27.059267044067383,-52.66764831542969,-48.41075897216797
1789130190374125300,139.78012524414063,2.1068975925445557,-24.741680145263672,-9.165003776550293
1789130190390130700,139.79613061523438,-25.69457244873047,9.011775016784668,5.281609058380127
1789130190406138400,139.81213842773437,-33.08308029174805,29.314605712890625,-25.115175247192383
1789130190422145300,139.82814526367187,-15.313314437866211,3.28963303565979,-10.409989356994629
1789130190438151000,139.84415087890625,11.91354751586914,-4.568136692047119,-2.2697031497955322
1789130190454158600,139.86015869140624,-0.7948749661445618,-0.038307227194309235,-11.061211585998535
1789130190470167000,139.8761669921875,-14.360422134399414,4.850652694702148,-4.2090067863464355
1789130190486175000,139.89217504882814,-14.159308433532715,2.2026655673980713,-5.1810526847839355
1789130190502185500,139.908185546875,-12.22000503540039,-2.049436569213867,-3.931279182434082
1789130190518201600,139.92420166015626,-10.951078414916992,-4.807557106018066,-3.28963303565979
1789130190534214100,139.94021411132812,-8.633491516113281,-5.9519853591918945,-3.620033025741577
1789130190550224400,139.95622436523436,-7.766790390014648,-6.191405773162842,-4.199429988861084
1789130190566237400,139.97223754882813,-8.44195556640625,-4.836287498474121,-3.7636849880218506
1789130190582245600,139.98824560546876,-8.518569946289062,-2.4420857429504395,-4.917690277099609
1789130190598260200,140.00426025390624,-8.178592681884766,-1.3455413579940796,-5.521028995513916
1789130190614274000,140.02027416992186,-3.869029998779297,-0.7996633648872375,-4.965574264526367
1789130190630287000,140.036287109375,0.47884035110473633,0.6129156351089478,-2.676717519760132
1789130190646293200,140.05229321289062,6.382941722869873,2.6192567348480225,0.6512228846549988
1789130190662301400,140.06830151367188,-0.33997663855552673,2.231395959854126,1.8483237028121948
1789130190678318300,140.084318359375,-6.512228488922119,-0.2968810200691223,2.849100112915039
1789130190694332200,140.10033227539063,-5.655104637145996,-1.9057846069335938,2.542642116546631
1789130190710344200,140.11634423828124,-34.648887634277344,-9.23682975769043,6.2632317543029785
1789130190726361900,140.13236181640625,-33.05913543701172,-5.295974254608154,7.422025203704834
1789130190742372400,140.14837231445313,3.7636849880218506,-3.687070608139038,3.5003228187561035
1789130190758381000,140.16438110351564,-14.288596153259277,-2.1787235736846924,2.786850690841675
1789130190774388500,140.18038842773439,12.15296745300293,-2.585737943649292,2.432508945465088
1789130190790400000,140.19639990234376,-1.3551181554794312,-3.227383852005005,3.620033025741577
1789130190806411300,140.21241137695313,-16.15128517150879,-2.4133553504943848,4.390965938568115
1789130190822422800,140.2284228515625,-13.388376235961914,-0.3687070608139038,5.319916248321533
1789130190838437400,140.24443725585937,-11.372458457946777,0.4165911078453064,6.162675380706787
1789130190854452000,140.26045190429687,-9.370905876159668,1.5705963373184204,10.251971244812012
1789130190870463200,140.27646313476563,-12.938265800476074,0.828393816947937,-0.5554547905921936
1789130190886481700,140.29248168945313,-10.132261276245117,-2.5905263423919678,-4.965574264526367
1789130190902491100,140.3084912109375,-8.327033042907715,-2.892195701599121,2.9257144927978516
1789130190918501600,140.32450170898437,-7.311892032623291,-3.045424461364746,6.57926607131958
1789130190934514700,140.3405146484375,-9.289502143859863,-2.3702597618103027,8.2312650680542
1789130190950527200,140.35652734375,-11.171344757080078,1.335964560508728,11.425130844116211
1789130190966539000,140.3725390625,-11.003750801086426,-0.7182605266571045,6.497863292694092
1789130190982551600,140.38855151367187,-9.643844604492188,-0.05267243832349777,2.274491548538208
1789130190998559500,140.4045595703125,-10.02691650390625,1.0342950820922852,11.5065336227417
1789130191014566100,140.42056616210937,-9.543288230895996,-2.011129379272461,6.675034523010254
1789130191030572500,140.43657250976563,-1.9249382019042969,-0.49320554733276367,4.750096321105957
1789130191046575600,140.45257568359375,-7.513004779815674,-0.7757213711738586,4.989516258239746
1789130191062581800,140.46858178710937,-5.779603004455566,1.8531121015548706,2.5905263423919678
1789130191078589400,140.48458935546876,-7.254431247711182,0.5219359993934631,-1.139639973640442
1789130191094595800,140.50059594726562,-9.988609313964844,-4.027047157287598,-4.170699596405029
1789130191110604500,140.5166044921875,-9.375694274902344,-4.649539470672607,-6.440402507781982
1789130191126612500,140.53261254882813,-9.797073364257812,-7.249642848968506,-11.793837547302246
1789130191142624000,140.5486240234375,-5.51624059677124,-4.654327869415283,-7.053318023681641
1789130191158633500,140.56463354492186,-7.038952827453613,-3.4572272300720215,-5.928043365478516
1789130191174647600,140.5806474609375,-5.171475887298584,-1.6376339197158813,-4.51067590713501
1789130191190666000,140.596666015625,-3.2321722507476807,-0.9672574996948242,-2.9975404739379883
1789130191206680800,140.61268090820312,3.270479440689087,-1.7477672100067139,0.8188169598579407
1789130191222696700,140.62869677734375,-5.57370138168335,0.3878606855869293,0.9768342971801758
1789130191238708500,140.64470849609376,-24.693796157836914,-2.719813108444214,1.5131354331970215
1789130191254722300,140.66072241210938,-22.6730899810791,1.3503297567367554,-3.8355112075805664
1789130191270737000,140.67673681640625,-11.08994197845459,0.038307227194309235,-5.343858242034912
1789130191286754300,140.69275439453125,-13.737929344177246,-6.100425720214844,3.44765043258667
1789130191302770000,140.70877001953124,-4.256890773773193,1.8962076902389526,0.14844051003456116
1789130191318792700,140.7247927246094,-8.753201484680176,4.309563159942627,1.5322890281677246
1789130191334816300,140.74081616210938,-10.802638053894043,3.509899616241455,-0.5793967843055725
1789130191350835200,140.75683520507812,-11.717223167419434,1.5753847360610962,-2.4133553504943848
1789130191366855200,140.77285522460937,-11.5065336227417,1.8483237028121948,-0.9145850539207458
1789130191382867500,140.78886743164063,-12.741941452026367,2.7772738933563232,2.7293899059295654
1789130191398880500,140.80488061523437,-12.114660263061523,4.017470359802246,5.3342814445495605
1789130191414894000,140.82089404296875,-11.683704376220703,4.481945514678955,7.173028469085693
1789130191430904600,140.83690454101563,-11.923124313354492,3.2752678394317627,9.648633003234863
1789130191446916900,140.85291674804688,-14.33169174194336,4.4292731285095215,12.837709426879883
1789130191462930200,140.86893017578126,-15.480908393859863,6.081272125244141,15.533580780029297
1789130191478943700,140.88494384765625,-17.266983032226562,5.889736175537109,16.443376541137695
1789130191494957300,140.90095727539062,-14.767436027526855,3.6727054119110107,14.925453186035156
1789130191510972700,140.91697265625,-11.348516464233398,-0.7996633648872375,12.138602256774902
1789130191526987300,140.9329873046875,-7.6997528076171875,-2.652775526046753,8.078036308288574
1789130191543001300,140.94900146484375,-5.861005783081055,1.192312479019165,7.972691535949707
1789130191559016000,140.96501586914061,-3.9408559799194336,3.7014358043670654,8.662221908569336
1789130191575032600,140.98103247070313,-1.1300631761550903,4.285621166229248,7.086836814880371
1789130191591048000,140.9970478515625,-1.2641384601593018,4.764461517333984,6.6127848625183105
1789130191607059200,141.01305908203125,-2.207453966140747,4.223371982574463,5.506663799285889
1789130191623074800,141.02907470703124,-1.460463047027588,3.4332852363586426,2.75812029838562
1789130191639083000,141.0450830078125,-0.8667010068893433,2.494758129119873,2.126051187515259
1789130191655093200,141.06109326171875,-0.4165911078453064,2.31758713722229,2.964021682739258
1789130191671102500,141.0771025390625,0.5937620401382446,2.7246015071868896,2.978386878967285
1789130191687111400,141.093111328125,1.460463047027588,2.121262788772583,2.3558945655822754
1789130191703120100,141.1091201171875,0.608127236366272,1.8914192914962769,1.8387469053268433
1789130191719128000,141.12512817382813,-4.994304656982422,3.5913026332855225,0.5554547905921936
1789130191735141000,141.14114111328124,10.122684478759766,5.104437828063965,-2.0925323963165283
1789130191751153200,141.15715307617188,2.9448680877685547,0.9481038451194763,-1.2114660739898682
1789130191767164400,141.17316430664061,7.450755596160889,1.8195933103561401,-2.0638017654418945
1789130191783174400,141.18917431640625,7.134721279144287,2.250549554824829,-0.17717093229293823
1789130191799187200,141.20518725585939,4.932055473327637,1.5705963373184204,1.7621324062347412
1789130191815203600,141.22120361328126,1.987187385559082,0.8523358106613159,2.2457611560821533
1789130191831213600,141.23721362304687,10.108319282531738,4.529829502105713,2.652775526046753
1789130191847218200,141.25321826171876,10.975020408630371,7.091625213623047,2.983175277709961
1789130191863225600,141.2692255859375,9.404424667358398,8.427590370178223,1.920149803161621
1789130191879235600,141.2852355957031,10.951078414916992,6.172252178192139,3.892971992492676
1789130191895244800,141.30124487304687,13.761871337890625,1.987187385559082,1.6184803247451782
1789130191911255800,141.317255859375,12.81855583190918,-0.9241618514060974,-0.1149216815829277
1789130191927267000,141.33326708984376,12.258312225341797,0.10055647045373917,0.49320554733276367
1789130191943281000,141.34928100585938,11.784260749816895,4.63517427444458,0.9385270476341248
1789130191959292000,141.3652919921875,9.979032516479492,6.517016887664795,0.9528923034667969
1789130191975299600,141.38129956054686,7.503427982330322,5.219359874725342,0.727837324142456
1789130191991309800,141.39730981445314,6.876147270202637,4.304774761199951,0.7613561153411865
1789130192007316700,141.4133166503906,7.939172744750977,5.142745018005371,0.9576807022094727
1789130192023325000,141.42932495117188,5.875370979309082,9.998186111450195,0.363918662071228
1789130192039330000,141.445330078125,4.458003520965576,9.452308654785156,-3.313575267791748
1789130192055336000,141.4613359375,4.831499099731445,7.627926826477051,-1.3311761617660522
1789130192071342000,141.47734204101562,6.909666061401367,6.560112476348877,-0.06224924325942993
1789130192087348000,141.49334790039063,7.489062786102295,6.6127848625183105,0.40222588181495667
1789130192103354400,141.50935424804686,6.18182897567749,7.766790390014648,0.9097966551780701
1789130192119361000,141.52536108398436,5.631162166595459,7.843404769897461,0.5410895943641663
1789130192135366000,141.5413659667969,5.171475887298584,7.560888767242432,-0.004788403399288654
1789130192151369700,141.55736962890626,3.907337188720703,7.091625213623047,-0.5171475410461426
1789130192167379200,141.57337915039062,3.136404275894165,6.54574728012085,-1.235408067703247
1789130192183392300,141.58939233398436,3.337517261505127,6.493074893951416,-3.1507694721221924
1789130192199400200,141.60540014648439,4.031835556030273,6.574477672576904,-4.534617900848389
1789130192215404500,141.62140454101564,4.280832767486572,6.3302693367004395,-4.716577529907227
1789130192231414500,141.63741455078124,4.371812343597412,6.296750545501709,-4.213795185089111
1789130192247421200,141.6534211425781,5.382165431976318,6.789956092834473,-2.7916390895843506
1789130192263425300,141.66942529296875,5.195417881011963,7.038952827453613,-1.920149803161621
1789130192279435300,141.68543530273436,7.187393665313721,7.718906402587891,-2.38462495803833
1789130192295444700,141.70144482421875,7.168240070343018,7.608773231506348,-2.0207061767578125
1789130192311457000,141.71745703125,7.321468830108643,7.733271598815918,-1.8100165128707886
1789130192327462000,141.7334619140625,6.7708024978637695,7.503427982330322,-2.121262788772583
1789130192343468800,141.74946875,6.703764915466309,7.1490864753723145,-2.4899697303771973
1789130192359473700,141.7654736328125,6.4834980964660645,6.8043212890625,-2.5953147411346436
1789130192375480000,141.78147998046876,6.191405773162842,6.957550048828125,-2.5665841102600098
1789130192391486200,141.797486328125,6.3973069190979,7.182605266571045,-2.3798365592956543
1789130192407489000,141.81348901367187,6.675034523010254,7.321468830108643,-2.164358377456665
1789130192423490000,141.82948999023438,6.584054470062256,7.556100368499756,-1.7525556087493896
1789130192439491000,141.8454909667969,6.349422931671143,7.7428483963012695,-1.580173134803772
1789130192455490000,141.86148999023436,6.603208065032959,7.7763671875,-1.580173134803772
1789130192471499300,141.87749926757812,6.598419666290283,7.766790390014648,-1.6663644313812256
1789130192487504600,141.89350463867189,6.732495307922363,8.044517517089844,-1.5179238319396973
1789130192503513600,141.909513671875,7.359776020050049,8.135497093200684,-1.5322890281677246
1789130192519522800,141.92552270507812,7.905653953552246,8.054094314575195,-1.6424223184585571
1789130192535538400,141.94153833007812,8.197746276855469,8.054094314575195,-1.5418659448623657
1789130192551551500,141.9575515136719,8.743624687194824,8.38449478149414,-1.2306196689605713
1789130192567560400,141.973560546875,9.284713745117188,8.24084186553955,-0.9959878921508789
1789130192583571500,141.98957153320313,9.064447402954102,7.819462776184082,-1.0103530883789062
1789130192599584500,142.00558447265624,8.24084186553955,7.508216381072998,-1.3503297567367554
1789130192615596300,142.02159619140625,6.971915245056152,7.326257228851318,-1.5945383310317993
1789130192631605500,142.03760546875,6.004657745361328,7.168240070343018,-1.8818424940109253
1789130192647618800,142.05361889648438,5.228936672210693,7.053318023681641,-2.121262788772583
1789130192663630600,142.0696306152344,4.9799394607543945,7.029376029968262,-2.3032219409942627
1789130192679644200,142.08564404296874,5.061342239379883,6.689399719238281,-2.580949544906616
1789130192695653000,142.10165307617189,5.04218864440918,6.421248912811279,-2.8395233154296875
1789130192711664000,142.1176640625,4.912901878356934,6.497863292694092,-3.1028854846954346
1789130192727675400,142.13367529296875,5.142745018005371,6.406883716583252,-3.136404275894165
1789130192743690200,142.1496901855469,5.219359874725342,6.205770969390869,-3.4524388313293457
1789130192759699500,142.16569946289061,4.836287498474121,6.1052141189575195,-3.428496837615967
1789130192775708700,142.18170874023437,4.410119533538818,6.27280855178833,-3.4524388313293457
1789130192791721200,142.19772119140626,4.534617900848389,6.311115741729736,-3.6822822093963623
1789130192807730200,142.21373022460938,4.707000732421875,6.296750545501709,-3.5051112174987793
1789130192823740200,142.229740234375,4.687847137451172,6.411672115325928,-3.3039982318878174
1789130192839748400,142.24574829101562,4.8937482833862305,6.512228488922119,-3.294421434402466
1789130192855756000,142.26175610351564,5.4252610206604,6.555324077606201,-3.2082302570343018
1789130192871768800,142.27776879882813,5.913678169250488,6.517016887664795,-3.222595453262329
1789130192887777000,142.29377709960937,6.01423454284668,6.493074893951416,-3.28963303565979
1789130192903780400,142.3097802734375,6.052541732788086,6.4834980964660645,-3.44765043258667
1789130192919778300,142.3257783203125,6.296750545501709,6.411672115325928,-3.4763808250427246
1789130192935783400,142.3417834472656,6.517016887664795,6.4164605140686035,-3.337517261505127
1789130192951787800,142.35778784179686,6.4834980964660645,6.670246124267578,-3.141192674636841
1789130192967790600,142.37379052734374,6.871358871459961,6.976703643798828,-2.9065608978271484
1789130192983793400,142.38979345703126,7.331045627593994,6.933608055114746,-2.6240451335906982
1789130192999800600,142.40580053710937,7.240066051483154,6.89530086517334,-2.542642116546631
1789130193015808000,142.42180810546876,7.072471618652344,7.015010833740234,-2.499546527862549
1789130193031815000,142.43781494140626,7.2352776527404785,7.091625213623047,-2.389413356781006
1789130193047821300,142.4538212890625,7.398083209991455,7.115567684173584,-2.2457611560821533
1789130193063825000,142.4698249511719,7.546523571014404,7.158663272857666,-2.164358377456665
1789130193079822000,142.48582202148438,7.603984832763672,7.240066051483154,-2.126051187515259
1789130193095822600,142.50182250976562,7.603984832763672,7.422025203704834,-2.011129379272461
1789130193111819000,142.51781909179687,7.6566572189331055,7.383718013763428,-2.0638017654418945
1789130193127819000,142.5338190917969,7.422025203704834,7.1921820640563965,-2.140416383743286
1789130193143817700,142.54981762695311,6.947973251342773,7.182605266571045,-2.293645143508911
1789130193159816200,142.56581616210937,6.71334171295166,7.2113356590271,-2.403778553009033
1789130193175819500,142.58181958007813,6.732495307922363,7.225700855255127,-2.298433542251587
1789130193191826000,142.59782592773436,6.823474884033203,7.24485445022583,-2.255337953567505
1789130193207828500,142.61382836914063,6.909666061401367,7.249642848968506,-2.231395959854126
1789130193223834000,142.62983422851562,6.919242858886719,7.158663272857666,-2.2840683460235596
1789130193239837400,142.64583740234374,6.775590896606445,7.101202011108398,-2.4660277366638184
1789130193255851500,142.6618515625,6.588842868804932,7.01979923248291,-2.7437551021575928
1789130193271864000,142.67786401367186,6.426037311553955,6.890512466430664,-2.8347349166870117
1789130193287870500,142.69387036132812,6.287173748016357,6.8809356689453125,-2.8347349166870117
1789130193303878700,142.70987866210936,6.234501361846924,6.900089263916016,-2.7772738933563232
1789130193319883300,142.72588330078125,6.129156112670898,6.742072105407715,-2.782062292098999
1789130193335890400,142.7418903808594,5.765237808227539,6.742072105407715,-2.8826189041137695
1789130193351901000,142.75790087890624,5.4875102043151855,6.919242858886719,-2.782062292098999
1789130193367910700,142.77391064453124,5.477933406829834,6.976703643798828,-2.6192567348480225
1789130193383922700,142.7899226074219,5.492298603057861,6.933608055114746,-2.4899697303771973
1789130193399929300,142.8059294433594,5.530605792999268,6.890512466430664,-2.557007312774658
1789130193415935200,142.82193530273437,5.726930618286133,6.900089263916016,-2.561795711517334
1789130193431941000,142.8379411621094,5.971138954162598,6.900089263916016,-2.403778553009033
1789130193447945000,142.85394506835937,5.980715751647949,6.981492042541504,-2.4181437492370605
1789130193463948500,142.86994848632813,6.0190229415893555,7.005434036254883,-2.6815059185028076
1789130193479957000,142.88595703125,6.253654956817627,6.900089263916016,-2.8634653091430664
1789130193495964700,142.90196459960939,6.358999729156494,6.876147270202637,-2.940079689025879
1789130193511964700,142.91796459960938,6.339846134185791,6.995857238769531,-2.896984100341797
1789130193527965200,142.9339650878906,6.3973069190979,7.173028469085693,-2.782062292098999
1789130193543971800,142.94997192382812,6.531382083892822,7.254431247711182,-2.5905263423919678
1789130193559976000,142.96597583007812,6.512228488922119,7.297526836395264,-2.470816135406494
1789130193575982000,142.98198217773438,6.4834980964660645,7.292738437652588,-2.4468741416931152
1789130193591987200,142.9979873046875,6.502651691436768,7.287950038909912,-2.346317768096924
1789130193607993600,143.01399365234374,6.833051681518555,7.321468830108643,-2.1787235736846924
1789130193623996700,143.02999658203126,6.756437301635742,7.479485988616943,-1.9632453918457031
1789130193639998500,143.04599853515626,6.36378812789917,7.5417351722717285,-1.9584569931030273
1789130193656007400,143.06200732421874,6.210559368133545,7.690176010131836,-2.3319525718688965
1789130193672017700,143.078017578125,6.253654956817627,7.661445617675781,-2.2218191623687744
1789130193688032800,143.09403271484376,5.803544998168945,7.733271598815918,-2.207453966140747
1789130193704043300,143.11004321289062,6.0621185302734375,7.795520782470703,-2.293645143508911
1789130193720053200,143.12605322265625,5.899312973022461,8.33182144165039,-2.2409727573394775
1789130193736067800,143.14206787109376,6.2632317543029785,8.039729118347168,-2.3271639347076416
1789130193752079600,143.15807958984374,6.607996463775635,7.872135162353516,-2.3080103397369385
1789130193768088600,143.17408862304688,5.947196960449219,7.7763671875,-2.456450939178467
1789130193784099800,143.19009985351562,5.152322292327881,7.575253963470459,-2.10210919380188
1789130193800113400,143.20611352539063,4.778826713562012,7.762001991271973,-2.1547815799713135
1789130193816123400,143.22212329101563,5.30076265335083,7.766790390014648,-2.5091233253479004
1789130193832132600,143.23813256835936,6.028599739074707,7.771578788757324,-2.853888511657715
1789130193848147500,143.2541474609375,5.540182590484619,7.752425193786621,-2.609679937362671
1789130193864168000,143.27016796875,4.922478675842285,7.580042362213135,-2.140416383743286
1789130193880181200,143.28618115234374,4.51067590713501,7.618350028991699,-1.6615760326385498
1789130193896198700,143.30219873046875,4.367023944854736,7.637503623962402,-1.580173134803772
1789130193912215000,143.31821508789062,4.520252704620361,7.565677165985107,-1.5753847360610962
1789130193928223200,143.33422314453125,4.649539470672607,7.819462776184082,-1.6855180263519287
1789130193944230700,143.35023071289064,4.898536682128906,7.757213592529297,-2.2026655673980713
1789130193960241700,143.36624169921876,5.257667064666748,7.393294811248779,-2.0877439975738525
1789130193976249900,143.38224975585936,5.765237808227539,7.201758861541748,-1.9823989868164062
1789130193992263000,143.39826293945313,6.4164605140686035,7.321468830108643,-1.680729627609253
1789130194008269000,143.41426904296875,6.761225700378418,7.383718013763428,-1.6089035272598267
1789130194024284700,143.43028466796875,5.971138954162598,7.915230751037598,-1.3694833517074585
1789130194040293600,143.44629370117187,5.171475887298584,8.192957878112793,-1.5849615335464478
1789130194056303900,143.4623039550781,3.7397429943084717,8.327033042907715,-1.7190368175506592
1789130194072314000,143.4783142089844,3.797203779220581,8.121131896972656,-1.8722656965255737
1789130194088323300,143.4943232421875,5.396530628204346,7.86734676361084,-1.2401964664459229
1789130194104330800,143.51033081054686,5.506663799285889,7.264008045196533,-0.42616790533065796
1789130194120333000,143.5263330078125,1.7477672100067139,7.694964408874512,-1.6280571222305298
1789130194136337400,143.54233740234375,-4.323928356170654,8.844181060791016,-3.620033025741577
1789130194152351000,143.55835107421876,-7.508216381072998,8.101978302001953,-4.606443881988525
1789130194168358400,143.5743583984375,-9.509769439697266,6.703764915466309,-6.042964935302734
1789130194184362500,143.59036254882812,-5.5976433753967285,5.406107425689697,-5.57370138168335
1789130194200371700,143.60637182617188,9.117119789123535,3.098097085952759,-3.864241600036621
1789130194216381400,143.62238134765624,14.896722793579102,5.635950565338135,-0.5650315880775452
1789130194232390100,143.63839013671875,16.031574249267578,8.29830265045166,2.011129379272461
1789130194248403200,143.6544033203125,15.40429401397705,9.557653427124023,1.8531121015548706
1789130194264411600,143.67041162109376,13.340492248535156,10.620678901672363,-0.2825157940387726
1789130194280420000,143.68642016601564,11.219228744506836,10.615890502929688,-2.63362193107605
1789130194296433200,143.70243310546874,11.037269592285156,8.667010307312012,-4.10366153717041
1789130194312441300,143.71844140625,9.75397777557373,7.474697589874268,-3.4955344200134277
1789130194328450300,143.7344501953125,6.732495307922363,6.909666061401367,-2.8107926845550537
1789130194344460000,143.7504599609375,4.137180328369141,7.01979923248291,-2.7533318996429443
1789130194360467000,143.76646704101563,2.9688100814819336,7.4316020011901855,-2.8586769104003906
1789130194376473900,143.78247387695313,2.786850690841675,7.3693528175354,-3.3423056602478027
1789130194392479500,143.7984794921875,3.1651346683502197,6.852205276489258,-3.3901896476745605
1789130194408485000,143.8144851074219,4.185064792633057,6.157886981964111,-3.5051112174987793
1789130194424492000,143.83049194335936,4.975151062011719,6.2201361656188965,-3.4572272300720215
1789130194440500000,143.8465,5.669469833374023,6.828263282775879,-3.0837318897247314
1789130194456510000,143.86251000976563,6.191405773162842,7.311892032623291,-2.499546527862549
1789130194472520000,143.87852001953124,6.943184852600098,7.560888767242432,-1.8339585065841675
1789130194488529000,143.89452880859375,7.326257228851318,7.513004779815674,-1.6711528301239014
1789130194504536300,143.91053637695313,6.584054470062256,7.536946773529053,-1.8531121015548706
1789130194520542200,143.92654223632812,5.602431774139404,7.690176010131836,-2.2697031497955322
1789130194536547600,143.9425476074219,5.061342239379883,7.886500358581543,-2.518700122833252
1789130194552554800,143.9585546875,4.726154327392578,7.848193168640137,-2.647987127304077
1789130194568560000,143.97456005859374,4.400542736053467,7.785943984985352,-2.715024709701538
1789130194584560600,143.990560546875,4.323928356170654,7.680599212646484,-2.782062292098999
1789130194600561700,144.00656176757812,4.841075897216797,7.642292022705078,-2.762908697128296
1789130194616562700,144.02256274414063,5.281609058380127,7.503427982330322,-2.5953147411346436
1789130194632564700,144.03856469726563,5.396530628204346,7.5417351722717285,-2.4660277366638184
1789130194648566300,144.05456616210938,5.51624059677124,7.580042362213135,-2.7054479122161865
1789130194664566300,144.07056616210937,5.726930618286133,7.4986395835876465,-2.868253707885742
1789130194680564000,144.08656396484375,5.784391403198242,7.445967197418213,-2.7964274883270264
1789130194696564200,144.10256420898438,5.329493045806885,7.618350028991699,-2.6862943172454834
1789130194712568000,144.11856811523438,4.95120906829834,7.943961143493652,-2.671929121017456
1789130194728575000,144.13457495117189,4.884171485900879,8.259995460510254,-2.427720546722412
1789130194744584000,144.150583984375,4.989516258239746,8.24084186553955,-2.097320795059204
1789130194760590300,144.16659033203126,5.386953830718994,8.106766700744629,-2.0638017654418945
1789130194776603100,144.18260302734376,5.655104637145996,8.097189903259277,-2.0015525817871094
1789130194792616000,144.19861596679686,5.319916248321533,8.192957878112793,-1.9153614044189453
1789130194808627200,144.21462719726563,0.569819986820221,8.073247909545898,-3.687070608139038
1789130194824633900,144.2306337890625,1.1348515748977661,8.7484130859375,-3.0166940689086914
1789130194840635100,144.24663525390625,4.400542736053467,8.461109161376953,-1.7381904125213623
1789130194856635000,144.262634765625,6.2632317543029785,8.892065048217773,-1.6424223184585571
1789130194872641800,144.27864184570313,6.584054470062256,8.508993148803711,-2.7437551021575928
1789130194888644000,144.29464404296874,5.501875400543213,7.350199222564697,-2.8826189041137695
1789130194904640800,144.31064086914063,4.280832767486572,6.756437301635742,-3.1268274784088135
1789130194920637700,144.3266376953125,4.410119533538818,6.866570472717285,-3.533841609954834
1789130194936637000,144.34263696289062,5.7987565994262695,7.532158374786377,-2.8203697204589844
1789130194952640000,144.3586398925781,7.603984832763672,7.8960771560668945,-1.4652514457702637
1789130194968640000,144.37463989257813,10.204087257385254,7.771578788757324,-1.4844050407409668
1789130194984640500,144.390640625,9.457097053527832,7.647080421447754,-1.867477297782898
1789130195000637200,144.40663720703125,6.995857238769531,7.4986395835876465,-2.5905263423919678
1789130195016637400,144.42263745117188,5.453991413116455,7.42681360244751,-3.112462282180786
1789130195032644900,144.43864477539063,3.399766445159912,7.374141216278076,-2.849100112915039
1789130195048649200,144.45464916992188,1.4844050407409668,8.336610794067383,-3.8163576126098633
1789130195064653300,144.4706533203125,4.189853191375732,8.413225173950195,-2.9544448852539062
1789130195080653800,144.48665380859376,6.943184852600098,7.613561630249023,-1.6376339197158813
1789130195096653800,144.50265380859375,8.183381080627441,7.661445617675781,-1.7908629179000854
1789130195112655000,144.51865502929687,6.866570472717285,7.666234016418457,-2.427720546722412
1789130195128657700,144.53465771484375,5.013458251953125,7.5417351722717285,-2.911349296569824
1789130195144658200,144.550658203125,4.242525577545166,7.886500358581543,-3.160346269607544
1789130195160657400,144.56665747070312,4.592078685760498,8.336610794067383,-2.719813108444214
1789130195176657200,144.5826572265625,5.0900726318359375,8.810662269592285,-2.011129379272461
1789130195192659200,144.5986591796875,5.1810526847839355,8.705317497253418,-1.460463047027588
1789130195208658700,144.61465869140625,4.611232280731201,8.26478385925293,-1.5753847360610962
1789130195224666000,144.630666015625,2.1978771686553955,7.891288757324219,-2.983175277709961
1789130195240675300,144.64667529296875,0.16759411990642548,8.2312650680542,-4.371812343597412
1789130195256684800,144.66268481445312,4.060565948486328,8.154650688171387,-2.9257144927978516
1789130195272694300,144.6786943359375,6.287173748016357,8.212111473083496,-2.3080103397369385
1789130195288706000,144.6947060546875,6.076483726501465,7.967903137207031,-2.6862943172454834
1789130195304715800,144.7107158203125,4.199429988861084,7.556100368499756,-3.0119056701660156
1789130195320723500,144.72672338867187,2.983175277709961,7.575253963470459,-3.5865142345428467
1789130195336737500,144.74273754882813,3.318363666534424,8.073247909545898,-3.6966474056243896
1789130195352751900,144.758751953125,4.343081951141357,8.216899871826172,-3.0837318897247314
1789130195368760000,144.77476000976563,6.2392897605896,8.38449478149414,-2.647987127304077
1789130195384769800,144.79076977539063,7.201758861541748,7.996633529663086,-2.427720546722412
1789130195400770600,144.8067705078125,6.4164605140686035,7.412448406219482,-2.628833532333374
1789130195416772600,144.82277270507814,4.807557106018066,7.201758861541748,-3.069366693496704
1789130195432773600,144.83877368164062,2.279279947280884,8.097189903259277,-3.533841609954834
1789130195448776000,144.85477587890625,3.064578056335449,8.743624687194824,-3.600879430770874
1789130195464772000,144.87077221679687,3.9408559799194336,8.465897560119629,-2.5043349266052246
1789130195480776000,144.88677587890626,5.1331682205200195,8.111555099487305,-2.3271639347076416
1789130195496784600,144.90278466796875,5.817910194396973,7.819462776184082,-2.451662540435791
1789130195512789500,144.91878955078124,6.023811340332031,7.8529815673828125,-2.7054479122161865
1789130195528800500,144.93480053710937,4.903325080871582,7.843404769897461,-3.0119056701660156
1789130195544809500,144.9508095703125,5.559336185455322,8.20732307434082,-3.2992098331451416
1789130195560815000,144.96681518554686,6.885724067687988,7.939172744750977,-3.098097085952759
1789130195576820500,144.98282055664063,6.756437301635742,7.814674377441406,-2.7724854946136475
1789130195592821500,144.9988215332031,6.081272125244141,7.920019149780273,-2.6144683361053467
1789130195608828700,145.01482861328125,6.057330131530762,8.121131896972656,-2.7054479122161865
1789130195624837400,145.03083740234376,5.846640586853027,7.8960771560668945,-2.9257144927978516
1789130195640853200,145.04685327148437,5.099649429321289,7.771578788757324,-2.8107926845550537
1789130195656866600,145.06286645507814,4.548983097076416,7.943961143493652,-2.3511061668395996
1789130195672879900,145.0788798828125,5.4013190269470215,8.38449478149414,-1.072602391242981
1789130195688891000,145.0948908691406,8.427590370178223,8.125920295715332,0.181959331035614
1789130195704898600,145.11089868164063,8.935160636901855,7.51779317855835,0.44532153010368347
1789130195720906200,145.12690625,8.504204750061035,7.000645637512207,-0.9959878921508789
1789130195736917200,145.14291723632812,7.331045627593994,7.201758861541748,-2.1164743900299072
1789130195752925000,145.15892504882814,5.750872611999512,7.378929615020752,-2.585737943649292
1789130195768935400,145.17493530273438,4.922478675842285,7.532158374786377,-2.231395959854126
1789130195784945400,145.1909453125,4.156333923339844,7.694964408874512,-1.6711528301239014
1789130195800961500,145.20696142578126,3.5865142345428467,7.771578788757324,-1.2641384601593018
1789130195816970200,145.22297021484374,3.4955344200134277,8.149862289428711,-0.751779317855835
1789130195832980700,145.23898071289062,3.883395195007324,8.221688270568848,-0.7852981686592102
1789130195848989700,145.25498974609374,4.146757125854492,8.250418663024902,-0.7086837291717529
1789130195865002500,145.27100244140624,4.4532151222229,8.145073890686035,-0.6320692300796509
1789130195881015000,145.28701513671874,4.802768707275391,7.948749542236328,-0.7709329724311829
1789130195897025800,145.30302587890625,5.118803024291992,7.939172744750977,-1.1252747774124146
1789130195913041400,145.31904150390625,4.903325080871582,7.7763671875,-1.3982137441635132
1789130195929052000,145.33505200195313,4.764461517333984,7.977479934692383,-1.436521053314209
1789130195945056800,145.35105688476563,4.812345504760742,8.192957878112793,-1.556231141090393
1789130195961071000,145.3670710449219,4.999093055725098,8.250418663024902,-1.4700398445129395
1789130195977085700,145.38308569335936,5.109226226806641,8.255207061767578,-1.3072341680526733
1789130195993098200,145.39909814453125,4.898536682128906,8.202534675598145,-1.158793568611145
1789130196009114000,145.41511401367188,4.592078685760498,8.489839553833008,-0.9289502501487732
1789130196025123000,145.431123046875,4.5825018882751465,8.40843677520752,-1.6041151285171509
1789130196041133800,145.4471337890625,5.51624059677124,7.766790390014648,-1.987187385559082
1789130196057145300,145.46314526367186,6.114790916442871,7.68538761138916,-1.5945383310317993
1789130196073153300,145.4791533203125,6.119579315185547,7.948749542236328,-1.2832920551300049
1789130196089161000,145.49516088867188,5.506663799285889,8.40843677520752,-1.0582371950149536
1789130196105171700,145.51117163085937,4.649539470672607,8.374917984008789,-1.192312479019165
1789130196121186600,145.5271865234375,4.4532151222229,8.101978302001953,-2.0877439975738525
1789130196137193500,145.543193359375,5.343858242034912,8.365341186523438,-2.2649147510528564
1789130196153198300,145.5591982421875,6.756437301635742,8.010998725891113,-1.968033790588379
1789130196169204200,145.57520434570313,6.67982292175293,7.613561630249023,-1.4891934394836426
1789130196185208300,145.59120825195313,6.2632317543029785,7.532158374786377,-1.9393033981323242
1789130196201211000,145.6072109375,5.698200225830078,7.65186882019043,-2.1547815799713135
1789130196217215200,145.62321533203124,5.224148273468018,7.843404769897461,-2.145204782485962
1789130196233225000,145.63922485351563,4.845864295959473,7.987056732177734,-2.140416383743286
1789130196249234200,145.65523413085938,4.663905143737793,8.169015884399414,-1.900996208190918
1789130196265249000,145.6712490234375,5.013458251953125,8.154650688171387,-1.8387469053268433
1789130196281263900,145.68726391601564,5.492298603057861,7.95832633972168,-1.8483237028121948
1789130196297273000,145.70327319335937,5.420472621917725,7.690176010131836,-1.9153614044189453
1789130196313284900,145.71928491210937,5.214571475982666,7.6997528076171875,-2.0685901641845703
1789130196329291000,145.735291015625,5.276820659637451,7.690176010131836,-2.1499931812286377
1789130196345295400,145.75129541015625,5.353435039520264,7.747636795043945,-2.1068975925445557
1789130196361300700,145.76730078125,5.353435039520264,7.838616371154785,-1.9345149993896484
1789130196377306600,145.783306640625,5.281609058380127,7.977479934692383,-1.8483237028121948
1789130196393309000,145.79930883789064,5.142745018005371,8.111555099487305,-1.7956513166427612
1789130196409317400,145.8153173828125,5.142745018005371,8.236053466796875,-1.6136919260025024
1789130196425319200,145.83131909179687,5.339069843292236,8.26478385925293,-1.479616641998291
1789130196441322200,145.847322265625,5.420472621917725,8.269572257995605,-1.4748282432556152
1789130196457323500,145.8633234863281,5.449203014373779,8.159439086914062,-1.6089035272598267
1789130196473328400,145.87932836914064,5.616796970367432,8.054094314575195,-1.7381904125213623
1789130196489336600,145.89533666992187,5.750872611999512,7.948749542236328,-1.7334020137786865
1789130196505350100,145.91135009765625,5.770026206970215,7.948749542236328,-1.7764976024627686
1789130196529369600,145.93536962890624,5.415684223175049,7.90086555480957,-1.6950948238372803
1789130196545385500,145.95138549804688,5.233725070953369,7.939172744750977,-1.7334020137786865
1789130196561398800,145.96739868164062,5.17626428604126,7.987056732177734,-1.7286136150360107
1789130196577406200,145.98340625,5.228936672210693,8.030152320861816,-1.7286136150360107
1789130196593419300,145.99941918945314,5.415684223175049,7.95832633972168,-1.7956513166427612
1789130196609430500,146.01543041992187,5.655104637145996,7.915230751037598,-1.7860745191574097
1789130196625438500,146.0314384765625,5.937620162963867,7.833827972412109,-1.824381709098816
1789130196641453600,146.04745361328125,5.8657941818237305,7.805097579956055,-1.7908629179000854
1789130196657470200,146.06347021484376,5.640739440917969,7.833827972412109,-1.8195933103561401
1789130196673482000,146.07948193359374,5.5114521980285645,7.843404769897461,-1.886630892753601
1789130196689498000,146.095498046875,5.439626216888428,7.857769966125488,-1.9153614044189453
1789130196705515500,146.111515625,5.549759387969971,7.90086555480957,-1.8387469053268433
1789130196721539000,146.1275390625,5.588066577911377,8.001421928405762,-1.6711528301239014
1789130196737554400,146.14355444335936,5.7556610107421875,8.030152320861816,-1.6089035272598267
1789130196753570000,146.1595700683594,5.841852188110352,7.948749542236328,-1.6519991159439087
1789130196769589500,146.17558959960937,5.722142219543457,7.857769966125488,-1.7956513166427612
1789130196785611000,146.19161108398438,5.765237808227539,7.757213592529297,-1.9105730056762695
1789130196801626400,146.20762646484374,5.875370979309082,7.65186882019043,-1.8914192914962769
1789130196817640000,146.22363989257812,5.698200225830078,7.627926826477051,-1.8962076902389526
1789130196833653500,146.23965356445314,5.343858242034912,7.805097579956055,-1.8579005002975464
1789130196849669400,146.25566943359374,5.099649429321289,7.987056732177734,-1.824381709098816
1789130196865686300,146.2716862792969,5.310339450836182,7.905653953552246,-1.7717092037200928
1789130196881704000,146.2877038574219,5.501875400543213,7.891288757324219,-1.556231141090393
1789130196897720000,146.30371997070313,5.568912982940674,8.001421928405762,-1.556231141090393
1789130196913734700,146.31973461914063,5.473145008087158,8.068459510803223,-1.6328455209732056
1789130196929747200,146.33574731445313,5.492298603057861,7.99184513092041,-1.656787633895874
1789130196945761000,146.35176098632812,5.588066577911377,7.891288757324219,-1.7190368175506592
1789130196961773300,146.36777319335937,5.6455278396606445,7.833827972412109,-1.766920804977417
1789130196977791000,146.383791015625,5.779603004455566,7.819462776184082,-1.7525556087493896
1789130196993809700,146.3998095703125,5.837063789367676,7.843404769897461,-1.7286136150360107
1789130197009821700,146.41582177734375,5.7125654220581055,7.86734676361084,-1.723825216293335
1789130197025838600,146.43183862304687,5.679046630859375,7.8529815673828125,-1.7381904125213623
1789130197041853200,146.44785327148438,5.793968200683594,7.8098859786987305,-1.7621324062347412
1789130197057874400,146.46387451171876,5.760449409484863,7.766790390014648,-1.742978811264038
1789130197073892600,146.479892578125,5.540182590484619,7.838616371154785,-1.6855180263519287
1789130197089913300,146.49591333007814,5.4444146156311035,7.943961143493652,-1.6136919260025024
1789130197105936600,146.5119365234375,5.4875102043151855,7.886500358581543,-1.5705963373184204
1789130197121951000,146.52795092773437,5.420472621917725,7.766790390014648,-1.647210717201233
1789130197137966300,146.54396630859375,5.386953830718994,7.709329605102539,-1.699883222579956
1789130197153984500,146.55998461914064,5.544970989227295,7.575253963470459,-1.9584569931030273
1789130197170004500,146.57600439453125,5.679046630859375,7.417236804962158,-2.1356279850006104
1789130197186024000,146.59202392578126,5.8657941818237305,7.3885064125061035,-2.1739351749420166
1789130197202038500,146.60803857421874,6.339846134185791,7.469909191131592,-2.188300371170044
1789130197218050000,146.62405004882814,6.291962146759033,7.4316020011901855,-1.9584569931030273
1789130197234065700,146.64006567382813,6.023811340332031,7.436390399932861,-2.0207061767578125
1789130197250082600,146.65608251953125,5.851428985595703,7.51779317855835,-2.207453966140747
1789130197266098200,146.67209814453125,5.669469833374023,7.556100368499756,-2.2649147510528564
1789130197282110700,146.68811083984374,5.39174222946167,7.632715225219727,-2.2697031497955322
1789130197298127000,146.70412719726562,5.39174222946167,7.785943984985352,-2.346317768096924
1789130197314145300,146.72014526367187,5.702988624572754,7.886500358581543,-2.2361843585968018
1789130197330153200,146.7361533203125,5.870582580566406,7.876923561096191,-1.9153614044189453
1789130197346164000,146.7521640625,5.736507415771484,7.920019149780273,-1.7381904125213623
1789130197362174700,146.7681748046875,5.57370138168335,7.967903137207031,-1.900996208190918
1789130197378189000,146.78418896484374,5.48272180557251,7.987056732177734,-2.188300371170044
1789130197394205200,146.800205078125,5.406107425689697,7.9631147384643555,-2.183511972427368
1789130197410217500,146.81621752929686,5.48272180557251,8.106766700744629,-1.8339585065841675
1789130197426226700,146.83222680664062,5.353435039520264,8.293514251708984,-1.7142484188079834
1789130197442238500,146.84823852539063,5.152322292327881,8.422801971435547,-1.8579005002975464
1789130197458253600,146.86425366210938,5.305551052093506,8.221688270568848,-2.0829553604125977
1789130197474265600,146.880265625,5.161899089813232,8.212111473083496,-2.3511061668395996
1789130197498278100,146.90427807617186,4.467580318450928,8.20732307434082,-2.6384103298187256
1789130197514291700,146.92029174804688,4.3622355461120605,8.17380428314209,-2.3319525718688965
1789130197530307000,146.93630712890624,4.462791919708252,8.111555099487305,-1.8531121015548706
1789130197546328000,146.952328125,4.817133903503418,8.14028549194336,-1.8052281141281128
1789130197562344200,146.96834423828125,4.884171485900879,8.130708694458008,-1.766920804977417
1789130197578362400,146.9843623046875,4.8267107009887695,8.202534675598145,-1.7525556087493896
1789130197594382300,147.00038232421875,4.683058738708496,8.327033042907715,-1.9632453918457031
1789130197610407400,147.01640747070311,4.668693542480469,8.370129585266113,-2.0925323963165283
1789130197626428200,147.03242822265625,4.663905143737793,8.360552787780762,-2.0015525817871094
1789130197642446600,147.04844653320313,4.467580318450928,8.413225173950195,-1.886630892753601
1789130197658473700,147.0644736328125,4.481945514678955,8.705317497253418,-1.6855180263519287
1789130197674498800,147.08049877929687,4.501099109649658,8.853757858276367,-1.7860745191574097
1789130197690512400,147.09651245117186,4.338293552398682,8.69095230102539,-2.0159177780151367
1789130197706525200,147.1125251464844,4.32871675491333,8.5903959274292,-2.10210919380188
1789130197722541600,147.12854150390626,4.4532151222229,8.609549522399902,-2.1308395862579346
1789130197738557000,147.14455688476562,4.486733913421631,8.729259490966797,-2.006340980529785
1789130197754567000,147.16056689453126,4.2760443687438965,8.71489429473877,-1.9823989868164062
1789130197770576600,147.17657666015626,4.314351558685303,8.5903959274292,-1.920149803161621
1789130197786584600,147.19258447265625,4.481945514678955,8.465897560119629,-1.8291701078414917
1789130197802592800,147.2085927734375,5.114014625549316,8.389283180236816,-1.680729627609253
1789130197818604800,147.22460473632813,5.899312973022461,8.341399192810059,-1.599326729774475
1789130197834621400,147.24062133789062,6.507440090179443,8.221688270568848,-1.6711528301239014
1789130197850646300,147.25664624023437,6.62236213684082,8.111555099487305,-1.8626888990402222
1789130197866662400,147.2726623535156,6.100425720214844,8.087613105773926,-2.049436569213867
1789130197882674400,147.28867431640626,5.147533416748047,7.996633529663086,-2.3367409706115723
1789130197898686500,147.3046865234375,4.467580318450928,7.972691535949707,-2.5234885215759277
1789130197914706400,147.32070654296874,4.213795185089111,8.010998725891113,-2.499546527862549
1789130197930724600,147.336724609375,4.553771495819092,8.121131896972656,-2.3080103397369385
1789130197946739000,147.35273901367188,4.95120906829834,8.106766700744629,-2.2170307636260986
1789130197962759400,147.36875952148438,5.118803024291992,8.106766700744629,-2.1595699787139893
1789130197978780400,147.38478051757812,5.2049946784973145,8.078036308288574,-2.126051187515259
1789130197994801400,147.40080151367187,5.056553840637207,7.972691535949707,-2.2361843585968018
1789130198010825700,147.41682568359374,4.98472785949707,7.953537940979004,-2.360682964324951
1789130198026847200,147.43284716796876,4.922478675842285,7.905653953552246,-2.403778553009033
1789130198042864400,147.44886450195312,5.257667064666748,7.934384346008301,-2.389413356781006
1789130198058884900,147.464884765625,5.477933406829834,7.8960771560668945,-2.408566951751709
1789130198074902000,147.48090209960938,5.449203014373779,7.891288757324219,-2.408566951751709
1789130198090919400,147.49691943359375,5.3582234382629395,8.001421928405762,-2.3750481605529785
1789130198106936600,147.5129365234375,5.272032260894775,8.063671112060547,-2.2218191623687744
1789130198122951700,147.52895166015625,5.013458251953125,8.015787124633789,-2.2026655673980713
1789130198138964700,147.54496484375,4.975151062011719,8.078036308288574,-2.183511972427368
1789130198154983000,147.56098291015624,5.214571475982666,8.149862289428711,-2.126051187515259
1789130198170999800,147.57699975585936,5.0900726318359375,8.216899871826172,-1.968033790588379
1789130198187016700,147.5930166015625,4.941632270812988,8.17380428314209,-2.1068975925445557
1789130198203035600,147.60903564453125,4.898536682128906,8.125920295715332,-2.207453966140747
1789130198219052500,147.62505249023437,5.003881454467773,8.097189903259277,-2.183511972427368
1789130198235071500,147.64107153320313,5.104437828063965,8.068459510803223,-2.2361843585968018
1789130198251091500,147.65709155273439,5.128379821777344,8.006210327148438,-2.212242364883423
1789130198267116500,147.67311645507812,5.061342239379883,7.99184513092041,-2.2697031497955322
1789130198283133000,147.6891328125,4.927267074584961,8.130708694458008,-2.250549554824829
1789130198299146000,147.70514599609376,4.841075897216797,8.255207061767578,-2.1499931812286377
1789130198323165200,147.72916528320312,5.080495834350586,8.322244644165039,-2.0638017654418945
1789130198339175200,147.74517504882812,5.051765441894531,8.274360656738281,-2.0638017654418945
1789130198355190800,147.76119067382814,4.955997467041016,8.183381080627441,-2.1356279850006104
1789130198371203800,147.77720385742188,5.013458251953125,8.092401504516602,-2.2601263523101807
1789130198387216400,147.79321630859374,5.04218864440918,8.073247909545898,-2.298433542251587
1789130198403232500,147.809232421875,4.917690277099609,8.006210327148438,-2.341529369354248
1789130198419247400,147.82524731445312,4.941632270812988,8.015787124633789,-2.2840683460235596
1789130198435263700,147.841263671875,5.061342239379883,7.996633529663086,-2.3080103397369385
1789130198451277300,147.85727734375,5.003881454467773,8.039729118347168,-2.3032219409942627
1789130198467291000,147.87329077148436,4.898536682128906,8.154650688171387,-2.1978771686553955
1789130198483306500,147.8893063964844,4.95120906829834,8.226476669311523,-2.1164743900299072
1789130198499316700,147.90531665039063,4.917690277099609,8.197746276855469,-2.0877439975738525
1789130198515331300,147.92133129882814,4.898536682128906,8.149862289428711,-2.1547815799713135
1789130198531348000,147.93734790039062,5.094861030578613,8.154650688171387,-2.10210919380188
1789130198547367200,147.9533671875,5.315127849578857,8.154650688171387,-2.1164743900299072
1789130198563384800,147.969384765625,5.20978307723999,8.159439086914062,-2.0590133666992188
1789130198579405600,147.98540551757813,5.118803024291992,8.192957878112793,-2.1116859912872314
1789130198595422000,148.001421875,5.013458251953125,8.20732307434082,-2.121262788772583
1789130198611438600,148.0174384765625,4.917690277099609,8.20732307434082,-2.10210919380188
1789130198627456800,148.03345678710937,4.922478675842285,8.178592681884766,-2.1164743900299072
1789130198643468500,148.04946850585938,5.027823448181152,8.145073890686035,-2.1068975925445557
1789130198659486200,148.065486328125,5.1331682205200195,8.125920295715332,-2.0829553604125977
1789130198675493400,148.08149340820313,5.185841083526611,8.097189903259277,-2.1068975925445557
1789130198691507700,148.0975078125,5.200206279754639,8.097189903259277,-2.140416383743286
1789130198707521800,148.11352172851562,5.214571475982666,8.08282470703125,-2.1595699787139893
1789130198723533800,148.12953393554687,5.1810526847839355,7.987056732177734,-2.188300371170044
1789130198739542300,148.1455422363281,5.137956619262695,7.9631147384643555,-2.231395959854126
1789130198755551000,148.16155102539062,5.17626428604126,8.010998725891113,-2.1068975925445557
1789130198771558400,148.17755834960937,5.540182590484619,8.106766700744629,-2.078166961669922
1789130198787560200,148.19356030273437,5.880159378051758,8.111555099487305,-2.011129379272461
1789130198803563800,148.20956372070313,5.861005783081055,8.039729118347168,-2.03507137298584
1789130198819572200,148.225572265625,5.612008571624756,7.929595947265625,-2.274491548538208
1789130198835583000,148.2415830078125,5.406107425689697,7.910442352294922,-2.3511061668395996
1789130198851596300,148.25759619140624,5.420472621917725,7.8960771560668945,-2.2840683460235596
1789130198867611600,148.27361157226562,5.252878665924072,7.967903137207031,-2.255337953567505
1789130198883624400,148.28962451171876,5.257667064666748,8.130708694458008,-2.1739351749420166
1789130198899638500,148.30563842773438,5.473145008087158,8.097189903259277,-2.22660756111145
1789130198915651300,148.3216513671875,5.439626216888428,7.948749542236328,-2.054224967956543
1789130198931660300,148.33766040039063,5.080495834350586,8.058882713317871,-1.8962076902389526
1789130198947670300,148.35367016601563,4.702212333679199,8.255207061767578,-1.9776105880737305
1789130198963681300,148.36968139648437,4.8267107009887695,8.394071578979492,-2.011129379272461
1789130198979695000,148.38569506835938,4.917690277099609,8.336610794067383,-1.9488801956176758
1789130198995709200,148.4017092285156,5.027823448181152,8.293514251708984,-1.900996208190918
1789130199019723300,148.42572314453125,3.6391866207122803,8.054094314575195,-2.1547815799713135
1789130199035730700,148.44173071289063,4.151545524597168,7.872135162353516,-2.3798365592956543
1789130199051736800,148.45773681640625,4.754884719848633,7.8529815673828125,-2.250549554824829
1789130199067749000,148.4737490234375,5.353435039520264,7.99184513092041,-2.169146776199341
1789130199083760000,148.48976000976563,5.6455278396606445,8.087613105773926,-2.073378562927246
1789130199099767800,148.50576782226562,5.683835029602051,8.202534675598145,-2.030282974243164
1789130199115781000,148.52178100585937,5.343858242034912,8.317456245422363,-2.030282974243164
1789130199131797200,148.53779736328124,4.888959884643555,8.528146743774414,-2.0254945755004883
1789130199147815700,148.55381567382813,4.644751071929932,8.59997272491455,-2.0159177780151367
1789130199163825200,148.5698251953125,4.793191909790039,8.40843677520752,-2.1547815799713135
1789130199179835600,148.58583569335937,5.171475887298584,8.11634349822998,-2.279279947280884
1789130199195841000,148.6018410644531,5.339069843292236,7.781155586242676,-2.427720546722412
1789130199211849200,148.61784912109374,5.3582234382629395,8.001421928405762,-2.3319525718688965
1789130199227858400,148.6338583984375,5.147533416748047,8.221688270568848,-2.0925323963165283
1789130199243868000,148.6498679199219,4.994304656982422,8.269572257995605,-1.9297266006469727
1789130199259881000,148.665880859375,5.027823448181152,8.202534675598145,-1.9728221893310547
1789130199275892200,148.68189233398436,5.1810526847839355,8.293514251708984,-1.9249382019042969
1789130199291907600,148.69790747070311,5.228936672210693,8.24084186553955,-1.9297266006469727
1789130199307923200,148.71392309570314,5.2049946784973145,8.111555099487305,-2.0877439975738525
1789130199323938800,148.72993872070313,5.2480902671813965,8.073247909545898,-2.164358377456665
1789130199339949800,148.74594970703126,5.2049946784973145,8.092401504516602,-2.145204782485962
1789130199355960800,148.7619609375,5.018246650695801,8.073247909545898,-2.0925323963165283
1789130199371969000,148.77796899414062,4.802768707275391,8.044517517089844,-2.1116859912872314
1789130199387982000,148.79398217773436,4.73573112487793,8.097189903259277,-2.0638017654418945
1789130199411994600,148.81799462890626,4.759673118591309,8.125920295715332,-2.0877439975738525
1789130199428006000,148.834005859375,4.8602294921875,8.087613105773926,-2.030282974243164
1789130199444013600,148.850013671875,5.171475887298584,8.178592681884766,-1.944091796875
1789130199460021200,148.86602124023437,5.363011837005615,8.202534675598145,-1.9393033981323242
1789130199476031000,148.88203100585937,5.238513469696045,8.14028549194336,-2.0398597717285156
1789130199492041200,148.89804125976562,5.07570743560791,8.054094314575195,-2.3032219409942627
1789130199508048000,148.9140478515625,5.363011837005615,8.101978302001953,-2.2649147510528564
1789130199524059600,148.9300595703125,5.501875400543213,8.11634349822998,-2.0829553604125977
1789130199540081700,148.94608154296876,5.382165431976318,8.058882713317871,-2.1068975925445557
1789130199556097300,148.96209716796875,5.094861030578613,8.154650688171387,-2.0685901641845703
1789130199572112600,148.97811254882814,5.123591423034668,8.283937454223633,-1.8914192914962769
1789130199588125200,148.99412524414063,5.166687488555908,8.269572257995605,-1.8100165128707886
1789130199604137000,149.0101369628906,5.023035049438477,8.101978302001953,-1.9919757843017578
1789130199620150800,149.02615087890624,4.970362663269043,8.039729118347168,-2.1308395862579346
1789130199636164600,149.04216455078125,5.185841083526611,8.058882713317871,-2.126051187515259
1789130199652180200,149.05818017578125,5.329493045806885,8.058882713317871,-2.1356279850006104
1789130199676203300,149.08220336914061,5.161899089813232,8.154650688171387,-2.0829553604125977
1789130199692215300,149.09821533203126,5.214571475982666,8.245630264282227,-1.9919757843017578
1789130199708224300,149.11422436523438,5.118803024291992,8.159439086914062,-1.9967641830444336
1789130199724229000,149.13022900390624,4.917690277099609,8.135497093200684,-2.0829553604125977
1789130199740238600,149.14623852539063,4.879383087158203,8.159439086914062,-2.078166961669922
1789130199756251600,149.16225170898437,4.95120906829834,8.097189903259277,-2.0685901641845703
1789130199772265500,149.1782653808594,4.955997467041016,8.04930591583252,-2.126051187515259
1789130199788279300,149.194279296875,4.946420669555664,8.044517517089844,-2.1978771686553955
1789130199804295700,149.21029565429689,5.07570743560791,7.996633529663086,-2.1308395862579346
1789130199820311800,149.22631176757812,5.195417881011963,8.020575523376465,-2.011129379272461
1789130199836326000,149.24232592773438,5.4444146156311035,8.111555099487305,-2.011129379272461
1789130199852340000,149.25834008789062,5.363011837005615,8.092401504516602,-2.078166961669922
1789130199868355300,149.27435522460937,5.233725070953369,8.073247909545898,-2.121262788772583
1789130199884368600,149.29036865234374,5.238513469696045,8.087613105773926,-2.0638017654418945
1789130199900379400,149.30637939453126,5.252878665924072,8.073247909545898,-2.011129379272461
1789130199916391200,149.32239111328124,5.420472621917725,8.154650688171387,-1.9536685943603516
1789130199932402000,149.33840185546876,5.48272180557251,8.154650688171387,-1.9584569931030273
1789130199948417000,149.3544169921875,5.310339450836182,8.106766700744629,-2.030282974243164
1789130199964426500,149.37042651367187,5.128379821777344,8.106766700744629,-2.10210919380188
1789130199980441900,149.38644189453126,5.137956619262695,8.068459510803223,-2.049436569213867
1789130199996454400,149.40245434570312,5.305551052093506,8.078036308288574,-2.0015525817871094
1789130200012462800,149.418462890625,5.276820659637451,8.111555099487305,-1.9728221893310547
1789130200028477700,149.43447778320314,5.1810526847839355,8.087613105773926,-2.0159177780151367
1789130200044491300,149.4504912109375,5.094861030578613,8.087613105773926,-1.987187385559082
1789130200060509400,149.46650952148437,5.037400245666504,8.111555099487305,-1.9967641830444336
1789130200076523000,149.48252294921875,5.066130638122559,8.11634349822998,-1.987187385559082
1789130200092536000,149.4985361328125,5.018246650695801,8.020575523376465,-2.0685901641845703
1789130200108550400,149.51455029296875,4.802768707275391,7.9631147384643555,-2.140416383743286
1789130200124561400,149.5305615234375,4.912901878356934,7.967903137207031,-2.188300371170044
1789130200140576800,149.54657666015626,5.343858242034912,7.8960771560668945,-2.1164743900299072
1789130200156595700,149.562595703125,5.9519853591918945,7.886500358581543,-1.9488801956176758
1789130200172614000,149.57861376953124,6.167463779449463,7.886500358581543,-1.900996208190918
1789130200188627000,149.594626953125,5.851428985595703,7.972691535949707,-1.9153614044189453
1789130200204642600,149.610642578125,5.530605792999268,8.006210327148438,-2.0638017654418945
1789130200220650800,149.62665063476564,5.4252610206604,7.99184513092041,-2.1930887699127197
1789130200236658000,149.6426579589844,5.238513469696045,7.924807548522949,-2.126051187515259
1789130200252666600,149.65866650390626,5.080495834350586,8.006210327148438,-2.0638017654418945
1789130200268679000,149.67467895507812,5.161899089813232,8.04930591583252,-2.006340980529785
1789130200284698400,149.69069848632813,5.2672438621521,8.034940719604492,-1.968033790588379
1789130200300713000,149.706712890625,5.4444146156311035,7.948749542236328,-2.097320795059204
1789130200316719600,149.7227197265625,5.434837818145752,7.920019149780273,-2.073378562927246
1789130200332728800,149.73872875976562,5.439626216888428,7.99184513092041,-2.0207061767578125
1789130200348738000,149.75473803710938,5.367800235748291,8.04930591583252,-1.9776105880737305
1789130200364744400,149.77074438476564,5.4252610206604,8.04930591583252,-1.9584569931030273
1789130200380753700,149.78675366210936,5.506663799285889,8.039729118347168,-1.9345149993896484
1789130200396757000,149.80275708007812,5.51624059677124,8.006210327148438,-1.968033790588379
1789130200412764700,149.8187646484375,5.382165431976318,7.924807548522949,-2.073378562927246
1789130200428774100,149.83477416992187,5.195417881011963,7.953537940979004,-2.0590133666992188
1789130200444785000,149.85078491210936,5.166687488555908,8.006210327148438,-2.0398597717285156
1789130200460793000,149.86679296875,5.185841083526611,8.010998725891113,-1.9345149993896484
1789130200476804600,149.8828046875,5.315127849578857,8.020575523376465,-1.9297266006469727
1789130200492818200,149.89881811523438,5.415684223175049,7.977479934692383,-2.011129379272461
1789130200508831700,149.91483178710936,5.439626216888428,7.924807548522949,-2.0877439975738525
1789130200524838000,149.930837890625,5.463568210601807,7.9631147384643555,-2.0925323963165283
1789130200540847900,149.94684790039062,5.315127849578857,7.929595947265625,-2.0925323963165283
1789130200556854800,149.96285473632813,5.185841083526611,7.929595947265625,-2.1787235736846924
1789130200572864500,149.97886450195313,5.233725070953369,7.9631147384643555,-2.1499931812286377
1789130200588878300,149.99487841796875,5.3582234382629395,8.001421928405762,-2.054224967956543
1789130200604890000,150.01089013671876,5.430049419403076,8.02536392211914,-1.9967641830444336
1789130200620899800,150.02689990234376,5.4875102043151855,8.030152320861816,-2.0159177780151367
1789130200636911900,150.04291186523437,5.420472621917725,7.977479934692383,-2.030282974243164
1789130200652921600,150.05892163085937,5.30076265335083,7.934384346008301,-2.0829553604125977
1789130200668924200,150.07492407226562,5.2049946784973145,7.943961143493652,-2.0590133666992188
1789130200684926700,150.0909267578125,5.118803024291992,7.915230751037598,-2.054224967956543
1789130200700928300,150.10692822265625,5.07570743560791,7.939172744750977,-2.0877439975738525
1789130200716932000,150.12293212890626,5.185841083526611,7.953537940979004,-2.03507137298584
1789130200732935000,150.13893481445314,5.382165431976318,7.939172744750977,-1.987187385559082
1789130200748942600,150.15494262695313,5.92325496673584,7.929595947265625,-2.0015525817871094
1789130200764949500,150.17094946289063,6.157886981964111,7.814674377441406,-2.03507137298584
1789130200780953300,150.18695336914064,5.880159378051758,7.814674377441406,-2.0590133666992188
1789130200796956700,150.20295678710937,5.688623428344727,7.920019149780273,-2.1308395862579346
1789130200812960000,150.2189599609375,5.602431774139404,8.020575523376465,-2.0590133666992188
1789130200828963000,150.23496313476562,5.377377033233643,8.04930591583252,-2.0446481704711914
1789130200844973000,150.25097314453126,5.142745018005371,8.02536392211914,-2.1116859912872314
1789130200860982300,150.26698217773438,5.1331682205200195,7.982268333435059,-2.0829553604125977
1789130200876990000,150.28298999023437,5.30076265335083,8.001421928405762,-1.9823989868164062
1789130200892993000,150.2989929199219,5.4875102043151855,8.034940719604492,-1.9249382019042969
1789130200908995000,150.3149951171875,5.5114521980285645,7.99184513092041,-1.920149803161621
1789130200924998100,150.330998046875,5.477933406829834,7.90086555480957,-2.006340980529785
1789130200941004800,150.3470048828125,5.30076265335083,7.848193168640137,-2.0925323963165283
1789130200957020000,150.36302001953126,5.2672438621521,7.824251174926758,-2.2026655673980713
1789130200973033500,150.3790334472656,5.17626428604126,7.752425193786621,-2.2601263523101807
1789130200989043200,150.3950432128906,5.099649429321289,7.757213592529297,-2.3032219409942627
1789130201005049900,150.4110498046875,5.243301868438721,7.800309181213379,-2.22660756111145
1789130201021060000,150.42706005859375,5.363011837005615,7.848193168640137,-2.121262788772583
1789130201037070000,150.44307006835936,5.544970989227295,7.872135162353516,-2.1739351749420166
1789130201053076500,150.45907641601562,5.74129581451416,7.824251174926758,-2.1547815799713135
1789130201069082600,150.47508251953124,5.846640586853027,7.819462776184082,-2.1787235736846924
1789130201085090300,150.49109033203126,5.7987565994262695,7.805097579956055,-2.2361843585968018
1789130201101097200,150.50709716796874,5.616796970367432,7.843404769897461,-2.212242364883423
1789130201117104000,150.52310424804688,5.521028995513916,7.90086555480957,-2.188300371170044
1789130201133109200,150.53910913085937,5.324704647064209,7.929595947265625,-2.078166961669922
1789130201149111600,150.55511157226562,5.2911858558654785,8.001421928405762,-2.0207061767578125
1789130201165117700,150.57111767578124,5.3582234382629395,7.9631147384643555,-1.968033790588379
1789130201181129200,150.58712915039064,5.319916248321533,7.943961143493652,-1.9776105880737305
1789130201197140000,150.60313989257813,5.315127849578857,7.977479934692383,-2.0015525817871094
1789130201213143800,150.61914379882813,5.319916248321533,7.95832633972168,-1.9967641830444336
1789130201229145900,150.63514575195313,5.363011837005615,7.939172744750977,-2.0015525817871094
1789130201245150200,150.65115014648438,5.497087001800537,7.910442352294922,-2.0254945755004883
1789130201261158700,150.66715869140626,5.4875102043151855,7.905653953552246,-1.9632453918457031
1789130201277166000,150.683166015625,5.406107425689697,7.8960771560668945,-2.0398597717285156
1789130201293168000,150.6991682128906,5.343858242034912,7.881711959838867,-2.078166961669922
1789130201309173000,150.71517309570314,5.353435039520264,7.848193168640137,-2.1547815799713135
1789130201325177300,150.73117724609375,5.372588634490967,7.848193168640137,-2.212242364883423
1789130201341184800,150.74718481445314,5.348646640777588,7.833827972412109,-2.1068975925445557
1789130201357194500,150.76319458007814,5.353435039520264,7.886500358581543,-2.10210919380188
1789130201373201700,150.77920166015625,5.4013190269470215,7.891288757324219,-2.1164743900299072
1789130201389203500,150.79520336914064,5.420472621917725,7.876923561096191,-2.1308395862579346
1789130201405210600,150.81121069335939,5.51624059677124,7.862558364868164,-2.140416383743286
1789130201421218000,150.82721801757813,5.640739440917969,7.886500358581543,-2.1164743900299072
1789130201437222700,150.84322265625,5.774814605712891,7.86734676361084,-2.1068975925445557
1789130201453228500,150.859228515625,5.932831764221191,7.910442352294922,-2.0638017654418945
1789130201469236200,150.875236328125,5.92325496673584,7.929595947265625,-2.0590133666992188
1789130201485238500,150.89123852539063,5.746084213256836,7.939172744750977,-2.0925323963165283
1789130201501241900,150.90724194335937,5.688623428344727,7.910442352294922,-2.1787235736846924
1789130201517244200,150.923244140625,5.7125654220581055,7.876923561096191,-2.1930887699127197
1789130201533244400,150.93924438476563,5.750872611999512,7.838616371154785,-2.1595699787139893
1789130201549245000,150.95524487304687,5.765237808227539,7.829039573669434,-2.188300371170044
1789130201565249500,150.97124951171875,5.765237808227539,7.824251174926758,-2.2218191623687744
1789130201581262800,150.98726293945313,5.578489780426025,7.790732383728027,-2.183511972427368
1789130201597278200,151.0032783203125,5.30076265335083,7.766790390014648,-2.1930887699127197
1789130201613292300,151.0192922363281,5.0900726318359375,7.718906402587891,-2.1930887699127197
1789130201629307400,151.03530737304686,4.946420669555664,7.675810813903809,-2.1978771686553955
1789130201645322200,151.051322265625,4.898536682128906,7.704541206359863,-2.212242364883423
1789130201661329700,151.06732958984375,4.946420669555664,7.733271598815918,-2.183511972427368
1789130201677336300,151.08333642578125,5.070919036865234,7.690176010131836,-2.1930887699127197
1789130201693341400,151.0993415527344,5.099649429321289,7.675810813903809,-2.279279947280884
1789130201709347600,151.11534765625,5.070919036865234,7.661445617675781,-2.188300371170044
1789130201725353500,151.131353515625,5.190629482269287,7.795520782470703,-2.054224967956543
1789130201741360000,151.1473601074219,5.324704647064209,7.8960771560668945,-1.9776105880737305
1789130201757366300,151.1633662109375,5.473145008087158,7.910442352294922,-2.0685901641845703
1789130201773366000,151.17936596679687,5.70777702331543,7.915230751037598,-2.126051187515259
1789130201789363500,151.19536352539063,5.913678169250488,7.910442352294922,-2.0590133666992188
1789130201805367000,151.21136694335937,5.995080947875977,7.920019149780273,-1.9776105880737305
1789130201821367800,151.22736791992187,6.023811340332031,7.915230751037598,-1.9967641830444336
1789130201837367600,151.24336743164062,5.985504150390625,7.886500358581543,-1.9967641830444336
1789130201853366300,151.2593662109375,5.894524574279785,7.905653953552246,-2.0398597717285156
1789130201869369000,151.275369140625,5.899312973022461,7.9631147384643555,-2.0015525817871094
1789130201885375500,151.29137548828126,5.942408561706543,7.948749542236328,-1.9345149993896484
1789130201901380400,151.30738037109376,5.966350555419922,7.915230751037598,-2.006340980529785
1789130201917389300,151.32338940429688,5.861005783081055,7.881711959838867,-1.9919757843017578
1789130201933397800,151.3393977050781,5.808333396911621,7.876923561096191,-1.9632453918457031
1789130201949404200,151.35540405273437,5.736507415771484,7.838616371154785,-2.0159177780151367
1789130201965408500,151.37140844726562,5.635950565338135,7.829039573669434,-2.0159177780151367
1789130201981421800,151.387421875,5.57370138168335,7.838616371154785,-2.0015525817871094
1789130201997425700,151.40342578125,5.497087001800537,7.8529815673828125,-1.9776105880737305
1789130202013430300,151.41943017578126,5.415684223175049,7.86734676361084,-1.9345149993896484
1789130202029436700,151.43543676757812,5.39174222946167,7.824251174926758,-2.0254945755004883
1789130202045446700,151.45144677734376,5.4013190269470215,7.790732383728027,-2.011129379272461
1789130202069465900,151.4754658203125,5.612008571624756,7.862558364868164,-2.0015525817871094
1789130202085470200,151.49147021484376,5.626373767852783,7.790732383728027,-2.03507137298584
1789130202101478100,151.50747802734375,5.564124584197998,7.790732383728027,-2.0446481704711914
1789130202117489200,151.5234892578125,5.4252610206604,7.819462776184082,-2.097320795059204
1789130202133491500,151.53949145507812,5.353435039520264,7.805097579956055,-2.126051187515259
1789130202149504800,151.5555048828125,5.377377033233643,7.785943984985352,-2.1116859912872314
1789130202165515800,151.57151586914063,5.492298603057861,7.800309181213379,-2.0829553604125977
1789130202189531600,151.59553173828124,5.549759387969971,7.723694801330566,-2.1356279850006104
1789130202205545500,151.61154541015625,5.544970989227295,7.718906402587891,-2.1787235736846924
1789130202221564000,151.62756396484374,5.468356609344482,7.762001991271973,-2.183511972427368
1789130202237580500,151.64358056640626,5.535394191741943,7.790732383728027,-2.188300371170044
1789130202253595100,151.65959521484376,5.6455278396606445,7.718906402587891,-2.2026655673980713
1789130202269614000,151.67561401367186,5.664681434631348,7.728483200073242,-2.188300371170044
1789130202285632300,151.69163232421874,5.655104637145996,7.757213592529297,-2.121262788772583
1789130202301649200,151.70764916992186,5.5545477867126465,7.781155586242676,-2.0398597717285156
1789130202317664300,151.72366430664061,5.497087001800537,7.800309181213379,-2.03507137298584
1789130202333681400,151.73968139648437,5.458779811859131,7.805097579956055,-2.073378562927246
1789130202349699300,151.75569921875,5.4444146156311035,7.819462776184082,-2.0254945755004883
1789130202365718800,151.77171875,5.564124584197998,7.819462776184082,-2.078166961669922
1789130202381735700,151.7877355957031,5.592854976654053,7.795520782470703,-2.0446481704711914
1789130202397749000,151.8037490234375,5.635950565338135,7.857769966125488,-2.0254945755004883
1789130202413765000,151.81976513671876,5.698200225830078,7.953537940979004,-1.9776105880737305
1789130202429779000,151.83577905273438,5.746084213256836,7.953537940979004,-1.9728221893310547
1789130202445789200,151.8517890625,5.731719017028809,7.891288757324219,-2.006340980529785
1789130202461795800,151.8677958984375,5.746084213256836,7.862558364868164,-2.0159177780151367
1789130202477805800,151.88380590820313,5.674258232116699,7.876923561096191,-1.9345149993896484
1789130202493818000,151.89981811523438,5.65031623840332,7.891288757324219,-1.920149803161621
1789130202509830400,151.91583032226563,5.568912982940674,7.876923561096191,-1.9536685943603516
1789130202525846000,151.93184594726563,5.57370138168335,7.881711959838867,-2.0207061767578125
1789130202541862700,151.9478625488281,5.564124584197998,7.862558364868164,-1.9919757843017578
1789130202557870600,151.96387060546874,5.583278179168701,7.838616371154785,-2.03507137298584
1789130202573885000,151.97988500976564,5.621585369110107,7.766790390014648,-2.0925323963165283
1789130202589903000,151.99590307617189,5.559336185455322,7.714118003845215,-2.1547815799713135
1789130202605920800,152.0119206542969,5.583278179168701,7.728483200073242,-2.2170307636260986
1789130202621933800,152.02793383789063,5.559336185455322,7.771578788757324,-2.1308395862579346
1789130202637942500,152.0439426269531,5.521028995513916,7.833827972412109,-2.0207061767578125
1789130202653955800,152.05995581054688,5.530605792999268,7.8529815673828125,-2.0159177780151367
1789130202669974000,152.07597412109374,5.468356609344482,7.848193168640137,-2.054224967956543
1789130202685999600,152.09199951171874,5.602431774139404,7.795520782470703,-2.164358377456665
1789130202702023200,152.10802319335937,5.74129581451416,7.723694801330566,-2.140416383743286
1789130202718042000,152.1240419921875,5.7125654220581055,7.6997528076171875,-2.126051187515259
1789130202734065000,152.14006494140625,5.616796970367432,7.752425193786621,-2.145204782485962
1789130202750084400,152.15608447265626,5.568912982940674,7.747636795043945,-2.121262788772583
1789130202766103800,152.17210375976563,5.559336185455322,7.814674377441406,-2.0398597717285156
1789130202782112500,152.18811254882812,5.535394191741943,7.872135162353516,-2.006340980529785
1789130202798123800,152.20412377929688,5.544970989227295,7.848193168640137,-1.9776105880737305
1789130202814136000,152.22013598632813,5.578489780426025,7.785943984985352,-2.097320795059204
1789130202830149400,152.2361494140625,5.583278179168701,7.714118003845215,-2.183511972427368
1789130202846161000,152.25216088867188,5.583278179168701,7.690176010131836,-2.1356279850006104
1789130202862169000,152.26816918945312,5.5545477867126465,7.762001991271973,-2.121262788772583
1789130202878179300,152.28417944335936,5.549759387969971,7.843404769897461,-2.0015525817871094
1789130202894193700,152.30019360351562,5.544970989227295,7.862558364868164,-2.0015525817871094
1789130202910205700,152.31620581054688,5.530605792999268,7.891288757324219,-1.9967641830444336
1789130202926213400,152.33221337890626,5.57370138168335,7.843404769897461,-2.1068975925445557
1789130202942225400,152.34822534179688,5.578489780426025,7.8529815673828125,-2.0398597717285156
1789130202958236200,152.36423608398437,5.70777702331543,7.872135162353516,-2.0446481704711914
1789130202974244600,152.38024462890624,5.6455278396606445,7.833827972412109,-1.9919757843017578
1789130202990251000,152.3962509765625,5.6455278396606445,7.848193168640137,-1.9488801956176758
1789130203006261200,152.41226123046874,5.683835029602051,7.848193168640137,-1.9967641830444336
1789130203022274300,152.4282744140625,5.702988624572754,7.886500358581543,-2.0015525817871094
1789130203038287000,152.444287109375,5.813121795654297,7.977479934692383,-2.0254945755004883
1789130203054301000,152.46030102539063,5.856217384338379,7.872135162353516,-2.0159177780151367
1789130203070313500,152.4763134765625,5.928043365478516,7.90086555480957,-2.073378562927246
1789130203086331100,152.4923310546875,5.8657941818237305,7.848193168640137,-2.140416383743286
1789130203102345200,152.50834521484376,5.779603004455566,7.805097579956055,-2.1978771686553955
1789130203118359800,152.52435986328126,5.631162166595459,7.766790390014648,-2.1308395862579346
1789130203134372900,152.54037280273437,5.521028995513916,7.785943984985352,-2.0925323963165283
1789130203150383900,152.5563837890625,5.4875102043151855,7.805097579956055,-2.078166961669922
1789130203166394400,152.57239428710938,5.497087001800537,7.790732383728027,-2.145204782485962
1789130203182402000,152.58840209960937,5.473145008087158,7.766790390014648,-2.2170307636260986
1789130203198412300,152.6044123535156,5.4013190269470215,7.738059997558594,-2.31758713722229
1789130203214425300,152.62042529296875,5.363011837005615,7.68538761138916,-2.274491548538208
1789130203230436000,152.63643603515624,5.434837818145752,7.723694801330566,-2.22660756111145
1789130203246446300,152.6524462890625,5.439626216888428,7.771578788757324,-2.2026655673980713
1789130203262457000,152.66845703125,5.39174222946167,7.781155586242676,-2.1739351749420166
1789130203278463500,152.68446337890626,5.286397457122803,7.7763671875,-2.1787235736846924
1789130203294471400,152.7004714355469,5.190629482269287,7.795520782470703,-2.188300371170044
1789130203310482700,152.71648266601562,5.195417881011963,7.747636795043945,-2.2026655673980713
1789130203326492200,152.7324921875,5.214571475982666,7.728483200073242,-2.1930887699127197
1789130203342504400,152.74850439453124,5.281609058380127,7.785943984985352,-2.188300371170044
1789130203358514200,152.76451416015624,5.30076265335083,7.814674377441406,-2.0877439975738525
1789130203374522000,152.78052221679687,5.310339450836182,7.781155586242676,-2.049436569213867
1789130203390528800,152.79652880859376,5.353435039520264,7.733271598815918,-2.0925323963165283
1789130203406528000,152.81252807617187,5.343858242034912,7.580042362213135,-2.121262788772583
1789130203422539000,152.8285390625,5.329493045806885,7.484274387359619,-2.1595699787139893
1789130203438549200,152.84454931640624,5.219359874725342,7.489062786102295,-2.2840683460235596
1789130203454563300,152.86056323242187,5.085284233093262,7.599195957183838,-2.3750481605529785
1789130203470579500,152.87657934570314,5.013458251953125,7.7763671875,-2.1787235736846924
1789130203486593300,152.89259326171876,5.070919036865234,7.857769966125488,-2.0829553604125977
1789130203502604800,152.90860473632813,5.114014625549316,7.752425193786621,-2.121262788772583
1789130203518614000,152.92461401367189,5.348646640777588,7.666234016418457,-2.1308395862579346
1789130203534627000,152.940626953125,5.664681434631348,7.666234016418457,-2.126051187515259
1789130203550633500,152.95663354492189,5.913678169250488,7.647080421447754,-2.250549554824829
1789130203566643200,152.97264331054689,6.14831018447876,7.642292022705078,-2.427720546722412
1789130203582651400,152.9886513671875,6.406883716583252,7.675810813903809,-2.456450939178467
1789130203598658600,153.00465844726563,6.564900875091553,7.785943984985352,-2.4181437492370605
1789130203614667300,153.02066723632814,6.574477672576904,7.939172744750977,-2.3511061668395996
1789130203630675000,153.03667504882813,6.5265936851501465,8.04930591583252,-2.2697031497955322
1789130203646679800,153.0526796875,6.344634532928467,7.99184513092041,-2.126051187515259
1789130203662685000,153.06868481445312,6.1770405769348145,7.948749542236328,-1.944091796875
1789130203678689300,153.08468920898437,5.928043365478516,7.876923561096191,-1.7860745191574097
1789130203694701600,153.10070166015626,5.640739440917969,7.728483200073242,-1.699883222579956
1789130203710712800,153.116712890625,5.4013190269470215,7.594407558441162,-1.7094600200653076
1789130203726724600,153.132724609375,5.363011837005615,7.637503623962402,-1.7046716213226318
1789130203742736000,153.14873583984374,5.420472621917725,7.829039573669434,-1.5753847360610962
1789130203758747100,153.1647470703125,5.4013190269470215,7.99184513092041,-1.479616641998291
1789130203774756600,153.18075659179686,5.372588634490967,8.097189903259277,-1.4987702369689941
1789130203790761500,153.1967614746094,5.39174222946167,8.154650688171387,-1.5466543436050415
1789130203806767400,153.21276733398437,5.544970989227295,8.073247909545898,-1.680729627609253
1789130203822769400,153.22876928710937,5.679046630859375,7.920019149780273,-1.8626888990402222
1789130203838779000,153.24477880859374,5.808333396911621,7.7763671875,-2.030282974243164
1789130203854788900,153.26078881835937,5.813121795654297,7.704541206359863,-2.0877439975738525
1789130203870796000,153.27679614257812,5.602431774139404,7.694964408874512,-2.054224967956543
1789130203886808800,153.29280883789062,5.453991413116455,7.714118003845215,-2.0638017654418945
1789130203902824000,153.30882397460937,5.377377033233643,7.704541206359863,-2.0877439975738525
1789130203918840300,153.32484033203124,5.51624059677124,7.714118003845215,-2.073378562927246
1789130203934850000,153.34085009765624,5.731719017028809,7.747636795043945,-1.9919757843017578
1789130203950858200,153.35685815429687,5.913678169250488,7.800309181213379,-1.8962076902389526
1789130203966866400,153.37286645507814,5.918466567993164,7.8098859786987305,-1.8387469053268433
1789130203982877200,153.38887719726563,5.884947776794434,7.824251174926758,-1.9057846069335938
1789130203998887200,153.40488720703124,5.74129581451416,7.872135162353516,-1.9057846069335938
1789130204014897400,153.4208974609375,5.679046630859375,7.90086555480957,-1.8770540952682495
1789130204030908700,153.43690869140624,5.669469833374023,7.833827972412109,-1.9057846069335938
1789130204046918100,153.45291821289064,5.568912982940674,7.714118003845215,-1.9345149993896484
1789130204062930200,153.46893017578125,5.377377033233643,7.613561630249023,-1.9536685943603516
1789130204078939000,153.48493896484376,4.965574264526367,7.508216381072998,-2.1787235736846924
1789130204094951400,153.50095141601562,4.707000732421875,7.5417351722717285,-2.183511972427368
1789130204110970000,153.51697021484375,4.4292731285095215,7.110779285430908,-2.6431987285614014
1789130204126990000,153.53298999023437,4.4292731285095215,7.158663272857666,-2.8107926845550537
1789130204143006500,153.54900634765625,4.558559894561768,7.1921820640563965,-2.5474305152893066
1789130204159020300,153.56502026367187,4.869806289672852,7.2783732414245605,-1.5322890281677246
1789130204175032300,153.5810322265625,6.157886981964111,8.030152320861816,-1.2737152576446533
1789130204191043800,153.5970439453125,6.890512466430664,8.039729118347168,-0.7134721279144287
1789130204207056100,153.61305615234374,7.354987621307373,7.8098859786987305,-0.4165911078453064
1789130204223063600,153.6290634765625,7.771578788757324,7.929595947265625,-0.6943184733390808
1789130204239069400,153.6450693359375,7.259219646453857,7.833827972412109,-0.5889736413955688
1789130204255075600,153.66107568359374,6.617573261260986,7.747636795043945,-1.0678139925003052
1789130204271085300,153.67708520507813,6.244078159332275,7.608773231506348,-1.742978811264038
1789130204287096800,153.69309692382814,6.311115741729736,7.134721279144287,-2.1978771686553955
1789130204303102200,153.70910229492188,6.311115741729736,6.8043212890625,-2.3989901542663574
1789130204319114000,153.72511401367188,6.478709697723389,6.847416877746582,-2.365471363067627
1789130204335128300,153.74112841796875,6.756437301635742,7.101202011108398,-2.0015525817871094
1789130204351136300,153.75713623046875,6.785167694091797,7.354987621307373,-1.5945383310317993
1789130204367146000,153.77314599609375,6.7708024978637695,7.570465564727783,-1.4221558570861816
1789130204383152400,153.78915234375,6.574477672576904,7.714118003845215,-1.3311761617660522
1789130204399161900,153.80516186523437,6.344634532928467,7.747636795043945,-1.3120225667953491
1789130204415170300,153.82117041015624,6.2632317543029785,7.704541206359863,-1.2880805730819702
1789130204431183600,153.83718359375,6.3063273429870605,7.594407558441162,-1.3072341680526733
1789130204447191800,153.85319189453125,6.392518520355225,7.474697589874268,-1.4269442558288574
1789130204463200500,153.86920043945312,6.48828649520874,7.474697589874268,-1.5705963373184204
1789130204479209200,153.88520922851563,6.555324077606201,7.469909191131592,-1.656787633895874
1789130204495217700,153.9012177734375,6.3733649253845215,7.42681360244751,-1.680729627609253
1789130204511234300,153.917234375,6.1530985832214355,7.479485988616943,-1.7142484188079834
1789130204527251000,153.9332509765625,6.01423454284668,7.527369976043701,-1.723825216293335
1789130204543266600,153.9492666015625,6.023811340332031,7.599195957183838,-1.7094600200653076
1789130204559283000,153.96528295898437,6.033388137817383,7.556100368499756,-1.7190368175506592
1789130204575301000,153.98130102539062,5.913678169250488,7.508216381072998,-1.7190368175506592
1789130204591311600,153.9973115234375,5.808333396911621,7.46033239364624,-1.7477672100067139
1789130204607328800,154.01332885742187,5.846640586853027,7.321468830108643,-1.8722656965255737
1789130204623345200,154.02934521484374,5.9088897705078125,7.287950038909912,-1.8770540952682495
1789130204639356000,154.04535595703126,6.023811340332031,7.307103633880615,-1.8626888990402222
1789130204655364600,154.06136450195314,6.066906929016113,7.350199222564697,-1.867477297782898
1789130204671373800,154.07737377929686,5.971138954162598,7.4555439949035645,-1.843535304069519
1789130204687382500,154.09338256835937,5.813121795654297,7.594407558441162,-1.8483237028121948
1789130204703392000,154.10939208984374,5.702988624572754,7.637503623962402,-1.7908629179000854
1789130204719402500,154.12540258789062,5.74129581451416,7.5848307609558105,-1.7717092037200928
1789130204735418000,154.1414182128906,5.966350555419922,7.469909191131592,-1.8531121015548706
1789130204751430000,154.15742993164062,6.224924564361572,7.283161640167236,-1.9536685943603516
1789130204767442000,154.17344189453124,6.349422931671143,7.240066051483154,-1.9728221893310547
1789130204783452700,154.18945263671876,6.421248912811279,7.331045627593994,-2.0446481704711914
1789130204799467000,154.20546704101562,6.521805286407471,7.402871608734131,-2.011129379272461
1789130204815480300,154.22148022460937,6.550535678863525,7.479485988616943,-1.8531121015548706
1789130204831490300,154.237490234375,6.560112476348877,7.445967197418213,-1.8818424940109253
1789130204847494400,154.25349438476562,6.531382083892822,7.489062786102295,-1.8483237028121948
1789130204863510300,154.26951025390625,6.445190906524658,7.445967197418213,-1.9153614044189453
1789130204879529700,154.28552978515626,6.296750545501709,7.42681360244751,-1.920149803161621
1789130204895545900,154.3015458984375,6.157886981964111,7.493851184844971,-1.9105730056762695
1789130204911556400,154.31755639648438,5.961562156677246,7.570465564727783,-1.7812861204147339
1789130204927563500,154.3335634765625,5.832275390625,7.623138427734375,-1.7286136150360107
1789130204943571000,154.34957104492187,5.621585369110107,7.618350028991699,-1.6903064250946045
1789130204959577900,154.36557788085938,5.698200225830078,7.580042362213135,-1.7477672100067139
1789130204975584000,154.381583984375,5.631162166595459,7.594407558441162,-1.7573440074920654
1789130204991587000,154.39758715820312,5.592854976654053,7.580042362213135,-2.0207061767578125
1789130205007591200,154.41359106445313,5.674258232116699,7.580042362213135,-2.145204782485962
1789130205023600400,154.42960034179688,5.57370138168335,7.728483200073242,-2.2026655673980713
1789130205039609300,154.445609375,6.411672115325928,7.570465564727783,-2.451662540435791
1789130205055625500,154.46162548828124,7.450755596160889,6.856993675231934,-2.341529369354248
1789130205071637000,154.4776369628906,8.164227485656738,6.536170482635498,-1.9249382019042969
1789130205087648500,154.4936484375,8.039729118347168,6.445190906524658,-1.7573440074920654
1789130205103663000,154.5096630859375,7.182605266571045,6.780379295349121,-1.7717092037200928
1789130205119681500,154.525681640625,6.3973069190979,7.110779285430908,-1.9632453918457031
1789130205135692000,154.54169213867186,6.258443355560303,7.297526836395264,-1.920149803161621
1789130205151701000,154.55770092773437,6.282385349273682,7.168240070343018,-1.7860745191574097
1789130205167715600,154.57371557617188,6.081272125244141,7.196970462799072,-1.7956513166427612
1789130205183727000,154.58972705078125,6.028599739074707,7.268796443939209,-1.8722656965255737
1789130205199741000,154.60574096679687,6.119579315185547,7.393294811248779,-1.647210717201233
1789130205215754500,154.62175439453125,6.052541732788086,7.469909191131592,-1.5322890281677246
1789130205231766000,154.63776611328126,5.8657941818237305,7.55131196975708,-1.5897499322891235
1789130205247773200,154.65377319335937,5.793968200683594,7.508216381072998,-1.6903064250946045
1789130205263782400,154.66978247070313,5.832275390625,7.321468830108643,-1.7334020137786865
1789130205279792400,154.68579248046876,5.932831764221191,7.2783732414245605,-1.8579005002975464
1789130205295798000,154.7017980957031,5.793968200683594,7.402871608734131,-1.9153614044189453
1789130205311807700,154.7178078613281,5.367800235748291,7.920019149780273,-2.0207061767578125
1789130205327819000,154.73381909179687,4.520252704620361,7.091625213623047,-2.9879636764526367
1789130205343828700,154.74982885742187,5.099649429321289,6.952761650085449,-2.806004285812378
1789130205359840800,154.7658408203125,6.205770969390869,7.096413612365723,-2.073378562927246
1789130205375852500,154.7818525390625,7.005434036254883,6.789956092834473,-1.623268723487854
1789130205391865000,154.7978649902344,7.326257228851318,6.473921298980713,-1.5897499322891235
