time,seconds_elapsed,relativeAltitude,pressure
1789130050768266000,0.174265869140625,0,923.84375
1789130050848321000,0.254321044921875,-0.03167724609375,923.847412109375
1789130050928384000,0.334384033203125,-0.04229736328125,923.848388671875
1789130051008434400,0.414434326171875,-0.044921875,923.848876953125
1789130051088482300,0.494482421875,-0.04754638671875,923.84912109375
1789130051168502000,0.574501953125,-0.05548095703125,923.85009765625
1789130051248526000,0.654526123046875,-0.05548095703125,923.849853515625
1789130051328559900,0.734559814453125,-0.0660400390625,923.85107421875
1789130051408588000,0.814588134765625,-0.0660400390625,923.85107421875
1789130051488646100,0.894646240234375,-0.10040283203125,923.85498046875
1789130051568680400,0.974680419921875,-0.11358642578125,923.8564453125
1789130051648693500,1.054693603515625,-0.105712890625,923.855712890625
1789130051728700400,1.134700439453125,-0.1109619140625,923.856201171875
1789130051808714800,1.21471484375,-0.1268310546875,923.85791015625
1789130051888735700,1.29473583984375,-0.09246826171875,923.85400390625
1789130051968765000,1.374764892578125,-0.09246826171875,923.854248046875
1789130052048800300,1.45480029296875,-0.12152099609375,923.857421875
1789130052128816400,1.53481640625,-0.10302734375,923.855224609375
1789130052208831200,1.614831298828125,-0.09246826171875,923.854248046875
1789130052288829700,1.69482958984375,-0.11627197265625,923.856689453125
1789130052368864800,1.77486474609375,-0.09246826171875,923.854248046875
1789130052448866800,1.85486669921875,-0.0660400390625,923.85107421875
1789130052528883200,1.93488330078125,-0.03436279296875,923.84765625
1789130052608895200,2.014895263671875,0.0211181640625,923.84130859375
1789130052688875000,2.094875,0.08453369140625,923.83447265625
1789130052768875500,2.17487548828125,0.09515380859375,923.833251953125
1789130052848902400,2.25490234375,0.073974609375,923.83544921875
1789130052928922400,2.33492236328125,-0.0819091796875,923.852783203125
1789130053008901600,2.414901611328125,-0.20343017578125,923.866455078125
1789130053088898000,2.49489794921875,-0.27740478515625,923.874755859375
1789130053168879600,2.574879638671875,-0.4676513671875,923.89599609375
1789130053248853200,2.654853271484375,-0.48614501953125,923.89794921875
1789130053328827100,2.7348271484375,-0.311767578125,923.87841796875
1789130053408797400,2.81479736328125,-0.23516845703125,923.8701171875
1789130053488781600,2.894781494140625,-0.17437744140625,923.86328125
1789130053568791600,2.97479150390625,-0.12420654296875,923.857666015625
1789130053648822500,3.054822509765625,-0.1558837890625,923.861083984375
1789130053728856600,3.134856689453125,-0.27215576171875,923.8740234375
1789130053808895200,3.214895263671875,-0.33026123046875,923.880615234375
1789130053888964400,3.29496435546875,-0.42010498046875,923.890625
1789130053969009200,3.375009033203125,-0.27215576171875,923.8740234375
1789130054049032700,3.45503271484375,-0.19024658203125,923.864990234375
1789130054129064400,3.535064453125,-0.17437744140625,923.86328125
1789130054209097500,3.615097412109375,-0.1796875,923.864013671875
1789130054289129500,3.69512939453125,-0.2166748046875,923.867919921875
1789130054369172500,3.77517236328125,-0.3514404296875,923.883056640625
1789130054449217300,3.85521728515625,-0.91424560546875,923.94580078125
1789130054529249800,3.935249755859375,-1.50872802734375,924.011962890625
1789130054609273900,4.01527392578125,-1.89453125,924.054931640625
1789130054689294000,4.095294189453125,-1.81787109375,924.04638671875
1789130054769320000,4.17531982421875,-1.82049560546875,924.046875
1789130054849332000,4.25533203125,-1.16522216796875,923.9736328125
1789130054929357800,4.33535791015625,-0.30914306640625,923.878173828125
1789130055009375200,4.415375244140625,0.401611328125,923.799072265625
1789130055089405400,4.495405517578125,0.58392333984375,923.77880859375
1789130055169427000,4.575427001953125,0.80328369140625,923.75439453125
1789130055249457200,4.65545703125,0.7847900390625,923.75634765625
1789130055329505800,4.735505859375,0.60772705078125,923.776123046875
1789130055409552000,4.8155517578125,0.3963623046875,923.7998046875
1789130055489613800,4.89561376953125,0.29327392578125,923.81103515625
1789130055569684700,4.975684814453125,0.240478515625,923.81689453125
1789130055649727000,5.05572705078125,0.1796875,923.82373046875
1789130055729779500,5.135779541015625,0.19818115234375,923.82177734375
1789130055809827800,5.215827880859375,0.19818115234375,923.82177734375
1789130055889875500,5.29587548828125,0.1717529296875,923.82470703125
1789130055969910300,5.37591015625,0.134765625,923.828857421875
1789130056049962200,5.455962158203125,0.150634765625,923.826904296875
1789130056130044400,5.53604443359375,0.12945556640625,923.829345703125
1789130056210118000,5.616117919921875,0.0977783203125,923.8330078125
1789130056290187500,5.6961875,0.10040283203125,923.832763671875
1789130056370253300,5.77625341796875,0.12152099609375,923.830322265625
1789130056450331600,5.85633154296875,0.1109619140625,923.831298828125
1789130056530412500,5.93641259765625,0.118896484375,923.83056640625
1789130056610508500,6.016508544921875,0.1585693359375,923.826171875
1789130056690565400,6.0965654296875,0.16644287109375,923.8251953125
1789130056770648600,6.176648681640625,0.23779296875,923.8173828125
1789130056850742500,6.256742431640625,0.343505859375,923.8056640625
1789130056930834400,6.33683447265625,0.43072509765625,923.7958984375
1789130057010951200,6.416951171875,0.48883056640625,923.789306640625
1789130057091052500,6.497052490234375,0.536376953125,923.783935546875
1789130057171138000,6.577137939453125,0.55487060546875,923.781982421875
1789130057251243800,6.657243896484375,0.53375244140625,923.784423828125
1789130057331345200,6.73734521484375,0.55487060546875,923.781982421875
1789130057411441200,6.817441162109375,0.59979248046875,923.77685546875
1789130057491524900,6.89752490234375,0.6632080078125,923.77001953125
1789130057571634700,6.977634765625,0.7001953125,923.765869140625
1789130057651748900,7.057748779296875,0.73193359375,923.76220703125
1789130057731864300,7.1378642578125,0.77154541015625,923.7578125
1789130057811974400,7.217974365234375,0.7900390625,923.755859375
1789130057892059600,7.2980595703125,0.8138427734375,923.753173828125
1789130057972166000,7.378165771484375,0.8111572265625,923.75341796875
1789130058052240100,7.458240234375,0.80328369140625,923.75439453125
1789130058132307700,7.5383076171875,0.7900390625,923.755859375
1789130058212405500,7.618405517578125,0.77685546875,923.757080078125
1789130058292507400,7.69850732421875,0.7689208984375,923.758056640625
1789130058372602000,7.77860205078125,0.77685546875,923.757080078125
1789130058452694500,7.858694580078125,0.82440185546875,923.751953125
1789130058532793000,7.93879296875,0.83233642578125,923.7509765625
1789130058612875800,8.018875732421876,0.86138916015625,923.747802734375
1789130058692952800,8.098952880859375,0.8798828125,923.745849609375
1789130058773031000,8.179031005859375,0.908935546875,923.742431640625
1789130058853119500,8.259119384765626,0.91949462890625,923.741455078125
1789130058933176800,8.3391767578125,0.9486083984375,923.738037109375
1789130059013240300,8.419240234375,0.95916748046875,923.73681640625
1789130059093308200,8.49930810546875,0.97235107421875,923.735595703125
1789130059173379300,8.57937939453125,0.95123291015625,923.73779296875
1789130059253459000,8.659458984375,0.93536376953125,923.739501953125
1789130059333557000,8.739556884765625,0.91949462890625,923.7412109375
1789130059413620700,8.819620849609375,0.9010009765625,923.743408203125
1789130059493677800,8.899677734375,0.87457275390625,923.746337890625
1789130059573727500,8.9797275390625,0.864013671875,923.74755859375
1789130059653776600,9.059776611328125,0.82177734375,923.752197265625
1789130059733833200,9.139833251953124,0.77947998046875,923.7568359375
1789130059813907000,9.219906982421875,0.74249267578125,923.760986328125
1789130059893981000,9.29998095703125,0.72662353515625,923.762939453125
1789130059974045000,9.380044921875,0.68170166015625,923.767822265625
1789130060054116900,9.460116943359376,0.6632080078125,923.769775390625
1789130060134199800,9.54019970703125,0.64471435546875,923.77197265625
1789130060214281500,9.620281494140626,0.6051025390625,923.7763671875
1789130060294361900,9.70036181640625,0.5601806640625,923.781494140625
1789130060374450400,9.780450439453125,0.5205078125,923.785888671875
1789130060454531000,9.860531005859375,0.4862060546875,923.78955078125
1789130060534607000,9.940607177734375,0.433349609375,923.79541015625
1789130060614686200,10.020686279296875,0.39898681640625,923.79931640625
1789130060694780700,10.10078076171875,0.356689453125,923.80419921875
1789130060774850800,10.180850830078125,0.36199951171875,923.803466796875
1789130060854926300,10.26092626953125,0.3673095703125,923.802734375
1789130060934985500,10.3409853515625,0.3514404296875,923.8046875
1789130061015037200,10.421037109375,0.32501220703125,923.8076171875
1789130061095097600,10.50109765625,0.3355712890625,923.806396484375
1789130061175189500,10.581189453125,0.311767578125,923.80908203125
1789130061255280600,10.66128076171875,0.30120849609375,923.810302734375
1789130061335347200,10.74134716796875,0.29595947265625,923.810791015625
1789130061415430400,10.821430419921874,0.30914306640625,923.809326171875
1789130061495539200,10.901539306640625,0.3197021484375,923.80810546875
1789130061575641600,10.9816416015625,0.32763671875,923.807373046875
1789130061655739400,11.061739501953125,0.32763671875,923.80712890625
1789130061735838200,11.141838134765624,0.343505859375,923.8056640625
1789130061815935500,11.221935546875,0.36199951171875,923.803466796875
1789130061896012300,11.30201220703125,0.34881591796875,923.804931640625
1789130061976061000,11.38206103515625,0.3646240234375,923.80322265625
1789130062056098000,11.46209814453125,0.36993408203125,923.802490234375
1789130062136181200,11.54218115234375,0.39105224609375,923.80029296875
1789130062216242700,11.62224267578125,0.3963623046875,923.7998046875
1789130062296323600,11.702323486328124,0.41748046875,923.79736328125
1789130062376368000,11.7823681640625,0.433349609375,923.79541015625
1789130062456393200,11.862393310546874,0.41748046875,923.79736328125
1789130062536424400,11.942424560546876,0.39898681640625,923.79931640625
1789130062616441300,12.02244140625,0.3673095703125,923.802978515625
1789130062696493800,12.102493896484376,0.343505859375,923.8056640625
1789130062776540700,12.182540771484375,0.29595947265625,923.810791015625
1789130062856600300,12.262600341796874,0.2774658203125,923.812744140625
1789130062936657000,12.342656982421875,0.2774658203125,923.812744140625
1789130063016712700,12.422712646484374,0.26422119140625,923.814453125
1789130063096766500,12.502766357421875,0.24310302734375,923.816650390625
1789130063176829400,12.582829345703125,0.2457275390625,923.81640625
1789130063256901000,12.662901123046876,0.240478515625,923.81689453125
1789130063336953900,12.742953857421876,0.21405029296875,923.820068359375
1789130063417025500,12.823025634765624,0.2457275390625,923.81640625
1789130063497064000,12.90306396484375,0.2774658203125,923.81298828125
1789130063577093600,12.98309375,0.253662109375,923.815673828125
1789130063657129000,13.06312890625,0.2615966796875,923.814697265625
1789130063737155000,13.143155029296874,0.28009033203125,923.8125
1789130063817192200,13.223192138671875,0.285400390625,923.81201171875
1789130063897223700,13.3032236328125,0.266845703125,923.81396484375
1789130063977270800,13.383270751953125,0.30389404296875,923.81005859375
1789130064057340000,13.46333984375,0.29327392578125,923.81103515625
1789130064137400600,13.543400634765625,0.311767578125,923.80908203125
1789130064217469400,13.623469482421875,0.3065185546875,923.8095703125
1789130064297519600,13.70351953125,0.30120849609375,923.810302734375
1789130064377583000,13.7835830078125,0.28009033203125,923.8125
1789130064457645000,13.86364501953125,0.285400390625,923.81201171875
1789130064537701600,13.94370166015625,0.2747802734375,923.813232421875
1789130064617768000,14.023767822265626,0.23779296875,923.8173828125
1789130064697863200,14.10386328125,0.253662109375,923.8154296875
1789130064777940500,14.1839404296875,0.2615966796875,923.814697265625
1789130064857995800,14.263995849609374,0.253662109375,923.815673828125
1789130064938078500,14.344078369140625,0.2008056640625,923.821533203125
1789130065018144000,14.42414404296875,0.19818115234375,923.82177734375
1789130065098213400,14.50421337890625,0.1796875,923.82373046875
1789130065178272300,14.584272216796874,0.16119384765625,923.825927734375
1789130065258310000,14.664309814453125,0.150634765625,923.8271484375
1789130065338374700,14.744374755859376,0.150634765625,923.826904296875
1789130065418426000,14.824426025390625,0.19024658203125,923.82275390625
1789130065498491100,14.9044912109375,0.14794921875,923.827392578125
1789130065578542800,14.98454296875,0.12420654296875,923.829833984375
1789130065658592800,15.0645927734375,0.09246826171875,923.83349609375
1789130065738654000,15.144654052734374,0.0528564453125,923.837890625
1789130065818712600,15.224712646484376,-0.01849365234375,923.845947265625
1789130065898737400,15.3047373046875,-0.0238037109375,923.846435546875
1789130065978796300,15.38479638671875,-0.04229736328125,923.848388671875
1789130066058824700,15.46482470703125,-0.04754638671875,923.84912109375
1789130066138874000,15.5448740234375,-0.05548095703125,923.85009765625
1789130066218960000,15.6249599609375,-0.0660400390625,923.85107421875
1789130066299029800,15.70502978515625,-0.0977783203125,923.854736328125
1789130066379077600,15.78507763671875,-0.10040283203125,923.85498046875
1789130066459135200,15.86513525390625,-0.1268310546875,923.85791015625
1789130066539169000,15.9451689453125,-0.132080078125,923.858642578125
1789130066619212000,16.0252119140625,-0.14532470703125,923.860107421875
1789130066699253200,16.105253173828125,-0.14532470703125,923.860107421875
1789130066779298000,16.185298095703125,-0.1558837890625,923.861328125
1789130066859352000,16.26535205078125,-0.15850830078125,923.861572265625
1789130066939417300,16.345417236328124,-0.15057373046875,923.860595703125
1789130067019446300,16.4254462890625,-0.163818359375,923.862060546875
1789130067099500300,16.505500244140624,-0.1717529296875,923.863037109375
1789130067179541000,16.585541015625,-0.1849365234375,923.864501953125
1789130067259593000,16.665593017578125,-0.17437744140625,923.86328125
1789130067339648800,16.745648681640624,-0.1796875,923.864013671875
1789130067419714000,16.825714111328125,-0.1876220703125,923.86474609375
1789130067499766800,16.905766845703123,-0.19549560546875,923.86572265625
1789130067579811300,16.985811279296875,-0.19549560546875,923.865478515625
1789130067659853300,17.065853271484375,-0.19549560546875,923.86572265625
1789130067739897600,17.145897705078124,-0.16644287109375,923.8623046875
1789130067819944000,17.22594384765625,-0.1427001953125,923.859619140625
1789130067900018000,17.306017822265623,-0.12152099609375,923.857421875
1789130067980063500,17.3860634765625,-0.105712890625,923.85546875
1789130068060108300,17.4661083984375,-0.105712890625,923.855712890625
1789130068140117800,17.54611767578125,-0.118896484375,923.85693359375
1789130068220155600,17.62615576171875,-0.08453369140625,923.853271484375
1789130068300183800,17.706183837890624,-0.03961181640625,923.84814453125
1789130068380199400,17.786199462890625,-0.029052734375,923.84716796875
1789130068460210000,17.8662099609375,-0.01318359375,923.84521484375
1789130068540237300,17.9462373046875,0,923.84375
1789130068620247300,18.026247314453126,-0.01318359375,923.84521484375
1789130068700269300,18.106269287109374,-0.044921875,923.848876953125
1789130068780296400,18.18629638671875,-0.03961181640625,923.84814453125
1789130068860340200,18.26634033203125,-0.0660400390625,923.85107421875
1789130068940367400,18.346367431640626,-0.073974609375,923.85205078125
1789130069020398000,18.426398193359375,-0.08984375,923.853759765625
1789130069100435000,18.50643505859375,-0.0977783203125,923.854736328125
1789130069180459800,18.586459716796874,-0.13739013671875,923.859130859375
1789130069260465400,18.66646533203125,-0.132080078125,923.8583984375
1789130069340478000,18.74647802734375,-0.14532470703125,923.860107421875
1789130069420525800,18.82652587890625,-0.1717529296875,923.863037109375
1789130069500594200,18.90659423828125,-0.15850830078125,923.861572265625
1789130069580656000,18.98665625,-0.16912841796875,923.86279296875
1789130069660721200,19.06672119140625,-0.16912841796875,923.862548828125
1789130069740781000,19.146781005859374,-0.16644287109375,923.8623046875
1789130069820821000,19.226821044921873,-0.15325927734375,923.86083984375
1789130069900878600,19.306878662109376,-0.1849365234375,923.8642578125
1789130069980935700,19.386935791015624,-0.14794921875,923.8603515625
1789130070061004500,19.467004638671874,-0.1558837890625,923.861083984375
1789130070141064200,19.547064208984374,-0.163818359375,923.862060546875
1789130070221093600,19.62709375,-0.163818359375,923.862060546875
1789130070301142500,19.707142578125,-0.163818359375,923.862060546875
1789130070381182000,19.787181884765626,-0.20343017578125,923.866455078125
1789130070461247200,19.867247314453124,-0.2298583984375,923.869384765625
1789130070541292000,19.9472919921875,-0.22723388671875,923.869140625
1789130070621309400,20.027309326171874,-0.24310302734375,923.870849609375
1789130070701332000,20.10733203125,-0.2298583984375,923.869384765625
1789130070781378600,20.187378662109374,-0.208740234375,923.8671875
1789130070861446700,20.26744677734375,-0.1849365234375,923.8642578125
1789130070941491000,20.347490966796876,-0.208740234375,923.8671875
1789130071021546800,20.427546630859375,-0.2166748046875,923.867919921875
1789130071101574700,20.50757470703125,-0.24041748046875,923.87060546875
1789130071181616600,20.58761669921875,-0.2589111328125,923.872802734375
1789130071261661700,20.66766162109375,-0.28271484375,923.87548828125
1789130071341715700,20.7477158203125,-0.2906494140625,923.876220703125
1789130071421761800,20.82776171875,-0.28271484375,923.87548828125
1789130071501796000,20.907796142578125,-0.27215576171875,923.874267578125
1789130071581832200,20.987832275390623,-0.26422119140625,923.873291015625
1789130071661878300,21.067878173828124,-0.26422119140625,923.873291015625
1789130071741916200,21.147916259765626,-0.25103759765625,923.871826171875
1789130071821939200,21.227939208984374,-0.25628662109375,923.872314453125
1789130071901974500,21.307974609375,-0.28271484375,923.875244140625
1789130071981967600,21.387967529296876,-0.28802490234375,923.8759765625
1789130072061946000,21.467946044921874,-0.30914306640625,923.878173828125
1789130072141979400,21.5479794921875,-0.30914306640625,923.878173828125
1789130072222026200,21.628026123046876,-0.30914306640625,923.878173828125
1789130072302039300,21.708039306640625,-0.314453125,923.87890625
1789130072382051600,21.788051513671874,-0.311767578125,923.878662109375
1789130072462070500,21.868070556640625,-0.30914306640625,923.878173828125
1789130072542083000,21.9480830078125,-0.311767578125,923.878662109375
1789130072622093600,22.028093505859374,-0.33026123046875,923.880615234375
1789130072702100200,22.108100341796874,-0.30120849609375,923.87744140625
1789130072782100500,22.1881005859375,-0.33819580078125,923.881591796875
1789130072862124300,22.268124267578123,-0.3487548828125,923.882568359375
1789130072942156500,22.348156494140625,-0.36724853515625,923.884765625
1789130073022203000,22.428202880859374,-0.356689453125,923.883544921875
1789130073102235400,22.5082353515625,-0.3804931640625,923.88623046875
1789130073182238000,22.588238037109374,-0.3487548828125,923.8828125
1789130073262267400,22.668267333984375,-0.33026123046875,923.880615234375
1789130073342309400,22.748309326171874,-0.30914306640625,923.878173828125
1789130073422332400,22.82833251953125,-0.3355712890625,923.881103515625
1789130073502351600,22.9083515625,-0.3408203125,923.8818359375
1789130073582364700,22.98836474609375,-0.3514404296875,923.883056640625
1789130073662381600,23.068381591796875,-0.35931396484375,923.8837890625
1789130073742410500,23.148410400390624,-0.356689453125,923.883544921875
1789130073822454000,23.2284541015625,-0.3514404296875,923.883056640625
1789130073902513000,23.308512939453124,-0.3408203125,923.8818359375
1789130073982567000,23.38856689453125,-0.35406494140625,923.88330078125
1789130074062599200,23.46859912109375,-0.37255859375,923.88525390625
1789130074142648000,23.54864794921875,-0.37518310546875,923.8857421875
1789130074222672400,23.62867236328125,-0.36724853515625,923.884765625
1789130074302704600,23.70870458984375,-0.37786865234375,923.885986328125
1789130074382747000,23.788746826171874,-0.36724853515625,923.884765625
1789130074462824400,23.868824462890625,-0.343505859375,923.882080078125
1789130074542871000,23.94887109375,-0.37255859375,923.88525390625
1789130074622897000,24.02889697265625,-0.3963623046875,923.887939453125
1789130074702954800,24.108954833984374,-0.3514404296875,923.883056640625
1789130074782990800,24.188990966796876,-0.3646240234375,923.884521484375
1789130074863041800,24.269041748046874,-0.3857421875,923.88671875
1789130074943083500,24.34908349609375,-0.3857421875,923.886962890625
1789130075023091700,24.429091796875,-0.36724853515625,923.884765625
1789130075103127300,24.509127197265624,-0.4306640625,923.891845703125
1789130075183176000,24.589176025390625,-0.4254150390625,923.891357421875
1789130075263256300,24.66925634765625,-0.41217041015625,923.889892578125
1789130075343317000,24.74931689453125,-0.40692138671875,923.88916015625
1789130075423351300,24.829351318359375,-0.42010498046875,923.890625
1789130075503381000,24.909381103515624,-0.3963623046875,923.887939453125
1789130075583426300,24.98942626953125,-0.401611328125,923.888427734375
1789130075663471600,25.0694716796875,-0.40423583984375,923.888916015625
1789130075743510300,25.14951025390625,-0.3963623046875,923.887939453125
1789130075823533800,25.229533935546876,-0.37518310546875,923.8857421875
1789130075903540200,25.309540283203123,-0.39105224609375,923.887451171875
1789130075983578400,25.389578369140626,-0.40692138671875,923.88916015625
1789130076063613200,25.46961328125,-0.39898681640625,923.88818359375
1789130076143651000,25.549651123046875,-0.388427734375,923.88720703125
1789130076223685600,25.629685546875,-0.38311767578125,923.886474609375
1789130076303729700,25.709729736328125,-0.36199951171875,923.884033203125
1789130076383764700,25.7897646484375,-0.27740478515625,923.874755859375
1789130076463807000,25.869806884765627,-0.23516845703125,923.8701171875
1789130076543829800,25.949829833984374,-0.19549560546875,923.865478515625
1789130076623849000,26.029848876953125,-0.1796875,923.86376953125
1789130076703822600,26.109822509765625,-0.1427001953125,923.859619140625
1789130076783812600,26.1898125,-0.163818359375,923.862060546875
1789130076863830300,26.269830322265626,-0.177001953125,923.863525390625
1789130076943859200,26.349859130859375,-0.19549560546875,923.86572265625
1789130077023881700,26.4298818359375,-0.2008056640625,923.8662109375
1789130077103922000,26.509921875,-0.19818115234375,923.865966796875
1789130077183963000,26.589962890625,-0.208740234375,923.866943359375
1789130077263993900,26.669993896484375,-0.20611572265625,923.86669921875
1789130077344023300,26.750023193359375,-0.1558837890625,923.861328125
1789130077424027400,26.83002734375,-0.118896484375,923.857177734375
1789130077504022300,26.910022216796875,-0.09246826171875,923.854248046875
1789130077584018700,26.990018798828125,-0.0528564453125,923.849609375
1789130077664016400,27.070016357421874,-0.02642822265625,923.8466796875
1789130077744010000,27.150010009765627,-0.05548095703125,923.849853515625
1789130077824016000,27.230015869140626,-0.03436279296875,923.84765625
1789130077904015000,27.31001513671875,-0.04754638671875,923.84912109375
1789130077984034800,27.390034912109375,-0.0819091796875,923.85302734375
1789130078064060700,27.470060791015626,-0.11627197265625,923.856689453125
1789130078144086000,27.5500859375,-0.12420654296875,923.857666015625
1789130078224126500,27.63012646484375,-0.17437744140625,923.86328125
1789130078304132400,27.71013232421875,-0.1849365234375,923.8642578125
1789130078384110300,27.7901103515625,-0.16644287109375,923.8623046875
1789130078464136000,27.870135986328126,-0.15057373046875,923.860595703125
1789130078544152600,27.950152587890624,-0.14532470703125,923.85986328125
1789130078624152000,28.030152099609374,-0.10833740234375,923.85595703125
1789130078704158000,28.110157958984374,-0.0950927734375,923.8544921875
1789130078784160000,28.190159912109376,-0.09246826171875,923.85400390625
1789130078864137200,28.27013720703125,-0.0501708984375,923.849365234375
1789130078944093200,28.35009326171875,0.01324462890625,923.84228515625
1789130079024085000,28.4300849609375,0.04754638671875,923.838623046875
1789130079104075000,28.510074951171877,0.08453369140625,923.83447265625
1789130079184077800,28.590077880859376,0.11627197265625,923.830810546875
1789130079264076800,28.670076904296874,0.11627197265625,923.830810546875
1789130079344070400,28.7500703125,0.08453369140625,923.83447265625
1789130079424057600,28.8300576171875,0.08453369140625,923.83447265625
1789130079504029200,28.910029296875,0.05023193359375,923.838134765625
1789130079584047400,28.99004736328125,0.04229736328125,923.839111328125
1789130079664068400,29.070068359375,0.03961181640625,923.83935546875
1789130079744092200,29.150092041015625,0.03173828125,923.84033203125
1789130079824115200,29.230115234375,0.0079345703125,923.8427734375
1789130079904157200,29.3101572265625,0.0369873046875,923.839599609375
1789130079984219400,29.390219482421877,0.03436279296875,923.840087890625
1789130080064259300,29.47025927734375,0.0369873046875,923.83984375
1789130080144303900,29.550303955078125,0.05023193359375,923.838134765625
1789130080224339500,29.63033935546875,0.05548095703125,923.837646484375
1789130080304376600,29.71037646484375,0.0238037109375,923.841064453125
1789130080384406800,29.79040673828125,0.01055908203125,923.842529296875
1789130080464449300,29.87044921875,-0.015869140625,923.845458984375
1789130080544473900,29.950473876953126,-0.03436279296875,923.84765625
1789130080624476000,30.030475830078124,-0.05548095703125,923.85009765625
1789130080704472800,30.110472900390626,-0.05548095703125,923.85009765625
1789130080784460800,30.190460693359373,-0.04229736328125,923.8486328125
1789130080864450600,30.270450439453125,-0.0528564453125,923.849609375
1789130080944457700,30.350457763671876,-0.03961181640625,923.84814453125
1789130081024477700,30.430477783203123,-0.029052734375,923.846923828125
1789130081104474000,30.51047412109375,-0.03436279296875,923.84765625
1789130081184488400,30.590488525390626,-0.02642822265625,923.8466796875
1789130081264472800,30.670472900390624,0.0238037109375,923.841064453125
1789130081344459500,30.75045947265625,0.0369873046875,923.839599609375
1789130081424472000,30.83047216796875,0.060791015625,923.8369140625
1789130081504477200,30.910477294921876,0.0977783203125,923.8330078125
1789130081584478700,30.990478759765626,0.10833740234375,923.831787109375
1789130081664471800,31.070471923828126,0.08984375,923.833740234375
1789130081744487200,31.150487060546876,0.0977783203125,923.8330078125
1789130081824466200,31.230466064453125,0.15325927734375,923.82666015625
1789130081904468500,31.310468505859376,0.1717529296875,923.82470703125
1789130081984465200,31.390465087890625,0.1717529296875,923.82470703125
1789130082064406000,31.470406005859374,0.16644287109375,923.8251953125
1789130082144392400,31.550392333984377,0.14007568359375,923.828125
1789130082224386800,31.63038671875,0.0819091796875,923.834716796875
1789130082304401200,31.710401123046875,0.07135009765625,923.8359375
1789130082384411600,31.79041162109375,0.08721923828125,923.834228515625
1789130082464397000,31.87039697265625,0.10040283203125,923.832763671875
1789130082544397800,31.950397705078124,0.1268310546875,923.82958984375
1789130082624391000,32.030390869140625,0.12945556640625,923.829345703125
1789130082704366300,32.11036645507812,0.14007568359375,923.828125
1789130082784338400,32.19033837890625,0.163818359375,923.82568359375
1789130082864307500,32.270307373046876,0.16912841796875,923.824951171875
1789130082944284400,32.35028442382813,0.150634765625,923.8271484375
1789130083024275500,32.430275390625,0.1427001953125,923.827880859375
1789130083104303000,32.51030322265625,0.1109619140625,923.83154296875
1789130083184331300,32.590331298828126,0.04754638671875,923.83837890625
1789130083264342300,32.67034228515625,0.0369873046875,923.839599609375
1789130083344358400,32.7503583984375,0.03436279296875,923.840087890625
1789130083424389600,32.8303896484375,0.02642822265625,923.8408203125
1789130083504422400,32.91042236328125,0.015869140625,923.842041015625
1789130083584453400,32.990453369140624,0.00262451171875,923.843505859375
1789130083664487000,33.07048681640625,-0.044921875,923.848876953125
1789130083744527600,33.15052758789062,-0.07928466796875,923.8525390625
1789130083824554200,33.23055419921875,-0.0950927734375,923.8544921875
1789130083904583400,33.31058349609375,-0.118896484375,923.85693359375
1789130083984615400,33.39061547851563,-0.12420654296875,923.857666015625
1789130084064653000,33.47065307617188,-0.134765625,923.85888671875
1789130084144673500,33.55067358398438,-0.132080078125,923.858642578125
1789130084224675600,33.630675537109376,-0.15850830078125,923.861572265625
1789130084304679400,33.710679443359375,-0.1796875,923.864013671875
1789130084384694300,33.7906943359375,-0.21136474609375,923.867431640625
1789130084464681700,33.870681640625,-0.19287109375,923.865234375
1789130084544689200,33.95068920898437,-0.21929931640625,923.868408203125
1789130084624686000,34.03068603515625,-0.224609375,923.868896484375
1789130084704680200,34.11068017578125,-0.2008056640625,923.8662109375
1789130084784670200,34.19067016601562,-0.1849365234375,923.864501953125
1789130084864685300,34.27068530273438,-0.23516845703125,923.8701171875
1789130084944679400,34.350679443359375,-0.21929931640625,923.8681640625
1789130085024663600,34.43066357421875,-0.21136474609375,923.867431640625
1789130085104656100,34.51065625,-0.23516845703125,923.869873046875
1789130085184663800,34.590663818359374,-0.28009033203125,923.875
1789130085264671500,34.67067138671875,-0.19818115234375,923.865966796875
1789130085344670700,34.750670654296876,-0.20611572265625,923.86669921875
1789130085424681500,34.83068139648437,-0.19549560546875,923.86572265625
1789130085504691200,34.91069116210937,-0.20611572265625,923.86669921875
1789130085584711000,34.9907109375,-0.1849365234375,923.8642578125
1789130085664736300,35.070736328125,-0.24310302734375,923.870849609375
1789130085744772600,35.150772705078126,-0.24835205078125,923.871337890625
1789130085824787000,35.23078686523438,-0.23516845703125,923.8701171875
1789130085904816000,35.310816162109376,-0.20343017578125,923.866455078125
1789130085984812500,35.3908125,-0.2008056640625,923.8662109375
1789130086064813800,35.47081372070313,-0.19287109375,923.865234375
1789130086144798700,35.550798828125,-0.1796875,923.864013671875
1789130086224820000,35.63082006835938,-0.2008056640625,923.8662109375
1789130086304844000,35.710843994140625,-0.224609375,923.868896484375
1789130086384863700,35.79086376953125,-0.208740234375,923.8671875
1789130086464852000,35.87085205078125,-0.221923828125,923.86865234375
1789130086544866600,35.95086645507813,-0.2298583984375,923.869384765625
1789130086624866600,36.030866455078126,-0.25628662109375,923.872314453125
1789130086704852200,36.11085229492188,-0.27740478515625,923.874755859375
1789130086784847000,36.19084716796875,-0.29327392578125,923.87646484375
1789130086864833800,36.27083374023437,-0.28533935546875,923.875732421875
1789130086944846800,36.35084692382812,-0.3038330078125,923.877685546875
1789130087024861200,36.430861083984375,-0.29327392578125,923.87646484375
1789130087104887000,36.51088696289062,-0.29595947265625,923.876708984375
1789130087184896000,36.59089599609375,-0.311767578125,923.878662109375
1789130087264909600,36.67090966796875,-0.31707763671875,923.879150390625
1789130087344900000,36.750900146484376,-0.32232666015625,923.879638671875
1789130087424896500,36.830896484375,-0.356689453125,923.883544921875
1789130087504943900,36.91094384765625,-0.35931396484375,923.8837890625
1789130087584964900,36.99096484375,-0.388427734375,923.88720703125
1789130087664987400,37.0709873046875,-0.4227294921875,923.890869140625
1789130087745021000,37.15102099609375,-0.43597412109375,923.892333984375
1789130087825046500,37.231046630859375,-0.43597412109375,923.892578125
1789130087905078300,37.311078369140624,-0.45184326171875,923.894287109375
1789130087985124400,37.39112426757813,-0.4306640625,923.891845703125
1789130088065172700,37.4711728515625,-0.4306640625,923.891845703125
1789130088145202700,37.55120263671875,-0.401611328125,923.888427734375
1789130088225227500,37.6312275390625,-0.3857421875,923.88671875
1789130088305270500,37.7112705078125,-0.3646240234375,923.884521484375
1789130088385299000,37.791298828125,-0.35931396484375,923.8837890625
1789130088465340400,37.87134033203125,-0.3487548828125,923.882568359375
1789130088545374000,37.9513740234375,-0.41217041015625,923.8896484375
1789130088625412400,38.03141235351563,-0.44390869140625,923.893310546875
1789130088705468400,38.11146850585938,-0.45184326171875,923.894287109375
1789130088785507000,38.191507080078125,-0.47296142578125,923.896484375
1789130088865532400,38.27153247070312,-0.49407958984375,923.89892578125
1789130088945574700,38.35157470703125,-0.49407958984375,923.89892578125
1789130089025625900,38.4316259765625,-0.48883056640625,923.898193359375
1789130089105665800,38.511665771484374,-0.4755859375,923.896728515625
1789130089185685200,38.591685302734376,-0.4703369140625,923.896240234375
1789130089265710000,38.6717099609375,-0.4676513671875,923.89599609375
1789130089345717500,38.751717529296876,-0.4412841796875,923.892822265625
1789130089425735200,38.83173510742188,-0.4306640625,923.891845703125
1789130089505733600,38.91173364257813,-0.46502685546875,923.8955078125
1789130089585728500,38.991728515625,-0.491455078125,923.898681640625
1789130089665732400,39.071732421875,-0.491455078125,923.898681640625
1789130089745735000,39.15173486328125,-0.52581787109375,923.90234375
1789130089825763300,39.23176342773438,-0.58660888671875,923.9091796875
1789130089905786400,39.31178637695312,-0.626220703125,923.91357421875
1789130089985824000,39.39182397460937,-0.62359619140625,923.913330078125
1789130090065875700,39.47187573242188,-0.626220703125,923.91357421875
1789130090145913600,39.55191357421875,-0.6051025390625,923.911376953125
1789130090225960400,39.63196044921875,-0.55487060546875,923.905517578125
1789130090305974000,39.71197412109375,-0.5284423828125,923.90283203125
1789130090385965800,39.7919658203125,-0.53375244140625,923.9033203125
1789130090466007800,39.8720078125,-0.56805419921875,923.9072265625
1789130090546027000,39.952027099609374,-0.6182861328125,923.91259765625
1789130090626043000,40.03204296875,-0.6473388671875,923.916015625
1789130090706057500,40.11205737304687,-0.71868896484375,923.923828125
1789130090786067700,40.192067626953126,-0.77947998046875,923.9306640625
1789130090866070300,40.2720703125,-0.8428955078125,923.937744140625
1789130090946103600,40.352103515625,-0.86932373046875,923.940673828125
1789130091026160000,40.43216015625,-0.93536376953125,923.947998046875
1789130091106183200,40.51218310546875,-0.93536376953125,923.947998046875
1789130091186215400,40.59221533203125,-0.93536376953125,923.947998046875
1789130091266237700,40.67223779296875,-0.9248046875,923.94677734375
1789130091346277600,40.752277587890624,-0.9617919921875,923.950927734375
1789130091426331600,40.83233154296875,-0.9617919921875,923.950927734375
1789130091506380300,40.91238037109375,-0.9617919921875,923.950927734375
1789130091586428400,40.99242846679687,-1.01727294921875,923.957275390625
1789130091666470700,41.072470703125,-1.0595703125,923.9619140625
1789130091746468000,41.15246801757812,-1.0357666015625,923.959228515625
1789130091826457600,41.23245751953125,-1.0516357421875,923.9609375
1789130091906453200,41.31245336914063,-1.0595703125,923.9619140625
1789130091986459100,41.39245922851563,-1.03839111328125,923.95947265625
1789130092066456300,41.47245629882813,-1.03314208984375,923.958984375
1789130092146466600,41.55246655273437,-1.06744384765625,923.962646484375
1789130092226466300,41.63246630859375,-1.0595703125,923.9619140625
1789130092306452200,41.7124521484375,-1.0938720703125,923.9658203125
1789130092386473700,41.7924736328125,-1.130859375,923.969970703125
1789130092466495200,41.8724951171875,-1.1387939453125,923.970703125
1789130092546495500,41.95249560546875,-1.1387939453125,923.970703125
1789130092626485200,42.0324853515625,-1.1256103515625,923.96923828125
1789130092706467600,42.11246752929687,-1.11767578125,923.96826171875
1789130092786462000,42.1924619140625,-1.07537841796875,923.963623046875
1789130092866472400,42.27247241210937,-1.0489501953125,923.960693359375
1789130092946494700,42.35249462890625,-1.0225830078125,923.957763671875
1789130093026519000,42.43251904296875,-1.03839111328125,923.95947265625
1789130093106551800,42.5125517578125,-1.04107666015625,923.959716796875
1789130093186551300,42.59255126953125,-1.03045654296875,923.958740234375
1789130093266576100,42.672576171875,-1.0146484375,923.95703125
1789130093346602500,42.7526025390625,-1.04107666015625,923.959716796875
1789130093426620000,42.83261987304687,-1.02783203125,923.95849609375
1789130093506632700,42.9126328125,-1.00140380859375,923.95556640625
1789130093586628900,42.99262890625,-1.0198974609375,923.95751953125
1789130093666671400,43.07267138671875,-1.03314208984375,923.958984375
1789130093746717200,43.15271728515625,-1.0198974609375,923.95751953125
1789130093826771500,43.232771484375,-1.00140380859375,923.95556640625
1789130093906815700,43.312815673828126,-1.00140380859375,923.955322265625
1789130093986819300,43.3928193359375,-0.96441650390625,923.951171875
1789130094066835700,43.47283569335937,-0.89837646484375,923.94384765625
1789130094146866700,43.55286669921875,-0.8349609375,923.936767578125
1789130094226883000,43.63288305664062,-0.80322265625,923.933349609375
1789130094306904800,43.71290478515625,-0.7979736328125,923.932861328125
1789130094386919200,43.79291918945312,-0.79534912109375,923.9326171875
1789130094466936600,43.8729365234375,-0.84814453125,923.938232421875
1789130094546960000,43.9529599609375,-0.8798828125,923.94189453125
1789130094626992400,44.03299243164062,-0.91424560546875,923.94580078125
1789130094707017200,44.113017333984374,-0.87725830078125,923.941650390625
1789130094787005200,44.193005126953125,-0.86138916015625,923.939697265625
1789130094867017000,44.273016845703125,-0.82965087890625,923.936279296875
1789130094947037700,44.35303759765625,-0.819091796875,923.93505859375
1789130095027067000,44.43306689453125,-0.77947998046875,923.9306640625
1789130095107069200,44.51306909179687,-0.79534912109375,923.9326171875
1789130095187057000,44.59305688476562,-0.7900390625,923.931884765625
1789130095267054800,44.67305493164063,-0.75567626953125,923.927978515625
1789130095347057200,44.75305712890625,-0.7081298828125,923.9228515625
1789130095427054300,44.83305444335937,-0.68170166015625,923.919677734375
1789130095507045400,44.91304541015625,-0.62884521484375,923.913818359375
1789130095587055600,44.9930556640625,-0.62091064453125,923.9130859375
1789130095667069400,45.0730693359375,-0.68170166015625,923.919921875
1789130095747091700,45.153091796875,-0.76361083984375,923.928955078125
1789130095827106300,45.23310620117188,-0.83758544921875,923.937255859375
1789130095907131100,45.31313110351562,-0.90362548828125,923.944580078125
1789130095987171800,45.393171875,-0.922119140625,923.946533203125
1789130096067222500,45.47322241210937,-0.91424560546875,923.94580078125
1789130096147260200,45.55326025390625,-0.908935546875,923.945068359375
1789130096227302100,45.63330224609375,-0.9459228515625,923.94921875
1789130096307325000,45.71332495117188,-0.998779296875,923.955078125
1789130096387331000,45.7933310546875,-1.101806640625,923.966552734375
1789130096467343400,45.87334326171875,-1.178466796875,923.97509765625
1789130096547350500,45.9533505859375,-1.2603759765625,923.984375
1789130096627360500,46.03336059570312,-1.31585693359375,923.990478515625
1789130096707361300,46.113361328125,-1.35284423828125,923.99462890625
1789130096787345200,46.19334521484375,-1.384521484375,923.998046875
1789130096867315700,46.27331567382812,-1.42681884765625,924.0029296875
1789130096947302700,46.353302734375,-1.490234375,924.009765625
1789130097027327000,46.43332690429688,-1.52197265625,924.013427734375
1789130097107354600,46.513354736328125,-1.595947265625,924.021728515625
1789130097187363600,46.59336352539062,-1.6619873046875,924.029052734375
1789130097267369700,46.67336962890625,-1.71484375,924.034912109375
1789130097347340300,46.75334033203125,-1.76239013671875,924.040283203125
1789130097427319800,46.83331982421875,-1.83636474609375,924.048583984375
1789130097507329800,46.91332983398438,-1.85748291015625,924.05078125
1789130097587333000,46.9933330078125,-1.87603759765625,924.052978515625
1789130097667336700,47.07333666992187,-1.91827392578125,924.0576171875
1789130097747352800,47.153352783203125,-1.91033935546875,924.056884765625
1789130097827366000,47.233365966796875,-1.91302490234375,924.05712890625
1789130097907375900,47.3133759765625,-1.9737548828125,924.06396484375
1789130097987386400,47.39338647460937,-1.99493408203125,924.066162109375
1789130098067395800,47.47339575195313,-2.02398681640625,924.069580078125
1789130098147430100,47.55343017578125,-2.08740234375,924.07666015625
1789130098227454500,47.63345434570312,-2.12701416015625,924.0810546875
1789130098307474400,47.713474365234376,-2.1534423828125,924.083740234375
1789130098387495400,47.79349536132813,-2.16668701171875,924.085205078125
1789130098467488000,47.873488037109375,-2.17987060546875,924.0869140625
1789130098547494700,47.95349462890625,-2.16400146484375,924.0849609375
1789130098627490000,48.03348999023437,-2.16400146484375,924.0849609375
1789130098707518200,48.11351831054687,-2.14288330078125,924.082763671875
1789130098787552000,48.19355200195312,-2.17987060546875,924.086669921875
1789130098867560700,48.273560791015626,-2.1904296875,924.087890625
1789130098947559000,48.353558837890624,-2.24066162109375,924.093505859375
1789130099027572200,48.433572265625,-2.2564697265625,924.095458984375
1789130099107572500,48.51357250976562,-2.26971435546875,924.096923828125
1789130099187579000,48.593578857421875,-2.28289794921875,924.098388671875
1789130099267606500,48.6736064453125,-2.28289794921875,924.098388671875
1789130099347595300,48.75359521484375,-2.2591552734375,924.095703125
1789130099427594500,48.83359448242187,-2.26177978515625,924.095947265625
1789130099507594500,48.91359448242188,-2.2802734375,924.097900390625
1789130099587590700,48.993590576171876,-2.27496337890625,924.097412109375
1789130099667613200,49.07361328125,-2.29351806640625,924.099365234375
1789130099747647200,49.15364721679688,-2.28558349609375,924.0986328125
1789130099827654700,49.233654541015625,-2.31463623046875,924.101806640625
1789130099907656400,49.31365649414062,-2.33837890625,924.1044921875
1789130099987677700,49.393677734375,-2.38067626953125,924.109130859375
1789130100067693800,49.47369384765625,-2.40179443359375,924.111572265625
1789130100147707000,49.55370678710938,-2.44940185546875,924.116943359375
1789130100227723000,49.63372290039062,-2.430908203125,924.11474609375
1789130100307732000,49.71373193359375,-2.43353271484375,924.114990234375
1789130100387749600,49.79374951171875,-2.4229736328125,924.11376953125
1789130100467769900,49.87376977539063,-2.4520263671875,924.1171875
1789130100547796700,49.95379663085937,-2.475830078125,924.119873046875
1789130100627800800,50.03380078125,-2.4969482421875,924.122314453125
1789130100707831600,50.11383154296875,-2.53656005859375,924.12646484375
1789130100787888000,50.19388818359375,-2.5498046875,924.128173828125
1789130100867946000,50.27394604492188,-2.5498046875,924.1279296875
1789130100947995100,50.3539951171875,-2.58941650390625,924.13232421875
1789130101028061200,50.43406127929688,-2.623779296875,924.13623046875
1789130101108119800,50.51411987304687,-2.62640380859375,924.13671875
1789130101188182800,50.59418286132812,-2.66607666015625,924.140869140625
1789130101268231700,50.67423168945312,-2.66339111328125,924.140625
1789130101348256800,50.7542568359375,-2.64227294921875,924.138427734375
1789130101428278500,50.83427856445312,-2.6475830078125,924.138916015625
1789130101508334300,50.91433422851563,-2.66339111328125,924.140625
1789130101588373000,50.994373046875,-2.65283203125,924.139404296875
1789130101668405000,51.07440502929688,-2.6845703125,924.14306640625
1789130101748424000,51.154423828125,-2.7109375,924.14599609375
1789130101828447200,51.234447265625,-2.71624755859375,924.146484375
1789130101908469800,51.3144697265625,-2.7294921875,924.148193359375
1789130101988481800,51.39448168945312,-2.7796630859375,924.153564453125
1789130102068512800,51.4745126953125,-2.78759765625,924.154541015625
1789130102148567600,51.55456762695312,-2.80609130859375,924.15673828125
1789130102228593700,51.63459375,-2.83251953125,924.15966796875
1789130102308593200,51.71459326171875,-2.845703125,924.1611328125
1789130102388612600,51.79461254882813,-2.81927490234375,924.157958984375
1789130102468647000,51.87464697265625,-2.8245849609375,924.15869140625
1789130102548683300,51.954683349609375,-2.81402587890625,924.157470703125
1789130102628705000,52.034705078125,-2.8377685546875,924.16015625
1789130102708730400,52.11473046875,-2.84307861328125,924.160888671875
1789130102788757000,52.194757080078126,-2.8826904296875,924.1650390625
1789130102868786700,52.27478662109375,-2.893310546875,924.166259765625
1789130102948813800,52.35481372070313,-2.906494140625,924.167724609375
1789130103028848000,52.43484814453125,-2.9302978515625,924.17041015625
1789130103108858000,52.514858154296874,-2.9434814453125,924.171875
1789130103188863500,52.59486352539062,-2.964599609375,924.17431640625
1789130103268871000,52.67487084960938,-2.97784423828125,924.17578125
1789130103348861000,52.75486083984375,-3.009521484375,924.179443359375
1789130103428862700,52.83486279296875,-3.009521484375,924.179443359375
1789130103508898800,52.91489892578125,-3.02276611328125,924.1806640625
1789130103588921000,52.99492114257812,-3.041259765625,924.182861328125
1789130103668928300,53.07492822265625,-3.0623779296875,924.185302734375
1789130103748958500,53.15495849609375,-3.0914306640625,924.1884765625
1789130103828958500,53.23495849609375,-3.10467529296875,924.18994140625
1789130103908988400,53.314988525390625,-3.11260986328125,924.190673828125
1789130103989039900,53.39503979492188,-3.09674072265625,924.18896484375
1789130104069074700,53.47507470703125,-3.08880615234375,924.18798828125
1789130104149123300,53.555123291015626,-3.0623779296875,924.185302734375
1789130104229182000,53.63518188476562,-3.07562255859375,924.1865234375
1789130104309225500,53.7152255859375,-3.0623779296875,924.185302734375
1789130104389274000,53.795274169921875,-3.03594970703125,924.182373046875
1789130104469331700,53.875331787109374,-2.99896240234375,924.177978515625
1789130104549382000,53.9553818359375,-2.98577880859375,924.176513671875
1789130104629414000,54.03541381835937,-2.94879150390625,924.172607421875
1789130104709429000,54.11542895507812,-2.9434814453125,924.171875
1789130104789469400,54.19546948242188,-2.94610595703125,924.172119140625
1789130104869511400,54.275511474609374,-2.96990966796875,924.1748046875
1789130104949533200,54.355533203125,-2.9593505859375,924.173828125
1789130105029557000,54.435556884765624,-2.95404052734375,924.173095703125
1789130105109557500,54.5155576171875,-2.94610595703125,924.172119140625
1789130105189578500,54.59557861328125,-2.95404052734375,924.173095703125
1789130105269613000,54.67561303710937,-2.9884033203125,924.177001953125
1789130105349659600,54.75565966796875,-2.96728515625,924.174560546875
1789130105429679000,54.83567919921875,-2.99102783203125,924.17724609375
1789130105509716000,54.91571606445312,-3.0201416015625,924.180419921875
1789130105589767200,54.99576708984375,-3.0333251953125,924.181884765625
1789130105669822000,55.07582202148438,-2.99896240234375,924.17822265625
1789130105749869300,55.15586938476562,-3.0333251953125,924.181884765625
1789130105829883100,55.235883056640624,-3.01220703125,924.1796875
1789130105909918000,55.31591796875,-2.99896240234375,924.177978515625
1789130105989971200,55.39597119140625,-2.98577880859375,924.176513671875
1789130106070033200,55.476033203125,-2.98577880859375,924.1767578125
1789130106150071000,55.55607104492187,-2.99102783203125,924.17724609375
1789130106230117400,55.63611743164063,-2.98046875,924.176025390625
1789130106310153200,55.7161533203125,-2.98577880859375,924.1767578125
1789130106390180000,55.79618017578125,-2.98577880859375,924.1767578125
1789130106470218000,55.876218017578125,-2.99896240234375,924.177978515625
1789130106550281200,55.95628125,-2.98309326171875,924.17626953125
1789130106630346200,56.03634619140625,-2.99102783203125,924.17724609375
1789130106710417200,56.116417236328125,-2.96990966796875,924.1748046875
1789130106790471000,56.196470947265624,-2.9593505859375,924.173828125
1789130106870497000,56.2764970703125,-2.94610595703125,924.17236328125
1789130106950530300,56.3565302734375,-2.951416015625,924.1728515625
1789130107030580000,56.436580078125,-2.96728515625,924.174560546875
1789130107110621000,56.516620849609374,-2.98577880859375,924.176513671875
1789130107190676500,56.59667651367187,-2.99896240234375,924.177978515625
1789130107270708500,56.67670849609375,-2.99371337890625,924.177490234375
1789130107350732500,56.75673266601562,-2.99896240234375,924.177978515625
1789130107430750500,56.83675048828125,-2.96728515625,924.174560546875
1789130107510763000,56.91676293945312,-2.99896240234375,924.177978515625
1789130107590771700,56.996771728515625,-2.9884033203125,924.177001953125
1789130107670816800,57.076816650390626,-3.025390625,924.18115234375
1789130107750875100,57.15687524414062,-3.01220703125,924.1796875
1789130107830916400,57.23691625976563,-3.0491943359375,924.183837890625
1789130107910951400,57.31695141601563,-3.01483154296875,924.179931640625
1789130107990973200,57.39697314453125,-3.025390625,924.18115234375
1789130108070986200,57.476986328125,-3.03594970703125,924.182373046875
1789130108151015400,57.557015380859376,-3.0491943359375,924.183837890625
1789130108231060700,57.63706079101563,-3.0491943359375,924.183837890625
1789130108311121400,57.717121337890624,-3.07562255859375,924.1865234375
1789130108391151400,57.7971513671875,-3.086181640625,924.187744140625
1789130108471190800,57.877190673828125,-3.07293701171875,924.186279296875
1789130108551256000,57.957256103515626,-3.0941162109375,924.188720703125
1789130108631304400,58.037304443359375,-3.1072998046875,924.190185546875
1789130108711332400,58.11733227539062,-3.10467529296875,924.18994140625
1789130108791358000,58.19735791015625,-3.12841796875,924.1923828125
1789130108871374800,58.27737475585938,-3.1231689453125,924.19189453125
1789130108951403500,58.35740356445312,-3.11260986328125,924.190673828125
1789130109031415300,58.43741528320312,-3.12841796875,924.1923828125
1789130109111410400,58.517410400390624,-3.1390380859375,924.193603515625
1789130109191421200,58.59742114257813,-3.12841796875,924.1923828125
1789130109271437800,58.677437744140626,-3.144287109375,924.1943359375
1789130109351460000,58.757460205078125,-3.16015625,924.196044921875
1789130109431485200,58.83748510742188,-3.1390380859375,924.193603515625
1789130109511514000,58.91751416015625,-3.1390380859375,924.193603515625
1789130109591569200,58.997569091796876,-3.12054443359375,924.191650390625
1789130109671626200,59.077626220703124,-3.1072998046875,924.190185546875
1789130109751673000,59.157673095703124,-3.11260986328125,924.190673828125
1789130109831719400,59.23771948242187,-3.1072998046875,924.190185546875
1789130109911724000,59.31772412109375,-3.08880615234375,924.188232421875
1789130109991735000,59.39773510742187,-3.09674072265625,924.18896484375
1789130110071729400,59.4777294921875,-3.10205078125,924.189697265625
1789130110151748400,59.55774829101563,-3.0914306640625,924.1884765625
1789130110231770600,59.6377705078125,-3.10467529296875,924.18994140625
1789130110311772200,59.717772216796874,-3.10992431640625,924.1904296875
1789130110391760600,59.7977607421875,-3.13372802734375,924.193115234375
1789130110471746800,59.87774682617187,-3.11260986328125,924.19091796875
1789130110551729000,59.95772900390625,-3.11260986328125,924.190673828125
1789130110631756000,60.037756103515626,-3.10467529296875,924.18994140625
1789130110711748400,60.11774829101562,-3.0914306640625,924.1884765625
1789130110791756000,60.19775610351562,-3.08880615234375,924.188232421875
1789130110871727000,60.27772705078125,-3.0941162109375,924.188720703125
1789130110951735600,60.357735595703126,-3.1072998046875,924.190185546875
1789130111031728600,60.437728759765626,-3.099365234375,924.189453125
1789130111111734300,60.517734375,-3.1072998046875,924.190185546875
1789130111191739100,60.5977392578125,-3.08355712890625,924.1875
1789130111271754800,60.67775463867188,-3.1072998046875,924.190185546875
1789130111351770000,60.75777001953125,-3.115234375,924.191162109375
1789130111431782100,60.8377822265625,-3.1072998046875,924.190185546875
1789130111511775200,60.917775146484374,-3.11785888671875,924.19140625
1789130111591776500,60.99777661132813,-3.10205078125,924.189697265625
1789130111671770400,61.07777026367187,-3.0914306640625,924.1884765625
1789130111751759400,61.15775927734375,-3.086181640625,924.187744140625
1789130111831731200,61.237731201171876,-3.099365234375,924.189208984375
1789130111911712800,61.317712646484374,-3.08355712890625,924.1875
1789130111991687700,61.397687744140626,-3.10992431640625,924.1904296875
1789130112071701500,61.47770141601563,-3.12054443359375,924.191650390625
1789130112151732000,61.55773193359375,-3.12054443359375,924.191650390625
1789130112231771100,61.63777124023437,-3.115234375,924.191162109375
1789130112311782400,61.71778247070313,-3.12841796875,924.1923828125
1789130112391816200,61.79781616210938,-3.115234375,924.191162109375
1789130112471846100,61.87784619140625,-3.10992431640625,924.1904296875
1789130112551862300,61.9578623046875,-3.1231689453125,924.19189453125
1789130112631849700,62.037849609375,-3.12841796875,924.192626953125
1789130112711837200,62.11783715820312,-3.14959716796875,924.19482421875
1789130112791821300,62.1978212890625,-3.144287109375,924.1943359375
1789130112871788800,62.277788818359376,-3.16015625,924.196044921875
1789130112951770000,62.35777001953125,-3.12841796875,924.1923828125
1789130113031786000,62.437785888671876,-3.12841796875,924.1923828125
1789130113111795200,62.517795166015624,-3.12054443359375,924.191650390625
1789130113191806000,62.59780590820313,-3.11260986328125,924.19091796875
1789130113271819300,62.6778193359375,-3.08880615234375,924.188232421875
1789130113351836400,62.75783642578125,-3.10205078125,924.189697265625
1789130113431837000,62.8378369140625,-3.07293701171875,924.186279296875
1789130113511832300,62.91783227539062,-3.05181884765625,924.18408203125
1789130113591797000,62.997796875,-3.041259765625,924.182861328125
1789130113671763700,63.077763671875,-3.05181884765625,924.18408203125
1789130113751765000,63.15776489257812,-3.041259765625,924.182861328125
1789130113831765500,63.237765625,-3.0623779296875,924.185302734375
1789130113911731200,63.317731201171874,-3.0703125,924.18603515625
1789130113991702500,63.39770263671875,-3.11260986328125,924.190673828125
1789130114071676400,63.477676513671874,-3.115234375,924.191162109375
1789130114151680500,63.55768041992187,-3.12579345703125,924.192138671875
1789130114231657200,63.6376572265625,-3.1522216796875,924.1953125
1789130114311637500,63.717637451171875,-3.16546630859375,924.19677734375
1789130114391616800,63.79761669921875,-3.1363525390625,924.193359375
1789130114471616500,63.877616455078126,-3.12579345703125,924.192138671875
1789130114551624400,63.95762451171875,-3.12579345703125,924.192138671875
1789130114631613700,64.03761376953125,-3.0941162109375,924.188720703125
1789130114711587300,64.11758740234374,-3.07562255859375,924.1865234375
1789130114791536000,64.1975361328125,-3.07562255859375,924.1865234375
1789130114871502800,64.2775029296875,-3.08880615234375,924.188232421875
1789130114951504000,64.35750390625,-3.086181640625,924.187744140625
1789130115031498500,64.43749853515625,-3.10205078125,924.189697265625
1789130115111482000,64.51748217773438,-3.11260986328125,924.19091796875
1789130115191464700,64.59746459960938,-3.12841796875,924.1923828125
1789130115271462400,64.67746240234375,-3.10205078125,924.189697265625
1789130115351485700,64.75748559570313,-3.09674072265625,924.18896484375
1789130115431511600,64.83751147460937,-3.05975341796875,924.184814453125
1789130115511508700,64.9175087890625,-3.041259765625,924.182861328125
1789130115591518200,64.99751831054688,-3.03863525390625,924.1826171875
1789130115671529700,65.07752978515624,-3.05181884765625,924.18408203125
1789130115751512800,65.15751293945313,-3.041259765625,924.182861328125
1789130115831507500,65.23750756835938,-3.0623779296875,924.185302734375
1789130115911525400,65.317525390625,-3.0703125,924.18603515625
1789130115991530800,65.39753076171876,-3.06500244140625,924.185546875
1789130116071521000,65.47752099609374,-3.0465087890625,924.183349609375
1789130116151527200,65.55752709960937,-3.04388427734375,924.18310546875
1789130116231540000,65.6375400390625,-3.02276611328125,924.1806640625
1789130116311549400,65.71754956054687,-3.01483154296875,924.179931640625
1789130116391543800,65.79754370117188,-2.996337890625,924.177734375
1789130116471511000,65.87751098632812,-2.9593505859375,924.173583984375
1789130116551520500,65.9575205078125,-2.938232421875,924.17138671875
1789130116631527200,66.03752709960938,-2.8985595703125,924.1669921875
1789130116711528200,66.11752807617188,-2.81927490234375,924.157958984375
1789130116791537200,66.197537109375,-2.7637939453125,924.15185546875
1789130116871543300,66.27754321289062,-2.7294921875,924.14794921875
1789130116951531300,66.35753125,-2.70037841796875,924.144775390625
1789130117031517200,66.43751708984375,-2.70306396484375,924.145263671875
1789130117111500300,66.51750024414062,-2.713623046875,924.146240234375
1789130117191478300,66.59747827148438,-2.7056884765625,924.1455078125
1789130117271438600,66.6774384765625,-2.72418212890625,924.1474609375
1789130117351392300,66.75739233398437,-2.75323486328125,924.15087890625
1789130117431331300,66.83733129882812,-2.758544921875,924.1513671875
1789130117511281200,66.91728125,-2.78497314453125,924.154296875
1789130117591255600,66.99725561523438,-2.80609130859375,924.156494140625
1789130117671250000,67.07725,-2.82196044921875,924.158447265625
1789130117751221800,67.1572216796875,-2.79815673828125,924.15576171875
1789130117831165400,67.23716552734375,-2.78228759765625,924.15380859375
1789130117911121700,67.31712158203125,-2.76910400390625,924.152587890625
1789130117991086600,67.39708666992188,-2.771728515625,924.15283203125
1789130118071076600,67.47707666015626,-2.72418212890625,924.1474609375
1789130118151048000,67.5570478515625,-2.72418212890625,924.1474609375
1789130118231019800,67.63701977539063,-2.7294921875,924.14794921875
1789130118311022800,67.71702294921874,-2.7188720703125,924.146728515625
1789130118391018200,67.79701831054687,-2.7188720703125,924.14697265625
1789130118471025700,67.87702563476563,-2.755859375,924.151123046875
1789130118551023400,67.9570234375,-2.76910400390625,924.15234375
1789130118631016200,68.03701611328125,-2.70306396484375,924.14501953125
1789130118711015700,68.117015625,-2.68719482421875,924.143310546875
1789130118791020500,68.1970205078125,-2.6739501953125,924.141845703125
1789130118871043300,68.27704321289062,-2.67132568359375,924.1416015625
1789130118951053800,68.3570537109375,-2.65814208984375,924.14013671875
1789130119031057200,68.43705712890625,-2.74530029296875,924.14990234375
1789130119111064300,68.51706420898438,-2.78759765625,924.154541015625
1789130119191070000,68.59707006835937,-2.845703125,924.1611328125
1789130119271076600,68.67707666015625,-2.890625,924.166015625
1789130119351084800,68.75708471679687,-2.93292236328125,924.170654296875
1789130119431066400,68.83706640625,-2.9593505859375,924.173583984375
1789130119511049200,68.91704931640625,-3.00689697265625,924.178955078125
1789130119591015700,68.997015625,-3.0333251953125,924.181884765625
1789130119671004700,69.07700463867188,-3.0703125,924.18603515625
1789130119750989600,69.15698950195312,-3.10467529296875,924.18994140625
1789130119830975500,69.2369755859375,-3.1522216796875,924.195068359375
1789130119910965800,69.3169658203125,-3.19183349609375,924.19970703125
1789130119990979800,69.39697973632812,-3.20245361328125,924.20068359375
1789130120070983700,69.47698364257812,-3.23675537109375,924.20458984375
1789130120150992000,69.55699194335938,-3.2869873046875,924.210205078125
1789130120231032600,69.63703247070312,-3.28436279296875,924.2099609375
1789130120311058700,69.71705859375,-3.31341552734375,924.213134765625
1789130120391096600,69.7970966796875,-3.35302734375,924.217529296875
1789130120471126500,69.87712646484376,-3.3609619140625,924.218505859375
1789130120551165700,69.95716577148437,-3.3319091796875,924.21533203125
1789130120631227600,70.0372275390625,-3.37152099609375,924.2197265625
1789130120711302700,70.117302734375,-3.384765625,924.22119140625
1789130120791368200,70.1973681640625,-3.42437744140625,924.2255859375
1789130120871427300,70.27742724609375,-3.4376220703125,924.22705078125
1789130120951462700,70.35746264648438,-3.52215576171875,924.236572265625
1789130121031498000,70.437498046875,-3.5406494140625,924.238525390625
1789130121111523800,70.51752392578125,-3.57501220703125,924.242431640625
1789130121191544300,70.59754443359375,-3.5697021484375,924.24169921875
1789130121271566600,70.67756665039063,-3.57501220703125,924.242431640625
1789130121351580000,70.75757983398438,-3.50103759765625,924.234130859375
1789130121431614200,70.8376142578125,-3.5089111328125,924.23486328125
1789130121511623000,70.91762280273437,-3.5115966796875,924.2353515625
1789130121591607000,70.99760693359374,-3.54327392578125,924.23876953125
1789130121671609300,71.077609375,-3.57501220703125,924.242431640625
1789130121751588900,71.1575888671875,-3.66748046875,924.252685546875
1789130121831608800,71.23760888671875,-3.6806640625,924.254150390625
1789130121911642600,71.317642578125,-3.696533203125,924.255859375
1789130121991644700,71.39764477539063,-3.6463623046875,924.250244140625
1789130122071647200,71.47764721679688,-3.593505859375,924.244384765625
1789130122151687400,71.5576875,-3.548583984375,924.239501953125
1789130122231738400,71.63773828125,-3.53271484375,924.23779296875
1789130122311769600,71.71776953125,-3.503662109375,924.234375
1789130122391824600,71.79782470703125,-3.5247802734375,924.23681640625
1789130122471866000,71.8778662109375,-3.58026123046875,924.242919921875
1789130122551914000,71.9579140625,-3.593505859375,924.244384765625
1789130122631949800,72.03794970703125,-3.61199951171875,924.246337890625
1789130122711999200,72.11799926757813,-3.5855712890625,924.24365234375
1789130122792035300,72.19803540039062,-3.58294677734375,924.2431640625
1789130122872077600,72.27807763671875,-3.55120849609375,924.23974609375
1789130122952107000,72.35810693359375,-3.561767578125,924.240966796875
1789130123032161300,72.43816137695312,-3.5565185546875,924.240234375
1789130123112235000,72.51823510742187,-3.56439208984375,924.2412109375
1789130123192311800,72.59831176757812,-3.57232666015625,924.2421875
1789130123272354600,72.6783544921875,-3.57763671875,924.24267578125
1789130123352407600,72.75840747070312,-3.5458984375,924.239013671875
1789130123432458500,72.83845849609375,-3.50103759765625,924.234130859375
1789130123512499700,72.91849975585937,-3.503662109375,924.234375
1789130123592536300,72.99853637695313,-3.4666748046875,924.230224609375
1789130123672575500,73.07857543945312,-3.41644287109375,924.224609375
1789130123752614000,73.15861376953124,-3.4190673828125,924.224853515625
1789130123832641300,73.23864135742187,-3.41119384765625,924.22412109375
1789130123912656000,73.31865576171874,-3.355712890625,924.2177734375
1789130123992698400,73.39869848632813,-3.3477783203125,924.217041015625
1789130124072722200,73.47872216796875,-3.355712890625,924.218017578125
1789130124152773400,73.5587734375,-3.337158203125,924.2158203125
1789130124232798000,73.6387978515625,-3.37945556640625,924.220703125
1789130124312840700,73.7188408203125,-3.45343017578125,924.228759765625
1789130124392888000,73.79888818359375,-3.4508056640625,924.228515625
1789130124472936700,73.87893676757812,-3.4190673828125,924.224853515625
1789130124552997000,73.9589970703125,-3.37945556640625,924.220703125
1789130124633057500,74.0390576171875,-3.3028564453125,924.2119140625
1789130124713104400,74.1191044921875,-3.2420654296875,924.205078125
1789130124793156000,74.19915600585938,-3.22357177734375,924.203125
1789130124873218300,74.27921826171875,-3.265869140625,924.207763671875
1789130124953273300,74.3592734375,-3.2869873046875,924.210205078125
1789130125033272000,74.43927197265624,-3.3028564453125,924.2119140625
1789130125113302300,74.51930224609374,-3.3160400390625,924.21337890625
1789130125193328600,74.59932861328124,-3.3028564453125,924.2119140625
1789130125273354800,74.67935473632812,-3.28436279296875,924.2099609375
1789130125353373700,74.75937377929688,-3.30548095703125,924.21240234375
1789130125433372400,74.83937231445313,-3.36358642578125,924.21875
1789130125513387300,74.91938720703125,-3.36627197265625,924.218994140625
1789130125593399800,74.99939990234375,-3.40325927734375,924.22314453125
1789130125673417500,75.07941748046875,-3.41644287109375,924.224609375
1789130125753440000,75.15943994140625,-3.427001953125,924.225830078125
1789130125833455600,75.23945556640625,-3.4190673828125,924.22509765625
1789130125913468000,75.31946801757813,-3.46136474609375,924.229736328125
1789130125993479200,75.39947924804687,-3.47723388671875,924.2314453125
1789130126073521400,75.479521484375,-3.50628662109375,924.234619140625
1789130126153562600,75.55956274414062,-3.46136474609375,924.229736328125
1789130126233627100,75.63962719726563,-3.44287109375,924.2275390625
1789130126313643300,75.71964331054687,-3.42437744140625,924.2255859375
1789130126393649200,75.79964916992188,-3.39532470703125,924.22216796875
1789130126473664000,75.8796640625,-3.368896484375,924.219482421875
1789130126553677600,75.95967749023437,-3.4190673828125,924.22509765625
1789130126633698600,76.03969848632812,-3.4190673828125,924.22509765625
1789130126713713400,76.11971337890625,-3.368896484375,924.21923828125
1789130126793757700,76.1997578125,-3.33453369140625,924.215576171875
1789130126873808100,76.27980810546875,-3.3319091796875,924.215087890625
1789130126953851100,76.35985107421875,-3.28436279296875,924.2099609375
1789130127033902300,76.43990234375,-3.25,924.2060546875
1789130127113938400,76.5199384765625,-3.2420654296875,924.205078125
1789130127193974300,76.59997436523437,-3.2420654296875,924.205078125
1789130127274029000,76.68002905273437,-3.17864990234375,924.1982421875
1789130127354066000,76.76006591796875,-3.16015625,924.196044921875
1789130127434116000,76.8401162109375,-3.1363525390625,924.193359375
1789130127514148400,76.9201484375,-3.12841796875,924.192626953125
1789130127594159900,77.00015991210938,-3.1390380859375,924.193603515625
1789130127674187800,77.08018774414063,-3.14959716796875,924.19482421875
1789130127754265600,77.160265625,-3.115234375,924.191162109375
1789130127834320000,77.24031982421874,-3.11260986328125,924.190673828125
1789130127914385200,77.32038525390625,-3.1231689453125,924.19189453125
1789130127994431200,77.40043115234376,-3.099365234375,924.189453125
1789130128074494700,77.48049462890626,-3.086181640625,924.187744140625
1789130128154525700,77.56052563476563,-3.08087158203125,924.187255859375
1789130128234563000,77.64056298828125,-3.06768798828125,924.185791015625
1789130128314606600,77.72060668945312,-2.99896240234375,924.177978515625
1789130128394635000,77.80063500976563,-2.94085693359375,924.171630859375
1789130128474663400,77.88066333007812,-2.8826904296875,924.165283203125
1789130128554676500,77.96067651367187,-2.82720947265625,924.158935546875
1789130128634702800,78.04070288085937,-2.76116943359375,924.151611328125
1789130128714755000,78.12075512695313,-2.73736572265625,924.14892578125
1789130128794792400,78.20079248046875,-2.69775390625,924.14453125
1789130128874844200,78.28084423828125,-2.6898193359375,924.143798828125
1789130128954901800,78.36090185546875,-2.7215576171875,924.147216796875
1789130129034959600,78.44095971679687,-2.7188720703125,924.14697265625
1789130129115011800,78.52101171875,-2.73211669921875,924.1484375
1789130129195047700,78.60104760742188,-2.77703857421875,924.1533203125
1789130129275086300,78.68108642578125,-2.79290771484375,924.155029296875
1789130129355139300,78.76113940429687,-2.76910400390625,924.152587890625
1789130129435192800,78.84119287109375,-2.79815673828125,924.15576171875
1789130129515204000,78.9212041015625,-2.79815673828125,924.15576171875
1789130129595210800,79.00121069335937,-2.74267578125,924.1494140625
1789130129675242000,79.08124194335937,-2.6898193359375,924.143798828125
1789130129755287000,79.161287109375,-2.66607666015625,924.140869140625
1789130129835320300,79.2413203125,-2.61053466796875,924.134765625
1789130129915363300,79.32136328125,-2.5577392578125,924.12890625
1789130129995399400,79.4013994140625,-2.57623291015625,924.130859375
1789130130075425500,79.48142553710937,-2.58941650390625,924.132568359375
1789130130155454000,79.56145385742188,-2.58148193359375,924.131591796875
1789130130235523300,79.6415234375,-2.5947265625,924.133056640625
1789130130315588400,79.72158837890625,-2.5947265625,924.133056640625
1789130130395662800,79.80166284179687,-2.57623291015625,924.130859375
1789130130475702800,79.88170288085938,-2.58941650390625,924.132568359375
1789130130555748600,79.96174853515625,-2.592041015625,924.1328125
1789130130635788000,80.0417880859375,-2.58416748046875,924.1318359375
1789130130715861500,80.12186157226563,-2.60791015625,924.134521484375
1789130130795909600,80.20190966796875,-2.61053466796875,924.134765625
1789130130875945700,80.28194580078124,-2.57623291015625,924.131103515625
1789130130955967700,80.3619677734375,-2.5577392578125,924.12890625
1789130131035981600,80.44198168945313,-2.56561279296875,924.1298828125
1789130131115999000,80.5219990234375,-2.547119140625,924.127685546875
1789130131196021000,80.60202099609376,-2.547119140625,924.127685546875
1789130131276030500,80.68203051757813,-2.5418701171875,924.127197265625
1789130131356023600,80.7620234375,-2.578857421875,924.13134765625
1789130131436034000,80.84203393554688,-2.59735107421875,924.13330078125
1789130131516031200,80.92203125,-2.636962890625,924.1376953125
1789130131596027400,81.00202734375,-2.66607666015625,924.140869140625
1789130131676034600,81.08203466796876,-2.67132568359375,924.1416015625
1789130131756053000,81.16205297851562,-2.65283203125,924.1396484375
1789130131836047000,81.24204711914062,-2.6396484375,924.13818359375
1789130131916076000,81.32207592773437,-2.6158447265625,924.13525390625
1789130131996111000,81.40211108398438,-2.61053466796875,924.134765625
1789130132076145200,81.48214526367188,-2.66339111328125,924.140625
1789130132156160800,81.56216088867187,-2.69244384765625,924.14404296875
1789130132236191000,81.64219091796875,-2.70306396484375,924.14501953125
1789130132316193500,81.72219360351562,-2.6898193359375,924.143798828125
1789130132396221000,81.80222094726562,-2.6766357421875,924.14208984375
1789130132476247600,81.88224755859375,-2.62640380859375,924.13671875
1789130132556267300,81.96226733398437,-2.592041015625,924.1328125
1789130132636298800,82.042298828125,-2.57354736328125,924.130615234375
1789130132716310000,82.12231005859375,-2.57354736328125,924.130615234375
1789130132796318700,82.20231860351562,-2.578857421875,924.13134765625
1789130132876352300,82.28235229492188,-2.56561279296875,924.1298828125
1789130132956398800,82.36239892578125,-2.56829833984375,924.130126953125
1789130133036429000,82.44242895507813,-2.5498046875,924.128173828125
1789130133116455400,82.52245532226563,-2.56561279296875,924.1298828125
1789130133196461000,82.6024609375,-2.53924560546875,924.126953125
1789130133276470500,82.68247045898437,-2.55242919921875,924.12841796875
1789130133356503000,82.7625029296875,-2.53924560546875,924.126953125
1789130133436511500,82.84251147460938,-2.5260009765625,924.12548828125
1789130133516537000,82.922537109375,-2.4652099609375,924.11865234375
1789130133596552700,83.002552734375,-2.44146728515625,924.115966796875
1789130133676586000,83.0825859375,-2.41241455078125,924.11279296875
1789130133756594200,83.16259423828124,-2.3939208984375,924.110595703125
1789130133836590600,83.24259057617188,-2.385986328125,924.10986328125
1789130133916605400,83.32260546875,-2.39654541015625,924.111083984375
1789130133996656600,83.40265673828125,-2.399169921875,924.111328125
1789130134076684300,83.48268432617188,-2.41766357421875,924.11328125
1789130134156730400,83.56273046875,-2.44671630859375,924.11669921875
1789130134236786400,83.64278637695313,-2.49163818359375,924.12158203125
1789130134316849200,83.72284912109374,-2.54449462890625,924.12744140625
1789130134396928800,83.8029287109375,-2.547119140625,924.127685546875
1789130134476980700,83.88298071289063,-2.53656005859375,924.126708984375
1789130134557061400,83.96306127929688,-2.53131103515625,924.1259765625
1789130134637149200,84.04314916992188,-2.51544189453125,924.124267578125
1789130134717240800,84.12324072265625,-2.4361572265625,924.115478515625
1789130134797338400,84.20333837890625,-2.40447998046875,924.11181640625
1789130134877427700,84.283427734375,-2.35955810546875,924.10693359375
1789130134957498000,84.363498046875,-2.33837890625,924.1044921875
1789130135037578000,84.44357788085938,-2.2723388671875,924.09716796875
1789130135117663500,84.52366357421874,-2.23272705078125,924.0927734375
1789130135197748500,84.60374853515626,-2.24591064453125,924.09423828125
1789130135277833200,84.68383325195313,-2.24591064453125,924.09423828125
1789130135357926400,84.76392651367188,-2.21685791015625,924.091064453125
1789130135438037800,84.84403784179688,-2.2432861328125,924.09375
1789130135518094800,84.9240947265625,-2.29351806640625,924.099609375
1789130135598159400,85.00415942382813,-2.309326171875,924.101318359375
1789130135678221000,85.08422094726562,-2.33050537109375,924.103515625
1789130135758277600,85.16427758789062,-2.35162353515625,924.10595703125
1789130135838328800,85.24432885742188,-2.40179443359375,924.111572265625
1789130135918397700,85.32439770507813,-2.44146728515625,924.115966796875
1789130135998441500,85.40444140625,-2.48638916015625,924.12109375
1789130136078491000,85.48449096679687,-2.52862548828125,924.125732421875
1789130136158521600,85.564521484375,-2.56829833984375,924.130126953125
1789130136238565000,85.64456518554688,-2.58941650390625,924.13232421875
1789130136318620200,85.7246201171875,-2.6396484375,924.137939453125
1789130136398682000,85.80468212890625,-2.6475830078125,924.138916015625
1789130136478732500,85.88473266601562,-2.6396484375,924.13818359375
1789130136558805500,85.96480541992187,-2.6448974609375,924.138671875
1789130136638872300,86.04487231445313,-2.6475830078125,924.138916015625
1789130136718940700,86.12494067382812,-2.6448974609375,924.138671875
1789130136798965500,86.20496557617187,-2.6739501953125,924.141845703125
1789130136878985700,86.28498583984376,-2.7294921875,924.148193359375
1789130136958962000,86.3649619140625,-2.80609130859375,924.15673828125
1789130137038935600,86.444935546875,-2.84307861328125,924.160888671875
1789130137118916900,86.52491674804688,-2.8985595703125,924.1669921875
1789130137198892800,86.60489282226563,-2.94085693359375,924.171630859375
1789130137278888700,86.684888671875,-2.99896240234375,924.177978515625
1789130137358903600,86.76490356445312,-2.99896240234375,924.17822265625
1789130137438921200,86.84492114257813,-3.02801513671875,924.181396484375
1789130137518933000,86.92493310546875,-3.0623779296875,924.185302734375
1789130137598923500,87.00492358398438,-3.06768798828125,924.185791015625
1789130137678912000,87.084912109375,-3.04388427734375,924.18310546875
1789130137758919700,87.16491967773437,-3.08880615234375,924.18798828125
1789130137838920000,87.244919921875,-3.12054443359375,924.191650390625
1789130137918933200,87.32493334960938,-3.131103515625,924.19287109375
1789130137998969300,87.40496923828125,-3.14166259765625,924.194091796875
1789130138078993400,87.48499340820312,-3.17864990234375,924.1982421875
1789130138159011000,87.56501098632812,-3.1363525390625,924.193359375
1789130138239005000,87.6450048828125,-3.16015625,924.196044921875
1789130138318989300,87.7249892578125,-3.16015625,924.196044921875
1789130138398981000,87.80498120117187,-3.1971435546875,924.2001953125
1789130138478986200,87.884986328125,-3.2420654296875,924.205078125
1789130138558977300,87.96497729492188,-3.29754638671875,924.21142578125
1789130138638979800,88.04497973632813,-3.3028564453125,924.2119140625
1789130138718975700,88.12497583007813,-3.30810546875,924.212646484375
1789130138798984400,88.204984375,-3.337158203125,924.2158203125
1789130138879021600,88.285021484375,-3.294921875,924.211181640625
1789130138959047000,88.365046875,-3.29229736328125,924.2109375
1789130139039072800,88.44507275390625,-3.28436279296875,924.2099609375
1789130139119093800,88.52509375,-3.279052734375,924.209228515625
1789130139199131400,88.60513134765625,-3.2420654296875,924.205322265625
1789130139279137000,88.68513696289062,-3.25262451171875,924.20654296875
1789130139359156500,88.76515649414063,-3.205078125,924.201171875
1789130139439200800,88.84520068359375,-3.16278076171875,924.196533203125
1789130139519228400,88.925228515625,-3.11260986328125,924.190673828125
1789130139599259400,89.00525927734375,-3.01483154296875,924.179931640625
1789130139679287000,89.085287109375,-2.91180419921875,924.16845703125
1789130139759310000,89.16531005859375,-2.79022216796875,924.15478515625
1789130139839341800,89.245341796875,-2.65545654296875,924.139892578125
1789130139919389400,89.32538940429687,-2.4969482421875,924.122314453125
1789130139999430400,89.40543041992187,-2.38861083984375,924.110107421875
1789130140079475700,89.48547583007813,-2.2882080078125,924.098876953125
1789130140159496700,89.56549658203124,-2.27764892578125,924.09765625
1789130140239515400,89.64551538085938,-2.28289794921875,924.098388671875
1789130140319518500,89.7255185546875,-2.35955810546875,924.106689453125
1789130140399531300,89.80553125,-2.3780517578125,924.10888671875
1789130140479529000,89.88552905273437,-2.37274169921875,924.1083984375
1789130140559530000,89.96553002929687,-2.3040771484375,924.1005859375
1789130140639522800,90.04552270507813,-2.2353515625,924.093017578125
1789130140719520500,90.1255205078125,-2.161376953125,924.084716796875
1789130140799539200,90.20553930664063,-2.1455078125,924.0830078125
1789130140879573200,90.2855732421875,-2.129638671875,924.081298828125
1789130140959552300,90.36555224609376,-2.1402587890625,924.082275390625
1789130141039550000,90.44555004882812,-2.12176513671875,924.080322265625
1789130141119564300,90.52556420898438,-2.116455078125,924.079833984375
1789130141199568400,90.605568359375,-2.116455078125,924.07958984375
1789130141279579400,90.68557934570312,-2.15081787109375,924.08349609375
1789130141359581200,90.76558129882812,-2.2301025390625,924.09228515625
1789130141439580700,90.84558056640626,-2.32781982421875,924.103271484375
1789130141519591200,90.92559106445313,-2.38861083984375,924.110107421875
1789130141599603200,91.00560327148438,-2.43353271484375,924.115234375
1789130141679601000,91.08560083007812,-2.46258544921875,924.118408203125
1789130141759587000,91.16558715820312,-2.47314453125,924.119384765625
1789130141839599400,91.24559936523437,-2.489013671875,924.121337890625
1789130141919595500,91.32559545898438,-2.48638916015625,924.12109375
1789130141999587800,91.405587890625,-2.489013671875,924.121337890625
1789130142079598600,91.4855986328125,-2.5498046875,924.1279296875
1789130142159618000,91.5656181640625,-2.5498046875,924.128173828125
1789130142239633400,91.64563330078126,-2.592041015625,924.1328125
1789130142319645400,91.7256455078125,-2.60791015625,924.134521484375
1789130142399661600,91.80566162109375,-2.6158447265625,924.13525390625
1789130142479682000,91.88568212890625,-2.58148193359375,924.131591796875
1789130142559690800,91.96569067382812,-2.53656005859375,924.12646484375
1789130142639691000,92.04569091796876,-2.48638916015625,924.120849609375
1789130142719690500,92.1256904296875,-2.4361572265625,924.115478515625
1789130142799692800,92.20569287109375,-2.3939208984375,924.110595703125
1789130142879690000,92.28568994140625,-2.385986328125,924.10986328125
1789130142959698200,92.3656982421875,-2.43353271484375,924.114990234375
1789130143039713300,92.44571337890625,-2.40972900390625,924.1123046875
1789130143119718000,92.5257177734375,-2.45733642578125,924.11767578125
1789130143199705300,92.60570532226562,-2.4678955078125,924.118896484375
1789130143279701000,92.68570092773437,-2.49163818359375,924.12158203125
1789130143359688700,92.76568872070312,-2.51806640625,924.12451171875
1789130143439708700,92.84570874023437,-2.5999755859375,924.133544921875
1789130143519707400,92.92570727539062,-2.65283203125,924.1396484375
1789130143599716000,93.00571606445313,-2.76910400390625,924.15234375
1789130143679710200,93.08571020507813,-2.83251953125,924.159423828125
1789130143759699200,93.16569921875,-2.88800048828125,924.165771484375
1789130143839688200,93.24568823242187,-2.91180419921875,924.16845703125
1789130143919669800,93.32566967773438,-2.9725341796875,924.17529296875
1789130143999652900,93.40565283203125,-3.08880615234375,924.18798828125
1789130144079640300,93.48564038085938,-3.19451904296875,924.199951171875
1789130144159633000,93.5656328125,-3.28436279296875,924.2099609375
1789130144239610600,93.64561059570312,-3.39532470703125,924.22216796875
1789130144319595000,93.72559497070313,-3.44549560546875,924.227783203125
1789130144399595000,93.80559497070313,-3.49041748046875,924.23291015625
1789130144479609300,93.885609375,-3.548583984375,924.2392578125
1789130144559609900,93.96560986328124,-3.67803955078125,924.25390625
1789130144639604700,94.04560473632813,-3.73883056640625,924.260498046875
1789130144719619000,94.125619140625,-3.8154296875,924.26904296875
1789130144799627300,94.20562719726563,-3.87359619140625,924.275634765625
1789130144879634400,94.28563452148437,-3.91845703125,924.280517578125
1789130144959640600,94.365640625,-3.94757080078125,924.283935546875
1789130145039654000,94.44565380859375,-4.00830078125,924.29052734375
1789130145119662300,94.52566235351563,-4.1298828125,924.30419921875
1789130145199682000,94.60568212890625,-4.1959228515625,924.3115234375
1789130145279708000,94.6857080078125,-4.23291015625,924.315673828125
1789130145359714300,94.76571435546875,-4.2408447265625,924.316650390625
1789130145439726300,94.84572631835937,-4.28045654296875,924.321044921875
1789130145519707600,94.92570776367188,-4.293701171875,924.322509765625
1789130145599674600,95.00567456054688,-4.32537841796875,924.325927734375
1789130145679668000,95.08566796875,-4.38616943359375,924.332763671875
1789130145759702300,95.16570239257813,-4.4364013671875,924.33837890625
1789130145839725800,95.24572583007813,-4.48919677734375,924.34423828125
1789130145919754800,95.32575463867188,-4.49188232421875,924.344482421875
1789130145999771600,95.40577172851563,-4.49188232421875,924.344482421875
1789130146079769000,95.48576904296876,-4.50506591796875,924.345947265625
1789130146159764700,95.5657646484375,-4.518310546875,924.347412109375
1789130146239783000,95.64578295898437,-4.515625,924.34716796875
1789130146319780900,95.72578076171875,-4.52618408203125,924.348388671875
1789130146399791400,95.80579125976563,-4.576416015625,924.35400390625
1789130146479770600,95.8857705078125,-4.5975341796875,924.3564453125
1789130146559774200,95.96577416992187,-4.6134033203125,924.358154296875
1789130146639757600,96.04575756835938,-4.63720703125,924.36083984375
1789130146719747800,96.12574780273438,-4.65570068359375,924.36279296875
1789130146799726300,96.20572631835938,-4.6741943359375,924.36474609375
1789130146879712500,96.28571240234375,-4.650390625,924.3623046875
1789130146959693800,96.36569384765625,-4.634521484375,924.360595703125
1789130147039689700,96.44568969726562,-4.61871337890625,924.358642578125
1789130147119690500,96.5256904296875,-4.65570068359375,924.36279296875
1789130147199690800,96.60569067382812,-4.65301513671875,924.362548828125
1789130147279683800,96.68568383789062,-4.69000244140625,924.36669921875
1789130147359707400,96.76570727539062,-4.724365234375,924.37060546875
1789130147439754800,96.84575463867188,-4.756103515625,924.3740234375
1789130147519786500,96.92578637695313,-4.7613525390625,924.37451171875
1789130147599824400,97.00582446289063,-4.756103515625,924.3740234375
1789130147679838700,97.08583862304687,-4.75341796875,924.373779296875
1789130147759886600,97.16588647460938,-4.7772216796875,924.37646484375
1789130147839908600,97.24590869140626,-4.77984619140625,924.376708984375
1789130147919918600,97.32591870117187,-4.77191162109375,924.3759765625
1789130147999918300,97.40591845703125,-4.73760986328125,924.371826171875
1789130148079934700,97.48593481445313,-4.711181640625,924.368896484375
1789130148159963600,97.56596362304687,-4.67681884765625,924.365234375
1789130148239985000,97.64598486328126,-4.6715087890625,924.364501953125
1789130148320001500,97.72600146484375,-4.66363525390625,924.36376953125
1789130148400002000,97.806001953125,-4.679443359375,924.365478515625
1789130148480030500,97.88603051757812,-4.711181640625,924.369140625
1789130148560092400,97.96609252929687,-4.72174072265625,924.3701171875
1789130148640161800,98.04616186523438,-4.72705078125,924.370849609375
1789130148720210000,98.1262099609375,-4.72967529296875,924.37109375
1789130148800286000,98.20628588867187,-4.7481689453125,924.373291015625
1789130148880374800,98.28637475585937,-4.7481689453125,924.373046875
1789130148960448800,98.36644873046875,-4.75872802734375,924.374267578125
1789130149040502500,98.44650244140625,-4.7191162109375,924.369873046875
1789130149120586200,98.52658618164062,-4.67681884765625,924.365234375
1789130149200662000,98.606662109375,-4.64776611328125,924.362060546875
1789130149280738300,98.68673828125,-4.61871337890625,924.358642578125
1789130149360790500,98.76679052734374,-4.5843505859375,924.35498046875
1789130149440836900,98.8468369140625,-4.60546875,924.357177734375
1789130149520914000,98.92691381835938,-4.62396240234375,924.359130859375
1789130149600985300,99.0069853515625,-4.59490966796875,924.35595703125
1789130149681037600,99.08703759765625,-4.5975341796875,924.3564453125
1789130149761076200,99.167076171875,-4.560546875,924.352294921875
1789130149841129700,99.24712963867188,-4.5394287109375,924.349853515625
1789130149921182500,99.32718237304688,-4.5076904296875,924.346435546875
1789130150001230000,99.40722998046876,-4.4945068359375,924.344970703125
1789130150081304000,99.48730395507812,-4.46807861328125,924.342041015625
1789130150161350700,99.5673505859375,-4.84063720703125,924.383544921875
1789130150241395700,99.64739575195313,-4.5843505859375,924.35498046875
1789130150321457400,99.72745751953126,-4.23291015625,924.315673828125
1789130150401516300,99.80751635742187,-4.06378173828125,924.296875
1789130150481585000,99.8875849609375,-3.92376708984375,924.28125
1789130150561666800,99.96766674804688,-3.4376220703125,924.22705078125
1789130150641740000,100.04773999023438,-3.53009033203125,924.2373046875
1789130150721829600,100.12782958984376,-3.75732421875,924.2626953125
1789130150801924600,100.20792456054687,-3.786376953125,924.265869140625
1789130150882027800,100.28802783203125,-3.81280517578125,924.268798828125
1789130150962104000,100.36810400390625,-3.8603515625,924.274169921875
1789130151042180400,100.44818041992187,-4.00567626953125,924.290283203125
1789130151122256600,100.52825659179688,-4.1748046875,924.30908203125
1789130151202331400,100.60833129882812,-4.306884765625,924.323974609375
1789130151282421500,100.68842138671874,-5.02557373046875,924.404052734375
1789130151362475500,100.7684755859375,-5.07318115234375,924.409423828125
1789130151442546700,100.84854663085937,-4.993896484375,924.400634765625
1789130151522611500,100.92861157226562,-4.7640380859375,924.375
1789130151602679800,101.0086796875,-4.72705078125,924.370849609375
1789130151682729000,101.08872900390625,-4.19329833984375,924.311279296875
1789130151762795000,101.168794921875,-4.03741455078125,924.2939453125
1789130151842845000,101.24884497070312,-4.04266357421875,924.29443359375
1789130151922900700,101.32890063476563,-4.11663818359375,924.302734375
1789130152002960000,101.4089599609375,-4.1060791015625,924.301513671875
1789130152083001900,101.489001953125,-3.95550537109375,924.28466796875
1789130152163032000,101.56903198242188,-4.08233642578125,924.298828125
1789130152243055000,101.64905517578126,-4.1298828125,924.30419921875
1789130152323075800,101.72907592773437,-4.15362548828125,924.306884765625
1789130152403125800,101.80912573242188,-4.14044189453125,924.305419921875
1789130152483164400,101.88916430664062,-4.1298828125,924.30419921875
1789130152563208200,101.96920825195312,-4.1351318359375,924.304931640625
1789130152643249200,102.04924926757812,-4.19854736328125,924.31201171875
1789130152723288000,102.1292880859375,-4.09552001953125,924.300537109375
1789130152803304700,102.2093046875,-4.100830078125,924.301025390625
1789130152883320600,102.28932055664062,-4.08233642578125,924.298828125
1789130152963338000,102.369337890625,-4.05322265625,924.295654296875
1789130153043370800,102.44937084960938,-3.921142578125,924.281005859375
1789130153123409700,102.52940966796875,-4.06646728515625,924.297119140625
1789130153203465200,102.60946533203125,-4.09552001953125,924.300537109375
1789130153283512300,102.68951220703126,-4.12457275390625,924.3037109375
1789130153363567400,102.7695673828125,-4.12457275390625,924.303466796875
1789130153443609000,102.84960913085938,-4.158935546875,924.307373046875
1789130153523638000,102.92963793945313,-4.1351318359375,924.3046875
1789130153603687000,103.00968701171875,-4.10870361328125,924.3017578125
1789130153683768300,103.08976831054687,-4.09552001953125,924.30029296875
1789130153763822300,103.169822265625,-4.08233642578125,924.298828125
1789130153843872800,103.24987280273437,-4.0611572265625,924.296630859375
1789130153923920000,103.329919921875,-4.0162353515625,924.29150390625
1789130154003956700,103.40995678710938,-3.9422607421875,924.283447265625
1789130154084016600,103.4900166015625,-3.8682861328125,924.275146484375
1789130154164085500,103.57008544921875,-3.80487060546875,924.267822265625
1789130154244113200,103.65011303710938,-3.73089599609375,924.259765625
1789130154324186400,103.73018627929687,-3.7255859375,924.25927734375
1789130154404233700,103.81023364257813,-3.7652587890625,924.263427734375
1789130154484292600,103.89029272460938,-3.81280517578125,924.268798828125
1789130154564358700,103.97035864257812,-3.89208984375,924.27783203125
1789130154644431000,104.05043115234375,-3.9713134765625,924.28662109375
1789130154724481500,104.1304814453125,-4.03472900390625,924.293701171875
1789130154804550000,104.2105498046875,-4.05853271484375,924.296142578125
1789130154884595700,104.290595703125,-4.100830078125,924.301025390625
1789130154964635000,104.370634765625,-4.07965087890625,924.298583984375
1789130155044680700,104.4506806640625,-4.0479736328125,924.295166015625
1789130155124733700,104.53073364257813,-3.9739990234375,924.286865234375
1789130155204789200,104.61078930664063,-3.91845703125,924.280517578125
1789130155284841200,104.69084130859375,-3.87091064453125,924.275390625
1789130155364896300,104.77089624023438,-3.84716796875,924.272705078125
1789130155444940300,104.85094018554688,-3.82867431640625,924.270751953125
1789130155524995000,104.9309951171875,-3.876220703125,924.27587890625
1789130155605048300,105.01104833984375,-3.93170166015625,924.281982421875
1789130155685081600,105.09108154296875,-3.96337890625,924.28564453125
1789130155765135000,105.17113500976562,-3.99774169921875,924.28955078125
1789130155845158000,105.25115795898438,-4.03472900390625,924.293701171875
1789130155925181000,105.33118090820312,-4.03741455078125,924.2939453125
1789130156005200600,105.41120068359375,-4.02154541015625,924.2919921875
1789130156085233400,105.4912333984375,-4.0189208984375,924.291748046875
1789130156165286400,105.57128637695313,-4.03741455078125,924.2939453125
1789130156245324800,105.65132470703125,-4.069091796875,924.29736328125
1789130156325387300,105.73138720703125,-4.069091796875,924.29736328125
1789130156405457400,105.81145751953125,-4.11663818359375,924.302734375
1789130156485515300,105.89151538085937,-4.1748046875,924.309326171875
1789130156565560300,105.97156030273437,-4.23553466796875,924.31591796875
1789130156645619200,106.051619140625,-4.27783203125,924.320556640625
1789130156725657000,106.13165698242187,-4.3438720703125,924.328125
1789130156805681400,106.21168139648438,-4.3597412109375,924.329833984375
1789130156885716200,106.29171630859375,-4.3306884765625,924.32666015625
1789130156965731000,106.37173095703125,-4.2646484375,924.3193359375
1789130157045785900,106.45178588867188,-4.20648193359375,924.312744140625
1789130157125835500,106.53183544921875,-4.16424560546875,924.30810546875
1789130157205901800,106.61190185546874,-4.13250732421875,924.304443359375
1789130157285937700,106.69193774414063,-4.0770263671875,924.29833984375
1789130157365959000,106.771958984375,-4.0849609375,924.29931640625
1789130157445983200,106.85198315429687,-4.2249755859375,924.314697265625
1789130157526035700,106.93203564453125,-4.428466796875,924.33740234375
1789130157606093800,107.01209375,-4.4178466796875,924.336181640625
1789130157686134500,107.09213452148437,-4.31744384765625,924.3251953125
1789130157766193200,107.17219311523438,-4.2989501953125,924.322998046875
1789130157846257700,107.25225756835937,-4.40728759765625,924.335205078125
1789130157926310700,107.332310546875,-3.98187255859375,924.287841796875
1789130158006363400,107.41236328125,-3.844482421875,924.2724609375
1789130158086413300,107.49241333007812,-3.94757080078125,924.283935546875
1789130158166475300,107.57247534179687,-3.92376708984375,924.28125
1789130158246524400,107.6525244140625,-3.7493896484375,924.26171875
1789130158326591500,107.73259155273438,-3.9951171875,924.289306640625
1789130158406665200,107.81266528320313,-4.18798828125,924.310791015625
1789130158486713900,107.8927138671875,-4.23028564453125,924.3154296875
1789130158566764500,107.9727646484375,-4.34918212890625,924.32861328125
1789130158646828500,108.05282861328125,-4.2646484375,924.3193359375
1789130158726892300,108.13289233398437,-4.1748046875,924.309326171875
1789130158806937900,108.21293774414063,-4.07171630859375,924.2978515625
1789130158886992000,108.29299194335937,-3.9871826171875,924.288330078125
1789130158967058000,108.37305786132812,-3.8392333984375,924.271728515625
1789130159047108600,108.45310864257813,-3.844482421875,924.2724609375
1789130159127161900,108.53316186523438,-3.93701171875,924.28271484375
1789130159207219200,108.61321923828125,-3.9713134765625,924.28662109375
1789130159287257600,108.69325756835937,-3.9581298828125,924.28515625
1789130159367321300,108.7733212890625,-3.92376708984375,924.28125
1789130159447371800,108.85337182617188,-3.80487060546875,924.26806640625
1789130159527411500,108.93341137695313,-3.75732421875,924.2626953125
1789130159607468500,109.01346850585938,-3.73089599609375,924.259765625
1789130159687512600,109.0935126953125,-3.77581787109375,924.2646484375
1789130159767562000,109.17356201171874,-3.7784423828125,924.264892578125
1789130159847619300,109.25361938476563,-3.8392333984375,924.271728515625
1789130159927647200,109.33364721679688,-3.78900146484375,924.26611328125
1789130160007679500,109.41367944335937,-3.77581787109375,924.2646484375
1789130160087718400,109.49371850585938,-3.5115966796875,924.2353515625
1789130160167732000,109.57373193359375,-3.4639892578125,924.22998046875
1789130160247754200,109.65375415039063,-3.4190673828125,924.22509765625
1789130160327776500,109.73377661132812,-3.382080078125,924.220947265625
1789130160407812600,109.8138125,-3.39794921875,924.22265625
1789130160487854000,109.89385400390626,-3.6727294921875,924.253173828125
1789130160567895000,109.97389501953126,-3.683349609375,924.25439453125
1789130160647952400,110.05395239257813,-3.82867431640625,924.270751953125
1789130160728010000,110.13401000976563,-3.92376708984375,924.28125
1789130160808070000,110.21406982421875,-3.96075439453125,924.285400390625
1789130160888111400,110.294111328125,-4.4205322265625,924.336669921875
1789130160968176400,110.37417626953125,-4.9410400390625,924.39453125
1789130161048234200,110.45423413085938,-5.1788330078125,924.421142578125
1789130161128271000,110.53427099609375,-5.88433837890625,924.499755859375
1789130161208316000,110.61431591796875,-6.16180419921875,924.53076171875
1789130161288382200,110.69438232421875,-5.680908203125,924.47705078125
1789130161368409600,110.77440966796875,-4.77984619140625,924.376708984375
1789130161448452600,110.85445263671875,-4.05853271484375,924.296142578125
1789130161528480000,110.93447998046875,-3.08880615234375,924.188232421875
1789130161608507600,111.01450756835938,-2.65814208984375,924.14013671875
1789130161688528000,111.09452783203125,-2.6158447265625,924.13525390625
1789130161768542200,111.17454223632812,-3.01483154296875,924.179931640625
1789130161848554200,111.25455419921875,-3.3477783203125,924.217041015625
1789130161928554500,111.33455444335938,-3.55120849609375,924.23974609375
1789130162008567000,111.41456713867187,-3.6754150390625,924.253662109375
1789130162088575500,111.49457543945313,-3.78900146484375,924.266357421875
1789130162168595200,111.57459521484375,-3.9739990234375,924.286865234375
1789130162248630300,111.65463037109375,-4.12457275390625,924.3037109375
1789130162328689200,111.73468920898438,-4.248779296875,924.317626953125
1789130162408779800,111.81477978515625,-4.36236572265625,924.330078125
1789130162488866800,111.89486669921875,-4.43109130859375,924.337646484375
1789130162568978200,111.97497827148437,-4.45489501953125,924.34033203125
1789130162649059600,112.0550595703125,-4.52618408203125,924.348388671875
1789130162729134800,112.135134765625,-4.58172607421875,924.3544921875
1789130162809202400,112.21520239257812,-4.6134033203125,924.358154296875
1789130162889251000,112.2952509765625,-4.589599609375,924.35546875
1789130162969322500,112.37532250976562,-4.544677734375,924.350341796875
1789130163049404400,112.455404296875,-4.473388671875,924.342529296875
1789130163129471200,112.53547119140624,-4.3756103515625,924.33154296875
1789130163209508000,112.61550805664062,-4.3095703125,924.32421875
1789130163289544000,112.6955439453125,-4.28839111328125,924.322021484375
1789130163369555200,112.77555517578125,-4.32537841796875,924.325927734375
1789130163449575400,112.85557543945312,-4.33331298828125,924.326904296875
1789130163529578200,112.935578125,-4.35711669921875,924.32958984375
1789130163609588200,113.01558813476562,-4.3359375,924.3271484375
1789130163689615000,113.09561499023438,-4.32275390625,924.32568359375
1789130163769642000,113.17564208984375,-4.2646484375,924.319091796875
1789130163849651500,113.2556513671875,-4.22235107421875,924.314453125
1789130163929691000,113.33569091796875,-4.2249755859375,924.314697265625
1789130164009710300,113.41571044921875,-4.2249755859375,924.31494140625
1789130164089735700,113.49573559570312,-4.2540283203125,924.318115234375
1789130164169754000,113.57575415039062,-4.2646484375,924.3193359375
1789130164249779200,113.655779296875,-4.261962890625,924.31884765625
1789130164329803500,113.73580346679688,-4.2249755859375,924.314697265625
1789130164409833500,113.81583349609375,-4.19854736328125,924.31201171875
1789130164489879000,113.89587915039063,-4.15362548828125,924.306884765625
1789130164569924600,113.97592456054687,-4.127197265625,924.303955078125
1789130164649965800,114.0559658203125,-4.12457275390625,924.303466796875
1789130164730006800,114.1360068359375,-4.114013671875,924.302490234375
1789130164810045700,114.21604565429688,-4.100830078125,924.301025390625
1789130164890101200,114.29610131835938,-4.0611572265625,924.29638671875
1789130164970160400,114.37616040039063,-4.02679443359375,924.292724609375
1789130165050209300,114.45620922851562,-3.98187255859375,924.28759765625
1789130165130271000,114.53627099609375,-3.90789794921875,924.279541015625
1789130165210293000,114.61629296875,-3.88677978515625,924.277099609375
1789130165290355500,114.69635546875,-3.8392333984375,924.27197265625
1789130165370421000,114.7764208984375,-3.80487060546875,924.267822265625
1789130165450513000,114.85651293945313,-3.76788330078125,924.263916015625
1789130165530577400,114.93657739257813,-3.754638671875,924.262451171875
1789130165610631200,115.01663110351562,-3.683349609375,924.25439453125
1789130165690692600,115.09669262695313,-3.66217041015625,924.251953125
1789130165770753000,115.1767529296875,-3.5987548828125,924.244873046875
1789130165850824000,115.25682397460938,-3.53009033203125,924.2373046875
1789130165930881500,115.33688159179688,-3.4666748046875,924.230224609375
1789130166010949400,115.41694946289063,-3.44287109375,924.2275390625
1789130166091023600,115.49702368164063,-3.4296875,924.22607421875
1789130166171080700,115.57708081054687,-3.44818115234375,924.228271484375
1789130166251124700,115.65712475585937,-3.44024658203125,924.227294921875
1789130166331162000,115.737162109375,-3.4798583984375,924.231689453125
1789130166411227400,115.81722729492188,-3.4508056640625,924.228515625
1789130166491271700,115.89727172851562,-3.384765625,924.22119140625
1789130166571295700,115.97729565429688,-3.337158203125,924.2158203125
1789130166651308300,116.05730834960937,-3.265869140625,924.2080078125
1789130166731326500,116.13732641601563,-3.12841796875,924.1923828125
1789130166811356200,116.21735620117188,-3.0703125,924.18603515625
1789130166891357200,116.29735717773437,-3.01483154296875,924.179931640625
1789130166971366700,116.37736669921875,-2.95672607421875,924.17333984375
1789130167051394600,116.45739453125,-2.935546875,924.171142578125
1789130167131435800,116.53743579101562,-2.94085693359375,924.171630859375
1789130167211481600,116.61748168945313,-2.935546875,924.1708984375
1789130167291536400,116.69753637695312,-2.9276123046875,924.170166015625
1789130167371581700,116.77758178710937,-2.92236328125,924.169677734375
1789130167451599000,116.85759912109376,-2.98577880859375,924.176513671875
1789130167531660000,116.93765991210938,-3.00164794921875,924.178466796875
1789130167611709000,117.017708984375,-3.009521484375,924.179443359375
1789130167691737600,117.09773754882812,-2.99102783203125,924.17724609375
1789130167771755800,117.177755859375,-2.96728515625,924.174560546875
1789130167851799000,117.25779907226563,-2.89593505859375,924.166748046875
1789130167931858700,117.33785864257813,-2.88006591796875,924.164794921875
1789130168011891700,117.4178916015625,-2.8826904296875,924.1650390625
1789130168091927000,117.49792700195313,-2.91180419921875,924.16845703125
1789130168171991800,117.57799169921876,-2.96197509765625,924.174072265625
1789130168252050400,117.65805053710938,-3.00689697265625,924.178955078125
1789130168332093400,117.73809350585938,-2.996337890625,924.177734375
1789130168412131800,117.8181318359375,-2.96197509765625,924.174072265625
1789130168492170800,117.89817065429688,-2.964599609375,924.17431640625
1789130168572194300,117.9781943359375,-2.919677734375,924.169189453125
1789130168652213500,118.05821362304688,-2.8853759765625,924.16552734375
1789130168732220200,118.13822021484376,-2.9302978515625,924.17041015625
1789130168812224500,118.218224609375,-2.964599609375,924.17431640625
1789130168892229400,118.2982294921875,-2.95404052734375,924.173095703125
1789130168972250600,118.37825073242188,-2.99896240234375,924.17822265625
1789130169052271900,118.45827197265625,-3.0465087890625,924.183349609375
1789130169132298200,118.53829833984375,-3.02276611328125,924.1806640625
1789130169212334800,118.6183349609375,-3.025390625,924.180908203125
1789130169292381400,118.69838134765625,-3.05712890625,924.1845703125
1789130169372420400,118.77842041015624,-3.03594970703125,924.18212890625
1789130169452438300,118.85843823242188,-3.0201416015625,924.180419921875
1789130169532463600,118.93846362304687,-3.07293701171875,924.186279296875
1789130169612466200,119.01846606445312,-3.099365234375,924.189453125
1789130169692491500,119.09849145507812,-3.11785888671875,924.19140625
1789130169772527900,119.17852783203125,-3.13372802734375,924.193115234375
1789130169852544500,119.25854443359376,-3.12841796875,924.192626953125
1789130169932566300,119.33856616210937,-3.09674072265625,924.18896484375
1789130170012612600,119.41861254882812,-3.0914306640625,924.1884765625
1789130170092634600,119.49863452148438,-3.0914306640625,924.1884765625
1789130170172644900,119.57864477539063,-3.0703125,924.18603515625
1789130170252632800,119.6586328125,-3.07562255859375,924.1865234375
1789130170332646400,119.738646484375,-3.0914306640625,924.1884765625
1789130170412656000,119.81865625,-3.1072998046875,924.190185546875
1789130170492648700,119.89864868164062,-3.086181640625,924.187744140625
1789130170572632800,119.9786328125,-3.11260986328125,924.19091796875
1789130170652622300,120.05862231445313,-3.131103515625,924.19287109375
1789130170732646100,120.13864624023438,-3.1231689453125,924.19189453125
1789130170812646400,120.218646484375,-3.11260986328125,924.19091796875
1789130170892648200,120.29864819335937,-3.11785888671875,924.19140625
1789130170972642800,120.37864282226562,-3.06768798828125,924.185791015625
1789130171052641800,120.45864184570313,-3.0491943359375,924.183837890625
1789130171132632000,120.53863208007813,-3.0174560546875,924.18017578125
1789130171212667400,120.61866748046874,-2.99102783203125,924.17724609375
1789130171292697600,120.69869750976562,-2.96728515625,924.174560546875
1789130171372715000,120.77871508789063,-2.9884033203125,924.177001953125
1789130171452732000,120.85873193359375,-2.9593505859375,924.173583984375
1789130171532768800,120.93876879882812,-2.96728515625,924.174560546875
1789130171612826400,121.01882641601563,-2.94610595703125,924.172119140625
1789130171692873500,121.09887353515624,-2.8853759765625,924.16552734375
1789130171772933400,121.17893334960938,-2.84307861328125,924.160888671875
1789130171853018400,121.25901831054688,-2.816650390625,924.15771484375
1789130171933089500,121.33908959960938,-2.79290771484375,924.155029296875
1789130172013138400,121.41913842773438,-2.75323486328125,924.15087890625
1789130172093182200,121.49918212890626,-2.758544921875,924.1513671875
1789130172173200600,121.57920068359375,-2.7506103515625,924.150390625
1789130172253223700,121.6592236328125,-2.73736572265625,924.14892578125
1789130172333267000,121.73926684570313,-2.7056884765625,924.1455078125
1789130172413290200,121.81929028320313,-2.70831298828125,924.145751953125
1789130172493322500,121.89932250976562,-2.69775390625,924.14453125
1789130172573353000,121.97935302734375,-2.67926025390625,924.142578125
1789130172653409800,122.05940991210937,-2.6448974609375,924.138671875
1789130172733397500,122.1393974609375,-2.6026611328125,924.134033203125
1789130172813380400,122.21938037109375,-2.57354736328125,924.130615234375
1789130172893345800,122.299345703125,-2.5498046875,924.1279296875
1789130172973340700,122.37934057617187,-2.53656005859375,924.126708984375
1789130173053340400,122.45934033203125,-2.56298828125,924.12939453125
1789130173133340400,122.53934033203124,-2.56036376953125,924.129150390625
1789130173213362400,122.61936254882812,-2.5498046875,924.1279296875
1789130173293367000,122.69936694335938,-2.53924560546875,924.126953125
1789130173373351200,122.77935107421875,-2.53656005859375,924.126708984375
1789130173453358800,122.85935888671875,-2.47314453125,924.11962890625
1789130173533356800,122.93935668945312,-2.4599609375,924.117919921875
1789130173613342000,123.01934204101562,-2.444091796875,924.1162109375
1789130173693337300,123.09933740234375,-2.42559814453125,924.1142578125
1789130173773345800,123.179345703125,-2.399169921875,924.111328125
1789130173853340400,123.25934033203124,-2.4229736328125,924.11376953125
1789130173933318000,123.33931787109375,-2.39654541015625,924.11083984375
1789130174013288400,123.41928833007813,-2.38861083984375,924.110107421875
1789130174093250600,123.49925048828125,-2.38330078125,924.109619140625
1789130174173211600,123.57921166992188,-2.37274169921875,924.1083984375
1789130174253184800,123.65918481445313,-2.36749267578125,924.107666015625
1789130174333153300,123.7391533203125,-2.40972900390625,924.112548828125
1789130174413164000,123.8191640625,-2.3939208984375,924.110595703125
1789130174493142500,123.899142578125,-2.3939208984375,924.110595703125
1789130174573134000,123.97913403320312,-2.41241455078125,924.11279296875
1789130174653120500,124.05912060546875,-2.4229736328125,924.11376953125
1789130174733078800,124.13907885742188,-2.41766357421875,924.11328125
1789130174813072400,124.219072265625,-2.4150390625,924.113037109375
1789130174893036500,124.29903662109375,-2.444091796875,924.1162109375
1789130174973016300,124.37901635742188,-2.41241455078125,924.11279296875
1789130175052968400,124.45896850585937,-2.4202880859375,924.113525390625
1789130175132928000,124.53892797851563,-2.43353271484375,924.115234375
1789130175212904700,124.61890478515625,-2.4520263671875,924.1171875
1789130175292904000,124.69890405273438,-2.444091796875,924.1162109375
1789130175372893200,124.77889306640625,-2.47052001953125,924.119140625
1789130175452885500,124.85888549804687,-2.44940185546875,924.116943359375
1789130175532875300,124.93887524414062,-2.42559814453125,924.1142578125
1789130175612867000,125.0188671875,-2.44671630859375,924.11669921875
1789130175692850700,125.0988505859375,-2.4071044921875,924.112060546875
1789130175772845300,125.17884521484375,-2.37274169921875,924.108154296875
1789130175852825300,125.25882543945312,-2.26971435546875,924.096923828125
1789130175932776400,125.3387763671875,-2.12701416015625,924.080810546875
1789130176012739600,125.41873950195313,-2.00811767578125,924.067626953125
1789130176092695600,125.49869555664063,-1.94732666015625,924.060791015625
1789130176172697900,125.57869775390625,-1.88128662109375,924.053466796875
1789130176252694300,125.6586943359375,-1.9288330078125,924.058837890625
1789130176332677000,125.73867700195312,-1.9896240234375,924.0654296875
1789130176412670500,125.81867041015624,-1.95526123046875,924.061767578125
1789130176492652800,125.89865283203125,-1.91033935546875,924.056884765625
1789130176572643000,125.97864306640625,-1.83111572265625,924.0478515625
1789130176652643800,126.05864379882813,-1.730712890625,924.03662109375
1789130176732620000,126.1386201171875,-1.6461181640625,924.02734375
1789130176812578600,126.21857861328125,-1.59063720703125,924.021240234375
1789130176892529400,126.298529296875,-1.52459716796875,924.013671875
1789130176972513500,126.37851342773438,-1.519287109375,924.01318359375
1789130177052484900,126.45848486328126,-1.53253173828125,924.0146484375
1789130177132449500,126.53844946289063,-1.461181640625,924.006591796875
1789130177212422000,126.618421875,-1.44793701171875,924.005126953125
1789130177292411000,126.69841088867187,-1.43212890625,924.00341796875
1789130177372393700,126.77839379882812,-1.38720703125,923.998291015625
1789130177452383700,126.8583837890625,-1.27886962890625,923.986328125
1789130177532369200,126.938369140625,-1.26300048828125,923.984619140625
1789130177612339200,127.01833911132813,-1.22601318359375,923.98046875
1789130177692298800,127.098298828125,-1.21807861328125,923.9794921875
1789130177772297000,127.178296875,-1.20220947265625,923.977783203125
1789130177852257300,127.25825732421875,-1.2127685546875,923.97900390625
1789130177932239000,127.33823901367188,-1.19427490234375,923.97705078125
1789130178012224300,127.41822436523438,-1.1414794921875,923.97119140625
1789130178092209400,127.49820947265626,-1.0806884765625,923.96435546875
1789130178172202200,127.5782021484375,-1.056884765625,923.961669921875
1789130178252193800,127.65819384765625,-0.98553466796875,923.95361328125
1789130178332164000,127.7381640625,-0.9459228515625,923.94921875
1789130178412152300,127.81815234375,-0.9300537109375,923.947509765625
1789130178492148700,127.89814868164062,-0.895751953125,923.943603515625
1789130178572137200,127.97813720703125,-0.850830078125,923.938720703125
1789130178652100600,128.0581005859375,-0.8560791015625,923.939208984375
1789130178732077800,128.13807788085938,-0.87457275390625,923.94140625
1789130178812053000,128.21805297851563,-0.89306640625,923.943359375
1789130178892043000,128.29804296875,-0.95648193359375,923.950439453125
1789130178972043300,128.37804321289062,-0.998779296875,923.955078125
1789130179052056300,128.45805639648438,-1.0595703125,923.9619140625
1789130179132041000,128.538041015625,-1.07806396484375,923.9638671875
1789130179212010000,128.6180100097656,-1.15728759765625,923.972900390625
1789130179291994400,128.69799438476562,-1.16790771484375,923.973876953125
1789130179372004900,128.7780048828125,-1.2576904296875,923.98388671875
1789130179451969000,128.85796899414063,-1.32110595703125,923.990966796875
1789130179531932700,128.9379326171875,-1.4083251953125,924.000732421875
1789130179611880000,129.0178798828125,-1.429443359375,924.003173828125
1789130179691822000,129.09782202148438,-1.48760986328125,924.009521484375
1789130179771771600,129.17777172851564,-1.506103515625,924.01171875
1789130179851724800,129.2577248535156,-1.49285888671875,924.01025390625
1789130179931700200,129.3377001953125,-1.54571533203125,924.01611328125
1789130180011687000,129.41768701171875,-1.5880126953125,924.020751953125
1789130180091648500,129.4976484375,-1.68048095703125,924.031005859375
1789130180171600400,129.57760034179688,-1.72540283203125,924.0361328125
1789130180251549000,129.657548828125,-1.7967529296875,924.0439453125
1789130180331510500,129.73751049804687,-1.83636474609375,924.04833984375
1789130180411443200,129.81744311523437,-1.88922119140625,924.054443359375
1789130180491385900,129.8973857421875,-1.87603759765625,924.052978515625
1789130180571345400,129.9773454589844,-1.88922119140625,924.054443359375
1789130180651295000,130.057294921875,-1.939453125,924.06005859375
1789130180731263500,130.13726342773438,-1.9447021484375,924.060546875
1789130180811256600,130.21725659179688,-1.97906494140625,924.064453125
1789130180891200000,130.29719995117188,-2.013427734375,924.068359375
1789130180971158000,130.37715795898438,-2.04248046875,924.071533203125
1789130181051137800,130.4571376953125,-2.07415771484375,924.074951171875
1789130181131136000,130.53713598632814,-2.12176513671875,924.080322265625
1789130181211104000,130.61710400390626,-2.12701416015625,924.080810546875
1789130181291075800,130.69707592773437,-2.13494873046875,924.081787109375
1789130181371053600,130.77705346679687,-2.1534423828125,924.083740234375
1789130181451020800,130.85702075195312,-2.116455078125,924.079833984375
1789130181530992400,130.93699243164062,-2.1085205078125,924.078857421875
1789130181610979600,131.0169794921875,-2.12701416015625,924.080810546875
1789130181690982000,131.09698193359375,-2.1851806640625,924.08740234375
1789130181770994000,131.17699389648436,-2.20892333984375,924.090087890625
1789130181850994200,131.256994140625,-2.26971435546875,924.0966796875
1789130181930970000,131.33697021484375,-2.309326171875,924.101318359375
1789130182010936800,131.41693676757814,-2.34368896484375,924.10498046875
1789130182090900700,131.49690063476564,-2.35687255859375,924.1064453125
1789130182170880500,131.5768806152344,-2.34368896484375,924.10498046875
1789130182250845700,131.656845703125,-2.3701171875,924.10791015625
1789130182330786800,131.73678686523436,-2.35955810546875,924.106689453125
1789130182410750700,131.81675073242187,-2.3463134765625,924.10546875
1789130182490695200,131.89669506835938,-2.33575439453125,924.104248046875
1789130182570670300,131.97667041015626,-2.38861083984375,924.110107421875
1789130182650636500,132.05663647460938,-2.38330078125,924.109375
1789130182730633500,132.13663354492186,-2.399169921875,924.111328125
1789130182810615000,132.21661499023438,-2.40447998046875,924.11181640625
1789130182890586600,132.29658666992188,-2.4229736328125,924.11376953125
1789130182970595600,132.376595703125,-2.4361572265625,924.115478515625
1789130183050559500,132.4565595703125,-2.46258544921875,924.118408203125
1789130183130511400,132.53651147460937,-2.49432373046875,924.121826171875
1789130183210468400,132.61646826171875,-2.53656005859375,924.126708984375
1789130183290417700,132.69641772460938,-2.5577392578125,924.12890625
1789130183370368000,132.77636791992188,-2.58148193359375,924.131591796875
1789130183450311200,132.85631127929688,-2.6026611328125,924.134033203125
1789130183530271700,132.93627172851564,-2.64227294921875,924.138427734375
1789130183610225200,133.01622509765625,-2.65283203125,924.1396484375
1789130183690180900,133.09618090820314,-2.67926025390625,924.142578125
1789130183770130200,133.17613012695313,-2.69244384765625,924.14404296875
1789130183850049800,133.2560498046875,-2.7056884765625,924.1455078125
1789130183930008600,133.33600854492187,-2.6898193359375,924.143798828125
1789130184009981200,133.4159812011719,-2.70306396484375,924.14501953125
1789130184089962500,133.49596240234376,-2.7188720703125,924.14697265625
1789130184169932300,133.57593237304687,-2.70306396484375,924.145263671875
1789130184249894400,133.65589428710936,-2.70306396484375,924.145263671875
1789130184329860900,133.73586083984375,-2.70037841796875,924.144775390625
1789130184409803800,133.8158037109375,-2.69512939453125,924.144287109375
1789130184489782000,133.89578198242188,-2.681884765625,924.142822265625
1789130184569741800,133.97574194335937,-2.66339111328125,924.140625
1789130184649714700,134.0557145996094,-2.65814208984375,924.14013671875
1789130184729693000,134.13569287109374,-2.65283203125,924.1396484375
1789130184809662500,134.21566235351563,-2.65283203125,924.1396484375
1789130184889651200,134.29565112304687,-2.6317138671875,924.13720703125
1789130184969636400,134.37563623046876,-2.64227294921875,924.138427734375
1789130185049619700,134.45561962890625,-2.60528564453125,924.13427734375
1789130185129586400,134.53558642578125,-2.5999755859375,924.1337890625
1789130185209553700,134.6155537109375,-2.56829833984375,924.130126953125
1789130185289537000,134.695537109375,-2.55242919921875,924.12841796875
1789130185369519600,134.77551953125,-2.53656005859375,924.12646484375
1789130185449541400,134.85554125976563,-2.54449462890625,924.12744140625
1789130185529558000,134.93555810546874,-2.5260009765625,924.12548828125
1789130185609594000,135.01559399414063,-2.51806640625,924.12451171875
1789130185689586700,135.0955866699219,-2.50750732421875,924.123291015625
1789130185769562600,135.17556274414062,-2.4969482421875,924.1220703125
1789130185849550300,135.25555029296876,-2.46258544921875,924.1181640625
1789130185929518300,135.3355183105469,-2.430908203125,924.11474609375
1789130186009475600,135.4154755859375,-2.42559814453125,924.1142578125
1789130186089454600,135.49545458984375,-2.40972900390625,924.1123046875
1789130186169420000,135.575419921875,-2.38067626953125,924.109130859375
1789130186249416200,135.65541625976562,-2.38067626953125,924.109130859375
1789130186329423400,135.73542333984375,-2.38330078125,924.109375
1789130186409428200,135.81542822265624,-2.35955810546875,924.10693359375
1789130186489432000,135.89543212890624,-2.3701171875,924.10791015625
1789130186569456600,135.97545654296874,-2.38861083984375,924.110107421875
1789130186649495000,136.0554951171875,-2.38330078125,924.109619140625
1789130186729529300,136.135529296875,-2.385986328125,924.10986328125
1789130186809560600,136.215560546875,-2.37274169921875,924.1083984375
1789130186889575700,136.29557568359374,-2.3701171875,924.10791015625
1789130186969580800,136.37558081054686,-2.35955810546875,924.106689453125
1789130187049617700,136.45561767578124,-2.35687255859375,924.1064453125
1789130187129634800,136.535634765625,-2.36480712890625,924.107421875
1789130187209653800,136.61565380859375,-2.3621826171875,924.107177734375
1789130187289661000,136.69566088867188,-2.36480712890625,924.107421875
1789130187369666600,136.77566650390625,-2.36480712890625,924.107421875
1789130187449687600,136.8556875,-2.36480712890625,924.107421875
1789130187529705700,136.93570581054686,-2.3463134765625,924.10546875
1789130187609718800,137.01571875,-2.37274169921875,924.1083984375
1789130187689715000,137.09571484375,-2.3621826171875,924.107177734375
1789130187769699000,137.17569897460936,-2.354248046875,924.106201171875
1789130187849703000,137.2557028808594,-2.341064453125,924.104736328125
1789130187929718500,137.33571850585938,-2.31988525390625,924.1025390625
1789130188009732600,137.41573266601563,-2.29351806640625,924.099365234375
1789130188089751000,137.4957509765625,-2.2802734375,924.09814453125
1789130188169760800,137.5757607421875,-2.27764892578125,924.09765625
1789130188249784300,137.65578442382812,-2.26971435546875,924.096923828125
1789130188329820000,137.73581982421874,-2.2802734375,924.09814453125
1789130188409864200,137.8158642578125,-2.29083251953125,924.09912109375
1789130188489902800,137.89590283203125,-2.3013916015625,924.100341796875
1789130188569893000,137.97589306640626,-2.31988525390625,924.102294921875
1789130188649899500,138.0558994140625,-2.3251953125,924.10302734375
1789130188729890300,138.13589038085937,-2.30670166015625,924.100830078125
1789130188809881300,138.21588134765625,-2.2802734375,924.09814453125
1789130188889896400,138.295896484375,-2.26971435546875,924.0966796875
1789130188969912800,138.37591284179686,-2.26177978515625,924.095947265625
1789130189049930800,138.4559306640625,-2.2723388671875,924.09716796875
1789130189129934300,138.53593432617188,-2.29351806640625,924.099609375
1789130189209916000,138.615916015625,-2.31988525390625,924.1025390625
1789130189289921800,138.695921875,-2.3331298828125,924.10400390625
1789130189369934300,138.77593432617186,-2.3040771484375,924.1005859375
1789130189449954600,138.85595458984375,-2.24591064453125,924.09423828125
1789130189529958400,138.93595849609375,-2.39654541015625,924.111083984375
1789130189609956000,139.0159560546875,-2.38330078125,924.109619140625
1789130189689945000,139.09594506835938,-2.04510498046875,924.07177734375
1789130189769946400,139.1759462890625,-1.8416748046875,924.049072265625
1789130189849954800,139.25595483398436,-1.77825927734375,924.0419921875
1789130189929984300,139.335984375,-1.55364990234375,924.01708984375
1789130190009984500,139.41598461914063,-1.49285888671875,924.01025390625
1789130190090014200,139.49601416015625,-1.7808837890625,924.042236328125
1789130190170058000,139.57605810546875,-1.936767578125,924.059814453125
1789130190250075100,139.6560751953125,-2.0028076171875,924.067138671875
1789130190330095400,139.73609545898438,-2.04510498046875,924.07177734375
1789130190410141000,139.8161408691406,-2.11114501953125,924.0791015625
1789130190490176500,139.89617651367186,-2.11383056640625,924.079345703125
1789130190570241500,139.97624145507814,-2.116455078125,924.079833984375
1789130190650293800,140.05629370117188,-2.18780517578125,924.087646484375
1789130190730366700,140.13636669921874,-2.4071044921875,924.112060546875
1789130190810413000,140.2164130859375,-2.848388671875,924.161376953125
1789130190890483700,140.29648364257812,-3.78900146484375,924.26611328125
1789130190970542600,140.37654248046874,-3.7625732421875,924.26318359375
1789130191050575600,140.45657568359374,-3.49041748046875,924.23291015625
1789130191130615600,140.5366154785156,-2.996337890625,924.177734375
1789130191210684700,140.6166845703125,-2.3172607421875,924.10205078125
1789130191290758000,140.6967578125,-2.78228759765625,924.15380859375
1789130191370858800,140.77685864257813,-2.861572265625,924.162841796875
1789130191450920400,140.85692041015625,-2.623779296875,924.13623046875
1789130191530990300,140.936990234375,-2.5709228515625,924.13037109375
1789130191611063000,141.01706298828125,-2.57623291015625,924.131103515625
1789130191691113000,141.09711303710938,-1.1044921875,923.967041015625
1789130191771165000,141.1771650390625,-1.0067138671875,923.9560546875
1789130191851220200,141.25722021484376,-1.56683349609375,924.0185546875
1789130191931270700,141.33727075195313,-1.91827392578125,924.0576171875
1789130192011319000,141.41731909179688,-2.129638671875,924.081298828125
1789130192091348500,141.49734838867187,-2.1904296875,924.088134765625
1789130192171382300,141.57738232421875,-2.2564697265625,924.09521484375
1789130192251421700,141.65742163085937,-2.05303955078125,924.072509765625
1789130192331464200,141.73746411132814,-1.95263671875,924.0615234375
1789130192411490300,141.817490234375,-1.86279296875,924.051513671875
1789130192491507200,141.89750708007813,-1.846923828125,924.049560546875
1789130192571563500,141.9775634765625,-1.8046875,924.044921875
1789130192651621400,142.05762133789062,-1.83111572265625,924.048095703125
1789130192731679700,142.1376796875,-1.8258056640625,924.04736328125
1789130192811733000,142.21773291015626,-1.83636474609375,924.048583984375
1789130192891777000,142.29777709960936,-1.80731201171875,924.045166015625
1789130192971791400,142.37779125976562,-1.788818359375,924.043212890625
1789130193051821800,142.45782177734375,-1.8258056640625,924.04736328125
1789130193131817700,142.5378176269531,-1.846923828125,924.0498046875
1789130193211830300,142.61783032226563,-1.849609375,924.050048828125
1789130193291873000,142.697873046875,-1.846923828125,924.0498046875
1789130193371913000,142.77791284179688,-1.846923828125,924.0498046875
1789130193451945200,142.8579453125,-1.82843017578125,924.047607421875
1789130193531966700,142.937966796875,-1.83111572265625,924.048095703125
1789130193611995000,143.0179948730469,-1.83111572265625,924.048095703125
1789130193692036900,143.09803686523438,-1.849609375,924.050048828125
1789130193772091000,143.1780908203125,-1.86541748046875,924.0517578125
1789130193852152600,143.25815258789063,-1.8865966796875,924.05419921875
1789130193932224000,143.33822412109376,-1.8865966796875,924.05419921875
1789130194012272400,143.4182724609375,-1.8997802734375,924.0556640625
1789130194092325600,143.49832568359375,-1.87335205078125,924.052734375
1789130194172359000,143.57835888671875,-2.37274169921875,924.108154296875
1789130194252407600,143.65840747070314,-2.26971435546875,924.0966796875
1789130194332452000,143.7384521484375,-2.1534423828125,924.083984375
1789130194412487400,143.8184873046875,-2.03717041015625,924.07080078125
1789130194492531500,143.89853149414063,-2.00018310546875,924.066650390625
1789130194572560400,143.97856030273437,-1.47174072265625,924.0078125
1789130194652566500,144.05856640625,-1.54571533203125,924.01611328125
1789130194732577000,144.13857690429688,-1.685791015625,924.03173828125
1789130194812629000,144.21862890625,-1.81787109375,924.04638671875
1789130194892643000,144.29864306640624,-2.0504150390625,924.072265625
1789130194972640300,144.37864013671876,-2.04510498046875,924.07177734375
1789130195052651000,144.45865112304688,-2.07684326171875,924.075439453125
1789130195132657700,144.53865771484374,-2.1085205078125,924.078857421875
1789130195212660500,144.61866040039064,-2.08740234375,924.07666015625
1789130195292707800,144.69870776367188,-1.968505859375,924.063232421875
1789130195372763000,144.77876293945312,-1.9737548828125,924.063720703125
1789130195452775400,144.858775390625,-1.98431396484375,924.06494140625
1789130195532803000,144.93880297851564,-1.95526123046875,924.061767578125
1789130195612830500,145.01883056640625,-1.939453125,924.06005859375
1789130195692893700,145.09889379882813,-1.88922119140625,924.054443359375
1789130195772936200,145.17893627929686,-1.981689453125,924.064697265625
1789130195852993000,145.25899291992187,-1.95526123046875,924.061767578125
1789130195933054200,145.33905419921874,-1.936767578125,924.059814453125
1789130196013116200,145.4191162109375,-1.9658203125,924.06298828125
1789130196093163300,145.49916333007812,-2.04248046875,924.071533203125
1789130196173205000,145.579205078125,-2.02398681640625,924.0693359375
1789130196253237500,145.65923754882812,-2.07415771484375,924.074951171875
1789130196333292500,145.73929248046875,-2.08209228515625,924.075927734375
1789130196413317600,145.81931762695314,-2.0953369140625,924.077392578125
1789130196493339000,145.8993388671875,-2.06097412109375,924.073486328125
1789130196573405000,145.97940502929688,-2.058349609375,924.0732421875
1789130196653465900,146.0594658203125,-2.02923583984375,924.070068359375
1789130196733551000,146.13955102539063,-2.08477783203125,924.076171875
1789130196813637400,146.21963745117188,-2.16668701171875,924.085205078125
1789130196893715700,146.2997158203125,-2.1983642578125,924.0888671875
1789130196973787400,146.37978735351564,-2.2432861328125,924.09375
1789130197053869300,146.45986938476562,-2.2802734375,924.09814453125
1789130197133961500,146.53996142578126,-2.29351806640625,924.099365234375
1789130197214046500,146.62004638671874,-2.28558349609375,924.0986328125
1789130197294122500,146.70012255859376,-2.309326171875,924.10107421875
1789130197374186000,146.78018603515625,-2.3172607421875,924.10205078125
1789130197454249700,146.86024975585937,-2.31988525390625,924.1025390625
1789130197534312400,146.9403125,-2.31988525390625,924.102294921875
1789130197614413300,147.02041333007813,-2.309326171875,924.101318359375
1789130197694515000,147.10051489257813,-2.26177978515625,924.095947265625
1789130197774579000,147.18057885742186,-2.21685791015625,924.0908203125
1789130197854651600,147.26065161132811,-2.206298828125,924.089599609375
1789130197934728700,147.34072875976562,-2.1904296875,924.087890625
1789130198014830300,147.42083032226563,-2.17987060546875,924.0869140625
1789130198094923000,147.50092309570311,-2.2142333984375,924.090576171875
1789130198175003000,147.5810029296875,-2.24591064453125,924.09423828125
1789130198255098000,147.66109814453125,-2.26971435546875,924.0966796875
1789130198335171800,147.741171875,-2.31463623046875,924.101806640625
1789130198415243000,147.82124291992187,-2.37274169921875,924.108154296875
1789130198495314200,147.9013142089844,-2.38330078125,924.109375
1789130198575400700,147.98140063476563,-2.4071044921875,924.112060546875
1789130198655481900,148.06148193359374,-2.4388427734375,924.11572265625
1789130198735539500,148.14153955078126,-2.430908203125,924.11474609375
1789130198815569700,148.22156958007812,-2.40972900390625,924.112548828125
1789130198895634200,148.30163427734374,-2.4229736328125,924.114013671875
1789130198975692300,148.3816923828125,-2.4388427734375,924.11572265625
1789130199055740000,148.46173999023438,-2.45733642578125,924.11767578125
1789130199135801000,148.5418010253906,-2.47314453125,924.11962890625
1789130199215851300,148.62185131835938,-2.4652099609375,924.11865234375
1789130199295911400,148.70191137695312,-2.47052001953125,924.119140625
1789130199375971800,148.78197192382814,-2.45733642578125,924.11767578125
1789130199456019200,148.86201928710938,-2.4388427734375,924.11572265625
1789130199536076800,148.94207690429687,-2.44146728515625,924.115966796875
1789130199616147700,149.0221477050781,-2.44671630859375,924.11669921875
1789130199696217900,149.1022177734375,-2.4361572265625,924.115478515625
1789130199776268300,149.18226831054687,-2.45465087890625,924.117431640625
1789130199856344600,149.26234448242187,-2.42559814453125,924.1142578125
1789130199936405500,149.34240551757813,-2.40972900390625,924.112548828125
1789130200016467000,149.42246704101564,-2.40447998046875,924.11181640625
1789130200096539400,149.5025393066406,-2.39654541015625,924.11083984375
1789130200176617200,149.5826171875,-2.37542724609375,924.108642578125
1789130200256669400,149.66266943359375,-2.35955810546875,924.106689453125
1789130200336732700,149.74273266601563,-2.341064453125,924.104736328125
1789130200416765700,149.822765625,-2.34368896484375,924.10498046875
1789130200496822800,149.90282275390626,-2.3463134765625,924.10546875
1789130200576868900,149.98286889648438,-2.341064453125,924.104736328125
1789130200656922400,150.06292236328125,-2.35955810546875,924.10693359375
1789130200736936200,150.14293627929686,-2.35162353515625,924.10595703125
1789130200816960300,150.22296020507812,-2.31201171875,924.1015625
1789130200896993500,150.30299365234376,-2.29351806640625,924.099365234375
1789130200977036500,150.38303662109374,-2.2802734375,924.09814453125
1789130201057076000,150.46307592773437,-2.26708984375,924.096435546875
1789130201137110800,150.54311083984376,-2.26177978515625,924.095947265625
1789130201217145000,150.62314501953125,-2.25384521484375,924.094970703125
1789130201297169000,150.7031689453125,-2.2353515625,924.093017578125
1789130201377201700,150.78320166015624,-2.22216796875,924.091552734375
1789130201457231600,150.86323168945313,-2.21685791015625,924.0908203125
1789130201537243600,150.94324365234374,-2.21685791015625,924.0908203125
1789130201617295600,151.02329565429687,-2.2301025390625,924.09228515625
1789130201697343200,151.10334326171875,-2.251220703125,924.0947265625
1789130201777364200,151.1833642578125,-2.2353515625,924.093017578125
1789130201857366800,151.26336669921875,-2.2564697265625,924.095458984375
1789130201937399000,151.34339892578126,-2.264404296875,924.09619140625
1789130202017430500,151.42343041992189,-2.28289794921875,924.098388671875
1789130202097477600,151.5034775390625,-2.24859619140625,924.094482421875
1789130202177523500,151.5835234375,-2.2301025390625,924.092529296875
1789130202257599200,151.66359912109374,-2.1904296875,924.088134765625
1789130202337686500,151.7436865234375,-2.1693115234375,924.085693359375
1789130202417769500,151.82376953125,-2.148193359375,924.083251953125
1789130202497821200,151.9038212890625,-2.161376953125,924.084716796875
1789130202577890300,151.98389038085938,-2.17724609375,924.08642578125
1789130202657959700,152.0639597167969,-2.161376953125,924.084716796875
1789130202738069800,152.14406982421875,-2.16668701171875,924.085205078125
1789130202818138600,152.224138671875,-2.15606689453125,924.084228515625
1789130202898197800,152.30419775390624,-2.1375732421875,924.08203125
1789130202978247000,152.38424682617188,-2.1243896484375,924.08056640625
1789130203058304000,152.46430395507812,-2.1243896484375,924.08056640625
1789130203138375700,152.54437573242188,-2.116455078125,924.079833984375
1789130203218428000,152.62442797851563,-2.103271484375,924.078125
1789130203298474000,152.70447387695313,-2.09796142578125,924.07763671875
1789130203378524400,152.7845244140625,-2.08477783203125,924.076171875
1789130203458566700,152.86456665039063,-2.0953369140625,924.077392578125
1789130203538630000,152.9446298828125,-2.0635986328125,924.073974609375
1789130203618669300,153.02466943359374,-2.071533203125,924.07470703125
1789130203698704400,153.1047043457031,-2.06622314453125,924.07421875
1789130203778758100,153.18475805664062,-2.0504150390625,924.072265625
1789130203858789600,153.26478955078124,-2.02398681640625,924.069580078125
1789130203938851800,153.34485180664063,-2.0504150390625,924.072265625
1789130204018900000,153.42489990234375,-2.026611328125,924.06982421875
1789130204098956000,153.5049560546875,-2.01605224609375,924.068603515625
1789130204179034600,153.58503466796876,-2.0054931640625,924.0673828125
1789130204259077600,153.66507763671876,-2.02923583984375,924.070068359375
1789130204339131400,153.74513134765624,-2.01605224609375,924.068603515625
1789130204419172900,153.8251728515625,-2.03717041015625,924.07080078125
1789130204499221200,153.90522119140624,-2.02923583984375,924.070068359375
1789130204579303700,153.9853037109375,-2.05303955078125,924.072509765625
1789130204659366000,154.06536596679686,-2.0186767578125,924.06884765625
1789130204739421400,154.14542138671874,-2.00018310546875,924.066650390625
1789130204819484000,154.22548388671876,-1.9658203125,924.06298828125
1789130204899549200,154.30554907226562,-1.9737548828125,924.063720703125
1789130204979585300,154.38558520507812,-1.968505859375,924.063232421875
1789130205059630000,154.46563012695313,-1.95001220703125,924.06103515625
1789130205139693000,154.54569311523437,-1.9288330078125,924.058837890625
1789130205219758300,154.62575830078126,-1.91033935546875,924.056884765625
1789130205299799800,154.7057998046875,-1.87335205078125,924.052734375
1789130205379854800,154.78585473632813,-1.9156494140625,924.057373046875
