time,seconds_elapsed,magneticBearing
1789130050696236000,0.102236083984375,61.817191722711826
1789130050712242200,0.1182421875,64.20596417320905
1789130050728248600,0.13424853515625,62.912510339420535
1789130050744256000,0.150256103515625,65.02137029306046
1789130050760262400,0.166262451171875,69.04901220411607
1789130050776271400,0.182271240234375,69.54278832003628
1789130050792281900,0.19828173828125,65.30447328274403
1789130050808289500,0.21428955078125,62.92032901388781
1789130050824301300,0.23030126953125,65.08668694474089
1789130050840311600,0.2463115234375,63.074224030260716
1789130050856329500,0.26232958984375,63.79229893357916
1789130050872344600,0.278344482421875,66.74930544577902
1789130050888356000,0.294356201171875,64.44524730278366
1789130050904367900,0.310367919921875,62.47309627970646
1789130050920378400,0.32637841796875,62.47309627970646
1789130050936388900,0.342388916015625,62.59682565680854
1789130050952397600,0.3583974609375,65.23422386871941
1789130050968406300,0.37440625,66.55490091670359
1789130050984413400,0.390413330078125,64.44524730278366
1789130051000428000,0.406427978515625,63.788622589412086
1789130051016440800,0.42244091796875,63.19794614008507
1789130051032454700,0.43845458984375,64.08333004623982
1789130051048465400,0.45446533203125,63.67170668101517
1789130051064472600,0.47047265625,61.86393795166659
1789130051080480000,0.48647998046875,63.00873933154606
1789130051096485600,0.502485595703125,64.09695028799362
1789130051112489200,0.5184892578125,62.770154333218976
1789130051128491000,0.534490966796875,63.37514167248029
1789130051144492300,0.5504921875,65.29027681777225
1789130051160498000,0.566497802734375,63.92204401664981
1789130051176508200,0.582508056640625,63.61474701290797
1789130051192509700,0.598509765625,64.54225675739578
1789130051208517000,0.61451708984375,63.142624830055574
1789130051224521000,0.63052099609375,62.013216488441465
1789130051240524500,0.646524658203125,62.73767031227727
1789130051256529700,0.66252978515625,62.437069490337564
1789130051272536300,0.678536376953125,61.645038984691844
1789130051288539000,0.694538818359375,63.14112763548603
1789130051304546000,0.710546142578125,61.36847135395978
1789130051320556000,0.72655615234375,59.81046364752593
1789130051336564200,0.742564208984375,61.357773667092935
1789130051352568000,0.758568115234375,62.42674160755409
1789130051368572700,0.77457275390625,60.124006649624285
1789130051384576800,0.79057666015625,58.17641847278226
1789130051400584200,0.806584228515625,61.27497044858016
1789130051416593400,0.822593505859375,61.52386788035808
1789130051432601900,0.838601806640625,60.126400380382755
1789130051448613600,0.854613525390625,63.550230902823394
1789130051472633900,0.8786337890625,64.85992309093196
1789130051488646100,0.894646240234375,65.90070685649282
1789130051504657200,0.9106572265625,67.40744481029412
1789130051520661800,0.926661865234375,67.0973074701753
1789130051536666400,0.942666259765625,68.00041221276383
1789130051552669400,0.95866943359375,67.32442687381702
1789130051568680400,0.974680419921875,65.31723164690828
1789130051584683500,0.99068359375,63.60006442380315
1789130051600684500,1.0066845703125,60.367433315055074
1789130051616690400,1.0226904296875,61.32859696979626
1789130051632694000,1.038694091796875,61.430414426985045
1789130051648693500,1.054693603515625,61.7688414701469
1789130051664690400,1.0706904296875,62.98067921881342
1789130051680692500,1.0866923828125,63.78149225212641
1789130051696694000,1.102694091796875,64.24677818268322
1789130051712696300,1.1186962890625,62.90984854940183
1789130051728700400,1.134700439453125,62.169585414431744
1789130051744709000,1.150709228515625,60.66291033862362
1789130051760710400,1.16671044921875,62.194486259345915
1789130051776710400,1.18271044921875,63.09725599795702
1789130051792714200,1.19871435546875,63.82661316375344
1789130051808714800,1.21471484375,66.49152865049045
1789130051824715800,1.2307158203125,64.7921472464869
1789130051840721000,1.246720947265625,64.91640505444786
1789130051856726000,1.26272607421875,64.54197658245438
1789130051872727800,1.278727783203125,64.76587998310937
1789130051888735700,1.29473583984375,67.0848936967755
1789130051904741400,1.310741455078125,68.93729027438049
1789130051920744200,1.326744140625,70.79725369106859
1789130051936749300,1.342749267578125,67.95858679403474
1789130051952760600,1.358760498046875,67.61986395013125
1789130051968765000,1.374764892578125,71.42163288994738
1789130051984773000,1.390773193359375,70.31489244815764
1789130052008780500,1.414780517578125,67.84586952613103
1789130052024790000,1.4307900390625,72.16963943043245
1789130052040796400,1.44679638671875,72.84887218332311
1789130052056803600,1.462803466796875,71.9165554052808
1789130052072806700,1.478806640625,69.96786325938159
1789130052088809700,1.494809814453125,63.92933835225177
1789130052104813800,1.510813720703125,63.04020059870503
1789130052120816400,1.52681640625,64.32750896210364
1789130052136820700,1.54282080078125,63.71580753298278
1789130052152828000,1.558827880859375,63.547957102564965
1789130052176827600,1.58282763671875,62.277614956021395
1789130052192829000,1.598828857421875,65.00584021343009
1789130052208831200,1.614831298828125,62.17590391553011
1789130052224832500,1.63083251953125,59.4413129101825
1789130052240835000,1.6468349609375,63.1021594697044
1789130052256837000,1.662837158203125,63.26626665178952
1789130052272833800,1.678833740234375,59.28272319318585
1789130052288829700,1.69482958984375,60.88385290976549
1789130052304832300,1.710832275390625,62.476350414284205
1789130052320839200,1.726839111328125,58.90268865643541
1789130052336852500,1.7428525390625,58.613486370473424
1789130052352863000,1.758863037109375,62.148247224295865
1789130052368864800,1.77486474609375,58.558427832535806
1789130052384864800,1.79086474609375,54.2965968548353
1789130052400870100,1.8068701171875,57.49892035838017
1789130052416872000,1.822871826171875,60.51422731137943
1789130052432869400,1.838869384765625,63.37838884961076
1789130052448866800,1.85486669921875,63.82661316375344
1789130052464868000,1.8708681640625,62.277614956021395
1789130052480867300,1.886867431640625,64.1481368112527
1789130052496873000,1.902873046875,63.43494882292201
1789130052512881000,1.918880859375,62.291591068962106
1789130052528883200,1.93488330078125,65.63088641198921
1789130052544883500,1.950883544921875,66.71692763042977
1789130052560885200,1.96688525390625,66.03751230568221
1789130052576889300,1.982889404296875,63.00873933154606
1789130052592893700,1.998893798828125,62.117315224962624
1789130052608895200,2.014895263671875,65.80489742102364
1789130052624898800,2.03089892578125,66.60356559160593
1789130052640894700,2.046894775390625,65.14987900539859
1789130052656891100,2.06289111328125,64.66839941472547
1789130052672887300,2.07888720703125,68.59256278514016
1789130052688875000,2.094875,71.80083510117846
1789130052704871200,2.11087109375,72.59951413529414
1789130052720872200,2.1268720703125,74.99342066092368
1789130052736871700,2.14287158203125,77.84505883835772
1789130052752872200,2.1588720703125,82.76848562919308
1789130052768875500,2.17487548828125,86.2218023062883
1789130052784880600,2.190880615234375,85.36453683125339
1789130052800883700,2.2068837890625,85.25276627992486
1789130052816886300,2.22288623046875,88.05851359928621
1789130052832893000,2.238892822265625,92.46485297280837
1789130052848902400,2.25490234375,88.42756954302523
1789130052864903700,2.270903564453125,86.92853808550485
1789130052880908800,2.28690869140625,95.68236853136378
1789130052896918300,2.302918212890625,94.19219348355062
1789130052912920300,2.31892041015625,95.30092642056238
1789130052928922400,2.33492236328125,101.30993247402021
1789130052944925200,2.35092529296875,99.35670850273922
1789130052960919600,2.36691943359375,94.96974065183285
1789130052976912400,2.382912353515625,90
1789130052992907500,2.398907470703125,83.33334041215751
1789130053008901600,2.414901611328125,84.66784128385878
1789130053024902400,2.43090234375,90.65854318931193
1789130053040903000,2.44690283203125,94.08561690379993
1789130053056900900,2.46290087890625,93.50353170973267
1789130053072902100,2.478902099609375,92.78516636902208
1789130053088898000,2.49489794921875,89.32596310447701
1789130053104893200,2.51089306640625,89.62795471189675
1789130053120891100,2.52689111328125,92.33730583940164
1789130053136891000,2.542890869140625,94.2363948456495
1789130053152883200,2.55888330078125,97.59464339966037
1789130053168879600,2.574879638671875,89.34893960139793
1789130053184872400,2.59087255859375,62.049030380174855
1789130053200870400,2.606870361328125,68.8059425705072
1789130053216863200,2.62286328125,75.06858368783847
1789130053232857000,2.638857177734375,71.56505070275927
1789130053248853200,2.654853271484375,90
1789130053264845600,2.670845458984375,102.52880715112954
1789130053280846600,2.6868466796875,120.54757102282215
1789130053296845300,2.70284521484375,126.8698988600999
1789130053312834600,2.71883447265625,141.6666595878425
1789130053328827100,2.7348271484375,161.11391305373706
1789130053344820500,2.750820556640625,166.60750291803078
1789130053360815600,2.766815673828125,166.5042672789146
1789130053376812000,2.78281201171875,152.02052552482033
1789130053392803000,2.798802978515625,151.3360425157689
1789130053408797400,2.81479736328125,147.09475696595212
1789130053424792800,2.830792724609375,142.49585822092365
1789130053440786000,2.846785888671875,138.60846958877644
1789130053456780500,2.862780517578125,123.69006690050459
1789130053472779500,2.878779541015625,97.59464339966037
1789130053488781600,2.894781494140625,328.5704338735368
1789130053504784000,2.910783935546875,288.434948822922
1789130053520788200,2.926788330078125,254.74488158883065
1789130053536791300,2.942791259765625,238.78159746500853
1789130053552788000,2.9587880859375,233.13010170366175
1789130053568791600,2.97479150390625,248.49856540448192
1789130053584796400,2.99079638671875,249.5671712053044
1789130053600797700,3.006797607421875,242.1027284562754
1789130053616803600,3.022803466796875,233.74616412692927
1789130053632815000,3.038815185546875,231.17017694435881
1789130053648822500,3.054822509765625,220.763605045639
1789130053664836000,3.070836181640625,217.7468039800572
1789130053680846600,3.0868466796875,189.95062656898241
1789130053696852200,3.102852294921875,195.81919406458576
1789130053712856300,3.118856201171875,216.86989688693407
1789130053728856600,3.134856689453125,219.80557002588122
1789130053744863500,3.150863525390625,202.20347857269877
1789130053760869000,3.166869140625,211.1389736676436
1789130053776883200,3.18288330078125,196.47688218277713
1789130053792889900,3.198889892578125,164.69915356036802
1789130053808895200,3.214895263671875,171.86989793043523
1789130053824906500,3.230906494140625,186.95295695103866
1789130053840919000,3.2469189453125,186.09586140667648
1789130053856931000,3.26293115234375,181.65230466713524
1789130053872951000,3.278950927734375,181.04162666778072
1789130053888964400,3.29496435546875,185.5721978375043
1789130053904970500,3.310970458984375,181.9091524408929
1789130053920975400,3.326975341796875,184.88520229155463
1789130053936987000,3.34298681640625,177.9249736952949
1789130053952999000,3.3589990234375,172.92107798831574
1789130053969009200,3.375009033203125,170.41705538847447
1789130053985015800,3.391015869140625,167.36093693035102
1789130054001020200,3.407020263671875,168.3843299294704
1789130054017022700,3.423022705078125,168.3843299294704
1789130054033026300,3.4390263671875,178.60281902557804
1789130054049032700,3.45503271484375,187.00126735039441
1789130054065039400,3.471039306640625,187.23692162139167
1789130054081048800,3.487048828125,187.4808858369866
1789130054097058300,3.503058349609375,181.93330074502168
1789130054113061600,3.5190615234375,180.4441444363183
1789130054129064400,3.535064453125,181.08092414817506
1789130054145070000,3.551070068359375,183.09405797008415
1789130054161077000,3.567076904296875,184.3810377434842
1789130054177084400,3.58308447265625,177.65835456764128
1789130054193090000,3.599090087890625,170.29334782043958
1789130054209097500,3.615097412109375,172.1529009357002
1789130054225101600,3.6311015625,175.40411227071442
1789130054241106700,3.647106689453125,174.37946601574157
1789130054257110300,3.6631103515625,173.09408704526214
1789130054273120300,3.679120361328125,170.75017898061026
1789130054289129500,3.69512939453125,169.66642661453582
1789130054305138700,3.711138671875,168.7878968412152
1789130054321147000,3.72714697265625,167.99899754017378
1789130054337157000,3.7431572265625,168.49226895818748
1789130054353162800,3.759162841796875,168.20479630056604
1789130054369172500,3.77517236328125,165.04832226187537
1789130054385181400,3.791181396484375,161.27421242849036
1789130054401189000,3.807189208984375,159.33879380135315
1789130054417198600,3.823198486328125,159.7452290605575
1789130054433207000,3.83920703125,159.9753353512862
1789130054449217300,3.85521728515625,160.62414670223893
1789130054465227000,3.87122705078125,160.92352338746016
1789130054481235700,3.887235595703125,160.16078603543082
1789130054497242400,3.903242431640625,162.99582225154174
1789130054513246000,3.919245849609375,167.85342645987984
1789130054529249800,3.935249755859375,166.2527098110039
1789130054545252600,3.951252685546875,164.0759831001309
1789130054561259500,3.967259521484375,164.95526912536053
1789130054577261600,3.983261474609375,165.7274874712038
1789130054593263600,3.999263671875,165.2237425470959
1789130054609273900,4.01527392578125,163.43116989658512
1789130054625279500,4.031279541015625,164.78609222620264
1789130054641282600,4.047282470703125,167.48914136652337
1789130054657287400,4.063287353515625,170.96440097180405
1789130054673292300,4.079292236328125,174.90430027975262
1789130054689294000,4.095294189453125,177.27368902326364
1789130054705297200,4.111297119140625,179.6242953480777
1789130054721300000,4.127300048828125,178.47247459191374
1789130054737306600,4.143306640625,177.22978433279735
1789130054753312000,4.15931201171875,178.4925642559962
1789130054769320000,4.17531982421875,177.92770163311195
1789130054785323800,4.19132373046875,177.15651979403282
1789130054801325800,4.207325927734375,177.01660004667025
1789130054817326600,4.22332666015625,179.07296473588949
1789130054833331700,4.239331787109375,180.57872555060686
1789130054849332000,4.25533203125,179.06387774831234
1789130054865337600,4.271337646484375,179.62056328469595
1789130054881344800,4.2873447265625,180
1789130054897353500,4.303353515625,177.18444327306196
1789130054913357600,4.319357666015625,176.6126132770767
1789130054929357800,4.33535791015625,178.3839334119097
1789130054945357300,4.351357421875,178.15832659989994
1789130054961364700,4.36736474609375,174.77180790976894
1789130054977368600,4.38336865234375,174.18102927458233
1789130054993372000,4.399371826171875,174.5937880994156
1789130055009375200,4.415375244140625,175.03025934816716
1789130055025381600,4.431381591796875,176.4567973941345
1789130055041390600,4.447390625,174.9043002797526
1789130055057398000,4.46339794921875,175.3140999660089
1789130055073399800,4.47939990234375,178.7854304715914
1789130055089405400,4.495405517578125,178.2224257424033
1789130055105407700,4.51140771484375,179.25107818101426
1789130055121411300,4.527411376953125,180.58264887177555
1789130055137417500,4.54341748046875,177.37187451494796
1789130055153421000,4.559421142578125,177.73949815773128
1789130055169427000,4.575427001953125,178.84654954440987
1789130055185425000,4.5914248046875,179.21785366002956
1789130055201429800,4.6074296875,177.17784462415827
1789130055217435000,4.623434814453125,175.41814396943332
1789130055233443300,4.639443359375,176.84205520491022
1789130055249457200,4.65545703125,179.6062207620671
1789130055265469400,4.671469482421875,175.83349507968754
1789130055281477600,4.6874775390625,171.8186485312863
1789130055297489000,4.703489013671875,173.0606313629138
1789130055313499400,4.71949951171875,173.59755303901773
1789130055329505800,4.735505859375,175.12754928485674
1789130055345512700,4.7515126953125,174.38241932503362
1789130055361521700,4.767521728515625,171.94728980357422
1789130055377533700,4.78353369140625,173.94304804957432
1789130055393543400,4.79954345703125,177.53514702719164
1789130055409552000,4.8155517578125,177.7469019227878
1789130055425568000,4.831568115234375,177.55134347519325
1789130055441580500,4.84758056640625,176.71297501149488
1789130055457589200,4.86358935546875,176.37610744968336
1789130055473602300,4.879602294921875,176.31485315334942
1789130055489613800,4.89561376953125,174.80557098858898
1789130055505626400,4.91162646484375,174.67271147947102
1789130055521635300,4.92763525390625,175.98247910585548
1789130055537651500,4.9436513671875,176.30235346684023
1789130055553666000,4.959666015625,177.70939005586217
1789130055569684700,4.975684814453125,176.76745985118512
1789130055585695700,4.99169580078125,173.98146530522942
1789130055601706200,5.007706298828125,174.00049302904603
1789130055617712000,5.023712158203125,175.03025934816716
1789130055633719300,5.03971923828125,175.57416577265494
1789130055649727000,5.05572705078125,175.48601167910394
1789130055665737200,5.0717373046875,174.5328984733448
1789130055681745700,5.08774560546875,173.3759679639083
1789130055697756200,5.103756103515625,173.82480649751335
1789130055713768200,5.119768310546875,172.25965848997748
1789130055729779500,5.135779541015625,172.74027644000725
1789130055745793000,5.15179296875,174.23397721143772
1789130055761803300,5.16780322265625,171.86989734228007
1789130055777812200,5.183812255859375,173.9315482868082
1789130055793819400,5.1998193359375,175.15259268704966
1789130055809827800,5.215827880859375,169.95065124387037
1789130055825834800,5.231834716796875,168.10277400687042
1789130055841842200,5.24784228515625,169.33764215361967
1789130055857853700,5.263853759765625,172.80652982500257
1789130055873865000,5.279864990234375,175.94189628000507
1789130055889875500,5.29587548828125,176.13701712615173
1789130055905881900,5.3118818359375,173.41144531652452
1789130055921891800,5.327891845703125,169.43324926734775
1789130055937902800,5.34390283203125,167.48914136652337
1789130055953908500,5.359908447265625,164.82708512155872
1789130055969910300,5.37591015625,163.34701135765258
1789130055985911800,5.391911865234375,163.33223618120985
1789130056001923600,5.407923583984375,162.51406649798014
1789130056025943000,5.431943115234375,163.53641038000944
1789130056041954000,5.4479541015625,161.05349661718316
1789130056057969200,5.46396923828125,161.66504401507277
1789130056073983000,5.47998291015625,164.20915954453972
1789130056089997300,5.495997314453125,164.25690298250635
1789130056106019000,5.51201904296875,166.56897214652952
1789130056122037800,5.528037841796875,168.7238704448482
1789130056138051000,5.544051025390625,167.12961485813221
1789130056154068200,5.560068115234375,167.0410521284641
1789130056170080500,5.57608056640625,165.54443373255083
1789130056186096000,5.59209619140625,164.20023628136119
1789130056210118000,5.616117919921875,162.59951413529416
1789130056226130400,5.63213037109375,163.61939962237196
1789130056242140700,5.648140625,166.45206183973085
1789130056258157600,5.664157470703125,166.21214751204016
1789130056274169900,5.680169921875,162.37056270065747
1789130056290187500,5.6961875,159.33124112367432
1789130056306203100,5.712203125,161.51135194827077
1789130056322217700,5.7282177734375,162.13129857502656
1789130056338229500,5.7442294921875,163.47248594036674
1789130056354239700,5.76023974609375,164.61586857011392
1789130056370253300,5.77625341796875,166.45802932561094
1789130056386271000,5.79227099609375,166.35862150535783
1789130056402289700,5.80828955078125,164.9256238783456
1789130056418302700,5.824302734375,164.57783872319007
1789130056442325000,5.848324951171875,168.75645949389337
1789130056458337500,5.864337646484375,168.39078822660758
1789130056474352400,5.880352294921875,166.65403405649081
1789130056490369300,5.896369384765625,165.92399576872376
1789130056506388500,5.912388427734375,163.19598349010545
1789130056522403600,5.928403564453125,160.75273804463038
1789130056538422300,5.94442236328125,161.4674427827723
1789130056554447400,5.960447265625,164.45928770838094
1789130056570469400,5.976469482421875,167.00538377655536
1789130056586485200,5.9924853515625,166.35862150535783
1789130056602498800,6.008498779296875,163.31635455698049
1789130056618513700,6.024513671875,163.39302006489055
1789130056634522600,6.040522705078125,163.67903661501856
1789130056650536700,6.05653662109375,162.86372615094712
1789130056666547200,6.072547119140625,163.07890889105352
1789130056682559000,6.08855908203125,164.60878707809587
1789130056698571300,6.1045712890625,165.61860481588909
1789130056714586600,6.120586669921875,165.11953976158537
1789130056730602800,6.136602783203125,162.69219700721047
1789130056746625000,6.152625,161.4736701480081
1789130056762639000,6.16863916015625,161.6548563166782
1789130056778656500,6.184656494140625,160.43287013395837
1789130056794674200,6.200674072265625,160.2600314906204
1789130056810691600,6.216691650390625,160.58453432633738
1789130056826713600,6.232713623046875,160.94488699166925
1789130056842733600,6.248733642578125,160.56829121393034
1789130056858753800,6.26475390625,160.42687489323254
1789130056874777000,6.280777099609375,163.16833125157814
1789130056890794800,6.296794677734375,164.82460596453802
1789130056906809900,6.312809814453125,164.6667152803953
1789130056922824400,6.328824462890625,162.79804846941477
1789130056938843400,6.344843505859375,161.01237606512004
1789130056954864600,6.36086474609375,160.69630674181573
1789130056970892500,6.376892578125,160.24597365390423
1789130056986915600,6.39291552734375,162.62775167771287
1789130057002940400,6.4089404296875,161.94261264959718
1789130057018963500,6.42496337890625,159.2416753832003
1789130057034986500,6.440986572265625,159.7452290605575
1789130057051007000,6.457007080078125,159.51786086766558
1789130057067026400,6.4730263671875,160.00328382540158
1789130057083044600,6.489044677734375,161.92604517331768
1789130057099060500,6.505060546875,160.20112378368205
1789130057115079400,6.521079345703125,158.61720680150313
1789130057131096000,6.537095947265625,159.3173949624644
1789130057147112700,6.55311279296875,162.49780448267106
1789130057163127800,6.5691279296875,165.8849460337394
1789130057179148800,6.585148681640625,164.61586857011392
1789130057195169500,6.60116943359375,162.71181064555188
1789130057211193300,6.617193359375,161.75414604278208
1789130057227213800,6.6332138671875,161.1849859815326
1789130057243234800,6.64923486328125,160.9692753368664
1789130057259252000,6.665251953125,162.11643699576476
1789130057275270400,6.6812705078125,168.34615931179857
1789130057291291100,6.697291015625,174.60694164028672
1789130057307317000,6.71331689453125,173.88449631887323
1789130057323337200,6.729337158203125,171.97512384020416
1789130057339354000,6.74535400390625,171.4520468052105
1789130057355375400,6.761375244140625,171.9952705322361
1789130057371395600,6.7773955078125,172.82949317363716
1789130057387413500,6.79341357421875,171.35139770452167
1789130057403433000,6.809432861328125,171.0745306137557
1789130057419447800,6.82544775390625,171.7667548300515
1789130057435466800,6.841466796875,171.21135456452262
1789130057451487200,6.8574873046875,170.63155432645928
1789130057467503400,6.87350341796875,168.46537925532252
1789130057483516400,6.889516357421875,167.49070084852048
1789130057499533000,6.905532958984375,169.155876460582
1789130057515553300,6.92155322265625,170.56983078250454
1789130057531573200,6.9375732421875,172.38025510250787
1789130057547594800,6.9535947265625,173.43236340703103
1789130057563623200,6.969623046875,173.30131890229674
1789130057579647200,6.985647216796875,175.46534385033053
1789130057595674600,7.001674560546875,175.33314166780954
1789130057611699200,7.01769921875,174.6896882028826
1789130057627718000,7.0337177734375,174.82171496050276
1789130057643738600,7.049738525390625,175.14339590190207
1789130057659759900,7.065759765625,176.71297501149488
1789130057675784400,7.081784423828125,178.03858250025598
1789130057691810300,7.097810302734375,176.6906636714321
1789130057707832600,7.11383251953125,172.6174236991711
1789130057723855400,7.12985546875,171.74056204332354
1789130057739876600,7.145876708984375,172.8523104152341
1789130057755899000,7.16189892578125,177.64670329650002
1789130057771919400,7.17791943359375,181.20183302341465
1789130057787941000,7.193941162109375,178.85040628941255
1789130057803965000,7.20996484375,179.4193194465856
1789130057819983600,7.225983642578125,182.78302086339377
1789130057836003000,7.242003173828125,183.73565927520133
1789130057852015600,7.258015625,184.01417536767352
1789130057868028700,7.274028564453125,182.78302086339377
1789130057884047600,7.290047607421875,183.05559361157438
1789130057900070400,7.3060703125,181.99556127636762
1789130057916094000,7.322093994140625,181.92842223141602
1789130057932123400,7.338123291015625,181.98863787840682
1789130057948145000,7.354144775390625,181.61353899070198
1789130057964160800,7.370160888671875,182.4453091683551
1789130057980171500,7.386171630859375,183.11084067137062
1789130057996188200,7.402188232421875,181.3547151912978
1789130058012206600,7.41820654296875,179.42706132697862
1789130058028220700,7.434220703125,182.5354260898203
1789130058044233500,7.4502333984375,182.33298234873854
1789130058060248800,7.466248779296875,182.52611685019255
1789130058076259800,7.482259765625,184.26789306701932
1789130058092274000,7.49827392578125,183.60275640874963
1789130058108283400,7.514283447265625,181.04542729481136
1789130058124299300,7.53029931640625,179.37269906015257
1789130058140318700,7.546318603515625,179.34893961487117
1789130058156337700,7.562337646484375,178.32148310181918
1789130058172353000,7.57835302734375,179.37269906015257
1789130058188374300,7.594374267578125,181.47419831998906
1789130058204396300,7.610396240234375,180.82138858548444
1789130058220414500,7.62641455078125,181.03410754970363
1789130058236435500,7.642435546875,179.7953730813152
1789130058252451800,7.658451904296875,177.03906387933597
1789130058268473600,7.6744736328125,177.97625622677734
1789130058284494600,7.69049462890625,177.4922984621063
1789130058300518400,7.706518310546875,177.9174348442904
1789130058316538400,7.722538330078125,178.9621465350827
1789130058332555300,7.73855517578125,179.1219725115955
1789130058348574700,7.75457470703125,182.29060990625294
1789130058364593400,7.770593505859375,181.32707793702323
1789130058380609300,7.786609375,176.44970342296824
1789130058396620500,7.80262060546875,171.95093822241174
1789130058412639200,7.81863916015625,173.87749634524997
1789130058428661800,7.834661865234375,179.78047701750805
1789130058444684800,7.850684814453125,178.4695607989277
1789130058460704800,7.866704833984375,174.0118517288435
1789130058476728600,7.882728515625,174.19327287436943
1789130058492744200,7.898744140625,175.5391519862074
1789130058508761000,7.914760986328125,174.88268534499593
1789130058524783000,7.930783203125,176.88191111051097
1789130058540799500,7.946799560546875,176.95291054010403
1789130058556815400,7.9628154296875,176.18592516570965
1789130058572832000,7.97883203125,176.6854142588489
1789130058588853000,7.99485302734375,177.15940925117923
1789130058604868600,8.01086865234375,178.24435722050276
1789130058620884000,8.026884033203125,177.83892058866286
1789130058636898300,8.042898193359376,178.32148310181918
1789130058652912000,8.058912109375,178.12553456971804
1789130058668931000,8.07493115234375,174.1140120153334
1789130058692952800,8.098952880859375,172.28432665048237
1789130058708969000,8.114968994140625,173.45703211586073
1789130058724982300,8.130982177734374,175.94477082734946
1789130058740996900,8.146996826171875,177.02075146526005
1789130058757011000,8.163010986328125,176.8201697400293
1789130058773031000,8.179031005859375,175.51956036281695
1789130058789049000,8.195049072265626,174.93903884447448
1789130058805066800,8.211066650390626,175.92887373605436
1789130058821085700,8.227085693359374,173.24383536339647
1789130058837104000,8.243104248046874,174.4850884597161
1789130058853119500,8.259119384765626,179.79390097099326
1789130058869132300,8.27513232421875,179.3538344233264
1789130058885145900,8.291145751953126,176.43673182145892
1789130058901153300,8.3071533203125,174.69489034772297
1789130058917164300,8.323164306640624,173.3951649803652
1789130058933176800,8.3391767578125,176.5255925398819
1789130058949190400,8.3551904296875,177.15786221772905
1789130058965205000,8.371205078125,176.14547163983198
1789130058981216800,8.387216796875,180.21785362391427
1789130058997228500,8.403228515625,180.4441444363183
1789130059013240300,8.419240234375,179.78297156399503
1789130059029256000,8.435255859375,183.0355691836905
1789130059045269000,8.45126904296875,181.88818797012283
1789130059061279700,8.46727978515625,178.56277302888904
1789130059077297000,8.483296875,182.85145621405707
1789130059093308200,8.49930810546875,185.09429670665992
1789130059109321700,8.51532177734375,181.63075616345304
1789130059125337900,8.531337890625,180.5968094676968
1789130059141351700,8.5473515625,181.66631632462915
1789130059157364700,8.56336474609375,181.67239426943226
1789130059173379300,8.57937939453125,183.05559361157438
1789130059189395500,8.5953955078125,184.7636418272617
1789130059205412600,8.61141259765625,183.35415760813817
1789130059221430000,8.627429931640625,182.26591697942234
1789130059237444400,8.6434443359375,182.85223571144152
1789130059253459000,8.659458984375,185.1203556126767
1789130059269480200,8.675480224609375,184.79825086522524
1789130059285503500,8.69150341796875,181.91624430963975
1789130059301521400,8.707521484375,182.9573004814424
1789130059317542000,8.7235419921875,187.78513996596217
1789130059333557000,8.739556884765625,190.1478182631425
1789130059349566500,8.75556640625,187.0480747523549
1789130059365578500,8.77157861328125,185.440332109717
1789130059381592000,8.787592041015625,190.22573648375624
1789130059397608700,8.803608642578125,191.35330546023954
1789130059413620700,8.819620849609375,187.15103599686245
1789130059429633000,8.835633056640624,184.52476816250945
1789130059445643300,8.851643310546875,183.28218449141534
1789130059461652700,8.86765283203125,186.5981735363878
1789130059477664800,8.883664794921875,188.49855865391953
1789130059493677800,8.899677734375,185.8347886276906
1789130059509689300,8.915689453125,183.800778051234
1789130059525699600,8.931699462890625,184.91656586229357
1789130059541710300,8.94771044921875,185.8347886276906
1789130059557716200,8.96371630859375,187.15182742346565
1789130059573727500,8.9797275390625,187.49585728547842
1789130059589737500,8.995737548828124,187.52382027931532
1789130059605745400,9.011745361328124,187.79432870694242
1789130059621753600,9.027753662109374,186.8427730698483
1789130059637766100,9.04376611328125,187.74636534875026
1789130059653776600,9.059776611328125,188.249344188151
1789130059669784600,9.07578466796875,187.38604333555568
1789130059685798000,9.0917978515625,183.13350224832575
1789130059701809200,9.10780908203125,181.4119340766878
1789130059717821000,9.123821044921876,184.59780779515492
1789130059733833200,9.139833251953124,185.91312274305793
1789130059749849300,9.155849365234374,188.61564810752373
1789130059765858600,9.171858642578124,189.2814648046782
1789130059781877800,9.187877685546875,189.24096184667022
1789130059797895700,9.203895751953125,189.4255944746465
1789130059813907000,9.219906982421875,186.13725587119376
1789130059829915400,9.235915283203125,187.3323269809528
1789130059845932300,9.251932373046875,187.67896305457523
1789130059861949200,9.26794921875,186.31773195459417
1789130059877965000,9.283965087890625,187.83926348433047
1789130059893981000,9.29998095703125,189.4623230284688
1789130059909991700,9.31599169921875,189.32359135835054
1789130059926003200,9.332003173828125,185.91312274305793
1789130059942020400,9.348020263671875,184.79679880376185
1789130059958034400,9.364034423828125,188.53076560994813
1789130059974045000,9.380044921875,190.32525860340158
1789130059990055000,9.396054931640625,188.96131050795864
1789130060006072000,9.412072021484375,190.28537776137057
1789130060022083800,9.428083740234374,188.680418288942
1789130060038098200,9.44409814453125,187.17724621977527
1789130060054116900,9.460116943359376,190.2466586237824
1789130060070132200,9.47613232421875,189.21102649451814
1789130060086147000,9.49214697265625,187.33860656759816
1789130060102163700,9.508163818359375,189.38737689508682
1789130060118180600,9.5241806640625,191.5392974654986
1789130060134199800,9.54019970703125,192.01616179057126
1789130060150214400,9.55621435546875,191.05145726760338
1789130060166231300,9.572231201171874,190.60587243506075
1789130060182248700,9.588248779296874,190.68910471795024
1789130060198269200,9.604269287109375,190.00798046357752
1789130060222290200,9.628290283203125,190.68910471795024
1789130060238304300,9.64430419921875,192.62945895675793
1789130060254319000,9.660319091796875,193.2405197552296
1789130060270333700,9.676333740234375,190.42580849065
1789130060286351600,9.6923515625,190.71312240349118
1789130060302368800,9.70836865234375,193.9812039257236
1789130060318382000,9.724382080078126,195.27548665207377
1789130060334396700,9.740396728515625,191.52581622543795
1789130060350414800,9.756414794921875,189.46232220802563
1789130060366437000,9.77243701171875,190.64732746408893
1789130060382457600,9.78845751953125,189.46232220802563
1789130060398470400,9.804470458984374,182.99034489613422
1789130060414486500,9.820486572265626,180.2091077444639
1789130060430504400,9.83650439453125,187.489952572732
1789130060446524000,9.85252392578125,193.75147624816734
1789130060462539000,9.8685390625,192.06319712943366
1789130060478556200,9.88455615234375,190.42580849065
1789130060494570200,9.9005703125,189.10733463561678
1789130060510586400,9.91658642578125,189.42644482987194
1789130060526599700,9.932599609375,187.9739828552952
1789130060542615000,9.948614990234375,183.6567870130735
1789130060558632700,9.9646328125,186.21781712638926
1789130060574645500,9.9806455078125,189.16943926036768
1789130060590658800,9.996658935546876,187.42202284745886
1789130060606677200,10.01267724609375,187.2334794980622
1789130060622693600,10.028693603515626,188.00120304330247
1789130060638712000,10.044712158203126,187.32317294059646
1789130060654731800,10.060731689453124,183.7722835363814
1789130060670748200,10.076748046875,183.35415760813817
1789130060686770000,10.09277001953125,187.489952572732
1789130060710801700,10.1168017578125,184.72952680847914
1789130060726818300,10.132818359375,182.43664813107037
1789130060742831900,10.148831787109375,178.789705812739
1789130060758841300,10.16484130859375,176.6906636714321
1789130060774850800,10.180850830078125,180.20033407431143
1789130060790867200,10.1968671875,184.67549434778985
1789130060806885000,10.212885009765625,182.70651276857615
1789130060822901000,10.22890087890625,182.24175072221578
1789130060838909400,10.244909423828124,183.71796407966508
1789130060854926300,10.26092626953125,183.52463510933836
1789130060870941700,10.276941650390626,184.15964204664888
1789130060886951400,10.292951416015624,185.62462811909256
1789130060902960600,10.308960693359374,186.82532653306993
1789130060918974000,10.324973876953125,183.7449269097437
1789130060934985500,10.3409853515625,180.19757087033213
1789130060950996000,10.356995849609374,182.17975586244683
1789130060967006000,10.373005859375,184.98772130143794
1789130060983020500,10.3890205078125,186.22195879308205
1789130060999032000,10.405031982421875,187.91890252044996
1789130061015037200,10.421037109375,186.0416591617981
1789130061031044900,10.437044921875,188.01123207221988
1789130061047052800,10.453052734375,188.59122521333347
1789130061063061800,10.469061767578125,185.12316546193182
1789130061079080200,10.485080078125,184.89909246531903
1789130061095097600,10.50109765625,188.04062457507194
1789130061111113000,10.517113037109375,188.60312179082123
1789130061127131600,10.533131591796876,187.4405472124092
1789130061143154700,10.54915478515625,190.8262496594436
1789130061159173400,10.56517333984375,188.7794056172425
1789130061175189500,10.581189453125,185.25140191950015
1789130061191207400,10.59720751953125,184.78088385838893
1789130061207228200,10.613228271484376,184.79679880376185
1789130061223251000,10.6292509765625,183.84094908052182
1789130061239269600,10.64526953125,182.10551410280718
1789130061255280600,10.66128076171875,183.1798302599707
1789130061271289000,10.6772890625,183.7449269097437
1789130061287299300,10.69329931640625,183.8424528754638
1789130061303313200,10.709313232421875,185.09429670665992
1789130061319331300,10.725331298828126,185.09429670665992
1789130061335347200,10.74134716796875,181.90915243299636
1789130061351363800,10.75736376953125,182.99034489613422
1789130061367378400,10.77337841796875,187.77543415125749
1789130061383393800,10.789393798828126,186.69637778920907
1789130061399413200,10.805413330078125,182.73631894110093
1789130061415430400,10.821430419921874,181.23197736646148
1789130061431453200,10.837453125,182.59275459086024
1789130061447478500,10.853478515625,183.55029657703176
1789130061463503000,10.869503173828125,183.44982582437382
1789130061479522300,10.885522216796875,180.9911775072234
1789130061495539200,10.901539306640625,182.21031876342164
1789130061511558400,10.917558349609376,181.90211261363035
1789130061527580000,10.933579833984375,181.7623910488962
1789130061551609000,10.957609130859375,186.0206563280114
1789130061567630600,10.973630615234375,184.89276884394542
1789130061583650600,10.989650634765624,181.6908972013899
1789130061599673000,11.005673095703125,183.09405797008415
1789130061615692500,11.021692626953126,184.06952234706299
1789130061631715600,11.037715576171875,182.78748066042382
1789130061647732700,11.053732666015625,183.57633437499734
1789130061663748400,11.069748291015625,181.56019963052537
1789130061679757800,11.0857578125,178.3575603123096
1789130061695779000,11.101779052734376,179.79240750229894
1789130061719815200,11.125815185546875,180.21378922611294
1789130061735838200,11.141838134765624,182.59275459086024
1789130061751859000,11.15785888671875,178.52036429609774
1789130061767875800,11.173875732421875,177.33699926976914
1789130061783893000,11.18989306640625,179.33637202692302
1789130061799914800,11.205914794921876,179.7870055149948
1789130061815935500,11.221935546875,177.27368896647087
1789130061831950600,11.23795068359375,176.3217613705519
1789130061847967700,11.2539677734375,179.3414568443666
1789130061863981800,11.26998193359375,181.1102443098845
1789130061879996400,11.285996337890625,180.43903952014648
1789130061896012300,11.30201220703125,181.33221983592242
1789130061912025900,11.31802587890625,181.1102443098845
1789130061928032500,11.334032470703125,180.88140400920892
1789130061944042800,11.350042724609375,181.30195268237378
1789130061960055800,11.366055908203125,181.34788728938446
1789130061976061000,11.38206103515625,178.29653836362147
1789130061992071400,11.398071533203124,177.10664629496333
1789130062008081000,11.414080810546874,181.15036302508244
1789130062024084700,11.430084716796875,181.68468429681283
1789130062048091000,11.4540908203125,178.1960048970198
1789130062064103700,11.470103759765625,176.86975516549015
1789130062080118300,11.4861181640625,179.76709160384846
1789130062096141300,11.502141357421875,183.13966018419103
1789130062112158500,11.518158447265625,181.14576276990053
1789130062128175600,11.534175537109375,179.56263612315155
1789130062144186400,11.550186279296875,178.66259835451658
1789130062160203000,11.566203125,172.2253994807434
1789130062176210200,11.582210205078125,166.48161708379303
1789130062192222000,11.598221923828126,165.42185225995175
1789130062208234000,11.61423388671875,165.96375653207352
1789130062224252000,11.630251953125,169.36709155526302
1789130062240269800,11.646269775390625,172.67682705940354
1789130062264292400,11.670292236328125,169.40847177946685
1789130062280308700,11.686308837890625,169.18359739604907
1789130062296323600,11.702323486328124,169.48255423541616
1789130062312336000,11.7183359375,170.4230097457616
1789130062328349700,11.734349609375,169.3271332236115
1789130062344359000,11.75035888671875,169.06618287413767
1789130062360361700,11.76636181640625,167.75366715991842
1789130062376368000,11.7823681640625,165.5792267977768
1789130062392369700,11.79836962890625,164.72451334792623
1789130062408374500,11.81437451171875,162.6705078926301
1789130062424378600,11.830378662109375,163.6543135855253
1789130062440387000,11.846386962890625,169.87532809444647
1789130062456393200,11.862393310546874,176.31651358786925
1789130062472402700,11.878402587890625,176.64759289291598
1789130062488408800,11.894408935546876,175.99817347360656
1789130062504413400,11.910413330078125,172.55859457924922
1789130062520423200,11.926423095703125,174.97853904876925
1789130062536424400,11.942424560546876,176.87350553127175
1789130062552419800,11.958419921875,174.76045626721245
1789130062568427300,11.97442724609375,173.37922395350236
1789130062584434000,11.990433837890626,174.73760439194893
1789130062600436500,12.0064365234375,174.48015357150862
1789130062616441300,12.02244140625,174.38639497459508
1789130062632448500,12.038448486328125,174.36245695148665
1789130062648459300,12.054459228515626,173.3046168367698
1789130062664472300,12.070472412109375,174.49765958331082
1789130062680483300,12.0864833984375,174.48852260133648
1789130062696493800,12.102493896484376,173.68656945120713
1789130062712503300,12.11850341796875,171.30721848036458
1789130062728512000,12.134511962890626,167.65357916318976
1789130062744520700,12.150520751953126,164.02127365347295
1789130062760527000,12.166527099609375,170.10332748821386
1789130062776540700,12.182540771484375,178.51213249835382
1789130062792555800,12.1985556640625,176.5167284473873
1789130062808571600,12.214571533203125,174.18901993436495
1789130062824578000,12.230578125,176.663663448358
1789130062840589300,12.24658935546875,176.86364162101856
1789130062856600300,12.262600341796874,174.03166773733926
1789130062872612000,12.278612060546875,174.49765958331082
1789130062888623400,12.294623291015625,173.97731308788468
1789130062904631300,12.31063134765625,173.6598082540901
1789130062920643300,12.326643310546874,175.48601164645984
1789130062936657000,12.342656982421875,171.8698979060417
1789130062952667600,12.358667724609376,171.76752274772707
1789130062968675300,12.37467529296875,171.0007488723065
1789130062984684800,12.390684814453126,170.2514060286897
1789130063000697000,12.406697021484375,172.17997392237208
1789130063016712700,12.422712646484374,173.24642562757882
1789130063032720100,12.43872021484375,170.86982387158048
1789130063048727300,12.454727294921875,163.7676490922261
1789130063064736500,12.470736572265626,166.66316187840084
1789130063080751900,12.486751953125,174.70991912363593
1789130063096766500,12.502766357421875,174.52263105950044
1789130063112780500,12.518780517578126,171.49318282576183
1789130063128793000,12.53479296875,171.0897189414029
1789130063144800800,12.55080078125,167.374163502652
1789130063160811800,12.566811767578125,167.44570527502674
1789130063176829400,12.582829345703125,174.2321114987487
1789130063192845600,12.598845458984375,173.51083380348888
1789130063208863000,12.614863037109375,170.53767809964057
1789130063224878600,12.630878662109374,171.06592225895344
1789130063240891600,12.6468916015625,171.79529350686812
1789130063256901000,12.662901123046876,170.76009832119908
1789130063272905700,12.67890576171875,168.9465372835661
1789130063288917800,12.694917724609375,167.47119229084848
1789130063304933600,12.71093359375,168.69006710899632
1789130063320941000,12.726941162109375,168.58416015199276
1789130063336953900,12.742953857421876,170.22677416075493
1789130063352965400,12.75896533203125,173.75368441799023
1789130063368981500,12.7749814453125,168.84177734894055
1789130063384999400,12.79099951171875,164.31254636372782
1789130063401016800,12.807016845703124,168.49518427140134
1789130063417025500,12.823025634765624,172.50414220528515
1789130063433036000,12.8390361328125,172.3380491103442
1789130063449043200,12.855043212890624,174.04754078968017
1789130063465053200,12.87105322265625,174.04754078968017
1789130063481060900,12.887060791015625,175.39370217984325
1789130063497064000,12.90306396484375,175.05403362004128
1789130063513064700,12.919064697265625,172.67359298940025
1789130063529066200,12.935066162109376,172.40535652488657
1789130063545070300,12.9510703125,175.55589396644194
1789130063561078500,12.96707861328125,176.03534536321538
1789130063577093600,12.98309375,176.38903539261335
1789130063593099500,12.999099609375,175.3093155725154
1789130063609109500,13.015109619140626,172.9421532891024
1789130063625121000,13.03112109375,171.79764575084883
1789130063641127400,13.04712744140625,168.8869596737597
1789130063657129000,13.06312890625,170.53767746811525
1789130063673133000,13.079133056640625,172.0151332933004
1789130063689140500,13.095140380859375,174.8301719434579
1789130063705149000,13.11114892578125,175.30508583686017
1789130063721155000,13.127155029296874,173.90413859332352
1789130063737155000,13.143155029296874,175.55875878656906
1789130063753158400,13.159158447265625,176.29945691676238
1789130063777167600,13.183167724609374,174.67176555735125
1789130063793178400,13.199178466796875,174.40639632918868
1789130063809189400,13.215189453125,172.84091988031278
1789130063825195000,13.231195068359375,174.6266022769983
1789130063841204000,13.247203857421875,176.90594196595612
1789130063857209900,13.2632099609375,173.95943525516566
1789130063873212200,13.279212158203125,171.58362505542738
1789130063889218000,13.295218017578126,170.31121401868583
1789130063905228800,13.311228759765624,169.768956581715
1789130063921236200,13.327236328125,165.08524910532626
1789130063937243000,13.343242919921876,160.29864015263752
1789130063953252000,13.359252197265626,158.76157032498955
1789130063969265000,13.375264892578125,157.81803375116345
1789130063985279500,13.391279541015624,162.69150801992328
1789130064001291000,13.407291015625,172.4053567843632
1789130064017301800,13.4233017578125,175.97577151599495
1789130064033320200,13.4393203125,171.83019151701782
1789130064049335000,13.4553349609375,168.53423142876892
1789130064065345000,13.471344970703125,171.4163782524317
1789130064081358300,13.4873583984375,176.90594196595612
1789130064097374000,13.5033740234375,177.21483363097795
1789130064113384400,13.519384521484374,174.2321114987487
1789130064129395500,13.5353955078125,177.38258669515795
1789130064145406200,13.55140625,181.8357746984896
1789130064161416200,13.567416259765626,177.39743772415196
1789130064177431800,13.583431884765625,175.93663398677404
1789130064193447400,13.599447509765625,175.65254334790473
1789130064209461000,13.6154609375,173.21829645697198
1789130064225475300,13.631475341796875,170.8858246341888
1789130064241491500,13.647491455078125,168.8660003924617
1789130064257498600,13.66349853515625,170.1093950814852
1789130064273506600,13.679506591796875,174.86744544270306
1789130064289515000,13.695514892578124,178.2321729246432
1789130064305524200,13.711524169921875,175.91438336448766
1789130064321535200,13.72753515625,172.61395638801167
1789130064337548800,13.743548828125,172.3331955176526
1789130064353562600,13.759562744140625,166.45206183973085
1789130064369576200,13.775576171875,163.62798707185618
1789130064385589000,13.791589111328125,166.7989120842421
1789130064401604000,13.80760400390625,165.3080401064001
1789130064417618000,13.823617919921874,167.66091255192694
1789130064433630000,13.8396298828125,170.47774552466984
1789130064449641700,13.855641845703126,170.30261901509692
1789130064465650200,13.871650146484376,168.20275189549275
1789130064481659600,13.88765966796875,166.47683888403034
1789130064497669000,13.903669189453124,165.54060457946656
1789130064513684500,13.9196845703125,165.51823036996936
1789130064529696000,13.935696044921874,171.28526746884089
1789130064545703700,13.95170361328125,173.88449631887323
1789130064561712400,13.96771240234375,174.40844236830776
1789130064577726700,13.983726806640625,175.45624227659434
1789130064593745400,13.999745361328126,172.1582964283818
1789130064609760000,14.015760009765625,168.98817003346068
1789130064625775000,14.031775146484375,172.13597495900152
1789130064641794800,14.047794921875,172.79394307263266
1789130064657815800,14.06381591796875,170.80641813315225
1789130064673836500,14.07983642578125,170.47774552466984
1789130064689856000,14.09585595703125,174.55966795072217
1789130064705871600,14.11187158203125,174.6772493488322
1789130064721890600,14.127890625,170.28120742246796
1789130064737904400,14.143904296875,170.6365484657837
1789130064753917700,14.159917724609375,171.37481628097186
1789130064769933000,14.17593310546875,171.5056240317713
1789130064785947400,14.191947509765624,171.0982843219398
1789130064801959000,14.207958984375,172.53943419105747
1789130064817967000,14.223967041015625,177.5973906129807
1789130064833974000,14.23997412109375,176.58905508444377
1789130064849988400,14.25598828125,173.2695160437276
1789130064866004200,14.272004150390625,174.77180790976894
1789130064882020900,14.288020751953125,172.65877404533927
1789130064898038500,14.30403857421875,173.8844968165191
1789130064914054000,14.320053955078125,176.88493520201422
1789130064930071600,14.336071533203125,179.17565721265782
1789130064946087700,14.352087646484375,180.37694047590193
1789130064962104300,14.368104248046874,177.75425737219769
1789130064978118700,14.38411865234375,180.36964504600417
1789130064994129200,14.400129150390624,182.8271247144639
1789130065010138000,14.41613818359375,185.71059298722042
1789130065026150100,14.432150146484375,186.7304839562724
1789130065042158800,14.448158935546875,181.9305874752605
1789130065058172400,14.46417236328125,182.03331570424564
1789130065074190300,14.4801904296875,185.25380284447306
1789130065090206000,14.4962060546875,182.92734793309438
1789130065106218800,14.51221875,179.34893960139794
1789130065122228000,14.52822802734375,178.49256428061483
1789130065138237200,14.5442373046875,180.3031494328593
1789130065154251300,14.560251220703124,181.26599901211628
1789130065170267000,14.576266845703126,178.7269700308635
1789130065186277600,14.592277587890624,180.67802493640588
1789130065202284500,14.608284423828126,181.47827259335693
1789130065218293000,14.62429296875,179.29701957378376
1789130065234300000,14.6402998046875,181.39718097442196
1789130065250306800,14.656306884765625,175.2665618804197
1789130065266313700,14.672313720703125,172.91671363128563
1789130065282321400,14.6883212890625,178.93250034534452
1789130065298337000,14.7043369140625,177.11962249992726
1789130065314351000,14.72035107421875,176.65318163178395
1789130065330367500,14.736367431640625,177.35237042295165
1789130065346379500,14.752379638671876,177.39743772415196
1789130065362388700,14.768388671875,181.7047282303527
1789130065378400500,14.784400390625,182.84465558615477
1789130065394410800,14.80041064453125,179.31385578354437
1789130065410420000,14.816419921875,177.99044631820752
1789130065426433500,14.83243359375,181.42320483730657
1789130065442446800,14.84844677734375,176.12147562193732
1789130065458461400,14.86446142578125,175.53284086494804
1789130065474475800,14.880475830078124,179.08089519960637
1789130065490486300,14.896486328125,177.35237042295165
1789130065506497500,14.91249755859375,177.69623965475344
1789130065522507800,14.9285078125,178.74783260058825
1789130065538515500,14.944515380859375,179.00653119742643
1789130065554529300,14.960529296875,177.00469683519407
1789130065570538800,14.976538818359375,175.3999042926432
1789130065586547000,14.992546875,175.33945462430526
1789130065602555400,15.008555419921874,177.21483363097795
1789130065618567700,15.024567626953125,178.35402253436925
1789130065634577700,15.04057763671875,174.8347590144724
1789130065650586400,15.05658642578125,173.20405596288794
1789130065666597600,15.07259765625,177.2297843603726
1789130065682611000,15.08861083984375,176.74805442894146
1789130065698625300,15.104625244140625,175.9586442793954
1789130065714637800,15.120637939453125,174.75286114539915
1789130065730646800,15.136646728515625,172.50414211229415
1789130065746661400,15.152661376953125,173.65980873997754
1789130065762673000,15.1686728515625,172.23483392384827
1789130065778687000,15.18468701171875,175.65676002564126
1789130065794696200,15.2006962890625,175.91438336448766
1789130065810708500,15.21670849609375,175.26441682840007
1789130065826714600,15.232714599609375,180
1789130065842719500,15.248719482421874,177.81141755142724
1789130065858724400,15.264724365234375,175.62920318477916
1789130065874732000,15.28073193359375,177.81141755142724
1789130065890734000,15.296734130859376,176.87786963793835
1789130065906740200,15.312740234375,178.98302195184874
1789130065922752500,15.32875244140625,178.71267100909793
1789130065938765300,15.344765380859375,172.15657842486092
1789130065954780200,15.3607802734375,169.82448944698606
1789130065970790100,15.3767900390625,171.5288554300036
1789130065986799000,15.392799072265625,174.6854542919063
1789130066002809000,15.40880908203125,176.1859252115007
1789130066018813400,15.4248134765625,173.86274433048249
1789130066034815500,15.4408154296875,173.42944197943064
1789130066050821600,15.456821533203126,174.22567415424075
1789130066066826200,15.472826171875,173.87306700528248
1789130066082834000,15.488833984375,176.20883451828655
1789130066098840800,15.5048408203125,177.8789035448609
1789130066114851000,15.52085107421875,177.3214488640064
1789130066130867000,15.536866943359374,173.15722663866987
1789130066146881300,15.55288134765625,171.15818586518574
1789130066162897700,15.568897705078125,173.97442517232065
1789130066178911500,15.584911376953125,173.06986663345523
1789130066194928400,15.600928466796875,174.482863846243
1789130066210949600,15.61694970703125,173.7325187417213
1789130066226968300,15.63296826171875,171.42228327002917
1789130066242982700,15.648982666015625,168.11134303398464
1789130066258992600,15.66499267578125,166.33677090921793
1789130066275005200,15.681005126953124,171.04336431334713
1789130066291022000,15.69702197265625,170.59077854124118
1789130066307036000,15.713035888671875,169.86425028478385
1789130066323045600,15.729045654296876,170.18648185977926
1789130066339053800,15.7450537109375,168.18502387800015
1789130066355061000,15.76106103515625,167.0053827817296
1789130066371073800,15.77707373046875,167.88313809171834
1789130066387084800,15.793084716796875,170.9914967203891
1789130066403097000,15.80909716796875,172.74680516508243
1789130066419105300,15.825105224609375,172.96205915991032
1789130066435118000,15.8411181640625,171.91736707530129
1789130066451126300,15.857126220703124,170.53767759348008
1789130066467137800,15.8731376953125,168.7526857827516
1789130066483144200,15.889144287109374,167.57956980855226
1789130066499148800,15.905148681640625,167.43653104767702
1789130066515155000,15.921155029296875,171.33261295240771
1789130066531161900,15.937161865234375,171.06438612226455
1789130066547173400,15.95317333984375,169.38034438018752
1789130066563182300,15.969182373046875,169.15265286963034
1789130066579192300,15.9851923828125,171.43548138974023
1789130066595202000,16.0012021484375,172.65877404533927
1789130066611208700,16.017208740234373,169.43898971965157
1789130066627214300,16.03321435546875,168.49801553038478
1789130066643220200,16.04922021484375,170.53767736760722
1789130066659228000,16.065227783203124,172.63740707179102
1789130066675240200,16.081240234375,169.49699687687766
1789130066691251200,16.097251220703125,170.6470208649551
1789130066707256300,16.11325634765625,172.91671363128563
1789130066723264300,16.12926416015625,171.32682583493875
1789130066747278800,16.15327880859375,166.6075021919635
1789130066763287000,16.169287109375,159.923540776501
1789130066779298000,16.185298095703125,162.33811036982928
1789130066795306500,16.201306396484377,169.46728768227914
1789130066811316500,16.21731640625,171.32682583493875
1789130066827327700,16.23332763671875,167.84040433124412
1789130066843340000,16.249340087890626,166.1631602837165
1789130066859352000,16.26535205078125,167.94323773297967
1789130066875361500,16.281361572265624,170.39026221263063
1789130066891372500,16.29737255859375,173.06986663345523
1789130066907387600,16.3133876953125,172.71833134457418
1789130066923402200,16.32940234375,173.47046410717235
1789130066939417300,16.345417236328124,178.4925642559962
1789130066955428900,16.361428955078125,174.49452228527915
1789130066971430100,16.37743017578125,167.05349072720662
1789130066987438000,16.39343798828125,166.440547682771
1789130067003441700,16.409441650390626,172.24996314270976
1789130067019446300,16.4254462890625,174.74219082679673
1789130067035449900,16.441449951171876,174.89783484367598
1789130067051457000,16.45745703125,174.74619715552694
1789130067067473000,16.473472900390625,171.9605553636631
1789130067083487000,16.489487060546875,170.01059200345807
1789130067099500300,16.505500244140624,170.26301110237762
1789130067115512800,16.521512939453125,169.63754112816926
1789130067131523600,16.537523681640625,169.5861741943963
1789130067147534300,16.553534423828125,173.03903682209582
1789130067163539700,16.569539794921877,171.45304039436598
1789130067179541000,16.585541015625,166.9843568364923
1789130067195547000,16.601546875,167.23233624048183
1789130067211560700,16.617560791015624,169.10310934512307
1789130067227572700,16.63357275390625,169.34315208358302
1789130067243584500,16.64958447265625,170.53767759348008
1789130067259593000,16.665593017578125,171.61675150055262
1789130067275600100,16.68160009765625,171.61675150055262
1789130067291607300,16.697607177734376,169.72128058642804
1789130067307621400,16.713621337890626,168.11134226232556
1789130067323636000,16.729635986328127,165.58780512251002
1789130067339648800,16.745648681640624,164.82708512155872
1789130067355663400,16.761663330078125,168.26922433532425
1789130067371673000,16.777673095703125,166.23921464219669
1789130067387686000,16.793685791015626,166.59412471837797
1789130067403697400,16.809697509765623,168.74776735782237
1789130067419714000,16.825714111328125,168.5696978109484
1789130067435725800,16.841725830078126,172.8749836510982
1789130067451736300,16.857736328125,171.78079119163397
1789130067467747600,16.87374755859375,169.84573368188822
1789130067483758800,16.8897587890625,171.20626964243723
1789130067499766800,16.905766845703123,168.62675735596056
1789130067515776800,16.92177685546875,167.2367859704212
1789130067531788500,16.93778857421875,170.85835969584397
1789130067547798300,16.95379833984375,169.04593796555648
1789130067563805400,16.969805419921876,168.6900684989412
1789130067579811300,16.985811279296875,168.81462374984696
1789130067595815200,17.001815185546874,166.56897111332447
1789130067611820000,17.017820068359374,168.97286765456047
1789130067627827000,17.033826904296873,170.18648185977926
1789130067643836000,17.0498359375,170.38543026317902
1789130067659853300,17.065853271484375,169.57928742135806
1789130067675867600,17.08186767578125,170.37475200281273
1789130067691875300,17.097875244140624,170.4333136888715
1789130067707887600,17.1138876953125,168.34070791501753
1789130067723892700,17.129892822265624,169.77783145525237
1789130067739897600,17.145897705078124,171.27830174243553
1789130067755900000,17.16189990234375,166.79516709257933
1789130067771905500,17.177905517578125,165.0101379257817
1789130067787915000,17.1939150390625,168.3756050744786
1789130067803926000,17.209926025390626,167.05349072720662
1789130067819944000,17.22594384765625,166.57816437579618
1789130067835956500,17.24195654296875,168.7526857827516
1789130067851968000,17.257968017578126,171.20626964243723
1789130067867984100,17.273984130859375,172.99873264960559
1789130067884001800,17.290001708984374,169.63754112816926
1789130067900018000,17.306017822265623,168.3312261028256
1789130067916031200,17.32203125,166.5042672789146
1789130067932044300,17.338044189453125,164.8620509565291
1789130067948047000,17.354047119140624,168.26922433532425
1789130067964058400,17.370058349609376,171.68235093884917
1789130067980063500,17.3860634765625,171.5156775761045
1789130067996075000,17.402074951171876,171.32183078194907
1789130068012088600,17.418088623046874,172.56859231976645
1789130068028101400,17.434101318359374,171.57303134960662
1789130068044106000,17.45010595703125,170.49052101355534
1789130068060108300,17.4661083984375,169.2451222716168
1789130068076115200,17.482115234375,166.79516709257933
1789130068092119300,17.498119384765626,166.84629213710116
1789130068108121900,17.514121826171873,170.10607930039018
1789130068124121900,17.530121826171875,171.60707444333255
1789130068140117800,17.54611767578125,168.57593299272577
1789130068156122400,17.562122314453124,171.32682583493875
1789130068172131300,17.57813134765625,171.77718619884303
1789130068188139800,17.594139892578124,166.91493978607167
1789130068204149500,17.6101494140625,166.7594799490912
1789130068220155600,17.62615576171875,167.69727320742047
1789130068236163000,17.6421630859375,168.69006681598088
1789130068252167400,17.65816748046875,168.40040481519418
1789130068268171000,17.6741708984375,168.20657053902153
1789130068284176400,17.69017626953125,171.43548138974023
1789130068300183800,17.706183837890624,169.00522285129446
1789130068316186000,17.72218603515625,167.79953136794637
1789130068332189700,17.738189697265625,172.83645226311242
1789130068348193800,17.75419384765625,173.516926365153
1789130068364201200,17.770201171875,172.67809158370636
1789130068380199400,17.786199462890625,171.09099948812053
1789130068396198100,17.8021982421875,168.3843299294704
1789130068412200000,17.818199951171874,169.12647968884764
1789130068428202200,17.8342021484375,169.69515310267306
1789130068444206000,17.8502060546875,170.14691996112057
1789130068460210000,17.8662099609375,170.32664433903787
1789130068476217000,17.882217041015625,172.05652829509333
1789130068492225000,17.89822509765625,172.13597495900152
1789130068508228400,17.914228271484376,169.88604784453764
1789130068524233200,17.930233154296875,167.96940384493436
1789130068540237300,17.9462373046875,167.2959769723187
1789130068556247300,17.962247314453126,168.69006765865637
1789130068572248600,17.97824853515625,169.2157022881219
1789130068588249300,17.994249267578127,166.39945707301885
1789130068604247800,18.010247802734376,166.58129189117847
1789130068620247300,18.026247314453126,169.17254693552584
1789130068636251100,18.042251220703125,170.4333136888715
1789130068652251400,18.05825146484375,171.8255854143938
1789130068668258300,18.07425830078125,170.12060875794123
1789130068684267300,18.090267333984375,167.7908803530717
1789130068700269300,18.106269287109374,170.753887269431
1789130068716274200,18.122274169921877,172.3634279485457
1789130068740283000,18.146282958984376,168.5728982822792
1789130068756286700,18.16228662109375,163.77472506777258
1789130068772294000,18.1782939453125,164.13734155382562
1789130068788300500,18.194300537109374,166.57816437579618
1789130068804311600,18.2103115234375,167.33493622127702
1789130068820319700,18.22631982421875,170.753887269431
1789130068836330500,18.24233056640625,168.50856084588108
1789130068852337200,18.258337158203126,169.00522285129446
1789130068868343000,18.274343017578126,171.43548138974023
1789130068884345000,18.290344970703124,167.06944754222008
1789130068900352800,18.306352783203124,166.03221071911636
1789130068916358700,18.322358642578124,167.4346515098966
1789130068932366300,18.338366455078123,169.03480259483908
1789130068948371500,18.354371337890626,169.69515324664275
1789130068964379000,18.37037890625,169.2868769129853
1789130068980388000,18.38638818359375,166.46950586990533
1789130068996391400,18.402391357421877,165.61860518418592
1789130069012396000,18.41839599609375,168.00665101908936
1789130069028398300,18.4343984375,168.51341046210842
1789130069044403200,18.4504033203125,169.41836474471896
1789130069060414700,18.466414794921874,169.75213600500274
1789130069076426500,18.482426513671875,167.82289129876133
1789130069092432100,18.49843212890625,168.50343765234848
1789130069108437000,18.51443701171875,169.4220294925139
1789130069124443400,18.530443359375,165.1980020879637
1789130069140448300,18.5464482421875,167.09892679568543
1789130069156454700,18.56245458984375,171.773277916264
1789130069172460000,18.5784599609375,169.85445541943866
1789130069188460000,18.5944599609375,168.51341046210842
1789130069204462300,18.61046240234375,169.18612204267617
1789130069220466400,18.626466552734374,167.5740574464533
1789130069236465400,18.64246533203125,166.03510914720613
1789130069252465200,18.658465087890626,168.30106232437393
1789130069268468700,18.67446875,168.02386775586078
1789130069284470300,18.69047021484375,166.56447724925815
1789130069300474000,18.70647412109375,168.4248114363491
1789130069316478200,18.722478271484373,169.04593796555648
1789130069332476700,18.7384765625,169.9064788562479
1789130069348481300,18.754481201171874,169.8322249816816
1789130069364491300,18.7704912109375,165.60386290239256
1789130069380501800,18.786501708984375,164.69072710033615
1789130069396512500,18.802512451171875,167.47119322832543
1789130069412517600,18.818517578125,166.85678360708624
1789130069428532000,18.834531982421876,167.74724095030237
1789130069444544300,18.850544189453124,169.5922887792396
1789130069460554000,18.866553955078125,171.32682583493875
1789130069476567000,18.882567138671874,170.31920091095927
1789130069492585500,18.89858544921875,171.09099948812053
1789130069508602600,18.9146025390625,168.97286765456047
1789130069524620000,18.9306201171875,166.67546808121668
1789130069540631800,18.9466318359375,170.0279425993603
1789130069556641300,18.962641357421877,172.23483392384827
1789130069572650000,18.97864990234375,171.8238025773704
1789130069588661800,18.994661865234374,168.29099950176328
1789130069604673000,19.010673095703126,168.18502387800015
1789130069620686800,19.026686767578123,169.09233760901375
1789130069636698600,19.04269873046875,168.45330944143822
1789130069652714000,19.0587138671875,170.37475200281273
1789130069668726000,19.07472607421875,170.4333136888715
1789130069684739300,19.0907392578125,166.96134363246307
1789130069700750000,19.10675,167.20912025479018
1789130069716763400,19.122763427734377,172.19100787171672
1789130069732777200,19.138777099609374,173.03903682209582
1789130069748783900,19.154783935546874,167.6335019273963
1789130069764790300,19.170790283203125,163.64132971500635
1789130069780800300,19.18680029296875,157.5522519619958
1789130069796811000,19.20281103515625,160.34617511779112
1789130069812821200,19.2188212890625,170.739778678448
1789130069828825600,19.23482568359375,171.15818586518574
1789130069844836000,19.250836181640626,169.77314222335485
1789130069860845600,19.266845458984374,171.61675150055262
1789130069876859400,19.282859375,169.80189947541666
1789130069892871400,19.298871337890624,171.18477839821662
1789130069908884700,19.314884765625,172.91671363128563
1789130069924900000,19.330900146484375,167.29597697231873
1789130069940915700,19.346915771484376,166.93604556926954
1789130069956926200,19.36292626953125,167.84040433124412
1789130069972932600,19.3789326171875,167.90524343557243
1789130069988938000,19.39493798828125,168.05024362646154
1789130070004950300,19.4109501953125,168.69006729554155
1789130070020963800,19.4269638671875,170.93349728531052
1789130070036982300,19.442982177734375,171.43911057684213
1789130070052999000,19.4589990234375,170.96051702459982
1789130070069011000,19.475010986328126,174.2176075286826
1789130070085027600,19.491027587890624,171.35457796801654
1789130070101044200,19.507044189453126,165.69444840990496
1789130070117053000,19.523052978515626,166.25095074915916
1789130070133058300,19.539058349609373,168.62852590533308
1789130070149068000,19.555068115234373,171.6520439680829
1789130070165070600,19.571070556640624,175.1286088517243
1789130070181076000,19.587075927734375,172.9148279985486
1789130070197084200,19.603084228515623,170.739778678448
1789130070213091300,19.61909130859375,167.92471124436776
1789130070229096700,19.6350966796875,167.10951886153606
1789130070245110300,19.6511103515625,169.6111428779713
1789130070261122000,19.6671220703125,167.4066698475636
1789130070285136400,19.691136474609376,168.69006681598088
1789130070301142500,19.707142578125,172.67809158370636
1789130070317149400,19.7231494140625,172.303947886007
1789130070333159000,19.739158935546875,173.29016346420738
1789130070349161500,19.755161376953126,167.99522382354368
1789130070365169200,19.771169189453126,167.11672356018818
1789130070381182000,19.787181884765626,167.34149003420902
1789130070397193000,19.80319287109375,167.56907757225855
1789130070413206500,19.81920654296875,171.73550604060088
1789130070429217300,19.83521728515625,170.33359751028067
1789130070445234400,19.851234375,169.77783145525237
1789130070461247200,19.867247314453124,167.60459396615235
1789130070477252900,19.8832529296875,166.0366512412398
1789130070493264000,19.899263916015624,166.18023752865233
1789130070509278000,19.91527783203125,168.92979814746383
1789130070525284600,19.93128466796875,173.7325187417213
1789130070541292000,19.9472919921875,169.64094756286124
1789130070557292000,19.9632919921875,169.95797612494079
1789130070573296600,19.979296630859373,174.92786695743862
1789130070589300000,19.995300048828124,175.20796586592246
1789130070605304300,20.01130419921875,174.12737213089116
1789130070621309400,20.027309326171874,171.0604347373961
1789130070637313000,20.04331298828125,170.7889732323206
1789130070653310500,20.059310546875,171.6520439680829
1789130070669313500,20.0753134765625,172.44683031033875
1789130070685324500,20.091324462890626,175.77559672443536
1789130070701332000,20.10733203125,176.65318163178395
1789130070717334500,20.12333447265625,174.74972709875692
1789130070733343700,20.13934375,170.79740278564046
1789130070757361000,20.16336083984375,169.8981230872726
1789130070773373200,20.179373291015626,168.26922433532425
1789130070789386000,20.195385986328127,165.6772802878826
1789130070805398000,20.21139794921875,168.99645982534483
1789130070821414400,20.227414306640625,172.33952486055085
1789130070837427500,20.243427490234374,173.7682542240398
1789130070853442300,20.2594423828125,173.21829645697198
1789130070869449000,20.275448974609375,169.69515310267306
1789130070885453800,20.291453857421875,168.2804010532264
1789130070901461200,20.307461181640626,170.83765306973115
1789130070917468000,20.323468017578126,171.0604347373961
1789130070933482800,20.339482666015623,169.11447350211236
1789130070949500200,20.355500244140625,169.72464198211952
1789130070965515300,20.371515380859375,171.8238025773704
1789130070981524200,20.387524169921875,171.6600242183713
1789130070997533200,20.403533203125,171.78079119163397
1789130071013544700,20.419544677734375,170.12060875794123
1789130071029548000,20.435548095703126,172.13597495900152
1789130071045549000,20.451549072265625,176.00908695517998
1789130071061556000,20.467555908203124,175.29214781431443
1789130071077560300,20.483560302734375,170.28943036394597
1789130071093571000,20.499571044921876,169.95797612494079
1789130071109578000,20.515577880859375,175.072889985171
1789130071125590300,20.53159033203125,172.2950026851158
1789130071141597000,20.547596923828124,168.45950270272158
1789130071157604000,20.56360400390625,167.98274839229853
1789130071173612000,20.579612060546875,171.0604347373961
1789130071189618200,20.5956181640625,173.44305362800824
1789130071205626000,20.611626220703126,172.00001641035996
1789130071221636600,20.62763671875,175.3195566311761
1789130071237647600,20.643647705078124,170.10607930039018
1789130071253657900,20.659657958984376,165.53882691725477
1789130071269664800,20.675664794921875,169.34315208358302
1789130071285676000,20.691676025390624,171.8255854143938
1789130071301685500,20.707685546875,171.16462695962232
1789130071317694700,20.72369482421875,171.5288554300036
1789130071333708800,20.739708740234374,171.68972263547815
1789130071349722400,20.755722412109375,170.739778678448
1789130071365735200,20.771735107421875,170.14691996112057
1789130071381745000,20.787744873046876,170.48746184448848
1789130071397749000,20.8037490234375,169.86425028478385
1789130071413755600,20.819755615234374,173.17075576521088
1789130071429768400,20.8357685546875,172.3835377841304
1789130071445784000,20.8517841796875,170.2382253080501
1789130071461791700,20.867791748046876,170.09581740862714
1789130071477790700,20.883790771484374,170.6900596859831
1789130071493792800,20.899792724609377,172.75813293933092
1789130071509797000,20.915797119140624,173.3820125542972
1789130071525797400,20.93179736328125,172.63740707179102
1789130071541805000,20.94780517578125,168.97286765456047
1789130071557819600,20.963819580078123,170.8858246341888
1789130071573827000,20.9798271484375,172.47007294885356
1789130071589836500,20.99583642578125,171.78079119163397
1789130071605844200,21.01184423828125,170.5873699263085
1789130071621853200,21.027853271484375,170.09581740862714
1789130071637867300,21.0438671875,171.8255854143938
1789130071653874200,21.059874267578124,172.3634279485457
1789130071677886500,21.083886474609375,168.92979814746383
1789130071693890000,21.09989013671875,167.90524343557246
1789130071709901300,21.1159013671875,170.53767736760722
1789130071733913300,21.139913330078127,174.4427678958869
1789130071749917000,21.1559169921875,168.25436655331825
1789130071765921500,21.171921630859377,159.65058523434848
1789130071781927700,21.187927734375,163.30075618375494
1789130071797932300,21.203932373046875,172.95423080435629
1789130071813939000,21.21993896484375,174.74619715552694
1789130071829942800,21.23594287109375,170.7465943297739
1789130071845948200,21.2519482421875,168.87589085817956
1789130071861952500,21.267952392578124,168.23171125739117
1789130071877961200,21.283961181640624,168.51800857407628
1789130071893969200,21.29996923828125,171.15818586518574
1789130071909977300,21.315977294921876,178.27474523390217
1789130071925977000,21.33197705078125,177.11962249992726
1789130071941971200,21.34797119140625,169.69515324664275
1789130071957971000,21.363970947265624,169.66889517956992
1789130071973968600,21.37996875,173.55839986167652
1789130071989965600,21.395965576171875,172.303947886007
1789130072005962500,21.41196240234375,170.2382253080501
1789130072021962500,21.42796240234375,169.77783145525237
1789130072037957600,21.44395751953125,170.80641813315225
1789130072053950200,21.4599501953125,175.17923409008608
1789130072069942800,21.47594287109375,173.36748558228342
1789130072085948400,21.491948486328123,167.12499918222346
1789130072101956000,21.5079560546875,167.47119322832543
1789130072117967400,21.52396728515625,170.79740278564046
1789130072133974800,21.539974853515623,165.1980020879637
1789130072149982700,21.555982666015623,166.96134363246307
1789130072165990000,21.571989990234375,168.92979814746383
1789130072181999400,21.587999267578127,165.53882691725477
1789130072206013000,21.612012939453123,169.05578044831094
1789130072222026200,21.628026123046876,168.07926180988844
1789130072238034700,21.64403466796875,169.3034896441744
1789130072254039300,21.660039306640623,168.63019716876693
1789130072270038800,21.676038818359373,170.00895669839522
1789130072286038500,21.69203857421875,171.7872196388631
1789130072302039300,21.708039306640625,169.8322249816816
1789130072318041900,21.724041748046876,169.18612204267617
1789130072334045200,21.740045166015626,169.9393105683413
1789130072350050300,21.75605029296875,168.69006729554155
1789130072366049500,21.772049560546876,171.42228327002917
1789130072382051600,21.788051513671874,172.67809158370636
1789130072398055700,21.8040556640625,171.78079119163397
1789130072414059500,21.8200595703125,169.69515310267306
1789130072430063400,21.8360634765625,166.22840003520014
1789130072446064400,21.852064453125,167.56907757225855
1789130072462070500,21.868070556640625,170.03164339958718
1789130072478076700,21.88407666015625,171.68235093884917
1789130072494076200,21.900076171875,171.09099948812053
1789130072510077200,21.9160771484375,171.6434335069129
1789130072526081000,21.9320810546875,171.77718619884303
1789130072542083000,21.9480830078125,171.54930141189186
1789130072558082300,21.964082275390624,172.0928374349207
1789130072574080500,21.98008056640625,171.78412506511012
1789130072590084600,21.996084716796876,172.3835377841304
1789130072606088400,22.01208837890625,170.97545918167413
1789130072622093600,22.028093505859374,171.12944421378992
1789130072638098700,22.0440986328125,165.8946428495359
1789130072654101500,22.0601015625,164.9208664581264
1789130072670103000,22.07610302734375,169.789132096239
1789130072686102800,22.092102783203124,169.2490327779418
1789130072702100200,22.108100341796874,169.27803054428796
1789130072718101200,22.124101318359376,172.32103605853996
1789130072734099000,22.140098876953125,175.15015606293
1789130072758099700,22.164099609375,166.75948039584148
1789130072774101500,22.1801015625,164.93151176199987
1789130072790103300,22.196103271484375,167.84040433124412
1789130072806105000,22.21210498046875,170.48577950354056
1789130072822110200,22.228110107421877,167.02729431455668
1789130072838117400,22.244117431640625,169.18612204267617
1789130072854120200,22.2601201171875,173.21102577553364
1789130072870131000,22.276130859375,171.45304039436598
1789130072886137300,22.292137451171875,170.48397984682614
1789130072902142200,22.30814208984375,171.12944421378992
1789130072918149400,22.3241494140625,166.55138555896966
1789130072934153500,22.340153564453125,163.22154492436138
1789130072950160100,22.35616015625,168.50856084588108
1789130072966168300,22.372168212890625,171.02737355602926
1789130072982179000,22.388178955078125,170.48397984682614
1789130072998187300,22.404187255859377,171.773277916264
1789130073014197500,22.420197509765625,170.81608027579824
1789130073030208300,22.436208251953126,170.59077854124118
1789130073046213600,22.452213623046877,173.50922812777733
1789130073062217000,22.468217041015624,171.45304039436598
1789130073078227700,22.484227783203124,172.22086248873907
1789130073094231800,22.500231689453123,173.7682542240398
1789130073110239000,22.516239013671875,169.86425028478385
1789130073126242600,22.53224267578125,169.91940240753402
1789130073142243600,22.54824365234375,168.45330944143822
1789130073158245000,22.5642451171875,168.09573411254019
1789130073174239000,22.580239013671875,171.2025895421036
1789130073190241800,22.59624169921875,172.01067374901126
1789130073206244400,22.612244384765624,171.30089782569442
1789130073222251000,22.6282509765625,171.86989764584402
1789130073238254000,22.644254150390626,172.05652829509333
1789130073254264300,22.660264404296875,172.14668672016035
1789130073270271500,22.676271484375,174.35945029721302
1789130073286282200,22.6922822265625,173.43123570898814
1789130073302288600,22.70828857421875,171.6434335069129
1789130073318294300,22.724294189453126,171.04336431334713
1789130073334305500,22.740305419921874,166.1000135401359
1789130073350311200,22.756311279296874,165.54757102282215
1789130073366314500,22.772314453125,169.45396621104027
1789130073382318300,22.788318359375,168.4653793235971
1789130073398320600,22.804320556640626,168.87081102455596
1789130073414328000,22.820328125,173.13000812341645
1789130073430331600,22.83633154296875,173.8844968165191
1789130073446332000,22.852331787109375,172.7110478278286
1789130073462340600,22.868340576171875,174.39383402094953
1789130073478343400,22.884343505859373,172.19100787171672
1789130073494348000,22.90034814453125,167.2212667885804
1789130073510352400,22.916352294921875,169.39884497279877
1789130073526356700,22.932356689453126,168.8112009184112
1789130073542361600,22.948361572265625,166.10880869211005
1789130073558363000,22.96436279296875,169.72285999753558
1789130073574364200,22.9803642578125,168.62675735596056
1789130073590367000,22.996366943359376,167.50566611343862
1789130073606371600,23.01237158203125,171.5616220558028
1789130073622381000,23.028381103515624,170.7889732323206
1789130073638383600,23.044383544921875,172.10186351882794
1789130073654382800,23.0603828125,175.03025934816716
1789130073670380500,23.076380615234374,168.19293630684825
1789130073686383900,23.0923837890625,166.4090523054406
1789130073702391300,23.108391357421876,170.32664433903787
1789130073718398700,23.124398681640624,169.74880119928164
1789130073734407200,23.1404072265625,168.92979814746383
1789130073766422300,23.17242236328125,168.81462374984696
1789130073782437000,23.18843701171875,163.24713234801447
1789130073798447900,23.20444775390625,160.5599661058668
1789130073814451500,23.220451416015624,164.2132079336897
1789130073830457000,23.23645703125,173.29016346420738
1789130073846471000,23.252470947265625,174.90430027975262
1789130073862487000,23.268487060546875,173.58539788958961
1789130073878497000,23.2844970703125,173.30873547632805
1789130073894509600,23.300509521484376,171.78079119163397
1789130073910514700,23.3165146484375,170.2282527435225
1789130073926522400,23.3325224609375,170.79740278564046
1789130073942534400,23.348534423828124,168.15792414943024
1789130073958549000,23.364549072265625,166.7068512546336
1789130073974561300,23.380561279296874,172.06444935510234
1789130073990571500,23.396571533203126,173.95590814938356
1789130074006579000,23.412578857421874,174.12737213089116
1789130074022585600,23.428585693359373,171.696536822462
1789130074038592500,23.444592529296877,168.47096360377816
1789130074054599200,23.46059912109375,169.39884497279877
1789130074070602500,23.4766025390625,170.17472267845164
1789130074086607600,23.492607666015626,167.074000449049
1789130074102620700,23.50862060546875,166.48058600155483
1789130074118631200,23.524631103515624,169.04593796555648
1789130074134642700,23.540642578125,169.95466955481893
1789130074150653200,23.556653076171877,170.59266386012507
1789130074166661400,23.572661376953125,168.6900684989412
1789130074182665000,23.5886650390625,168.15792414943024
1789130074198666800,23.604666748046874,171.60707444333255
1789130074214669600,23.620669677734377,170.17472267845164
1789130074230676500,23.636676513671876,167.66091229730665
1789130074246682600,23.6526826171875,167.53217785014795
1789130074262689800,23.668689697265624,166.1028235595764
1789130074278693000,23.684693115234374,168.40040481519418
1789130074294700800,23.70070068359375,170.53767759348008
1789130074310709000,23.716708984375,168.15792414943024
1789130074326713900,23.7327138671875,169.66729967576742
1789130074342726000,23.748725830078126,170.6432914972608
1789130074358732000,23.76473193359375,170.18648185977926
1789130074374740200,23.780740234375,169.9064788562479
1789130074390752300,23.796752197265626,173.19574014751922
1789130074406769000,23.812768798828124,176.85887043442858
1789130074422787000,23.828787109375,175.44004995516295
1789130074438804000,23.844803955078124,172.21895404430913
1789130074454820400,23.8608203125,173.50065386439667
1789130074470828800,23.876828857421874,172.74680516508243
1789130074486841300,23.89284130859375,167.9694038449344
1789130074502848500,23.9088486328125,168.23171125739117
1789130074518856200,23.924856201171874,171.27830174243553
1789130074534865000,23.940864990234374,172.21895404430913
1789130074550875000,23.956875,170.76170707675615
1789130074566878700,23.972878662109373,169.95466955481893
1789130074590886700,23.99688671875,171.773277916264
1789130074606893000,24.01289306640625,168.05024362646154
1789130074630899700,24.036899658203126,169.77314222335485
1789130074646912300,24.052912353515627,168.0402375031146
1789130074662922500,24.068922607421875,167.80696545858046
1789130074678934300,24.084934326171876,168.63019716876693
1789130074694947300,24.100947265625,168.75095611316934
1789130074710957600,24.11695751953125,169.3210533311171
1789130074726965200,24.13296533203125,170.04937378792502
1789130074742973700,24.1489736328125,169.23001220869764
1789130074766984700,24.172984619140625,170.07375493516366
1789130074782990800,24.188990966796876,167.82289129876133
1789130074799006500,24.20500634765625,168.69006681598088
1789130074815020000,24.22102001953125,170.739778678448
1789130074831027200,24.237027099609374,168.62852590533308
1789130074847033900,24.253033935546874,171.45304039436598
1789130074863041800,24.269041748046874,169.95466955481893
1789130074879050800,24.28505078125,164.941942935093
1789130074895060700,24.301060791015626,167.47119302135
1789130074911065300,24.3170654296875,170.17472267845164
1789130074927077600,24.33307763671875,167.09259142261993
1789130074943083500,24.34908349609375,169.43412739041665
1789130074959078700,24.36507861328125,170.0279425993603
1789130074975076000,24.381076171875,165.52970630715407
1789130074991076900,24.397076904296874,169.99202027495897
1789130075007081200,24.413081298828125,172.01668427049654
1789130075023091700,24.429091796875,171.48601165505028
1789130075039092700,24.4450927734375,170.53767736760722
1789130075055099400,24.461099365234375,167.26570980617532
1789130075071110100,24.477110107421876,167.25471058825934
1789130075087118300,24.493118408203124,171.01075164018695
1789130075103127300,24.509127197265624,169.55437824241164
1789130075119134000,24.525134033203123,167.0053833908066
1789130075135143700,24.541143798828124,169.20048477986097
1789130075151153200,24.557153076171875,169.72464198211952
1789130075167163000,24.573162841796876,167.5024669997885
1789130075183176000,24.589176025390625,169.21570301810905
1789130075199196400,24.605196533203124,172.2626272003823
1789130075215213300,24.62121337890625,170.53767820219596
1789130075231225600,24.6372255859375,170.42967423623287
1789130075247240400,24.653240478515624,168.45950270272158
1789130075263256300,24.66925634765625,171.02737355602926
1789130075279270000,24.685269775390626,175.06078426412788
1789130075295285200,24.70128515625,172.56859231976645
1789130075311295000,24.717294921875,173.65980847328746
1789130075327307300,24.733307373046873,170.70075880702592
1789130075343317000,24.74931689453125,170.04418655845387
1789130075359326200,24.765326171875,172.68651124066164
1789130075375336200,24.781336181640626,171.20626964243723
1789130075391343000,24.797343017578125,169.69515310267306
1789130075407352000,24.81335205078125,171.42228327002917
1789130075423351300,24.829351318359375,172.05652829509333
1789130075439355100,24.845355224609374,168.69006681598088
1789130075455361800,24.86136181640625,167.34744336402986
1789130075471371500,24.87737158203125,166.89473181994083
1789130075487379700,24.893379638671874,166.93604556926954
1789130075503381000,24.909381103515624,166.82744691867114
1789130075519387600,24.9253876953125,168.12615053065238
1789130075535397400,24.9413974609375,168.5696978109484
1789130075551409000,24.957408935546876,170.38027234864992
1789130075567419400,24.97341943359375,169.9393105683413
1789130075583426300,24.98942626953125,170.13419323968063
1789130075599436500,25.0054365234375,171.6434335069129
1789130075615446300,25.0214462890625,169.75213600500274
1789130075631451100,25.037451171875,170.33359751028067
1789130075647460600,25.053460693359376,169.64094756286124
1789130075663471600,25.0694716796875,168.56631884502715
1789130075679478300,25.085478271484376,171.5966287943511
1789130075695487000,25.101487060546877,171.86989799611013
1789130075711497200,25.117497314453125,170.8858246341888
1789130075727506400,25.13350634765625,173.52387517924132
1789130075751514600,25.1575146484375,172.05652829509333
1789130075767521800,25.173521728515624,167.50398814393932
1789130075783529200,25.189529296875,166.6075021919635
1789130075799528700,25.20552880859375,165.61860518418592
1789130075815532500,25.221532470703124,169.17254693552584
1789130075831536400,25.237536376953123,173.19574014751922
1789130075847536400,25.253536376953125,173.03903682209582
1789130075863536000,25.2695361328125,171.04520585482868
1789130075879535600,25.28553564453125,167.60459396615235
1789130075895540000,25.3015400390625,167.0053827817296
1789130075911544300,25.31754443359375,165.69444840990496
1789130075927552500,25.333552490234375,169.4748918923942
1789130075943558000,25.349557861328126,170.53767759348008
1789130075959566800,25.36556689453125,167.09259142261993
1789130075975575300,25.3815751953125,170.13419323968063
1789130075991581000,25.397580810546874,171.8255854143938
1789130076007590700,25.413590576171874,171.42228327002917
1789130076023594500,25.429594482421876,172.4053570870859
1789130076039601000,25.445600830078124,173.58539788958961
1789130076055608600,25.461608642578124,175.17923409008608
1789130076071620600,25.47762060546875,172.7110478278286
1789130076087629000,25.493629150390625,170.79740278564046
1789130076103637800,25.5096376953125,170.13419323968063
1789130076119641300,25.525641357421875,169.2451222716168
1789130076135647500,25.5416474609375,168.8079591018022
1789130076151654100,25.557654052734375,168.09718799064427
1789130076175657500,25.581657470703124,170.17472267845164
1789130076191666000,25.597666015625,174.54244670253294
1789130076207678200,25.61367822265625,171.27830174243553
1789130076223685600,25.629685546875,170.0279425993603
1789130076239697200,25.645697265625,169.69515310267306
1789130076255704000,25.6617041015625,167.84040433124412
1789130076271715000,25.677715087890626,166.3452143887537
1789130076287721200,25.69372119140625,166.1950979804878
1789130076303729700,25.709729736328125,166.79516709257933
1789130076319737000,25.725737060546876,170.17472267845164
1789130076335745500,25.74174560546875,171.86989764584402
1789130076351751000,25.7577509765625,169.12647968884764
1789130076367756500,25.773756591796875,169.84094403732018
1789130076383764700,25.7897646484375,173.77417113391724
1789130076399771600,25.805771728515627,169.54516476622598
1789130076415779000,25.821779052734374,168.95109422468303
1789130076431788000,25.8377880859375,172.58308621031395
1789130076447799300,25.85379931640625,172.05652829509333
1789130076463807000,25.869806884765627,171.42228327002917
1789130076479807200,25.88580712890625,169.69515310267306
1789130076495810000,25.90181005859375,166.7427609701264
1789130076511815200,25.917815185546875,168.24332538963716
1789130076527821300,25.9338212890625,171.37481628097186
1789130076543829800,25.949829833984374,171.4163788500766
1789130076559839200,25.965839111328126,170.48397984682614
1789130076575846100,25.98184619140625,170.44289567459276
1789130076591850800,25.997850830078125,170.9212415972273
1789130076607851000,26.01385107421875,171.25383806645198
1789130076623849000,26.029848876953125,169.63754112816926
1789130076639847400,26.045847412109374,169.13918560104025
1789130076655841800,26.061841796875,167.37177738347162
1789130076671832300,26.077832275390627,165.4148311277816
1789130076687825700,26.09382568359375,169.5861741943963
1789130076703822600,26.109822509765625,169.06618287413767
1789130076719822600,26.125822509765626,168.99645982534483
1789130076743820300,26.1498203125,175.34664842037677
1789130076759815000,26.16581494140625,168.6900675259798
1789130076775811600,26.1818115234375,166.0417104699894
1789130076791815400,26.1978154296875,167.50752366782726
1789130076807812900,26.213812744140625,166.42956518848462
1789130076823820000,26.229820068359373,167.19573404653693
1789130076839823600,26.24582373046875,165.20891457733129
1789130076855828700,26.261828857421875,158.49116228831025
1789130076871830000,26.277830078125,154.59761846431294
1789130076887837200,26.293837158203125,153.32845046687578
1789130076903845000,26.30984521484375,151.55707122283602
1789130076919850200,26.325850341796876,151.847197978152
1789130076935855600,26.341855712890624,156.53597875202047
1789130076951861200,26.357861328125,162.68436506440213
1789130076967869700,26.37386962890625,169.88796007849385
1789130076983875600,26.38987548828125,169.5994474281638
1789130076999882000,26.405882080078126,168.14699523399122
1789130077015882500,26.421882568359376,167.66091255192694
1789130077031882500,26.437882568359374,167.1522958739923
1789130077047886300,26.45388623046875,167.67025057904632
1789130077063894800,26.469894775390625,167.47119322832543
1789130077079904800,26.48590478515625,166.5441571426532
1789130077095916800,26.501916748046874,166.04752281927676
1789130077111926000,26.517926025390626,163.92642595603505
1789130077127935000,26.53393505859375,162.71850242262977
1789130077143949800,26.54994970703125,165.12904282743168
1789130077159954400,26.565954345703126,165.3384515887341
1789130077175958500,26.58195849609375,162.3635473488292
1789130077191964200,26.597964111328125,162.66483519835276
1789130077207971300,26.613971435546876,166.440547682771
1789130077223980300,26.629980224609376,163.66395677788188
1789130077239989200,26.6459892578125,160.97439372048342
1789130077255991000,26.661990966796875,162.03855953435965
1789130077271996700,26.67799658203125,162.5198926901724
1789130077287999700,26.693999755859377,164.22576333734068
1789130077304009200,26.71000927734375,164.8842865731311
1789130077320013300,26.726013427734376,165.19162244083535
1789130077336021500,26.742021484375,167.33493622127702
1789130077352025000,26.758025146484375,167.26570980617532
1789130077368025900,26.77402587890625,163.54619136631044
1789130077384030000,26.790030029296876,161.4721883564411
1789130077400027100,26.806027099609373,163.3987534403462
1789130077416026600,26.822026611328123,165.6577730313462
1789130077432028000,26.83802783203125,168.24493817359567
1789130077448025900,26.85402587890625,169.23185507087737
1789130077464024600,26.870024658203125,165.25643722906554
1789130077480023600,26.8860234375,164.74488118748405
1789130077496023800,26.90202392578125,165.04832226187537
1789130077512019700,26.918019775390626,164.3100061651261
1789130077528019500,26.93401953125,160.36579776577508
1789130077544016600,26.9500166015625,158.6887528388684
1789130077560017200,26.96601708984375,157.11487814253638
1789130077576016600,26.9820166015625,157.4391224886324
1789130077592019500,26.99801953125,163.73979510954968
1789130077608021500,27.014021484375,165.96375653207352
1789130077624018700,27.030018798828124,166.03084698374568
1789130077640014600,27.0460146484375,165.08650482241922
1789130077656017200,27.06201708984375,165.7302160890211
1789130077672015400,27.078015380859377,164.45840424652448
1789130077688013000,27.094012939453126,161.91655395286944
1789130077704013000,27.110012939453124,162.73053256114258
1789130077720010200,27.12601025390625,166.36330122020516
1789130077736008700,27.1420087890625,167.90524322587876
1789130077752010800,27.1580107421875,164.6562339207472
1789130077768017200,27.17401708984375,162.8755103196971
1789130077784019500,27.19001953125,163.33045876579794
1789130077800016100,27.20601611328125,161.6600688787842
1789130077816015000,27.22201513671875,162.030859838505
1789130077832014600,27.2380146484375,167.10625615923846
1789130077848006700,27.254006591796873,166.45206183973085
1789130077864006000,27.270005859375,166.98119845840625
1789130077880009700,27.286009765625,167.09892679568543
1789130077896012500,27.302012451171876,165.5201855909193
1789130077912018400,27.318018310546876,164.8842865731311
1789130077928024000,27.334024169921875,164.77357139689025
1789130077944026000,27.350026123046874,166.2930399866364
1789130077960030200,27.3660302734375,164.52598806047686
1789130077976034800,27.382034912109376,162.5042419760067
1789130077992037400,27.398037353515626,165.3384515887341
1789130078008042200,27.414042236328125,165.49983242992062
1789130078024045300,27.43004541015625,164.85207670300582
1789130078040057000,27.44605712890625,164.85207670300582
1789130078056060000,27.462059814453124,164.53878245104084
1789130078072062500,27.4780625,167.34149003420902
1789130078088067600,27.494067626953125,168.81824567130082
1789130078104074500,27.510074462890625,167.09892679568543
1789130078120075300,27.5260751953125,166.39945707301885
1789130078136082700,27.542082763671875,169.66729967576742
1789130078152093400,27.558093505859375,172.04247495381668
1789130078168106000,27.57410595703125,171.20626964243723
1789130078184115700,27.59011572265625,169.41836474471896
1789130078200121300,27.606121337890624,168.75095611316934
1789130078216124700,27.622124755859375,166.82744691867114
1789130078232129500,27.638129638671874,166.6330697367625
1789130078248131000,27.654131103515624,169.45396621104027
1789130078264134100,27.670134033203126,173.3513547195072
1789130078280133600,27.686133544921876,172.62623387111566
1789130078296132600,27.702132568359374,169.85445541943866
1789130078312130300,27.71813037109375,169.159695042772
1789130078328129500,27.734129638671874,167.05014513096174
1789130078344125400,27.75012548828125,169.17254693552584
1789130078360121600,27.76612158203125,168.87589085817956
1789130078376113400,27.782113525390624,166.3730054165544
1789130078392112400,27.7981123046875,167.9052436633878
1789130078408118000,27.814117919921873,167.0053829129154
1789130078424120600,27.83012060546875,166.59249098037364
1789130078440126200,27.846126220703123,168.56631884502715
1789130078456133600,27.862133544921875,166.7236022770066
1789130078472137500,27.878137451171874,169.0145025626672
1789130078488138800,27.894138671875,169.4220294925139
1789130078504147200,27.910147216796876,163.13314341981365
1789130078520150800,27.92615087890625,162.62924708395204
1789130078536153000,27.942153076171873,165.0101379257817
1789130078552156700,27.95815673828125,167.6335019273963
1789130078568159700,27.97415966796875,168.50856084588108
1789130078584161300,27.990161376953125,166.886560933546
1789130078600159500,28.006159423828127,164.63838379040735
1789130078616155100,28.022155029296876,172.21895404430913
1789130078640153300,28.0461533203125,169.80189947541666
1789130078656154000,28.062154052734375,166.55713334249953
1789130078672151300,28.0781513671875,166.77693219267329
1789130078688153000,28.094153076171875,161.92767715566438
1789130078704158000,28.110157958984374,162.22549203409466
1789130078720161000,28.1261611328125,156.63928227885512
1789130078736157700,28.14215771484375,151.22019325612433
1789130078752162300,28.158162353515625,156.22199650254862
1789130078768162600,28.17416259765625,161.83404286859778
1789130078784160000,28.190159912109376,167.11672356018818
1789130078800155600,28.20615576171875,168.3843299294704
1789130078816153000,28.222153076171875,166.04549010224147
1789130078832149500,28.2381494140625,162.4586732876339
1789130078848145700,28.254145751953125,162.78792878478092
1789130078864137200,28.27013720703125,163.8012716622691
1789130078880127700,28.286127685546877,163.50653807756171
1789130078896115000,28.302114990234376,163.16606909155598
1789130078912107500,28.318107421875,163.67903661501856
1789130078928100400,28.334100341796876,163.61045937593596
1789130078944093200,28.35009326171875,161.09154242795375
1789130078960086000,28.3660859375,162.2436494377537
1789130078976079400,28.382079345703126,163.92642595603505
1789130078992083200,28.398083251953125,164.96674221038072
1789130079008083200,28.414083251953127,165.59600921833038
1789130079024085000,28.4300849609375,165.3302909712503
1789130079040081200,28.4460810546875,165.1413851977205
1789130079056079600,28.46207958984375,161.47510541555707
1789130079072080600,28.47808056640625,163.3579088171692
1789130079088080100,28.494080078125,167.90524343557243
1789130079104075000,28.510074951171877,164.57783872319007
1789130079120073200,28.5260732421875,164.18080659889938
1789130079136071400,28.542071533203124,167.7748779686027
1789130079152070700,28.558070556640626,166.98288801082742
1789130079168075500,28.574075439453125,164.1676134265207
1789130079184077800,28.590077880859376,165.53882691725477
1789130079200081000,28.606080810546874,166.11881901449468
1789130079216078300,28.622078369140624,164.3806082031039
1789130079232079600,28.63807958984375,167.09892679568543
1789130079248078800,28.654078857421876,166.20619052548415
1789130079264076800,28.670076904296874,162.2553288942055
1789130079280073000,28.686072998046875,160.36579776577508
1789130079296076000,28.702075927734374,162.030859838505
1789130079312070400,28.7180703125,167.50959424731698
1789130079328072400,28.734072509765625,163.47047063086657
1789130079344070400,28.7500703125,159.9627893440886
1789130079360065500,28.7660654296875,162.87386628715342
1789130079376065000,28.78206494140625,163.2735237430865
1789130079392061200,28.798061279296874,161.73973307563537
1789130079408059000,28.814058837890624,164.09861054950454
1789130079424057600,28.8300576171875,167.36093693035102
1789130079440050000,28.8460498046875,166.4190772376937
1789130079456044300,28.862044189453126,163.3879191211124
1789130079472036000,28.8780361328125,162.6810612566045
1789130079488034000,28.894033935546876,163.73979510954968
1789130079504029200,28.910029296875,164.52598806047686
1789130079520031000,28.926031005859375,167.36663802176378
1789130079536036000,28.9420361328125,166.32095773480893
1789130079552041500,28.95804150390625,163.61045894089202
1789130079568045000,28.974045166015625,165.52970630715407
1789130079584047400,28.99004736328125,164.81799314234686
1789130079600051000,29.006051025390626,163.67314655361645
1789130079616052700,29.022052734375,162.8755103196971
1789130079632049700,29.038049560546874,161.18180788795817
1789130079648057000,29.05405712890625,164.14063297167328
1789130079664068400,29.070068359375,165.2254504318527
1789130079680073500,29.086073486328125,164.8842865731311
1789130079696080000,29.102079833984376,162.2799336289248
1789130079712084200,29.118084228515624,162.74734757683538
1789130079728086000,29.1340859375,163.30075550491352
1789130079744092200,29.150092041015625,161.6686603813748
1789130079760103700,29.166103759765626,162.70459973877175
1789130079784110000,29.190110107421877,162.29290854627837
1789130079800111400,29.206111328125,163.36488205452048
1789130079816110800,29.22211083984375,164.27229250399907
1789130079832116500,29.238116455078124,164.18080659889938
1789130079848116700,29.25411669921875,165.96375653207352
1789130079864123400,29.270123291015626,167.94921455304345
1789130079880135200,29.28613525390625,166.4090523054406
1789130079896148700,29.302148681640624,165.55596466762483
1789130079912165600,29.31816552734375,165.17351972289012
1789130079928176600,29.3341767578125,165.74996807457808
1789130079944187400,29.3501875,168.45330944143822
1789130079960200000,29.366199951171875,168.9234502719701
1789130079976213500,29.382213623046876,168.15792414943024
1789130079992224500,29.398224609375,167.20912025479018
1789130080008233700,29.414233642578125,165.74996807457808
1789130080024239900,29.430239990234377,166.6214597923363
1789130080040244200,29.446244140625,166.79516709257933
1789130080056253200,29.462253173828124,165.19162244083535
1789130080072262100,29.47826220703125,167.1957341903102
1789130080088269600,29.49426953125,168.03487073700677
1789130080104280600,29.510280517578124,166.134533157786
1789130080120290000,29.5262900390625,167.21092722657116
1789130080136299300,29.54229931640625,166.87708995407343
1789130080152306000,29.558305908203124,164.77357139689025
1789130080168316200,29.574316162109376,166.65127284543388
1789130080184324000,29.590323974609376,167.7748779686027
1789130080200331000,29.6063310546875,168.05024362646154
1789130080216336000,29.6223359375,165.3302909712503
1789130080232344600,29.638344482421875,163.59471425619623
1789130080248347600,29.65434765625,166.9843568364923
1789130080264353800,29.670353759765625,169.23001220869764
1789130080280365800,29.68636572265625,167.7748779686027
1789130080296370200,29.7023701171875,168.34070791501753
1789130080312379000,29.71837890625,168.4653793235971
1789130080328384300,29.73438427734375,168.57593299272577
1789130080344393000,29.75039306640625,167.05349072720662
1789130080360398300,29.7663984375,167.43653104767705
1789130080376404200,29.782404296875,169.20048477986097
1789130080392409600,29.79840966796875,168.35656827662172
1789130080408415700,29.814415771484374,170.13419320611158
1789130080424419800,29.830419921875,171.76438098465667
1789130080440431900,29.846431884765625,167.66091255192694
1789130080456442000,29.862442138671874,168.83049808136212
1789130080472453400,29.878453369140626,173.5340680209462
1789130080488458500,29.89445849609375,168.6900675259798
1789130080504460500,29.91046044921875,165.28795302390296
1789130080520465200,29.926465087890627,165.80890359233513
1789130080536469800,29.9424697265625,166.75948060734095
1789130080552473000,29.95847314453125,169.27803054428796
1789130080568472600,29.97447265625,169.88604784453764
1789130080584474400,29.990474365234373,168.8660003924617
1789130080600474600,30.006474609375,168.24493817359567
1789130080616474000,30.02247412109375,167.09892679568543
1789130080632473300,30.038473388671875,169.12647968884764
1789130080648470500,30.054470458984376,172.62623387111566
1789130080664469800,30.0704697265625,172.59627109361327
1789130080680471800,30.086471923828125,168.15792414943024
1789130080696471300,30.10247119140625,167.4034272311544
1789130080712470300,30.11847021484375,170.42967423623287
1789130080728466700,30.134466796875,169.2451222716168
1789130080744459300,30.150459228515626,169.52038335426582
1789130080760459500,30.16645947265625,166.98119845840625
1789130080776460300,30.182460205078126,165.06858368783847
1789130080792460300,30.198460205078124,163.61045894089202
1789130080808459800,30.214459716796874,166.3452143887537
1789130080824456700,30.230456787109375,171.11934032858827
1789130080840454700,30.24645458984375,171.48601165505028
1789130080856451800,30.262451904296874,172.10186351882794
1789130080872449000,30.278448974609375,167.99522382354368
1789130080888445000,30.29444482421875,167.33493622127702
1789130080904447200,30.310447265625,169.10310934512307
1789130080920455000,30.326454833984375,164.95089789974637
1789130080936456400,30.34245654296875,163.17263495088534
1789130080952461800,30.3584619140625,164.95360797140472
1789130080968464100,30.374464111328123,163.86272376849402
1789130080984464100,30.390464111328125,162.77656368424144
1789130081000468700,30.40646875,161.91655395286944
1789130081016477000,30.422476806640624,164.40091402844962
1789130081032482000,30.43848193359375,166.96134363246307
1789130081048480800,30.454480712890625,167.56907757225855
1789130081064479200,30.470479248046875,171.8255854143938
1789130081080478700,30.486478759765625,169.55437824241164
1789130081096474000,30.50247412109375,167.85975153955175
1789130081112476700,30.5184765625,168.2317115009206
1789130081128479700,30.534479736328127,167.61153712971335
1789130081144485600,30.550485595703126,169.99202027495897
1789130081160487400,30.5664873046875,170.38027234864992
1789130081176488400,30.582488525390627,169.66729967576742
1789130081192487000,30.59848681640625,169.49699687687766
1789130081208486400,30.614486328125,170.79740278564046
1789130081224484400,30.630484375,169.80189947541666
1789130081240481000,30.64648095703125,170.1093950814852
1789130081256473300,30.662473388671874,170.3947961680389
1789130081272469000,30.678468994140626,167.35287409637752
1789130081288464000,30.6944638671875,169.62028952369323
1789130081304462800,30.710462890625,173.42944197943064
1789130081320464000,30.7264638671875,172.61936359306856
1789130081336461000,30.7424609375,172.00001641035996
1789130081352458200,30.758458251953126,168.45950270272158
1789130081368457200,30.774457275390624,170.38543026317902
1789130081384460300,30.790460205078126,176.29778726447728
1789130081400462800,30.806462890625,174.57477361749534
1789130081416468000,30.822468017578124,169.69515310267306
1789130081432474400,30.838474365234376,169.64094756286124
1789130081448476000,30.854475830078126,170.31920091095927
1789130081464477000,30.870476806640625,167.50398814393932
1789130081480475100,30.88647509765625,167.7604001387194
1789130081496474400,30.902474365234376,168.25742069460998
1789130081512479700,30.918479736328123,169.47489189239417
1789130081528474000,30.93447412109375,172.2626272003823
1789130081544472600,30.95047265625,169.01934990836338
1789130081560475400,30.966475341796876,168.53423142876892
1789130081576478200,30.982478271484375,171.0273738046484
1789130081592477000,30.998476806640625,172.1082977414734
1789130081608479500,31.0144794921875,173.01894246471295
1789130081624476700,31.0304765625,173.55839986167652
1789130081640472300,31.046472412109374,173.87306700528248
1789130081656471300,31.06247119140625,173.0616143108555
1789130081672473600,31.0784736328125,173.34079258627915
1789130081688483800,31.09448388671875,173.4969443387064
1789130081704489500,31.110489501953126,172.59627109361327
1789130081720489200,31.1264892578125,174.8366933413367
1789130081736486100,31.142486083984377,178.39099109215758
1789130081752484900,31.15848486328125,173.13357024363975
1789130081768481300,31.174481201171876,167.1839981904559
1789130081784479000,31.19047900390625,164.1886288140121
1789130081800474400,31.206474365234374,167.61301366447125
1789130081816469000,31.222468994140623,172.83955002407563
1789130081832462600,31.238462646484376,172.44365575719158
1789130081848462000,31.254462158203125,173.94580820925543
1789130081864459000,31.270458984375,174.26226535574398
1789130081880464000,31.2864638671875,174.67897873475627
1789130081896468700,31.30246875,174.57318756911818
1789130081912467700,31.3184677734375,173.08877324154338
1789130081928464400,31.33446435546875,170.63061536895412
1789130081944468700,31.35046875,167.70141005340213
1789130081960470500,31.366470458984374,164.96218341839725
1789130081976469000,31.382468994140623,164.40091402844962
1789130081992462600,31.398462646484376,170.25635898373346
1789130082008456200,31.414456298828124,169.9064788562479
1789130082024443600,31.430443603515624,164.6444512789753
1789130082040431000,31.44643115234375,163.19672410930167
1789130082056414200,31.462414306640625,164.4900290004081
1789130082072398800,31.47839892578125,169.1769889637975
1789130082088394200,31.494394287109376,171.61675150055262
1789130082104396500,31.510396484375,170.24757513033197
1789130082120395300,31.526395263671876,168.18502387800015
1789130082136393500,31.5423935546875,168.80488824087954
1789130082152389000,31.55838916015625,170.09581740862714
1789130082168389400,31.574389404296873,168.1718291004983
1789130082184390100,31.59039013671875,166.44871536925191
1789130082200389600,31.6063896484375,167.02729431455668
1789130082216389400,31.622389404296875,166.25095074915916
1789130082232387600,31.6383876953125,166.44871536925191
1789130082248393500,31.6543935546875,163.90412232111657
1789130082264395500,31.6703955078125,160.30797849291304
1789130082280396500,31.686396484375,163.1132090533196
1789130082296398000,31.702398193359375,166.39389721623942
1789130082312402400,31.71840234375,163.92115209244707
1789130082328404700,31.73440478515625,162.2995722581021
1789130082344405000,31.750405029296875,164.18080659889938
1789130082360404700,31.76640478515625,163.24104163673013
1789130082376411600,31.78241162109375,161.09924216654235
1789130082392409600,31.79840966796875,160.09152885106312
1789130082408405200,31.8144052734375,160.11483479500245
1789130082424402000,31.83040185546875,159.76173146768556
1789130082440397600,31.8463974609375,159.38181193554894
1789130082456394800,31.862394775390626,160.38479762181296
1789130082472397300,31.878397216796873,161.98789103123562
1789130082488395500,31.8943955078125,163.73979612432066
1789130082504395300,31.910395263671877,163.33045876579794
1789130082520396500,31.926396484375,160.2879672347616
1789130082536397000,31.94239697265625,162.9430335635298
1789130082552398600,31.958398681640624,167.47119166061185
1789130082568393200,31.974393310546876,162.52522489130257
1789130082584393200,31.990393310546875,161.56505237535677
1789130082600393200,32.006393310546876,161.565051177078
1789130082616390400,32.02239038085938,161.56505237535677
1789130082632389400,32.03838940429687,163.33223618120985
1789130082648384000,32.05438403320313,164.45840424652448
1789130082664382500,32.07038256835938,165.71282728624087
1789130082680381200,32.08638110351563,159.71744119508296
1789130082696372000,32.1023720703125,158.35556512359943
1789130082712362200,32.1183623046875,161.46400102005921
1789130082728361500,32.134361572265625,164.71669834091935
1789130082744355800,32.15035595703125,166.2777025763561
1789130082760350500,32.1663505859375,163.33045876579794
1789130082776342500,32.182342529296875,161.27421242849036
1789130082792332800,32.19833276367188,159.86369783536287
1789130082808323600,32.21432348632813,159.6157037744799
1789130082824318200,32.230318115234375,158.47352165077712
1789130082840313000,32.24631298828125,160.84760924442824
1789130082856308500,32.26230859375,162.110708274924
1789130082872302800,32.278302734375,158.59256278514016
1789130082888294100,32.294294189453126,157.93910035944631
1789130082904290600,32.31029052734375,160.14478662529126
1789130082920289500,32.32628955078125,161.565051177078
1789130082936285400,32.34228540039062,156.7139344661945
1789130082960284400,32.36628442382813,156.03751102542182
1789130082976281300,32.38228125,160.3461757546386
1789130082992280300,32.3982802734375,158.30489001649616
1789130083008276000,32.41427587890625,157.46154988148277
1789130083024275500,32.430275390625,158.5522629541165
1789130083040279300,32.446279296875,160.65567120960506
1789130083056286500,32.462286376953124,166.2777025763561
1789130083072295200,32.47829516601563,161.09924216654235
1789130083088301300,32.49430126953125,160.65567120960506
1789130083104303000,32.51030322265625,164.51149866451217
1789130083120307700,32.5263076171875,161.7788410567701
1789130083136318500,32.542318359375,160.97439372048342
1789130083152322000,32.55832202148437,157.2229757863544
1789130083168327000,32.574326904296875,155.97678498329515
1789130083184331300,32.590331298828126,159.99030645386188
1789130083200337400,32.60633740234375,161.6616704324067
1789130083216341200,32.62234130859375,159.13237960671626
1789130083232341800,32.638341796875,159.93429495852536
1789130083248342800,32.6543427734375,162.99205333274986
1789130083264342300,32.67034228515625,162.32389132630522
1789130083280343000,32.686343017578125,166.18023752865233
1789130083296342300,32.70234228515625,169.41836474471896
1789130083312345600,32.718345703125,168.5589562552206
1789130083328351000,32.73435107421875,166.10575308585916
1789130083344358400,32.7503583984375,164.46147590129215
1789130083360364500,32.76636450195313,165.8946428495359
1789130083376372200,32.78237231445313,165.96375653207352
1789130083392381200,32.798381103515624,167.2367859704212
1789130083408388900,32.81438891601562,169.75591285757474
1789130083424389600,32.8303896484375,169.86219553249774
1789130083440387300,32.84638720703125,170.0737542172137
1789130083456394500,32.86239453125,169.0145025626672
1789130083472408800,32.87840893554687,168.550661722397
1789130083488415000,32.8944150390625,168.2614287656698
1789130083504422400,32.91042236328125,162.8719534557815
1789130083520432000,32.92643212890625,160.18852246973356
1789130083536440600,32.94244067382812,164.29136101716642
1789130083552446500,32.95844653320312,166.855132219881
1789130083568447200,32.974447265625,166.63603597231463
1789130083584453400,32.990453369140624,167.50566611343862
1789130083600458500,33.00645849609375,166.63603597231463
1789130083616462000,33.022462158203126,169.06618287413767
1789130083632470000,33.038469970703126,171.71059554253065
1789130083648477700,33.054477783203126,168.34615931179857
1789130083664487000,33.07048681640625,166.12247004829672
1789130083680494300,33.08649438476562,165.44357556924683
1789130083696500700,33.10250073242187,166.10880869211005
1789130083712512000,33.11851196289062,168.17851213125385
1789130083728525300,33.134525390625,167.10625615923846
1789130083744527600,33.15052758789062,166.04752281927676
1789130083760531500,33.16653149414063,166.13031341431375
1789130083784543000,33.19054296875,168.16988673357557
1789130083800548400,33.20654833984375,164.5778392347205
1789130083816554500,33.22255444335938,161.33768746698922
1789130083832553500,33.23855346679687,166.41703678022566
1789130083848562000,33.25456201171875,165.8790002774123
1789130083864566500,33.27056640625,164.80475118232746
1789130083880569600,33.28656958007812,166.9001567041568
1789130083896578600,33.30257861328125,168.82616123216948
1789130083912587000,33.3185869140625,168.6248841825722
1789130083928595200,33.33459521484375,162.4586732876339
1789130083944600800,33.35060083007812,162.2799336289248
1789130083960607500,33.366607421875,164.3100061651261
1789130083976612900,33.38261279296875,163.62798707185618
1789130083992620500,33.39862060546875,163.71507715735683
1789130084008628700,33.41462866210937,163.24104163673013
1789130084024640300,33.43064013671875,164.2638644053905
1789130084040652800,33.44665283203125,165.35262406715694
1789130084056655400,33.4626552734375,167.90524322587876
1789130084072653300,33.4786533203125,165.39326252026004
1789130084088656400,33.49465649414063,164.56657484390922
1789130084104661200,33.5106611328125,163.1013512224672
1789130084120666400,33.526666259765626,158.4355934416626
1789130084136672500,33.54267260742188,160.6492109195766
1789130084152674000,33.558674072265624,166.8201311324863
1789130084168673800,33.574673828125,167.7352266243608
1789130084184675800,33.59067578125,167.6278452196376
1789130084200676000,33.60667602539063,165.59997904425518
1789130084216675600,33.62267553710937,161.7788410567701
1789130084232676000,33.63867602539062,165.37912589623664
1789130084248673000,33.654673095703124,168.21767476699574
1789130084264674300,33.67067431640625,165.96375653207352
1789130084280676000,33.686676025390625,167.58570785210472
1789130084296676600,33.702676513671875,172.01067374901126
1789130084312680000,33.71867993164062,169.57928742135806
1789130084328687900,33.73468798828125,165.8849460337394
1789130084344689700,33.75068969726563,166.74112710538392
1789130084360694000,33.76669409179687,165.13464190875354
1789130084376694300,33.7826943359375,165.87681385442832
1789130084392694300,33.7986943359375,165.23738373049014
1789130084408688600,33.814688720703124,162.4349864480194
1789130084424682200,33.83068212890625,163.0573883477772
1789130084440683300,33.84668334960938,161.86713599604565
1789130084456680700,33.8626806640625,164.01036153625154
1789130084472683300,33.878683349609375,167.71904544904024
1789130084488684000,33.89468408203125,165.50613193556575
1789130084504684500,33.9106845703125,164.39916226462972
1789130084520687000,33.92668701171875,165.668927720099
1789130084536687600,33.9426875,170.46676727448488
1789130084552686800,33.95868676757812,169.26733464531517
1789130084568689200,33.97468920898437,165.49983242992062
1789130084584689000,33.99068896484375,167.82854155442743
1789130084600685800,34.00668579101563,168.01248827116143
1789130084616686000,34.02268603515625,168.61613730225028
1789130084632685000,34.03868505859375,170.2724214260297
1789130084648679400,34.054679443359376,165.668927720099
1789130084664683300,34.070683349609375,162.57456497559858
1789130084680682800,34.08668286132813,164.96218504249285
1789130084696681500,34.10268139648438,164.26799523581468
1789130084712676000,34.11867602539063,159.17478129137706
1789130084728672500,34.13467260742188,160.3461757546386
1789130084744669700,34.15066967773438,160.82099216615637
1789130084760671500,34.16667138671875,157.70284344466427
1789130084776672300,34.18267236328125,158.49856540448195
1789130084792668000,34.19866796875,160.43621629757698
1789130084808670200,34.21467016601562,162.59729591482485
1789130084824675000,34.230675048828125,164.00641575716844
1789130084840680400,34.24668041992187,163.66975176497897
1789130084856683500,34.26268359375,165.77403627099508
1789130084872683300,34.27868334960937,167.69946108414175
1789130084888688400,34.2946884765625,167.47119170492536
1789130084904686000,34.31068603515625,166.70142964574524
1789130084920685300,34.326685302734376,164.63153735144985
1789130084936681500,34.34268139648437,163.1132090533196
1789130084952677000,34.358677001953126,162.89727113350304
1789130084968672300,34.37467236328125,159.51964261568344
1789130084984673300,34.39067333984375,158.868329633082
1789130085000670500,34.40667041015625,162.04052393892326
1789130085016667600,34.422667724609376,162.9509690833841
1789130085032660200,34.43866015625,161.19219872299027
1789130085048658000,34.45465795898438,156.37062094228753
1789130085064660500,34.47066040039063,156.07074520282768
1789130085080660500,34.486660400390626,156.50143494455114
1789130085096658000,34.50265795898437,158.96248877898284
1789130085112651000,34.51865112304687,165.33217495233677
1789130085128647700,34.53464770507812,170.4068655945624
1789130085144649700,34.55064965820313,170.53767753558589
1789130085160650200,34.56665014648438,164.90447875160854
1789130085176660000,34.58265991210938,163.90918282202122
1789130085192666000,34.598666015625,169.0578145324654
1789130085208673300,34.61467333984375,171.31364524709662
1789130085224671500,34.63067138671875,165.41108180729847
1789130085240671200,34.64667114257813,159.92847433354544
1789130085256673300,34.66267333984375,159.06563158950317
1789130085272667600,34.678667724609376,162.45427143335345
1789130085288665000,34.6946650390625,164.7100090913109
1789130085304666000,34.710666015625,163.65711806099966
1789130085320666600,34.72666650390625,166.18497445679836
1789130085336669400,34.74266943359375,164.88652722306503
1789130085352671200,34.75867114257812,161.80578858100574
1789130085368675000,34.77467504882812,161.8008361229115
1789130085384675600,34.79067553710937,160.80692760730642
1789130085400679000,34.80667895507813,160.39155850713695
1789130085416679000,34.822678955078125,161.67460396901743
1789130085432682500,34.8386826171875,163.48218586648068
1789130085448682500,34.8546826171875,166.85275832064394
1789130085464684300,34.870684326171876,166.3099500646048
1789130085480684800,34.886684814453126,163.26851332939478
1789130085496686600,34.9026865234375,164.95719882263737
1789130085512694300,34.9186943359375,164.39916226462972
1789130085528699400,34.93469946289063,163.723738477473
1789130085544705800,34.95070581054687,161.56505203622132
1789130085560709000,34.966709228515626,159.71079952108707
1789130085576711000,34.9827109375,164.38901137497712
1789130085592714800,34.99871484375,165.96375653207352
1789130085608715800,35.0147158203125,162.4349864480194
1789130085624719400,35.03071923828125,163.04015352275755
1789130085640723500,35.04672338867187,166.1651474530195
1789130085656730400,35.06273046875,165.77922988046504
1789130085672740400,35.078740234375,164.3577536553892
1789130085688751000,35.094751220703124,166.91700922877632
1789130085704756700,35.1107568359375,170.47271693799368
1789130085720765200,35.12676513671875,167.3196166436192
1789130085736770000,35.14277001953125,163.8012716622691
1789130085752774100,35.15877416992188,163.71507715735683
1789130085768775700,35.17477563476562,163.62984854319876
1789130085784777000,35.19077685546875,164.99868030543024
1789130085800779000,35.206779052734376,165.0942415534731
1789130085816786400,35.222786376953124,163.3421544045538
1789130085832789000,35.2387890625,161.1662474550103
1789130085848790300,35.25479028320313,160.01689398943742
1789130085864797000,35.270796875,160.3715619308883
1789130085880807000,35.286806884765625,159.16332490086137
1789130085896814300,35.302814453125,159.94390518749987
1789130085912815600,35.31881567382813,161.56504965925808
1789130085928812500,35.3348125,161.78712739673202
1789130085944812800,35.350812744140626,162.5623628737629
1789130085960812300,35.36681225585937,161.7639950514528
1789130085976812500,35.3828125,159.51964261568344
1789130085992812500,35.3988125,155.7255580411855
1789130086008814000,35.41481396484375,157.13150410770098
1789130086024815000,35.43081518554688,156.88579327690852
1789130086040814600,35.44681469726562,152.42543701204008
1789130086056813000,35.46281298828125,149.84317330552074
1789130086072812500,35.4788125,146.53850524769578
1789130086088809000,35.49480908203125,148.98756517978606
1789130086104809200,35.510809326171874,152.9044479941886
1789130086120804400,35.526804443359374,150.28999132533121
1789130086136799500,35.542799560546875,146.86149937903008
1789130086152799700,35.5587998046875,146.7029005000725
1789130086168804000,35.57480419921875,150.7621491491283
1789130086184808200,35.59080810546875,148.62139869071385
1789130086200815000,35.60681518554688,147.74741567215588
1789130086216818000,35.62281787109375,153.1721262292152
1789130086232822800,35.63882275390625,155.942650388561
1789130086248829700,35.65482958984375,158.57470511128253
1789130086264833000,35.6708330078125,163.30075548750733
1789130086280837000,35.686837158203126,164.16200096312187
1789130086296841200,35.70284130859375,156.93538369426884
1789130086312847600,35.71884765625,155.2726863287513
1789130086328854500,35.7348544921875,159.31930839268676
1789130086344860700,35.750860595703124,158.32535000841796
1789130086360861200,35.766861083984374,152.38238863036588
1789130086376863500,35.782863525390624,152.27174134622368
1789130086392861000,35.79886083984375,156.80140892558094
1789130086408865000,35.814864990234376,158.552263069121
1789130086424863700,35.83086376953125,158.9123164002624
1789130086440864000,35.846864013671876,160.53998853625293
1789130086456855000,35.86285498046875,164.81416226176697
1789130086472849000,35.87884887695313,163.3987534403462
1789130086488853000,35.89485302734375,155.81048469745295
1789130086504855000,35.91085498046875,152.7446711624413
1789130086520860000,35.92685986328125,152.10272896905238
1789130086544866600,35.95086645507813,145.81387795732383
1789130086560869000,35.966869140625,147.17798469552494
1789130086576870000,35.98286987304687,148.11454392301354
1789130086592870000,35.99886987304688,150.6109890589032
1789130086608867300,36.014867431640624,153.434948822922
1789130086624866600,36.030866455078126,156.75709655057724
1789130086640865300,36.046865234375,156.98243750281452
1789130086656862000,36.06286206054688,157.46321263321954
1789130086672858000,36.078858154296874,158.00259624998557
1789130086688857300,36.094857421875,158.46789810830185
1789130086704852200,36.11085229492188,162.83808101733374
1789130086720852000,36.12685205078125,167.0740007445143
1789130086736850400,36.14285034179687,162.69947233396869
1789130086752851500,36.1588515625,162.28420617777437
1789130086768852000,36.17485205078125,153.561708064728
1789130086784847000,36.19084716796875,151.24563236439732
1789130086800839700,36.206839599609374,153.81188795582764
1789130086816829400,36.222829345703126,151.00102412773185
1789130086832826000,36.238826171875,150.6422449831997
1789130086848828000,36.254827880859374,150.88716763040594
1789130086864833800,36.27083374023437,154.86704372722605
1789130086880838700,36.286838623046876,152.65897985063717
1789130086896842000,36.30284204101562,149.48976216278768
1789130086912844800,36.3188447265625,149.18429528197328
1789130086928847000,36.33484716796875,148.2801850499298
1789130086944846800,36.35084692382812,147.10657775284776
1789130086960851500,36.3668515625,143.86462463559224
1789130086976855300,36.38285522460937,144.3400262879419
1789130086992855600,36.39885546875,148.13402240235965
1789130087008860400,36.4148603515625,148.78159815307328
1789130087024861200,36.430861083984375,148.9457293279814
1789130087040862500,36.44686254882812,149.78272756180414
1789130087056868600,36.46286865234375,151.73875914859036
1789130087072877600,36.47887768554688,156.27497082325473
1789130087088883500,36.494883544921876,165.13464190875354
1789130087104887000,36.51088696289062,165.12904282743168
1789130087120889000,36.52688916015625,165.02712385974323
1789130087136891000,36.54289086914063,170.71307278572243
1789130087152893200,36.55889306640625,164.29136101716642
1789130087168893700,36.57489379882813,160.369298437078
1789130087184896000,36.59089599609375,166.75948008481282
1789130087200896000,36.60689599609375,172.8749836510982
1789130087216902700,36.62290258789063,173.61583614570685
1789130087232902700,36.63890258789063,175.5391519862074
1789130087248905500,36.65490551757812,178.76359247296614
1789130087264909600,36.67090966796875,177.9249736952949
1789130087280907500,36.686907470703126,177.21697913660623
1789130087296907500,36.702907470703124,180
1789130087312905500,36.71890551757812,179.23610155614244
1789130087328904000,36.73490405273437,173.8588892028096
1789130087344900000,36.750900146484376,171.5214482541288
1789130087368892000,36.774891845703124,172.67359352266362
1789130087384891600,36.7908916015625,168.2614287656698
1789130087400893400,36.8068935546875,164.38415662899104
1789130087416894000,36.82289404296875,167.95742511842988
1789130087432900000,36.83890014648438,162.36553866034492
1789130087448909600,36.85490966796875,162.47443212807525
1789130087464921000,36.870921142578126,173.79655206286165
1789130087480931300,36.88693139648438,176.03968830361674
1789130087496940300,36.902940185546875,172.5853699926056
1789130087512949000,36.91894897460938,176.16040371053973
1789130087528953300,36.93495336914062,173.99099410098313
1789130087544957700,36.95095776367187,171.2538377922793
1789130087560961800,36.9669619140625,175.11159916926775
1789130087576963000,36.982963134765626,172.06444935510234
1789130087592968700,36.99896875,172.56859196837266
1789130087608972800,37.014972900390624,165.41957951017093
1789130087624976000,37.03097583007813,164.77357139689025
1789130087640976600,37.0469765625,172.92646268342824
1789130087656985300,37.0629853515625,172.2348341355118
1789130087672991200,37.0789912109375,171.75928805362378
1789130087688995000,37.0949951171875,169.7266687039648
1789130087705001000,37.1110009765625,171.76438098465667
1789130087721011000,37.12701098632812,172.73304534695896
1789130087737017900,37.14301782226563,171.98290693741612
1789130087761026800,37.16702685546875,166.3012826907059
1789130087777033000,37.18303295898438,168.14699523399122
1789130087793031400,37.19903149414063,169.11447283708023
1789130087809038600,37.21503857421875,170.11859404980208
1789130087825046500,37.231046630859375,174.2176075286826
1789130087849064400,37.255064453125,175.2363583092738
1789130087865075200,37.2710751953125,177.70939005586217
1789130087881080800,37.287080810546875,178.80651054309345
1789130087897079000,37.3030791015625,178.27733797097346
1789130087913082600,37.31908251953125,179.11859599079108
1789130087929083100,37.33508325195312,174.8055712358169
1789130087945091300,37.35109130859375,161.87813904961408
1789130087961103000,37.36710302734375,157.84455251144303
1789130087977116700,37.38311669921875,161.13099964665923
1789130087993132500,37.39913256835938,161.35046016011867
1789130088009143300,37.415143310546874,156.88955703556744
1789130088025154000,37.43115405273438,156.8014100216331
1789130088041166800,37.447166748046875,162.68436506440213
1789130088057172700,37.4631728515625,163.752368715009
1789130088073177900,37.479177734375,167.03074621837249
1789130088089182700,37.4951826171875,169.5994474281638
1789130088105190700,37.511190673828125,169.92752200971555
1789130088121196800,37.52719677734375,172.63525359439237
1789130088137200600,37.54320068359375,169.2490327779418
1789130088153204000,37.55920385742188,167.78068739440232
1789130088169204200,37.57520434570313,171.5876542896958
1789130088185209300,37.59120922851562,169.40523485693066
1789130088201217000,37.60721704101562,170.20379067181824
1789130088217222700,37.62322265625,169.08411705313367
1789130088233234700,37.63923461914062,163.41266163240562
1789130088249247200,37.65524731445313,163.78661814107016
1789130088265250600,37.67125048828125,166.80353676672422
1789130088281257700,37.6872578125,166.13897227409674
1789130088297265400,37.70326538085938,168.03487073700677
1789130088313277200,37.71927709960938,165.71282728624087
1789130088329287200,37.735287109375,162.53607262430302
1789130088345292000,37.7512919921875,165.32360746645708
1789130088361295400,37.76729541015625,167.2863678689468
1789130088377297200,37.78329711914063,169.21570209685237
1789130088393303000,37.79930297851563,171.75928805362378
1789130088409311200,37.81531127929688,169.23185507087737
1789130088425316600,37.831316650390626,169.11447283708023
1789130088441325600,37.84732568359375,169.4690717132662
1789130088457335300,37.86333520507812,166.65716566386232
1789130088473346800,37.87934692382812,164.678491176959
1789130088489353500,37.895353515625,163.52311781722287
1789130088505357800,37.91135791015625,167.12499815336767
1789130088521364000,37.92736401367188,167.59258208065373
1789130088537370600,37.94337060546875,164.00641575716844
1789130088553376300,37.95937622070313,164.05460448959684
1789130088569382700,37.97538256835937,167.59258208065373
1789130088585388800,37.99138891601562,168.03487073700677
1789130088601397000,38.00739697265625,169.42647690411596
1789130088617407000,38.023406982421875,171.0850728007983
1789130088633417200,38.03941723632813,172.5853699926056
1789130088657432600,38.0634326171875,170.53767779197437
1789130088729481700,38.13548168945312,167.1957341903102
1789130088745492000,38.151491943359375,163.47047063086657
1789130088761497600,38.16749755859375,163.40524523210283
1789130088785507000,38.191507080078125,164.15691819013514
1789130088801516000,38.20751611328125,167.1458822801001
1789130088817516000,38.22351611328125,169.86219553249774
1789130088833518600,38.2395185546875,167.7995316896754
1789130088849524200,38.25552416992188,171.19320723940632
1789130088865532400,38.27153247070312,171.39551832983784
1789130088881538300,38.28753833007813,169.50852253473806
1789130088897546000,38.3035458984375,170.26301110237762
1789130088913555000,38.319554931640624,169.8981230872726
1789130088929564700,38.335564697265625,169.99202027495897
1789130088945574700,38.35157470703125,168.69006711551165
1789130088961581800,38.36758178710937,169.21570209685237
1789130088977595100,38.38359521484375,169.5922883053031
1789130088993609200,38.399609130859375,165.49335809985783
1789130089009617200,38.4156171875,166.34958051423436
1789130089025625900,38.4316259765625,165.70644281502638
1789130089041630200,38.44763012695312,163.47047063086657
1789130089057640400,38.463640380859374,167.6278452196376
1789130089073650200,38.479650146484374,167.58570785210472
1789130089089658000,38.495658203125,163.26851332939478
1789130089105665800,38.511665771484374,161.3753309209921
1789130089121672700,38.52767260742188,164.3704046496153
1789130089137675300,38.54367529296875,168.49226895818748
1789130089153680000,38.55967993164062,168.0031002155595
1789130089169683200,38.57568310546875,167.47119166061185
1789130089185685200,38.591685302734376,169.18216678051934
1789130089201687300,38.607687255859375,170.53767753558589
1789130089217692000,38.62369189453125,166.33884596134567
1789130089233701400,38.639701416015626,163.7397943202833
1789130089249707000,38.65570703125,168.690067369611
1789130089265710000,38.6717099609375,168.96752663330176
1789130089281711000,38.68771118164062,165.88494603373937
1789130089297716000,38.703716064453126,165.79323403651284
1789130089313716700,38.719716796875,164.93151142179886
1789130089329718300,38.73571826171875,164.05460409907712
1789130089345717500,38.751717529296876,166.855132219881
1789130089361719800,38.7677197265625,166.20619052548415
1789130089377721600,38.7837216796875,165.96375653207352
1789130089393725700,38.7997255859375,167.43653104767705
1789130089409730800,38.81573071289063,165.7302160890211
1789130089425735200,38.83173510742188,168.75095611316934
1789130089441736200,38.84773608398437,173.11827614700445
1789130089457734100,38.86373413085938,172.64762122268945
1789130089473734700,38.87973461914063,168.20275189549275
1789130089489732900,38.89573291015625,167.47119166061185
1789130089505733600,38.91173364257813,163.7397943202833
1789130089521737200,38.9277373046875,162.60248750139016
1789130089537740300,38.943740234375,167.50959424731698
1789130089553733600,38.95973364257812,169.88796007849385
1789130089569730600,38.97573046875,166.7198152662249
1789130089585728500,38.991728515625,165.25643722906554
1789130089601727500,39.0077275390625,168.62289855915728
1789130089617724000,39.02372387695313,171.92410382818554
1789130089633727000,39.03972705078125,172.5348090746803
1789130089649730300,39.05573022460938,173.41805556640153
1789130089665732400,39.071732421875,171.0982843219398
1789130089681730000,39.08772998046875,166.32869195711223
1789130089697731600,39.10373168945313,167.53824441736774
1789130089713730300,39.11973022460938,172.06444935510234
1789130089729731800,39.13573193359375,175.06078426412788
1789130089745735000,39.15173486328125,174.77180790976894
1789130089761738200,39.16773828125,172.68447487966452
1789130089777741000,39.183740966796876,174.8055712358169
1789130089793747000,39.199746826171875,173.82982512072547
1789130089809756000,39.215755859375,171.33939585586802
1789130089825763300,39.23176342773438,175.16957996883858
1789130089841767200,39.24776708984375,169.49493584531044
1789130089857774000,39.263774169921874,169.28687743881673
1789130089873778200,39.27977807617187,175.17478313008246
1789130089889779700,39.29577978515625,174.98688648835315
1789130089905786400,39.31178637695312,175.84614697666436
1789130089921793800,39.32779370117188,174.2577170035776
1789130089937797400,39.34379736328125,178.82285519542503
1789130089953803300,39.35980322265625,175.66173333238905
1789130089969814000,39.37581396484375,170.53767710827174
1789130089985824000,39.39182397460937,172.17092342011276
1789130090001833500,39.40783349609375,171.308692901861
1789130090017843200,39.42384326171875,171.06438612226455
1789130090033856000,39.43985595703125,173.20211757847622
1789130090049866000,39.45586596679688,172.3549868240283
1789130090065875700,39.47187573242188,169.13918560104025
1789130090081885200,39.48788525390625,167.5740574464533
1789130090097895000,39.50389501953125,165.6577730313462
1789130090113898500,39.5198984375,169.20048477986097
1789130090129902000,39.53590209960937,177.25738856819666
1789130090145913600,39.55191357421875,180
1789130090161928700,39.5679287109375,177.9423540398031
1789130090177937000,39.58393701171875,177.49490706174672
1789130090193948200,39.5999482421875,175.37342948523693
1789130090209955800,39.61595581054687,174.32075050382164
1789130090225960400,39.63196044921875,176.51067535564465
1789130090241966300,39.64796630859375,174.50767538725438
1789130090257973800,39.66397387695312,172.5041427089864
1789130090273974000,39.67997412109375,175.20576820626832
1789130090289975800,39.695975830078126,176.1155083522281
1789130090305974000,39.71197412109375,176.0424470696095
1789130090321968000,39.72796801757813,178.91223615391795
1789130090337960200,39.743960205078125,177.00469683519407
1789130090353960200,39.75996020507812,172.32758862834368
1789130090369960700,39.77596069335937,171.6600242183713
1789130090385965800,39.7919658203125,176.63353947395908
1789130090401967600,39.807967529296874,180
1789130090417970400,39.82397045898438,178.0801899117435
1789130090433976600,39.8399765625,176.68657465677822
1789130090449992400,39.85599243164062,177.4968601720686
1789130090466007800,39.8720078125,179.36340644950604
1789130090482016000,39.88801611328125,187.1250163489018
1789130090498022000,39.90402197265625,189.91652620733527
1789130090514024200,39.920024169921874,183.14112956557142
1789130090530026800,39.93602685546875,181.38035403731834
1789130090546027000,39.952027099609374,178.9520234153438
1789130090562029300,39.968029296875,178.89118794269515
1789130090578038000,39.9840380859375,182.13425870439337
1789130090594040300,40.00004028320313,183.55417808022693
1789130090610040600,40.01604052734375,183.8607325353154
1789130090626043000,40.03204296875,184.24845437409948
1789130090642049500,40.04804956054687,185.07213304256138
1789130090658052600,40.064052490234374,184.8713911482757
1789130090674051300,40.08005126953125,181.60002465390906
1789130090690054100,40.09605419921875,179.67445929215353
1789130090706057500,40.11205737304687,182.2776090023643
1789130090722058200,40.128058349609375,182.96093604416552
1789130090738060500,40.144060546875,185.06361693899564
1789130090754067200,40.16006713867188,185.1944288744103
1789130090770067700,40.17606762695313,182.44406794356655
1789130090786067700,40.192067626953126,182.44406794356655
1789130090802063600,40.20806372070312,183.73950340409021
1789130090826064400,40.232064453125,180
1789130090842066700,40.248066650390626,178.71986044172675
1789130090858069200,40.2640693359375,180.64374573887324
1789130090874072800,40.28007275390625,180
1789130090890075100,40.2960751953125,178.75463575675715
1789130090906081500,40.31208154296875,180
1789130090922088000,40.328087890625,179.67259911647344
1789130090938096600,40.3440966796875,180.32740088352656
1789130090954112300,40.3601123046875,183.96791792411526
1789130090970122800,40.37612280273437,185.3227506511678
1789130090986140400,40.392140380859374,184.84984393707
1789130091002149400,40.4081494140625,182.53076304104428
1789130091018156500,40.424156494140625,180
1789130091034165000,40.4401650390625,181.60002465390906
1789130091050169300,40.45616943359375,178.73400098788372
1789130091066177300,40.47217724609375,173.30873547632805
1789130091090179800,40.496179931640626,169.55437824241164
1789130091106183200,40.51218310546875,162.85444861059372
1789130091122186800,40.52818676757813,159.32557534554851
1789130091138193700,40.54419360351562,158.73698401172405
1789130091154199000,40.56019897460938,160.81009994325208
1789130091170209500,40.57620947265625,161.8041152777021
1789130091186215400,40.59221533203125,161.26663803285058
1789130091202222000,40.60822216796875,164.22441943187397
1789130091218226200,40.62422607421875,171.36658015433554
1789130091234234000,40.640234130859376,176.4637465756863
1789130091250236700,40.65623657226563,170.62790720785588
1789130091266237700,40.67223779296875,167.4096173562035
1789130091282239700,40.68823974609375,167.439763182665
1789130091298250200,40.704250244140624,169.569779451153
1789130091314262300,40.72026220703125,175.26092775585028
1789130091330269400,40.73626953125,181.74628148920092
1789130091346277600,40.752277587890624,178.2211997622032
1789130091362284000,40.768283935546876,172.54294488430767
1789130091378298600,40.78429858398437,173.82982495428584
1789130091394314000,40.80031396484375,178.0908476828195
1789130091410322400,40.81632250976563,178.47653526306334
1789130091426331600,40.83233154296875,179.37384153435653
1789130091442341600,40.848341552734375,178.85993594121672
1789130091458357000,40.86435693359375,178.33971771264183
1789130091474372400,40.880372314453126,182.3984212725719
1789130091490378000,40.8963779296875,183.26203333422535
1789130091506380300,40.91238037109375,180.28647650387393
1789130091522389000,40.92838891601563,180.5906572324147
1789130091538400500,40.944400390625,184.37476232657792
1789130091554411300,40.960411376953125,184.58609905466344
1789130091570422000,40.97642211914062,180.8859466021701
1789130091586428400,40.99242846679687,178.04431869379198
1789130091602439400,41.008439453125,179.72186733119474
1789130091618450200,41.0244501953125,183.11698847116713
1789130091634456000,41.0404560546875,184.51398848933957
1789130091650461700,41.05646166992187,183.73139685184265
1789130091666470700,41.072470703125,179.72186733119474
1789130091682472700,41.08847265625,178.37117510993258
1789130091698472200,41.10447216796875,180.55625223009824
1789130091714469000,41.12046923828125,181.9274958971848
1789130091730469600,41.1364697265625,181.38368687642995
1789130091746468000,41.15246801757812,181.36392751225392
1789130091762467300,41.16846728515625,181.57654999654213
1789130091778466300,41.18446630859375,183.3018656534552
1789130091794459600,41.20045971679688,181.62882489006742
1789130091810456000,41.2164560546875,179.47676540520754
1789130091826457600,41.23245751953125,176.70785287811833
1789130091842458600,41.248458740234376,179.1930705627716
1789130091858458000,41.2644580078125,186.14662571291595
1789130091874453500,41.28045361328125,185.79279641614337
1789130091890451500,41.29645141601563,186.27729817466607
1789130091906453200,41.31245336914063,185.91626909982975
1789130091922454800,41.328454833984374,184.1050984172315
1789130091938456300,41.34445629882813,186.91953345304563
1789130091954455300,41.36045532226562,189.36651023380028
1789130091978459000,41.384458984375,185.042450808601
1789130091994459100,41.40045922851562,183.70842803078585
1789130092010453200,41.416453369140626,182.79889837225096
1789130092026453000,41.43245288085937,188.85430856158385
1789130092042455300,41.44845532226562,188.76758169316156
1789130092058455800,41.46445581054687,184.56322976421083
1789130092074458400,41.480458251953124,186.10609400554605
1789130092090460700,41.496460693359374,189.28856701073443
1789130092106468000,41.51246801757812,185.65707096692535
1789130092122469000,41.52846923828125,182.30082492420584
1789130092138466300,41.54446630859375,184.76364185600602
1789130092154467300,41.56046728515625,188.38061306304806
1789130092170465000,41.576465087890625,187.59464316975044
1789130092186464800,41.59246484375,185.32574041403447
1789130092202470100,41.60847021484375,187.24869873684924
1789130092218467600,41.62446752929687,187.0283965826334
1789130092234464000,41.64046411132812,190.47202809167183
1789130092250459000,41.656458984375,189.97771246868416
1789130092266457900,41.67245776367187,185.17105239257242
1789130092282455000,41.688455078125,186.60208021038673
1789130092298452500,41.704452392578126,186.4774596333543
1789130092314451500,41.72045141601563,188.4176566864352
1789130092330456800,41.736456787109375,192.69958421738122
1789130092346465300,41.75246533203125,191.76828910038668
1789130092362471200,41.76847119140625,188.55555841776805
1789130092378474000,41.78447387695312,187.49585779471485
1789130092394476000,41.80047607421875,189.377060097374
1789130092410482200,41.81648217773437,192.20046848906293
1789130092426488300,41.83248828125,190.10742757730773
1789130092442491400,41.848491455078126,188.38061306304806
1789130092458493000,41.86449291992187,189.2519860783965
1789130092474498300,41.88049829101563,191.75793610588474
1789130092490501000,41.89650122070312,191.99083493638787
1789130092506502700,41.912502685546876,188.9102810585971
1789130092522500400,41.92850024414062,187.68963509979406
1789130092538497000,41.9444970703125,186.88172338048352
1789130092554496300,41.960496337890625,184.51398835354016
1789130092570495500,41.97649560546875,187.6619508896558
1789130092586487600,41.99248754882812,186.4218483076785
1789130092602484200,42.00848413085937,183.0622869892836
1789130092618485000,42.024485107421874,183.76985380378878
1789130092634482700,42.04048266601563,187.7335977526183
1789130092650477300,42.056477294921876,191.90160586556559
1789130092666474800,42.07247485351562,188.53076523884303
1789130092682474000,42.088473876953124,187.88688342361831
1789130092698469000,42.10446923828125,187.9548864045379
1789130092714466800,42.120466796875,188.76410116763654
1789130092730468900,42.13646875,189.73423238711666
1789130092746466600,42.152466552734374,188.90171595762462
1789130092762463200,42.168463134765624,187.75521672153448
1789130092778461400,42.18446142578125,186.93135719337775
1789130092802465500,42.208465576171875,183.26428369285023
1789130092818467000,42.22446704101562,186.7661746854978
1789130092834468400,42.24046826171875,184.00182652639342
1789130092850468600,42.256468505859374,183.46125375992963
1789130092866472400,42.27247241210937,192.3167004845566
1789130092882478600,42.288478515625,192.09475707701208
1789130092898484000,42.30448388671875,187.24059048340237
1789130092914489600,42.320489501953126,184.28915314015276
1789130092930490000,42.33648999023438,184.13467119839262
1789130092946494700,42.35249462890625,182.81910598797836
1789130092962500900,42.3685009765625,178.7029586995809
1789130092978504200,42.384504150390626,182.01347539823868
1789130092994507500,42.40050756835937,190.38885757072575
1789130093010514000,42.416513916015624,190.53386234327246
1789130093026519000,42.43251904296875,189.2726013523339
1789130093042533600,42.44853369140625,188.93703141911664
1789130093058542000,42.4645419921875,186.9856111830977
1789130093074547200,42.480547119140624,187.96961003704718
1789130093090551300,42.49655126953125,187.94347148850662
1789130093106551800,42.5125517578125,189.1340883110123
1789130093122552800,42.528552734375,189.31708620444448
1789130093138555000,42.544554931640626,188.8940013330764
1789130093154550300,42.56055029296875,189.0488905703818
1789130093170551000,42.57655102539063,189.7152017875631
1789130093186551300,42.59255126953125,193.7465805269415
1789130093202553900,42.60855395507812,188.52027113727084
1789130093218555000,42.624554931640624,186.8427730698483
1789130093234555400,42.640555419921874,191.52581622543795
1789130093250562300,42.65656225585938,191.43849375317467
1789130093266576100,42.672576171875,189.19880830160406
1789130093282579500,42.688579345703126,185.53463752466433
1789130093298584600,42.70458447265625,187.15182742346565
1789130093314590700,42.7205908203125,188.58362117898017
1789130093330599700,42.736599609375,190.74266606072896
1789130093346602500,42.7526025390625,194.03624346792648
1789130093362611200,42.768611083984375,195.33691150737667
1789130093378616800,42.784616943359374,196.76520122194304
1789130093394615800,42.80061572265625,194.97543396388613
1789130093410615800,42.81661572265625,191.22416015439148
1789130093426620000,42.83261987304687,194.03624346792648
1789130093442624000,42.8486240234375,196.18252237755405
1789130093458627300,42.86462744140625,194.63827796862742
1789130093474630000,42.8806298828125,194.40284689099468
1789130093490631700,42.896631591796876,192.71751277077837
1789130093506632700,42.9126328125,192.27385239993032
1789130093522634500,42.928634521484376,193.25284904097077
1789130093538630400,42.94463037109375,195.73497087636648
1789130093554631200,42.960631103515624,193.0582430825198
1789130093570628000,42.976628173828125,189.3939912944294
1789130093586628900,42.99262890625,190.90126801439663
1789130093602633000,43.008633056640626,188.13010279839594
1789130093618640600,43.024640625,189.7275785739703
1789130093634651000,43.04065087890625,193.1204032201194
1789130093650663700,43.05666357421875,192.61932202779622
1789130093666671400,43.07267138671875,195.1409840895476
1789130093682687200,43.08868725585938,188.04062457507194
1789130093698693600,43.10469360351563,178.4622275775142
1789130093714699300,43.12069921875,181.17714480457497
1789130093730707500,43.13670751953125,185.76988531781154
1789130093746717200,43.15271728515625,186.88172347053873
1789130093762723800,43.16872387695312,183.85248524382305
1789130093778730800,43.18473071289063,180.1955479727487
1789130093794741000,43.20074096679687,179.80174550497668
1789130093810755000,43.216755126953124,177.6940332670463
1789130093826771500,43.232771484375,174.5937880994156
1789130093842787600,43.24878759765625,176.55914295509308
1789130093858798300,43.26479833984375,185.17642836570852
1789130093874802700,43.280802734375,189.3349978287489
1789130093890812000,43.29681201171875,192.09475729913208
1789130093906815700,43.312815673828126,193.1340231060907
1789130093922819600,43.328819580078125,190.25119851794645
1789130093938819600,43.34481958007812,191.15187554371548
1789130093954823400,43.36082348632812,191.6277978059148
1789130093970819600,43.37681958007813,190.78429802085194
1789130093986819300,43.3928193359375,193.14724167935606
1789130094002829800,43.40882983398438,192.5913351003053
1789130094018833700,43.42483374023438,194.93141668092645
1789130094034838300,43.44083837890625,196.583221075268
1789130094058835700,43.464835693359376,189.91652620733527
1789130094074833700,43.480833740234374,189.76177449380668
1789130094090839300,43.49683935546875,191.309932630389
1789130094106847700,43.51284765625,190.96033591399978
1789130094122855000,43.52885498046875,193.1204032201194
1789130094138864600,43.54486474609375,190.52078440370389
1789130094154867700,43.56086767578125,191.662397872799
1789130094170870800,43.57687084960938,197.26845347303396
1789130094186875400,43.59287548828125,199.7369018598717
1789130094202877200,43.60887719726563,198.1751055242084
1789130094218881500,43.62488159179688,194.42077277885406
1789130094234884000,43.64088403320312,196.37842186943686
1789130094250891300,43.65689135742188,198.30846890019419
1789130094266900500,43.672900390625,195.59717867794743
1789130094282905000,43.688905029296876,195.83799903687813
1789130094298903600,43.704903564453126,195.55457100058575
1789130094314906000,43.720906005859376,197.37621560832483
1789130094330907400,43.73690747070312,201.36264880524448
1789130094346910700,43.75291064453125,199.57312632947418
1789130094362911000,43.768910888671876,195.06848793110552
1789130094378914300,43.78491430664062,195.4221607652795
1789130094394919700,43.80091967773438,199.72227759207632
1789130094410923500,43.81692358398438,197.9848222946164
1789130094426926600,43.83292651367187,197.20297201492107
1789130094442930200,43.84893017578125,199.07154282607095
1789130094458934000,43.86493408203125,201.42045946945805
1789130094474938600,43.88093872070313,203.35556492536435
1789130094490942500,43.8969423828125,200.3298482212216
1789130094506944500,43.912944580078126,198.31381686737544
1789130094522948600,43.928948486328125,197.650124482794
1789130094538953700,43.94495361328125,198.434948822922
1789130094554964200,43.960964111328124,200.84598026178242
1789130094570970000,43.97697021484375,200.6018623688731
1789130094586973200,43.99297314453125,199.96655610485814
1789130094602980000,44.00897998046875,199.47214028718471
1789130094618989800,44.02498974609375,197.1027282977807
1789130094634996200,44.040996337890626,193.58296321977434
1789130094651004700,44.05700463867188,194.76261626950986
1789130094667009800,44.073009765625,200.16690670048376
1789130094683012900,44.08901293945313,199.78427837013217
1789130094699017200,44.10501733398438,195.74204053988507
1789130094715018800,44.121018798828125,196.02029143608095
1789130094731015000,44.13701489257812,196.35951613812585
1789130094747010300,44.15301025390625,197.68186285833212
1789130094763005700,44.169005615234376,200.84598026178242
1789130094779004000,44.18500390625,199.50244944322677
1789130094803011300,44.20901123046875,196.51071562149463
1789130094819009300,44.22500927734375,197.02400755640315
1789130094835012000,44.24101220703125,199.60408701341242
1789130094851015200,44.25701513671875,198.31381686737544
1789130094867017000,44.273016845703125,199.2900459294363
1789130094883018500,44.2890185546875,199.45051319773467
1789130094899021000,44.30502099609375,199.1481387121203
1789130094915022000,44.32102197265625,198.31753878083
1789130094931027200,44.33702709960937,197.49767900773972
1789130094947037700,44.35303759765625,201.73106569615814
1789130094963043800,44.3690439453125,201.35566940759986
1789130094979048700,44.38504858398438,197.7648543516755
1789130094995053800,44.4010537109375,199.90665146559732
1789130095011063800,44.417063720703126,201.93848197922836
1789130095027067000,44.43306689453125,204.50494009686616
1789130095043070000,44.449070068359376,203.9808175954674
1789130095059070500,44.465070556640626,195.25511858227637
1789130095075072000,44.48107202148437,194.54704015073557
1789130095091069700,44.497069580078126,198.434948822922
1789130095107069200,44.51306909179687,199.12661458478897
1789130095123071500,44.52907153320312,199.45051319773467
1789130095139070200,44.5450703125,199.39781349329834
1789130095155068200,44.56106811523438,200.44343530360692
1789130095171062500,44.5770625,201.83706417637566
1789130095187057000,44.59305688476562,200.06157264405707
1789130095203052300,44.60905224609375,200.99871845398457
1789130095219051800,44.6250517578125,202.4284695500086
1789130095235051000,44.641051025390624,202.86849589229902
1789130095251053800,44.6570537109375,203.38973484021216
1789130095267054800,44.67305493164063,201.0501397746574
1789130095283055000,44.68905517578125,199.6538242453614
1789130095299057200,44.70505712890625,199.73818943080116
1789130095315060500,44.721060546875,201.63657706664767
1789130095331058200,44.73705810546875,203.36303100219757
1789130095347057200,44.75305712890625,204.18593483934131
1789130095363060000,44.76906005859375,202.78917063257515
1789130095379058700,44.78505859375,201.08990702577765
1789130095395054800,44.80105493164063,200.7255580290624
1789130095411051800,44.8170517578125,202.24135729585126
1789130095427054300,44.83305444335937,205.3547574776554
1789130095443055900,44.84905590820313,205.40380731547057
1789130095459057200,44.86505712890625,204.9329126647258
1789130095475049700,44.8810498046875,202.08948689170603
1789130095491046700,44.89704663085938,201.7698428496818
1789130095507045400,44.91304541015625,203.51216908203364
1789130095523043800,44.9290439453125,201.1355787547215
1789130095539043000,44.94504296875,202.41816708666818
1789130095555048400,44.96104833984375,207.13312117396995
1789130095571051000,44.97705102539062,210.03572022001612
1789130095587055600,44.9930556640625,208.95099420786275
1789130095603058200,45.00905810546875,204.06872320064562
1789130095619057700,45.0250576171875,206.64268946793763
1789130095635059000,45.041058837890624,208.97036877430875
1789130095651065000,45.057065185546875,210.58586043767613
1789130095667069400,45.0730693359375,209.3757664045418
1789130095683075000,45.089074951171874,203.47892304049216
1789130095699081000,45.1050810546875,204.3764694283103
1789130095715085000,45.1210849609375,207.00691058727736
1789130095731091200,45.13709130859375,207.79868748253702
1789130095747091700,45.153091796875,205.80621055762944
1789130095763090200,45.16909008789062,206.4893615370742
1789130095779094000,45.18509399414062,209.54896288432673
1789130095795095300,45.20109521484375,211.20474564173787
1789130095811100700,45.2171005859375,209.4825590342646
1789130095827106300,45.23310620117188,206.8057861861757
1789130095843111400,45.249111328125,207.57972141456224
1789130095859117300,45.265117431640626,205.88479147442206
1789130095875123500,45.28112353515625,206.71969390406707
1789130095891126500,45.29712646484375,210.44759303269163
1789130095907131100,45.31313110351562,211.59600179108133
1789130095923135000,45.32913500976562,210.4567276892986
1789130095939149600,45.34514965820313,207.39646174629956
1789130095955156500,45.36115649414062,206.1139142299769
1789130095971162600,45.37716259765625,208.40524716713057
1789130095987171800,45.393171875,208.3930176839126
1789130096003180500,45.4091806640625,209.1569172410168
1789130096019187500,45.4251875,212.38811449174256
1789130096035198000,45.441197998046874,211.70142995463155
1789130096051213000,45.457213134765624,211.38771344008993
1789130096067222500,45.47322241210937,213.26142805706758
1789130096083235300,45.4892353515625,210.29315037513592
1789130096099244500,45.50524462890625,207.32389178055294
1789130096115249000,45.521248779296876,209.68011548317125
1789130096131252200,45.53725219726562,209.44298611630302
1789130096147260200,45.55326025390625,210.14613507135968
1789130096163269600,45.56926953125,210.9064030152521
1789130096179281200,45.58528125,210.4235157466183
1789130096195288800,45.60128881835937,213.6434874954167
1789130096211296000,45.6172958984375,216.01479916242616
1789130096227302100,45.63330224609375,211.8424564104139
1789130096243309800,45.649309814453126,210.46554423089805
1789130096259317200,45.665317138671874,208.85566034684885
1789130096275318800,45.68131884765625,208.09257516321932
1789130096291321300,45.6973212890625,213.1176063895705
1789130096307325000,45.71332495117188,216.31024965995152
1789130096323322600,45.72932250976562,214.3196643834824
1789130096339322400,45.745322265625,210.9073617766856
1789130096355324400,45.76132446289063,212.04040587633165
1789130096371326700,45.77732666015625,215.51803594452682
1789130096387331000,45.7933310546875,214.29315926364924
1789130096403336700,45.809336669921876,210.55945873212838
1789130096419338200,45.82533813476562,210.26859479376353
1789130096435338800,45.8413388671875,213.596523566061
1789130096451342800,45.8573427734375,216.52370302237756
1789130096467343400,45.87334326171875,216.52370302237756
1789130096483346200,45.88934619140625,214.54374937532435
1789130096499347200,45.90534716796875,213.12373538740295
1789130096515350000,45.92135009765625,214.59717439480363
1789130096531351800,45.93735180664063,214.26110312774748
1789130096547350500,45.9533505859375,214.96414651542642
1789130096563352000,45.96935205078125,213.21695238457082
1789130096579355000,45.98535498046875,210.47406208156465
1789130096595355600,46.00135571289063,215.06187585027433
1789130096611357700,46.01735766601563,216.43406776938997
1789130096627360500,46.03336059570312,215.34502278243465
1789130096643361000,46.04936108398437,216.96977414524974
1789130096659367000,46.06536694335937,215.0190918213065
1789130096675369200,46.081369140625,216.33475065350518
1789130096691366000,46.09736596679687,219.18328260780893
1789130096707361300,46.113361328125,217.00447445198688
1789130096723362600,46.12936254882813,214.3950666008919
1789130096739358700,46.145358642578124,214.93543139565853
1789130096755357400,46.161357421875,214.8668916356033
1789130096771357200,46.17735717773437,212.32837451033419
1789130096787345200,46.19334521484375,215.04937280218059
1789130096803338000,46.209337890625,216.52885730291132
1789130096819331600,46.22533154296875,215.22565452001186
1789130096835324000,46.24132397460937,213.505392171817
1789130096851317200,46.25731713867187,213.4582903359047
1789130096867315700,46.27331567382812,213.6444502820264
1789130096883311400,46.289311279296875,213.01708646351634
1789130096899307000,46.30530712890625,215.04539470491534
1789130096915303000,46.321302978515625,211.98826992569963
1789130096931305200,46.33730517578125,208.55962092860014
1789130096947302700,46.353302734375,210.4080443077529
1789130096963302700,46.369302734375,212.09502132016507
1789130096979307500,46.3853076171875,211.22275032274746
1789130097003316500,46.40931640625,213.40477996428413
1789130097027327000,46.43332690429688,215.92439247037103
1789130097043337200,46.44933715820312,213.97046776785024
1789130097059344100,46.46534423828125,211.27376549237556
1789130097075350000,46.48135009765625,210.90541060078166
1789130097091355100,46.49735522460937,213.50144179484843
1789130097107354600,46.513354736328125,210.9925038698982
1789130097123351300,46.529351318359375,211.6971475263213
1789130097139349000,46.54534887695313,214.8961167164104
1789130097155351300,46.56135131835938,213.6444502820264
1789130097171355400,46.57735546875,213.5073059315722
1789130097187363600,46.59336352539062,212.57027629426912
1789130097203369700,46.60936962890625,215.2021811373238
1789130097219367700,46.62536767578125,216.12288455160066
1789130097235369700,46.64136962890625,214.99201935552054
1789130097251371500,46.65737158203125,216.76902579268267
1789130097267369700,46.67336962890625,216.83654660683894
1789130097283360500,46.68936059570313,213.19420922365512
1789130097299361500,46.70536157226562,214.15474287479407
1789130097315359200,46.721359130859376,217.30394868001054
1789130097331347500,46.73734741210937,216.73282679479297
1789130097347340300,46.75334033203125,215.16008254770787
1789130097363336200,46.769336181640625,213.505392171817
1789130097379331000,46.7853310546875,215.42010899843643
1789130097395330300,46.80133032226563,214.06485175487043
1789130097411325700,46.81732568359375,210.35394095952313
1789130097427319800,46.83331982421875,211.4295661264632
1789130097443313700,46.84931372070312,213.41372444457724
1789130097459317200,46.86531713867188,214.14514567251655
1789130097475326200,46.881326171875,214.1055808391247
1789130097491327200,46.8973271484375,212.87290899479802
1789130097507329800,46.91332983398438,213.91510813792684
1789130097523328300,46.92932836914063,212.28292452538332
1789130097539328300,46.945328369140626,213.05144518878987
1789130097555329000,46.9613291015625,213.6900682557009
1789130097571330300,46.97733032226562,213.36293359860178
1789130097587333000,46.9933330078125,215.61643412728932
1789130097603332000,47.00933203125,214.53466078539614
1789130097619336000,47.0253359375,216.18986053140935
1789130097635336400,47.04133642578125,215.71530637176764
1789130097651337000,47.0573369140625,214.3128207139453
1789130097675338800,47.0813388671875,214.4552396239434
1789130097691343600,47.09734350585938,212.69413100122344
1789130097707344400,47.11334448242187,212.8709249238308
1789130097723348200,47.12934814453125,214.4910250220691
1789130097739351300,47.145351318359374,216.86989655845068
1789130097755353600,47.161353515625,211.79324158086044
1789130097771362000,47.177362060546876,212.96196261461213
1789130097787367400,47.193367431640624,214.7701052512496
1789130097803366100,47.2093662109375,212.20099182852715
1789130097819363800,47.22536376953125,214.06090921976886
1789130097835366400,47.24136645507812,213.87854038157803
1789130097851370800,47.25737084960937,212.574058881105
1789130097867373300,47.27337329101562,213.6900682557009
1789130097883372000,47.2893720703125,212.6752727806919
1789130097899372800,47.305372802734375,209.4636275979357
1789130097915375400,47.321375244140626,209.1018134977779
1789130097931371800,47.337371826171875,213.36636740461554
1789130097947376600,47.35337670898438,216.57303152181055
1789130097963380700,47.36938061523438,215.8077578850456
1789130097979383600,47.38538354492187,212.20099182852715
1789130097995386400,47.401386474609374,210.67232559007755
1789130098011388700,47.417388671875,212.36664003020076
1789130098027389400,47.433389404296875,212.41912749991477
1789130098043392800,47.44939282226562,208.24300918235818
1789130098059395000,47.46539501953125,209.54896288432673
1789130098075397400,47.4813974609375,214.32666011613074
1789130098091406600,47.49740649414063,212.98099633671148
1789130098107418000,47.51341821289063,212.4054100436066
1789130098123428400,47.52942846679687,208.69176664903475
1789130098139431200,47.54543115234375,208.92251122287385
1789130098155431400,47.56143139648437,213.45330929235158
1789130098171434000,47.57743408203125,215.10332748821384
1789130098187439600,47.59343969726562,214.66344529569233
1789130098203447600,47.60944750976562,214.2868767795976
1789130098219450600,47.62545068359375,211.3286922880534
1789130098235456500,47.64145654296875,209.3841574518269
1789130098251463000,47.657462890625,210.9082916220528
1789130098267463700,47.67346362304688,211.2437925027627
1789130098283465500,47.68946557617188,211.9529801208746
1789130098299471000,47.70547119140625,211.90015673548143
1789130098315477200,47.721477294921876,209.8669154416693
1789130098331484000,47.73748388671875,208.19354202789705
1789130098347492400,47.75349243164062,212.16014196082406
1789130098363496700,47.76949658203125,211.90015673548143
1789130098379496200,47.78549609375,208.89641641097847
1789130098395493400,47.80149340820312,210.87828243361514
1789130098411488000,47.81748803710938,211.6412600826314
1789130098427486000,47.83348583984375,213.15001982159754
1789130098443485400,47.8494853515625,213.16179033168302
1789130098459489300,47.8654892578125,213.35942845390434
1789130098475485000,47.88148486328125,211.2901400790244
1789130098491482400,47.897482421875,207.4804866450771
1789130098507484700,47.913484619140625,210.0216689022798
1789130098523491600,47.92949169921875,214.3579308268637
1789130098539495700,47.94549560546875,214.4552396239434
1789130098555496200,47.96149609375,214.79361945241877
1789130098571495200,47.9774951171875,214.21570050199634
1789130098587495200,47.9934951171875,213.40477996428413
1789130098603490000,48.00948999023438,214.54374937532435
1789130098619490000,48.02548999023438,214.7386235134139
1789130098635488500,48.041488525390626,212.33763415378138
1789130098651492600,48.05749267578125,209.35775354279127
1789130098667500300,48.073500244140625,210.29315037513592
1789130098683504600,48.089504638671876,211.70559200062436
1789130098699514400,48.105514404296876,210.25643716352928
1789130098715521300,48.12152124023437,210.1968268495228
1789130098731525600,48.13752563476562,211.04965778980664
1789130098747529700,48.15352978515625,210.9073617766856
1789130098763538200,48.1695380859375,212.53506638828202
1789130098779546600,48.18554663085938,214.16475351653918
1789130098795557000,48.20155712890625,213.55211842967276
1789130098811560200,48.21756030273438,213.8275788300217
1789130098827559400,48.23355932617188,214.6737906425231
1789130098843559000,48.249558837890625,214.26110312774748
1789130098859561500,48.2655615234375,213.92979605415746
1789130098875561000,48.28156103515625,214.55303566443456
1789130098891558100,48.29755810546875,214.21570050199634
1789130098907559700,48.3135595703125,212.56215812525718
1789130098923559400,48.329559326171875,210.24436051321229
1789130098939558400,48.34555834960938,211.40516207324947
1789130098955560400,48.361560546875,211.6412600826314
1789130098971562000,48.37756201171875,211.59600179108133
1789130098987564500,48.393564453125,213.78826218005486
1789130099003567000,48.409567138671875,213.92979605415746
1789130099019571700,48.42557177734375,216.20694240614495
1789130099035571500,48.441571533203124,215.6184888002613
1789130099051569700,48.45756958007812,211.2584850218173
1789130099067570400,48.4735703125,211.37300615562415
1789130099083574000,48.48957397460938,211.94997076405335
1789130099099573000,48.50557299804687,212.09758782536846
1789130099115573500,48.52157348632812,215.13419405951228
1789130099131575600,48.53757543945313,215.92439247037103
1789130099147583000,48.5535830078125,212.47119270292626
1789130099163580700,48.56958056640625,211.2184036477875
1789130099179578400,48.58557836914063,213.91980165879178
1789130099195581200,48.60158129882812,211.86597727376414
1789130099211583700,48.61758374023437,209.42014809908204
1789130099227587300,48.63358740234375,210.2204405213733
1789130099243594500,48.649594482421875,210.79606397685458
1789130099259603200,48.66560327148437,210.18653612827103
1789130099275606800,48.681606689453126,212.61355698493443
1789130099291606500,48.6976064453125,215.06187585027433
1789130099307607000,48.71360693359375,210.85052356597015
1789130099323602000,48.72960180664062,209.3577543961649
1789130099339597600,48.74559765625,210.3987264494835
1789130099355599000,48.76159912109375,210.3987264494835
1789130099371604000,48.77760400390625,209.47588679526453
1789130099387600400,48.793600341796875,211.6971475263213
1789130099403595800,48.809595703125,213.21695238457082
1789130099419593000,48.82559301757812,211.80756375585273
1789130099435594000,48.841593994140624,211.9515174093072
1789130099451594800,48.8575947265625,212.93869197446088
1789130099467599600,48.873599609375,211.9515174093072
1789130099483596300,48.88959619140625,211.39758834978514
1789130099499594800,48.9055947265625,214.50852185090207
1789130099515594500,48.921594482421874,217.64364244089063
1789130099531593500,48.937593505859375,214.89257310678323
1789130099547591400,48.95359130859375,210.1700736740345
1789130099563590700,48.969590576171875,208.13134028121002
1789130099579589600,48.985589599609376,208.1112201933196
1789130099595592400,49.00159252929687,208.05291732444152
1789130099611594500,49.01759448242188,209.62090818141655
1789130099627597800,49.033597900390625,212.1282600206454
1789130099643606500,49.0496064453125,211.3286922880534
1789130099659613700,49.06561376953125,208.71263569596346
1789130099675613200,49.08161328125,210.62439652354374
1789130099691620000,49.0976201171875,212.47119270292626
1789130099707630000,49.113630126953126,209.24882615167246
1789130099723637000,49.12963696289062,213.64247783444625
1789130099739645000,49.14564501953125,216.73282679479297
1789130099755649800,49.16164990234375,214.6737906425231
1789130099771653600,49.177653564453124,214.5170519778855
1789130099787655200,49.1936552734375,213.7830807285491
1789130099803655000,49.209655029296876,211.37300615562415
1789130099819655700,49.22565576171875,210.4235157466183
1789130099835652900,49.24165283203125,212.14822163733808
1789130099851655700,49.25765576171875,213.69006752597977
1789130099867656400,49.273656494140624,211.25341855109727
1789130099883653600,49.289653564453126,211.607501180281
1789130099899655700,49.30565576171875,213.6900682874279
1789130099915658200,49.321658203125,212.45809128104386
1789130099931664100,49.3376640625,212.7867246355152
1789130099947668200,49.353668212890625,212.72477093040825
1789130099963673900,49.369673828125,211.11134834636613
1789130099979677400,49.38567749023437,212.07786353405953
1789130099995679000,49.401678955078125,212.80941612149084
1789130100011679200,49.41767919921875,212.4436212926761
1789130100027683300,49.433683349609375,212.7140817550238
1789130100043689500,49.449689453125,211.40516207324947
1789130100059692300,49.4656923828125,210.7872829498621
1789130100075698000,49.481697998046876,211.43775520403722
1789130100091701000,49.49770092773438,212.5902008275461
1789130100107705000,49.513705078125,210.69504506824566
1789130100123705000,49.529705078125,207.33407390744102
1789130100139708400,49.54570849609375,207.1689387485842
1789130100155705000,49.561705078125,204.38840899312302
1789130100171708700,49.57770874023438,204.3193094968206
1789130100187711000,49.5937109375,206.9444869279458
1789130100203714800,49.60971484375,207.84477093649193
1789130100219722000,49.625721923828124,210.09101510126573
1789130100235726000,49.64172607421875,211.90015673548143
1789130100251728100,49.65772802734375,208.92642595603502
1789130100267733200,49.673733154296876,206.3435476002681
1789130100283736000,49.68973608398438,209.64089526965745
1789130100299733800,49.705733642578124,209.78545835481066
1789130100315730700,49.721730712890626,209.68314072901651
1789130100331736000,49.73773608398437,211.22275032274743
1789130100347737900,49.75373779296875,210.01514263723286
1789130100363741400,49.769741455078126,210.1225115138245
1789130100379745800,49.78574584960938,211.8469137077108
1789130100395754800,49.80175463867187,211.71836880854036
1789130100411759000,49.817759033203124,211.83774413012614
1789130100427761200,49.83376123046875,212.80941612149084
1789130100443761700,49.84976171875,213.93243340389674
1789130100459768800,49.86576879882813,212.49757300527426
1789130100475774700,49.88177465820313,212.77687217315054
1789130100491784000,49.897783935546876,213.83672979159672
1789130100507787800,49.913787841796875,213.3022843635358
1789130100523790000,49.9297900390625,213.16748379463357
1789130100539794000,49.9457939453125,210.43051238003977
1789130100555799300,49.96179931640625,211.63066175881048
1789130100571801000,49.977801025390626,215.6583858615179
1789130100587805400,49.99380541992188,217.29066819897983
1789130100603806000,50.00980590820313,213.93512941053504
1789130100619803100,50.02580322265625,209.366975654168
1789130100635799800,50.0417998046875,210.9637560702622
1789130100651801000,50.057801025390624,210.41424230574052
1789130100667808300,50.07380834960937,208.90697795796726
1789130100683818500,50.089818603515624,213.54610833477855
1789130100699827200,50.1058271484375,215.11859410038792
1789130100715838200,50.121838134765625,215.1760679866129
1789130100731847400,50.13784741210937,214.55303566443456
1789130100747861800,50.15386181640625,209.1676139160679
1789130100763874000,50.1698740234375,208.267139429284
1789130100779883800,50.1858837890625,211.2844947106382
1789130100795893500,50.2018935546875,211.3902702012385
1789130100811905000,50.21790502929687,210.2204405213733
1789130100827917300,50.233917236328125,210.87529247026035
1789130100843931400,50.24993139648438,212.1317032814191
1789130100859941400,50.26594140625,212.2380735305765
1789130100875948500,50.281948486328126,209.64089526965745
1789130100891957500,50.29795751953125,210.9925038698982
1789130100907969800,50.3139697265625,214.19914562908446
1789130100923978800,50.32997875976562,213.27049429956506
1789130100939992000,50.34599194335937,213.6429884292159
1789130100956000300,50.362000244140624,214.72740918027532
1789130100972019000,50.37801904296875,214.4552396239434
1789130100988031500,50.39403149414063,214.52680088871625
1789130101004043800,50.41004370117187,212.67222984777956
1789130101020054000,50.426053955078125,211.75258274756948
1789130101036066300,50.44206640625,214.0265299291215
1789130101052078300,50.45807836914062,216.6561080461535
1789130101068088300,50.47408837890625,215.70220301604013
1789130101084102100,50.49010205078125,213.54124661579667
1789130101100113400,50.506113525390624,212.40273745299578
1789130101116128500,50.52212841796875,209.76652562416047
1789130101132145000,50.53814477539063,208.32498190162022
1789130101148157700,50.55415771484375,210.52970678841402
1789130101164170000,50.570169921875,211.94833274725886
1789130101180177400,50.58617749023438,212.1180206090513
1789130101196188000,50.60218798828125,213.3919114317312
1789130101212196400,50.6181962890625,214.87532961101553
1789130101228203300,50.63420336914062,210.81826306008088
1789130101244215000,50.65021508789062,211.08104686854136
1789130101260225300,50.666225341796874,213.6419591479962
1789130101276238000,50.68223803710937,211.71014331481913
1789130101292253000,50.6982529296875,212.3770673119467
1789130101308254700,50.714254638671875,212.98099633671148
1789130101324256500,50.73025659179687,212.29061387236965
1789130101340256300,50.74625634765625,212.61355698493443
1789130101356258000,50.762258056640626,214.7701052512496
1789130101372263000,50.77826293945313,213.73676441192453
1789130101388264000,50.79426391601562,212.98851968102724
1789130101404267500,50.810267578125,214.01935155391735
1789130101420273700,50.82627368164062,214.24903173922348
1789130101436284400,50.842284423828126,212.58570836174772
1789130101452295700,50.858295654296874,210.51526639521254
1789130101468306200,50.87430615234375,211.0197093722914
1789130101484316700,50.89031665039062,211.6183743869444
1789130101500327700,50.90632763671875,209.33997187330257
1789130101516340500,50.92234057617188,208.4668936383687
1789130101532351500,50.9383515625,211.13598765224222
1789130101548355600,50.95435546875,212.04040587633165
1789130101564360700,50.97036059570313,210.7627204055581
1789130101580369400,50.986369384765624,208.51670723350236
1789130101596375600,51.00237548828125,207.8040802528469
1789130101612387000,51.018386962890624,210.65066711654347
1789130101628400400,51.034400390625,212.61355698493443
1789130101644405800,51.05040576171875,211.79324158086044
1789130101660403700,51.06640380859375,212.8797822662441
1789130101676407300,51.0824072265625,212.43102267393252
1789130101692418000,51.09841796875,212.04138400148284
1789130101708421600,51.114421630859376,210.01514263723286
1789130101724421000,51.13042114257812,208.74454702305655
1789130101740423200,51.14642309570313,211.02163236402248
1789130101756423700,51.16242358398438,212.53758244036186
1789130101772429600,51.1784296875,211.80188015301349
1789130101788433400,51.194433349609376,212.29873593220316
1789130101804439800,51.21043969726563,212.5902008275461
1789130101820445200,51.226445068359375,211.20051533094806
1789130101836449300,51.24244921875,210.51822993001255
1789130101852455200,51.258455078125,209.02127087259097
1789130101868457200,51.274457275390624,210.87529247026035
1789130101884466400,51.29046655273437,212.51033834959964
1789130101900468200,51.30646826171875,212.55000383393474
1789130101916471600,51.32247143554687,211.58490448078044
1789130101932473900,51.338473876953124,211.4707868011475
1789130101948476400,51.354476318359374,209.6179331429691
1789130101964480500,51.37048046875,209.40447386962666
1789130101980482300,51.386482421875,209.20640432157325
1789130101996482300,51.402482421875,210.13171895796873
1789130102012485400,51.4184853515625,210.60640830286485
1789130102028490800,51.43449072265625,208.23191795617157
1789130102044496100,51.45049609375,211.05268107477602
1789130102060505600,51.466505615234375,212.43102267393252
1789130102076520000,51.48252001953125,212.29873593220316
1789130102092535800,51.498535888671874,213.97968273681204
1789130102108548400,51.51454833984375,211.1695388394334
1789130102124554500,51.53055444335938,209.93600741257325
1789130102140565000,51.54656494140625,212.47119229084848
1789130102156571100,51.562571044921874,210.1700736740345
1789130102172578300,51.57857836914062,207.17294057030642
1789130102188584400,51.59458447265625,208.7203247278165
1789130102204587000,51.6105869140625,212.41912749991477
1789130102220593200,51.62659326171875,213.0740085408254
1789130102236592600,51.64259252929688,211.13897320916067
1789130102252592400,51.65859228515625,210.6772816473409
1789130102268589300,51.67458935546875,210.03784514047297
1789130102284587300,51.69058715820312,213.2519612894446
1789130102300591000,51.70659106445312,210.99352077959702
1789130102316599000,51.72259912109375,209.85078842013908
1789130102332604400,51.7386044921875,212.70473190985314
1789130102348603600,51.75460375976562,212.88845010614662
1789130102364604400,51.7706044921875,212.41912749991477
1789130102380609800,51.78660986328125,211.47684068302158
1789130102396613000,51.802613037109374,210.62439652354374
1789130102412616700,51.81861669921875,210.35394095952313
1789130102428622800,51.83462280273437,214.8181762102127
1789130102444632300,51.85063232421875,210.72748636879078
1789130102460641500,51.8666416015625,208.5040133108083
1789130102476650800,51.882650634765625,214.06090921976886
1789130102492656000,51.89865625,214.63079873675446
1789130102508668700,51.91466870117188,212.4054100436066
1789130102524676600,51.93067651367188,215.75951879263695
1789130102540680400,51.946680419921876,216.72860087933526
1789130102556687600,51.9626875,216.30157734663416
1789130102572695000,51.97869506835937,210.69504506824566
1789130102588702500,51.99470239257813,206.9444869279458
1789130102604703500,52.01070336914062,212.48452543859057
1789130102620704500,52.02670458984375,210.46554423089805
1789130102636706800,52.042706787109374,208.7735013752483
1789130102652712000,52.0587119140625,208.6104583769462
1789130102668716800,52.074716796875,209.1537900676571
1789130102684725200,52.090725341796876,209.63838327912734
1789130102700728000,52.10672802734375,208.15199320839974
1789130102716732200,52.12273217773438,209.17109129570437
1789130102732736800,52.13873681640625,209.4825590342646
1789130102748740000,52.154739990234376,208.91834708779575
1789130102764744400,52.17074438476563,210.06084532201427
1789130102780753400,52.18675341796875,210.72748636879078
1789130102796760800,52.2027607421875,211.65331096769717
1789130102812766700,52.2187666015625,211.23191000066024
1789130102828770300,52.23477026367188,209.20640432157325
1789130102844776700,52.25077661132813,211.66579836750554
1789130102860784400,52.26678442382813,213.04632280220596
1789130102876788500,52.28278857421875,211.8940932041999
1789130102892795600,52.298795654296875,212.13534810957762
1789130102908801500,52.314801513671874,213.15001982159754
1789130102924809000,52.33080908203125,215.25140505448113
1789130102940813600,52.3468134765625,215.9632839284777
1789130102956817200,52.36281713867187,211.113980720166
1789130102972825900,52.378825927734376,206.4089336593051
1789130102988836400,52.39483642578125,207.3552882338301
1789130103004842800,52.4108427734375,209.29900740074893
1789130103020844300,52.42684423828125,207.90644340559746
1789130103036852700,52.44285278320312,209.35775354279127
1789130103052862700,52.45886279296875,211.67546759352376
1789130103068862200,52.4748623046875,211.9327892440742
1789130103084860200,52.490860107421874,211.4295661264632
1789130103100856800,52.50685693359375,209.26638730120362
1789130103116857000,52.52285717773437,211.67546759352376
1789130103132856300,52.538856201171875,211.80188015301349
1789130103148856600,52.554856689453125,208.7203247278165
1789130103164858000,52.57085815429687,208.84936601965347
1789130103180861400,52.586861328125,210.36880437202467
1789130103196863700,52.60286376953125,214.20454855011675
1789130103212866800,52.61886669921875,215.00590030835707
1789130103228863000,52.634863037109376,212.74545854604395
1789130103244861000,52.65086083984375,209.9536093069029
1789130103260866800,52.66686669921875,208.6639574842311
1789130103276873000,52.682873046875,208.5426051714047
1789130103292871700,52.69887158203125,208.6639574842311
1789130103308868600,52.71486865234375,211.93477797083693
1789130103324866600,52.73086645507812,212.20099182852715
1789130103340862500,52.746862548828126,210.20761136361972
1789130103356859600,52.76285961914063,209.68314072901651
1789130103372860700,52.77886059570312,210.7086072156813
1789130103388860000,52.79485986328125,211.1695388394334
1789130103404862000,52.810862060546874,210.79030701701126
1789130103420862200,52.8268623046875,210.79323404222666
1789130103436865000,52.842864990234375,210.23283944131276
1789130103452874800,52.858874755859375,210.56626979831805
1789130103468880600,52.874880615234375,212.43255799733262
1789130103484890400,52.890890380859375,213.08697577278778
1789130103500896800,52.906896728515626,210.4235157466183
1789130103516903400,52.9229033203125,209.92722258190247
1789130103532909800,52.938909912109374,209.00641531048308
1789130103548917800,52.95491772460937,207.9840819781152
1789130103564920800,52.9709208984375,207.73568211497974
1789130103580920600,52.986920654296874,207.44532594227593
1789130103596920800,53.0029208984375,210.30455449352345
1789130103612923000,53.0189228515625,208.6777718796497
1789130103628924000,53.034923828125,208.92251122287385
1789130103644923400,53.05092333984375,210.79030701701126
1789130103660927200,53.06692724609375,208.19950635073386
1789130103676927700,53.082927734375,205.8488907621054
1789130103692931300,53.098931396484375,205.04620051849378
1789130103708937700,53.114937744140626,204.74096128564753
1789130103724946400,53.13094653320312,207.3498756247412
1789130103740954600,53.14695458984375,211.55383456204805
1789130103756959700,53.16295971679688,211.42165467842514
1789130103772958500,53.17895849609375,208.05291732444155
1789130103788956000,53.19495581054687,206.05349520678521
1789130103804959500,53.21095947265625,208.2454416673754
1789130103820958700,53.22695874023437,209.1018134977779
1789130103836958200,53.24295825195313,208.37760387717105
1789130103852963300,53.25896337890625,209.88817262712524
1789130103868967400,53.27496752929687,210.09919987769135
1789130103884971800,53.2909716796875,210.6772816473409
1789130103900982800,53.30698266601563,212.04040587633165
1789130103916993500,53.32299365234375,209.58170287047201
1789130103933002000,53.339001953125,208.14819947445133
1789130103949013000,53.355012939453125,210.29169541251702
1789130103965022700,53.371022705078126,210.01514263723286
1789130103981032400,53.387032470703126,206.8619175693615
1789130103997043200,53.40304321289062,205.20112432438657
1789130104013051400,53.419051513671874,205.4772877670052
1789130104029058800,53.43505883789062,205.17500335467784
1789130104045064400,53.451064453125,205.6881442355394
1789130104061070000,53.46707006835938,206.6382275022892
1789130104077079600,53.48307958984375,207.20799538746027
1789130104093089800,53.49908984375,206.70992111481263
1789130104109097500,53.51509741210938,205.8305296788717
1789130104125108000,53.53110791015625,206.41603673501422
1789130104141117000,53.54711694335938,207.84477093649193
1789130104157128200,53.563128173828126,208.73035279132486
1789130104173143600,53.5791435546875,209.1032273062195
1789130104189157000,53.5951572265625,210.6772816473409
1789130104205169700,53.611169677734374,210.47406208156465
1789130104221179600,53.6271796875,211.55138437836774
1789130104237183500,53.64318359375,210.49171084775887
1789130104253191000,53.65919091796875,208.68885720838207
1789130104269202200,53.6752021484375,208.6620655946407
1789130104285211100,53.691211181640625,206.93232585639868
1789130104301222100,53.70722216796875,207.52729141783993
1789130104317228500,53.723228515625,208.84683871358502
1789130104333237000,53.73923706054688,210.15050668119605
1789130104349248500,53.75524853515625,208.38914110541742
1789130104365258000,53.771258056640626,207.36481328037925
1789130104381268700,53.78726879882812,208.1212164549962
1789130104397276400,53.8032763671875,209.7448819641158
1789130104413284900,53.819284912109374,211.05114075440991
1789130104429299200,53.83529931640625,208.36904460106692
1789130104445310000,53.85131005859375,207.38033046598747
1789130104461323800,53.86732373046875,209.11794976672698
1789130104477337000,53.883337158203126,210.50768078705468
1789130104493347300,53.89934741210938,209.7448819641158
1789130104509354000,53.91535400390625,211.16601012984728
1789130104525365800,53.93136572265625,210.82073227274597
1789130104541377500,53.94737744140625,209.70345338191223
1789130104557388300,53.96338818359375,209.85078842013908
1789130104573395000,53.97939501953125,208.4429294393002
1789130104589400300,53.995400390625,207.95096897856226
1789130104605407000,54.011406982421875,209.68166309358253
1789130104621411800,54.02741186523438,212.2380735305765
1789130104637415200,54.043415283203124,211.91619331568515
1789130104653419000,54.0594189453125,211.86210054888974
1789130104669417200,54.07541723632813,209.28417932714058
1789130104685420500,54.091420654296876,207.9933894245781
1789130104701425400,54.10742529296875,210.03784514047297
1789130104717431800,54.12343188476562,211.49480462253564
1789130104733439200,54.13943920898438,209.55818285715867
1789130104749449200,54.15544921875,208.40082591014703
1789130104765458400,54.17145849609375,211.24852556455826
1789130104781465000,54.18746508789062,209.31254546573768
1789130104797474800,54.20347485351562,208.6777718796497
1789130104813483800,54.21948388671875,211.25341855109727
1789130104829491200,54.2354912109375,211.5638405730426
1789130104845500000,54.2515,211.50886647007368
1789130104861509000,54.267509033203126,210.7627204055581
1789130104877514000,54.28351391601562,210.81826306008088
1789130104893520600,54.299520751953125,211.13598765224222
1789130104909525000,54.31552490234375,208.75363288157467
1789130104925531400,54.33153149414063,208.51670723350236
1789130104941530600,54.34753051757812,208.82555459947983
1789130104957534500,54.36353442382813,208.35729467351166
1789130104973544400,54.37954443359375,211.22725084197833
1789130104989553000,54.395552978515624,209.47588679526453
1789130105005557000,54.41155688476562,205.13295627277398
1789130105021557500,54.4275576171875,203.01087295554524
1789130105037558800,54.44355883789063,203.7379270697016
1789130105053556700,54.459556640625,207.57775006465874
1789130105069557500,54.4755576171875,208.35729467351166
1789130105085559600,54.4915595703125,208.51670723350236
1789130105101557500,54.5075576171875,209.57783817811665
1789130105117559600,54.5235595703125,207.00409146027707
1789130105133564400,54.539564453125,207.14968116445237
1789130105149568500,54.555568603515624,208.5040133108083
1789130105165570300,54.5715703125,209.3940094778171
1789130105181574100,54.58757421875,211.9515174093072
1789130105197582800,54.603582763671874,211.08104686854136
1789130105213589800,54.61958984375,209.68166309358253
1789130105229594400,54.63559448242187,210.1600597813115
1789130105245600000,54.65160009765625,208.86157982302592
1789130105261610200,54.6676103515625,205.7487159623425
1789130105277617200,54.6836171875,206.04010444190018
1789130105293627000,54.699626953125,207.4744307660518
1789130105309634300,54.71563427734375,208.82555459947983
1789130105325642200,54.731642333984375,208.4914785908474
1789130105341653200,54.7476533203125,206.05673685829478
1789130105357662200,54.763662109375,206.49131213199075
1789130105373666000,54.779666015625,206.20011576496995
1789130105389668400,54.79566845703125,205.42214586303072
1789130105405671400,54.81167138671875,207.72825865377632
1789130105421672000,54.827671875,211.88132873854116
1789130105437683500,54.84368334960938,211.62961811930714
1789130105453696300,54.8596962890625,208.83228078811302
1789130105469706200,54.87570629882813,208.4126615188058
1789130105485708300,54.891708251953126,207.68106114624663
1789130105501713700,54.907713623046874,206.78017862031606
1789130105517717500,54.92371752929687,208.6489239127282
1789130105533728800,54.93972875976562,209.98705975205525
1789130105549736700,54.95573681640625,209.02226965695294
1789130105565750000,54.97175,208.15199320839974
1789130105581762800,54.9877626953125,209.366975654168
1789130105597773600,55.003773681640624,210.93489150186653
1789130105613784000,55.0197841796875,209.9759947474115
1789130105629794800,55.035794921875,210.6997248887319
1789130105645804500,55.05180444335937,212.77687217315054
1789130105661816300,55.06781640625,211.94997076405335
1789130105677825500,55.08382543945312,210.8768133880193
1789130105693838300,55.09983837890625,210.33976701912803
1789130105709851000,55.115850830078124,210.05347271018238
1789130105725858800,55.13185888671875,209.97061592335263
1789130105741866500,55.14786645507812,210.73928862489055
1789130105757871000,55.16387109375,211.70559200062436
1789130105773876200,55.17987622070312,210.48228871385706
1789130105789880000,55.19588012695313,208.38914110541742
1789130105805880000,55.211880126953126,208.4126615188058
1789130105821881000,55.22788110351563,208.75363288157467
1789130105837885700,55.2438857421875,208.1481994744513
1789130105853893400,55.25989331054687,211.53158595558392
1789130105869901600,55.27590161132812,210.55945873212838
1789130105885905000,55.29190478515625,208.6368636438505
1789130105901911000,55.3079111328125,208.7025113738187
1789130105917924400,55.32392431640625,208.82555459947983
1789130105933934800,55.33993481445312,207.38033046598747
1789130105949947400,55.35594750976563,206.86000725275153
1789130105965952000,55.37195190429688,209.16761391606786
1789130105981965600,55.38796557617187,209.26019034055983
1789130105997974800,55.40397485351563,210.30455449352345
1789130106013986600,55.41998657226563,209.20181011455583
1789130106030000000,55.43600024414062,211.42165467842514
1789130106046014700,55.4520146484375,213.22197633616972
1789130106062026500,55.46802661132813,210.47406208156465
1789130106078036500,55.48403637695313,208.73035279132486
1789130106094039300,55.50003930664062,208.1889831296978
1789130106110046700,55.51604663085938,208.72613208977802
1789130106126058000,55.53205810546875,211.98780146173667
1789130106142067700,55.54806762695313,213.6419591479962
1789130106158076200,55.564076171875,209.3855977278614
1789130106174087000,55.5800869140625,209.1032273062195
1789130106190096400,55.596096435546876,212.3806789208987
1789130106206105300,55.61210522460937,211.5638405730426
1789130106222112000,55.628112060546876,209.84593298079835
1789130106238122200,55.64412231445313,209.66308938606468
1789130106254127400,55.66012744140625,210.23283944131276
1789130106270136300,55.67613623046875,209.62374950082338
1789130106286144300,55.69214428710937,209.49495605233557
1789130106302151200,55.708151123046875,207.08862739358503
1789130106318155500,55.724155517578126,207.00977092148895
1789130106334161200,55.7401611328125,209.8697984413496
1789130106350163200,55.7561630859375,208.33424325169824
1789130106366167000,55.7721669921875,208.68885720838207
1789130106382175700,55.78817578125,211.91619331568515
1789130106398182100,55.80418212890625,210.81826306008088
1789130106414188500,55.8201884765625,209.05460536252323
1789130106430193400,55.836193359375,207.9221778780766
1789130106446201300,55.852201416015625,208.01526843047205
1789130106462213000,55.868213134765625,210.03784514047297
1789130106478224400,55.884224365234374,208.76765086338963
1789130106494235100,55.90023510742188,206.781531012622
1789130106510250200,55.91625024414063,207.4567438468757
1789130106526259200,55.93225927734375,208.79622730344033
1789130106542272800,55.948272705078125,210.25643716352928
1789130106558288400,55.964288330078126,212.02307954344565
1789130106574306800,55.980306884765625,209.1032273062195
1789130106590316300,55.99631640625,206.92998892410404
1789130106606328300,56.012328369140626,206.71177603381688
1789130106622339000,56.02833911132812,206.0534952067852
1789130106638351000,56.04435107421875,208.9113254025566
1789130106654364000,56.06036401367187,210.06858187716128
1789130106670380300,56.07638037109375,211.36602499904438
1789130106686397000,56.09239697265625,211.85799902540595
1789130106702408700,56.10840869140625,208.90697795796726
1789130106718422800,56.1244228515625,211.16259991153035
1789130106734433500,56.14043359375,210.33976701912803
1789130106750444500,56.15644458007812,208.95721769175077
1789130106766459100,56.17245922851563,211.27903634591578
1789130106782467600,56.18846752929687,208.50775727305788
1789130106798472200,56.20447216796875,207.28121157782323
1789130106814477000,56.22047705078125,208.47910959943698
1789130106830483000,56.23648291015625,207.2329756754898
1789130106846486000,56.25248608398437,207.31397344222273
1789130106862492700,56.26849267578125,209.18459803912558
1789130106878504700,56.284504638671876,211.57419228041798
1789130106894513700,56.300513671875,211.43775520403722
1789130106910516000,56.31651586914062,209.47588679526453
1789130106926518300,56.332518310546874,210.76608601001806
1789130106942526700,56.348526611328126,212.90524109376457
1789130106958533600,56.36453369140625,214.43111886922827
1789130106974542600,56.38054248046875,213.596523566061
1789130106990551600,56.396551513671874,212.32837451033419
1789130107006564600,56.41256469726562,211.13598765224222
1789130107022574800,56.428574951171875,209.29486927981918
1789130107038584600,56.44458447265625,208.9600585339975
1789130107054596000,56.46059619140625,209.20979430785553
1789130107070608100,56.476608154296876,210.41705733224123
1789130107086611700,56.49261181640625,211.1039800703834
1789130107102618000,56.5086181640625,210.85052356597015
1789130107118624000,56.5246240234375,208.88169559360458
1789130107134635000,56.54063500976562,207.7432033891741
1789130107150648000,56.55664794921875,208.03385284882717
1789130107166658600,56.572658447265624,208.9113254025566
1789130107182671400,56.58867138671875,209.88817262712524
1789130107198681000,56.60468115234375,210.0089148616606
1789130107214687700,56.620687744140625,210.13674841087501
1789130107230695700,56.63669580078125,211.75258274756948
1789130107246705000,56.65270483398437,213.69006752597977
1789130107262708200,56.66870825195313,209.90970002580704
1789130107278709200,56.68470922851562,209.03833088160903
1789130107294713600,56.70071362304687,211.80756375585273
1789130107310719700,56.7167197265625,208.99076436743903
1789130107326728200,56.732728271484376,207.00409146027707
1789130107342732800,56.74873291015625,207.5906951092579
1789130107358734000,56.764734130859374,208.55778711054543
1789130107374739200,56.7807392578125,208.10135166220525
1789130107390744000,56.796744140625,207.5906951092579
1789130107406748700,56.812748779296875,211.3412686320843
1789130107422749200,56.828749267578125,209.16761391606786
1789130107438751700,56.844751708984376,206.63776087282469
1789130107454753800,56.86075390625,207.84757817530055
1789130107470754800,56.8767548828125,209.42745606253192
1789130107486756600,56.892756591796875,210.45722597965081
1789130107502762500,56.908762451171874,210.1600597813115
1789130107518767600,56.924767578125,208.8916456034191
1789130107534767400,56.940767333984375,207.7432033891741
1789130107550765300,56.95676538085937,211.1886636500875
1789130107566765800,56.97276586914062,213.2660096383501
1789130107582767000,56.98876708984375,209.5977534268274
1789130107598773200,57.00477319335938,207.59729607975746
1789130107614778600,57.020778564453124,208.99076436743903
1789130107630783000,57.036782958984375,209.7044039266086
1789130107646797300,57.05279736328125,210.26811540446158
1789130107662810600,57.068810546875,211.30412361700036
1789130107678820600,57.08482055664062,208.5040133108083
1789130107694835200,57.10083520507813,205.48412515390933
1789130107710845000,57.11684497070313,208.84683871358502
1789130107726857200,57.13285717773437,208.47910959943698
1789130107742869200,57.148869140625,206.99315688148167
1789130107758880800,57.164880859375,207.35479240640865
1789130107774889500,57.18088940429688,204.55045419795874
1789130107790898400,57.1968984375,206.93232585639868
1789130107806901500,57.21290161132813,209.3577543961649
1789130107822910700,57.22891064453125,206.781531012622
1789130107838923000,57.24492309570312,206.565051177078
1789130107854933000,57.26093310546875,207.84477093649193
1789130107870940200,57.27694018554688,209.32047561775425
1789130107886944000,57.292944091796876,209.7448819641158
1789130107902945000,57.30894506835938,209.277421460336
1789130107918954200,57.32495434570313,208.47910959943698
1789130107934957600,57.34095751953125,209.4124956816995
1789130107950960400,57.35696044921875,211.3412686320843
1789130107966966500,57.372966552734376,209.7240295023866
1789130107990973200,57.39697314453125,208.52002546786252
1789130108006978800,57.41297875976562,208.6753765166773
1789130108022981000,57.42898120117187,208.2454416673754
1789130108046986000,57.45298608398438,209.1508436431912
1789130108062988300,57.46898828125,209.2143798301329
1789130108078987000,57.48498706054688,209.6044513556051
1789130108094991400,57.50099145507812,208.1189348716199
1789130108110997500,57.51699755859375,209.51963299725765
1789130108127003400,57.53300341796875,207.60398019030183
1789130108143009500,57.54900952148437,208.3007546762275
1789130108159019500,57.56501953125,210.90541060078166
1789130108175030300,57.5810302734375,208.4126615188058
1789130108191044600,57.597044677734374,208.1889831296978
1789130108207053000,57.613052978515626,208.62357734095832
1789130108223058000,57.62905786132813,208.95721769175077
1789130108239064000,57.64506396484375,208.82555459947983
1789130108255077000,57.6610771484375,208.86157982302592
1789130108271086800,57.6770869140625,207.8719524825389
1789130108287100200,57.69310009765625,205.91888447716087
1789130108303115300,57.709115234375,208.75363288157467
1789130108319124700,57.725124755859376,212.94661239484125
1789130108335130400,57.74113037109375,213.08056112370437
1789130108351132400,57.75713232421875,210.55945873212838
1789130108367139600,57.7731396484375,207.68106114624663
1789130108383144700,57.789144775390625,208.81079281072286
1789130108399156000,57.805156005859374,208.81079281072286
1789130108415163400,57.82116333007812,207.2202486875331
1789130108431170300,57.83717041015625,209.3940094778171
1789130108447173000,57.85317309570313,210.0216689022798
1789130108463186400,57.8691865234375,208.7163419390463
1789130108479199000,57.885198974609374,208.2347965051641
1789130108495212800,57.901212890625,207.304311017602
1789130108511222500,57.917222412109375,206.20011576496995
1789130108527235300,57.9332353515625,206.99855523050852
1789130108543246600,57.94924658203125,206.71177603381688
1789130108559264500,57.965264404296875,207.15343330697334
1789130108575276500,57.98127661132813,210.03105093802301
1789130108591284000,57.997283935546875,210.25643716352928
1789130108607293700,58.013293701171875,208.53245431126786
1789130108623302100,58.02930224609375,209.92722258190247
1789130108639306500,58.04530639648438,212.31961704993623
1789130108655308000,58.06130810546875,209.34906218186472
1789130108671312400,58.0773125,209.99273503177068
1789130108687322400,58.093322265625,209.85078842013908
1789130108703330800,58.10933081054687,207.53988375857367
1789130108719336200,58.12533618164063,208.21016934967122
1789130108735343900,58.14134375,209.99273503177068
1789130108751348200,58.15734814453125,210.84858940063444
1789130108767356000,58.17335595703125,208.32293832289497
1789130108783357400,58.189357421875,208.86157982302592
1789130108799359700,58.20535986328125,210.3890958539556
1789130108815363300,58.22136328125,211.22275032274743
1789130108831364600,58.237364501953124,210.59226758201382
1789130108847372300,58.253372314453124,208.87651744155795
1789130108863372500,58.26937255859375,205.90227727414256
1789130108879374600,58.28537451171875,207.4287427161228
1789130108895372800,58.30137280273438,209.0388082275332
1789130108911378700,58.31737866210938,209.31254546573768
1789130108927390700,58.333390625,209.31254546573768
1789130108943397000,58.34939721679687,205.3461753359499
1789130108959405000,58.36540502929687,205.15062707787263
1789130108975410700,58.38141064453125,206.63776087282469
1789130108991415300,58.397415283203124,207.0126661353337
1789130109007417000,58.4134169921875,207.75853948985784
1789130109023418000,58.429418212890624,210.47406208156465
1789130109039414500,58.44541455078125,211.31597945140902
1789130109055409000,58.46140893554688,209.3389894427424
1789130109071409400,58.47740942382813,207.7742800587296
1789130109087409400,58.493409423828126,207.67386283497942
1789130109103407600,58.50940771484375,208.22428998398448
1789130109119410200,58.52541015625,208.7025113738187
1789130109135414300,58.541414306640625,210.84658844805583
1789130109151414500,58.55741455078125,210.46554423089805
1789130109167417900,58.57341796875,209.24882615167243
1789130109183420400,58.58942041015625,208.90697795796726
1789130109199423000,58.605423095703124,209.3855977278614
1789130109215433000,58.621432861328124,208.4126615188058
1789130109231437600,58.6374375,208.47910959943698
1789130109247436300,58.653436279296876,209.68314072901651
1789130109263440600,58.66944067382813,208.0061491012003
1789130109279437300,58.68543725585938,206.565051177078
1789130109295440600,58.701440673828124,203.47293277051625
1789130109311444000,58.71744384765625,204.7638905821838
1789130109327451400,58.733451416015626,210.0089148616606
1789130109343458300,58.74945825195312,212.32837451033419
1789130109359461000,58.765461181640624,212.29061387236965
1789130109375467300,58.78146728515625,210.73155765977418
1789130109391471400,58.797471435546875,209.8697984413496
1789130109407476500,58.8134765625,209.94878047220075
1789130109423481900,58.82948193359375,211.62961811930714
1789130109439488500,58.84548852539063,208.94172227453888
1789130109455492000,58.8614921875,208.55778711054543
1789130109471490800,58.87749072265625,211.6846014957865
1789130109487498800,58.89349877929688,209.68314072901651
1789130109503507700,58.9095078125,209.6044513556051
1789130109519522800,58.92552270507812,210.57285476353636
1789130109535535000,58.94153515625,210.8768133880193
1789130109551544300,58.95754443359375,209.4124956816995
1789130109567555300,58.97355541992187,207.59729607975746
1789130109583565600,58.989565673828125,207.76636064602118
1789130109599576600,59.00557666015625,207.37509162863245
1789130109615591400,59.02159130859375,206.27604618822136
1789130109631602000,59.03760180664062,204.55045419795874
1789130109647612400,59.0536123046875,206.49224909381996
1789130109663621600,59.06962158203125,210.3155775962068
1789130109679632400,59.08563232421875,207.44532594227593
1789130109695644000,59.10164379882813,207.08523212113906
1789130109711656400,59.117656494140626,207.50900357257748
1789130109727659300,59.1336591796875,207.35479240640865
1789130109743666400,59.14966650390625,209.66308938606468
1789130109759677000,59.16567700195313,210.96375789402555
1789130109775679000,59.18167895507813,210.3742580236331
1789130109791688700,59.19768872070313,210.48228871385706
1789130109807703600,59.21370361328125,211.50886647007368
1789130109823713500,59.22971362304688,210.17352076585445
1789130109839722800,59.24572265625,209.94878047220075
1789130109855723500,59.2617236328125,208.23479650516413
1789130109871724300,59.27772436523438,206.9231442399742
1789130109887723800,59.29372387695312,208.1889831296978
1789130109903724300,59.30972436523437,208.36904460106692
1789130109919727000,59.32572705078125,208.05291732444152
1789130109935735300,59.3417353515625,210.2204405213733
1789130109951733000,59.35773291015625,211.10635409625075
1789130109967733200,59.37373315429687,209.277421460336
1789130109983733500,59.3897333984375,209.6011815289362
1789130109999734300,59.405734375,209.8075911007545
1789130110015733800,59.421733642578126,209.05460357838425
1789130110031733200,59.43773315429687,207.75853948985784
1789130110047730700,59.453730712890625,209.78641498004416
1789130110063731000,59.46973095703125,212.98851968102724
1789130110079730200,59.48573022460938,212.14822163733808
1789130110095733800,59.501733642578124,209.66308938606468
1789130110111736800,59.51773681640625,206.92998892410404
1789130110127741000,59.53374096679688,207.00977092148895
1789130110143746300,59.549746337890625,208.32293832289497
1789130110159749400,59.56574926757813,209.3050743721009
1789130110175755500,59.58175561523438,211.38318999440506
1789130110191762700,59.5977626953125,210.24483114537202
1789130110207767800,59.61376782226562,208.08198751695124
1789130110223769600,59.62976953125,207.39646174629956
1789130110239773000,59.64577294921875,205.91068510864508
1789130110255778300,59.6617783203125,207.56512548920745
1789130110271778000,59.677778076171876,206.78570173042516
1789130110287775700,59.69377563476562,204.86734955553598
1789130110303773000,59.70977294921875,207.00130345778084
1789130110319775000,59.72577490234375,208.9600585339975
1789130110335770600,59.7417705078125,210.85052356597015
1789130110351767600,59.757767578125,210.76934552481399
1789130110367767300,59.773767333984374,212.55878133032905
1789130110383763200,59.78976318359375,215.3401064808357
1789130110399760400,59.80576049804687,211.91619331568515
1789130110415758300,59.82175830078125,208.57069721724704
1789130110431758300,59.83775830078125,205.98190869360047
1789130110447754500,59.85375439453125,207.00691058727736
1789130110463750000,59.86975,211.37300615562415
1789130110479742700,59.88574267578125,210.81826306008088
1789130110495733200,59.90173315429688,206.41795195990093
1789130110511725600,59.9177255859375,205.69918670147973
1789130110527724300,59.933724365234376,209.76504341318523
1789130110543727000,59.94972705078125,212.14436534153094
1789130110559727000,59.96572705078125,210.3987264494835
1789130110575726300,59.98172631835938,208.79622730344033
1789130110591733800,59.997733642578126,207.53354906040732
1789130110607747300,60.01374731445313,207.15343330697334
1789130110623753200,60.02975317382813,208.86157982302592
1789130110639759000,60.045759033203126,210.6772816473409
1789130110655758800,60.0617587890625,211.4768406830216
1789130110671753200,60.07775317382813,209.664943116657
1789130110687747600,60.09374755859375,208.52002546786252
1789130110703746800,60.10974682617187,209.89157765689134
1789130110719748000,60.125748046875,210.67232559007758
1789130110735751000,60.1417509765625,206.93232585639868
1789130110751755300,60.15775537109375,207.1423185744597
1789130110767756000,60.17375610351562,208.75363288157467
1789130110783756000,60.18975610351563,210.06084532201427
1789130110799754500,60.20575439453125,210.9925038698982
1789130110815750400,60.22175048828125,210.6820671101212
1789130110831744500,60.23774462890625,210.79323404222666
1789130110847736300,60.253736328125,209.5624771196527
1789130110863729400,60.2697294921875,209.6011815289362
1789130110879729700,60.28572973632812,209.62090818141655
1789130110895731000,60.30173095703125,208.43679619677354
1789130110911733800,60.317733642578126,209.7240295023866
1789130110927735800,60.33373583984375,212.02307954344565
1789130110943736300,60.349736328125,209.3577543961649
1789130110959734800,60.36573486328125,208.59750659739538
1789130110975735800,60.38173583984375,209.8061400728113
1789130110991736600,60.39773657226562,207.8040802528469
1789130111007736300,60.413736328125,208.73035279132486
1789130111023733800,60.42973364257813,212.00538548197096
1789130111039727400,60.44572729492187,211.73914259260397
1789130111055727900,60.46172778320312,211.87781587297977
1789130111071729000,60.47772900390625,212.02357853684416
1789130111087731700,60.49373168945313,209.55818285715867
1789130111103731700,60.509731689453126,206.1977764827893
1789130111119733200,60.52573315429687,205.90227727414256
1789130111135731700,60.54173168945312,206.12544949723204
1789130111151733500,60.5577333984375,208.68885720838207
1789130111167734800,60.57373486328125,212.04040587633165
1789130111183736000,60.58973608398438,208.89641641097847
1789130111199741200,60.6057412109375,207.2202486875331
1789130111215739600,60.62173974609375,208.4126615188058
1789130111231741000,60.637740966796876,208.97291662038103
1789130111247747000,60.6537470703125,209.99868265263675
1789130111263751700,60.66975170898438,209.05460536252323
1789130111279754500,60.68575439453125,207.7733443736607
1789130111295755800,60.701755859375,209.42014809908204
1789130111311761400,60.717761474609375,208.10135166220525
1789130111327765500,60.733765625,207.95687592446052
1789130111343768800,60.74976879882813,209.45019677301056
1789130111359770400,60.765770263671875,208.33424325169824
1789130111375775500,60.781775390625,208.03385284882717
1789130111391779300,60.797779296875,210.93438940412028
1789130111407783000,60.813782958984376,208.988822584814
1789130111423783000,60.829782958984374,204.16091335751923
1789130111439780600,60.84578051757813,207.52111881565168
1789130111455780000,60.861780029296874,209.7655133694841
1789130111471781600,60.87778173828125,207.0040914602771
1789130111487772700,60.89377270507813,208.43679619677354
1789130111503775500,60.909775390625,208.4668936383687
1789130111519776300,60.9257763671875,206.4931625434919
1789130111535780900,60.94178076171875,208.05291732444155
1789130111551776800,60.95777685546875,209.7044039266086
1789130111567773000,60.97377294921875,208.49563963905698
1789130111583775200,60.98977514648438,207.06575071791772
1789130111599773700,61.005773681640626,207.29027363782936
1789130111615773200,61.02177319335937,206.9370955196837
1789130111631768600,61.0377685546875,207.75082425331948
1789130111647771000,61.05377099609375,211.4856667138896
1789130111663771600,61.069771728515626,210.9073617766856
1789130111679770600,61.0857705078125,205.73573789285805
1789130111695763200,61.10176318359375,205.12395093455592
1789130111711759600,61.11775952148437,207.4567438468757
1789130111727760400,61.133760498046875,210.3742580236331
1789130111743762000,61.14976196289062,209.28795605217675
1789130111759758300,61.16575830078125,208.5847207566251
1789130111775751400,61.18175146484375,208.27819731971027
1789130111791744000,61.197743896484376,206.85625946773916
1789130111807739400,61.21373950195313,208.55778711054543
1789130111823734300,61.229734375,207.9840819781152
1789130111839726300,61.245726318359374,208.6368636438505
1789130111855719400,61.261719482421874,209.68166309358253
1789130111871717600,61.27771752929687,208.55778711054543
1789130111887715300,61.29371533203125,209.26019034055983
1789130111903714300,61.30971435546875,210.07618646472451
1789130111919707400,61.32570727539063,208.54503732714826
1789130111935698200,61.3416982421875,209.3757664045418
1789130111951693800,61.35769384765625,212.98851968102724
1789130111967693800,61.37369384765625,213.22197633616972
1789130111983689500,61.389689453125,210.79323404222666
1789130111999687400,61.4056875,211.4768406830216
1789130112015691800,61.42169189453125,209.97061592335263
1789130112031692500,61.43769262695312,207.28571528942797
1789130112047696100,61.45369604492188,208.10135166220525
1789130112063700000,61.469699951171876,207.29957034056065
1789130112079702000,61.485701904296874,205.1148361985909
1789130112095704600,61.50170458984375,206.63776087282469
1789130112111710000,61.5177099609375,208.0244991290177
1789130112127720400,61.53372045898438,207.1572339820075
1789130112143730200,61.54973022460938,207.21611038146253
1789130112159734300,61.565734375,206.9209201012941
1789130112175745000,61.5817451171875,209.05460536252323
1789130112191756500,61.59775659179687,209.90593767192243
1789130112207767600,61.613767578125,207.2637460204856
1789130112223771400,61.629771484375,209.26019034055983
1789130112239774500,61.6457744140625,209.89157765689134
1789130112255778300,61.6617783203125,208.1212164549962
1789130112271783400,61.677783447265625,210.41424230574052
1789130112287786000,61.693785888671876,208.75892871658
1789130112303783400,61.70978344726562,205.22764951336396
1789130112319782700,61.72578271484375,206.12544949723204
1789130112335791900,61.7417919921875,210.62439652354374
1789130112351802400,61.75780224609375,211.91859690079667
1789130112367810600,61.773810546875,211.8322322734208
1789130112383812900,61.789812744140626,211.16601012984728
1789130112399820000,61.805820068359374,209.51963299725762
1789130112415825000,61.82182495117188,208.86715964171148
1789130112431830000,61.837830078125,206.27785694998192
1789130112447838700,61.853838623046876,207.2948947287155
1789130112463844900,61.86984497070313,209.50072420547664
1789130112479849200,61.88584912109375,210.3890958539556
1789130112495857000,61.90185693359375,211.1389732091607
1789130112511861200,61.917861328125,209.43848981009037
1789130112527865000,61.933864990234376,209.07060287780712
1789130112543863800,61.94986376953125,208.06263994244628
1789130112559858700,61.96585864257813,207.09555260528103
1789130112575855600,61.98185571289063,207.1689387485842
1789130112591854600,61.9978544921875,206.78570173042516
1789130112607854600,62.0138544921875,208.82555459947983
1789130112623851000,62.02985107421875,209.89157765689134
1789130112639848400,62.04584838867188,210.3987264494835
1789130112655846000,62.061845947265624,211.6846014957865
1789130112671844400,62.07784423828125,209.5338482733253
1789130112687844600,62.0938447265625,207.60398019030183
1789130112703841500,62.10984155273437,208.4126615188058
1789130112719833000,62.1258330078125,208.68885720838207
1789130112735827500,62.14182739257812,209.44542822688018
1789130112751825000,62.157824951171875,211.075228449671
1789130112767822300,62.173822265625,209.84593298079835
1789130112783823400,62.1898232421875,209.99273503177068
1789130112799820300,62.2058203125,210.28034045075685
1789130112815817700,62.221817626953126,209.3757664045418
1789130112831807500,62.23780737304688,207.2373318044984
1789130112847795000,62.253794921875,208.03385284882717
1789130112863788500,62.26978857421875,210.33976701912803
1789130112879788800,62.28578881835937,207.82003971266803
1789130112895783400,62.30178344726563,208.76765086338963
1789130112911776800,62.31777685546875,208.62357734095832
1789130112927775700,62.33377563476562,208.31177462969538
1789130112943770000,62.34977001953125,208.17858978175232
1789130112959775000,62.36577490234375,208.05291732444155
1789130112975780900,62.38178076171875,208.1212164549962
1789130112991780900,62.39778076171875,204.8563462455638
1789130113007785500,62.41378540039062,208.6639574842311
1789130113023785200,62.42978515625,212.75547227148962
1789130113039788800,62.445788818359375,210.79030701701126
1789130113055790000,62.4617900390625,208.75892871658
1789130113071791400,62.477791259765624,207.53988375857367
1789130113087792400,62.49379248046875,208.47910959943698
1789130113103790600,62.50979052734375,208.6503227069987
1789130113119794200,62.52579418945312,208.3809545115153
1789130113135794700,62.54179467773437,209.45019677301056
1789130113151799600,62.557799560546876,208.7025113738187
1789130113167800800,62.57380078125,207.21202626457023
1789130113183805000,62.58980493164062,208.55962092860014
1789130113199809000,62.60580908203125,208.44292806017629
1789130113215810800,62.621810791015626,208.86157982302592
1789130113231818200,62.637818359375,208.2454416673754
1789130113247821600,62.65382153320313,206.99855523050852
1789130113263820500,62.66982055664062,210.50768078705465
1789130113279817200,62.68581713867187,211.3902702012385
1789130113295818800,62.70181884765625,210.0089148616606
1789130113311824000,62.717823974609374,209.8669154416693
1789130113327831300,62.73383129882812,208.9600585339975
1789130113343835600,62.74983569335937,208.9113254025566
1789130113359834000,62.76583422851562,209.90970002580704
1789130113375832800,62.78183276367187,209.94878047220075
1789130113391832600,62.79783251953125,209.02226965695294
1789130113407830800,62.813830810546875,206.8658133790142
1789130113423834600,62.829834716796874,207.24174027063975
1789130113439835000,62.8458349609375,210.38909585395558
1789130113455835400,62.86183544921875,211.57419228041798
1789130113471837000,62.8778369140625,211.8424564104139
1789130113487836400,62.89383642578125,209.88817262712524
1789130113503835100,62.909835205078124,207.6528169137493
1789130113519828000,62.92582788085937,207.42334989823
1789130113535819000,62.94181909179687,210.046436733476
1789130113551816000,62.95781591796875,209.55818285715867
1789130113567807000,62.97380688476562,207.38033046598747
1789130113583802600,62.989802734375,207.88028431958492
1789130113599795500,63.00579541015625,210.17352076585445
1789130113615790000,63.0217900390625,210.17352076585445
1789130113631781600,63.03778173828125,208.08198751695124
1789130113647772400,63.0537724609375,210.3155775962068
1789130113663764700,63.0697646484375,211.50886647007368
1789130113679762400,63.085762451171874,211.55383456204805
1789130113695760400,63.10176049804687,209.664943116657
1789130113711763500,63.117763427734374,205.61143141960338
1789130113727765000,63.13376489257813,206.78712711740667
1789130113743766800,63.14976684570313,209.51427421556463
1789130113759764200,63.16576416015625,209.89157765689134
1789130113775764200,63.18176416015625,211.9529801208746
1789130113791763200,63.19776318359375,213.36636740461554
1789130113807766000,63.21376611328125,212.76527591739628
1789130113823765200,63.22976513671875,211.4768406830216
1789130113839762400,63.24576245117188,209.8252104622781
1789130113855756800,63.2617568359375,210.49024825381895
1789130113871751700,63.277751708984376,210.1600597813115
1789130113887744500,63.29374462890625,208.267139429284
1789130113903734800,63.30973486328125,209.43848981009037
1789130113919725300,63.325725341796876,214.438989372011
1789130113935720000,63.341719970703124,214.11447366708154
1789130113951714600,63.35771459960937,208.99076436743903
1789130113967710700,63.37371069335938,208.01526843047205
1789130113983705600,63.38970556640625,209.94878047220075
1789130113999699200,63.40569921875,209.13429275742214
1789130114015690800,63.421690673828124,207.75082425331945
1789130114031684600,63.4376845703125,209.05460357838425
1789130114047680500,63.453680419921874,210.9925038698982
1789130114063678200,63.46967822265625,211.77312766374092
1789130114079676700,63.4856767578125,206.85812139405226
1789130114095679700,63.5016796875,209.07060287780712
1789130114111681300,63.51768139648438,213.31467092432086
1789130114127684400,63.53368432617187,209.42014809908204
1789130114143681300,63.549681396484374,206.92767693907183
1789130114159680000,63.565679931640624,210.439726251238
1789130114175679000,63.581678955078125,210.79323404222666
1789130114191673000,63.59767309570312,208.13832222015682
1789130114207667500,63.61366748046875,207.35479240640865
1789130114223661300,63.62966137695312,204.01079914763562
1789130114239655200,63.6456552734375,204.2205042124333
1789130114255651800,63.66165185546875,208.79622730344033
1789130114271652600,63.67765258789063,209.9536093069029
1789130114287647200,63.693647216796876,206.42163402402383
1789130114303640600,63.709640625,206.14169032116575
1789130114319632400,63.72563232421875,207.99714832824841
1789130114335627300,63.74162719726562,209.48206046838507
1789130114351620600,63.75762060546875,208.47910959943698
1789130114367618300,63.77361840820313,206.85625946773914
1789130114383619000,63.789619140625,205.39292362793046
1789130114399614500,63.80561450195312,202.68524062737816
1789130114415614000,63.821614013671876,204.9654514172457
1789130114431615000,63.83761499023438,209.08681208010498
1789130114447615000,63.85361499023438,209.66308938606468
1789130114463616300,63.8696162109375,207.28571528942797
1789130114479619800,63.88561987304688,206.565051177078
1789130114495621000,63.90162109375,209.5247462251743
1789130114511622000,63.917621826171874,208.82555459947983
1789130114527622400,63.933622314453125,206.1977764827893
1789130114543624200,63.94962426757812,208.92642595603502
1789130114559626800,63.965626708984374,209.33045159273945
1789130114575628300,63.98162817382813,208.36904460106692
1789130114591625000,63.997625,211.34789133911036
1789130114607622400,64.01362231445313,206.04688632083455
1789130114623617300,64.0296171875,202.00814551688657
1789130114639607600,64.04560766601563,205.693698167577
1789130114655596800,64.0615966796875,208.267139429284
1789130114671594000,64.07759399414063,211.36602499904438
1789130114687588900,64.0935888671875,211.07903769210276
1789130114703587000,64.10958715820313,208.14160156051784
1789130114719582200,64.12558227539063,207.89727103094762
1789130114735571700,64.14157177734376,208.92642595603502
1789130114751561700,64.15756176757813,206.0599376353145
1789130114767548200,64.17354809570313,204.02650677166912
1789130114783537700,64.18953759765625,205.40036609308723
1789130114799531300,64.20553125,206.41699936303118
1789130114815524400,64.2215244140625,210.30455449352345
1789130114831516000,64.23751586914062,209.7448819641158
1789130114847506400,64.25350634765626,206.64114047040508
1789130114863504000,64.26950390625,205.44174888299884
1789130114879504000,64.28550390625,206.41795195990093
1789130114895504400,64.30150439453125,209.02226965695294
1789130114911504400,64.31750439453126,209.03833088160903
1789130114927503600,64.33350366210938,208.33424325169824
1789130114943505000,64.3495048828125,206.85812139405226
1789130114959505200,64.36550512695312,209.1508436431912
1789130114975501600,64.38150146484375,210.44862221517522
1789130114991497000,64.3974970703125,207.97489516688222
1789130115007496400,64.41349633789062,208.73979434456848
1789130115023499000,64.4294990234375,210.76934552481399
1789130115039496700,64.44549658203125,210.25643716352926
1789130115055495200,64.4614951171875,208.32293832289497
1789130115071496400,64.47749633789063,206.63776087282469
1789130115087490000,64.49348999023438,203.54452414506298
1789130115103485000,64.50948486328124,207.24621181861818
1789130115119478800,64.52547875976562,211.71836880854036
1789130115135476500,64.5414765625,207.89727103094762
1789130115151472400,64.55747241210938,208.267139429284
1789130115167468800,64.57346875,209.2143798301329
1789130115183466800,64.589466796875,209.51963299725762
1789130115199459600,64.60545947265625,209.1676139160679
1789130115215459000,64.621458984375,206.92998892410404
1789130115231462000,64.6374619140625,207.73568211497974
1789130115247463400,64.65346337890625,209.5624771196527
1789130115263462100,64.66946215820313,208.93011775347946
1789130115279464700,64.68546459960938,209.66308938606468
1789130115295471400,64.70147143554688,209.47588679526453
1789130115311474700,64.717474609375,207.94803442594454
1789130115327476000,64.73347607421876,210.07618646472451
1789130115343481300,64.7494814453125,211.19248032074836
1789130115359489500,64.76548950195313,209.72451294396558
1789130115375498200,64.78149829101562,208.6503227069987
1789130115391505200,64.79750512695313,210.01514263723286
1789130115407508000,64.81350805664063,208.23479650516413
1789130115423510300,64.82951025390625,206.63730242310476
1789130115439512300,64.84551220703125,207.66675688828053
1789130115455511300,64.86151123046875,208.94172227453888
1789130115471508700,64.8775087890625,208.03385284882717
1789130115487503600,64.89350366210938,207.72092410482279
1789130115503507000,64.9095068359375,209.82708392338677
1789130115519508700,64.9255087890625,209.90970002580704
1789130115535509000,64.94150903320312,210.4235157466183
1789130115551513600,64.957513671875,208.95721769175077
1789130115567514000,64.97351416015626,206.6382275022892
1789130115583518000,64.98951806640625,207.43419903930516
1789130115599518200,65.00551831054688,208.44292806017629
1789130115615525000,65.02152514648438,209.3577543961649
1789130115631530800,65.03753076171876,210.81826306008088
1789130115647532800,65.05353271484375,210.6452887023078
1789130115663530200,65.0695302734375,211.10635409625075
1789130115679529000,65.08552905273437,209.2143798301329
1789130115695526000,65.10152587890624,208.73035279132486
1789130115711524400,65.1175244140625,210.55241058796284
1789130115727523300,65.1335234375,208.31225761640286
1789130115743516700,65.1495166015625,207.71081355402035
1789130115759510800,65.1655107421875,206.64014323401364
1789130115775510300,65.18151025390625,206.6386954428484
1789130115791506400,65.19750634765624,206.41795195990093
1789130115807502300,65.21350244140625,207.9480344259445
1789130115823504600,65.22950463867187,208.15820166216616
1789130115839512300,65.24551220703125,206.05673685829478
1789130115855519200,65.26151928710938,209.90970002580704
1789130115871520800,65.27752075195312,211.30412361700036
1789130115887521300,65.29352124023437,210.99202347265623
1789130115903524600,65.30952465820313,210.79323404222666
1789130115919528400,65.32552856445312,207.6597413183494
1789130115935530500,65.34153051757812,208.92642595603502
1789130115951524900,65.35752490234376,209.1974883139562
1789130115967525600,65.37352563476563,207.93930917781447
1789130115983528000,65.38952783203125,209.80475252886745
1789130115999530800,65.40553076171875,209.76504341318523
1789130116015526400,65.4215263671875,209.6011815289362
1789130116031524400,65.4375244140625,208.73979434456848
1789130116047527000,65.45352685546875,206.85625946773916
1789130116063525000,65.46952514648437,208.35729467351166
1789130116079521300,65.48552124023438,209.84830488198173
1789130116095521000,65.50152099609375,206.85081303910462
1789130116111520800,65.51752075195313,205.59049018306905
1789130116127524000,65.53352416992188,209.5624771196527
1789130116143525400,65.549525390625,211.10635409625075
1789130116159531500,65.56553149414063,208.9600585339975
1789130116175536000,65.5815361328125,210.1225115138245
1789130116191542300,65.59754223632812,208.87651744155795
1789130116207545600,65.61354565429687,208.2139101946812
1789130116223542000,65.6295419921875,209.11794976672698
1789130116239542300,65.64554223632813,207.58418267641036
1789130116255542800,65.66154272460938,209.4124956816995
1789130116271542000,65.6775419921875,210.4998318378483
1789130116287543800,65.69354370117188,209.64329372245226
1789130116303548400,65.70954833984375,209.68454870098114
1789130116319550200,65.72555029296875,210.7086072156813
1789130116335548700,65.74154858398437,212.26828521764156
1789130116351545000,65.75754516601563,210.20954073400608
1789130116367544800,65.773544921875,208.97531245264676
1789130116383544300,65.78954443359375,211.47684068302158
1789130116399541200,65.80554125976562,209.05460357838425
1789130116415537200,65.821537109375,207.61761136963412
1789130116431526100,65.83752612304687,206.86000725275153
1789130116447515100,65.85351513671876,205.17500335467784
1789130116463511600,65.86951147460937,206.34496798698729
1789130116479509800,65.885509765625,208.27819731971027
1789130116495508700,65.9015087890625,208.27819731971027
1789130116511510300,65.91751025390624,206.13099980453867
1789130116527512800,65.93351293945312,208.267139429284
1789130116543518500,65.9495185546875,208.44909899845283
1789130116559520300,65.96552026367188,207.54630675271682
1789130116575520000,65.98152001953125,207.24174027063975
1789130116591519500,65.99751953125,206.79151351387964
1789130116607520500,66.0135205078125,208.07248551782058
1789130116623526700,66.02952661132812,207.62456190911374
1789130116639524600,66.04552465820312,209.07109404327846
1789130116655524600,66.06152465820313,209.7448819641158
1789130116671523800,66.07752392578125,208.5426051714047
1789130116687528000,66.09352783203126,208.31225761640286
1789130116703528000,66.10952783203125,207.00977092148895
1789130116719530000,66.12553002929687,205.24476761836638
1789130116735530200,66.1415302734375,206.33918160112916
1789130116751530500,66.15753051757812,206.78712711740667
1789130116767534600,66.17353466796875,205.6052904307996
1789130116783536600,66.18953662109375,203.32812163797396
1789130116799541200,66.20554125976562,204.18220614919613
1789130116815541000,66.221541015625,205.6471741201623
1789130116831543300,66.23754321289063,205.13858414198626
1789130116847541500,66.25354150390625,207.4567438468757
1789130116863543800,66.26954370117187,206.3449679869873
1789130116879540500,66.28554052734376,204.79813407682806
1789130116895538200,66.3015380859375,207.01857109549326
1789130116911536000,66.3175361328125,208.1732004928299
1789130116927532800,66.33353271484376,206.9444869279458
1789130116943532500,66.34953247070312,205.8892464860637
1789130116959530800,66.36553076171874,207.32389178055297
1789130116975528200,66.38152807617188,209.6591113585109
1789130116991528400,66.39752856445313,211.1731933466002
1789130117007524600,66.41352465820313,207.49283610588827
1789130117023520300,66.42952026367188,205.81120471993486
1789130117039515600,66.445515625,209.40447386962666
1789130117055513300,66.46151342773437,208.40524716713057
1789130117071509500,66.47750952148438,207.86180535002697
1789130117087505400,66.49350537109375,211.93068217260526
1789130117103501000,66.5095009765625,211.80188015301349
1789130117119501600,66.52550146484376,206.8658133790142
1789130117135504600,66.54150463867188,203.91231773237652
1789130117151498800,66.55749877929688,205.58637397551442
1789130117167490300,66.573490234375,208.32391638340377
1789130117183482400,66.589482421875,206.8677998964773
1789130117199474400,66.60547436523437,206.78712711740667
1789130117215469600,66.62146948242187,207.67386283497942
1789130117231460400,66.63746044921875,207.09206722349464
1789130117247449900,66.65344995117188,207.94172069861992
1789130117263442000,66.66944189453125,209.52867031722195
1789130117279434800,66.68543481445313,211.36184805657044
1789130117295426800,66.7014267578125,212.44362129267608
1789130117311415600,66.71741552734375,211.11670815989072
1789130117327405600,66.73340551757812,206.8802927073156
1789130117343397600,66.74939770507812,206.7976448120412
1789130117359387000,66.76538696289063,207.64597559523128
1789130117375371000,66.78137109375,203.8601752852378
1789130117391357000,66.79735693359375,204.97601144428623
1789130117407347500,66.81334741210938,207.02463393211846
1789130117423335700,66.82933569335937,206.2666386349967
1789130117439328000,66.84532788085937,205.2986401526375
1789130117455319000,66.86131909179687,205.36216807769372
1789130117471307000,66.87730712890625,206.4150638942652
1789130117487297000,66.89329711914063,207.3910141656353
1789130117503288000,66.9092880859375,205.6052904307996
1789130117519279900,66.92527978515625,205.67103984403084
1789130117535274200,66.94127416992187,205.281960452903
1789130117551271000,66.95727099609375,202.72149927308377
1789130117567263200,66.97326318359374,203.94597736974262
1789130117583255600,66.98925561523437,202.84141689504182
1789130117599256300,67.00525634765626,204.04422280197758
1789130117615253500,67.02125341796875,207.58418267641036
1789130117631252500,67.03725244140625,205.67103984403084
1789130117647251000,67.0532509765625,205.80621055762944
1789130117663249000,67.06924877929687,205.80621055762944
1789130117679250400,67.08525048828125,207.90644340559746
1789130117695249000,67.10124877929688,206.95218042791507
1789130117711246300,67.11724633789062,203.4388704641168
1789130117727239200,67.1332392578125,204.6810008436126
1789130117743228200,67.14922827148438,206.93952950316864
1789130117759216000,67.16521606445312,209.30220738599044
1789130117775201000,67.18120092773438,209.32047561775425
1789130117791186400,67.1971865234375,208.44909899845283
1789130117807177700,67.213177734375,206.26069426236583
1789130117823167700,67.22916772460937,204.38840899312302
1789130117839161000,67.2451611328125,206.1017547387353
1789130117855145200,67.26114526367188,208.34770171902292
1789130117871135200,67.27713525390625,209.8290468260701
1789130117887129000,67.29312915039063,208.04182188640112
1789130117903124500,67.30912451171875,206.3315119587495
1789130117919119000,67.325119140625,204.996718607042
1789130117935106000,67.34110595703125,204.74096128564753
1789130117959096800,67.36509692382812,208.65182962039364
1789130117975093200,67.38109326171875,210.09252028298133
1789130117991086600,67.39708666992188,208.55368908619064
1789130118007080200,67.413080078125,206.48783387859325
1789130118023074800,67.42907470703125,207.7185036373641
1789130118039075600,67.44507568359376,207.87929929269606
1789130118055078000,67.46107788085938,206.41307468408016
1789130118071076600,67.47707666015626,206.94701640235084
1789130118087077000,67.4930771484375,206.78857101673114
1789130118103073000,67.50907299804688,206.49083454467151
1789130118119068200,67.52506811523438,207.01559924532594
1789130118135061800,67.54106176757813,206.565051177078
1789130118151048000,67.5570478515625,206.33768778367477
1789130118175028000,67.58102807617188,206.565051177078
1789130118191020500,67.5970205078125,205.35375319716215
1789130118207016400,67.61301635742187,202.76500935442854
1789130118223019000,67.62901904296875,203.40907950192644
1789130118239021300,67.64502124023437,205.6881442355394
1789130118255026200,67.66102612304688,207.73568211497974
1789130118271026200,67.67702612304687,209.84830488198173
1789130118287023600,67.69302368164062,205.09625180898442
1789130118303023900,67.70902392578125,204.1910836228059
1789130118319021000,67.72502099609375,208.36904460106692
1789130118335021000,67.74102099609375,208.58378052971207
1789130118351026200,67.75702612304687,209.277421460336
1789130118367027700,67.77302783203125,209.18459803912558
1789130118383019000,67.78901904296875,206.94199069494033
1789130118399019000,67.80501904296875,207.69574168701672
1789130118415022300,67.82102221679688,208.85566034684885
1789130118431023400,67.8370234375,203.89318609915853
1789130118447023400,67.8530234375,204.11865736201813
1789130118463023600,67.86902368164063,206.63965435056917
1789130118479028700,67.88502880859374,207.24174027063975
1789130118495031300,67.90103125,206.79151351387964
1789130118511028500,67.91702856445312,203.7794904950979
1789130118527026200,67.93302612304687,202.9144086832399
1789130118543023900,67.94902392578125,206.4893615370742
1789130118559022300,67.96502221679688,210.81570471802672
1789130118575012000,67.98101220703126,209.3855977278614
1789130118591011600,67.99701147460938,208.79622730344033
1789130118607015700,68.013015625,210.90541060078166
1789130118623017700,68.02901782226563,208.84683871358502
1789130118639017500,68.045017578125,208.12856726547136
1789130118655018200,68.06101831054687,209.1161462103927
1789130118671018200,68.07701831054688,208.30075576600638
1789130118687017500,68.093017578125,211.2686653668355
1789130118703016000,68.10901586914062,209.0858795521784
1789130118719015200,68.12501513671874,207.68560935533807
1789130118735012900,68.14101293945312,209.56657614175828
1789130118751013000,68.15701318359375,208.1189348716199
1789130118767017700,68.17301782226562,211.15611622489638
1789130118783020300,68.18902026367188,212.57027629426912
1789130118799022000,68.20502197265625,209.92312513063544
1789130118815025700,68.22102563476562,211.9529801208746
1789130118831032800,68.23703271484375,215.10332748821384
1789130118847043600,68.25304370117188,212.6857817185135
1789130118863043000,68.26904296875,212.19573279614505
1789130118879044400,68.28504443359375,212.99588793481846
1789130118895040800,68.30104077148438,211.16259991153035
1789130118911042300,68.31704223632812,211.4534519138962
1789130118927044600,68.33304467773438,212.70473190985314
1789130118943053000,68.34905297851563,209.8669154416693
1789130118959049700,68.3650498046875,210.3987264494835
1789130118975051800,68.3810517578125,211.10635409625075
1789130118991052000,68.39705200195313,210.06858187716128
1789130119007049700,68.4130498046875,211.79324158086044
1789130119023054300,68.42905444335938,212.75547227148962
1789130119039058200,68.44505810546875,210.23283944131276
1789130119055058700,68.46105859375,208.01526843047205
1789130119071054600,68.4770546875,207.7733443736607
1789130119087055000,68.49305517578125,211.64940855436987
1789130119103061800,68.50906176757813,213.4221223388749
1789130119119066000,68.52506616210937,210.16381938000032
1789130119135072000,68.54107202148438,210.79606397685458
1789130119151074300,68.55707421875,210.33655543982857
1789130119167074600,68.57307446289063,210.99110467350948
1789130119183070700,68.58907080078124,210.49024825381895
1789130119199071200,68.6050712890625,210.8797052961199
1789130119215071000,68.62107104492188,212.82408794664786
1789130119231068200,68.63706811523437,211.38318999440506
1789130119247071000,68.65307104492187,211.50886647007368
1789130119263074600,68.66907446289062,210.67232559007758
1789130119279078100,68.685078125,210.14613507135968
1789130119295076000,68.701076171875,212.8797822662441
1789130119311078400,68.71707836914062,209.13429275742214
1789130119327080700,68.73308081054688,206.13372500350025
1789130119343084000,68.749083984375,211.4856667138896
1789130119359087000,68.76508715820313,213.1113432688374
1789130119375085800,68.7810859375,205.88027251381823
1789130119391079000,68.79707885742188,203.96248843808812
1789130119407074800,68.81307470703125,207.86180535002697
1789130119423068200,68.82906811523438,210.53754704789645
1789130119439062500,68.8450625,210.23079925297128
1789130119455059500,68.8610595703125,207.18527839370174
1789130119471055400,68.87705541992187,204.34480293011592
1789130119487050500,68.89305053710937,203.44430292152057
1789130119503048700,68.90904858398437,203.55226405025317
1789130119519049700,68.9250498046875,204.4866798719409
1789130119535043600,68.94104370117188,204.81086955800447
1789130119551036700,68.95703662109375,201.77033780798044
1789130119567030300,68.9730302734375,202.11432702823404
1789130119583017700,68.98901782226562,204.7872115050109
1789130119599011300,69.00501123046875,203.980265549261
1789130119615006500,69.02100634765625,203.69068950884815
1789130119631004000,69.03700390625,204.54842601686775
1789130119647002000,69.05300219726563,204.1064934447058
1789130119663003400,69.06900341796874,203.19859107441906
1789130119679003400,69.08500341796875,200.76645859086997
1789130119695000000,69.101,201.15575357848093
1789130119710998500,69.11699853515626,203.735875406622
1789130119726995500,69.13299536132813,205.3993080418668
1789130119742991400,69.14899145507812,204.9400750667129
1789130119758986200,69.164986328125,204.6991344826135
1789130119774983200,69.18098315429687,204.91670561723546
1789130119790982100,69.19698217773437,204.397686982991
1789130119806982000,69.21298193359375,201.49095978537986
1789130119822979300,69.22897924804687,199.0078865052856
1789130119838974700,69.244974609375,199.82647512115855
1789130119854970400,69.26097045898437,201.73229443096906
1789130119870971600,69.2769716796875,199.5311078804737
1789130119886972400,69.29297241210938,200.4465778872711
1789130119902968000,69.30896801757812,201.35566940759986
1789130119918968000,69.32496801757813,201.5988326343865
1789130119934969300,69.34096923828125,201.6586175411
1789130119950972700,69.35697265625,198.1991638770885
1789130119966977800,69.37297778320313,198.08344524023533
1789130119982980000,69.38897998046875,197.2776150489018
1789130119998977800,69.40497778320312,195.3361591471104
1789130120014980900,69.42098095703125,194.22077011953496
1789130120030981600,69.43698168945312,193.99022318089771
1789130120046986500,69.45298657226563,195.06848793110552
1789130120062984400,69.468984375,197.8786971203785
1789130120078984700,69.48498461914062,197.68439172270436
1789130120094983400,69.5009833984375,196.6235810867396
1789130120110984700,69.51698461914063,197.615591891763
1789130120126987500,69.53298754882813,196.19547243090125
1789130120142989000,69.54898901367187,194.42077277885406
1789130120158997000,69.5649970703125,194.13181513822067
1789130120175005200,69.58100512695313,194.3668832604263
1789130120191014400,69.59701440429687,194.32271894611188
1789130120207027500,69.61302734375,193.84069567199066
1789130120223029500,69.62902954101563,194.42077277885406
1789130120239038500,69.64503857421874,196.79476901364598
1789130120255042800,69.66104272460937,195.5025381270739
1789130120271043000,69.67704296875,192.12230994024566
1789130120287048700,69.69304858398438,193.30917822175692
1789130120303053300,69.70905322265625,195.40137509899117
1789130120319063600,69.7250634765625,194.43795976162767
1789130120335072000,69.74107202148437,193.88466662883394
1789130120351080200,69.757080078125,195.82615323995617
1789130120367089700,69.77308959960938,194.0882827540547
1789130120383094300,69.78909423828125,191.1018875737514
1789130120399100700,69.8051005859375,190.0079795626903
1789130120415106600,69.8211064453125,189.46232220802563
1789130120431111400,69.837111328125,188.98425540392364
1789130120447120000,69.85311987304688,188.0080670352047
1789130120463126000,69.8691259765625,187.0991843973461
1789130120479128800,69.88512890625,187.15182742346565
1789130120495136000,69.90113598632813,189.2050631060065
1789130120511141400,69.91714135742187,192.11059737522552
1789130120527147500,69.9331474609375,190.95406210104795
1789130120543160000,69.94916015625,187.74471040335834
1789130120559172600,69.96517260742188,186.09151398492588
1789130120575181300,69.98118139648437,187.33860656759816
1789130120591191300,69.99719140625,190.18662994840466
1789130120607205600,70.01320556640626,188.57523259776963
1789130120623217700,70.0292177734375,186.9250816979397
1789130120639235800,70.04523583984376,190.78429759582244
1789130120655249400,70.06124951171876,189.30609671977496
1789130120671264000,70.07726391601562,185.87396154671418
1789130120687279600,70.09327954101562,186.53403831301264
1789130120703297800,70.1092978515625,187.84469615911132
1789130120719307300,70.12530737304688,189.01150579906485
1789130120735316500,70.14131640625,187.92074015918968
1789130120751330800,70.15733081054688,187.56142852403462
1789130120767345200,70.17334521484375,189.54913315519318
1789130120783361500,70.18936157226562,189.3349982412753
1789130120799374000,70.2053740234375,186.17680133442556
1789130120815387000,70.22138696289062,184.5537678374167
1789130120831403800,70.23740380859375,183.69138601172955
1789130120847418400,70.25341845703124,185.0973997802974
1789130120863426000,70.26942602539063,187.9750397247818
1789130120879432000,70.28543188476563,187.31901919178554
1789130120895439000,70.30143920898438,182.86240517879816
1789130120911446000,70.31744604492188,182.92320292478232
1789130120927452000,70.33345190429688,184.58466303679856
1789130120943457000,70.34945703125,179.49520443848536
1789130120959464700,70.36546459960938,179.53419090477357
1789130120975469000,70.38146899414062,179.0248468391337
1789130120991475700,70.39747583007812,176.43951957596065
1789130121007484400,70.413484375,179.73100770669558
1789130121023492000,70.4294921875,180.53545896723386
1789130121039501800,70.44550170898438,178.73260104038505
1789130121055509500,70.46150952148437,177.05174930839135
1789130121071516200,70.47751611328125,174.76045626721245
1789130121087526700,70.49352661132812,173.5225403666457
1789130121103524000,70.50952416992187,174.51244312488632
1789130121119523800,70.52552392578124,178.11771757641398
1789130121135527400,70.54152734375,179.13630996222602
1789130121151534300,70.55753442382813,180
1789130121167538700,70.57353857421874,180
1789130121183543000,70.58954296875,178.27301226315424
1789130121199545600,70.60554565429688,177.19362986282323
1789130121215551200,70.62155126953125,178.6489349248747
1789130121231554300,70.63755419921876,178.61631312357005
1789130121247559000,70.65355883789063,174.67897873475627
1789130121263562500,70.6695625,174.957549191399
1789130121279566800,70.68556689453125,176.59723022562383
1789130121295569400,70.7015693359375,176.61548217229165
1789130121311571500,70.71757153320313,177.3438528443337
1789130121327571500,70.73357153320312,174.9662131044513
1789130121343577300,70.74957739257812,173.50419811602453
1789130121359584800,70.76558471679688,175.5801289865886
1789130121375591200,70.78159106445312,173.04704263858952
1789130121391602000,70.79760180664063,172.60392315047562
1789130121407605000,70.81360498046875,174.3954610459389
1789130121423610000,70.82961010742187,170.909723710616
1789130121439616300,70.8456162109375,171.11934097350152
1789130121455618600,70.86161865234375,174.20720358385663
1789130121471621400,70.87762133789063,175.77400170939742
1789130121487618800,70.89361889648437,173.1046906342107
1789130121503620600,70.90962060546875,174.34557945916012
1789130121519623700,70.92562377929687,177.99546603042756
1789130121535620400,70.94162036132812,176.29945691676238
1789130121551612700,70.95761279296875,178.76136529294845
1789130121567608300,70.9736083984375,179.0659124830071
1789130121583607300,70.98960717773437,174.47246016129637
1789130121599607000,71.00560693359375,175.20986930233323
1789130121615606500,71.0216064453125,177.3214488640064
1789130121631606500,71.0376064453125,175.84614697666436
1789130121647609300,71.053609375,174.0531370437822
1789130121663609000,71.06960913085938,174.5309052852127
1789130121679606000,71.08560595703125,176.09950622835422
1789130121695597800,71.10159790039063,177.65586765127077
1789130121711594200,71.11759423828126,177.5997854953413
1789130121727590400,71.13359033203125,172.49526755741232
1789130121743589000,71.14958911132813,171.32682583493875
1789130121759590000,71.16558984375,170.77365574878755
1789130121775592200,71.18159228515626,172.76307837860833
1789130121791594000,71.19759399414062,171.36658015433554
1789130121807601400,71.21360131835938,166.88356406798297
1789130121823606000,71.22960595703125,167.60459396615235
1789130121839615000,71.24561499023437,169.72464198211952
1789130121855623400,71.26162353515625,168.32121528351215
1789130121871635000,71.27763500976563,165.3915335968758
1789130121887640000,71.29364013671875,162.64597509366396
1789130121903641300,71.30964135742188,167.47119271377042
1789130121919643100,71.32564306640624,170.80641813315225
1789130121935645000,71.34164501953126,166.1899232967473
1789130121951646200,71.35764624023437,163.0178930536236
1789130121967645700,71.37364575195312,160.4914908744837
1789130121983644400,71.38964453125,161.4721883564411
1789130121999645000,71.40564501953125,161.01237606512004
1789130122015637500,71.42163745117188,159.80566542362644
1789130122031635200,71.43763525390625,163.4339237160725
1789130122047638000,71.45363793945313,166.04752281927676
1789130122063643600,71.4696435546875,160.577291724666
1789130122079648500,71.4856484375,157.52939904745494
1789130122095656700,71.50165673828126,158.58165166280864
1789130122111667200,71.51766723632812,159.6984400595515
1789130122127675400,71.53367529296875,162.1702663882058
1789130122143683300,71.54968334960938,162.79342844097914
1789130122159692000,71.56569213867188,160.40771805089824
1789130122175704300,71.58170434570313,160.6698776113506
1789130122191713300,71.59771337890625,160.42687489323254
1789130122207725800,71.61372583007812,159.89129944145122
1789130122223734300,71.629734375,163.61045937593596
1789130122239743700,71.64574365234375,164.01036153625154
1789130122255750000,71.66175,160.74070832677967
1789130122271752200,71.67775219726562,158.91624592112967
1789130122287757800,71.6937578125,157.71441151497865
1789130122303766300,71.70976635742187,160.99778437444957
1789130122319776300,71.7257763671875,163.3007551692227
1789130122335787000,71.741787109375,160.2531632951244
1789130122351797500,71.75779760742188,159.89671299975083
1789130122367808800,71.77380883789063,157.18401375008736
1789130122383819000,71.78981909179687,159.12840430885703
1789130122399830500,71.80583056640624,158.5870296653169
1789130122415842600,71.82184252929687,154.73036118290312
1789130122431851300,71.83785131835937,156.52900767778252
1789130122447862000,71.85386206054687,155.93127679935438
1789130122463864600,71.86986450195313,158.8504755751605
1789130122479871500,71.88587158203126,160.2157216298678
1789130122495880700,71.90188061523438,156.7139344661945
1789130122511892700,71.91789282226563,157.19898488879187
1789130122527900000,71.93389990234375,155.5825333844362
1789130122543907800,71.94990795898437,154.52357486582414
1789130122559918300,71.96591845703125,154.86704372722605
1789130122575930000,71.98193017578124,155.63754841955443
1789130122591939000,71.99793896484375,156.10120704004223
1789130122607944000,72.01394384765625,155.63754841955443
1789130122623949300,72.02994921875,158.4121148111803
1789130122639951400,72.04595141601563,156.58155011429022
1789130122655957200,72.06195727539063,151.91080810697187
1789130122671965400,72.07796533203125,155.07543029244775
1789130122687976200,72.09397607421874,155.52628179990006
1789130122703992300,72.10999243164062,149.68878617090266
1789130122720005000,72.12600512695313,150.60394717933968
1789130122736018000,72.14201782226563,151.3631363561495
1789130122760028700,72.16602856445313,151.5823637255517
1789130122776031700,72.18203173828125,153.2771085034244
1789130122792035300,72.19803540039062,152.43279342769065
1789130122808036600,72.21403662109375,151.41723346504003
1789130122824045300,72.23004541015625,151.76808204382843
1789130122840058600,72.24605859375,151.10358358902153
1789130122856067600,72.26206762695313,151.83166915593642
1789130122872077600,72.27807763671875,156.00322383453445
1789130122888087000,72.29408715820313,156.9745071477923
1789130122904095700,72.310095703125,156.1398247147622
1789130122920098000,72.32609814453124,153.00416315033152
1789130122936100000,72.34210009765626,152.03776682104447
1789130122952107000,72.35810693359375,153.99665585127477
1789130122968116700,72.37411669921875,153.89208467318323
1789130122984129800,72.3901298828125,148.10279127343426
1789130123000141300,72.40614135742187,145.11644122652692
1789130123016152000,72.42215209960938,147.58769473076143
1789130123032161300,72.43816137695312,151.20599934108964
1789130123048172800,72.4541728515625,151.84380746339087
1789130123064182800,72.47018286132813,152.29244921515317
1789130123080199400,72.48619946289062,151.67501809837978
1789130123096216600,72.50221655273438,151.72281339638673
1789130123112235000,72.51823510742187,151.2796752721835
1789130123128251600,72.53425170898437,151.78983065032878
1789130123144269000,72.55026904296875,150.47132968277805
1789130123160282600,72.56628271484375,147.12709100520198
1789130123176298000,72.58229809570312,150.0940623280776
1789130123192311800,72.59831176757812,155.46918902139345
1789130123208324000,72.61432397460938,157.78240445315961
1789130123224336000,72.6303359375,153.28535077191268
1789130123240342800,72.6463427734375,151.80225857134312
1789130123256347000,72.66234692382812,153.7413401522192
1789130123272354600,72.6783544921875,153.59772162515281
1789130123288363500,72.69436352539063,154.44003523682
1789130123304374300,72.71037426757813,152.7549127988963
1789130123320383700,72.7263837890625,150.9453941826362
1789130123336397600,72.7423974609375,152.18570590129116
1789130123352407600,72.75840747070312,154.65382427880925
1789130123368416500,72.77441650390625,154.0934913989718
1789130123384427800,72.790427734375,152.17590224173958
1789130123400438800,72.80643872070313,152.9691389376085
1789130123416448800,72.82244873046875,152.46117496997886
1789130123432458500,72.83845849609375,150.47132968277805
1789130123448467500,72.85446752929687,150.3408886414891
1789130123464481800,72.87048168945313,152.98142890450674
1789130123480492300,72.8864921875,153.57927139161833
1789130123496496000,72.90249609375,154.92281497028557
1789130123512499700,72.91849975585937,158.33884988195084
1789130123528508700,72.9345087890625,154.39781159133557
1789130123552526800,72.95852685546875,152.01076159149147
1789130123568531700,72.97453173828124,151.27072919827435
1789130123584535000,72.99053515625,151.7557489895385
1789130123600538400,73.00653833007813,151.5141642907273
1789130123616547600,73.02254760742187,152.27594619730544
1789130123632558300,73.03855834960937,152.15837255282764
1789130123648568600,73.05456860351562,151.30170912829234
1789130123664570400,73.0705703125,152.65012496744927
1789130123680579800,73.08657983398437,147.70711475077957
1789130123696587000,73.1025869140625,147.47046316657455
1789130123712598500,73.1185986328125,152.06285705107848
1789130123728604200,73.13460424804687,152.53743906428014
1789130123744608500,73.1506083984375,151.03726618772362
1789130123760617500,73.16661743164063,148.63397500095562
1789130123776622000,73.1826220703125,147.04563243101236
1789130123792631300,73.19863134765625,146.63968972001092
1789130123808636400,73.21463647460938,149.0362425113173
1789130123824638500,73.23063842773438,152.46117496997886
1789130123840644600,73.24664453125,155.09523100078374
1789130123856647400,73.2626474609375,154.51928248252997
1789130123872652000,73.27865209960937,153.434948822922
1789130123888650800,73.29465063476563,153.270307697886
1789130123904652300,73.31065234375,153.25756323905765
1789130123920658400,73.32665844726563,153.99665364492924
1789130123936668400,73.34266845703125,152.22343592110605
1789130123952676900,73.3586767578125,152.7341172275519
1789130123968683800,73.37468383789063,151.18920575760717
1789130123984696000,73.39069604492188,151.41527924337487
1789130124000701700,73.40670166015624,154.5839939757798
1789130124016705000,73.422705078125,154.96021688515364
1789130124032707800,73.43870776367187,155.11551709876693
1789130124048710400,73.45471044921875,155.38916648786815
1789130124064716300,73.47071630859375,155.55604566512747
1789130124080728300,73.48672827148438,152.65897985063717
1789130124096742100,73.5027421875,150.83238694902238
1789130124112753700,73.51875366210938,152.39601980969817
1789130124128760800,73.5347607421875,156.37062094228753
1789130124144772400,73.5507724609375,157.80971069834447
1789130124160772600,73.56677270507812,156.5713079579737
1789130124176775200,73.58277514648438,155.2506344065252
1789130124192779800,73.59877978515625,153.75865005716497
1789130124208781300,73.61478125,151.7983707042227
1789130124224792600,73.63079248046876,156.80140909381217
1789130124240803800,73.64680395507813,161.56505164171674
1789130124256812500,73.6628125,157.43745851168623
1789130124272818400,73.678818359375,154.38451727730668
1789130124288826400,73.69482641601563,154.72227661530894
1789130124304836000,73.71083618164063,155.6436091267592
1789130124320845600,73.72684545898437,155.90557050803514
1789130124336851000,73.74285083007813,157.25843638463326
1789130124352857000,73.75885717773437,157.80971069834447
1789130124368869400,73.77486938476562,155.71854052476397
1789130124384883200,73.79088330078125,153.1037633387806
1789130124400894200,73.80689428710937,152.15837255282767
1789130124416901600,73.82290161132812,151.6450384812199
1789130124432909800,73.83890991210937,152.5255692339482
1789130124448921600,73.85492163085938,151.54298375321946
1789130124464933400,73.87093334960937,152.28149793615248
1789130124480944600,73.88694458007812,152.56689678792574
1789130124496956700,73.90295678710937,149.25703340549887
1789130124512973300,73.91897338867187,146.14289000928272
1789130124528982800,73.93498266601563,142.31700749004986
1789130124544994600,73.95099462890624,147.16220345500662
1789130124561001500,73.96700146484375,148.92096230789724
1789130124577008000,73.98300805664063,147.3690635818521
1789130124593016000,73.99901611328124,152.11971568041508
1789130124609032700,74.01503271484376,151.63095539893308
1789130124625051400,74.03105151367187,148.27064456742698
1789130124641065500,74.0470654296875,148.41618157806903
1789130124657073200,74.0630732421875,149.94755291540912
1789130124673084000,74.079083984375,151.5823637255517
1789130124689093000,74.09509301757812,148.12463643682528
1789130124705099000,74.11109912109374,147.23959805947317
1789130124721109000,74.12710888671874,149.21585377794747
1789130124737121000,74.14312109375,146.91121621691318
1789130124753130200,74.15913012695313,144.49685960381342
1789130124769139500,74.17513940429687,143.00120125003477
1789130124785150000,74.19114990234375,146.85300438932356
1789130124801163300,74.20716333007813,148.78159625707266
1789130124817179100,74.22317919921875,148.70695955529047
1789130124833193000,74.23919287109375,148.41618157806903
1789130124849201400,74.25520141601562,145.34868422127397
1789130124865213400,74.27121337890625,146.8886567311626
1789130124881226000,74.28722607421875,150.8759462924772
1789130124897237200,74.3032373046875,154.33012169957325
1789130124913248000,74.319248046875,152.92033040157773
1789130124929259500,74.33525952148437,150.98091824293192
1789130124945270800,74.35127075195312,155.62988105012897
1789130124961275000,74.36727490234375,156.03751174762
1789130124977277200,74.38327709960937,154.33012169957325
1789130124993276200,74.39927612304687,153.2771085034244
1789130125009274600,74.41527465820313,155.85445835516464
1789130125025274400,74.4312744140625,162.53197631311056
1789130125041274000,74.44727416992187,158.96248877898284
1789130125057279000,74.46327905273438,157.7965213053771
1789130125073282300,74.4792822265625,162.5407980919777
1789130125089293000,74.49529296875,158.6293763123661
1789130125105299700,74.5112998046875,156.68906506615355
1789130125121305900,74.52730590820312,156.21797012446441
1789130125137312300,74.54331225585938,157.30620483069399
1789130125153321000,74.55932104492187,160.66519168054998
1789130125169324000,74.57532397460938,159.5582028798767
1789130125185327400,74.59132739257812,159.7273136712487
1789130125201332000,74.60733203125,161.42427459973518
1789130125217334500,74.62333447265625,163.70595217106197
1789130125233340200,74.63934008789063,167.87290899479805
1789130125249348400,74.65534838867187,165.64066376344002
1789130125265351400,74.67135131835937,160.6515277446058
1789130125281356500,74.6873564453125,162.4744317901296
1789130125297365500,74.70336547851562,165.76271972483997
1789130125313371000,74.71937084960938,165.85765345751534
1789130125329371400,74.73537133789063,164.22805109536125
1789130125345371600,74.75137158203125,163.18737417489464
1789130125361371100,74.76737109375,162.67207882029078
1789130125377367000,74.78336694335937,163.77980642583205
1789130125393367300,74.7993671875,165.70967413802413
1789130125409368300,74.81536840820313,167.1957337557954
1789130125425368600,74.83136865234376,167.79953151093707
1789130125441378000,74.8473779296875,170.4457104144135
1789130125457382700,74.86338256835937,167.00538313702452
1789130125473382000,74.8793818359375,164.74488158883065
1789130125489383200,74.89538305664063,166.06516559477913
1789130125505385500,74.91138549804687,166.15930432800934
1789130125521386800,74.92738671875,165.46554456829332
1789130125537387800,74.9433876953125,164.96218504249285
1789130125553389800,74.95938989257813,166.0683106615343
1789130125569390300,74.97539038085938,163.99897741912955
1789130125585397800,74.99139770507813,161.43687252584235
1789130125601402600,75.00740258789062,167.79953151093707
1789130125617406000,75.02340600585937,166.6512731498647
1789130125633405200,75.0394052734375,162.6210740164139
1789130125649410000,75.05541015625,163.65711806099966
1789130125665413600,75.07141357421875,163.77263944743612
1789130125681423000,75.08742309570313,164.64250626152938
1789130125697429500,75.10342944335937,161.10485351339972
1789130125713437000,75.11943701171874,159.85158654516133
1789130125729436700,75.13543676757813,164.15691819013514
1789130125745437400,75.1514375,160.3461757546386
1789130125761442800,75.16744287109375,153.57927139161833
1789130125777448400,75.18344848632813,155.2726863287513
1789130125793452500,75.19945263671875,160.23283097862222
1789130125809456000,75.2154560546875,163.09072838953506
1789130125825456400,75.23145629882812,166.41400837384174
1789130125841453000,75.247453125,167.0740007445143
1789130125857454600,75.26345458984375,166.2729031397542
1789130125873456000,75.2794560546875,163.70595217106197
1789130125889459700,75.29545971679687,160.94899235308642
1789130125905466400,75.31146630859375,168.43002819596074
1789130125921470000,75.32746997070312,171.32682646345762
1789130125937471000,75.34347094726563,165.74296396501828
1789130125953471000,75.35947094726562,167.5740574464533
1789130125969468700,75.37546875,167.82081947665986
1789130125985476600,75.3914765625,164.9728907677195
1789130126001483300,75.40748315429687,162.9260337153032
1789130126025498600,75.43149853515625,163.99897741912955
1789130126041503500,75.44750341796875,165.96375653207352
1789130126057511200,75.46351123046875,164.4974618729261
1789130126073521400,75.479521484375,162.22359375312777
1789130126089533200,75.495533203125,162.23514707882237
1789130126105541000,75.511541015625,164.64986369072332
1789130126121548800,75.527548828125,163.85566126820916
1789130126137554200,75.54355419921875,162.34987629265444
1789130126153562600,75.55956274414062,161.56505176085486
1789130126169576200,75.575576171875,160.73070525287426
1789130126185589800,75.59158984375,159.10917440383665
1789130126201605400,75.60760546875,158.54003976661687
1789130126217617200,75.6236171875,158.67378300815795
1789130126233627100,75.63962719726563,157.65935309996993
1789130126249634600,75.65563452148437,156.32946253663633
1789130126265645800,75.67164575195312,155.96106596059286
1789130126281647400,75.6876474609375,153.60006703942992
1789130126297643500,75.7036435546875,151.67501809837978
1789130126313643300,75.71964331054687,153.93900510209556
1789130126329640700,75.735640625,157.31944093268913
1789130126345641000,75.75164086914063,156.5014342033945
1789130126361645000,75.76764501953124,156.5014342033945
1789130126377644500,75.78364453125,157.83365305294512
1789130126393649200,75.79964916992188,157.7965213053771
1789130126409651500,75.8156513671875,158.4121148111803
1789130126425654000,75.83165405273438,159.49190136574902
1789130126441655300,75.8476552734375,160.67187118760506
1789130126457656800,75.86365673828125,160.9213055663642
1789130126473664000,75.8796640625,160.11483531147437
1789130126489668900,75.8956689453125,158.99031638257546
1789130126505669400,75.91166943359374,159.34741654072306
1789130126521676000,75.92767602539062,158.42009467723534
1789130126537677800,75.943677734375,157.1263342903261
1789130126553677600,75.95967749023437,156.68906506615355
1789130126569677300,75.97567724609375,155.59233086559496
1789130126585683500,75.99168334960937,156.23289308188131
1789130126601686300,76.00768627929688,153.82470964949624
1789130126617690000,76.02369018554687,153.434948822922
1789130126633698600,76.03969848632812,158.87528023997788
1789130126649707300,76.05570727539063,160.2630981401283
1789130126665712400,76.07171240234375,158.62937704639376
1789130126681710000,76.0877099609375,158.61427250246993
1789130126697713000,76.103712890625,157.61986367570617
1789130126713713400,76.11971337890625,156.8936736039912
1789130126729722600,76.13572265625,153.77297278189045
1789130126753740500,76.15974047851563,153.61288528964633
1789130126769751800,76.17575170898438,153.26790769732344
1789130126785754000,76.19175415039062,152.08308821457769
1789130126801762600,76.20776245117187,154.19128412150945
1789130126817772500,76.2237724609375,153.6278629957827
1789130126833784800,76.23978491210937,150.8239204016805
1789130126849793000,76.25579296875,152.4801069494455
1789130126865804500,76.27180444335937,154.265264825532
1789130126881811000,76.28781103515625,155.2771613324416
1789130126897817300,76.3038173828125,155.45415553014064
1789130126913828400,76.31982836914062,157.53325041973335
1789130126929838000,76.33583813476562,159.67686185208575
1789130126945846800,76.3518466796875,156.43845458734333
1789130126961854500,76.3678544921875,154.71203199205732
1789130126977859600,76.38385961914062,152.41797174847716
1789130126993872000,76.39987182617188,153.2654339812358
1789130127009884400,76.41588452148437,154.50244751887934
1789130127025898000,76.43189794921875,153.25756323905765
1789130127041904400,76.447904296875,157.24902456387463
1789130127065913900,76.47191381835937,156.39588533507825
1789130127089927200,76.49592724609376,155.9168029538573
1789130127105933600,76.51193359375,159.49190136574902
1789130127121938700,76.52793872070312,157.98871783561555
1789130127137941200,76.54394116210938,156.70543511590031
1789130127153945000,76.55994506835937,156.22365647479427
1789130127169958000,76.5759580078125,155.19733965277246
1789130127193974300,76.59997436523437,148.11643698031014
1789130127209986600,76.61598657226563,146.83364481160646
1789130127226000600,76.63200073242187,152.41797174847716
1789130127242008000,76.64800805664062,152.62801886208038
1789130127258019000,76.66401904296875,150.5241111054806
1789130127274029000,76.68002905273437,148.78159746500856
1789130127290034200,76.6960341796875,152.22343592110605
1789130127306040800,76.71204077148437,156.48544339514822
1789130127322049000,76.72804907226562,155.71854052476397
1789130127338057500,76.74405737304687,152.94940473690795
1789130127354066000,76.76006591796875,150.72474417178736
1789130127370069200,76.7760693359375,150.5241111054806
1789130127386079500,76.79207958984375,156.00111098272538
1789130127402092500,76.80809252929687,156.60552820727273
1789130127418105000,76.82410498046875,149.8484527544773
1789130127434116000,76.8401162109375,148.70039898452427
1789130127450125000,76.856125,147.5288065931075
1789130127466129700,76.87212963867188,146.59833057990022
1789130127482136600,76.88813647460937,148.34445065400828
1789130127498145500,76.9041455078125,152.89613342839408
1789130127514148400,76.9201484375,153.8314542774099
1789130127530151200,76.93615112304687,150.30927322357002
1789130127546151200,76.95215112304687,152.08023332516882
1789130127562152400,76.96815234375,150.66473264754714
1789130127578154500,76.98415454101563,150.2551202597961
1789130127594159900,77.00015991210938,154.7988766309389
1789130127610170400,77.01617041015625,154.75402523192255
1789130127626175500,77.03217553710938,154.10309027207467
1789130127642181400,77.04818139648438,151.90515954099854
1789130127658186000,77.06418603515625,149.49564952647788
1789130127674187800,77.08018774414063,149.3614143626242
1789130127690199800,77.09619970703125,151.80869173939817
1789130127706213000,77.11221313476562,151.4600134871023
1789130127722229000,77.12822900390626,150.64224587813376
1789130127738247700,77.14424755859375,150.9031103986677
1789130127754265600,77.160265625,148.84797929069958
1789130127770281700,77.17628173828125,150.4304702434029
1789130127786296300,77.19229638671875,152.7549127988963
1789130127802305300,77.20830517578125,156.5953102353908
1789130127818315000,77.22431494140625,156.03751008656417
1789130127834320000,77.24031982421874,151.0154406522088
1789130127850336000,77.2563359375,151.8214097772197
1789130127866345700,77.272345703125,153.00416028672285
1789130127882360800,77.28836083984375,151.2252744680204
1789130127898375200,77.30437524414063,151.2252744680204
1789130127914385200,77.32038525390625,155.90797973107874
1789130127930393900,77.33639379882813,154.90847036089693
1789130127946403600,77.35240356445313,150.03043252615433
1789130127962410800,77.36841064453125,149.65675165375595
1789130127978419000,77.3844189453125,152.49575725325727
1789130128002436400,77.40843627929688,150.70099259925107
1789130128018453500,77.42445361328124,150.71582067285942
1789130128034467600,77.44046752929688,152.98142890450674
1789130128050479000,77.45647900390625,151.3895410033331
1789130128066491000,77.47249096679687,150.55457257260275
1789130128082499000,77.4884990234375,147.18091682201396
1789130128098507800,77.5045078125,142.28402350244914
1789130128114513700,77.520513671875,143.9726264097856
1789130128130514000,77.53651391601562,150.25511848414146
1789130128146521300,77.55252124023437,149.36458279923005
1789130128162532600,77.56853271484376,143.35806702205795
1789130128178544000,77.58454418945313,143.7651280769441
1789130128194551300,77.60055126953125,150.1095741037644
1789130128210556200,77.61655615234375,150.5725447701872
1789130128226560500,77.632560546875,150.15954513201123
1789130128242569000,77.64856884765625,152.3869717538102
1789130128258577200,77.6645771484375,151.13727729792797
1789130128274587400,77.68058740234375,147.35535887982743
1789130128290600700,77.6966005859375,145.35905243713879
1789130128306603000,77.71260302734375,143.94275255157274
1789130128322608000,77.72860815429688,143.91984362280687
1789130128338611700,77.74461181640625,144.06650389564413
1789130128354619100,77.760619140625,141.86999120063362
1789130128370622200,77.77662231445312,144.35298109086654
1789130128386628900,77.79262890625,145.86406122153986
1789130128402638800,77.80863891601562,144.92001187845653
1789130128426643500,77.8326435546875,146.99083741869717
1789130128442647000,77.84864697265625,145.96110296239362
1789130128458656500,77.86465649414062,145.71312357327983
1789130128474663400,77.88066333007812,144.65497721756535
1789130128490668800,77.89666870117188,145.25682084148988
1789130128506672400,77.91267236328125,147.40741839710336
1789130128522673200,77.92867309570312,148.27064456742698
1789130128538672600,77.94467260742188,148.65764436475027
1789130128554676500,77.96067651367187,150.81137211860033
1789130128570678000,77.97667797851562,151.67501809837978
1789130128586680800,77.99268090820313,153.2771085034244
1789130128602685000,78.00868481445312,152.5255692339482
1789130128618695700,78.02469580078125,155.65891092042926
1789130128634702800,78.04070288085937,160.3461754840825
1789130128650711600,78.05671166992188,154.52173052664295
1789130128666722000,78.07272216796875,153.29451728724592
1789130128682733800,78.08873388671876,156.00111098272538
1789130128698744600,78.10474462890625,157.64310920262233
1789130128714755000,78.12075512695313,156.37062094228753
1789130128730764500,78.1367646484375,155.87901734528236
1789130128746773000,78.15277294921874,155.44450392373372
1789130128762778400,78.1687783203125,149.62087390803944
1789130128778787300,78.18478735351563,149.6499053093059
1789130128794792400,78.20079248046875,156.03751008656417
1789130128810797000,78.21679711914062,158.90205130794163
1789130128826806000,78.23280590820312,159.49501966588997
1789130128842817500,78.24881762695313,159.2647662245613
1789130128858829600,78.26482958984376,163.00917638666877
1789130128874844200,78.28084423828125,165.96375653207352
1789130128890857000,78.29685693359374,163.99595886940315
1789130128906870000,78.3128701171875,161.7005018128982
1789130128922880300,78.32888037109375,163.49563901301212
1789130128938889500,78.34488940429688,161.84050927009875
1789130128954901800,78.36090185546875,157.92280039763762
1789130128970908400,78.37690844726562,157.64310920262233
1789130128986922800,78.3929228515625,158.67053730209676
1789130129002934000,78.40893408203125,161.40893179992227
1789130129018951000,78.42495092773437,161.71084209222377
1789130129034959600,78.44095971679687,158.8657598258973
1789130129050971400,78.45697143554688,160.13295519200278
1789130129066988000,78.47298803710937,162.25532936626226
1789130129082995700,78.48899560546874,164.66671559255275
1789130129099003000,78.5050029296875,165.23457673655818
1789130129115011800,78.52101171875,160.9213055663642
1789130129131023000,78.53702319335937,157.59786946682175
1789130129147031000,78.55303100585938,157.18667884386232
1789130129163037200,78.569037109375,158.51040090808675
1789130129179040300,78.58504028320313,161.05349528780533
1789130129195047700,78.60104760742188,161.97527608973212
1789130129211054000,78.61705419921876,158.8504755751605
1789130129227061200,78.63306127929687,160.58153069386546
1789130129243069200,78.64906909179687,162.73419077038272
1789130129259075800,78.66507592773438,161.13906807683853
1789130129275086300,78.68108642578125,161.06466506590326
1789130129291094800,78.6970947265625,160.40118818836336
1789130129307101400,78.71310131835938,161.56504965925808
1789130129323116000,78.72911596679687,160.58153069386546
1789130129339126000,78.7451259765625,162.8318269741019
1789130129355139300,78.76113940429687,161.25865922928116
1789130129371147000,78.77714697265625,157.2758990510062
1789130129387162400,78.79316235351563,160.9422954562519
1789130129403175400,78.80917553710937,161.1254512395133
1789130129419181300,78.82518139648438,162.5176255498633
1789130129435192800,78.84119287109375,162.5407980919777
1789130129459196700,78.86519677734375,161.56505068213673
1789130129475201000,78.88120092773437,164.10716771966077
1789130129491203800,78.89720385742187,162.6932685653016
1789130129507205000,78.913205078125,157.44275256103978
1789130129523201000,78.92920092773437,157.18667884386232
1789130129539199200,78.94519921875,160.89101490924287
1789130129555197200,78.961197265625,162.75854183572906
1789130129571197700,78.97719775390625,157.61986581408303
1789130129587206000,78.99320581054687,152.92033040157773
1789130129603213800,79.0092138671875,156.16126019456627
1789130129619221500,79.02522143554687,159.08745182276886
1789130129635231200,79.04123120117187,158.99031638257546
1789130129651237400,79.0572373046875,158.70884546420106
1789130129667241500,79.07324145507812,158.8752802399779
1789130129683241200,79.0892412109375,162.77251226032314
1789130129699251200,79.10525122070312,162.0720807728549
1789130129715263000,79.12126293945313,155.07152569740524
1789130129731276000,79.13727612304687,152.70042849020678
1789130129747285000,79.15328491210937,156.205164962843
1789130129763292000,79.1692919921875,157.91282837624206
1789130129779300900,79.18530078125,159.341089213496
1789130129795309600,79.2013095703125,157.61986581408303
1789130129811318300,79.217318359375,157.96377328164996
1789130129827319300,79.2333193359375,161.42427459973518
1789130129843321600,79.24932153320313,159.10917440383665
1789130129859330300,79.26533032226563,157.31944093268913
1789130129875339000,79.28133911132812,158.06151802077164
1789130129891348700,79.2973486328125,154.45278725081977
1789130129907358700,79.31335864257812,155.96571319307014
1789130129931371300,79.33737133789063,156.0375099208834
1789130129947379500,79.35337939453125,151.12455615071013
1789130129963386000,79.36938623046875,149.68878617090266
1789130129979392300,79.38539233398437,151.6244786134906
1789130129995399400,79.4013994140625,153.09890736172105
1789130130011408400,79.41740844726563,153.77803426325963
1789130130027409400,79.43340942382812,153.434948822922
1789130130043417300,79.44941723632813,155.94970067936836
1789130130059425300,79.46542529296875,157.20347775987128
1789130130075425500,79.48142553710937,155.52383928735506
1789130130091430100,79.49743017578125,157.00069894962743
1789130130107436500,79.5134365234375,157.4098389949221
1789130130123441700,79.52944165039062,152.53977594627077
1789130130139447800,79.54544775390625,150.83238762187037
1789130130155454000,79.56145385742188,151.80869173939817
1789130130171465200,79.57746533203125,151.52579666788378
1789130130195485400,79.6014853515625,152.67610789997607
1789130130211503400,79.61750341796875,151.15194134186382
1789130130227516700,79.6335166015625,151.97031914625725
1789130130243529700,79.64952978515625,152.0628570510785
1789130130259543300,79.66554321289063,153.434948822922
1789130130275552500,79.68155249023438,154.35899476782208
1789130130291568600,79.69756860351562,154.65382294200927
1789130130307580400,79.71358032226563,155.77225405093571
1789130130323595300,79.72959521484376,153.61288528964633
1789130130339613700,79.74561376953125,151.3268540668042
1789130130355630800,79.761630859375,150.75117477270015
1789130130371644400,79.77764453125,150.0049206086143
1789130130387657000,79.79365698242188,151.15194134186382
1789130130403668700,79.80966870117187,146.83677644702985
1789130130419674400,79.82567431640625,147.7890724719076
1789130130435685400,79.84168530273438,151.6992443500349
1789130130451693000,79.85769311523437,152.81888948480193
1789130130467700500,79.87370043945313,156.6147793631056
1789130130483707400,79.88970727539062,156.205164962843
1789130130499716900,79.905716796875,160.13295519200278
1789130130515728600,79.92172875976563,160.09625070203302
1789130130531741000,79.93774096679688,159.341089213496
1789130130555748600,79.96174853515625,164.39605240069437
1789130130571759400,79.97775927734375,158.362058945239
1789130130587764200,79.99376416015625,155.0819773913004
1789130130603765500,80.009765625,156.55707975028903
1789130130619772000,80.02577197265624,161.7228914965756
1789130130635788000,80.0417880859375,165.96375653207352
1789130130651809300,80.05780932617188,163.84266019962283
1789130130667822800,80.07382275390626,156.86053818053458
1789130130683837000,80.0898369140625,158.025491134717
1789130130699850200,80.10585034179688,158.62937631236613
1789130130715861500,80.12186157226563,157.64310920262233
1789130130731866600,80.13786669921875,156.80141051935078
1789130130747877600,80.15387768554687,154.51928248252997
1789130130763890000,80.16988989257813,155.3441010284981
1789130130779901400,80.1859013671875,154.67262691649893
1789130130795909600,80.20190966796875,152.60763121942753
1789130130811918800,80.2179189453125,155.55604504631637
1789130130827926800,80.2339267578125,155.1363033910831
1789130130843936300,80.24993627929688,155.90797973107874
1789130130859943000,80.26594287109376,160.06200767563737
1789130130875945700,80.28194580078124,160.52969898167242
1789130130891949000,80.29794897460937,161.86981220179996
1789130130907958800,80.31395874023437,159.93692645293018
1789130130923960600,80.32996069335937,160.6881431097654
1789130130939960600,80.34596069335937,159.90476757377158
1789130130955967700,80.3619677734375,156.91486622363342
1789130130971972000,80.37797216796875,157.23499073816535
1789130130987974100,80.39397412109375,155.9928541244216
1789130131003979800,80.40997973632813,155.08197739130043
1789130131019981800,80.42598193359375,153.6311662919033
1789130131035981600,80.44198168945313,156.8014097316891
1789130131051980000,80.45797998046875,159.44395433487256
1789130131067982300,80.473982421875,158.77634411261656
1789130131083991000,80.48999096679688,159.26129102140249
1789130131099993000,80.5059931640625,163.61045978681074
1789130131115999000,80.5219990234375,166.93068217260526
1789130131132006400,80.53800634765625,165.14966162776582
1789130131148011000,80.55401098632812,161.4207303273769
1789130131164010200,80.57001025390625,157.38013431713551
1789130131180015600,80.586015625,157.78240445315961
1789130131196021000,80.60202099609376,159.44395394873445
1789130131212023600,80.6180234375,159.6607785418797
1789130131228029700,80.63402978515624,158.61137711734992
1789130131252037000,80.658037109375,156.23289308188131
1789130131268035000,80.67403515625,155.44450392373372
1789130131284024800,80.69002490234375,159.1253526310976
1789130131300024800,80.70602490234376,156.17055110414984
1789130131316027000,80.72202685546876,155.31282746816447
1789130131332024600,80.73802465820313,159.49501966588997
1789130131348021500,80.754021484375,159.83739603370415
1789130131364024300,80.7700244140625,154.29004545858857
1789130131380027100,80.78602709960937,149.8986961144485
1789130131396023600,80.8020234375,149.68878617090266
1789130131412029400,80.81802954101562,151.38954062406404
1789130131428034000,80.83403393554687,152.4119179665489
1789130131444035000,80.85003515625,151.8493112756326
1789130131460035600,80.86603564453125,153.8314542774099
1789130131476034300,80.88203442382813,154.0934913989718
1789130131492031700,80.89803173828125,154.53665535896567
1789130131508031500,80.91403149414063,158.00886950368653
1789130131524029200,80.930029296875,156.73681481625022
1789130131540025900,80.94602587890626,151.15194134186382
1789130131556026400,80.9620263671875,150.66473264754714
1789130131572026600,80.97802661132812,155.3948776765811
1789130131588026000,80.99402612304688,158.70264580902548
1789130131604029400,81.01002954101563,158.99321139463635
1789130131620029400,81.02602954101563,160.66519168054998
1789130131636031700,81.04203173828125,164.37576601025032
1789130131652036000,81.0580361328125,167.3073341735004
1789130131668035600,81.07403564453125,164.6115324700687
1789130131684034600,81.09003466796875,163.5827674701677
1789130131700038400,81.10603833007812,166.21840253499147
1789130131716040700,81.12204077148438,162.89727212487182
1789130131732043800,81.13804370117188,166.7594802447704
1789130131748050400,81.15405053710937,172.75549326019652
1789130131764055600,81.1700556640625,169.96687911909677
1789130131780054800,81.1860546875,169.61819483434377
1789130131796049200,81.20204907226562,166.48746887917045
1789130131812046300,81.21804638671875,163.02028941025813
1789130131828046000,81.23404614257812,159.88741131268597
1789130131844050700,81.25005078125,157.166346510841
1789130131860061000,81.26606103515626,158.19859051364818
1789130131876067600,81.28206762695312,159.94390518749987
1789130131892067600,81.29806762695313,161.40893179992227
1789130131908074500,81.31407446289063,160.05761440992444
1789130131924076500,81.33007666015625,162.04383565992327
1789130131940085500,81.34608544921875,163.84266019962283
1789130131956095000,81.36209497070313,164.19748563334153
1789130131972103200,81.37810327148438,166.4641441474657
1789130131988108800,81.39410888671875,163.7962260304961
1789130132004114200,81.4101142578125,163.43117139183343
1789130132020120300,81.42612036132813,163.72032697037392
1789130132036123600,81.44212353515626,160.24052852349058
1789130132052130300,81.45813037109374,156.9217787250904
1789130132068139000,81.47413891601562,156.86053818053458
1789130132084149500,81.4901494140625,157.52056658524222
1789130132100150800,81.50615087890625,156.39588533507825
1789130132116152800,81.52215283203125,156.17055110414984
1789130132132157700,81.53815771484375,154.42270985855765
1789130132148161800,81.55416186523438,155.35833787378957
1789130132164163800,81.57016381835938,156.1940557121912
1789130132180165600,81.58616552734375,155.6687576828613
1789130132196172800,81.6021728515625,159.6607785418797
1789130132212184000,81.61818408203125,163.6982907037108
1789130132228188400,81.6341884765625,159.07549859873615
1789130132244189700,81.65018969726563,159.17910598267653
1789130132260189700,81.66618969726562,159.44395517026754
1789130132276187600,81.68218774414062,153.61288528964633
1789130132292189200,81.69818920898437,154.21709599895064
1789130132308191000,81.71419091796875,156.68229172739535
1789130132324193800,81.73019384765625,155.55604479429147
1789130132340198100,81.7461982421875,159.44395478041653
1789130132356205000,81.762205078125,158.96248941466771
1789130132372213000,81.778212890625,157.50352838079533
1789130132388216000,81.79421606445312,156.97450783077107
1789130132404224800,81.81022485351562,155.96982669279217
1789130132420236300,81.826236328125,157.2702680261636
1789130132436241400,81.84224145507812,155.14476262383403
1789130132452244200,81.858244140625,153.434948822922
1789130132468248800,81.87424877929688,156.91486622363342
1789130132484249000,81.8902490234375,158.19858976595367
1789130132500249600,81.90624951171876,154.53665392811885
1789130132516252700,81.92225268554688,150.83238762187037
1789130132532257300,81.93825732421875,151.4844536036847
1789130132548262000,81.95426196289063,156.08375380553616
1789130132564273700,81.97027368164062,155.32313673811774
1789130132580278500,81.98627856445313,149.7435630986158
1789130132596282000,82.0022822265625,152.80764842697604
1789130132612291600,82.01829150390626,155.37643495251876
1789130132628298800,82.034298828125,152.37075291604796
1789130132644298500,82.05029858398437,152.5255692339482
1789130132660302600,82.06630249023438,152.31893797568898
1789130132676311000,82.08231103515625,153.25189601137143
1789130132692312300,82.09831225585937,153.81188895763475
1789130132708310000,82.11431005859374,151.113418907599
1789130132724305200,82.13030517578125,149.9134946085326
1789130132740304100,82.14630419921875,153.2360045436793
1789130132756304400,82.16230444335937,155.75079509803024
1789130132772309200,82.17830932617187,154.21709599895064
1789130132788313300,82.19431323242188,155.75079509803024
1789130132804321800,82.21032177734375,157.81598624991267
1789130132820331000,82.2263310546875,158.19859169126704
1789130132836336600,82.24233666992187,159.89376433736365
1789130132852340200,82.25834033203125,161.84729441720748
1789130132868346400,82.27434643554687,158.64562339427232
1789130132884357400,82.290357421875,158.1237919558846
1789130132900369700,82.30636962890625,164.91364508475894
1789130132916378400,82.32237841796875,163.11320867663437
1789130132932388900,82.33838891601563,158.11766472036405
1789130132948396300,82.35439624023438,157.166346510841
1789130132964402200,82.37040209960938,160.60793239674683
1789130132980405500,82.38640551757813,160.2630981401283
1789130132996414200,82.40241430664062,153.2749065834402
1789130133012420400,82.41842041015624,151.09081592133379
1789130133028428800,82.4344287109375,155.3616042324421
1789130133044430000,82.45043017578125,156.7502052554574
1789130133060434000,82.46643383789062,158.19859023326276
1789130133076443100,82.48244311523437,158.19859023326276
1789130133092449300,82.49844921875,157.10944786664984
1789130133108453400,82.51445336914063,155.80679015724652
1789130133124457200,82.53045727539063,152.01076159149147
1789130133140457500,82.54645751953124,150.7755820478435
1789130133156460800,82.56246069335937,152.2589539993345
1789130133172463600,82.57846362304687,147.95276388629637
1789130133188462300,82.59446240234375,145.10503575935212
1789130133204460800,82.61046069335937,147.21571918035886
1789130133228459000,82.634458984375,148.47315696794146
1789130133244464400,82.65046435546876,150.0013179341649
1789130133260467500,82.66646752929688,148.79380787302856
1789130133276470500,82.68247045898437,149.1150555333888
1789130133292474400,82.69847436523438,151.15194134186382
1789130133308481800,82.71448168945312,154.67262691649893
1789130133324492300,82.7304921875,155.94970067936836
1789130133340500700,82.74650073242188,152.71201273407152
1789130133356503000,82.7625029296875,152.43279342769065
1789130133372506400,82.77850634765625,150.0049206086143
1789130133388505300,82.79450537109375,151.06418375500795
1789130133404508200,82.81050805664063,152.22343592110605
1789130133420512800,82.8265126953125,150.83238762187037
1789130133436511500,82.84251147460938,153.434948822922
1789130133452510700,82.8585107421875,156.31791127638033
1789130133468514600,82.8745146484375,159.3903079658743
1789130133484520400,82.8905205078125,159.70823292604618
1789130133500533200,82.906533203125,156.11872293969867
1789130133516537000,82.922537109375,154.87504211370631
1789130133532537300,82.93853735351563,158.19859023326276
1789130133548539600,82.95453955078125,159.94390518749987
1789130133564538600,82.97053857421875,154.10309027207467
1789130133580545500,82.98654565429688,151.6069823160874
1789130133596552700,83.002552734375,155.55604469978212
1789130133612562200,83.01856225585938,158.11044226120762
1789130133628567800,83.03456787109376,155.2248593077681
1789130133644574200,83.05057421875,155.68407964549263
1789130133660582000,83.06658178710937,154.69202150708696
1789130133676586000,83.0825859375,152.6046354594443
1789130133692586000,83.0985859375,154.29004545858857
1789130133708587800,83.114587890625,156.57130740423213
1789130133724590800,83.1305908203125,153.6185883376299
1789130133740590800,83.1465908203125,153.434948822922
1789130133756594200,83.16259423828124,153.0939068667175
1789130133772599000,83.17859912109375,150.62209883981404
1789130133788599000,83.19459912109374,151.90515954099854
1789130133804596200,83.21059619140625,152.30052674574614
1789130133820594700,83.2265947265625,149.32272084903093
1789130133836590600,83.24259057617188,149.31103937071052
1789130133852586800,83.25858666992187,149.0362445839705
1789130133868588300,83.27458837890624,150.2551202597961
1789130133884589000,83.29058911132813,149.43597460220644
1789130133900596700,83.3065966796875,149.7435621930238
1789130133916605400,83.32260546875,154.7788849041525
1789130133932609300,83.338609375,153.25756323905765
1789130133948625400,83.35462548828124,147.501352989178
1789130133964636700,83.37063671875,145.2221667373489
1789130133980648400,83.3866484375,145.92280431451678
1789130133996656600,83.40265673828125,148.49573379745158
1789130134020666400,83.42666625976562,148.5165685863852
1789130134036674000,83.44267407226563,149.98163172946983
1789130134052676600,83.45867651367188,149.65675165375595
1789130134068682000,83.47468188476563,147.21571918035886
1789130134084690000,83.49068994140625,148.62699360930273
1789130134100696000,83.50669604492188,151.72796400786044
1789130134116706800,83.52270678710937,154.81947159190022
1789130134132716500,83.53871655273437,153.58692531591984
1789130134148726500,83.5547265625,148.97522470839343
1789130134164737300,83.5707373046875,148.11643698031014
1789130134180747500,83.58674755859376,147.86710358246168
1789130134196756500,83.60275659179688,147.13682274441126
1789130134212765700,83.618765625,148.25723790055517
1789130134228778000,83.63477807617187,146.84639618816084
1789130134244796400,83.65079638671875,147.65255613945888
1789130134260815600,83.66681567382813,147.19303454141954
1789130134276823600,83.68282348632812,144.54913557251433
1789130134292831000,83.6988310546875,146.52372149785845
1789130134308843000,83.71484301757812,150.50863796504262
1789130134324855600,83.73085546875,152.05696525417213
1789130134340868600,83.74686865234375,152.44718774669087
1789130134356884200,83.76288427734374,149.2456068391722
1789130134372902400,83.77890234375,149.17806541067245
1789130134388920800,83.7949208984375,152.08023332516882
1789130134404936000,83.81093603515625,151.06418375500795
1789130134420948700,83.82694873046874,154.47657619113008
1789130134436957200,83.84295727539063,155.07822976398813
1789130134452966100,83.85896606445313,154.72227824325458
1789130134468976600,83.8749765625,158.1142083986317
1789130134484986000,83.89098608398437,159.69155832487783
1789130134501001200,83.90700122070312,158.8752802399779
1789130134517017600,83.923017578125,159.39373983298128
1789130134533035500,83.93903540039062,164.24882705293575
1789130134549052700,83.955052734375,161.85442164539887
1789130134565068800,83.97106884765626,156.85153656996033
1789130134581085700,83.98708569335938,155.49733990244275
1789130134597102000,84.00310205078125,153.77803426325963
1789130134621130800,84.027130859375,157.05425826587853
1789130134637149200,84.04314916992188,154.08416441295768
1789130134653169000,84.0591689453125,152.53977594627077
1789130134669188900,84.07518896484375,154.59228235545334
1789130134685205200,84.09120532226562,154.38978919164515
1789130134701224700,84.107224609375,154.39781159133557
1789130134717240800,84.12324072265625,156.66595830509024
1789130134733261600,84.13926147460937,156.8981934838539
1789130134749279000,84.15527905273437,156.41296809032264
1789130134765298400,84.17129833984374,155.85445835516464
1789130134781316400,84.18731640625,153.77297278189045
1789130134797338400,84.20333837890625,153.77803426325963
1789130134813360000,84.21936010742188,154.63558173345277
1789130134829377300,84.23537719726562,153.434948822922
1789130134845394200,84.25139428710938,149.23728027516003
1789130134861411800,84.26741186523438,150.35013527143957
1789130134877427700,84.283427734375,151.92751306414706
1789130134893444000,84.29944409179687,150.80251380385448
1789130134909461000,84.3154609375,151.65430570523156
1789130134925478000,84.33147778320313,152.8188895067357
1789130134941488600,84.34748852539063,155.65891092042926
1789130134957498000,84.363498046875,155.3616042324421
1789130134973512400,84.37951245117188,151.10358358902153
1789130134989531100,84.39553125,152.61649544239015
1789130135005545700,84.41154565429687,154.55459391395553
1789130135021563400,84.4275634765625,152.35402564904146
1789130135037578000,84.44357788085938,153.434948822922
1789130135053591300,84.45959130859374,154.55825228949078
1789130135069606700,84.47560668945313,155.5209586284223
1789130135085625300,84.49162524414062,155.5560458193542
1789130135101643500,84.5076435546875,151.41723346504003
1789130135117663500,84.52366357421874,150.3820668570309
1789130135133681000,84.53968090820312,155.2975704737631
1789130135149697500,84.55569750976562,155.69545215087
1789130135173719000,84.57971899414062,150.94539563244055
1789130135189737500,84.59573754882813,151.08165291220425
1789130135205755000,84.6117548828125,150.66210774650392
1789130135221769200,84.62776928710937,150.43964572718932
1789130135237789000,84.64378881835937,152.57985223796211
1789130135253810000,84.65980981445313,154.21709599895064
1789130135269824500,84.67582446289063,150.41223638620386
1789130135285841200,84.69184106445313,150.49484723123544
1789130135301859300,84.707859375,154.45494435681323
1789130135317881600,84.72388159179687,155.19733965277246
1789130135333899000,84.73989892578125,156.58396922988314
1789130135349917700,84.75591772460938,154.48612861464926
1789130135365938000,84.77193798828125,150.83974904142764
1789130135381960000,84.7879599609375,153.434948822922
1789130135397987300,84.8039873046875,155.72555853823516
1789130135414007800,84.8200078125,152.995909698279
1789130135430026500,84.83602661132812,153.6345846977846
1789130135446046500,84.85204638671875,153.6417917008316
1789130135462059800,84.86805981445312,156.73229580480802
1789130135478071800,84.88407177734375,162.2767623841628
1789130135494082600,84.90008251953125,157.61986581408303
1789130135510090500,84.91609057617187,158.11766472036405
1789130135526101000,84.93210107421875,160.3461754840825
1789130135542112800,84.94811279296874,157.98101256534778
1789130135558127900,84.9641279296875,155.17065314031385
1789130135574138400,84.98013842773437,151.3268540668042
1789130135590152000,84.99615185546875,150.55457257260275
1789130135606167000,85.0121669921875,155.31282746816447
1789130135622183400,85.02818334960938,158.12084873535787
1789130135638197000,85.04419702148438,159.24167632401551
1789130135654205700,85.06020581054688,156.5186095747517
1789130135670214700,85.07621459960937,154.65382427880925
1789130135686226700,85.09222680664062,157.2605828028973
1789130135702239700,85.10823974609374,155.3616042324421
1789130135718252500,85.12425244140626,151.65010593668137
1789130135734267000,85.14026684570312,153.27263971038192
1789130135750273300,85.15627319335937,152.2589539993345
1789130135766281700,85.17228173828126,153.25477417840892
1789130135782294300,85.18829418945313,155.65891092042926
1789130135798305800,85.20430590820312,154.15561177011938
1789130135814316000,85.22031591796875,154.40597139478098
1789130135830323700,85.23632373046875,153.03428434248303
1789130135846334000,85.252333984375,153.86093318949705
1789130135862346200,85.26834619140625,154.55459391395553
1789130135878359000,85.28435913085937,154.91640720558505
1789130135894374000,85.30037377929688,158.27580842663264
1789130135910388500,85.31638842773438,157.55724694108835
1789130135926404000,85.33240405273438,158.26770556903094
1789130135942412300,85.34841235351563,162.14968172741266
1789130135958420000,85.364419921875,158.9624885833875
1789130135974428700,85.3804287109375,157.412690213922
1789130135990435600,85.396435546875,159.2858244664152
1789130136006444800,85.41244482421875,160.80115281327122
1789130136022453800,85.42845385742187,157.59459063748074
1789130136038464000,85.44446411132813,160.09625070203302
1789130136054478600,85.460478515625,162.22359375312777
1789130136070488000,85.47648803710938,159.44395543700767
1789130136086495500,85.49249560546875,162.71850060309112
1789130136102497000,85.5084970703125,167.81136676326426
1789130136118505200,85.52450512695313,166.68636702828084
1789130136134511900,85.54051196289062,162.29957199307606
1789130136150519600,85.55651953125,159.16332490086137
1789130136166527200,85.57252734375,158.77234860868847
1789130136182535000,85.58853491210938,159.913968090091
1789130136198544400,85.60454443359374,162.36553866034492
1789130136214553900,85.62055395507812,162.79342844097914
1789130136230557400,85.63655737304687,165.23738373049014
1789130136246571300,85.6525712890625,167.47119166061185
1789130136262584600,85.66858447265625,167.35457971035157
1789130136278592800,85.6845927734375,167.59258208065373
1789130136294602800,85.70060278320312,165.18368072807678
1789130136310614300,85.7166142578125,165.01836677434522
1789130136326625300,85.73262524414062,167.23443387528408
1789130136342635800,85.7486357421875,167.28886778965455
1789130136358648000,85.76464794921876,165.12431794644036
1789130136374661400,85.78066137695312,162.12130453072143
1789130136390675700,85.79667578125,162.16498391849902
1789130136406690300,85.81269018554687,161.72736158684796
1789130136422702600,85.82870263671875,161.25865922928116
1789130136438710800,85.84471069335937,163.77980642583205
1789130136454719200,85.86071923828125,164.11614621039274
1789130136470726100,85.87672607421875,166.60750249053322
1789130136486740700,85.89274072265626,165.74996750427303
1789130136510759700,85.916759765625,161.43687252584235
1789130136526773800,85.93277368164063,160.3743168118376
1789130136542789000,85.9487890625,164.82708482201573
1789130136558805500,85.96480541992187,164.8759927433511
1789130136574817500,85.98081762695313,163.66395748423113
1789130136590827000,85.99682690429688,164.86416462453448
1789130136606838800,86.0128388671875,164.05460505368083
1789130136622857500,86.028857421875,166.5221767320607
1789130136638872300,86.04487231445313,173.11827661951648
1789130136662895400,86.06889526367188,169.40847177946685
1789130136678907600,86.08490771484375,169.0609086540736
1789130136694922200,86.10092211914062,169.40847177946685
1789130136710934500,86.1169345703125,166.97415919666946
1789130136726943700,86.13294384765625,170.45961857823463
1789130136742946000,86.14894604492187,178.4088598019463
1789130136758948400,86.1649482421875,168.15792439527695
1789130136774954500,86.18095458984375,164.05460505368083
1789130136790963000,86.196962890625,172.93327022999637
1789130136806964700,86.21296484375,173.60950488322317
1789130136822968000,86.22896801757813,173.659808467667
1789130136838973400,86.24497338867188,174.4546828665327
1789130136854978000,86.26097802734375,177.19362986282323
1789130136870981600,86.27698168945312,176.21735450889096
1789130136886986800,86.29298681640626,172.64762085857583
1789130136902984700,86.30898461914063,175.9858242043501
1789130136918978800,86.32497875976563,176.12147554191213
1789130136934972400,86.34097241210938,174.10937375407173
1789130136950967000,86.35696704101562,170.01817120693158
1789130136966962400,86.37296240234375,170.371843695091
1789130136982959000,86.388958984375,168.06439731268134
1789130136998953500,86.40495336914063,160.96196004323536
1789130137014944800,86.42094482421875,163.61046030040424
1789130137030939100,86.43693920898437,172.56859181723553
1789130137046931700,86.452931640625,171.8057372363723
1789130137062923300,86.46892333984376,168.25001684722764
1789130137078920200,86.48492016601563,166.30412317689132
1789130137094921500,86.50092138671874,162.19465117098903
1789130137110919000,86.5169189453125,164.74488158883065
1789130137126913500,86.53291357421875,164.7070126501774
1789130137142904000,86.54890405273437,162.40757523270761
1789130137158902300,86.56490234375,161.56505057793856
1789130137174901000,86.58090087890625,155.70903714726455
1789130137190895000,86.59689501953125,156.42529439872425
1789130137206889500,86.61288940429688,160.50693845327788
1789130137222891000,86.62889111328126,164.20759708414977
1789130137238887200,86.64488720703125,160.86635603236334
1789130137254884400,86.66088427734375,157.01128355227416
1789130137270888000,86.67688793945312,159.09201872635342
1789130137286888400,86.69288842773437,157.4161471601333
1789130137302890200,86.70889013671875,157.75097569805
1789130137318889700,86.7248896484375,156.92958788235123
1789130137334895400,86.74089526367187,155.4870152186673
1789130137350903600,86.75690356445313,158.79718112088463
1789130137366903800,86.77290380859375,160.31288436247763
1789130137382908000,86.78890795898438,159.12098187313472
1789130137398912300,86.80491235351562,155.98489725859918
1789130137414917400,86.82091748046875,155.3441010284981
1789130137430919200,86.83691918945313,155.63754674928
1789130137446923500,86.85292358398438,160.17753474855013
1789130137462921500,86.86892138671875,159.44395530021788
1789130137478924500,86.88492456054688,158.2945624017417
1789130137494930400,86.90093041992188,160.64100607102503
1789130137510932700,86.9169326171875,161.41700112640598
1789130137526931700,86.932931640625,163.0724867782938
1789130137542928000,86.94892797851563,160.98923298023087
1789130137558926300,86.96492626953125,157.69379575653235
1789130137574923300,86.98092333984376,155.1258461787938
1789130137590923800,86.996923828125,156.80141039221246
1789130137606922500,87.01292260742187,159.69552604973035
1789130137622920200,87.02892016601562,160.13295519200278
1789130137638916400,87.04491625976563,158.51040090808675
1789130137654912800,87.06091284179688,160.16787031221182
1789130137670911500,87.07691137695312,165.70967413802416
1789130137686912500,87.09291259765625,163.21735593359983
1789130137702913300,87.10891333007812,161.427651620522
1789130137718914800,87.12491479492188,164.24882705293575
1789130137734916000,87.140916015625,164.93151196612047
1789130137750919000,87.1569189453125,166.60750249053322
1789130137766921000,87.1729208984375,165.36172203137258
1789130137782920400,87.18892041015626,161.17528878773228
1789130137798919400,87.20491943359374,160.58453432633738
1789130137814920000,87.220919921875,157.44912555035756
1789130137830920400,87.23692041015624,161.08891975074653
1789130137846919700,87.25291967773437,169.31508765869606
1789130137862916000,87.268916015625,165.3581150609184
1789130137878918700,87.28491870117188,161.2947903238634
1789130137894924800,87.3009248046875,161.97527608973212
1789130137910931000,87.31693090820312,165.8505240194719
1789130137926937900,87.33293774414062,167.6609128277656
1789130137942943700,87.34894384765624,161.56505068213673
1789130137958951200,87.364951171875,160.78732734389652
1789130137974956800,87.38095678710937,163.0724867782938
1789130137990964000,87.3969638671875,161.861918150004
1789130138006971100,87.41297119140626,161.84729441720748
1789130138022978600,87.428978515625,158.11766472036405
1789130138038981600,87.44498168945313,155.3441010284981
1789130138054984400,87.460984375,154.05770392738592
1789130138070990000,87.47698999023437,155.75079509803024
1789130138095001600,87.50100170898438,155.65891092042926
1789130138111007500,87.51700756835938,152.08023332516882
1789130138127008500,87.53300854492187,152.3540239070596
1789130138143006000,87.549005859375,155.86762107286836
1789130138159011000,87.56501098632812,157.8905519425094
1789130138175007500,87.58100756835937,158.27580842663264
1789130138191000300,87.59700024414063,158.813822988664
1789130138206993400,87.61299340820312,157.78817001821395
1789130138222999000,87.6289990234375,157.30620483069396
1789130138239005000,87.6450048828125,156.42529439872425
1789130138255004200,87.66100415039062,158.47099358246118
1789130138271001300,87.67700146484376,158.9624885833875
1789130138286999800,87.69299975585938,157.73341216189326
1789130138302995700,87.70899560546874,159.5997896352318
1789130138318989300,87.7249892578125,160.05761440992444
1789130138334988800,87.74098876953126,166.4641441474657
1789130138350987300,87.7569873046875,172.9421532891024
1789130138366985200,87.77298510742187,168.00916506361213
1789130138382983200,87.78898315429687,162.10812235946437
1789130138398981000,87.80498120117187,163.63508151326485
1789130138414985700,87.82098583984374,167.00538313702452
1789130138438984000,87.84498388671875,169.69515398657992
1789130138454983200,87.86098315429687,171.5183939660443
1789130138470983700,87.87698364257812,173.32011402791957
1789130138486987800,87.89298779296875,171.5910879641498
1789130138502985700,87.90898583984375,166.6286674220149
1789130138518982100,87.92498217773438,165.8505240194719
1789130138534977300,87.94097729492188,166.6512731498647
1789130138550977500,87.9569775390625,169.60266702445338
1789130138566974500,87.97297436523438,164.1886288140121
1789130138582976500,87.9889765625,165.18653571405588
1789130138598977300,88.00497729492187,170.46336431239612
1789130138614975700,88.02097583007813,169.21570250608016
1789130138630976000,88.03697607421876,170.68291379555552
1789130138646980600,88.05298071289063,164.4974618729261
1789130138662975700,88.06897583007813,159.04422329932873
1789130138678973000,88.08497290039062,160.14478500904622
1789130138694980400,88.10098046875,160.67187118760506
1789130138710978600,88.116978515625,159.6467710601845
1789130138726975000,88.13297509765626,157.38013451308865
1789130138742971000,88.14897094726562,157.2094087755943
1789130138758970600,88.164970703125,159.7533788203143
1789130138774972700,88.18097265625,160.89101490924287
1789130138790980000,88.19697998046875,161.565051177078
1789130138806989000,88.21298901367187,167.2603529782235
1789130138822999800,88.22899975585938,171.08507307488867
1789130138839008300,88.24500830078125,165.16006069044934
1789130138855015700,88.261015625,162.27237046235265
1789130138871020000,88.27702001953125,165.2803400224839
1789130138887023000,88.29302319335937,167.64463963243588
1789130138903030500,88.30903051757812,165.56402539779356
1789130138919032800,88.32503271484374,167.82854216780063
1789130138935039700,88.34103979492187,167.64463963243588
1789130138951046000,88.3570458984375,163.9888224496163
1789130138967048200,88.37304809570313,162.72825690921198
1789130138983053000,88.38905297851562,162.00691234751906
1789130138999061200,88.40506127929687,160.05761440992444
1789130139015067600,88.42106762695313,156.17055110414984
1789130139031069400,88.4370693359375,159.3903079658743
1789130139047076400,88.45307641601562,164.11614621039274
1789130139063078400,88.46907836914062,161.97527608973212
1789130139079083500,88.48508349609375,161.01678346194348
1789130139095091000,88.50109106445312,157.76726408452984
1789130139111090400,88.51709033203124,158.1985890597977
1789130139127099000,88.53309887695312,159.2957769017673
1789130139143107000,88.54910717773437,156.80141051935078
1789130139159116500,88.56511645507813,151.97031914625725
1789130139175124700,88.58112475585938,150.20538442390142
1789130139191130400,88.59713037109375,151.6992443500349
1789130139207133000,88.6131328125,152.08023332516882
1789130139223133200,88.62913330078125,147.9946177512128
1789130139239135000,88.64513500976562,141.6325148095231
1789130139255133000,88.6611328125,140.0921148144988
1789130139271137000,88.67713696289063,142.2700710431291
1789130139287137800,88.6931376953125,142.69605162868885
1789130139303139000,88.70913916015625,140.47140916258462
1789130139319140400,88.72514038085937,142.9269252512342
1789130139335144400,88.74114453125,145.0975031141642
1789130139351152400,88.75715234375,142.2445076891784
1789130139367159300,88.7731591796875,139.47489825152218
1789130139383169800,88.78916967773438,136.46880131273795
1789130139399178800,88.8051787109375,136.6103009400641
1789130139415188200,88.82118823242187,138.84817997138214
1789130139431197200,88.837197265625,140.7105922358245
1789130139447206400,88.85320629882813,139.98241978052917
1789130139463212500,88.86921264648437,140.33923820340695
1789130139479214000,88.88521411132812,140.78555538951127
1789130139495219000,88.90121899414062,143.33744424007804
1789130139511229000,88.91722900390624,146.87626461259705
1789130139527227000,88.93322680664062,146.78818359605086
1789130139543230200,88.94923022460938,143.7651280769441
1789130139559236000,88.96523608398438,146.42406814064756
1789130139575245800,88.98124584960938,145.47202913504526
1789130139591256000,88.99725610351562,140.1520824153438
1789130139607265300,89.01326538085938,141.7243527334232
1789130139623276000,89.02927612304687,143.67317353654238
1789130139639276500,89.04527661132812,143.13010235415598
1789130139655283000,89.06128295898438,143.7651280769441
1789130139671285000,89.07728491210938,145.38885790724856
1789130139687289000,89.0932890625,143.74616265736384
1789130139703298300,89.10929833984375,142.236920812239
1789130139719303200,89.12530322265626,144.0819696464597
1789130139735306500,89.14130639648438,144.3891493750206
1789130139751308800,89.15730883789062,144.46232250104103
1789130139767308500,89.17330859375,145.5063978926854
1789130139783312400,89.1893125,144.39823228975087
1789130139799319300,89.2053193359375,143.01981235614872
1789130139815324700,89.22132470703124,141.8882581152736
1789130139831336400,89.23733642578125,138.63021213925322
1789130139847347000,89.25334692382812,135.87601455109478
1789130139863350800,89.26935083007812,137.0520648878974
1789130139879362600,89.28536254882812,139.8645132780779
1789130139895374300,89.30137426757813,142.27500620865393
1789130139911381500,89.31738159179687,141.29812440788575
1789130139927396400,89.33339624023438,138.24734138627298
1789130139943408000,89.349408203125,138.76143877983398
1789130139959410700,89.36541064453125,139.74788824839337
1789130139975420000,89.381419921875,140.58529709462078
1789130139991427000,89.39742700195312,139.45329869168472
1789130140007436500,89.4134365234375,137.10692389493212
1789130140023443000,89.42944287109376,137.65419615109025
1789130140039453700,89.44545361328124,138.73566024032567
1789130140055460000,89.46146020507813,138.78888930127087
1789130140071471000,89.47747119140625,137.97372832512863
1789130140087479800,89.49347973632813,139.27946269205663
1789130140103484700,89.50948461914062,142.79207748390132
1789130140119488300,89.52548828125,145.41602849808208
1789130140135494400,89.54149438476563,143.99379204238787
1789130140151494400,89.55749438476562,142.48088678847847
1789130140167497000,89.5734970703125,145.38588743097569
1789130140183497700,89.58949780273437,145.43747561798202
1789130140199506700,89.60550659179688,144.65989211018947
1789130140215511000,89.62151098632812,143.9111075103545
1789130140231512300,89.63751220703125,142.54493086398733
1789130140247516000,89.65351586914062,142.38257704472903
1789130140263517000,89.66951684570313,143.56914146208905
1789130140279519000,89.68551904296875,144.42948720154598
1789130140295516700,89.7015166015625,144.0902760328622
1789130140311517000,89.71751684570313,145.95406127325
1789130140327518700,89.73351879882813,146.378141099093
1789130140343523800,89.74952392578125,146.2414793759937
1789130140359527000,89.76552685546875,143.48628748823566
1789130140375524900,89.78152490234375,141.3781871593079
1789130140391527700,89.79752758789063,141.68931476437714
1789130140407532800,89.81353271484375,140.69235378579083
1789130140423533800,89.82953393554688,138.190235854042
1789130140439529000,89.84552905273438,135
1789130140455533800,89.86153393554687,137.27545729562934
1789130140471532000,89.87753198242187,141.4187866599802
1789130140487528000,89.89352783203125,140.53863796359707
1789130140503527000,89.90952685546876,139.98633230566062
1789130140519527700,89.92552758789063,142.594643865694
1789130140535525400,89.941525390625,141.6666595878425
1789130140551527700,89.95752758789062,137.87196437694317
1789130140567530800,89.97353076171875,139.22960921109834
1789130140583532300,89.9895322265625,140.98814764894874
1789130140599530200,90.0055302734375,141.62266558700244
1789130140615521500,90.021521484375,144.7436415277222
1789130140631522300,90.03752221679687,145.5346630220308
1789130140647522800,90.05352270507812,144.7962106726847
1789130140663526100,90.06952612304687,146.08256846875665
1789130140679522300,90.08552221679687,147.4259447616627
1789130140695520000,90.10152001953125,147.56744271834347
1789130140711523300,90.1175234375,148.42580842487754
1789130140727520500,90.1335205078125,147.72435550508735
1789130140743520000,90.14952001953125,146.73857194293242
1789130140759523600,90.16552368164062,148.802766222556
1789130140775533000,90.18153295898438,150.4013739418529
1789130140791538200,90.1975380859375,152.34112993205952
1789130140807542800,90.21354272460937,153.9522776816967
1789130140823555600,90.2295556640625,150.8928304014303
1789130140839564000,90.24556396484375,151.02791620421007
1789130140855572700,90.26157275390625,152.29425444500532
1789130140871575000,90.27757495117187,149.54821475103768
1789130140887572700,90.29357275390625,148.1204040319292
1789130140903566600,90.30956665039062,147.5533661376924
1789130140919564500,90.325564453125,149.42077233058086
1789130140935560400,90.341560546875,150.66210774650392
1789130140951554800,90.35755493164062,153.434948822922
1789130140967550500,90.37355053710938,155.7722538706185
1789130140983548700,90.38954858398438,154.79887635452494
1789130140999550000,90.40555004882812,159.56717088503518
1789130141015546600,90.42154663085938,161.34211173269924
1789130141031546400,90.43754638671875,160.49755055677323
1789130141047551200,90.45355126953125,159.39943702792246
1789130141063556600,90.469556640625,162.71850060309112
1789130141079561700,90.48556176757812,163.15280010845586
1789130141095559700,90.5015595703125,157.43299087300855
1789130141111563800,90.51756372070312,158.33404168260972
1789130141127561700,90.53356176757812,163.6861484781937
1789130141143561000,90.54956103515624,164.98892273357163
1789130141159559700,90.5655595703125,162.2436494377537
1789130141175561700,90.58156176757812,161.09154242795375
1789130141191568000,90.59756787109374,159.76030917458996
1789130141207567600,90.61356762695313,160.12782473612734
1789130141223568400,90.629568359375,162.02158163634667
1789130141239576800,90.64557690429687,158.3295514291735
1789130141255578600,90.66157861328125,153.84813090455094
1789130141271580400,90.67758032226563,153.9522776816967
1789130141287579600,90.69357958984375,154.36976219567862
1789130141303587800,90.709587890625,157.27850072691623
1789130141319590000,90.72558984375,155.31519500310958
1789130141335590000,90.74158984375,151.67878715514087
1789130141351586300,90.75758642578126,152.6026239707349
1789130141367579000,90.77357885742188,153.58692531591984
1789130141383577000,90.7895771484375,157.10944786664984
1789130141399577600,90.80557763671875,154.7637362472899
1789130141415578000,90.821578125,153.7541417813595
1789130141431580200,90.837580078125,160.16787031221182
1789130141455584300,90.86158422851562,162.38184055370775
1789130141471582200,90.87758227539062,166.53479139260372
1789130141487588600,90.89358862304688,169.30778772108582
1789130141503589000,90.90958911132813,171.7474706994897
1789130141519591200,90.92559106445313,173.36748536461315
1789130141535597000,90.94159716796875,170.2724214260297
1789130141551602000,90.95760180664062,166.25508898264312
1789130141567605000,90.97360498046875,165.96375653207352
1789130141583602700,90.98960278320313,171.3474579985638
1789130141599603200,91.00560327148438,174.25133646596205
1789130141615599900,91.02159985351562,173.2204321207213
1789130141631596300,91.03759619140625,169.83430526733633
1789130141655601700,91.0616015625,165.02316428457092
1789130141671603500,91.077603515625,164.77786713668993
1789130141687597600,91.09359765625,163.90235677113554
1789130141703591400,91.10959130859375,164.56413785334533
1789130141719587300,91.12558740234375,161.81634709611336
1789130141735585800,91.14158569335937,159.6138459118591
1789130141751589000,91.15758911132812,161.565051177078
1789130141767584500,91.17358447265624,162.54344180077092
1789130141783583200,91.18958325195312,163.33424298326258
1789130141799587300,91.20558740234375,166.1485822749859
1789130141815593000,91.22159301757813,170.4698725036359
1789130141831596800,91.2375966796875,171.2188369496062
1789130141847597300,91.25359741210937,162.49552641544642
1789130141863592400,91.26959252929687,158.4773993644388
1789130141879591000,91.2855908203125,162.66911672016343
1789130141895594000,91.30159399414063,161.56505068213673
1789130141911594000,91.31759399414062,161.7005018128982
1789130141927594800,91.3335947265625,165.43423624930452
1789130141943595800,91.349595703125,162.5120031096678
1789130141959599000,91.36559912109375,161.67254772684805
1789130141975596300,91.38159619140625,163.0280830680884
1789130141991589600,91.39758959960938,161.67460396901743
1789130142007589400,91.41358935546874,161.565051177078
1789130142023592700,91.4295927734375,164.054604313863
1789130142039597600,91.44559765625,166.38581686138633
1789130142055598600,91.4615986328125,164.59229680541543
1789130142071597600,91.47759765625,163.87740068365468
1789130142087601700,91.4936015625,170.6144819745777
1789130142103606300,91.50960620117188,175.0302592932474
1789130142119608000,91.52560815429688,168.6012370166141
1789130142135613700,91.54161376953125,166.45682444100248
1789130142151616800,91.55761669921876,165.19601901855202
1789130142167616300,91.5736162109375,160.07866696400038
1789130142183620900,91.58962084960937,159.3530092587791
1789130142199626200,91.60562622070313,159.44395517026754
1789130142215627300,91.62162719726562,161.17528878773228
1789130142231632600,91.63763256835938,165.39872734530033
1789130142247633200,91.65363305664063,168.6900669548937
1789130142263638000,91.66963793945312,170.09581720451936
1789130142279643400,91.68564331054688,169.33021724168447
1789130142295642000,91.70164208984374,164.99108567644802
1789130142311642000,91.71764208984375,164.6044504570798
1789130142327647700,91.73364770507813,169.50852226297985
1789130142343646500,91.749646484375,169.61114242927425
1789130142359645200,91.76564526367187,167.6752727806919
1789130142375650800,91.78165087890625,170.46336431239612
1789130142391659500,91.79765942382812,174.51640979015323
1789130142407665200,91.8136650390625,174.51640979015323
1789130142423671600,91.82967163085938,173.08877268781384
1789130142439673300,91.84567333984376,168.8510106246684
1789130142455676000,91.86167602539062,167.75366715991842
1789130142471680000,91.87767993164063,169.47921559629611
1789130142487682000,91.89368212890625,166.42956592181332
1789130142503682800,91.90968286132812,163.70595217106197
1789130142519684000,91.92568408203125,166.1779451614356
1789130142535686400,91.94168627929687,167.87290899479805
1789130142551688200,91.95768823242187,160.60793239674683
1789130142567694000,91.97369409179687,156.48544339514822
1789130142583696100,91.98969604492187,162.7904425770681
1789130142599694800,92.00569482421875,166.93068217260526
1789130142615693300,92.021693359375,164.74488158883065
1789130142631688700,92.03768872070313,160.15537326516565
1789130142647688700,92.05368872070312,160.3461754840825
1789130142663689500,92.069689453125,161.95658764027712
1789130142679688700,92.08568872070313,157.8905519425094
1789130142695684600,92.1016845703125,157.20940877559428
1789130142711687200,92.11768725585938,156.3706224559604
1789130142727691500,92.13369140625,157.53325041973335
1789130142743694600,92.14969458007812,162.5176255498633
1789130142759691800,92.16569189453125,163.65711806099966
1789130142775693000,92.18169311523438,163.70595217106197
1789130142791693800,92.19769384765625,165.96375653207352
1789130142807692000,92.21369213867187,166.4641441474657
1789130142823693800,92.22969384765625,165.39872734530033
1789130142839698700,92.24569873046875,161.565051177078
1789130142855699500,92.26169946289062,160.31968862027668
1789130142871692500,92.27769262695313,162.34987506814687
1789130142887688200,92.29368823242187,163.02028941025813
1789130142903688000,92.30968798828125,165.85420373472377
1789130142919688000,92.32568798828125,164.0546043251675
1789130142935688700,92.34168872070312,164.6044504570798
1789130142951695600,92.35769555664062,168.87853981311616
1789130142967700500,92.37370043945313,168.6900669548937
1789130142983703600,92.38970361328126,165.718904493752
1789130142999708700,92.40570874023437,162.1981286086322
1789130143015712500,92.42171240234374,156.62583580028166
1789130143031712300,92.43771215820313,155.28255880491707
1789130143047713800,92.4537138671875,159.97391180112794
1789130143063716900,92.469716796875,156.93848088337498
1789130143079716400,92.48571630859375,155.25646214612433
1789130143095717000,92.50171704101562,158.6820876069995
1789130143111720700,92.517720703125,160.2157216298678
1789130143127714800,92.53371484375,161.81095358742905
1789130143143709200,92.54970922851562,163.02028941025813
1789130143159707000,92.56570678710938,161.93952722092777
1789130143175706600,92.58170654296875,164.59229680541543
1789130143191708000,92.5977080078125,163.30075646225404
1789130143207702800,92.61370288085938,164.10985660043895
1789130143223707000,92.62970678710937,167.73522620361393
1789130143239706400,92.64570629882813,168.2669153915738
1789130143255706400,92.66170629882812,169.695153455343
1789130143271704000,92.6777041015625,165.76271972484
1789130143287697700,92.69369775390625,166.94475265140758
1789130143303692800,92.70969287109375,173.61288311198385
1789130143319690800,92.72569067382813,179.52649193567706
1789130143335689700,92.74168969726563,178.1221225164245
1789130143351690200,92.75769018554688,171.8698977656719
1789130143367690800,92.77369067382813,172.46055524760735
1789130143383696600,92.78969653320313,175.38935099027793
1789130143399703000,92.805703125,174.10937375407173
1789130143415708400,92.82170849609375,174.06258411674582
1789130143431710700,92.83771069335937,171.55680898924453
1789130143447708400,92.85370849609374,174.4278021624957
1789130143463707600,92.86970776367187,178.5056663904546
1789130143479707600,92.88570776367187,177.20729761739702
1789130143495703000,92.901703125,171.319581711058
1789130143511706600,92.91770654296874,167.1012486815373
1789130143527711000,92.9337109375,167.56043807505858
1789130143543710500,92.94971044921876,167.34744369503736
1789130143559710500,92.96571044921875,166.62555966158456
1789130143575712500,92.98171240234375,163.8238061611411
1789130143591716400,92.99771630859375,164.3050756259813
1789130143607716900,93.013716796875,172.63194916135947
1789130143623722800,93.02972265625,171.07601136666642
1789130143639723800,93.04572387695312,167.24997446997853
1789130143655718700,93.06171875,170.53767753558589
1789130143671712800,93.07771264648437,172.46055524760735
1789130143687708200,93.09370825195313,167.3004150698423
1789130143703707000,93.10970678710937,165.50613193556575
1789130143719701200,93.125701171875,167.24997446997853
1789130143735697400,93.14169750976562,171.55680898924453
1789130143751697200,93.157697265625,176.36704931407348
1789130143767699500,93.17369946289062,180
1789130143783694300,93.1896943359375,178.60281896424374
1789130143799687400,93.2056875,177.16121218420201
1789130143815685600,93.221685546875,185.28124046106194
1789130143831687700,93.23768774414063,185.93741588325418
1789130143847690000,93.25368994140625,183.66193549389186
1789130143863689000,93.26968896484375,185.55994720148988
1789130143879685600,93.285685546875,175.6676860557877
1789130143895680000,93.30167993164062,169.4690717132662
1789130143911670500,93.31767041015625,165.78414669748054
1789130143927665700,93.33366577148438,164.74488170109544
1789130143943661800,93.34966186523438,169.57419150935
1789130143959662600,93.36566259765625,169.69515369681432
1789130143975663600,93.38166357421875,169.09873198560337
1789130143991656400,93.39765649414062,164.93151196612047
1789130144007650000,93.41365014648437,163.92642595603505
1789130144023653000,93.42965307617187,165.84236746324717
1789130144039652000,93.44565209960938,162.25532936626226
1789130144055645200,93.46164526367187,167.6192424466642
1789130144071643400,93.47764331054688,170.80334386689367
1789130144087639600,93.4936396484375,163.9925957604333
1789130144103632600,93.50963256835938,162.0835514003988
1789130144119630600,93.52563061523438,159.2009722009328
1789130144135633200,93.54163305664062,163.3007557660064
1789130144151631400,93.55763134765625,163.10626844831327
1789130144167632600,93.57363256835937,161.6888003402041
1789130144183630600,93.58963061523437,165.14966162776582
1789130144199627500,93.60562744140626,167.1756016760008
1789130144215619300,93.62161938476562,172.46739851117457
1789130144231613400,93.63761352539062,181.40862873342755
1789130144255609300,93.661609375,180.49821162902077
1789130144271607600,93.67760766601563,173.49437328514108
1789130144287601400,93.69360131835937,168.04812518344642
1789130144303598300,93.70959838867188,170.67045997273829
1789130144319595000,93.72559497070313,178.919075779158
1789130144335590100,93.74159008789063,180
1789130144351592000,93.75759204101563,179.52649193567706
1789130144367590400,93.77359033203125,179.53794729244996
1789130144383594500,93.78959448242188,174.68545440126667
1789130144399595000,93.80559497070313,172.9772060702157
1789130144415597800,93.82159790039063,176.86975516549015
1789130144431602000,93.83760180664062,183.3949234728697
1789130144447605800,93.85360571289063,179.54886145652088
1789130144463606000,93.86960595703125,179.53419090477357
1789130144479609300,93.885609375,185.01311369418858
1789130144495611000,93.90161083984376,180
1789130144511610600,93.91761059570312,173.56526103324697
1789130144527611100,93.93361108398437,172.64762085857583
1789130144543614200,93.9496142578125,169.65514247689
1789130144559609900,93.96560986328124,165.5432449908448
1789130144575606300,93.98160620117187,163.93360054120768
1789130144591609000,93.99760913085937,162.86700363808671
1789130144607607300,94.01360717773437,163.73979558310947
1789130144623604500,94.0296044921875,161.56505006647808
1789130144639604700,94.04560473632813,161.3069635601195
1789130144655609300,94.061609375,164.52867126129354
1789130144671616300,94.0776162109375,163.21017043523133
1789130144687618800,94.09361889648437,162.38742301690775
1789130144703619000,94.109619140625,163.009177564934
1789130144719619000,94.125619140625,157.45693893080366
1789130144735619300,94.14161938476562,158.5232090469517
1789130144751616800,94.15761669921875,160.28570554074798
1789130144767617500,94.17361743164062,161.985306258718
1789130144783625000,94.189625,161.3069635601195
1789130144799627300,94.20562719726563,160.3461754840825
1789130144815623200,94.221623046875,165.84658658666004
1789130144831622700,94.23762255859376,165.52970631640906
1789130144847630000,94.25363012695313,166.93068217260526
1789130144863632000,94.2696318359375,170.35195486092428
1789130144879634400,94.28563452148437,169.16992040677033
1789130144895642600,94.301642578125,173.7580857075121
1789130144911644700,94.31764477539062,175.3758488183226
1789130144927640300,94.33364038085938,175.08821196543585
1789130144943643100,94.34964306640624,173.36748536461315
1789130144959640600,94.365640625,175.27201243043478
1789130144975640300,94.38164038085938,175.16341662114473
1789130144991643000,94.39764282226562,171.7474706994897
1789130145007647200,94.41364721679687,172.99061563789786
1789130145023651000,94.42965112304688,175.6012949426162
1789130145039654000,94.44565380859375,177.06432667176972
1789130145055654000,94.46165380859375,176.68905847570198
1789130145071654000,94.47765380859374,172.2713627531188
1789130145095657700,94.50165771484374,175.70013744537735
1789130145111661000,94.5176611328125,173.99099424300024
1789130145127660800,94.53366088867188,170.20379067181824
1789130145143664400,94.54966430664062,174.15543424833757
1789130145159668500,94.56566845703125,177.61405604852732
1789130145175672600,94.58167260742188,175.49781070786906
1789130145191679200,94.59767919921875,172.8749836510982
1789130145207682800,94.61368286132813,174.07937905421394
1789130145223687700,94.62968774414063,170.26055404218613
1789130145239691500,94.64569140625,167.23443387528408
1789130145255698400,94.66169848632812,160.4749882602458
1789130145271706400,94.67770629882813,152.0852979600808
1789130145295712300,94.70171215820312,146.39063126531204
1789130145311713300,94.71771337890625,148.80751967925164
1789130145327715600,94.73371557617187,152.4801069494455
1789130145343715000,94.74971508789062,157.4161471601333
1789130145359714300,94.76571435546875,160.8398264111469
1789130145375717600,94.78171752929687,160.90650860102824
1789130145391720400,94.79772045898437,163.15619215920205
1789130145407726000,94.81372607421875,163.2580286349044
1789130145423726300,94.82972631835938,166.0831224575071
1789130145439726300,94.84572631835937,168.78936717338343
1789130145455724800,94.86172485351562,164.7070126501774
1789130145471721200,94.87772119140625,167.1957336365168
1789130145487718400,94.89371850585937,171.9330687130158
1789130145503716400,94.90971630859374,172.2713627531188
1789130145519707600,94.92570776367188,171.40877478666653
1789130145535699200,94.94169921875,169.46081641022096
1789130145551698000,94.95769799804688,169.40847177946685
1789130145567690000,94.97368994140625,171.32682646345762
1789130145583680800,94.9896806640625,167.47119270292626
1789130145599674600,95.00567456054688,167.90524306181288
1789130145615670500,95.02167041015625,172.76307807988047
1789130145631667700,95.03766772460938,170.83765356040564
1789130145647671800,95.053671875,169.01935033197134
1789130145663670800,95.0696708984375,170.79959903582096
1789130145679668000,95.08566796875,173.55046517717082
1789130145695669200,95.10166918945312,173.2338253145022
1789130145711676000,95.11767602539062,176.90594200326598
1789130145727685600,95.133685546875,178.4088598019463
1789130145743693300,95.149693359375,176.00908706495235
1789130145759702300,95.16570239257813,175.2363583092738
1789130145775707100,95.18170703125,174.71875953893806
1789130145791711500,95.19771142578125,174.71875953893806
1789130145807719000,95.21371899414062,171.62132735317945
1789130145823725600,95.2297255859375,166.69476424202364
1789130145839725800,95.24572583007813,164.16200096312187
1789130145855729700,95.26172973632812,164.8542949108883
1789130145871737300,95.2777373046875,164.8759937378382
1789130145887748900,95.29374877929688,166.1651474530195
1789130145903750100,95.30975024414063,169.03212750086945
1789130145919754800,95.32575463867188,163.88658124805707
1789130145935756800,95.3417568359375,162.0955520058114
1789130145951759400,95.35775927734375,163.16833206660723
1789130145967766800,95.37376684570313,157.59459063748074
1789130145983771100,95.38977124023438,159.06271463562325
1789130145999771600,95.40577172851563,161.00334524278082
1789130146015770600,95.4217705078125,159.5377283875387
1789130146031769300,95.43776928710938,162.0835514003988
1789130146047771000,95.45377099609375,163.3007557660064
1789130146063774000,95.46977392578125,160.87477464009237
1789130146079769000,95.48576904296876,162.45099751389674
1789130146095765800,95.50176586914063,163.529570990457
1789130146111763500,95.51776342773438,163.30075646225404
1789130146127766300,95.53376635742187,161.07535554237228
1789130146143768000,95.54976806640624,157.7199960780823
1789130146159764700,95.5657646484375,158.0394361327384
1789130146175762400,95.58176245117187,159.06271463562325
1789130146191764500,95.59776440429688,156.7474076609145
1789130146207773000,95.61377294921876,155.2248592090481
1789130146223781000,95.62978100585937,158.19859051364818
1789130146239783000,95.64578295898437,159.83739603370415
1789130146255784000,95.66178393554688,159.24167632401551
1789130146271782700,95.67778271484374,160.43621629757698
1789130146287783200,95.693783203125,161.56505174626045
1789130146303781400,95.70978149414063,161.30101743756126
1789130146319780900,95.72578076171875,165.5679374332944
1789130146335778600,95.74177856445313,167.7995316896754
1789130146351776000,95.75777587890624,168.8510106246684
1789130146367779600,95.77377954101563,174.48852260133648
1789130146383783700,95.78978369140626,175.1920464318923
1789130146399791400,95.80579125976563,172.40535660033964
1789130146415792600,95.82179272460938,171.44817028851
1789130146431789300,95.83778930664063,174.15543424833757
1789130146447783200,95.853783203125,180
1789130146463776300,95.8697763671875,181.83283946500285
1789130146479770600,95.8857705078125,179.13847428674532
1789130146495766500,95.9017666015625,177.05355265681803
1789130146511767600,95.917767578125,179.57871509736998
1789130146527770000,95.93377001953125,177.9249736952949
1789130146543772700,95.94977270507812,172.8749836510982
1789130146559774200,95.96577416992187,177.9249736952949
1789130146575776300,95.9817763671875,183.97938258331305
1789130146591772200,95.99777221679688,181.9091524408929
1789130146607763000,96.01376293945313,184.12229781408152
1789130146623757000,96.02975708007813,181.3748347214085
1789130146639757600,96.04575756835938,181.7623910488962
1789130146655757300,96.06175732421875,185.11041755356655
1789130146671758600,96.07775854492188,186.14662569293998
1789130146687757300,96.09375732421876,189.76667972261157
1789130146703756000,96.10975610351562,195.94539618730394
1789130146719747800,96.12574780273438,185.10216510830693
1789130146735743000,96.14174291992188,181.39718103575626
1789130146751740400,96.15774047851562,185.71059313749964
1789130146767738000,96.17373803710937,179.6048629576617
1789130146783732500,96.189732421875,179.18154451943929
1789130146799726300,96.20572631835938,182.622401462196
1789130146815718400,96.22171850585937,183.10602709050096
1789130146831718100,96.23771826171875,176.26860314369318
1789130146847714800,96.25371484375,174.68545440126667
1789130146863711000,96.2697109375,174.8055711770912
1789130146879712500,96.28571240234375,168.35402522337657
1789130146895714600,96.30171459960937,167.82081947665986
1789130146911705900,96.31770581054687,167.82081947665986
1789130146927698700,96.33369873046875,164.96218504249285
1789130146943699500,96.34969946289063,163.65711806099966
1789130146959693800,96.36569384765625,166.68636702828084
1789130146975689500,96.381689453125,163.83550126682724
1789130146991684600,96.3976845703125,158.88309551457667
1789130147007683300,96.41368334960937,155.83337034391258
1789130147023686000,96.42968579101563,154.04123016487554
1789130147039689700,96.44568969726562,155.7722538706185
1789130147055688000,96.46168798828126,157.60039755593692
1789130147071693300,96.477693359375,157.9321012231615
1789130147087695000,96.49369506835937,155.40422799230203
1789130147103694300,96.5096943359375,153.7632875056272
1789130147119690500,96.5256904296875,156.22365647479427
1789130147135690800,96.54169067382813,158.33884988195084
1789130147151694300,96.5576943359375,156.19405664640325
1789130147167694000,96.57369409179688,155.40422799230203
1789130147183693000,96.58969311523437,158.69068977058694
1789130147199690800,96.60569067382812,158.57954053054195
1789130147215688700,96.62168872070312,156.19405664640325
1789130147231688700,96.63768872070312,156.85153656996033
1789130147247688000,96.65368798828125,155.62353078382176
1789130147263687000,96.66968701171875,153.77803426325963
1789130147279683800,96.68568383789062,155.17544488366156
1789130147295683300,96.70168334960937,157.7199960780823
1789130147311690000,96.71768994140625,158.06151802077164
1789130147327696100,96.73369604492187,157.00069894962743
1789130147343699700,96.74969970703125,156.58396922988314
1789130147359707400,96.76570727539062,154.9423855900756
1789130147375717400,96.78171728515625,154.45278725081977
1789130147391729700,96.79772973632812,153.26790769732344
1789130147407741400,96.81374145507813,153.434948822922
1789130147423749600,96.82974951171875,156.8014100216331
1789130147439754800,96.84575463867188,156.1460942234723
1789130147455760400,96.86176049804688,157.23803307531222
1789130147471772200,96.87777221679687,163.4651619894085
1789130147487772400,96.8937724609375,163.02028941025813
1789130147503777000,96.90977709960937,159.35799045134786
1789130147519786500,96.92578637695313,162.15570922402543
1789130147535798800,96.941798828125,164.81416226176697
1789130147551807000,96.95780688476563,165.43423624930452
1789130147567814700,96.97381469726562,162.0611061481391
1789130147583820300,96.9898203125,162.62596272685153
1789130147599824400,97.00582446289063,165.50613193556575
1789130147615830300,97.02183032226563,165.68517261176044
1789130147631832000,97.03783203125,170.47533158934155
1789130147647838700,97.05383862304687,177.78034451339911
1789130147663836700,97.06983666992187,174.80557105338661
1789130147679838700,97.08583862304687,170.20379067181824
1789130147695849000,97.10184887695313,175.0302592932474
1789130147711859500,97.117859375,173.45370914876642
1789130147727875000,97.133875,170.28331443125327
1789130147743884000,97.14988403320312,171.11934032858827
1789130147759886600,97.16588647460938,173.31309065245392
1789130147775889700,97.1818896484375,174.80557105338661
1789130147791898600,97.19789868164062,173.74596755687529
1789130147807905500,97.21390551757813,176.42366562500266
1789130147823910100,97.22991015625,180
1789130147839908600,97.24590869140626,177.96908589324738
1789130147855905800,97.26190576171875,170.01503922587304
1789130147871909000,97.2779091796875,170.53767753558589
1789130147887912000,97.29391186523438,172.8282875053216
1789130147903916000,97.309916015625,172.73304534695896
1789130147919918600,97.32591870117187,175.01366617787647
1789130147935919000,97.34191918945312,174.54244670253294
1789130147951919900,97.357919921875,173.77417113391724
1789130147967918300,97.37391845703125,176.23596531170665
1789130147983918000,97.38991796875,180
1789130147999918300,97.40591845703125,177.8141992279993
1789130148015916000,97.421916015625,171.80913831630292
1789130148031918300,97.43791845703124,176.47854657274922
1789130148047921400,97.45392138671875,181.3859177805199
1789130148063927600,97.46992749023437,179.11859599079108
1789130148079934700,97.48593481445313,177.89448589719282
1789130148095932200,97.50193212890625,178.71747296639825
1789130148111934500,97.5179345703125,180.4151795452542
1789130148127946500,97.53394653320312,178.80651054309345
1789130148143957500,97.54995751953125,174.24859819251915
1789130148159963600,97.56596362304687,172.04691798026695
1789130148175966500,97.58196655273437,174.28940678199365
1789130148191967200,97.59796728515624,184.05355400710792
1789130148207976400,97.6139765625,189.30994001112822
1789130148223981300,97.62998120117187,183.34194367441432
1789130148239985000,97.64598486328126,177.69403326704634
1789130148255988000,97.66198803710938,176.1859253923752
1789130148271993000,97.6779931640625,176.92666741351286
1789130148287992800,97.69399291992187,175.44258106344336
1789130148303997200,97.7099970703125,176.09950633565512
1789130148320001500,97.72600146484375,176.3217613705519
1789130148336004600,97.74200463867187,178.7724211649628
1789130148352004400,97.75800439453126,183.46822935655823
1789130148368003600,97.77400366210938,182.21965548660089
1789130148384003300,97.79000341796875,176.79797945968633
1789130148400002000,97.806001953125,178.7269699448259
1789130148416002000,97.822001953125,182.38594395147268
1789130148432006400,97.83800634765625,179.55238582913947
1789130148448012000,97.85401196289062,178.25105391816743
1789130148464018700,97.87001879882813,181.84761021052594
1789130148480030500,97.88603051757812,187.9207401591897
1789130148496046600,97.90204663085937,177.0317658533266
1789130148512056800,97.91805688476562,175.77776980915655
1789130148528067600,97.93406762695312,181.36392748323047
1789130148544079000,97.9500791015625,179.53037297122867
1789130148560092400,97.96609252929687,177.33699926976914
1789130148576110800,97.98211083984376,179.51030441648535
1789130148592130800,97.998130859375,185.3893117298473
1789130148608141300,98.01414135742188,186.0376824381558
1789130148624152800,98.03015283203125,182.48955291125986
1789130148640161800,98.04616186523438,173.36748536461315
1789130148656164400,98.06216430664062,172.3493495428309
1789130148672169000,98.0781689453125,174.24859819251915
1789130148688178700,98.0941787109375,170.98679548063217
1789130148704190700,98.11019067382813,176.9413023878705
1789130148720210000,98.1262099609375,183.97938258331305
1789130148736230400,98.14223046875,179.50178837097923
1789130148752250600,98.15825073242188,173.45370914876642
1789130148768268000,98.17426806640626,173.40008299890494
1789130148784277500,98.19027758789062,171.93675377230454
1789130148800286000,98.20628588867187,169.04593789895205
1789130148816303400,98.22230346679687,173.9382112333105
1789130148832317700,98.23831762695312,171.28856262165806
1789130148848337700,98.25433764648437,168.7742021606011
1789130148864354000,98.27035400390625,174.67425958596553
1789130148880374800,98.28637475585937,172.06724150576628
1789130148896392400,98.30239233398437,171.5387121617026
1789130148912406800,98.31840673828125,173.49437328514108
1789130148928421600,98.33442163085938,168.95905975444046
1789130148944433400,98.35043334960938,166.58764178451958
1789130148960448800,98.36644873046875,166.45682444100248
1789130148976461300,98.38246142578124,162.95606670679697
1789130148992466400,98.39846655273438,163.4651619894085
1789130149008471300,98.41447119140625,164.78367355932315
1789130149024487400,98.4304873046875,161.70722447000563
1789130149040502500,98.44650244140625,160.3743168118376
1789130149056517000,98.46251708984374,161.06466506590326
1789130149072531700,98.47853173828125,162.9289790569625
1789130149088545500,98.49454565429687,159.49857370811577
1789130149104567300,98.5105673828125,157.14517972131392
1789130149120586200,98.52658618164062,159.18493344940293
1789130149136602400,98.54260229492188,160.05761440992444
1789130149152619000,98.55861889648438,160.66519168054998
1789130149168633600,98.57463354492188,162.01856928869063
1789130149184648000,98.59064794921875,162.3953668928258
1789130149200662000,98.606662109375,162.34987629265444
1789130149216674600,98.62267456054687,158.79718112088463
1789130149232690700,98.63869067382812,154.8224648291774
1789130149248704800,98.65470483398437,156.205164962843
1789130149264720100,98.67072021484375,156.85720020972767
1789130149280738300,98.68673828125,157.71441151497865
1789130149296753200,98.70275317382813,161.4207303273769
1789130149312770800,98.71877075195313,161.08891975074653
1789130149328777500,98.73477758789062,160.44800526822567
1789130149344786700,98.75078662109375,164.33789422620706
1789130149360790500,98.76679052734374,163.4018949111869
1789130149376795100,98.78279516601563,160.18284815092136
1789130149392804400,98.79880444335937,160.9422954562519
1789130149408812800,98.81481274414062,158.92727341342035
1789130149424825900,98.83082592773438,156.39588533507825
1789130149440836900,98.8468369140625,156.17055110414984
1789130149456850700,98.8628505859375,159.84825396220572
1789130149472866000,98.87886596679688,161.25024204321443
1789130149488875800,98.89487573242188,158.70264580902548
1789130149504895000,98.91089501953125,160.01689430902331
1789130149520914000,98.92691381835938,163.67314655361645
1789130149536927000,98.94292700195312,159.89376433736362
1789130149552940300,98.95894018554688,158.27290517479022
1789130149568954400,98.97495434570313,157.98101256534778
1789130149584971300,98.99097119140625,157.8780570466021
1789130149600985300,99.0069853515625,158.77234860868847
1789130149617002800,99.02300268554687,157.83365305294512
1789130149633012000,99.03901196289063,157.73341216189326
1789130149649021700,99.05502172851563,157.59459063748074
1789130149665031700,99.07103173828125,156.8014097316891
1789130149681037600,99.08703759765625,159.6607785418797
1789130149697042400,99.10304248046874,160.7347364557859
1789130149713048800,99.119048828125,158.1985901004486
1789130149729058800,99.13505883789063,155.28920047891296
1789130149745066800,99.15106665039062,156.41834899969675
1789130149761076200,99.167076171875,160.13295519200278
1789130149777085200,99.18308520507813,160.95876921376367
1789130149793093000,99.19909301757812,161.56505057793856
1789130149809099800,99.21509985351562,162.18111174349164
1789130149825118700,99.23111865234375,160.8398264111469
1789130149841129700,99.24712963867188,159.69155832487783
1789130149857140700,99.263140625,157.81965604453458
1789130149873149000,99.27914892578124,157.31347285701207
1789130149889158400,99.29515844726562,158.53711408968533
1789130149905170400,99.31117041015625,160.98923298023087
1789130149921182500,99.32718237304688,161.56505057793856
1789130149937195500,99.34319555664062,160.97439511168383
1789130149953205000,99.359205078125,161.28826239056298
1789130149969211100,99.37521118164062,160.55996497167175
1789130149985222000,99.39122192382813,157.3447670420807
1789130150001230000,99.40722998046876,157.6468035717181
1789130150017239800,99.42323974609376,159.21175407212206
1789130150033260800,99.4392607421875,160.01689378025395
1789130150049277700,99.45527758789062,160.6302372477847
1789130150065289200,99.47128930664063,159.10917440383665
1789130150081304000,99.48730395507812,160.2531634829734
1789130150097316600,99.50331665039063,155.90797973107874
1789130150113330000,99.51932983398437,154.63558173345277
1789130150129333200,99.53533325195312,156.85720020972767
1789130150145341400,99.55134155273437,152.1027287053385
1789130150161350700,99.5673505859375,147.6282226165284
1789130150177360100,99.58336010742188,148.72229836780258
1789130150193367300,99.5993671875,147.07528875563227
1789130150209374200,99.61537426757812,140.6637064890043
1789130150225382700,99.63138256835937,138.27048972937683
1789130150241395700,99.64739575195313,139.39870714066598
1789130150257410600,99.66341064453125,138.48932446725013
1789130150273429200,99.67942919921875,137.05103774065344
1789130150289438500,99.6954384765625,135.9191039245218
1789130150305446400,99.7114462890625,134.22368388651734
1789130150321457400,99.72745751953126,132.3120292718574
1789130150337467600,99.74346752929688,130.8334939755236
1789130150353477000,99.75947705078126,130.60129431019126
1789130150377498000,99.783498046875,127.7007361162252
1789130150441544000,99.8475439453125,98.63713122489756
1789130150465564400,99.871564453125,92.76212830463982
1789130150481585000,99.8875849609375,90.71024187074427
1789130150497600500,99.9036005859375,92.86240522611176
1789130150513613800,99.91961376953125,94.60009567622535
1789130150529633500,99.93563354492187,97.07499787186332
1789130150545650700,99.95165063476563,95.72956492902685
1789130150561666800,99.96766674804688,96.22582886608278
1789130150577679400,99.98367944335938,97.08689574744949
1789130150593694000,99.99969384765625,89.2441628890856
1789130150609710000,100.0157099609375,83.77155805382634
1789130150625723100,100.03172314453126,81.71931752385572
1789130150641740000,100.04773999023438,78.61930259942088
1789130150657760500,100.06376049804688,78.55764259592902
1789130150673775000,100.07977514648438,75.20323733402756
1789130150689793500,100.09579345703125,70.27565240345139
1789130150705808600,100.11180859375,66.37062350487768
1789130150721829600,100.12782958984376,60.003332244424456
1789130150737851600,100.1438515625,58.31838471819195
1789130150753873200,100.159873046875,55.922805080182584
1789130150769891800,100.17589184570312,52.243774381629756
1789130150785911000,100.1919111328125,49.794233496997336
1789130150801924600,100.20792456054687,45.190983524420375
1789130150817940000,100.22393994140624,45
1789130150833961200,100.23996118164062,44.18445431791577
1789130150849983200,100.25598315429687,40.10682807881255
1789130150866005800,100.272005859375,40.16663527603235
1789130150882027800,100.28802783203125,43.446246500282214
1789130150898041300,100.30404125976563,45.72522446579921
1789130150914059300,100.32005932617187,43.5830785300391
1789130150930075100,100.3360751953125,37.51712247377154
1789130150946089500,100.35208935546875,35.108381459645
1789130150962104000,100.36810400390625,36.84115030801933
1789130150978119200,100.384119140625,32.404543372213084
1789130150994133000,100.40013305664063,26.49780323637108
1789130151010146800,100.41614672851563,20.629879877126008
1789130151026166300,100.43216625976562,22.721499273083754
1789130151042180400,100.44818041992187,25.321377293923412
1789130151058195000,100.46419482421875,27.461497848517716
1789130151074212600,100.48021264648438,29.64986472856045
1789130151090229000,100.49622900390625,27.439727152371816
1789130151106245400,100.51224536132813,32.380678028550534
1789130151122256600,100.52825659179688,34.434127390416634
1789130151138265900,100.54426586914063,33.0957357876365
1789130151154281000,100.56028100585938,45.44644998643295
1789130151170296000,100.57629614257813,56.154657826075315
1789130151186311200,100.59231127929688,55.83008077236606
1789130151202331400,100.60833129882812,56.3555497179736
1789130151218353000,100.62435278320312,54.94498830055955
1789130151234370000,100.6403701171875,51.17308139643629
1789130151250386200,100.65638623046875,46.36392809057341
1789130151266407000,100.67240698242188,42.6093193625725
1789130151282421500,100.68842138671874,40.80434903890593
1789130151298433300,100.70443334960937,40.82043058887755
1789130151314442200,100.72044213867187,39.51384430467063
1789130151330450700,100.73645068359374,38.59033250701424
1789130151346462000,100.7524619140625,35.3313318002352
1789130151362475500,100.7684755859375,35.40109597409483
1789130151378491000,100.78449096679688,40.63172205236422
1789130151394503200,100.80050317382812,43.4413172256285
1789130151410515700,100.816515625,41.764107457454465
1789130151426530300,100.8325302734375,39.2373667491855
1789130151442546700,100.84854663085937,41.214680174185965
1789130151458558500,100.86455834960938,42.02075083219883
1789130151474570000,100.88057006835938,42.88672533704478
1789130151490582500,100.89658251953125,43.547157319990546
1789130151506596600,100.9125966796875,43.19758077311943
1789130151522611500,100.92861157226562,43.89248692013524
1789130151538628900,100.94462890625,41.80301604749641
1789130151554639000,100.96063916015625,41.13030955397012
1789130151570651000,100.97665087890626,41.02326874846826
1789130151586664200,100.99266430664062,39.47889730045852
1789130151602679800,101.0086796875,40.32074035841441
1789130151618686700,101.02468676757813,38.81623163455483
1789130151634691000,101.04069116210937,36.02737371328088
1789130151650704600,101.05670458984375,35.7810737646016
1789130151666713600,101.07271362304688,37.26156287902108
1789130151682729000,101.08872900390625,38.26084922260213
1789130151698745000,101.1047451171875,37.60297358104086
1789130151714759700,101.120759765625,36.86989586888422
1789130151730772700,101.13677270507813,36.55835675751991
1789130151746783000,101.15278295898437,36.006906646521045
1789130151762795000,101.168794921875,35.21083671016076
1789130151778804200,101.18480419921875,35.93349742769513
1789130151794814000,101.20081396484375,37.97432614444484
1789130151810824000,101.21682397460937,41.009085016392014
1789130151826829800,101.23282983398437,38.41419161182547
1789130151842845000,101.24884497070312,35.837654801523584
1789130151858861800,101.26486181640625,37.52516692814444
1789130151874870800,101.28087084960937,36.98290772348798
1789130151890882000,101.29688208007812,39.18989971780657
1789130151906890000,101.31288989257813,41.423665625002656
1789130151922900700,101.32890063476563,41.562335075615486
1789130151938906000,101.34490600585937,42.24562512561973
1789130151954918400,101.36091845703125,38.898448492565514
1789130151970934300,101.37693432617188,34.66838463680538
1789130151986947800,101.39294775390626,34.39884448215134
1789130152002960000,101.4089599609375,35.55429957021285
1789130152018967800,101.4249677734375,35.6704610246329
1789130152034976300,101.44097631835938,35.98542121948644
1789130152050983700,101.45698364257812,36.46923431052935
1789130152066993200,101.4729931640625,36.86989855653595
1789130152083001900,101.489001953125,35.63761130138344
1789130152099000000,101.505,34.40523426489215
1789130152115002000,101.52100219726563,35.00377901967087
1789130152131009300,101.53700927734376,36.49447762231974
1789130152147023000,101.55302319335938,35.14276858027167
1789130152163032000,101.56903198242188,35.97427136962026
1789130152179038700,101.58503881835938,39.143986880116685
1789130152195041800,101.60104174804688,37.836453283752384
1789130152211043300,101.61704321289062,36.30934946755431
1789130152227048200,101.63304809570313,36.34745824393885
1789130152243055000,101.64905517578126,36.40877590417889
1789130152259064800,101.66506494140626,39.14398688011668
1789130152275066400,101.68106640625,41.28471181229906
1789130152291067400,101.6970673828125,42.053552030701994
1789130152307069700,101.71306958007813,42.106647402621604
1789130152323075800,101.72907592773437,41.00421218532107
1789130152339083800,101.74508374023438,41.14319758376436
1789130152355091200,101.76109130859375,42.42663950416257
1789130152371097000,101.77709716796875,46.08092321439172
1789130152387110000,101.79310986328124,45
1789130152403125800,101.80912573242188,44.04338595286251
1789130152419133200,101.82513330078125,45.211424069057486
1789130152435137800,101.8411376953125,44.7877928929433
1789130152451144400,101.85714453125,43.93117387046881
1789130152467156000,101.87315600585937,43.411798323277246
1789130152483164400,101.88916430664062,43.45183964206755
1789130152499175400,101.90517553710937,43.35756184111296
1789130152515183600,101.92118359375,43.56790349079139
1789130152531196000,101.93719580078125,42.4753662777912
1789130152547202800,101.95320288085938,40.6933837410716
1789130152563208200,101.96920825195312,39.841446760021626
1789130152579218200,101.98521826171876,39.73505499150589
1789130152595228700,102.00122875976562,38.80682858588951
1789130152611235600,102.01723559570313,37.423845234602105
1789130152627246000,102.03324609375,37.32419257014849
1789130152643249200,102.04924926757812,36.501441053254396
1789130152659257600,102.06525756835937,35.895398806236486
1789130152675267800,102.08126782226563,37.93176965198283
1789130152691275300,102.09727514648438,38.53773109591078
1789130152707281400,102.11328149414062,38.72086955614141
1789130152723288000,102.1292880859375,39.8222888127458
1789130152739296800,102.145296875,40.39990337737871
1789130152755299800,102.1612998046875,39.68760934071562
1789130152771302000,102.17730200195312,38.29551775079969
1789130152787300600,102.19330053710938,36.89556756773445
1789130152803304700,102.2093046875,35.28514529108087
1789130152819309800,102.22530981445313,36.32987250379614
1789130152835315200,102.24131518554688,36.37887626453123
1789130152851320600,102.25732055664062,36.40091131747023
1789130152867324700,102.27332470703125,38.65980889791613
1789130152883320600,102.28932055664062,38.11357236133116
1789130152899327000,102.30532690429688,37.10291167064856
1789130152915329800,102.32132983398438,37.63892120740222
1789130152931332600,102.33733251953124,40.38935077549207
1789130152947334700,102.35333471679688,41.383198237342775
1789130152963338000,102.369337890625,40.34981294086946
1789130152979341300,102.38534130859375,39.40780243212289
1789130152995343600,102.40134350585937,41.24677591917148
1789130153011349200,102.41734936523437,39.92039112010229
1789130153027362800,102.43336279296875,35.657606112951285
1789130153043370800,102.44937084960938,37.841353091522436
1789130153059378000,102.4653779296875,38.96231864431606
1789130153075382800,102.4813828125,38.762414289328696
1789130153091384800,102.497384765625,39.00049093468757
1789130153107393300,102.51339331054687,38.57893796778255
1789130153123409700,102.52940966796875,38.70064657840145
1789130153139418600,102.54541870117187,37.60040632195025
1789130153155429000,102.56142919921875,36.3732755599362
1789130153171441700,102.57744165039063,37.886411535654304
1789130153187453000,102.59345288085937,38.375967963908295
1789130153203465200,102.60946533203125,39.18102891577229
1789130153219474000,102.62547387695312,40.40814887795708
1789130153235482000,102.64148217773437,39.490122835449384
1789130153251493000,102.6574931640625,38.224344417481525
1789130153267503900,102.67350390625,37.55258291074296
1789130153283512300,102.68951220703126,38.3970785348317
1789130153299524900,102.70552490234375,37.852309694500654
1789130153315530200,102.7215302734375,37.284327702025195
1789130153331543300,102.73754321289063,37.125111987169745
1789130153347556000,102.75355615234375,40.162045185351985
1789130153363567400,102.7695673828125,44.09635541450402
1789130153379579600,102.78557958984375,46.08433222369981
1789130153395592200,102.80159228515625,43.54978502151292
1789130153411597600,102.81759765625,41.67687985709368
1789130153427605800,102.83360571289063,41.74277743532489
1789130153443609000,102.84960913085938,38.800485114572936
1789130153459613200,102.86561328125,39.01940172805754
1789130153475623400,102.88162353515625,38.9236534828233
1789130153491630000,102.89763012695313,37.4113784391766
1789130153507631600,102.91363159179687,36.81921711089394
1789130153523638000,102.92963793945313,36.9727640306261
1789130153539645700,102.94564575195312,38.94720923537112
1789130153555652600,102.96165258789063,39.28038709942335
1789130153571666700,102.97766674804687,38.65980698483308
1789130153587674600,102.99367456054688,39.57272867099712
1789130153603687000,103.00968701171875,40.75360343516626
1789130153619704600,103.02570458984376,40.90791155595544
1789130153635718100,103.04171826171876,40.89490021467028
1789130153651731700,103.05773168945312,42.74542494386396
1789130153667748600,103.07374853515626,42.3851596232372
1789130153683768300,103.08976831054687,38.284944070523935
1789130153699781600,103.10578173828125,39.69169389733723
1789130153715797200,103.12179736328125,40.69744973473097
1789130153731812000,103.13781201171875,38.893904075022476
1789130153747818000,103.15381787109375,37.667349235934786
1789130153763822300,103.169822265625,38.465189445323134
1789130153779826000,103.18582592773437,42.397438798948365
1789130153795839000,103.2018388671875,42.57072614225237
1789130153811849200,103.21784912109375,40.83232529320256
1789130153827861500,103.23386157226562,41.314259262397734
1789130153843872800,103.24987280273437,42.17604031971244
1789130153859883800,103.2658837890625,40.66640412106649
1789130153875894500,103.28189453125,39.04063287080792
1789130153891902700,103.29790283203126,37.422186552561215
1789130153907908900,103.31390893554688,38.9204111052179
1789130153923920000,103.329919921875,40.782282547739996
1789130153939928600,103.34592846679688,40.49911779791021
1789130153955937800,103.36193774414062,40.99748785396601
1789130153971942000,103.37794189453125,41.219432943809224
1789130153987950800,103.39395092773438,41.19715846101722
1789130154003956700,103.40995678710938,40.06283910271198
1789130154019967700,103.4259677734375,40.06283910271199
1789130154035974000,103.44197387695313,39.563626990312095
1789130154051986200,103.45798608398438,38.18357508723346
1789130154068000300,103.47400024414063,40.43599543128481
1789130154084016600,103.4900166015625,41.66220486608493
1789130154100034600,103.50603466796875,40.846148241906924
1789130154116051700,103.5220517578125,42.51044619114323
1789130154132064800,103.53806469726563,42.37509720283362
1789130154148073500,103.55407348632812,39.313966266782415
1789130154164085500,103.57008544921875,37.714772642145164
1789130154180095700,103.586095703125,39.48286409383234
1789130154196098800,103.60209887695312,41.403283751727315
1789130154212098800,103.61809887695313,40.66398091250758
1789130154228101400,103.63410131835937,39.41984679288284
1789130154244113200,103.65011303710938,38.931006765560916
1789130154260127000,103.666126953125,39.28117438587233
1789130154276139000,103.68213891601563,39.397401563176764
1789130154292156400,103.69815649414062,38.71449785031978
1789130154308172000,103.71417211914063,38.67814332348781
1789130154324186400,103.73018627929687,42.79087038695399
1789130154340194300,103.7461943359375,43.88677092784683
1789130154356207600,103.76220751953124,45.51003885896945
1789130154372213800,103.7782138671875,43.65999080280737
1789130154388218000,103.79421801757813,40.41932174794696
1789130154404233700,103.81023364257813,42.473884110525475
1789130154420249600,103.82624951171876,43.15778609626656
1789130154436264400,103.84226440429687,41.48249478926789
1789130154452278800,103.85827880859375,40.79841146266521
1789130154468287500,103.87428759765625,41.358813942522794
1789130154484292600,103.89029272460938,40.31698378895643
1789130154500302600,103.90630249023438,40.780168913046566
1789130154516312000,103.92231201171874,41.780505138608866
1789130154532325600,103.93832568359375,41.65476204967495
1789130154548343000,103.95434301757813,37.27969713647944
1789130154564358700,103.97035864257812,36.38970550302557
1789130154580374000,103.9863740234375,38.800485114572936
1789130154596388400,104.00238842773437,38.236896366072976
1789130154612405000,104.01840502929687,37.435383403107316
1789130154628419800,104.034419921875,36.46028290500606
1789130154644431000,104.05043115234375,37.07535066233752
1789130154660441900,104.06644189453125,36.25383587307073
1789130154676450600,104.08245043945313,37.67100537814467
1789130154692461600,104.09846166992187,40.28998232655046
1789130154708472000,104.11447216796876,38.236896366072976
1789130154724481500,104.1304814453125,37.62408890032712
1789130154740494800,104.14649487304688,38.13547142661754
1789130154756505300,104.16250537109374,39.343785322847395
1789130154772519200,104.17851928710938,39.90605856210149
1789130154788536800,104.19453686523437,39.537758846666705
1789130154804550000,104.2105498046875,39.63843143537338
1789130154820558000,104.22655810546875,40.266560201631904
1789130154836572400,104.24257250976562,39.1554347484414
1789130154852583200,104.25858325195313,37.22279370968752
1789130154868587800,104.274587890625,37.143680712516414
1789130154884595700,104.290595703125,39.13709652096668
1789130154900605400,104.30660546875,38.69948830540995
1789130154916611000,104.32261108398437,38.50288592392671
1789130154932613400,104.33861328125,41.52624290187277
1789130154948621300,104.35462133789062,41.92060209196577
1789130154964635000,104.370634765625,40.04556765606587
1789130154980649000,104.38664892578124,38.41144326781025
1789130154996660200,104.40266015625,38.3754185597327
1789130155012669000,104.4186689453125,41.407276643740616
1789130155028676400,104.43467626953125,42.800781783467585
1789130155044680700,104.4506806640625,40.27201050397116
1789130155060686600,104.4666865234375,39.35735178941063
1789130155076697300,104.482697265625,40.69368584064858
1789130155092706800,104.49870678710937,40.75734253916214
1789130155108719400,104.51471923828124,39.28940659730177
1789130155124733700,104.53073364257813,40.51214852854178
1789130155140746200,104.54674633789062,40.8909826975326
1789130155156757000,104.56275708007813,39.36245775790979
1789130155172769500,104.57876953125,39.34638595965305
1789130155188778500,104.59477856445312,38.604890930596966
1789130155204789200,104.61078930664063,37.987270051760085
1789130155220795400,104.62679541015625,39.540384842641345
1789130155236804000,104.64280419921874,40.12860842849963
1789130155252815400,104.6588154296875,39.38779668026293
1789130155268831000,104.6748310546875,40.015886972679205
1789130155284841200,104.69084130859375,39.49353985674648
1789130155300854300,104.70685424804688,37.69423824133882
1789130155316870700,104.72287060546876,35.98570436910211
1789130155332883000,104.73888305664063,36.36990977300428
1789130155348890000,104.75489013671876,38.17653620175193
1789130155364896300,104.77089624023438,37.874982695826986
1789130155380902700,104.78690258789062,36.96146012504974
1789130155396915700,104.80291577148438,36.364901409929814
1789130155412922600,104.81892260742187,36.19777153289572
1789130155428929500,104.83492944335937,38.29968843903047
1789130155444940300,104.85094018554688,40.18308411843156
1789130155460953600,104.86695361328125,39.55582126322227
1789130155476966100,104.88296606445313,38.18973452325291
1789130155492975000,104.89897509765625,36.93946032219212
1789130155508982800,104.91498266601562,37.05653024269376
1789130155524995000,104.9309951171875,36.11934029701912
1789130155541008600,104.94700854492187,36.96055536366308
1789130155557019400,104.96301928710938,39.79062072549045
1789130155573027800,104.97902783203125,37.90596194343767
1789130155589035300,104.99503515625,34.145820912039134
1789130155605048300,105.01104833984375,34.238797263235746
1789130155621056300,105.02705615234375,37.43275350305121
1789130155637061600,105.0430615234375,36.473314709849
1789130155653067800,105.05906787109375,35.71565667148162
1789130155669076200,105.075076171875,35.67640743167378
1789130155685081600,105.09108154296875,35.25635907399036
1789130155701091000,105.10709106445313,36.364901409929814
1789130155717104400,105.1231044921875,35.72739869780563
1789130155733113000,105.13911303710937,35.45547429572262
1789130155749126400,105.15512646484375,35.68870870155792
1789130155765135000,105.17113500976562,34.857883136815296
1789130155781135000,105.18713500976563,37.46670938936488
1789130155797140200,105.20314013671874,39.04793451200898
1789130155813142500,105.219142578125,40.990119038428944
1789130155829148000,105.23514794921876,42.70283576847585
1789130155845158000,105.25115795898438,40.513799551757714
1789130155861167000,105.2671669921875,39.41013175887299
1789130155877171700,105.28317163085937,39.62619317111139
1789130155893177900,105.299177734375,39.19047777746734
1789130155909182000,105.31518188476562,36.1546033736024
1789130155925181000,105.33118090820312,35.47103864702754
1789130155941183200,105.34718334960938,36.47730856731916
1789130155957184300,105.36318432617188,35.590779807457714
1789130155973188600,105.37918872070313,37.437164784112646
1789130155989195800,105.39519580078125,43.172874806497376
1789130156005200600,105.41120068359375,45.07837925510248
1789130156021205200,105.42720532226562,41.23802023918471
1789130156037209000,105.443208984375,38.15722718175083
1789130156053217500,105.45921752929688,36.46530494292743
1789130156069224700,105.475224609375,38.09359287520746
1789130156085233400,105.4912333984375,40.02331516335693
1789130156101244000,105.50724389648437,40.1559988456621
1789130156117254000,105.52325390625,41.09046680354778
1789130156133264100,105.53926416015625,41.39435045040459
1789130156149277200,105.55527709960937,40.891889095011976
1789130156165286400,105.57128637695313,42.18444339717321
1789130156181295400,105.58729541015624,40.79235968087318
1789130156197305300,105.60330541992188,35.31874803643868
1789130156213315000,105.61931518554688,38.37851820128405
1789130156229319200,105.63531909179687,40.68697277136737
1789130156245324800,105.65132470703125,37.09502883330193
1789130156261331000,105.6673310546875,34.57292672701304
1789130156277340700,105.68334057617187,32.95636480211633
1789130156293351700,105.6993515625,32.9455894714926
1789130156309369900,105.71536987304688,34.053950307682776
1789130156325387300,105.73138720703125,36.000749754513144
1789130156341400300,105.747400390625,36.26039184413805
1789130156357409000,105.76340893554688,38.775751921447615
1789130156373420300,105.77942016601563,45.17103287064081
1789130156389438000,105.79543798828125,45.68003604006113
1789130156405457400,105.81145751953125,44.475969719164475
1789130156421477400,105.82747729492188,45.1779350504243
1789130156437489700,105.84348974609375,39.07541935447945
1789130156453497000,105.8594970703125,33.79405267457464
1789130156469507000,105.87550708007812,36.794474496594134
1789130156485515300,105.89151538085937,40.0651915605624
1789130156501522000,105.90752197265626,38.11357236133116
1789130156517524700,105.92352465820312,37.23483404754772
1789130156533534000,105.93953393554688,37.75010736691596
1789130156549546000,105.9555458984375,36.61005445365914
1789130156565560300,105.97156030273437,38.16464751171679
1789130156581570800,105.98757080078126,39.37189967039836
1789130156597582600,106.00358251953125,38.051344773239904
1789130156613597700,106.01959765625,36.91942054026398
1789130156629610000,106.03560986328125,36.11934032858827
1789130156645619200,106.051619140625,35.43528400044757
1789130156661631500,106.06763159179687,35.164140930195785
1789130156677639200,106.08363916015625,36.273863197150256
1789130156693649000,106.09964892578125,38.01715663885587
1789130156709652700,106.11565283203124,36.96834303172522
1789130156725657000,106.13165698242187,34.300656065499865
1789130156741666000,106.147666015625,33.72361329588199
1789130156757668000,106.16366821289063,34.396142938681024
1789130156773670700,106.17967065429687,35.28214917781731
1789130156789676000,106.19567602539063,34.25535895251274
1789130156805681400,106.21168139648438,33.857110785685904
1789130156821686300,106.22768627929688,34.52717601322773
1789130156837697000,106.24369702148438,35.001956483517574
1789130156853706000,106.2597060546875,35.62293945492825
1789130156869708500,106.27570849609376,34.35938181616321
1789130156885716200,106.29171630859375,35.63609857008931
1789130156901720300,106.30772021484376,35.88627235084753
1789130156917720600,106.32372045898437,33.528125416557316
1789130156933723000,106.33972290039063,34.43623164887712
1789130156949726500,106.3557265625,32.88222998284233
1789130156965731000,106.37173095703125,32.06621988072653
1789130156981741300,106.3877412109375,32.40168114754673
1789130156997753000,106.40375317382812,34.35078248260204
1789130157013761800,106.41976171875,35.61710909792288
1789130157029772500,106.4357724609375,32.762031713491034
1789130157045785900,106.45178588867188,33.411784286654914
1789130157061793000,106.46779296875,35.928502255592996
1789130157077803300,106.48380322265625,34.58283642190502
1789130157093814500,106.499814453125,33.90328755150588
1789130157109825800,106.51582568359375,33.96464436672661
1789130157125835500,106.53183544921875,34.47489189239418
1789130157141849900,106.54784985351563,35.18648126232257
1789130157157862400,106.5638623046875,35.25942279048179
1789130157173875500,106.57987548828125,36.56455423791729
1789130157189890000,106.59589013671875,34.653944456362055
1789130157205901800,106.61190185546874,32.446021508571704
1789130157221910800,106.62791088867188,34.41836474471895
1789130157237921300,106.64392138671874,34.20135511495437
1789130157253927200,106.65992724609374,33.17143053895099
1789130157269934600,106.6759345703125,33.81120091841119
1789130157285937700,106.69193774414063,32.905244119018576
1789130157301935000,106.70793505859375,33.41178428665491
1789130157317940000,106.72393994140624,35.0383225503265
1789130157333947000,106.73994677734375,33.69006851964254
1789130157349953800,106.75595385742187,31.644659179876196
1789130157365959000,106.771958984375,31.933464495869867
1789130157381963800,106.7879638671875,33.13170631758633
1789130157397967600,106.80396752929687,36.26586636404041
1789130157413972200,106.81997216796876,39.80557155163059
1789130157429976300,106.83597631835937,37.78262166138315
1789130157445983200,106.85198315429687,37.50190071735233
1789130157461990700,106.86799072265624,39.852895467174555
1789130157477996300,106.88399633789062,38.05977346717504
1789130157494007800,106.9000078125,37.60735242994631
1789130157510020000,106.91602001953125,37.694241350284194
1789130157526035700,106.93203564453125,37.35740172972979
1789130157542046200,106.94804614257812,36.253835873070734
1789130157558061300,106.96406127929687,35.47774504537772
1789130157574073300,106.9800732421875,31.96502538683048
1789130157590083800,106.99608374023437,28.993298947320397
1789130157606093800,107.01209375,28.10244061486226
1789130157622104300,107.02810424804687,26.901093525854737
1789130157638110000,107.04410986328125,27.969078378686213
1789130157654120000,107.06011987304687,28.943922039746983
1789130157670127400,107.07612744140626,28.833005338616996
1789130157686134500,107.09213452148437,27.877373588961056
1789130157702146800,107.10814672851562,26.56505117707799
1789130157718158300,107.12415844726563,26.449769097176613
1789130157734164500,107.14016455078125,26.56505117707799
1789130157750178000,107.15617797851563,26.97809298269936
1789130157766193200,107.17219311523438,26.56505117707799
1789130157782208500,107.18820849609375,26.684293840016906
1789130157798221600,107.2042216796875,28.18280827728817
1789130157814235400,107.2202353515625,31.976920129374836
1789130157830245600,107.23624560546875,35.33411249902204
1789130157846257700,107.25225756835937,32.9785888222611
1789130157918308400,107.32430834960938,35.85522744497279
1789130157950323000,107.35632299804688,40.221678740410866
1789130157966338600,107.37233862304687,39.10590633189115
1789130157982348000,107.38834814453125,38.48757667080949
1789130157998360600,107.40436059570312,35.352807755245195
1789130158014367200,107.4203671875,29.821376695006578
1789130158030374400,107.43637451171875,31.3884778446479
1789130158046390300,107.45239038085937,31.511017557036705
1789130158062399200,107.46839916992188,29.054602604914887
1789130158078406700,107.48440673828125,28.6861490083911
1789130158094422300,107.50042236328125,28.536410891231608
1789130158110435800,107.51643579101562,30.26481883269088
1789130158126444300,107.5324443359375,32.93449133278039
1789130158142456800,107.54845678710937,33.19756598660106
1789130158158469400,107.56446948242187,32.66349019562328
1789130158174483200,107.58048315429687,30.901457174905822
1789130158190493700,107.59649365234375,30.35357791230978
1789130158206500400,107.61250024414062,29.77504583642375
1789130158222510800,107.6285107421875,27.357109642103914
1789130158238517500,107.644517578125,26.20176752108091
1789130158254528800,107.66052880859375,26.984025247685445
1789130158270543000,107.67654321289062,28.5529428704684
1789130158286557400,107.69255737304688,31.19038370008424
1789130158302572500,107.70857250976563,30.565598191239648
1789130158318584000,107.724583984375,28.601378011685295
1789130158334599700,107.740599609375,28.231917897795935
1789130158350612000,107.75661206054687,28.29306069469537
1789130158366630100,107.77263012695313,29.389012580707668
1789130158382644200,107.78864428710938,29.7874178817526
1789130158398658000,107.80465795898438,30.684072182449345
1789130158414672100,107.82067211914062,29.943529516499744
1789130158430686200,107.83668627929687,29.901387620126116
1789130158446697500,107.85269750976562,28.65595505918543
1789130158462703600,107.86870361328126,29.185916562578832
1789130158478708700,107.88470874023437,30.84658659205542
1789130158494719200,107.90071923828125,30.23151895551526
1789130158510728700,107.91672875976562,31.92920921001501
1789130158526740700,107.93274072265625,31.28906654282191
1789130158542750200,107.94875024414063,33.78862685378306
1789130158558759400,107.96475952148438,35.784521729942355
1789130158574765600,107.980765625,36.20258913244978
1789130158590777600,107.99677758789062,38.2192271930542
1789130158606792200,108.01279223632812,39.04063287080792
1789130158622805000,108.02880493164062,39.13520209484487
1789130158638819300,108.0448193359375,39.51573640807488
1789130158654838800,108.0608388671875,38.74927555688032
1789130158670852600,108.0768525390625,38.49652146697907
1789130158686866400,108.09286645507812,42.12916648564261
1789130158702879000,108.10887890625,40.48601175092095
1789130158718888000,108.12488793945313,37.07925971555443
1789130158734898000,108.14089794921875,39.77557999114273
1789130158782922200,108.18892211914063,40.67919559354611
1789130158798931000,108.20493090820312,43.19126033188338
1789130158814943700,108.22094384765624,42.91743396862511
1789130158830955800,108.23695581054687,43.353525624749054
1789130158846967800,108.2529677734375,40.90222990714549
1789130158862974700,108.268974609375,38.41144326781025
1789130158878987300,108.2849873046875,39.63050123399592
1789130158894996000,108.30099584960938,39.141759421703696
1789130158911007500,108.31700756835937,38.56526048293772
1789130158927017700,108.33301782226563,38.001697174622905
1789130158943035000,108.34903491210937,39.06397071254801
1789130158959049000,108.36504907226562,39.62030004666689
1789130158975062300,108.38106225585938,42.32924636893562
1789130158991069000,108.39706884765624,43.73818295572872
1789130159007079200,108.4130791015625,39.94056112735567
1789130159023087400,108.42908740234375,41.60437742045409
1789130159039100000,108.44509985351563,42.46788664337899
1789130159055116800,108.46111669921875,42.81296260340423
1789130159071126000,108.4771259765625,44.09323626157775
1789130159087134200,108.49313427734376,42.32144857363693
1789130159103145200,108.50914526367187,42.31360514404923
1789130159119157500,108.52515747070312,42.04922033937677
1789130159135165700,108.54116577148437,40.51043102598098
1789130159151177200,108.55717724609374,39.82092108213459
1789130159167187700,108.57318774414063,41.42909612076451
1789130159183199000,108.58919897460937,41.82993421046419
1789130159199213000,108.60521313476562,41.92254400062708
1789130159215223800,108.62122387695312,40.92083775797196
1789130159231226400,108.63722631835938,41.383198237342775
1789130159247233300,108.6532333984375,45
1789130159263242000,108.66924194335938,43.854238193529746
1789130159279252000,108.685251953125,41.905941692350574
1789130159295262200,108.70126220703125,44.10014191563926
1789130159311269000,108.71726904296875,44.898229071541586
1789130159327284700,108.73328466796875,44.38393903877776
1789130159343295200,108.74929516601563,47.66547515159473
1789130159359313000,108.76531298828125,47.413335899048484
1789130159375327700,108.78132763671876,44.21823458857504
1789130159391339800,108.79733984375,47.28149341553438
1789130159407351600,108.8133515625,49.12759066260132
1789130159423360800,108.82936083984374,49.794232443042894
1789130159439367700,108.84536767578125,50.15008343624139
1789130159455374800,108.86137475585937,51.666659587842496
1789130159471381800,108.8773818359375,53.23402352836272
1789130159487390200,108.89339013671875,53.99714417683876
1789130159503395300,108.90939526367187,53.773466236464586
1789130159519404800,108.92540478515625,50.59933895118932
1789130159535418000,108.94141821289062,48.2350159930332
1789130159551429400,108.95742944335937,48.66778857728978
1789130159567442000,108.97344189453125,51.873029669991034
1789130159583451400,108.98945141601563,54.99241367499001
1789130159599467000,109.00546704101562,51.58194490445499
1789130159615469600,109.02146948242188,52.51842649888208
1789130159631480300,109.03748022460937,60.0964775858494
1789130159647489800,109.05348974609375,62.949402665914974
1789130159663500000,109.0695,58.43552275074186
1789130159679509500,109.08550952148437,55.02448664952951
1789130159695515000,109.10151489257812,57.750025743500935
1789130159711524400,109.1175244140625,56.25643550448491
1789130159727538000,109.13353784179688,50.82072545618434
1789130159743550000,109.14955004882812,48.64627003184257
1789130159759559700,109.1655595703125,48.187513907159214
1789130159775565800,109.18156591796875,47.76576148438299
1789130159791582000,109.19758203125,51.27868218247121
1789130159807597000,109.21359716796874,52.68057340471661
1789130159823607300,109.22960717773438,50.7251762602444
1789130159839616000,109.24561596679688,45.15117450434252
1789130159855621400,109.26162133789063,42.412121246014834
1789130159871628000,109.2776279296875,44.831976493070634
1789130159887633400,109.29363330078125,39.427802061874175
1789130159903641300,109.30964135742188,35.65532681923773
1789130159919645000,109.32564501953125,38.05587039243434
1789130159935648000,109.34164794921875,35.32029668159296
1789130159951651000,109.35765112304688,32.988520430405615
1789130159967656700,109.37365673828126,25.46334515539101
1789130159983661600,109.38966162109375,13.311782993602435
1789130159999673000,109.40567309570312,4.3250602109341
1789130160015687000,109.42168701171875,0.48969558351465614
1789130160031695600,109.43769555664062,2.923202924782315
1789130160047702000,109.45370190429688,9.764558286498556
1789130160063707100,109.46970703125,20.658910241874533
1789130160079713000,109.48571313476563,24.713176443764645
1789130160095722200,109.50172216796875,22.921419162784048
1789130160111730000,109.51772998046874,22.29914197086093
1789130160127730200,109.53373022460937,22.091365138814854
1789130160143731700,109.54973168945313,18.212872603268
1789130160159731700,109.56573168945313,11.633633857235267
1789130160175735600,109.58173559570312,6.927217792867447
1789130160191733800,109.59773364257812,1.8676787655405487
1789130160207740200,109.613740234375,355.0607842641279
1789130160223747300,109.62974731445313,14.796762567057405
1789130160239749400,109.64574926757813,43.06941181236424
1789130160255756500,109.66175659179687,48.01278700103865
1789130160271763200,109.67776318359375,76.21840253499145
1789130160287763500,109.69376342773438,101.94417702726193
1789130160303768000,109.70976806640626,109.65382371465516
1789130160319773000,109.72577294921875,82.23483392384826
1789130160335781000,109.74178100585938,79.21570250608013
1789130160351790300,109.75779028320312,94.93921573587214
1789130160367798300,109.77379833984375,96.61346054719567
1789130160383806500,109.78980639648438,104.47029368359095
1789130160399811600,109.8058115234375,113.72039675513518
1789130160415815200,109.82181518554688,108.43494841636314
1789130160431821000,109.83782104492188,98.13010224031949
1789130160447826400,109.85382641601562,109.17900768986833
1789130160463833600,109.86983349609375,126.1796188949122
1789130160479846100,109.88584619140624,129.5596675426406
1789130160495857000,109.90185693359375,122.34744386054112
1789130160511858700,109.91785864257812,121.30412361700039
1789130160527867100,109.9338671875,128.80358701175217
1789130160543878000,109.9498779296875,136.95806757874567
1789130160559888600,109.965888671875,138.84603031411922
1789130160575900400,109.981900390625,137.34687394125794
1789130160591914200,109.99791430664062,141.59060814049866
1789130160607931000,110.01393090820312,146.05145588890284
1789130160623938000,110.02993798828125,146.07020216342323
1789130160639946500,110.04594653320312,143.07589509178152
1789130160655960000,110.0619599609375,145.17551135059443
1789130160671971300,110.07797143554687,148.17255231590468
1789130160687981300,110.09398120117187,148.9316901697653
1789130160703990800,110.10999072265625,149.82647923414555
1789130160720004000,110.12600415039063,143.381397390704
1789130160736016100,110.14201611328124,140.11284964223634
1789130160752028400,110.1580283203125,143.130103146062
1789130160768043000,110.17404296875,146.0564132120354
1789130160784055000,110.19005493164063,145.5182072086408
1789130160800065500,110.2060654296875,146.44933730516573
1789130160816072000,110.22207202148438,145.3389114583407
1789130160832082200,110.23808227539062,142.2531959162531
1789130160848087300,110.25408740234376,142.14892039511724
1789130160864094500,110.27009448242187,142.97677014633567
1789130160880105000,110.28610498046875,144.88798955948562
1789130160896120600,110.30212060546874,145.91112876665926
1789130160912136400,110.31813647460937,148.70229856964124
1789130160928153600,110.33415356445313,150.12400664962428
1789130160944162300,110.35016235351563,149.85163558340932
1789130160960171500,110.36617163085937,151.9426112319091
1789130160976184000,110.38218408203124,150.60394728218847
1789130160992195600,110.39819555664063,150.70382678722513
1789130161008204000,110.4142041015625,150.65578183895443
1789130161024218000,110.43021801757813,150.70273353661284
1789130161040229600,110.44622973632812,151.34568493291724
1789130161056239900,110.46223999023438,148.2010869783583
1789130161072250600,110.47825073242187,148.29857004536845
1789130161088257800,110.4942578125,149.9667190640825
1789130161104268300,110.51026831054688,148.53585649213426
1789130161120272600,110.52627270507813,149.74356283647074
1789130161136272600,110.54227270507812,155.20641784739863
1789130161152281000,110.55828100585937,159.08319576102375
1789130161168288800,110.57428881835938,161.85200641954833
1789130161184300300,110.59030029296875,163.67903661501856
1789130161200312000,110.60631201171876,164.4423141461795
1789130161216322800,110.62232275390625,162.46022546522389
1789130161232339000,110.6383388671875,163.67314655361645
1789130161248351500,110.6543515625,169.20048477986097
1789130161264364000,110.67036401367187,166.81423850048537
1789130161280376000,110.6863759765625,166.39945707301885
1789130161296387600,110.7023876953125,168.99645982534483
1789130161312395000,110.71839501953124,166.57816437579618
1789130161328398600,110.73439868164063,166.11881901449468
1789130161344400400,110.750400390625,166.3452143887537
1789130161360408000,110.76640795898437,167.6417146527057
1789130161376411100,110.7824111328125,163.03385167206804
1789130161392419600,110.79841967773437,161.00334524278082
1789130161408429300,110.81442919921875,165.44357556924683
1789130161424441600,110.83044165039063,166.7787202850582
1789130161440448800,110.84644873046875,169.03480259483908
1789130161456454000,110.86245385742187,177.55593205643345
1789130161472452600,110.87845263671875,181.97493400524874
1789130161488462300,110.89446240234375,172.45057863771564
1789130161504470300,110.91047021484376,167.71904544904024
1789130161520476700,110.9264765625,172.4291107944666
1789130161536483300,110.9424833984375,169.159695042772
1789130161552490000,110.95848999023437,168.9234502719701
1789130161568498400,110.97449853515624,174.0458925179735
1789130161584507400,110.99050732421875,172.8749836510982
1789130161600511200,111.00651123046875,170.70669102188094
1789130161616509200,111.02250927734374,172.96658345520075
1789130161632514300,111.03851440429688,176.63353933657018
1789130161648521200,111.05452124023438,172.1582964283818
1789130161664524800,111.07052490234375,167.2212667885804
1789130161680528000,111.08652783203125,166.5042672789146
1789130161696529000,111.10252880859375,167.83497037934595
1789130161712534300,111.1185341796875,168.17851213125385
1789130161728536000,111.1345361328125,168.62852590533308
1789130161744538600,111.15053857421876,172.3331955176526
1789130161760540200,111.1665400390625,173.06565167231722
1789130161776544300,111.18254418945313,175.86081090112063
1789130161792547300,111.19854736328125,173.05586932307108
1789130161808551700,111.2145517578125,169.88796007849385
1789130161824555500,111.23055541992187,172.5525830685238
1789130161840557000,111.24655712890625,170.95242807216482
1789130161856552400,111.26255249023437,170.6553279913451
1789130161872550700,111.27855053710938,169.57147151427358
1789130161888553200,111.29455322265625,167.74881972568954
1789130161904552400,111.31055249023437,164.34607758958126
1789130161928554500,111.33455444335938,166.68391694334414
1789130161944561000,111.35056079101562,159.7617314676856
1789130161960564000,111.36656396484375,156.76521481023258
1789130161976565200,111.38256518554688,163.00917722216593
1789130161992563000,111.39856298828126,169.3034896441744
1789130162008567000,111.41456713867187,169.4220294925139
1789130162024571400,111.4305712890625,167.90524343557246
1789130162040577000,111.44657690429688,167.56455865734702
1789130162056580400,111.46258032226562,163.76115835052556
1789130162072579800,111.47857983398437,160.5885120942485
1789130162088575500,111.49457543945313,159.13237960671626
1789130162104580400,111.51058032226562,157.587309786078
1789130162120583400,111.52658349609375,160.54367930636593
1789130162136587000,111.5425869140625,165.13464190875354
1789130162152592600,111.55859252929687,168.84533996762266
1789130162168595200,111.57459521484375,171.33939585586802
1789130162184603400,111.59060327148437,174.8347590144724
1789130162200611300,111.606611328125,179.4212744529014
1789130162216612000,111.62261206054687,182.95077908788977
1789130162232617500,111.63861743164063,185.57219759433562
1789130162248630300,111.65463037109375,185.09569972024738
1789130162264643300,111.67064331054688,180
1789130162280652000,111.68665209960938,180.3493601662768
1789130162296666000,111.702666015625,183.78888987539924
1789130162312674300,111.71867431640625,180.77948633066498
1789130162328689200,111.73468920898438,180
1789130162344708900,111.750708984375,182.26050184226872
1789130162360729300,111.76672924804687,183.07333258648714
1789130162376744700,111.78274462890624,177.62815774157465
1789130162392759000,111.79875903320313,175.77559672443536
1789130162408779800,111.81477978515625,170.7889732323206
1789130162424794600,111.83079467773437,163.24713234801447
1789130162440814600,111.84681469726563,162.57013664992766
1789130162456833500,111.86283349609376,162.39236962605816
1789130162472850000,111.87884985351562,163.33223618120985
1789130162488866800,111.89486669921875,169.6634457576274
1789130162504889600,111.9108896484375,176.76029991934428
1789130162520915700,111.92691577148437,177.49490706174672
1789130162536938000,111.94293798828124,177.91743472966468
1789130162552956700,111.95895678710937,182.1747441259937
1789130162568978200,111.97497827148437,188.86826235248392
1789130162584997000,111.9909970703125,181.84761011807817
1789130162601018600,112.0070185546875,177.6694811358626
1789130162617034200,112.0230341796875,180.6585431893119
1789130162633046800,112.039046875,174.45153380938802
1789130162649059600,112.0550595703125,168.95906022740007
1789130162665071400,112.0710712890625,167.70473336265417
1789130162681084000,112.087083984375,165.32360746645708
1789130162697099300,112.10309936523437,164.61670376783434
1789130162713118500,112.11911840820312,156.86857965723362
1789130162729134800,112.135134765625,155.53321004829616
1789130162745151500,112.1511513671875,167.0619440777363
1789130162761170700,112.16717065429688,167.70473336265417
1789130162777182500,112.18318237304688,163.87978931190392
1789130162793192700,112.19919262695312,166.95436329053098
1789130162809202400,112.21520239257812,170.25290989834835
1789130162825214200,112.23121411132813,170.53767710827174
1789130162841222000,112.24722192382812,173.29016319224309
1789130162857233400,112.2632333984375,172.8282875053216
1789130162873240000,112.27923999023437,168.62289855915728
1789130162889251000,112.2952509765625,167.50752366782726
1789130162905261000,112.31126098632812,170.31920091095927
1789130162921278200,112.3272783203125,168.5696978109484
1789130162937293000,112.34329296875,173.97246972185172
1789130162953308400,112.35930834960938,174.59620887669502
1789130162969322500,112.37532250976562,166.2777025763561
1789130162985333500,112.39133349609375,172.21895404430913
1789130163001350000,112.40734985351563,175.9143833250888
1789130163017369900,112.42336987304688,170.6900596859831
1789130163033385500,112.43938549804687,171.63411372174355
1789130163049404400,112.455404296875,175.60129482762986
1789130163065419000,112.4714189453125,176.65805632558568
1789130163081438500,112.4874384765625,178.38646100929802
1789130163097454300,112.50345434570312,176.9151877346216
1789130163113467000,112.519466796875,170.38543026317902
1789130163129471200,112.53547119140624,168.56631884502715
1789130163145477600,112.5514775390625,170.6432914972608
1789130163161484000,112.56748413085937,168.7526857827516
1789130163177488600,112.58348852539062,167.60459396615235
1789130163193496000,112.59949609375,168.88695993006948
1789130163209508000,112.61550805664062,170.9097234639604
1789130163225517300,112.63151733398438,169.03480259483908
1789130163241524000,112.64752392578124,166.38319133014406
1789130163257536500,112.66353662109375,165.96375653207352
1789130163273542400,112.67954248046875,165.88494603373937
1789130163289544000,112.6955439453125,164.85207670300582
1789130163305546200,112.71154614257813,165.20891457733129
1789130163321549000,112.72754907226563,168.14699523399122
1789130163337548500,112.74354858398438,167.65080142180796
1789130163353552100,112.75955224609375,167.2863678689468
1789130163369555200,112.77555517578125,170.13419320611158
1789130163385559600,112.7915595703125,169.91182989266812
1789130163401566000,112.80756591796874,168.76555621891765
1789130163417573000,112.82357299804687,167.05737537546824
1789130163433577000,112.83957690429688,165.00492050954585
1789130163449575400,112.85557543945312,167.10625615923846
1789130163465572600,112.87157250976563,169.26733464531517
1789130163481571800,112.88757177734375,168.84005569888984
1789130163497576000,112.90357592773438,169.20048477986097
1789130163513576000,112.91957592773437,174.0458925179735
1789130163529578200,112.935578125,173.05586932307108
1789130163545582000,112.95158203125,169.33965174350652
1789130163561581800,112.96758178710938,165.3661696073359
1789130163577585000,112.9835849609375,164.2328178223381
1789130163593586200,112.99958618164062,170.60755114777658
1789130163609588200,113.01558813476562,173.7060518596944
1789130163625591000,113.03159106445312,170.59686803932954
1789130163641596700,113.0475966796875,170.2420366079942
1789130163657600000,113.06360009765625,171.92410382818554
1789130163673606000,113.07960595703125,171.51105657841336
1789130163697618000,113.10361791992187,171.4912966630196
1789130163713626000,113.11962622070313,173.33869872223286
1789130163729632500,113.13563256835937,168.54124809341462
1789130163745637600,113.1516376953125,167.0619440777363
1789130163761640400,113.16764038085938,167.2424686615113
1789130163777642000,113.18364208984374,169.99201947699999
1789130163793642000,113.19964208984375,169.35937981697697
1789130163809645300,113.21564526367187,167.99522382354368
1789130163825650400,113.231650390625,168.34615931179857
1789130163841651000,113.24765087890626,167.70473336265417
1789130163857655800,113.26365576171875,169.33542416732726
1789130163873661700,113.27966162109375,168.11134207360462
1789130163889671000,113.2956708984375,165.96375653207352
1789130163905682200,113.31168212890626,165.88494603373937
1789130163921688000,113.32768798828126,169.56252483949885
1789130163937691000,113.34369091796874,172.2925148331673
1789130163953695500,113.35969555664063,171.02737347300825
1789130163969696800,113.37569677734375,169.45193432544582
1789130163985700600,113.39170068359375,166.40516257249195
1789130164001705200,113.40770532226563,165.50613193556575
1789130164017714200,113.42371411132812,169.08411705313367
1789130164033723400,113.43972338867188,175.47523183749055
1789130164049725000,113.45572485351562,177.3162248959934
1789130164065727500,113.4717275390625,169.522576641531
1789130164081731800,113.48773193359375,169.75591285757474
1789130164097736400,113.503736328125,169.4220294925139
1789130164113740000,113.51973999023437,168.043416360038
1789130164129747200,113.53574731445312,171.17362890854736
1789130164145748200,113.55174829101563,176.6553498348109
1789130164161752000,113.567751953125,176.26049659590979
1789130164177755000,113.5837548828125,171.92165590348705
1789130164193760000,113.59976000976563,168.56274440957915
1789130164209766100,113.61576611328125,171.1507414177141
1789130164225773000,113.63177294921876,175.7205365378576
1789130164241777700,113.64777758789063,173.61583614570685
1789130164257780000,113.66378002929687,170.0737542172137
1789130164273783300,113.679783203125,170.2420366079942
1789130164289790500,113.69579052734375,176.50536099839772
1789130164305790700,113.71179077148437,175.27201243043478
1789130164321797000,113.72779711914062,167.7995316896754
1789130164337811000,113.74381103515626,168.39848771584815
1789130164353817900,113.75981787109374,172.32552061245295
1789130164369821200,113.7758212890625,170.4698725036359
1789130164385823200,113.7918232421875,166.78091507354577
1789130164401827600,113.80782763671876,166.3099500646048
1789130164417836300,113.82383618164063,168.986166546444
1789130164433842400,113.83984252929687,167.39139328171143
1789130164449850400,113.85585034179688,164.9728907677195
1789130164465864400,113.87186450195313,165.09174141401277
1789130164481875200,113.88787524414063,162.8719534557815
1789130164497883100,113.90388305664062,163.19497803809352
1789130164513893000,113.91989306640625,163.19497803809352
1789130164529901300,113.9359013671875,163.23338841952645
1789130164545907500,113.95190747070312,161.45835492547383
1789130164561919200,113.96791918945313,160.25316329512444
1789130164577928700,113.9839287109375,162.84324320707412
1789130164593934600,113.9999345703125,159.79143164784426
1789130164609942500,114.01594262695312,158.91960313041608
1789130164625956600,114.03195654296874,163.6476166447199
1789130164641965600,114.04796557617188,164.43848970852625
1789130164657967900,114.0639677734375,161.11391305373706
1789130164673979000,114.07997875976562,159.88741131268597
1789130164689988400,114.09598828125,157.69379465681763
1789130164705998300,114.11199829101562,155.50142629188426
1789130164722003000,114.1280029296875,153.1301872023661
1789130164738010000,114.14401000976562,152.47092791710648
1789130164754019000,114.16001904296876,151.71922942512896
1789130164770025200,114.17602514648438,149.1391102577866
1789130164786032600,114.19203271484375,151.16137231077036
1789130164802040800,114.20804077148438,158.33404168260972
1789130164818050800,114.22405078125,161.09542461625225
1789130164834062600,114.2400625,159.82934589190197
1789130164850076400,114.25607641601563,160.05097765087055
1789130164866083000,114.2720830078125,164.74488158883065
1789130164882094800,114.2880947265625,163.6769528294834
1789130164898111000,114.30411108398438,161.56505166148858
1789130164914128400,114.32012841796875,165.76271972483997
1789130164930141400,114.33614135742188,163.63215437351417
1789130164946151000,114.35215087890624,163.48218586648068
1789130164962156300,114.36815625,164.88652722306503
1789130164978165800,114.38416577148438,162.03086120032947
1789130164994178300,114.40017822265625,161.4497672629625
1789130165010188500,114.4161884765625,161.56505164171674
1789130165026194700,114.43219458007812,164.167613496935
1789130165042202600,114.44820263671875,167.47119257783123
1789130165058215200,114.46421508789062,162.73419077038272
1789130165074227200,114.48022729492187,159.39675897169099
1789130165090240000,114.49623999023437,161.565051177078
1789130165106250800,114.51225073242188,161.3282937952068
1789130165122264600,114.5282646484375,158.88309551457667
1789130165138276600,114.54427661132813,155.63754841955443
1789130165154281000,114.56028100585938,155.80241850293893
1789130165170280400,114.57628051757813,157.0112833396613
1789130165186284000,114.59228393554687,156.525382664557
1789130165202290400,114.60829052734375,158.02028489199805
1789130165218297900,114.6242978515625,156.91938173962845
1789130165234307600,114.6403076171875,158.14433278397155
1789130165250320100,114.65632006835938,159.10223390997336
1789130165266335500,114.67233544921875,157.48727980887523
1789130165282347800,114.68834765625,154.05770639283455
1789130165298360800,114.70436083984374,154.7594708492588
1789130165314373600,114.72037353515626,158.8274205362099
1789130165330385000,114.73638500976563,159.40182524183598
1789130165346398200,114.75239819335937,157.5641125596176
1789130165362415400,114.76841528320313,153.7185887276007
1789130165378428400,114.78442846679687,153.7333613650033
1789130165394445300,114.8004453125,156.07495816650666
1789130165410468000,114.81646801757813,158.06151802077164
1789130165426489300,114.8324892578125,158.45902435428718
1789130165442506000,114.84850610351563,157.13150410770098
1789130165458521600,114.864521484375,158.33404168260972
1789130165474541600,114.88054150390624,156.84911558927078
1789130165490557200,114.89655712890625,157.43745851168623
1789130165506567400,114.9125673828125,158.00259624998557
1789130165522575000,114.9285751953125,156.25050657530403
1789130165538579200,114.9445791015625,154.92281497028557
1789130165554588000,114.960587890625,154.04935663392015
1789130165570599000,114.97659887695312,156.70543511590031
1789130165586608000,114.99260815429687,156.94172582294573
1789130165602623500,115.00862353515625,156.03750999854626
1789130165618638800,115.02463891601562,156.56006355980267
1789130165634655700,115.04065576171875,154.52173052664295
1789130165650666000,115.056666015625,153.9177678231667
1789130165666676000,115.07267602539062,155.88898078499696
1789130165682688300,115.08868823242187,156.22365647479427
1789130165698700500,115.10470043945313,156.19405664640325
1789130165714712000,115.12071215820312,156.80140909381217
1789130165730720300,115.13672021484375,155.65064519312762
1789130165746736400,115.152736328125,151.90742483678068
1789130165762747600,115.16874755859375,150.4077019876055
1789130165778761700,115.18476171875,150.5241104375902
1789130165794780200,115.2007802734375,149.35933709123958
1789130165810796300,115.21679638671876,147.7500270359172
1789130165826810600,115.232810546875,148.83485214052834
1789130165842821600,115.24882153320313,149.20393602314542
1789130165858827800,115.26482788085937,146.74136803969378
1789130165874837500,115.28083740234375,146.66635612923142
1789130165890851000,115.29685107421875,147.68038295006377
1789130165906863900,115.31286376953125,146.22416049266744
1789130165922875000,115.328875,145.7842983657529
1789130165938888200,115.34488818359375,146.40249488325014
1789130165954898400,115.3608984375,145.39733435667495
1789130165970911000,115.37691088867187,144.84113217387818
1789130165986927900,115.39292797851563,145.00797929210583
1789130166002942200,115.40894213867188,144.0446657057825
1789130166018956800,115.42495678710938,145.1092996063292
1789130166034973000,115.44097290039062,143.81290051547867
1789130166050991400,115.45699145507812,144.2050631060065
1789130166067005400,115.47300537109375,146.9620515228559
1789130166083018000,115.48901806640625,145.28537752807887
1789130166099030800,115.50503076171876,144.78240724212873
1789130166115044400,115.52104443359374,145.8485003786624
1789130166131052500,115.53705249023437,146.76828912143245
1789130166147061000,115.55306103515625,143.2894055036797
1789130166163075800,115.56907592773437,140.69109769968156
1789130166179083000,115.5850830078125,142.53102307974154
1789130166195092500,115.60109252929688,143.35997273474854
1789130166211102200,115.61710229492188,143.92752837857674
1789130166227110400,115.6331103515625,144.75547495214627
1789130166243122000,115.64912182617188,146.23035576160606
1789130166259128800,115.66512890625,145.8043950583639
1789130166275134700,115.681134765625,143.84181485292453
1789130166291140400,115.69714038085938,141.04850725346188
1789130166307148000,115.71314794921875,139.7334397983681
1789130166323154200,115.729154296875,140.33215984467532
1789130166339168500,115.74516845703126,139.5437563615353
1789130166355185000,115.76118481445313,139.51399018160947
1789130166371197700,115.77719775390625,139.68590003399112
1789130166387212300,115.79321240234376,140.5275409027423
1789130166403223000,115.80922314453124,142.90716291839468
1789130166419230700,115.82523071289063,144.57159584440905
1789130166435240200,115.841240234375,144.62995086243953
1789130166451249400,115.85724951171875,145.03021453548712
1789130166467257600,115.87325756835938,148.4343030250408
1789130166483267600,115.889267578125,146.04630369777658
1789130166499276000,115.90527612304687,144.05788635648057
1789130166515279600,115.92127954101562,144.59890402590517
1789130166531278800,115.93727880859375,145.86852434240427
1789130166547287600,115.95328759765626,148.7562074972373
1789130166563291100,115.969291015625,145.59476573510784
1789130166579296500,115.98529663085938,143.80679384118022
1789130166595299800,116.0012998046875,144.33499908712776
1789130166611305700,116.0173056640625,144.35549347431362
1789130166627308300,116.03330834960937,144.8277239700496
1789130166643308800,116.04930883789062,142.2669552130911
1789130166659310600,116.065310546875,141.03954123383792
1789130166675312000,116.08131201171875,145.363692703013
1789130166691324000,116.09732397460938,145.4599098745942
1789130166707324200,116.11332421875,144.66866819976482
1789130166723326200,116.129326171875,146.30993379577916
1789130166739327700,116.14532763671875,143.9510708324555
1789130166755331600,116.16133154296875,142.30575936500702
1789130166771341300,116.17734130859375,144.67825813868672
1789130166787350800,116.19335083007813,144.69866259184207
1789130166803355100,116.20935522460937,144.7962106726847
1789130166819359000,116.22535888671875,144.91074411625033
1789130166835360300,116.2413603515625,142.90716291839465
1789130166851360500,116.25736059570312,142.67447902200155
1789130166867359000,116.27335888671875,143.01981235614872
1789130166883356200,116.28935620117187,140.97001338327817
1789130166899360800,116.30536083984374,140.38931188851143
1789130166915363300,116.32136328125,140.75456354330723
1789130166931366400,116.33736645507813,139.98633230566062
1789130166947368200,116.3533681640625,141.38156082456925
1789130166963367400,116.36936743164063,143.82386039002668
1789130166979368700,116.38536865234374,143.30130466667958
1789130166995373600,116.40137353515625,141.92721849181183
1789130167011372800,116.41737280273438,142.87769790456255
1789130167027374800,116.43337475585938,142.57088741318566
1789130167043388200,116.44938818359375,141.56876329650044
1789130167059398400,116.4653984375,141.09586307231754
1789130167075407400,116.48140747070312,141.5967397534708
1789130167091415300,116.49741528320313,142.91750323074348
1789130167107422500,116.51342236328125,143.23324322629185
1789130167123432700,116.5294326171875,143.34899613216828
1789130167139442200,116.54544213867187,145.90870910530288
1789130167155451600,116.56145166015625,147.71113257777722
1789130167171454700,116.57745483398438,146.65250508568718
1789130167187462000,116.5934619140625,144.65183379447967
1789130167203475500,116.60947534179688,143.95370629977478
1789130167219487200,116.6254873046875,144.7962106726847
1789130167235498500,116.64149853515624,149.14579495640425
1789130167251510800,116.6575107421875,154.01809130639953
1789130167267521800,116.67352172851562,155.96982669279217
1789130167283531800,116.68953173828125,153.12607998590076
1789130167299541800,116.70554174804687,152.2567966108259
1789130167315552800,116.721552734375,153.15613971403238
1789130167331560700,116.73756079101562,154.9624752682065
1789130167347569700,116.75356958007812,155.8977656302139
1789130167371581700,116.77758178710937,146.60151241350056
1789130167387585300,116.79358520507813,146.30993247402023
1789130167403588000,116.80958813476562,149.28470559564954
1789130167419589400,116.82558935546875,152.7446711624413
1789130167435594200,116.84159423828125,155.96106596059286
1789130167451599000,116.85759912109376,158.34401053625902
1789130167467609300,116.873609375,156.52900767778252
1789130167483617500,116.88961743164063,158.54003976661687
1789130167499634000,116.90563403320313,161.81634709611336
1789130167515650000,116.92165014648438,163.92642595603505
1789130167531660000,116.93765991210938,166.75948039584148
1789130167547673300,116.95367333984375,161.97527608973212
1789130167563685000,116.96968505859375,161.05349528780533
1789130167579697200,116.985697265625,151.1134191462717
1789130167595704800,117.00170483398438,146.39063126531204
1789130167611709000,117.017708984375,154.67024718140456
1789130167627717400,117.03371728515626,159.69155832487783
1789130167643720400,117.04972045898438,159.2009722009328
1789130167659725000,117.06572509765626,161.19219872299027
1789130167675730000,117.08172998046875,156.85153656996033
1789130167691737600,117.09773754882812,154.20916951993226
1789130167707739600,117.11373974609376,158.60019001208303
1789130167723739100,117.1297392578125,163.4651619894085
1789130167739745800,117.14574584960937,163.98456032160033
1789130167755752400,117.16175244140625,163.15619215920205
1789130167771755800,117.177755859375,165.25643686861608
1789130167787761700,117.19376171875,164.82708482201573
1789130167803769000,117.20976904296874,166.50426706364138
1789130167819775000,117.22577490234374,166.90810689671474
1789130167835784000,117.24178393554688,164.89890199902297
1789130167851799000,117.25779907226563,166.5221767320607
1789130167867811600,117.2738115234375,161.56505068213673
1789130167883822800,117.28982275390625,160.9065070370923
1789130167899838200,117.30583813476562,165.30268044856288
1789130167915850000,117.32185009765625,168.6900669548937
1789130167931858700,117.33785864257813,168.49518427140134
1789130167947866400,117.35386645507812,166.32869252760315
1789130167963874300,117.36987426757813,170.86982387158048
1789130167979879200,117.38587915039062,167.47119270292626
1789130167995883800,117.4018837890625,166.6512731498647
1789130168011891700,117.4178916015625,170.7760778070193
1789130168027894500,117.43389453125,165.19601901855202
1789130168043900700,117.44990063476563,165.77922988046504
1789130168059909600,117.46590966796875,170.20015131286152
1789130168075916800,117.48191674804687,167.3578483442424
1789130168091927000,117.49792700195313,167.374163502652
1789130168107934700,117.51393481445312,162.55281166129174
1789130168123946200,117.5299462890625,154.9379929528661
1789130168139955700,117.54595581054687,153.25189601137143
1789130168155973600,117.5619736328125,162.01856928869063
1789130168171991800,117.57799169921876,168.00916506361213
1789130168188005600,117.59400561523438,165.96375653207352
1789130168204015900,117.61001586914062,167.96940384493436
1789130168220030500,117.62603051757813,167.9977048918836
1789130168236038100,117.6420380859375,160.39591298658758
1789130168252050400,117.65805053710938,160.55996560965644
1789130168268059000,117.67405883789063,169.2611034870592
1789130168284063200,117.69006323242188,167.7352256145683
1789130168300070700,117.70607055664063,166.1651474530195
1789130168316080400,117.72208032226563,162.38184055370775
1789130168332093400,117.73809350585938,162.31560827729564
1789130168348103400,117.754103515625,169.32364391847398
1789130168364105000,117.77010498046874,166.6286674220149
1789130168380112000,117.78611181640625,167.27564479359253
1789130168396122000,117.8021220703125,169.2611034870592
1789130168412131800,117.8181318359375,163.2234851707404
1789130168428136000,117.83413598632812,163.18737417489464
1789130168444143400,117.85014331054687,165.62999790841494
1789130168460153300,117.8661533203125,163.73979558310947
1789130168476161800,117.88216186523438,164.82708482201573
1789130168492170800,117.89817065429688,169.81337005159534
1789130168508173600,117.91417358398438,169.40523485693066
1789130168524177000,117.93017700195313,169.23746245418326
1789130168540180700,117.9461806640625,168.58901737037738
1789130168556185000,117.96218505859375,166.8972100908381
1789130168572194300,117.9781943359375,164.82007279485435
1789130168588199000,117.99419897460938,161.8278737707848
1789130168604203500,118.01020361328125,159.82054183367939
1789130168620208400,118.02620849609374,160.51386982889892
1789130168636213800,118.0422138671875,163.9925957604333
1789130168652213500,118.05821362304688,170.62790720785588
1789130168668213500,118.07421362304687,170.622939902626
1789130168684214300,118.09021435546875,165.96375653207352
1789130168700213500,118.10621362304687,167.63093790576957
1789130168716214800,118.12221484375,166.07522667704177
1789130168732220200,118.13822021484376,168.77754184777
1789130168788228400,118.19422827148438,166.60750249053322
1789130168804225800,118.21022583007813,164.35775421837874
1789130168820222000,118.22622192382812,164.11986206818705
1789130168836216000,118.24221606445313,162.40757523270761
1789130168852219100,118.25821923828126,165.85765345751534
1789130168868223500,118.27422338867187,166.0790395253951
1789130168884227600,118.2902275390625,162.61761136963415
1789130168900230000,118.30622998046876,162.32895015599843
1789130168916230000,118.32222998046875,161.88693516252096
1789130168932232700,118.33823266601563,165.96375653207352
1789130168948240400,118.35424047851562,172.68098080821446
1789130168964247300,118.37024731445312,171.05461835693455
1789130168980250400,118.38625048828125,170.85291963106275
1789130168996254000,118.40225390625,172.47617939208038
1789130169012259600,118.41825952148437,175.82956342601102
1789130169028261400,118.43426147460937,179.34893960139794
1789130169044267000,118.45026708984375,166.88356406798297
1789130169060275000,118.46627490234376,169.29864956912505
1789130169084279800,118.49027978515625,171.6848740453578
1789130169100285700,118.50628564453125,176.45523351554192
1789130169116290000,118.5222900390625,174.1439866491073
1789130169132298200,118.53829833984375,168.85710999071725
1789130169148307000,118.55430688476562,167.005383731336
1789130169164316000,118.57031591796876,167.96279739705932
1789130169180323600,118.58632348632813,174.6106882701527
1789130169196331300,118.60233129882812,175.36453679339053
1789130169212334800,118.6183349609375,174.47246012706717
1789130169228349000,118.63434887695313,174.93058016121594
1789130169244358000,118.65035791015625,175.2363583092738
1789130169260364800,118.66636474609375,174.44702874942737
1789130169276373200,118.68237329101562,177.39743777794067
1789130169292381400,118.69838134765625,180.971021919841
1789130169308386000,118.71438598632812,174.60225137392118
1789130169324388600,118.730388671875,175.38935099027793
1789130169340398600,118.74639868164063,180
1789130169356409600,118.76240966796875,177.65312574950755
1789130169372420400,118.77842041015624,174.28940686250036
1789130169388425000,118.79442504882813,172.5284406805481
1789130169404422400,118.81042236328125,170.83765356040564
1789130169420422000,118.826421875,169.61819483434374
1789130169436430300,118.84243041992187,171.39861558138475
1789130169452438300,118.85843823242188,169.43198574197868
1789130169468448000,118.87444799804688,165.36427089639753
1789130169484455700,118.89045556640625,164.25795946011493
1789130169500457000,118.90645703125,165.77403627099508
1789130169516456000,118.9224560546875,171.74056265818558
1789130169532463600,118.93846362304687,173.05901640585907
1789130169548469500,118.95446948242187,167.93511544357102
1789130169564471800,118.97047192382813,164.56413785334533
1789130169580468700,118.98646875,163.42120911484605
1789130169596465700,119.00246557617187,172.8749836510982
1789130169612466200,119.01846606445312,172.81946455438688
1789130169628471000,119.03447094726563,166.38581686138633
1789130169644477200,119.05047729492188,166.91700922877632
1789130169660485000,119.06648510742187,162.2553290908958
1789130169676487200,119.08248706054688,163.3007551692227
1789130169692491500,119.09849145507812,167.93511544357102
1789130169708496100,119.11449609375,164.96218504249285
1789130169724505300,119.13050537109375,152.0852979600808
1789130169740519200,119.14651928710937,150.91318791989502
1789130169756527600,119.16252758789062,162.33235881166658
1789130169772527900,119.17852783203125,166.70919873578103
1789130169788531200,119.19453125,165.32360746645708
1789130169804529400,119.210529296875,164.05460505368083
1789130169820534000,119.22653393554687,164.52136233507184
1789130169836542000,119.2425419921875,166.0683106615343
1789130169852544500,119.25854443359376,165.30268044856285
1789130169868549000,119.27454907226563,161.8219819798724
1789130169884555000,119.29055493164063,160.8045315643068
1789130169900558300,119.30655834960938,161.68618313262456
1789130169916558300,119.32255834960938,161.12262282565092
1789130169932566300,119.33856616210937,160.27111628037707
1789130169948573700,119.35457373046874,161.32329800434638
1789130169964580400,119.37058032226562,161.91655475976467
1789130169980588500,119.38658862304688,161.80578858100574
1789130169996599300,119.40259936523438,159.63446394262542
1789130170012612600,119.41861254882812,158.7907744828966
1789130170028617200,119.4346171875,162.83808101733374
1789130170044622300,119.45062231445313,165.65066824597795
1789130170060629500,119.46662939453125,166.50426706364138
1789130170076632600,119.48263256835938,169.9194017399912
1789130170092634600,119.49863452148438,171.62132735317945
1789130170108638000,119.51463793945312,166.60750249053322
1789130170124643000,119.53064306640626,162.4349864480194
1789130170148641300,119.55464135742187,165.51526596538923
1789130170164643000,119.57064306640625,167.7352256145683
1789130170180641800,119.58664184570313,166.93844884753761
1789130170196637000,119.60263696289063,165.41705729700425
1789130170212637400,119.61863745117188,161.44236195342032
1789130170228632000,119.63463208007812,162.41651687043742
1789130170244632000,119.65063208007813,165.2770263906365
1789130170260632600,119.66663256835938,163.11967029059554
1789130170284636000,119.69063598632812,160.29714355466112
1789130170300638200,119.70663818359375,164.52136233507184
1789130170316641800,119.72264184570312,167.56676500709494
1789130170332646400,119.738646484375,165.67728105388812
1789130170348656600,119.75465673828126,166.44280737349442
1789130170364659200,119.7706591796875,165.76854186407851
1789130170380660200,119.78666015625,166.93844884753761
1789130170396660700,119.80266064453124,166.18497445679836
1789130170412656000,119.81865625,165.5152659653892
1789130170428652500,119.83465258789063,165.85420373472377
1789130170444650200,119.85065014648437,163.3007557660064
1789130170460651000,119.86665112304688,163.3007557660064
1789130170476653300,119.8826533203125,164.7070126501774
1789130170492648700,119.89864868164062,164.05460432516747
1789130170508650200,119.91465014648438,163.42120911484605
1789130170524642300,119.93064233398438,166.0716579578952
1789130170540633600,119.94663354492188,166.70919873578103
1789130170556628200,119.96262817382812,164.05460432516747
1789130170572632800,119.9786328125,160.64100671249633
1789130170588632000,119.99463208007812,160.9213055663642
1789130170604627700,120.01062768554688,160.89101490924287
1789130170620623400,120.02662329101562,160.94899235308642
1789130170636622300,120.04262231445313,165.30268044856288
1789130170652622300,120.05862231445313,165.34324863205418
1789130170668624100,120.0746240234375,165.96375653207352
1789130170684631800,120.0906318359375,163.09072838953506
1789130170700637000,120.10663696289062,159.81419664353882
1789130170716642800,120.12264282226562,165.55596383437606
1789130170732646100,120.13864624023438,163.3007557660064
1789130170748649200,120.15464916992188,156.7474076609145
1789130170764648200,120.17064819335937,157.18667884386232
1789130170780650800,120.18665063476563,158.04559828281165
1789130170796647400,120.2026474609375,155.9987206136215
1789130170812646400,120.218646484375,157.87006410179143
1789130170828642800,120.23464282226563,158.40468909540158
1789130170844637400,120.25063745117187,154.39781159133554
1789130170860640300,120.26664013671875,155.46918902139348
1789130170876644000,120.28264404296876,154.05770639283455
1789130170892648200,120.29864819335937,150.08635484301993
1789130170908649500,120.3146494140625,151.4441863930026
1789130170924646400,120.330646484375,154.72227661530894
1789130170940641000,120.34664111328125,156.41296809032264
1789130170956640500,120.362640625,157.09422969010313
1789130170972642800,120.37864282226562,158.54003976661687
1789130170988643000,120.39464306640625,158.45071553679668
1789130171004645600,120.41064575195313,155.74284753754154
1789130171020650000,120.42664990234375,153.1037633387806
1789130171036648200,120.44264819335937,153.6215791973936
1789130171052641800,120.45864184570313,156.11349895184821
1789130171068636700,120.47463671875,154.41148597694217
1789130171084631800,120.4906318359375,152.7341172275519
1789130171100632800,120.5066328125,150.7641953154408
1789130171116631000,120.52263110351562,150.4034263946523
1789130171132632000,120.53863208007813,149.31103937071052
1789130171148640800,120.55464086914063,147.47046316657455
1789130171164651000,120.57065112304687,149.25465166806177
1789130171180661500,120.58666162109375,149.42077277885406
1789130171196663600,120.60266357421875,151.47688061844252
1789130171212667400,120.61866748046874,151.67255803614046
1789130171228672000,120.63467211914063,151.8214097772197
1789130171244674600,120.65067456054688,156.67464949066917
1789130171260675300,120.66667529296875,155.62988105012897
1789130171276688400,120.6826884765625,150.5725447701872
1789130171292697600,120.69869750976562,154.6120941626486
1789130171308697000,120.71469702148437,156.55707975028903
1789130171324698600,120.73069873046875,152.08023332516882
1789130171348705000,120.754705078125,152.16594725586887
1789130171364710100,120.77071020507813,151.61664615645645
1789130171380716800,120.786716796875,151.17215970881904
1789130171396719000,120.80271899414062,149.71507099867554
1789130171412723200,120.81872314453125,147.17145996506525
1789130171428729900,120.83472973632813,147.33113852585106
1789130171444733000,120.85073291015625,148.71327210210785
1789130171460734000,120.86673388671875,151.0258667343683
1789130171476739800,120.88273974609375,151.3268540668042
1789130171492746200,120.89874633789063,151.09081592133379
1789130171508753000,120.9147529296875,154.9831051370278
1789130171524762000,120.93076220703125,156.85720020972767
1789130171540775000,120.94677490234375,157.47943378072955
1789130171556789500,120.96278955078125,157.20347775987128
1789130171572798000,120.9787978515625,156.03751152838126
1789130171596814800,121.00281494140626,149.9950773002053
1789130171612826400,121.01882641601563,146.3099305280973
1789130171628834300,121.03483422851562,150.00726496822932
1789130171644847000,121.05084716796875,153.8860857700231
1789130171660853500,121.066853515625,154.60707637206954
1789130171676862700,121.08286279296875,153.88024459170524
1789130171692873500,121.09887353515624,153.434948822922
1789130171708891400,121.11489135742187,156.60552820727273
1789130171724902700,121.13090258789063,156.31247448976492
1789130171748917000,121.1549169921875,155.08437348701844
1789130171764927700,121.170927734375,158.19859076689954
1789130171780938800,121.18693872070313,159.79358112761363
1789130171796958500,121.20295849609376,161.1662474550103
1789130171812971800,121.2189716796875,164.74488158883065
1789130171828988200,121.23498828125,166.90810689671474
1789130171845008100,121.25100805664063,166.97415919666946
1789130171861025800,121.26702587890625,159.31930839268676
1789130171877038800,121.28303881835937,157.21759442434524
1789130171893054500,121.29905444335938,163.41266163240562
1789130171909067000,121.31506689453126,167.03549184875354
1789130171925081600,121.33108154296875,165.49335809985783
1789130171941096200,121.34709619140625,162.5120031096678
1789130171957106700,121.36310668945312,162.84324320707412
1789130171973117700,121.37911767578125,163.13134306702327
1789130171989129000,121.39512890625,158.51796288812315
1789130172005137400,121.41113745117187,156.27497082325473
1789130172021140200,121.42714013671875,157.06789984807267
1789130172037147600,121.44314770507812,161.56504965925808
1789130172053155600,121.45915551757813,166.0716579578952
1789130172069167600,121.47516772460938,164.34165375602777
1789130172085179600,121.4911796875,166.0716579578952
1789130172101186300,121.50718627929687,165.0942415534731
1789130172117188900,121.52318896484375,163.26400447525887
1789130172133193500,121.539193359375,162.0835514003988
1789130172149195300,121.5551953125,160.3743168118376
1789130172165198800,121.57119873046875,159.39373983298128
1789130172181201200,121.587201171875,157.76726408452984
1789130172197206500,121.60320654296875,159.1455418960163
1789130172213213000,121.619212890625,162.3988183272206
1789130172229218300,121.63521826171875,161.0856007049154
1789130172245222400,121.65122241210938,160.27111628037707
1789130172261226800,121.66722680664063,164.96218504249285
1789130172277238500,121.68323852539062,165.96375653207352
1789130172293246500,121.69924658203125,162.19465117098903
1789130172309255200,121.71525512695312,158.3295514291735
1789130172325263000,121.73126318359375,157.31944093268913
1789130172341272300,121.74727221679687,159.7533788203143
1789130172357273600,121.76327368164063,164.21924675691
1789130172373280000,121.77928002929687,164.43368204578965
1789130172389286400,121.79528637695313,162.55281166129174
1789130172405289500,121.81128955078125,163.5399849716436
1789130172421296400,121.82729638671876,162.38742301690775
1789130172437298400,121.84329833984376,159.2647662245613
1789130172453303800,121.8593037109375,158.8274205362099
1789130172469309700,121.87530981445312,161.43393990155002
1789130172485318700,121.89131860351563,160.31968862027668
1789130172501325300,121.9073251953125,156.47293579572175
1789130172517332200,121.92333227539062,155.52383928735506
1789130172533338000,121.93933813476562,158.813822988664
1789130172549342200,121.95534228515625,160.20112332299212
1789130172565348900,121.97134887695313,163.34569429476844
1789130172581356500,121.9873564453125,162.69947233396869
1789130172597365200,122.003365234375,160.2531634829734
1789130172613381400,122.01938134765625,159.24167632401551
1789130172629396000,122.03539599609375,163.83550126682724
1789130172645406700,122.05140673828124,164.678491176959
1789130172661410800,122.06741088867187,158.78588427875005
1789130172677411600,122.08341162109375,158.27020984997952
1789130172693408300,122.099408203125,161.56505006647808
1789130172709404400,122.115404296875,159.6235646228401
1789130172725399000,122.13139892578126,156.27497082325473
1789130172741397800,122.14739770507812,160.01689398943742
1789130172757393700,122.1633935546875,161.94786772197756
1789130172773386800,122.17938671875,160.3715619308883
1789130172789380900,122.195380859375,160.51919980917765
1789130172805379300,122.21137939453125,159.40182524183598
1789130172821379800,122.2273798828125,157.6844116194542
1789130172837371600,122.24337158203124,156.74428515148992
1789130172853362400,122.25936254882812,159.94390518749987
1789130172869354800,122.27535473632813,164.0546043251675
1789130172885348900,122.29134887695312,165.5432449908448
1789130172901343700,122.30734375,165.09734659063048
1789130172917340000,122.32333984375,166.80938934048305
1789130172933337600,122.33933764648438,167.5740574464533
1789130172949340000,122.35533984375,163.21735593359983
1789130172965341000,122.3713408203125,163.3855754292948
1789130172981337600,122.38733764648437,166.4641441474657
1789130172997334800,122.40333471679688,167.3578483442424
1789130173013335800,122.41933569335937,162.36820968331577
1789130173029340000,122.43533984375,162.57456497559858
1789130173045341000,122.4513408203125,165.5432449908448
1789130173061338600,122.46733862304687,163.77263944743612
1789130173077332700,122.48333276367188,163.21735593359983
1789130173093334000,122.499333984375,163.70595217106197
1789130173109334500,122.51533447265625,162.6459739233402
1789130173125339000,122.5313388671875,161.8219819798724
1789130173149340700,122.55534057617187,161.43393990155002
1789130173165347800,122.57134790039062,163.21735593359983
1789130173181351000,122.58735083007812,171.86989757469624
1789130173197356300,122.60335620117188,171.71420296553893
1789130173213362400,122.61936254882812,167.93869051114427
1789130173229367600,122.63536743164063,164.56413785334533
1789130173245369900,122.65136987304687,163.61046030040424
1789130173261371100,122.66737109375,167.038597985577
1789130173277372000,122.68337182617188,161.96571406176506
1789130173293367000,122.69936694335938,159.5436865388592
1789130173309365000,122.71536499023438,160.13295519200278
1789130173325362400,122.73136254882813,159.10917440383665
1789130173341354500,122.7473544921875,161.56504965925808
1789130173357351000,122.76335083007812,170.01817120693158
1789130173373351200,122.77935107421875,170.09581720451936
1789130173389354200,122.79535424804688,166.8795967798806
1789130173405356000,122.81135595703125,168.4489934535739
1789130173421353000,122.82735302734375,165.19601901855202
1789130173437354000,122.84335400390626,164.167613496935
1789130173453358800,122.85935888671875,163.1785902227803
1789130173469358300,122.8753583984375,162.75854183572906
1789130173485357600,122.89135766601562,166.70142995463158
1789130173501356300,122.90735620117188,168.5975060359697
1789130173517358300,122.9233583984375,168.8708107251154
1789130173533356800,122.93935668945312,164.35775421837874
1789130173549351700,122.9553515625,160.9213055663642
1789130173565346000,122.97134594726562,161.94786772197756
1789130173581343500,122.98734350585937,163.8238061611411
1789130173597343200,123.00334326171875,163.77263944743612
1789130173613342000,123.01934204101562,164.35775421837874
1789130173629342200,123.03534228515625,167.3073341735004
1789130173645345800,123.051345703125,172.09283752684016
1789130173661349000,123.06734912109376,176.35881480300387
1789130173677344000,123.08334399414062,172.64762085857583
1789130173693337300,123.09933740234375,168.13226766735355
1789130173709337300,123.11533740234376,166.56897135723122
1789130173725340700,123.13134057617188,172.21298219638763
1789130173741343000,123.14734301757812,173.9623175618442
1789130173757345500,123.16334545898438,167.47119270292626
1789130173773345800,123.179345703125,166.8367675383788
1789130173789342000,123.19534204101562,165.61860573663117
1789130173805346800,123.21134692382813,166.07522667704177
1789130173821346800,123.22734692382812,163.6861479064123
1789130173837343200,123.24334326171875,162.69947233396869
1789130173853340400,123.25934033203124,167.52488981184337
1789130173869336300,123.27533642578125,164.78367355932315
1789130173885333000,123.2913330078125,159.6467710601845
1789130173901322800,123.30732275390625,159.61083462441292
1789130173917319000,123.32331884765625,166.31597993084029
1789130173933318000,123.33931787109375,166.7594802447704
1789130173949311700,123.35531176757813,164.54798891149326
1789130173965300000,123.37130004882812,168.78508541302523
1789130173981298000,123.3872978515625,168.59344692785632
1789130173997292500,123.40329248046875,166.70919873578103
1789130174013288400,123.41928833007813,166.1713488371879
1789130174029287400,123.43528735351562,166.8367675383788
1789130174045276700,123.45127661132813,167.81136676326426
1789130174061266700,123.4672666015625,165.74996750427303
1789130174077255200,123.48325512695313,166.86597775358075
1789130174093250600,123.49925048828125,167.6752727806919
1789130174109237000,123.51523706054688,168.87853981311616
1789130174125231600,123.53123168945312,172.7468055076288
1789130174141224000,123.54722387695313,174.28940720062855
1789130174157216000,123.56321606445313,168.79405198566093
1789130174181207800,123.58720776367187,164.24882705293575
1789130174197200400,123.60320043945312,164.98163938990677
1789130174213192000,123.61919189453126,171.25383832234647
1789130174229194800,123.63519482421874,178.46565851843616
1789130174245189600,123.65118969726562,175.5251035621961
1789130174261180700,123.6671806640625,172.21298219638763
1789130174277175800,123.68317578125,169.77783145525237
1789130174293172500,123.69917236328125,172.5284406805481
1789130174309166300,123.71516625976562,174.38241941744815
1789130174325155600,123.73115551757813,171.29262969236967
1789130174341151700,123.74715185546874,172.23483407393692
1789130174357149400,123.7631494140625,172.43467890425734
1789130174373153800,123.77915380859375,167.73522620361393
1789130174389155000,123.79515502929688,167.76849888204165
1789130174405161000,123.81116088867188,175.60129474544843
1789130174421167400,123.82716748046874,176.57612885243273
1789130174437166300,123.84316625976562,175.0728903714559
1789130174453158400,123.85915844726563,178.1221225164245
1789130174469152800,123.87515283203125,177.74542513448407
1789130174485145900,123.89114575195312,178.53119934482612
1789130174501138700,123.907138671875,176.86975516549015
1789130174517137200,123.92313720703125,176.5577847990648
1789130174533140200,123.93914013671875,181.080924220842
1789130174549138200,123.95513818359375,184.27584096678615
1789130174565136400,123.97113647460938,185.9805994941238
1789130174581133300,123.98713330078125,180.55625223009824
1789130174597130800,124.003130859375,179.51030441648535
1789130174613127400,124.01912744140625,173.65980840283115
1789130174629123800,124.03512377929688,170.68291379555552
1789130174645121300,124.05112133789062,177.20729761739702
1789130174661118000,124.06711791992187,182.74808806193593
1789130174677108500,124.0831083984375,177.17784462415827
1789130174693096200,124.09909619140625,174.8055712358169
1789130174709084700,124.11508471679687,176.68221879889873
1789130174725080600,124.13108056640625,174.2072034990512
1789130174741075200,124.1470751953125,172.16073651566953
1789130174757075000,124.16307495117188,179.16968450552457
1789130174781074000,124.18707397460938,174.9461739603899
1789130174797073000,124.20307299804688,178.02506606347677
1789130174813072400,124.219072265625,185.35582493265528
1789130174829070300,124.2350703125,178.6573760012391
1789130174845067300,124.2510673828125,178.02506604404212
1789130174861058800,124.26705883789063,180
1789130174877045000,124.283044921875,177.83074242984335
1789130174893036500,124.29903662109375,177.43622988660445
1789130174909033000,124.31503295898438,175.9432623979294
1789130174925031700,124.33103173828125,176.1859253923752
1789130174941026000,124.34702612304687,175.3549214680866
1789130174957021400,124.363021484375,173.40548542943867
1789130174973016300,124.37901635742188,173.6983915356734
1789130174989003500,124.39500341796875,175.20320119623815
1789130175004991700,124.41099169921876,175.5391519862074
1789130175020987400,124.4269873046875,175.16957996883858
1789130175036977200,124.44297705078125,177.63049198574177
1789130175052968400,124.45896850585937,180.78482456494848
1789130175068957000,124.47495703125,182.36950801425823
1789130175084949200,124.49094921875,178.48258581948406
1789130175100941000,124.50694116210937,176.48932168284782
1789130175116933600,124.52293359375,180.38196619619166
1789130175132928000,124.53892797851563,180.42128490263002
1789130175148924200,124.55492407226562,173.57652930707715
1789130175164917800,124.57091772460937,174.96806591345108
1789130175180913200,124.5869130859375,180.7345210447779
1789130175196906200,124.60290625,184.05934607721431
1789130175212904700,124.61890478515625,185.03193408654892
1789130175228901000,124.63490112304687,182.08256527033532
1789130175244904700,124.65090478515626,178.33489399187687
1789130175260908000,124.66690795898438,175.84035772500434
1789130175276907300,124.6829072265625,176.71911948516833
1789130175292904000,124.69890405273438,173.50922812777733
1789130175308900400,124.714900390625,169.27803054428796
1789130175324898600,124.73089868164062,171.11934032858827
1789130175340895700,124.74689575195312,176.48932168284782
1789130175356895200,124.76289526367188,177.39743772415196
1789130175372893200,124.77889306640625,173.5891599726714
1789130175388889300,124.79488940429688,173.58539788958961
1789130175404890000,124.81089013671875,173.62281933748883
1789130175420885200,124.82688525390626,171.77718619884303
1789130175436885800,124.8428857421875,175.3999042926432
1789130175452885500,124.85888549804687,178.98302195184874
1789130175468882700,124.87488256835937,176.6917866992674
1789130175484882700,124.89088256835937,173.85337428708405
1789130175500883500,124.90688354492187,175.3093155725154
1789130175516882000,124.9228818359375,173.6278887595119
1789130175532875300,124.93887524414062,175.43819202534476
1789130175548873500,124.95487353515625,174.0724956360984
1789130175564869400,124.97086938476562,172.54294488430767
1789130175580869000,124.986869140625,173.65980838630435
1789130175596870400,125.00287036132812,171.49812010331482
1789130175612867000,125.0188671875,169.43412739041665
1789130175628861000,125.03486083984374,168.9803167207087
1789130175644856000,125.05085595703125,168.3106303053522
1789130175660851200,125.06685131835937,167.82854216780063
1789130175676851700,125.08285180664062,167.75766820122226
1789130175692850700,125.0988505859375,167.61301366447125
1789130175708850000,125.11484985351562,167.61924304535026
1789130175724852500,125.1308525390625,168.53046982023173
1789130175740851200,125.14685131835938,167.99979098899416
1789130175756848400,125.16284838867188,165.96375653207352
1789130175772845300,125.17884521484375,169.25227376974465
1789130175788840400,125.19484033203125,170.04937343101759
1789130175804834300,125.21083422851562,168.08697577278778
1789130175820831500,125.22683154296875,169.3803442656351
1789130175836828400,125.24282836914062,170.98849420093515
1789130175852825300,125.25882543945312,170.4104477323999
1789130175868819700,125.27481982421875,168.21181656066918
1789130175884810800,125.29081079101563,165.26859479376353
1789130175900804000,125.30680419921875,166.60750211300294
1789130175916792000,125.3227919921875,170.12339887863405
1789130175932776400,125.3387763671875,171.33586437011758
1789130175948768800,125.35476879882812,170.32372841629697
1789130175964762400,125.37076245117187,172.26954445253634
1789130175980756700,125.3867568359375,173.99099432603347
1789130175996747500,125.40274755859375,170.53767810752944
1789130176020735200,125.4267353515625,169.39412756493925
1789130176036721700,125.4427216796875,172.2857724779485
1789130176052714800,125.45871484375,174.38241941744812
1789130176068704300,125.47470434570313,178.9536180676916
1789130176084696600,125.49069653320312,179.7551477367632
1789130176100693200,125.506693359375,176.00908706495235
1789130176116688000,125.52268798828125,172.98349815574647
1789130176132688400,125.5386884765625,174.8688349089978
1789130176148691700,125.55469165039062,176.34777716836976
1789130176164695600,125.57069555664063,170.53767779197437
1789130176180699400,125.58669946289062,169.7917737803862
1789130176196696000,125.60269604492187,172.5284406805481
1789130176212693800,125.61869384765625,171.90250761823685
1789130176228692000,125.63469189453124,174.5596681085285
1789130176244692700,125.65069262695313,177.93618027038966
1789130176260692700,125.66669262695312,175.71084685984724
1789130176276690000,125.68268994140625,174.24366178285086
1789130176292682500,125.6986826171875,173.7616671646954
1789130176308676900,125.7146767578125,176.57612885243273
1789130176324675300,125.73067529296875,178.0908475591071
1789130176340680700,125.7466806640625,179.08334576410005
1789130176356680400,125.76268041992188,183.03733575108842
1789130176372677000,125.77867700195313,180.9057866785574
1789130176388677600,125.794677734375,179.53037297122867
1789130176404674300,125.81067431640625,183.8622091537306
1789130176420669700,125.82666967773437,181.57861794673272
1789130176436671000,125.8426708984375,178.00212022551224
1789130176452669200,125.85866918945312,178.59711850952004
1789130176468658700,125.87465869140625,179.29845410875
1789130176484654800,125.89065478515624,179.76709160384846
1789130176500650500,125.906650390625,179.2868113975617
1789130176516646100,125.92264624023437,179.30693973245033
1789130176532644000,125.93864404296875,179.77706035488853
1789130176548641300,125.95464135742188,179.3338000387941
1789130176564641000,125.97064111328125,175.20016391903027
1789130176580643600,125.9866435546875,172.30394860463045
1789130176596644600,126.00264453125,175.10723115605458
1789130176612648700,126.01864868164063,176.78451618494236
1789130176628644000,126.03464404296875,176.75265729671676
1789130176644643600,126.0506435546875,177.73408302057766
1789130176660646400,126.066646484375,178.93514532973737
1789130176676640300,126.08264013671875,179.3586561456209
1789130176692634400,126.09863427734375,180.21702843600497
1789130176708630800,126.114630859375,180
1789130176724622800,126.13062280273438,176.4105033765031
1789130176740618000,126.14661791992188,174.511560257025
1789130176756611300,126.162611328125,174.22797448124388
1789130176772603400,126.17860327148438,176.2550730902563
1789130176788592000,126.19459204101562,175.43398566331715
1789130176804582000,126.21058178710938,174.55966795072217
1789130176820573700,126.22657373046874,176.22553944606665
1789130176836565200,126.24256518554688,176.12147547762072
1789130176852556000,126.25855615234374,178.05191504215784
1789130176868542500,126.27454248046875,180.79572359116045
1789130176884532700,126.29053271484375,180.39243069031647
1789130176900526600,126.30652661132812,181.99556127636762
1789130176916523000,126.32252294921875,181.20183302341465
1789130176932523000,126.33852294921876,180.61385986456116
1789130176948521500,126.354521484375,183.36646065116295
1789130176964518400,126.37051831054687,181.8279681070234
1789130176980509700,126.386509765625,180.60098261832243
1789130176996505000,126.40250512695313,180.59474448438465
1789130177012497000,126.41849682617188,183.12213037957113
1789130177028491800,126.43449169921875,184.26122340292895
1789130177044488000,126.45048803710938,181.06485467026263
1789130177060480800,126.46648071289063,181.6424396876904
1789130177076472800,126.48247290039062,182.80245145738945
1789130177092463900,126.4984638671875,180.55267524567728
1789130177108459300,126.51445922851562,181.2935557742786
1789130177124453600,126.53045361328125,181.68468431789628
1789130177140447200,126.546447265625,180.53214364144392
1789130177156447200,126.562447265625,180.71392912444637
1789130177172442400,126.5784423828125,181.5074357440038
1789130177188434200,126.59443408203126,183.05288244668427
1789130177204425700,126.61042578125,184.81355058059043
1789130177220416300,126.62641625976562,183.66518467158502
1789130177236408000,126.64240795898438,185.15712730286305
1789130177252403000,126.65840283203126,186.0198513014008
1789130177268402700,126.67440258789063,183.06307325391398
1789130177284409000,126.6904091796875,182.4406379379765
1789130177300410000,126.70641015625,181.4975878113043
1789130177316406000,126.72240600585937,181.1573330381369
1789130177332402700,126.73840258789062,181.3411276979509
1789130177348395800,126.75439575195313,183.17983028469533
1789130177364396300,126.77039624023438,185.27966480156007
1789130177380390700,126.786390625,185.61758067496638
1789130177396388400,126.80238842773437,185.0588982686162
1789130177412388400,126.81838842773438,180.90938041335642
1789130177428386800,126.83438671875,175.7241591213787
1789130177444386300,126.85038623046874,174.36168154043938
1789130177460378600,126.86637866210937,173.0429442554569
1789130177476374300,126.88237426757813,172.3493490546044
1789130177492374800,126.89837475585938,176.5549138818534
1789130177508374800,126.91437475585937,177.5021034119418
1789130177524371000,126.93037084960937,181.77146970780177
1789130177540367000,126.9463671875,185.63340138495042
1789130177556360000,126.96235986328125,182.95457969764823
1789130177572351500,126.9783515625,182.84348020596718
1789130177588344000,126.99434399414062,182.74370508171995
1789130177604341000,127.01034106445313,182.8624053325673
1789130177620336400,127.02633642578125,184.95325729706155
1789130177636328700,127.04232861328126,186.34019153556903
1789130177652320300,127.0583203125,187.2911594359565
1789130177668312300,127.07431225585937,187.7920776242262
1789130177684300000,127.09030004882813,189.22736793726057
1789130177700298800,127.106298828125,188.21481818714867
1789130177716304600,127.1223046875,184.74723372007514
1789130177732306700,127.138306640625,184.94407436750677
1789130177748303600,127.1543037109375,185.44033204927783
1789130177764299300,127.17029931640624,187.05425161547743
1789130177780290000,127.1862900390625,189.52728306200632
1789130177796278300,127.2022783203125,187.1972076717498
1789130177812273400,127.2182734375,185.06361693899564
1789130177828264700,127.2342646484375,188.33901960509783
1789130177844259300,127.25025927734374,190.25508174345293
1789130177860254000,127.26625390625,188.13010235415598
1789130177876246300,127.28224633789063,187.4560655317894
1789130177892242400,127.29824243164063,187.63143496754128
1789130177908242700,127.31424267578124,187.5449290338503
1789130177924242700,127.33024267578125,187.65934036075112
1789130177940239000,127.34623901367188,186.83503548341395
1789130177956234200,127.36223413085938,185.59933958216925
1789130177972233700,127.37823364257812,185.1118941617713
1789130177988228000,127.39422802734374,185.17771009104655
1789130178012224300,127.41822436523438,189.14383821723592
1789130178028218600,127.43421850585938,189.4940293517271
1789130178044208400,127.45020849609375,187.92232184013554
1789130178060206000,127.4662060546875,187.35237877731055
1789130178076206300,127.48220629882813,188.18252315981198
1789130178092209400,127.49820947265626,187.17050682636284
1789130178108210000,127.5142099609375,187.86606841157564
1789130178124205800,127.53020581054687,188.83341450913272
1789130178148202200,127.5542021484375,186.78897450171723
1789130178164203500,127.57020361328125,185.33739995736565
1789130178180204300,127.58620434570312,186.69868109770326
1789130178196204000,127.6022041015625,188.00192420427717
1789130178212204800,127.61820483398438,188.64860229547833
1789130178236201500,127.64220141601562,190.9421854675346
1789130178252193800,127.65819384765625,189.58294461152553
1789130178268183800,127.67418383789062,188.45982230768468
1789130178284177400,127.69017749023438,189.64440596150652
1789130178300174300,127.70617431640625,189.43082373479896
1789130178316169700,127.72216967773437,190.00797953179313
1789130178332164000,127.7381640625,190.70284799332669
1789130178348163300,127.75416333007813,189.36651004338574
1789130178364163800,127.77016381835938,188.7609063424441
1789130178380158200,127.786158203125,187.97327096722276
1789130178396151800,127.80215185546875,188.4269687436613
1789130178412152300,127.81815234375,187.75667180799252
1789130178428152600,127.83415258789063,186.16045654266296
1789130178452149500,127.8581494140625,185.45755329746706
1789130178468147000,127.87414697265625,187.17050682636284
1789130178484147500,127.8901474609375,187.52031318247208
1789130178500148500,127.9061484375,186.6452780973519
1789130178516146200,127.92214624023437,189.99689986298154
1789130178532142300,127.93814233398437,190.72885909507124
1789130178548137200,127.95413720703125,188.13010257098736
1789130178564137000,127.97013696289062,190.92280432802855
1789130178580137000,127.98613696289063,191.57748988041266
1789130178596133000,128.00213305664062,189.6797030659925
1789130178612118300,128.0181181640625,189.0902765360396
1789130178628107500,128.034107421875,187.6810438728919
1789130178644100600,128.0501005859375,189.8084214468316
1789130178660096800,128.0660966796875,192.445103191569
1789130178676090600,128.08209057617188,188.78864543547738
1789130178692090400,128.09809033203126,189.83356361055561
1789130178708083700,128.11408374023438,194.7229736093635
1789130178724077800,128.13007788085937,194.08749146017118
1789130178740077300,128.14607739257812,193.16819242084816
1789130178756069600,128.16206958007814,192.64027767539187
1789130178772065000,128.17806494140626,191.50310680488198
1789130178788061400,128.1940615234375,192.0400198777018
1789130178804053800,128.2100537109375,191.45875190658538
1789130178820053800,128.2260537109375,192.98043173359943
1789130178836054300,128.24205419921876,193.89906430563937
1789130178852054800,128.2580546875,193.81502589515432
1789130178868051700,128.2740517578125,193.25141850813554
1789130178884047400,128.29004736328125,190.96639051609242
1789130178900042000,128.3060419921875,193.10108584684158
1789130178916040200,128.32204028320314,197.55769604906538
1789130178932044500,128.33804443359375,194.42633600583545
1789130178948043300,128.35404321289062,192.68038395618214
1789130178964047000,128.37004711914062,194.32271894611188
1789130178980043000,128.38604296875,195.78482849064133
1789130178996044500,128.40204443359374,195.6193917968961
1789130179012046000,128.41804614257813,194.36231354591592
1789130179028048100,128.43404809570313,197.25376009341716
1789130179044056800,128.45005688476562,196.26741778275652
1789130179060057300,128.46605737304688,195.57254393746808
1789130179076062500,128.4820625,198.92464445762772
1789130179092059600,128.4980595703125,196.9438551909162
1789130179108050200,128.51405029296876,198.68460181790786
1789130179124043500,128.53004345703124,202.96063106532515
1789130179140037400,128.54603735351563,200.89082559616335
1789130179156028000,128.56202783203125,197.05911455146534
1789130179172023300,128.57802319335937,196.60697993510945
1789130179188014800,128.59401489257812,197.20297201492107
1789130179204011000,128.61001098632812,198.49419934053657
1789130179220009500,128.62600952148438,200.66460066642705
1789130179236004000,128.64200415039062,200.0819773913004
1789130179252000500,128.65800048828126,200.14841345483867
1789130179267997000,128.67399682617187,198.25756323542058
1789130179283996700,128.68999658203126,197.5255682972584
1789130179299993300,128.7059934082031,202.21495563355688
1789130179315993600,128.72199365234374,202.74493120118174
1789130179331999500,128.73799951171875,197.38884826733872
1789130179348001300,128.75400122070312,198.31252321100527
1789130179364001800,128.77000170898438,203.27481578490494
1789130179380007000,128.7860068359375,199.22644511333468
1789130179395997200,128.8019970703125,197.1027282977807
1789130179411989200,128.8179892578125,199.01957925355353
1789130179427980000,128.83397998046874,199.2019939833279
1789130179443973400,128.84997338867188,197.83185771934833
1789130179459967200,128.86596728515624,196.62866101709847
1789130179475965200,128.88196508789062,198.72877047018244
1789130179491956000,128.8979560546875,198.13808196001247
1789130179507946800,128.91394677734374,199.76999138683348
1789130179523939300,128.92993920898436,201.22011519194407
1789130179539929000,128.94592919921874,198.74134065352945
1789130179555922000,128.961921875,196.75379353425902
1789130179571910000,128.97790991210937,194.0801478803187
1789130179587898400,128.9938984375,194.3452316481534
1789130179611880000,129.0178798828125,197.24146004096787
1789130179627869700,129.03386962890625,197.85031882369583
1789130179659846700,129.0658466796875,195.319100373978
1789130179675834600,129.08183471679686,198.55140478281112
1789130179691822000,129.09782202148438,201.447736930879
1789130179707811000,129.11381103515626,202.49831444787685
1789130179723799600,129.12979956054687,200.53252424821434
1789130179739789300,129.14578930664064,197.2348811635421
1789130179755779000,129.16177905273437,195.37625155120585
1789130179771771600,129.17777172851564,196.13924269629368
1789130179787765500,129.193765625,198.6930364398805
1789130179803761200,129.20976123046876,196.26803556393705
1789130179819750400,129.22575048828125,197.7736424122042
1789130179835737900,129.24173779296876,200.20641887238637
1789130179851724800,129.2577248535156,200.9140004513796
1789130179867718400,129.27371850585936,198.67670199565362
1789130179883713300,129.28971337890624,188.56668220429052
1789130179899704600,129.30570458984374,192.6488820822112
1789130179915700200,129.3217001953125,199.25507698966308
1789130179931700200,129.3377001953125,198.43494786429898
1789130179947700000,129.35369995117188,198.86206659171106
1789130179963697400,129.36969750976561,196.206898989001
1789130179979693300,129.385693359375,197.46802368688944
1789130179995692800,129.40169287109376,198.61761209264574
1789130180011687000,129.41768701171875,198.01322086270582
1789130180027683800,129.4336838378906,199.5485489015251
1789130180043676200,129.44967626953124,199.7988765304247
1789130180059663600,129.46566357421875,200.047645850613
1789130180075656700,129.48165673828126,202.41167834661516
1789130180091648500,129.4976484375,201.5878851888197
1789130180107639600,129.5136396484375,198.09390642306778
1789130180123627000,129.529626953125,195.8711790703799
1789130180139620900,129.54562084960938,198.90943719946708
1789130180155614200,129.5616142578125,201.59166373992937
1789130180171600400,129.57760034179688,198.49299918213876
1789130180187588900,129.5935888671875,197.7872334687337
1789130180203577300,129.60957739257813,201.0083084295239
1789130180219564000,129.62556396484376,200.48492990153497
1789130180235556400,129.64155639648436,198.00416248843806
1789130180251549000,129.657548828125,200.62552206784832
1789130180267540200,129.67354028320312,200.57871020827332
1789130180283532500,129.6895324707031,195.81617707380718
1789130180299523800,129.70552392578125,195.89407946355794
1789130180315515100,129.72151513671875,201.4738011913354
1789130180331510500,129.73751049804687,202.68055906731087
1789130180347503400,129.75350341796874,198.9595144822613
1789130180363489000,129.7694890136719,199.06707353806982
1789130180379473200,129.78547314453124,200.36160431042447
1789130180395460400,129.80146044921875,197.03492373144422
1789130180411443200,129.81744311523437,196.4519766270586
1789130180427430400,129.83343041992188,198.01760866742885
1789130180443417900,129.84941796875,199.4833014556881
1789130180459402500,129.86540258789063,200.83667509913863
1789130180475393300,129.88139331054688,197.7521482246795
1789130180491385900,129.8973857421875,198.86666251878495
1789130180507379500,129.91337939453126,199.96655610485814
1789130180523373300,129.92937329101562,201.03751113719056
1789130180539363600,129.94536352539063,201.80140920086845
1789130180555353000,129.96135302734376,200.11780197239977
1789130180571345400,129.9773454589844,196.26803556393705
1789130180587336400,129.99333642578125,195.04052857539807
1789130180603322600,130.00932250976564,195.99703691905665
1789130180619314400,130.025314453125,195.79592873359988
1789130180635305000,130.04130493164064,197.68186285833212
1789130180651295000,130.057294921875,197.2776150489018
1789130180667288800,130.07328881835937,198.37545078059583
1789130180683283200,130.089283203125,199.87003260321924
1789130180699274000,130.10527392578126,199.5311078804737
1789130180715267000,130.12126708984374,201.90870501341365
1789130180731263500,130.13726342773438,200.75978316837532
1789130180747261000,130.15326098632812,199.70529091780685
1789130180763254300,130.16925415039063,201.72846751197622
1789130180779253800,130.18525366210937,199.81379246105507
1789130180795256300,130.20125634765625,196.60697993510945
1789130180811256600,130.21725659179688,195.6273829853396
1789130180827246000,130.23324609375,197.505908896975
1789130180843231500,130.2492314453125,199.90061921115736
1789130180859220000,130.26521997070313,199.4833014556881
1789130180875211000,130.2812109375,198.1252447313842
1789130180891200000,130.29719995117188,195.59281126565583
1789130180907195100,130.31319506835936,194.45414865196386
1789130180923185700,130.329185546875,197.46198757862751
1789130180939177000,130.34517700195312,200.29027645024135
1789130180955164000,130.3611638183594,197.91774833512173
1789130180971158000,130.37715795898438,197.35402429511433
1789130180987155200,130.3931552734375,199.26354869523018
1789130181003149800,130.40914990234376,199.10044475746886
1789130181019145500,130.4251455078125,198.0723215409804
1789130181035140400,130.44114038085937,198.67417802657468
1789130181051137800,130.4571376953125,199.10044475746886
1789130181067135500,130.47313549804687,199.44003439034356
1789130181083133700,130.4891337890625,199.06454734336396
1789130181099135000,130.50513500976564,198.86206659171106
1789130181115135500,130.52113549804687,198.73492322635758
1789130181131136000,130.53713598632814,196.77122260447902
1789130181147132700,130.5531325683594,198.1252447313842
1789130181163124700,130.56912475585938,199.96587321938767
1789130181179116800,130.58511669921876,197.3999622718134
1789130181195110400,130.6011103515625,195.94539631003872
1789130181211104000,130.61710400390626,194.30377092409503
1789130181227093500,130.63309350585936,196.3268531540014
1789130181243084500,130.64908447265626,199.76999138683348
1789130181259076400,130.66507641601564,198.434948822922
1789130181275077400,130.68107739257812,197.0490309166159
1789130181291075800,130.69707592773437,195.23901146433184
1789130181307073500,130.7130734863281,197.64176793099057
1789130181323069200,130.72906909179687,198.62157968857136
1789130181339064000,130.74506396484375,196.5718389965356
1789130181355062300,130.76106225585937,196.4315926550318
1789130181371053600,130.77705346679687,195.0049206086143
1789130181387046100,130.79304614257813,193.8514177250141
1789130181403039000,130.8090390625,192.81254759532288
1789130181419033600,130.82503369140625,194.64525227097064
1789130181435028200,130.8410283203125,195.0543163475436
1789130181451020800,130.85702075195312,194.73380341809633
1789130181467014400,130.87301440429687,196.88032970940446
1789130181483010800,130.8890107421875,195.35013741494635
1789130181499002000,130.90500219726562,195.7692567607546
1789130181514995200,130.9209951171875,197.89613387954918
1789130181530992400,130.93699243164062,196.20072234469112
1789130181546990800,130.95299096679688,195.35013741494635
1789130181562991400,130.9689914550781,194.39046291589918
1789130181578989000,130.98498901367188,193.5584278325358
1789130181594983400,131.0009833984375,192.74115550681066
1789130181610979600,131.0169794921875,193.29218528585105
1789130181626976300,131.03297631835937,196.59475476789717
1789130181642978600,131.048978515625,196.4203500074895
1789130181658980000,131.06497998046876,193.52958848118115
1789130181674978000,131.08097802734375,192.86539888093756
1789130181690982000,131.09698193359375,193.61152318043665
1789130181706984400,131.112984375,195.92058181531368
1789130181722988500,131.12898852539064,196.52386648531734
1789130181738994000,131.14499389648438,194.03624346792648
1789130181754996500,131.16099658203126,194.72430993535133
1789130181770994000,131.17699389648436,198.56170906766812
1789130181786995700,131.19299560546875,198.56170906766812
1789130181802999300,131.20899926757812,195.35749373847062
1789130181819001300,131.22500146484376,196.8300998924265
1789130181834998300,131.24099829101561,197.3425755746344
1789130181850994200,131.256994140625,193.45252870011683
1789130181866987000,131.27298706054688,192.35025574653292
1789130181882986000,131.28898608398438,191.4515781242854
1789130181898982100,131.3049821777344,194.75296261110952
1789130181914976500,131.3209765625,196.1254092216215
1789130181930970000,131.33697021484375,194.95583903282102
1789130181946967600,131.35296752929688,197.13030139028467
1789130181962964000,131.3689638671875,196.17757001357418
1789130181978956000,131.3849560546875,194.58146784361185
1789130181994945800,131.40094580078124,193.1340217306164
1789130182010936800,131.41693676757814,193.324530515422
1789130182026927400,131.43292724609375,194.75296261110952
1789130182042920000,131.448919921875,194.95583903282102
1789130182058914600,131.46491455078126,193.85872048665482
1789130182074906600,131.48090673828125,194.61317513682573
1789130182090900700,131.49690063476564,195.1240062621618
1789130182106897400,131.5128974609375,196.1590861134826
1789130182122892000,131.52889208984374,196.13440069967635
1789130182138885000,131.54488500976564,194.12791728095937
1789130182154882300,131.56088232421874,192.63021564064567
1789130182170880500,131.5768806152344,194.50664190014217
1789130182186880300,131.59288037109374,194.8319674081063
1789130182202876700,131.60887670898438,194.5412411535225
1789130182218866200,131.6248662109375,197.94420609154366
1789130182234856400,131.6408564453125,198.37353912302189
1789130182250845700,131.656845703125,197.14555019736014
1789130182266835700,131.6728356933594,198.24585570136335
1789130182282827800,131.68882788085938,196.66086769690847
1789130182298813700,131.70481372070313,195.80968796187307
1789130182314796300,131.72079638671875,197.13158581394958
1789130182330786800,131.73678686523436,196.206898989001
1789130182346785500,131.75278564453126,194.21585330251946
1789130182362781200,131.76878125,194.6287806846687
1789130182378772500,131.7847724609375,196.36784562648583
1789130182394761700,131.80076171875,194.1723379330604
1789130182410750700,131.81675073242187,192.29526663734583
1789130182426741000,131.83274096679688,194.991843227999
1789130182442731800,131.84873168945313,196.23704213744622
1789130182458721000,131.86472094726562,195.5844019098476
1789130182474707500,131.88070751953126,194.49386806443425
1789130182490695200,131.89669506835938,193.53245671551468
1789130182506685700,131.91268579101563,194.7725335187444
1789130182522681300,131.92868139648436,193.272344640404
1789130182538678500,131.9446784667969,194.39046291589918
1789130182554673700,131.96067358398437,196.68092733188055
1789130182570670300,131.97667041015626,195.58833201802386
1789130182586660400,131.99266040039063,192.23150111795835
1789130182602653000,132.00865283203126,190.57352309588404
1789130182618645000,132.02464501953125,193.94323026775714
1789130182634642200,132.04064208984374,194.27418078573902
1789130182650636500,132.05663647460938,192.61362728967603
1789130182666638000,132.07263818359374,194.18008219754174
1789130182682639400,132.08863940429688,196.41209662937285
1789130182698636800,132.10463671875,194.95716340541503
1789130182714633500,132.12063354492187,191.15994430111016
1789130182730633500,132.13663354492186,188.31232401240592
1789130182746632000,132.1526318359375,189.6797030659925
1789130182762626000,132.1686259765625,192.08102620951178
1789130182778619400,132.18461938476563,192.97977665399682
1789130182794618600,132.20061865234376,192.3390880327567
1789130182810615000,132.21661499023438,192.3807573164456
1789130182826611000,132.23261083984374,193.74904849719832
1789130182842605300,132.24860522460938,192.6995849301577
1789130182858598400,132.26459838867189,194.03624346792648
1789130182874590000,132.28058984375,193.7023000883555
1789130182890586600,132.29658666992188,188.18252315981195
1789130182906593500,132.31259350585938,188.13010214718054
1789130182922598000,132.32859790039063,193.74904849719832
1789130182938603000,132.34460302734374,194.37158291657207
1789130182954600200,132.36060009765626,192.01541816830735
1789130182970595600,132.376595703125,190.844123539418
1789130182986589400,132.39258935546874,189.6930035290386
1789130183002581800,132.40858178710937,189.6409057138749
1789130183018567700,132.42456762695312,189.61659167264716
1789130183034560300,132.44056030273438,189.52343762548722
1789130183050559500,132.4565595703125,189.94429453328274
1789130183066552300,132.47255224609376,187.25972355999275
1789130183082544600,132.48854467773438,184.60212149937922
1789130183098532400,132.5045324707031,188.05441461854525
1789130183114521000,132.52052099609375,192.40741791934627
1789130183130511400,132.53651147460937,194.8319674081063
1789130183146502000,132.552501953125,197.05911455146534
1789130183162495500,132.56849560546874,195.97280990430596
1789130183178488000,132.58448803710937,194.17806314998882
1789130183194475300,132.60047534179688,196.05154811596088
1789130183210468400,132.61646826171875,196.73599552474113
1789130183226460000,132.6324599609375,193.62699415780662
1789130183242453800,132.64845385742188,195.97213148487486
1789130183258441000,132.66444091796876,196.71781673957426
1789130183274426600,132.68042651367188,192.6712335214396
1789130183290417700,132.69641772460938,191.89831474252898
1789130183306413600,132.71241357421874,193.8514177250141
1789130183322407000,132.7284069824219,196.7765148292596
1789130183338397200,132.74439721679687,198.69597486332577
1789130183354383400,132.76038330078126,197.86643164305778
1789130183370368000,132.77636791992188,193.8514177250141
1789130183386356200,132.79235620117188,195.70273330146318
1789130183402342700,132.8083427734375,197.04393329320303
1789130183418327300,132.8243273925781,192.40366277392212
1789130183434317000,132.84031713867188,191.82148859339
1789130183450311200,132.85631127929688,194.49386806443425
1789130183466304500,132.87230444335938,197.11731568903866
1789130183482298000,132.88829809570314,195.1697306070083
1789130183498287600,132.90428759765626,192.35025574653292
1789130183514278400,132.9202783203125,192.58945947712925
1789130183530271700,132.93627172851564,193.42822891696343
1789130183546260700,132.9522607421875,193.71149346330637
1789130183562250500,132.96825048828126,192.05495980320322
1789130183578247000,132.98424682617187,195.48158242064082
1789130183594235600,133.00023559570312,197.16191898266626
1789130183610225200,133.01622509765625,193.3553400760872
1789130183626214400,133.03221435546874,193.3553400760872
1789130183650201600,133.05620166015626,195.40918511932864
1789130183666195200,133.0721953125,195.35749373847062
1789130183682183400,133.08818334960938,195.22085092819182
1789130183698178300,133.10417822265626,193.29519069534825
1789130183714173400,133.12017333984375,191.63363471271467
1789130183730164200,133.13616430664064,193.2620229411043
1789130183746148000,133.15214819335938,195.30613811355911
1789130183762136000,133.16813598632814,193.71149346330637
1789130183778123300,133.18412329101562,191.9924208463318
1789130183794104300,133.20010424804687,193.99203416202687
1789130183810087200,133.21608715820312,193.59483742750805
1789130183826070000,133.23207006835938,191.449338277603
1789130183842057000,133.24805688476562,194.16877032252546
1789130183858045000,133.264044921875,196.82560526114065
1789130183874038800,133.28003881835937,193.6324435113223
1789130183890031000,133.29603100585936,193.40959571592305
1789130183906021000,133.31202124023437,195.48416975252883
1789130183922011600,133.32801171875,192.6063131826282
1789130183938007300,133.34400732421875,192.54782357837624
1789130183954001000,133.3600009765625,194.8729397717063
1789130183969994500,133.37599438476562,196.41078373198582
1789130183985990000,133.39198999023438,197.29756462965142
1789130184001985500,133.40798559570314,192.74115550681066
1789130184017979600,133.42397973632814,191.34501850562302
1789130184033973000,133.43997290039061,193.54578586174878
1789130184049966800,133.455966796875,194.17053043678126
1789130184065960400,133.47196044921876,194.40002095574482
1789130184081963000,133.487962890625,193.18780896688918
1789130184097960700,133.50396069335937,195.91999926395712
1789130184113955800,133.51995581054686,194.5030875173042
1789130184129949200,133.53594921875,193.07232404432446
1789130184145943300,133.551943359375,196.88032970940446
1789130184161938000,133.56793798828124,195.44141766663756
1789130184177927700,133.583927734375,194.4877378147559
1789130184193921000,133.59992114257813,196.02029143608095
1789130184209914600,133.61591455078124,194.12318614557168
1789130184225908200,133.631908203125,193.63774827958832
1789130184241896000,133.64789599609375,196.15393306889138
1789130184257891600,133.6638916015625,194.12548978739582
1789130184273887700,133.6798876953125,192.17145844557257
1789130184289880000,133.6958801269531,193.272344640404
1789130184305875700,133.71187573242187,194.62087305872163
1789130184321865500,133.72786547851564,193.62699415780662
1789130184337855700,133.74385571289062,193.9026868898984
1789130184353843000,133.75984301757813,195.61362035088052
1789130184369829600,133.77582958984374,194.5742156862224
1789130184385819000,133.79181884765626,193.4412047263503
1789130184401809200,133.80780908203124,194.29687353750433
1789130184417801700,133.8238017578125,193.324530515422
1789130184433797600,133.83979760742187,192.5685829075825
1789130184449787000,133.85578686523436,192.91117636187838
1789130184465782300,133.8717822265625,192.23397840525584
1789130184481783600,133.88778344726563,192.9404363430195
1789130184497780200,133.9037802734375,193.6324435113223
1789130184513776000,133.9197761230469,190.8587935276733
1789130184529763300,133.93576342773437,190.61965561981248
1789130184545752000,133.951751953125,193.29218528585105
1789130184561746200,133.96774609375,196.50436085974886
1789130184577736200,133.98373608398438,199.23494404963824
1789130184593726700,133.99972680664064,197.3425755746344
1789130184609718000,134.01571801757814,196.44338042284215
1789130184625715500,134.03171557617188,197.3189379996798
1789130184641714200,134.04771411132813,194.71507137534172
1789130184657714700,134.06371459960937,193.42580915109286
1789130184673710300,134.07971044921874,193.24051991518718
1789130184689702000,134.09570190429687,194.8586144183951
1789130184705696800,134.11169677734375,195.1577858959165
1789130184721695700,134.12769580078125,194.65135872658408
1789130184737688000,134.14368798828124,195.56376966196723
1789130184753683200,134.15968310546876,195.79240367225074
1789130184769678600,134.1756787109375,196.51781413351932
1789130184785671200,134.19167114257812,195.68590576166454
1789130184801666800,134.20766674804688,197.15921855941602
1789130184817659100,134.2236591796875,196.02391900076395
1789130184833656000,134.2396560058594,194.5742156862224
1789130184849652000,134.25565185546876,193.7716006529039
1789130184865654800,134.27165478515624,193.45252870011683
1789130184881653200,134.2876533203125,193.07912358905367
1789130184897650700,134.30365063476563,192.5489612915742
1789130184913647900,134.31964794921876,196.86393940471527
1789130184929642000,134.33564208984376,196.14902267899592
1789130184945640200,134.35164013671874,194.4877378147559
1789130184961638400,134.36763842773436,195.83526424119265
1789130184977633800,134.3836337890625,195.032179258679
1789130184993624600,134.39962451171874,194.26146098816236
1789130185009623300,134.41562329101563,194.2555978085687
1789130185025622300,134.43162231445314,194.3412372037
1789130185041620000,134.44761987304688,192.7879724111439
1789130185057616100,134.4636162109375,193.39249761416005
1789130185073608400,134.4796083984375,191.41756378232594
1789130185089601000,134.49560107421874,192.7712423339177
1789130185105595100,134.51159521484374,197.57434760037754
1789130185121590300,134.52759033203125,195.91938868244156
1789130185137583400,134.54358325195312,195.39017025539766
1789130185153577000,134.55957690429688,192.48808572495847
1789130185169572400,134.575572265625,189.58294461152553
1789130185185561600,134.5915615234375,191.9370992856228
1789130185201555200,134.60755517578124,192.9259990782065
1789130185217550300,134.62355029296876,190.85879352767333
1789130185233547800,134.6395478515625,191.2392846856976
1789130185249542400,134.65554248046874,195.55457100058575
1789130185265537800,134.67153784179686,198.68460181790786
1789130185281535500,134.68753540039063,194.98163322565478
1789130185297537000,134.703537109375,191.0543129834598
1789130185313537000,134.719537109375,191.70806483061156
1789130185329532700,134.73553271484374,192.13298759674797
1789130185345526800,134.75152685546874,191.4819916109803
1789130185361520000,134.76752001953125,193.8206852772977
1789130185377519600,134.78351953125,194.47595716747787
1789130185393521000,134.79952099609375,194.75296261110952
1789130185409522700,134.81552270507814,194.4877378147559
1789130185425530600,134.83153051757813,193.1043259357503
1789130185441539000,134.8475390625,194.4877378147559
1789130185457543200,134.86354321289062,196.09764322886446
1789130185473546200,134.87954614257814,196.83747277011602
1789130185489551400,134.89555126953124,195.92058181531368
1789130185505557200,134.91155712890625,195.36743268374556
1789130185521558000,134.92755810546876,194.84761645471121
1789130185537562000,134.94356201171874,195.3042421763837
1789130185553574000,134.95957397460938,195.61362035088052
1789130185569580000,134.975580078125,193.89906430563937
1789130185585587000,134.9915869140625,193.0660042881096
1789130185601592000,135.0075920410156,198.18904641257095
1789130185617595400,135.02359545898437,198.37482693431966
1789130185633597700,135.03959765625,192.25717436059878
1789130185649596400,135.05559643554687,192.64542028964843
1789130185665593900,135.07159375,193.7243721134993
1789130185689586700,135.0955866699219,193.28239476393577
1789130185705582000,135.11158203125,195.66378338913776
1789130185721576000,135.12757592773437,196.24437359032063
1789130185737569800,135.14356982421876,194.76261626950986
1789130185753569300,135.1595693359375,197.7305281931603
1789130185769562600,135.17556274414062,195.4221607652795
1789130185785554700,135.1915546875,194.8586144183951
1789130185801552400,135.20755249023438,197.18570727791504
1789130185817550800,135.22355078125,196.59117206260515
1789130185833550600,135.23955053710938,195.38518926884518
1789130185849550300,135.25555029296876,194.72430993535133
1789130185865548000,135.27154809570314,196.23704213744622
1789130185881543200,135.28754321289063,194.7725335187444
1789130185897536300,135.30353637695313,194.0825628544794
1789130185913526500,135.31952661132811,194.75296261110952
1789130185929518300,135.3355183105469,194.52141543974795
1789130185945506000,135.35150610351562,193.4178100533025
1789130185961497000,135.3674970703125,193.49573236229668
1789130185977486600,135.38348657226564,198.4960978281631
1789130185993479700,135.39947973632812,197.65012448279398
1789130186009475600,135.4154755859375,196.40053970510647
1789130186025474300,135.43147436523438,194.50016707104695
1789130186041470500,135.44747045898438,194.4877378147559
1789130186057465000,135.46346508789063,197.22889970581105
1789130186073460700,135.47946069335939,196.206898989001
1789130186089454600,135.49545458984375,195.99703691905665
1789130186105447200,135.511447265625,195.23901146433184
1789130186121440300,135.52744018554688,194.97911268731417
1789130186137432800,135.5434328613281,194.72430993535133
1789130186153425700,135.55942578125,194.2182785160452
1789130186169420000,135.575419921875,191.66491988352436
1789130186185423400,135.59142333984374,192.9259990782065
1789130186201420500,135.60742065429687,195.35367777201458
1789130186217417000,135.6234169921875,193.4884111482149
1789130186233412400,135.63941235351564,193.89717607179935
1789130186249416200,135.65541625976562,196.9195404235556
1789130186265417700,135.67141772460937,196.4107837319858
1789130186281420000,135.687419921875,193.90442803375552
1789130186297422600,135.70342260742189,194.8001408243181
1789130186313425000,135.7194248046875,195.68590576166454
1789130186329423400,135.73542333984375,196.15393306889138
1789130186345428700,135.7514287109375,194.08132234762627
1789130186361432600,135.7674326171875,194.03624346792648
1789130186377431800,135.78343188476563,196.77377491982648
1789130186393429800,135.7994296875,193.67130603308493
1789130186409428200,135.81542822265624,191.8131452545735
1789130186425426000,135.8314260253906,191.80506853286312
1789130186441428000,135.8474279785156,193.324530515422
1789130186457435000,135.86343481445311,194.03624346792648
1789130186473434600,135.8794345703125,192.35025574653292
1789130186489432000,135.89543212890624,194.2182785160452
1789130186505431300,135.91143139648437,193.85635167339044
1789130186521433600,135.92743359375,193.0500287242368
1789130186537439000,135.94343896484375,191.74563314716835
1789130186553446400,135.9594462890625,191.1291894545489
1789130186569456600,135.97545654296874,195.33925374102415
1789130186585466400,135.99146630859374,197.14366542159286
1789130186601470200,136.00747021484375,195.91999926395712
1789130186617480200,136.0234802246094,195.0049206086143
1789130186633488600,136.03948852539062,195.13883177551944
1789130186649495000,136.0554951171875,193.2620229411043
1789130186665497900,136.07149780273437,192.17145844557257
1789130186681504300,136.08750415039063,193.54578586174878
1789130186697510400,136.1035104980469,195.37167480363283
1789130186713517800,136.11951782226564,197.06106879436928
1789130186729529300,136.135529296875,195.8676185364331
1789130186745539600,136.15153955078125,193.272344640404
1789130186761547800,136.1675478515625,193.272344640404
1789130186777552000,136.1835517578125,193.99084310468197
1789130186793557000,136.19955688476563,192.90009068844344
1789130186809560600,136.215560546875,190.7842978011372
1789130186825560600,136.231560546875,190.11203992150615
1789130186841562600,136.24756274414062,192.62725387741176
1789130186857566200,136.26356616210938,194.8369087522302
1789130186873569800,136.27956982421875,195.25511792468862
1789130186889575700,136.29557568359374,197.22889970581105
1789130186905582800,136.31158276367188,196.1013030841355
1789130186921585700,136.32758569335937,196.75379353425902
1789130186937584400,136.34358447265626,198.85756555522798
1789130186953580500,136.35958056640624,195.8676185364331
1789130186969580800,136.37558081054686,196.2602056797167
1789130186985589200,136.39158935546874,196.28288464924194
1789130187001601800,136.40760180664063,196.23704213744622
1789130187017606400,136.4236064453125,197.21607371141405
1789130187033614300,136.4396142578125,194.2111917069123
1789130187049617700,136.45561767578124,193.81502589515432
1789130187065621800,136.47162182617188,195.4221607652795
1789130187081629400,136.48762939453124,195.4221607652795
1789130187097628700,136.50362866210938,195.20630060950293
1789130187113635600,136.51963549804688,194.43597423939212
1789130187129634800,136.535634765625,198.7380979862036
1789130187145639400,136.55163940429688,199.17104184558954
1789130187161642200,136.56764233398437,194.534454974126
1789130187177645000,136.58364501953125,194.03624346792648
1789130187193648000,136.59964819335937,193.60610278376058
1789130187209653800,136.61565380859375,193.4602041020363
1789130187225656800,136.63165673828124,194.97911268731417
1789130187241661000,136.64766088867188,194.6287806846687
1789130187257663700,136.66366381835937,194.7725335187444
1789130187273661400,136.67966137695313,194.79009072069294
1789130187289661000,136.69566088867188,192.68941263066085
1789130187305663200,136.71166333007812,194.31482738823956
1789130187321661700,136.72766162109374,193.94449771558803
1789130187337663000,136.7436630859375,194.58891819270153
1789130187353666800,136.75966674804687,197.6924956987776
1789130187369666600,136.77566650390625,195.4221607652795
1789130187385664800,136.79166479492187,193.85391878791575
1789130187401672700,136.80767260742186,195.83799903687813
1789130187417680000,136.8236799316406,195.76065611871408
1789130187433680400,136.83968041992188,192.63021564064567
1789130187449687600,136.8556875,191.8131452545735
1789130187465694500,136.87169458007813,193.38419549270336
1789130187481699600,136.88769946289062,191.51702469744382
1789130187497703400,136.90370336914063,192.70711397333594
1789130187513703700,136.91970361328126,194.50016707104695
1789130187529705700,136.93570581054686,193.6324435113223
1789130187545707000,136.95170703125,193.30172343288413
1789130187561709300,136.96770922851562,195.4034244336637
1789130187577713400,136.98371337890626,198.1218605470238
1789130187593717000,136.99971704101563,195.2383993886009
1789130187609718800,137.01571875,195.18845703696505
1789130187625719600,137.03171948242186,197.9279192271451
1789130187641721300,137.04772143554686,196.1590861134826
1789130187657721000,137.06372119140624,194.62087305872163
1789130187673718300,137.07971826171874,195.6569515829739
1789130187689715000,137.09571484375,196.30509569830102
1789130187705718000,137.1117180175781,195.35013741494635
1789130187721714700,137.12771459960936,196.20072234469112
1789130187737709000,137.143708984375,196.71781673957426
1789130187753705700,137.15970581054688,192.98043173359943
1789130187769699000,137.17569897460936,194.8001408243181
1789130187785695200,137.1916953125,193.63774827958832
1789130187801695200,137.2076953125,191.41756378232594
1789130187825698000,137.23169799804688,192.62725387741176
1789130187841700900,137.24770092773437,191.9708750097518
1789130187857701600,137.26370166015624,191.17383876783052
1789130187873700000,137.2797001953125,194.2111917069123
1789130187889701600,137.29570166015625,196.05154811596088
1789130187905708500,137.31170849609376,192.2405817841779
1789130187921716200,137.32771630859375,190.61965561981248
1789130187937718800,137.34371875,193.94692900760342
1789130187953726200,137.35972631835938,195.08952379274928
1789130187969730300,137.37573022460938,194.44131217459795
1789130187985732400,137.391732421875,193.0500287242368
1789130188001733600,137.40773364257814,195.4034244336637
1789130188017734700,137.42373461914062,197.5255682972584
1789130188033737700,137.43973779296874,196.1051432097466
1789130188049743400,137.45574340820312,194.17419475073882
1789130188065748000,137.471748046875,194.8953892108376
1789130188081750300,137.4877502441406,194.76261626950986
1789130188097752800,137.5037529296875,193.4602041020363
1789130188113759000,137.51975903320312,194.8840159100587
1789130188129759200,137.53575927734374,197.71579382222563
1789130188145757000,137.5517568359375,199.41846930613454
1789130188161758200,137.56775830078124,196.46413065290182
1789130188177767200,137.58376708984375,191.66491988352436
1789130188193773800,137.59977392578125,191.23694461476862
1789130188209775600,137.6157756347656,194.0825628544794
1789130188225779000,137.63177905273437,194.0801478803187
1789130188241781800,137.64778173828125,194.5151483201153
1789130188257788700,137.66378857421876,193.62699415780662
1789130188273796400,137.67979638671875,192.7301981543094
1789130188289807400,137.69580737304688,195.13883177551944
1789130188305812000,137.71181201171876,196.43416316289125
1789130188321819600,137.72781958007812,197.08850084985795
1789130188337824300,137.74382421875,194.03624346792648
1789130188353838600,137.75983862304687,191.79724810450725
1789130188369850000,137.77585009765625,194.93141632790653
1789130188385858600,137.79185864257812,195.0271092322805
1789130188401862000,137.80786181640624,192.3674681315999
1789130188417868300,137.8238684082031,192.83795496911495
1789130188433878300,137.8398781738281,194.0832067950437
1789130188457891600,137.8638916015625,195.5449194881262
1789130188473902300,137.87990234375,193.25141850813554
1789130188489902800,137.89590283203125,194.39046291589918
1789130188505901300,137.9119013671875,195.3042421763837
1789130188521903400,137.9279033203125,196.1051432097466
1789130188537904000,137.94390405273438,196.84719989154414
1789130188553898500,137.9598984375,195.28866340563988
1789130188569893000,137.97589306640626,196.21338185892984
1789130188585890800,137.99189086914063,195.1697306070083
1789130188601889000,138.00788891601562,193.57678404653998
1789130188617890800,138.02389086914062,193.29519069534825
1789130188633896200,138.03989624023438,193.57043407818668
1789130188649899500,138.0558994140625,194.12548978739582
1789130188665900800,138.07190087890626,194.08072736322993
1789130188681898000,138.08789794921876,193.85391878791575
1789130188697899500,138.1038994140625,193.76809140286784
1789130188713894400,138.1198942871094,194.08132234762627
1789130188729890300,138.13589038085937,195.0754056573108
1789130188745886500,138.15188647460937,194.52784875781103
1789130188761884200,138.16788427734375,191.91678082793572
1789130188777880600,138.1838806152344,195.3361591471104
1789130188793878800,138.19987866210937,196.77122260447902
1789130188809881300,138.21588134765625,196.59117206260515
1789130188825886200,138.23188623046875,195.1577858959165
1789130188841886200,138.24788623046874,192.09475677412124
1789130188857886500,138.26388647460936,193.39249761416005
1789130188873889800,138.27988989257813,195.80968796187307
1789130188889896400,138.295896484375,195.97213148487486
1789130188905901300,138.3119013671875,194.264513182724
1789130188921899800,138.32789965820314,196.1051432097466
1789130188937899300,138.34389916992188,198.94085818449798
1789130188953908200,138.359908203125,199.30867158438755
1789130188969912800,138.37591284179686,194.97911268731417
1789130188985921800,138.391921875,193.77501788165287
1789130189001928700,138.4079287109375,195.74204053988507
1789130189017929000,138.4239289550781,195.0543163475436
1789130189033927200,138.43992724609376,193.71590291165438
1789130189049930800,138.4559306640625,195.94539631003872
1789130189065929000,138.4719289550781,197.41084406291787
1789130189081932000,138.48793212890624,194.84761645471121
1789130189097932000,138.50393212890626,195.13883177551944
1789130189113933000,138.51993310546874,194.78272686379867
1789130189129934300,138.53593432617188,193.44464749184647
1789130189145933600,138.55193359375,194.90707179459827
1789130189161930800,138.5679306640625,194.89347289466997
1789130189177923800,138.583923828125,193.19646323327578
1789130189193918000,138.59991796875,194.12791728095937
1789130189209916000,138.615916015625,194.90707179459827
1789130189225915600,138.63191552734375,198.19421141899426
1789130189241916700,138.64791674804687,196.19483072939505
1789130189257914000,138.6639140625,195.17587255708705
1789130189273915400,138.67991528320312,195.20630060950293
1789130189289921800,138.695921875,194.70607760663347
1789130189305925600,138.71192553710938,199.30867158438755
1789130189321928000,138.72792797851562,196.26803556393705
1789130189337931500,138.743931640625,193.54578586174878
1789130189353931300,138.75993115234374,194.97911268731417
1789130189369934300,138.77593432617186,195.4345246808189
1789130189385938700,138.79193872070311,193.81502589515432
1789130189401943300,138.807943359375,193.28239476393577
1789130189417947600,138.82394775390625,194.8001408243181
1789130189433950500,138.83995043945313,196.9509327595017
1789130189449954600,138.85595458984375,195.91938868244156
1789130189465958000,138.8719580078125,192.63021564064567
1789130189481958700,138.88795874023438,193.07912358905367
1789130189497959400,138.90395947265625,194.03624346792648
1789130189513958100,138.91995825195312,191.9761325553501
1789130189529958400,138.93595849609375,187.2165795570942
1789130189545954300,138.95195434570311,183.07333258648714
1789130189561954000,138.9679541015625,176.37610744968336
1789130189577954300,138.98395434570313,166.6661976720548
1789130189593954300,138.99995434570312,161.0033459101548
1789130189609956000,139.0159560546875,157.48320798344827
1789130189625955600,139.03195556640625,156.41959319581457
1789130189641952300,139.0479521484375,158.33175872429794
1789130189657947600,139.06394775390626,156.8701362898264
1789130189673948000,139.07994799804686,154.34674015037066
1789130189689945000,139.09594506835938,154.57312539123393
1789130189705937400,139.1119375,154.38451727730668
1789130189721939000,139.12793896484374,152.41332326338116
1789130189737936100,139.14393603515626,149.6934118219817
1789130189753942300,139.1599423828125,146.11521538443083
1789130189777948200,139.1839482421875,145.62854862154919
1789130189793947100,139.19994702148438,143.77076267277715
1789130189809946400,139.2159462890625,143.2309758068795
1789130189841950000,139.24794995117188,140.05168970233512
1789130189889966300,139.29596630859376,139.51807336514958
1789130189905974800,139.31197485351564,135.46081482619823
1789130189921983000,139.32798291015624,132.4968601254185
1789130189937987000,139.34398706054688,124.64094756286124
1789130189953991000,139.3599909667969,118.45843676186324
1789130189969991200,139.3759912109375,110.85445776907581
1789130189985992700,139.39199267578124,94.12476664802386
1789130190001985500,139.40798559570314,81.53440238578617
1789130190017985300,139.4239853515625,72.75031154542008
1789130190033986300,139.439986328125,71.27421300534793
1789130190049989400,139.4559892578125,59.28717271375914
1789130190065997000,139.4719970703125,40.269061214895494
1789130190082008300,139.48800830078125,22.07528796853677
1789130190098020400,139.50402026367186,354.71875953893806
1789130190114032400,139.52003247070311,339.1455418960163
1789130190130041600,139.53604150390626,336.60960220078414
1789130190146046200,139.55204614257812,339.54161914822953
1789130190162055400,139.56805541992188,340.0707178541882
1789130190178061800,139.58406176757813,332.1929596718356
1789130190194067200,139.60006713867188,325.199331274693
1789130190210074000,139.61607421875,321.2772995468676
1789130190226073900,139.63207397460937,317.5208283751004
1789130190242073000,139.64807299804687,311.6335393365702
1789130190258078200,139.664078125,300.43972450654854
1789130190274084900,139.6800849609375,287.76485292117763
1789130190290085600,139.69608569335938,275.1281910696948
1789130190306089000,139.7120888671875,256.5042672789146
1789130190322092500,139.72809252929687,231.34019070472246
1789130190338099200,139.74409912109374,205.9065086010282
1789130190354111000,139.76011108398438,203.42869167286528
1789130190370124300,139.77612426757813,206.8109540696982
1789130190386129000,139.79212890625,231.23448019086837
1789130190402136600,139.80813647460937,293.5948211508732
1789130190418143700,139.82414379882812,308.04704456033096
1789130190434149000,139.8401491699219,304.3803440794874
1789130190450158600,139.85615869140625,300.2756911363077
1789130190466163700,139.87216381835938,298.669752317893
1789130190482173700,139.88817358398438,296.45835619659596
1789130190498182000,139.90418188476562,296.2586590339655
1789130190514197000,139.92019702148437,296.66866079829015
1789130190530212400,139.93621240234376,295.43368401047474
1789130190546222300,139.95222241210936,293.74060376619695
1789130190562233600,139.96823364257813,290.38429622552013
1789130190578244000,139.984244140625,294.02321501670485
1789130190594257200,140.00025708007811,297.3498759631358
1789130190610271500,140.016271484375,294.27951485676596
1789130190626284800,140.03228491210936,291.93388544697586
1789130190642291200,140.04829125976562,294.9779171097796
1789130190658299100,140.0642990722656,295.4077173659056
1789130190674313200,140.08031323242187,296.565051177078
1789130190690329600,140.09632958984375,293.4336706777186
1789130190706341600,140.11234155273436,291.8857926086019
1789130190722357500,140.128357421875,293.3953586146456
1789130190738371300,140.14437133789062,291.8248136718202
1789130190754380000,140.16038012695313,290.76096479405186
1789130190770385700,140.1763857421875,290.99540127015
1789130190786397000,140.19239697265624,292.44028435734003
1789130190802409000,140.20840893554688,290.81406529594375
1789130190818419200,140.22441918945313,288.0197683493281
1789130190834433000,140.24043310546875,287.07396628469684
1789130190850448100,140.2564482421875,286.1573398003772
1789130190866460000,140.2724599609375,288.78502111697844
1789130190882478300,140.28847827148437,292.2593991460538
1789130190898489900,140.30448974609374,293.607955816135
1789130190914499000,140.3204990234375,294.47372029015963
1789130190930512600,140.3365126953125,297.7321192831586
1789130190946524700,140.35252465820312,300.36334593538805
1789130190962535700,140.36853564453125,304.14456233907316
1789130190978548700,140.384548828125,308.82778037125047
1789130190994557700,140.4005576171875,313.60281833572253
1789130191010565600,140.41656567382813,319.4748962324773
1789130191026572300,140.432572265625,324.7712993623403
1789130191042575000,140.4485751953125,331.58733815121377
1789130191058579200,140.4645791015625,338.26318561453536
1789130191074589000,140.4805888671875,343.0871344472202
1789130191090594300,140.49659423828126,346.9543629156284
1789130191106602500,140.5126025390625,353.102572675744
1789130191122610400,140.5286103515625,0.23823472189273937
1789130191138621400,140.54462133789062,2.385944030388813
1789130191154631700,140.56063159179686,6.72335032669343
1789130191170643500,140.5766435546875,11.146430865729467
1789130191186663000,140.59266284179688,12.633361419740401
1789130191202677800,140.608677734375,13.420498701124455
1789130191218692400,140.6246923828125,14.007247888294202
1789130191234706000,140.64070581054688,15.911683021818614
1789130191250719500,140.65671948242186,12.689411769019165
1789130191266733000,140.67273315429688,13.91687754249292
1789130191282750200,140.68875024414064,20.526835295464704
1789130191298765600,140.704765625,19.53301431111425
1789130191314787300,140.72078735351562,18.758649766487665
1789130191330810400,140.73681030273437,19.653824058053306
1789130191346830600,140.75283056640626,19.332927710381018
1789130191362850800,140.76885083007812,16.84870189726345
1789130191378864400,140.78486450195314,13.188896856499296
1789130191394876400,140.80087646484375,10.25471954339324
1789130191410890800,140.81689086914062,7.083285929100306
1789130191426901800,140.83290185546875,2.6819559155131967
1789130191442914000,140.8489140625,359.2955791895758
1789130191458926800,140.8649267578125,354.41154881546817
1789130191474940700,140.88094067382812,350.9223249782684
1789130191490955800,140.89695581054687,352.03676319945515
1789130191506969900,140.91296997070313,353.18630031671563
1789130191522984000,140.92898388671875,352.8037644489717
1789130191538997800,140.94499780273438,354.2986917580874
1789130191555012900,140.96101293945313,357.44890494626696
1789130191571028500,140.97702856445312,0.9330734637487534
1789130191587043800,140.9930439453125,6.527840744593516
1789130191603055900,141.00905590820312,11.799627289348887
1789130191619070200,141.0250703125,15.406250638644257
1789130191635080700,141.04108081054687,18.526817648723892
1789130191651090200,141.05709008789063,22.341919924998482
1789130191667099600,141.073099609375,25.648396326345182
1789130191683109000,141.08910913085938,28.431741766553145
1789130191699118600,141.10511865234375,32.889978785119496
1789130191715126500,141.12112646484374,35.918578876180305
1789130191731138000,141.1371379394531,34.87798811497956
1789130191747150300,141.153150390625,33.213111017326156
1789130191763162400,141.16916235351562,35.52507237351991
1789130191779171300,141.18517138671876,40.7693874376471
1789130191795182600,141.2011826171875,42.83740956331149
1789130191811199000,141.21719897460937,42.99746676142013
1789130191827211000,141.2332109375,43.50292778000633
1789130191843216000,141.2492158203125,42.25879286623226
1789130191859222800,141.26522290039063,44.04515963127686
1789130191875233500,141.28123364257812,46.29459829790396
1789130191891243500,141.29724340820312,46.62728178014255
1789130191907252200,141.31325219726563,51.159162917321716
1789130191923265000,141.32926513671876,55.85417908796087
1789130191939277000,141.34527709960938,57.257693444276015
1789130191955289600,141.36128955078124,56.407985792840414
1789130191971298000,141.3772980957031,55.780352058770944
1789130191987307300,141.39330737304687,55.843851582215294
1789130192003313700,141.40931372070312,56.64092768715245
1789130192019323600,141.42532373046876,57.88197839318452
1789130192035329000,141.4413291015625,57.956103283705595
1789130192051333400,141.45733349609375,59.664461910269
1789130192067342300,141.47334228515626,60.75952215895586
1789130192083346700,141.4893466796875,57.01683642604033
1789130192099352300,141.50535229492186,56.61379643758306
1789130192115360800,141.52136083984374,58.39249787983332
1789130192131364900,141.53736474609374,59.368630060327526
1789130192147367400,141.55336743164062,62.235783408234866
1789130192163376000,141.56937622070313,64.1538724848941
1789130192179388400,141.5853884277344,62.154499125095874
1789130192195399700,141.60139965820312,60.31686098939979
1789130192211403000,141.61740307617188,62.76485392349926
1789130192227413800,141.63341381835937,65.09523055483456
1789130192243419100,141.6494191894531,66.36355075021497
1789130192259423700,141.665423828125,66.06289098868609
1789130192275433200,141.68143310546876,65.65064482060298
1789130192291441400,141.69744140625,63.721424609217124
1789130192307455500,141.71345556640625,62.75491098154804
1789130192323460900,141.7294609375,65.01356713021484
1789130192339465700,141.7454658203125,64.64795997004845
1789130192355473000,141.76147290039063,63.76968237698493
1789130192371477200,141.77747729492188,64.73818809056614
1789130192387484400,141.793484375,64.44495583401279
1789130192403489300,141.8094892578125,64.0516113436499
1789130192419490000,141.8254899902344,64.61209398343857
1789130192435492400,141.84149243164063,65.4523612610827
1789130192451489300,141.8574892578125,66.17428451155887
1789130192467496700,141.87349658203124,67.67937614596194
1789130192483504000,141.88950415039062,66.41296932314036
1789130192499512000,141.9055119628906,62.82188520192144
1789130192515518500,141.9215185546875,62.711133282630406
1789130192531534000,141.9375341796875,63.65574051179253
1789130192547548700,141.95354858398437,62.417970818766015
1789130192563559000,141.96955883789062,64.12315268641647
1789130192579570000,141.98556982421874,65.61818658508176
1789130192595580700,142.00158056640626,63.94147893203914
1789130192611594000,142.0175939941406,64.85287171236621
1789130192627604000,142.03360400390625,65.75495098588048
1789130192643615200,142.049615234375,64.52561971725068
1789130192659626500,142.06562646484375,66.48094819315816
1789130192675639600,142.0816396484375,67.6755735293264
1789130192691652000,142.09765209960938,65.62165046422685
1789130192707661800,142.11366186523438,65.75407148056685
1789130192723672600,142.12967260742187,68.7293162211825
1789130192739688200,142.14568823242186,68.22280698784307
1789130192755697000,142.16169677734376,67.38013603172493
1789130192771706400,142.17770629882813,67.0150667749004
1789130192787718400,142.19371850585938,64.40289624617728
1789130192803728400,142.20972827148438,66.13275339515097
1789130192819738600,142.22573852539062,66.34779704899435
1789130192835746300,142.24174633789062,66.22620481179295
1789130192851754200,142.25775415039064,69.18084784575919
1789130192867766000,142.27376611328125,68.5699925404231
1789130192883776000,142.28977587890626,68.27198399687607
1789130192899779300,142.305779296875,69.50494009686618
1789130192915779800,142.32177978515625,68.85853712706407
1789130192931781600,142.33778173828125,67.902108149497
1789130192947786000,142.35378588867187,63.67543313817346
1789130192963789300,142.36978930664063,63.72877001993765
1789130192979792600,142.3857927246094,67.36029222010481
1789130192995798300,142.40179833984374,66.99280120535782
1789130193011807000,142.41780688476564,65.44657597499088
1789130193027812600,142.4338125,65.85445675147095
1789130193043819000,142.44981909179688,65.22486000438091
1789130193059822300,142.465822265625,65.56670429647906
1789130193075823000,142.48182299804688,67.23394662002478
1789130193091822300,142.497822265625,66.83466348022587
1789130193107819300,142.5138193359375,68.05827473143131
1789130193123818200,142.529818359375,66.43583846990173
1789130193139818000,142.54581787109376,62.86200974278617
1789130193155816000,142.56181591796874,65.67282370126635
1789130193171819500,142.5778195800781,67.91623155704407
1789130193187823900,142.59382397460936,65.79516664453439
1789130193203827200,142.6098271484375,66.29176132253458
1789130193219833000,142.6258330078125,66.60223494934372
1789130193235836200,142.64183618164063,65.86667596583173
1789130193251849000,142.65784887695312,67.64791782335271
1789130193267861500,142.67386157226562,67.96377252754557
1789130193283868700,142.68986865234376,64.81253825278573
1789130193299876400,142.70587646484375,64.29432252334594
1789130193315883300,142.72188330078126,67.72973176161987
1789130193331888400,142.73788842773436,67.26058137895961
1789130193347898400,142.7538984375,67.45917627517038
1789130193363908900,142.76990893554688,67.28287523010228
1789130193379919600,142.78591967773437,65.49259466116341
1789130193395926500,142.80192651367187,64.58646665946526
1789130193411933200,142.81793310546874,63.83641426324879
1789130193427939800,142.83393994140624,63.89057122827801
1789130193443944700,142.84994482421874,64.29004588114422
1789130193459947000,142.86594702148437,63.49329614670624
1789130193475955200,142.881955078125,63.49329614670624
1789130193491963600,142.89796362304688,65.06985885546808
1789130193507965700,142.91396557617188,65.8627875340133
1789130193523964000,142.9299638671875,66.19405571219117
1789130193539968500,142.94596850585938,66.29735400361272
1789130193555975700,142.9619755859375,67.07246863966839
1789130193571981000,142.97798095703126,66.01151964436569
1789130193587985700,142.99398559570312,65.7486709682323
1789130193603991300,143.0099912109375,67.98621123395053
1789130193619997000,143.02599682617188,69.86760271248666
1789130193635999200,143.04199926757812,68.29341052586193
1789130193652004600,143.0580046386719,66.91871571299342
1789130193668014300,143.07401440429686,69.23979654993678
1789130193684028700,143.09002856445312,70.18706827901354
1789130193700041200,143.10604125976562,72.44410306213402
1789130193716049700,143.12204956054688,73.05738992852226
1789130193732064300,143.1380642089844,65.66459980730174
1789130193748075300,143.1540751953125,64.33012217748089
1789130193764086500,143.17008642578125,66.86973985738628
1789130193780097000,143.18609692382813,66.9031785262146
1789130193796110000,143.20211010742187,66.70053683482074
1789130193812121000,143.21812109375,67.45917627517036
1789130193828131000,143.23413110351564,69.35300998460798
1789130193844142800,143.25014282226562,68.19859013529675
1789130193860164000,143.2661640625,68.29574452984286
1789130193876178400,143.28217846679686,68.90590978648027
1789130193892194000,143.2981940917969,69.5026607954589
1789130193908211700,143.3142116699219,70.33801925362017
1789130193924222200,143.33022216796874,69.890668973825
1789130193940227300,143.34622729492187,68.80834562450212
1789130193956239000,143.36223901367188,68.01112088167098
1789130193972247800,143.37824780273436,67.81598624991264
1789130193988260900,143.3942607421875,67.32119880366315
1789130194004266000,143.41026586914063,66.86745640376748
1789130194020281300,143.42628125,66.15318303819654
1789130194036291300,143.44229125976562,65.67282370126635
1789130194052300500,143.45830053710938,66.56338678997191
1789130194068311600,143.4743115234375,68.67624437746723
1789130194084320000,143.49032006835938,67.4204273979172
1789130194100329700,143.50632983398438,66.78416745531555
1789130194116332000,143.52233203125,65.90407962949486
1789130194132335400,143.53833544921875,63.192940867341775
1789130194148346600,143.5543466796875,64.40289624617728
1789130194164356000,143.57035620117188,64.74911552695188
1789130194180361500,143.58636157226562,65.95761928794961
1789130194196369000,143.60236889648436,67.70284050922623
1789130194212379400,143.61837939453125,66.85070305534336
1789130194228388400,143.63438842773436,64.05464290158947
1789130194244399600,143.65039965820313,62.380202595481585
1789130194260411000,143.66641088867186,63.43494882292201
1789130194276418000,143.68241796875,64.22337442650267
1789130194292429800,143.69842993164062,61.885347801259016
1789130194308440000,143.71444018554686,61.772337061294294
1789130194324447200,143.730447265625,60.084871967580206
1789130194340456400,143.74645654296876,62.51183289880576
1789130194356465700,143.76246557617188,67.57791033267961
1789130194372472300,143.77847241210938,68.70264530209418
1789130194388478500,143.794478515625,69.1000652919962
1789130194404482800,143.81048291015625,66.95374649814505
1789130194420491300,143.8264912109375,66.31171394827562
1789130194436499700,143.84249975585936,65.91948372718375
1789130194452505900,143.858505859375,65.7486709682323
1789130194468518000,143.87451782226563,69.23593250188874
1789130194484526000,143.89052612304687,73.61046020305648
1789130194500535000,143.90653515625,73.47420427717388
1789130194516540200,143.9225400390625,72.48074892375156
1789130194532546300,143.93854638671874,69.3852957079592
1789130194548553700,143.9545537109375,66.52143743210986
1789130194564560000,143.9705598144531,66.96864830027224
1789130194580560400,143.98656030273438,67.17257801368804
1789130194596562000,144.00256201171874,66.80140921563483
1789130194612564000,144.01856396484374,64.42471692740287
1789130194628564000,144.03456396484376,61.9042836528873
1789130194644565800,144.05056567382812,62.06819151694772
1789130194660567000,144.06656713867187,66.11872476625896
1789130194676564200,144.08256420898437,70.17186555809333
1789130194692564000,144.09856396484375,69.27770484916847
1789130194708567000,144.11456713867187,68.24787793128023
1789130194724572400,144.1305725097656,68.43702290524037
1789130194740582100,144.14658203125,65.59817509063826
1789130194756589000,144.16258911132812,63.725787117845364
1789130194772600300,144.17860034179688,64.02257577358712
1789130194788612000,144.1946120605469,67.12822129822439
1789130194804625000,144.210625,69.69913388031009
1789130194820632300,144.22663232421874,68.03175745852222
1789130194836634400,144.24263427734374,66.34779704899435
1789130194852633900,144.2586337890625,65.52293312440017
1789130194868640300,144.27464013671874,66.68020314793657
1789130194884642800,144.29064282226562,66.09109682850628
1789130194900641000,144.30664111328124,65.15984544460098
1789130194916638200,144.32263818359374,67.23717700475792
1789130194932637200,144.33863720703124,67.2296208316133
1789130194948639200,144.35463916015624,64.60408889015049
1789130194964639700,144.3706396484375,64.97510499763692
1789130194980640000,144.38663989257813,68.27108593084726
1789130194996639000,144.40263891601563,67.74557486726353
1789130195012637200,144.41863720703125,63.256644618309835
1789130195028642000,144.43464208984375,60.829699571009805
1789130195044647200,144.45064721679688,62.02052503352296
1789130195060653300,144.4666533203125,64.76295849152372
1789130195076653600,144.48265356445313,67.0533374429268
1789130195092653300,144.4986533203125,67.63487573698896
1789130195108654600,144.51465454101563,66.1064086228422
1789130195124658400,144.53065844726564,63.070398847111406
1789130195140658200,144.546658203125,63.250915584362765
1789130195156658200,144.562658203125,66.40098968364917
1789130195172655900,144.57865576171875,64.72227933145346
1789130195188658000,144.59465795898439,65.76616222667862
1789130195204657700,144.61065771484374,68.62392233688425
1789130195220664600,144.62666455078124,65.62552317573281
1789130195236674000,144.64267407226563,67.466750184786
1789130195252681700,144.658681640625,69.9582359127924
1789130195268691500,144.67469140625,69.27104626137218
1789130195284704000,144.6907041015625,66.78354294405644
1789130195300713200,144.70671313476564,65.89437936127693
1789130195316722200,144.72272216796875,71.26993265459163
1789130195332733700,144.73873364257813,73.18136459111673
1789130195348748500,144.75474853515624,71.23671315792441
1789130195364757500,144.7707575683594,68.04559828281165
1789130195380768300,144.78676831054688,64.96655663054756
1789130195396771000,144.80277099609376,64.41322452129326
1789130195412770800,144.81877075195314,66.95915129300211
1789130195428774000,144.83477392578126,68.32374381361366
1789130195444774700,144.85077465820314,67.99146640716815
1789130195460774000,144.86677392578125,68.12084893794996
1789130195476774700,144.88277465820312,63.87860207132945
1789130195492781600,144.89878149414062,61.04113868784982
1789130195508788700,144.91478881835937,61.23235223694721
1789130195524797000,144.930796875,62.3308841981673
1789130195540808000,144.94680786132812,65.15094113303692
1789130195556814800,144.96281494140624,67.13401307707264
1789130195572820000,144.97882006835937,66.20129107779918
1789130195588820200,144.9948203125,64.45051369764164
1789130195604826000,145.010826171875,63.19165633043668
1789130195620836900,145.0268369140625,63.37287379695983
1789130195636849200,145.04284912109375,64.66692704647897
1789130195652863200,145.05886328125,65.00761585933627
1789130195668876300,145.07487622070312,64.72888371962293
1789130195684888600,145.090888671875,63.43494882292201
1789130195700897000,145.10689697265624,63.67798524564019
1789130195716904000,145.12290405273438,62.83185916216843
1789130195732914200,145.1389140625,63.493896426824364
1789130195748924000,145.154923828125,65.6329830036724
1789130195764932900,145.1709328613281,64.75600069743432
1789130195780942300,145.1869423828125,63.61381153801857
1789130195796957200,145.20295727539062,63.85098979035695
1789130195812968400,145.21896850585938,65.08668694474089
1789130195828978700,145.23497875976562,65.55604504631637
1789130195844987400,145.2509873046875,65.1214039274921
1789130195860998700,145.26699853515626,65.15761118847045
1789130195877011500,145.28301147460937,61.82141044546776
1789130195893023000,145.29902294921874,60.05043160510467
1789130195909038000,145.3150380859375,62.64596906014738
1789130195925050000,145.33105004882813,65.57747338317023
1789130195941055200,145.34705517578124,66.53210270309022
1789130195957066200,145.36306616210936,63.43494882292201
1789130195973082000,145.37908203125,65.33618356466926
1789130195989093600,145.39509375,66.07749312757178
1789130196005111300,145.411111328125,64.19032676213278
1789130196021122000,145.4271220703125,66.19405571219117
1789130196037130800,145.443130859375,65.71853829320017
1789130196053141800,145.45914184570313,65.15094113303691
1789130196069152500,145.47515258789062,66.71545613568274
1789130196085158100,145.491158203125,63.967643071521245
1789130196101169400,145.50716943359376,62.83814088341964
1789130196117183000,145.52318286132814,67.93847943818193
1789130196133190700,145.53919067382813,73.00282085848886
1789130196149197600,145.55519750976563,69.4293199735614
1789130196165203200,145.571203125,63.725787117845364
1789130196181206500,145.58720654296874,65.08668694474089
1789130196197209300,145.60320922851562,65.68765932073741
1789130196213214500,145.61921435546876,65.89148455527341
1789130196229222700,145.63522265625,68.86980869880692
1789130196245231400,145.6512314453125,69.16879139260647
1789130196261246500,145.66724658203125,69.1932092260231
1789130196277261000,145.68326098632812,65.52197343215056
1789130196293270800,145.69927075195312,61.025867162817164
1789130196309282800,145.71528271484374,66.40792553185926
1789130196325289700,145.73128979492188,71.33768958818457
1789130196341295000,145.74729516601562,71.89623811497269
1789130196357299200,145.76329931640626,72.12130317526972
1789130196373306400,145.77930639648437,71.33617466502524
1789130196389307000,145.79530688476564,70.38790486046616
1789130196405317400,145.8113173828125,72.06865269302875
1789130196421318400,145.827318359375,74.39401127906079
1789130196437320400,145.84332055664063,72.16893752356921
1789130196453322200,145.859322265625,67.23394662002478
1789130196469327400,145.87532739257813,69.20008280995378
1789130196485334000,145.891333984375,73.3466742614066
1789130196501345500,145.90734545898437,74.59775393265674
1789130196517358000,145.92335815429686,71.80083535821825
1789130196533374500,145.93937451171874,68.58703132171813
1789130196557395500,145.9633955078125,74.82708482201573
1789130196573405000,145.97940502929688,74.78545972427773
1789130196589414400,145.9954143066406,74.74488129694222
1789130196605428700,146.0114287109375,74.73454470565676
1789130196629441000,146.03544091796874,76.362626815325
1789130196645456100,146.0514560546875,79.6445385428438
1789130196661473800,146.06747387695313,79.32544427574531
1789130196677485000,146.08348510742186,77.55718485637007
1789130196693502500,146.09950244140626,77.11852944324264
1789130196709522200,146.11552221679688,76.07903952539509
1789130196725543700,146.13154370117186,74.40447201277074
1789130196741559000,146.14755908203125,75.2681158681726
1789130196757575000,146.16357495117188,77.16168095809165
1789130196773593900,146.17959375,77.43530069024072
1789130196789616400,146.19561645507812,75.55760249510246
1789130196805630000,146.2116298828125,76.15152211829573
1789130196821643500,146.2276435546875,75.34158922971685
1789130196837655600,146.24365551757813,73.83550130148832
1789130196853675500,146.2596755371094,74.63475446483676
1789130196869691100,146.27569116210938,75.49412929104952
1789130196885708300,146.29170825195314,75.85508767336216
1789130196901723000,146.30772290039062,73.93011652164077
1789130196917737000,146.32373706054688,69.35798953470717
1789130196933751800,146.33975170898438,66.33277887574761
1789130196949763000,146.35576318359375,65.76616222667862
1789130196965778000,146.37177783203126,67.77893853871903
1789130196981795300,146.38779541015626,68.34766878634761
1789130196997811200,146.4038112792969,64.89285172230736
1789130197013825300,146.4198251953125,64.10397726233394
1789130197029843200,146.43584326171876,64.29462822661945
1789130197045858300,146.4518583984375,66.59166234881707
1789130197061878000,146.4678779296875,67.26058137895961
1789130197077896700,146.48389672851562,68.43702290524037
1789130197093919700,146.49991967773437,73.173199765018
1789130197109938700,146.51593872070313,72.7789276942107
1789130197125954000,146.5319541015625,70.98296657897656
1789130197141970400,146.54797045898437,67.5901627732711
1789130197157989000,146.5639890136719,64.36398778055724
1789130197174008800,146.5800087890625,66.13500145064891
1789130197190028000,146.59602807617188,67.5901627732711
1789130197206040800,146.61204077148437,69.03893389198235
1789130197222053600,146.6280537109375,73.46516161723882
1789130197238070000,146.64407006835938,71.098610515697
1789130197254087700,146.66008764648439,67.7183358419911
1789130197270101200,146.67610131835937,69.36723281196592
1789130197286114800,146.69211474609375,69.61301320365727
1789130197302132500,146.7081325683594,69.58157569000608
1789130197318147600,146.72414770507814,66.64443487640058
1789130197334155500,146.74015551757813,64.98310601056258
1789130197350165500,146.75616552734374,68.70884449530408
1789130197366178300,146.77217822265624,71.07535602743157
1789130197382192000,146.7881921386719,69.53589926484534
1789130197398208000,146.8042080078125,65.91680423897625
1789130197414220800,146.820220703125,65.66768859556903
1789130197430229000,146.83622900390625,66.53392366984598
1789130197446242000,146.8522419433594,65.50142438277818
1789130197462257200,146.86825708007814,67.37004106904956
1789130197478267000,146.88426684570314,70.57444441294976
1789130197494275000,146.90027514648438,69.61301320365727
1789130197510287000,146.916287109375,66.05100453656596
1789130197526303500,146.93230346679687,65.57807356467029
1789130197542323500,146.94832348632812,66.46961767592866
1789130197558340900,146.9643408203125,66.46961767592866
1789130197574358300,146.98035815429688,67.33946470616996
1789130197590376200,146.99637622070313,67.64116177871954
1789130197606400000,147.01239990234376,66.38572803811462
1789130197622424000,147.02842407226564,66.20129107779918
1789130197638441500,147.04444140625,66.76649491792517
1789130197654466600,147.06046655273437,69.06169466062937
1789130197670493700,147.07649365234374,72.82619643072742
1789130197686510300,147.09251025390626,71.87601604223609
1789130197702520800,147.10852075195314,69.97498883662873
1789130197718539000,147.1245390625,70.25610120826096
1789130197734553000,147.14055297851561,70.42946626244232
1789130197750565000,147.15656518554687,69.54842732049822
1789130197766574800,147.17257495117187,67.38998605784555
1789130197782583300,147.18858325195313,70.21995416471177
1789130197798590700,147.2045908203125,74.00494074889967
1789130197814601000,147.22060107421876,73.81079461695761
1789130197830616000,147.23661596679688,73.79230764428775
1789130197846640600,147.252640625,75.93584846292522
1789130197862659600,147.26865966796876,75.82542837196948
1789130197878671400,147.28467138671874,74.90071648527116
1789130197894683600,147.30068359375,74.44425462973774
1789130197910701000,147.316701171875,71.71272024882884
1789130197926721800,147.3327216796875,71.33768958818457
1789130197942734600,147.34873461914063,74.90071648527116
1789130197958754600,147.36475463867188,75.16684710223186
1789130197974775800,147.38077587890626,73.59000870115591
1789130197990795800,147.39679565429688,70.51208068408195
1789130198006819800,147.41281982421876,72.81551024581454
1789130198022842000,147.42884204101563,75.93438940412028
1789130198038860300,147.4448603515625,73.97291571187895
1789130198054879700,147.46087963867188,74.64089617824364
1789130198070899500,147.4768994140625,73.43019742804188
1789130198086914600,147.49291455078125,72.99617976356807
1789130198102932700,147.5089326171875,74.13671378877926
1789130198118948900,147.52494897460937,72.96777880396286
1789130198134961400,147.54096142578126,70.15110000859771
1789130198150977800,147.55697778320314,69.93496804612224
1789130198166995700,147.57299560546875,74.79636041241865
1789130198183012400,147.58901245117187,76.33804558296312
1789130198199030500,147.60503051757811,72.75454521738324
1789130198215047400,147.62104736328126,72.60949109327845
1789130198231066600,147.63706665039064,71.8802927073156
1789130198247084800,147.65308471679688,72.50552582620044
1789130198263111200,147.66911108398438,72.67484992894796
1789130198279129600,147.68512963867187,75.09174233437444
1789130198295143400,147.70114331054688,77.78428078265873
1789130198311154700,147.71715478515625,77.68183729313633
1789130198327167700,147.7331677246094,78.35316948991392
1789130198343179300,147.74917919921876,75.90829162205277
1789130198359194400,147.7651943359375,74.73454470565676
1789130198375206700,147.78120654296876,75.58585951514875
1789130198391220500,147.79722045898438,76.44930259482793
1789130198407236000,147.81323608398438,74.0883169781814
1789130198423252200,147.82925219726562,72.46205341801436
1789130198439266600,147.8452666015625,74.10473224316709
1789130198455280400,147.8612802734375,75.21892354914537
1789130198471294700,147.87729467773437,70.44017447337093
1789130198487309000,147.89330908203124,66.06527730674776
1789130198503321300,147.9093212890625,68.14715768855916
1789130198519335700,147.9253356933594,67.19979335763391
1789130198535352600,147.9413525390625,66.27577521818789
1789130198551371500,147.95737158203124,65.57870822658604
1789130198567390500,147.97339038085937,68.44911680313037
1789130198583410000,147.98940991210938,69.6768625844476
1789130198599426000,148.00542602539062,65.75407148056684
1789130198615442200,148.0214421386719,64.76295849152372
1789130198631460600,148.03746069335938,63.25189552722454
1789130198647473400,148.05347338867188,64.47768903942837
1789130198663488000,148.06948803710938,67.15972734205042
1789130198687503400,148.09350341796875,68.3756618305935
1789130198703517400,148.10951733398437,68.95276890249367
1789130198719530500,148.1255305175781,71.15870596979747
1789130198735539500,148.14153955078126,73.73979452478959
1789130198751549200,148.15754907226562,71.911826413142
1789130198767556400,148.17355639648437,72.39308011623395
1789130198783560700,148.18956079101562,69.45923400442638
1789130198799562800,148.20556274414062,65.69144196960829
1789130198815569700,148.22156958007812,68.6820891820216
1789130198831579600,148.23757958984376,67.74004160892396
1789130198847593500,148.25359350585939,64.8350974546784
1789130198863608600,148.26960864257813,65.6005640356886
1789130198879622000,148.28562182617188,64.57114564265953
1789130198895634200,148.30163427734374,66.6081405101503
1789130198911649500,148.3176494140625,67.0488282281348
1789130198927658800,148.33365869140624,65.94042223493071
1789130198943667000,148.3496669921875,65.09079054523067
1789130198959678500,148.36567846679688,63.679278796526894
1789130198975692300,148.3816923828125,69.08644441878376
1789130198991704800,148.39770483398436,71.0257152493744
1789130199007719400,148.41371948242187,68.84681777521885
1789130199023723800,148.42972387695312,68.72171027722644
1789130199039733500,148.4457333984375,66.32439655293194
1789130199055740000,148.46173999023438,66.64443487640058
1789130199071752700,148.47775268554688,68.19859128903511
1789130199087763700,148.493763671875,67.97555405086631
1789130199103770400,148.50977026367187,67.4216605510635
1789130199119786000,148.52578588867186,66.03751102542182
1789130199135801000,148.5418010253906,66.37830859215741
1789130199151818500,148.5578186035156,70.4672536629181
1789130199167827000,148.57382690429688,72.54941850370282
1789130199183838500,148.58983837890625,68.7562543521175
1789130199199842000,148.60584204101562,68.3756618305935
1789130199215851300,148.62185131835938,70.50805339037622
1789130199231860700,148.63786083984374,68.86680390614794
1789130199247872500,148.65387255859375,67.26518904800629
1789130199263884500,148.66988452148436,69.8803664459464
1789130199279896300,148.68589624023437,69.10447252168193
1789130199295911400,148.70191137695312,65.87159678166873
1789130199311925800,148.71792578125,64.99151635339598
1789130199327942100,148.73394213867186,68.09682160570937
1789130199343953400,148.74995336914063,68.19859091625293
1789130199359963400,148.76596337890626,65.41842564527764
1789130199375971800,148.78197192382814,68.07205361950672
1789130199391985000,148.79798486328124,66.71072148161794
1789130199407994400,148.81399438476564,64.56688052825753
1789130199424002800,148.8300029296875,64.92442627079834
1789130199440011800,148.84601171875,66.5175951021969
1789130199456019200,148.86201928710938,68.07365354936407
1789130199472027600,148.8780275878906,69.6723453311353
1789130199488038400,148.89403833007813,71.15580229956633
1789130199504045600,148.91004565429688,70.25638501964681
1789130199520055000,148.92605493164064,71.11391273294436
1789130199536076800,148.94207690429687,72.25532868594517
1789130199552093400,148.95809350585938,72.1681427615917
1789130199568107800,148.9741076660156,71.64484955467951
1789130199584124200,148.99012426757812,70.90174256260065
1789130199600134000,149.0061337890625,71.14376600704271
1789130199616147700,149.0221477050781,71.89386026239767
1789130199632161800,149.03816186523437,70.45145130372914
1789130199648175400,149.05417529296875,70.91120471816131
1789130199664192300,149.07019213867187,72.2504708111878
1789130199680206600,149.08620654296874,70.63775487369034
1789130199696217900,149.1022177734375,69.83178742714658
1789130199712225500,149.1182255859375,69.17404733922501
1789130199728230700,149.13423071289063,67.97831814556835
1789130199744242400,149.15024243164063,68.27290301261147
1789130199760254200,149.1662541503906,69.35121856315573
1789130199776268300,149.18226831054687,70.3907784258055
1789130199792282600,149.19828271484374,70.6849363470873
1789130199808300500,149.21430053710938,69.11584056537299
1789130199824316200,149.23031616210938,66.73106597980073
1789130199840329000,149.24632885742187,67.18570543481061
1789130199856344600,149.26234448242187,68.00178407820187
1789130199872359200,149.27835913085937,68.27290301261148
1789130199888370200,149.2943701171875,66.78354294405644
1789130199904382000,149.3103818359375,66.97759616884676
1789130199920394200,149.32639428710937,68.90590978648025
1789130199936405500,149.34240551757813,70.01689329844093
1789130199952418800,149.35841870117187,67.47336670259077
1789130199968431000,149.37443115234376,65.3000143919161
1789130199984445700,149.39044580078124,66.97759616884676
1789130200000457000,149.40645703125,67.05333744292679
1789130200016467000,149.42246704101564,68.44911680313037
1789130200032480800,149.43848071289062,67.23717700475792
1789130200048496600,149.45449658203125,67.7841182198154
1789130200064513300,149.47051318359374,68.56091204990787
1789130200080525800,149.48652587890626,67.2686250613041
1789130200096539400,149.5025393066406,67.60538432550877
1789130200112552700,149.518552734375,67.3175739403886
1789130200128564200,149.53456420898436,66.92725507089204
1789130200144581400,149.55058129882812,67.2327385034898
1789130200160600600,149.5666005859375,65.18712308207103
1789130200176617200,149.5826171875,67.39028184020064
1789130200192631300,149.59863134765624,68.52116925456633
1789130200208644900,149.61464477539062,63.924643958709616
1789130200224651800,149.63065185546876,64.16712463971209
1789130200240660000,149.64665991210939,66.57130810869626
1789130200256669400,149.66266943359375,66.85421673119411
1789130200272682200,149.67868212890625,67.1400118334666
1789130200288703000,149.69470288085938,67.87090085057997
1789130200304717000,149.7107170410156,66.43198964062434
1789130200320720600,149.726720703125,65.64442985494745
1789130200336732700,149.74273266601563,65.10386496004423
1789130200352740900,149.75874096679686,67.16634480169934
1789130200368746200,149.77474633789063,66.06527730674776
1789130200384755200,149.79075512695312,65.32984784821222
1789130200400757500,149.8067575683594,66.97759616884676
1789130200416765700,149.822765625,64.7842803420946
1789130200432777200,149.8387770996094,66.01032444282697
1789130200448788000,149.8547880859375,67.84242662818774
1789130200464795400,149.87079541015626,66.61151734084956
1789130200480807400,149.88680737304688,65.56731769690045
1789130200496822800,149.90282275390626,67.89835404392211
1789130200512833800,149.91883374023436,69.02024705160632
1789130200528840200,149.93484008789062,66.09233902047028
1789130200544851200,149.95085131835938,65.19640577619874
1789130200560857000,149.96685717773437,64.35405325775204
1789130200576868900,149.98286889648438,63.0684556561297
1789130200592881400,149.99888134765624,66.50143389821234
1789130200608892200,150.01489208984376,69.76861714071846
1789130200624902400,150.03090234375,67.94893750655926
1789130200640916000,150.046916015625,67.17287999519394
1789130200656922400,150.06292236328125,66.99280120535784
1789130200672924400,150.07892431640624,69.15139590309514
1789130200688927700,150.094927734375,70.8100999432521
1789130200704928000,150.11092797851563,70.18620704503789
1789130200720934100,150.12693408203126,70.3374721452405
1789130200736936200,150.14293627929686,71.10735985599545
1789130200752944600,150.15894458007813,68.52116925456633
1789130200768949500,150.17494946289062,66.59166234881707
1789130200784953900,150.19095385742187,65.51086022363242
1789130200800957700,150.20695776367188,66.49597875737626
1789130200816960300,150.22296020507812,71.93154368835869
1789130200832964000,150.23896411132813,68.51326584384354
1789130200848975000,150.25497509765626,66.44773637741983
1789130200864985600,150.27098559570314,68.07521509294833
1789130200880991500,150.28699145507812,67.23717700475792
1789130200896993500,150.30299365234376,67.29715630315026
1789130200912995800,150.31899584960937,68.92381592454666
1789130200929000000,150.335,70.50805339037622
1789130200945009700,150.351009765625,69.56963855041198
1789130200961024300,150.36702416992188,66.99280120535784
1789130200977036500,150.38303662109374,67.28000201343956
1789130200993046300,150.39904638671874,65.91399849010139
1789130201009052200,150.41505224609375,64.62064124687134
1789130201025063200,150.43106323242188,66.5124042118473
1789130201041072000,150.4470720214844,67.1400118334666
1789130201057076000,150.46307592773437,68.72171027722644
1789130201073084700,150.47908471679688,66.31571095564826
1789130201089093000,150.4950930175781,65.18712308207103
1789130201105099800,150.51109985351562,69.66799951131945
1789130201121105000,150.52710498046875,70.21572023871262
1789130201137110800,150.54311083984376,68.09937762682361
1789130201153113600,150.55911352539061,68.85853712706407
1789130201169120800,150.57512084960936,66.95915129300211
1789130201185133600,150.5911335449219,65.87539283903229
1789130201201141500,150.6071416015625,66.9049550430284
1789130201217145000,150.62314501953125,65.23422386871941
1789130201233146600,150.6391467285156,64.51361212702855
1789130201249151500,150.6551513671875,67.10119985000335
1789130201265161200,150.6711611328125,69.31847943773931
1789130201281165800,150.6871657714844,68.59681717710751
1789130201297169000,150.7031689453125,66.90679669013984
1789130201313173800,150.719173828125,66.71393446619449
1789130201329178600,150.7351787109375,67.06319150230595
1789130201345187600,150.7511875,69.35121856315573
1789130201361196000,150.7671960449219,72.27032138705383
1789130201377201700,150.78320166015624,70.06200767563739
1789130201393205000,150.799205078125,66.97759616884676
1789130201409212200,150.81521215820314,66.99623121380975
1789130201425221000,150.83122119140626,67.8519485591299
1789130201441223000,150.84722290039062,67.77893853871903
1789130201457231600,150.86323168945313,67.13401307707264
1789130201473238500,150.87923852539063,68.56999254042309
1789130201489239800,150.89523974609375,69.11584056537299
1789130201505241900,150.91124194335939,68.88650044604785
1789130201521244700,150.92724462890624,69.5671712053044
1789130201537243600,150.94324365234374,68.74259997430526
1789130201553246000,150.95924584960937,67.33946470616996
1789130201569252900,150.9752529296875,66.94090082699334
1789130201585267000,150.99126684570314,67.35969338201551
1789130201601281300,151.00728125,67.87905504664296
1789130201617295600,151.02329565429687,68.34581845129952
1789130201633311200,151.03931127929687,68.99121831093578
1789130201649324800,151.05532470703125,67.3175739403886
1789130201665331000,151.0713310546875,67.13401307707264
1789130201681337300,151.08733740234376,67.25696277799588
1789130201697343200,151.10334326171875,64.75600069743432
1789130201713348000,151.11934814453124,66.50669757775486
1789130201729355500,151.13535546875,69.51821083018562
1789130201745360400,151.1513603515625,69.97391180112793
1789130201761366800,151.16736669921875,71.48457906367518
1789130201777364200,151.1833642578125,71.92895671230039
1789130201793365200,151.199365234375,69.994564136941
1789130201809367300,151.2153671875,68.17402057809537
1789130201825368000,151.2313681640625,68.52116925456633
1789130201841366500,151.24736645507812,70.01689329844093
1789130201857366800,151.26336669921875,70.94899149328101
1789130201873370600,151.27937060546876,71.20011549814566
1789130201889377500,151.29537744140626,72.56313453817033
1789130201905382100,151.31138208007812,74.7235259463441
1789130201921391400,151.32739135742187,73.20609091406891
1789130201937399000,151.34339892578126,69.18084784575919
1789130201953406700,151.35940673828125,68.29574452984286
1789130201969412400,151.37541235351563,68.08108527125022
1789130201985422800,151.3914228515625,65.57747338317023
1789130202001427000,151.40742700195312,67.42042739791721
1789130202017430500,151.42343041992189,68.5918641472091
1789130202033437400,151.4394375,67.47336670259077
1789130202049449200,151.45544921875,67.31943964457157
1789130202065462000,151.4714619140625,66.3179110664893
1789130202081469000,151.4874689941406,69.59577211971877
1789130202097477600,151.5034775390625,71.20770233252806
1789130202113486000,151.51948608398436,71.80411527770207
1789130202129491000,151.53549096679689,69.6408989549635
1789130202145502000,151.551501953125,67.12822129822439
1789130202161513700,151.567513671875,69.08256638383563
1789130202177523500,151.5835234375,70.49755282013749
1789130202193535500,151.59953540039064,72.05539132953383
1789130202209548500,151.61554858398438,73.91132465356493
1789130202225569500,151.63156958007812,75.28606549397747
1789130202241584400,151.64758447265626,74.37576601025032
1789130202257599200,151.66359912109374,74.29486967024825
1789130202273619200,151.679619140625,74.76551328888645
1789130202289636900,151.69563696289063,73.436796733069
1789130202305653200,151.7116533203125,70.55313829217353
1789130202321667800,151.72766772460938,68.86980869880692
1789130202337686500,151.7436865234375,69.21513956564883
1789130202353703200,151.759703125,68.80346473897951
1789130202369723600,151.7757236328125,67.902108149497
1789130202385738200,151.79173828125,66.31571095564826
1789130202401751800,151.80775170898437,67.4216605510635
1789130202417769500,151.82376953125,68.86680390614794
1789130202433782000,151.83978198242187,68.56999254042309
1789130202449790700,151.85579077148438,68.37124157380013
1789130202465798400,151.87179833984376,69.23191740482946
1789130202481809000,151.88780883789062,67.4912724037192
1789130202497821200,151.9038212890625,66.27025212487929
1789130202513833700,151.91983374023437,68.22341475845596
1789130202529850600,151.9358505859375,69.16332513713242
1789130202545864700,151.95186474609375,69.42845232068252
1789130202561873200,151.967873046875,68.59681717710751
1789130202577890300,151.98389038085938,67.54639020323232
1789130202593907000,151.99990698242186,66.1757401626251
1789130202609924000,152.01592407226562,66.53392366984598
1789130202625936000,152.03193579101563,67.22503117295396
1789130202641945600,152.04794555664063,67.55456593400083
1789130202657959700,152.0639597167969,68.24850085887604
1789130202673980200,152.0799802246094,70.537433276948
1789130202690005000,152.0960048828125,72.10128224967943
1789130202706029000,152.11202905273439,69.64477612991753
1789130202722047500,152.12804760742188,64.7842803420946
1789130202738069800,152.14406982421875,64.536654844609
1789130202754091300,152.16009130859376,66.97759616884676
1789130202770105900,152.17610595703124,67.23717700475792
1789130202786114000,152.19211401367187,65.94264923550908
1789130202802126600,152.20812670898437,65.76616222667862
1789130202818138600,152.224138671875,68.14909097678313
1789130202834154500,152.2401545410156,68.52527253137491
1789130202850163700,152.25616381835937,67.68726421026207
1789130202866172200,152.27217211914063,66.06527730674777
1789130202882182000,152.28818188476563,65.21527316868688
1789130202898197800,152.30419775390624,66.74740773129616
1789130202914207200,152.32020727539063,67.53800386633898
1789130202930215700,152.33621557617187,66.76521481023259
1789130202946229200,152.35222924804688,66.35505177709727
1789130202962238200,152.36823828125,67.4216605510635
1789130202978247000,152.38424682617188,67.55456593400083
1789130202994253600,152.40025366210938,66.50143389821234
1789130203010264300,152.41626440429687,66.02352336693218
1789130203026277600,152.43227758789064,66.27025212487929
1789130203042290200,152.44829028320314,67.30843820790581
1789130203058304000,152.46430395507812,68.92381592454666
1789130203074317300,152.4803173828125,68.14846343003966
1789130203090335200,152.4963352050781,68.39447374128846
1789130203106350000,152.51235009765625,67.14718626987889
1789130203122362000,152.52836206054687,63.49577180640354
1789130203138375700,152.54437573242188,66.99623121380974
1789130203154387000,152.56038696289062,69.8892091892441
1789130203170396000,152.57639599609374,68.63497567912042
1789130203186404000,152.59240405273437,66.02352336693218
1789130203202415900,152.60841577148437,66.60101117661955
1789130203218428000,152.62442797851563,69.10917517583191
1789130203234439000,152.64043896484375,68.42575159759215
1789130203250450400,152.65645043945312,65.77225348625822
1789130203266459600,152.67245971679688,64.90061973352105
1789130203282464300,152.68846435546874,66.4412905280628
1789130203298474000,152.70447387695313,67.4216605510635
1789130203314485800,152.72048583984375,67.64209404922622
1789130203330496000,152.73649609375,67.73341132371947
1789130203346506800,152.7525068359375,67.58225506331082
1789130203362516500,152.7685166015625,66.74740773129616
1789130203378524400,152.7845244140625,66.5878848933522
1789130203394529000,152.80052905273436,66.81914331519755
1789130203410530300,152.8165302734375,67.27695555717465
1789130203426542000,152.8325419921875,67.70016265367718
1789130203442551800,152.8485517578125,65.81581161973132
1789130203458566700,152.86456665039063,65.0243913461949
1789130203474582300,152.88058227539062,66.62478971216646
1789130203490596900,152.89659692382813,66.78386172275746
1789130203506606800,152.91260693359374,67.82443902433235
1789130203522617000,152.9286171875,68.27290301261148
1789130203538630000,152.9446298828125,66.57130810869626
1789130203554635500,152.96063549804688,65.95384644401575
1789130203570646000,152.97664599609374,67.51622973632023
1789130203586653000,152.99265283203124,65.87159678166873
1789130203602660900,153.00866088867187,65.19640577619874
1789130203618669300,153.02466943359374,66.40946750312592
1789130203634676500,153.04067651367188,66.37830859215741
1789130203650681900,153.05668188476562,68.61860320778
1789130203666685400,153.072685546875,68.5918641472091
1789130203682691000,153.08869116210937,66.94090082699334
1789130203706709000,153.112708984375,71.10735985599545
1789130203722722800,153.1287229003906,71.1948754167181
1789130203738733600,153.14473364257813,68.4621823584661
1789130203754744800,153.16074487304687,66.38572803811462
1789130203770755600,153.17675561523438,65.53385513007514
1789130203786760400,153.19276049804688,64.79887556934901
1789130203802766000,153.20876611328126,64.74230163365567
1789130203818768600,153.2247685546875,64.87003221150883
1789130203834776600,153.24077661132813,64.32089507325585
1789130203850787300,153.25678735351562,65.45971425249157
1789130203866794000,153.2727939453125,66.68229050435528
1789130203882805500,153.28880541992189,66.09109682850628
1789130203898819300,153.3048193359375,67.3084382079058
1789130203914837000,153.3208369140625,66.85421673119411
1789130203930847700,153.33684765625,64.87003221150883
1789130203946856700,153.35285668945312,66.40098968364917
1789130203962863900,153.36886376953126,66.67804131217073
1789130203978874000,153.3848740234375,67.53324969797387
1789130203994883000,153.40088305664062,66.02415484771863
1789130204010895000,153.41689501953124,65.39149674220856
1789130204026905900,153.43290576171876,67.14123834310634
1789130204042914800,153.44891479492188,66.27960547910031
1789130204058927400,153.46492724609374,67.97555405086631
1789130204074936300,153.48093627929688,68.4147093518237
1789130204090946600,153.49694653320313,65.39149674220856
1789130204106963700,153.5129636230469,65.3000143919161
1789130204122984400,153.528984375,68.22310788074851
1789130204139002000,153.54500219726563,69.78161824698147
1789130204155017500,153.561017578125,69.22774477700261
1789130204171030500,153.57703051757812,68.34581845129952
1789130204187040000,153.5930400390625,67.06319150230595
1789130204203054800,153.60905493164063,64.45051369764164
1789130204219061500,153.6250615234375,64.60408889015049
1789130204235067400,153.6410673828125,66.18029685975704
1789130204251074600,153.65707446289062,67.45917627517036
1789130204267083000,153.6730830078125,67.57031972167029
1789130204283095600,153.68909545898438,67.28000201343956
1789130204299100200,153.70510009765624,68.8231740503611
1789130204315111700,153.7211115722656,69.018424051465
1789130204331125500,153.73712548828124,66.54324498559612
1789130204347135000,153.75313500976563,65.39149674220856
1789130204363143200,153.76914306640626,67.59140950275047
1789130204379151600,153.78515161132813,66.73348334778927
1789130204395159000,153.80115893554688,65.7486709682323
1789130204411167200,153.81716723632812,65.91948372718373
1789130204427179800,153.8331796875,66.66595938749016
1789130204443189000,153.84918896484376,66.54324498559613
1789130204459199200,153.86519921875,64.66629621584752
1789130204475207700,153.88120776367188,65.6198715764824
1789130204491215000,153.89721508789063,65.76040297193988
1789130204507229000,153.91322900390625,67.4706015138847
1789130204523245300,153.92924536132813,68.49116228831024
1789130204539262500,153.94526245117189,68.64007398287931
1789130204555277600,153.96127758789063,68.00420217477242
1789130204571297800,153.9772978515625,65.18835299142475
1789130204587309800,153.9933098144531,66.19405571219117
1789130204603324200,154.00932421875,66.93614345357149
1789130204619341300,154.02534130859374,65.06985885546808
1789130204643358500,154.0493583984375,68.10412114322541
1789130204659366000,154.06536596679686,70.14478635591708
1789130204675376400,154.08137646484374,68.48411427028508
1789130204691385300,154.09738525390625,65.2975698473931
1789130204707393800,154.11339379882813,65.45971425249157
1789130204723406800,154.12940673828126,66.2219965025486
1789130204739421400,154.14542138671874,66.21182454704707
1789130204755432700,154.1614326171875,66.88877862677487
1789130204771445200,154.1774453125,64.73555812988242
1789130204787456500,154.19345654296876,64.91131733757138
1789130204803469800,154.2094697265625,66.38572803811462
1789130204819484000,154.22548388671876,66.02415484771862
1789130204835491600,154.24149169921876,65.77225430337977
1789130204851498200,154.25749829101562,65.54519983220656
1789130204867516200,154.27351611328126,65.3263822560621
1789130204883533600,154.28953344726563,63.61196950506629
1789130204899549200,154.30554907226562,63.90218189996561
1789130204915559000,154.32155883789062,65.21588939384404
1789130204931565800,154.33756591796876,64.54225675739578
1789130204947574000,154.35357397460936,65.49083801454964
1789130204963579600,154.36957958984374,65.2788442241473
1789130204979585300,154.38558520507812,65.16193770381916
1789130204995587800,154.401587890625,66.71545613568274
1789130205011593000,154.41759301757813,66.99280120535784
1789130205027602200,154.43360229492188,65.3263822560621
1789130205043613200,154.44961328125,64.78490612081416
1789130205059630000,154.46563012695313,66.4539555163914
1789130205075640600,154.481640625,67.66267596503366
1789130205091650800,154.49765087890626,67.73437150306799
1789130205107669000,154.5136689453125,64.33954348843343
1789130205123684900,154.52968481445313,67.63423953186248
1789130205139693000,154.54569311523437,71.48401059747373
1789130205155704800,154.56170483398438,67.36029222010481
1789130205171719700,154.5777197265625,66.53210270309022
1789130205187730400,154.59373046875,67.59878376666659
1789130205203744500,154.60974462890624,67.39028184020064
1789130205219758300,154.62575830078126,67.87905504664296
1789130205235768000,154.64176806640626,69.94976301442252
1789130205251776500,154.65777661132813,68.48759703754557
1789130205267784400,154.67378442382812,67.35000639683598
1789130205283794200,154.68979418945312,66.97450837715408
1789130205299799800,154.7057998046875,66.76710067358859
1789130205315810300,154.72181030273438,66.01093728272133
1789130205339827200,154.7458271484375,66.52260092870235
1789130205355836700,154.76183666992188,65.58926004135228
1789130205371850200,154.77785034179686,65.45701198598853
1789130205387861800,154.79386181640626,68.73587524348439
1789130205403874600,154.80987451171876,69.96135400241994
