time,seconds_elapsed,magneticBearing
1791048995390029600,0.062029541015625,347.6625424949745
1791048995399987700,0.07198779296875,347.5275365432733
1791048995409946600,0.081946533203125,346.80570727514663
1791048995419904800,0.09190478515625,347.2667393294421
1791048995429862700,0.101862548828125,347.35829453830075
1791048995439820800,0.11182080078125,347.3055191140807
1791048995449779700,0.12177978515625,347.5873608349388
1791048995459737900,0.13173779296875,347.62251214729855
1791048995469695500,0.141695556640625,347.7568959541247
1791048995479655000,0.151655029296875,347.46860298418596
1791048995489612500,0.161612548828125,347.3247907150706
1791048995499570700,0.17157080078125,348.1180813300206
1791048995509528600,0.181528564453125,348.2422056922277
1791048995519487700,0.19148779296875,348.0661591215651
1791048995529445600,0.201445556640625,348.119857005913
1791048995539403800,0.21140380859375,347.993583687981
1791048995549362700,0.22136279296875,347.96233842718397
1791048995559320600,0.231320556640625,347.8573192249893
1791048995569278700,0.24127880859375,347.8148150610106
1791048995579236900,0.25123681640625,347.98820040291355
1791048995589195800,0.26119580078125,347.33027503099663
1791048995599153700,0.271153564453125,347.349652188581
1791048995609111800,0.28111181640625,347.7972271394888
1791048995619070700,0.29107080078125,347.8113069426286
1791048995629028900,0.30102880859375,347.634038198119
1791048995638986500,0.310986572265625,347.25505853941144
1791048995648944600,0.320944580078125,347.75778626974414
1791048995658903600,0.330903564453125,347.9963734150682
1791048995668861700,0.34086181640625,347.39521972957135
1791048995678819600,0.350819580078125,347.3776390130977
1791048995688778800,0.36077880859375,347.22332393478763
1791048995698736600,0.370736572265625,347.47414108967223
1791048995708694800,0.38069482421875,347.56166663336063
1791048995718652700,0.390652587890625,347.121418861307
1791048995728611600,0.400611572265625,347.1423801783928
1791048995738569700,0.41056982421875,346.93453693630966
1791048995748527900,0.42052783203125,347.87803921306784
1791048995758486800,0.43048681640625,347.4289584632674
1791048995768444700,0.440444580078125,347.49604220400136
1791048995778402600,0.450402587890625,347.2118188287503
1791048995788360700,0.460360595703125,346.7403792351233
1791048995798319600,0.470319580078125,347.05394794482584
1791048995808277500,0.480277587890625,347.32731400581184
1791048995818235600,0.490235595703125,347.6663112596716
1791048995828194600,0.500194580078125,347.4989289604584
1791048995838152700,0.510152587890625,347.31264649795554
1791048995848110600,0.520110595703125,347.45107371307876
1791048995858069800,0.53006982421875,347.3316239771141
1791048995868027600,0.540027587890625,346.72343061208096
1791048995877985800,0.54998583984375,346.87131980411726
1791048995887943700,0.559943603515625,346.8747173726891
1791048995897902800,0.56990283203125,346.84870140622814
1791048995907860700,0.57986083984375,346.55334485880996
1791048995917819000,0.58981884765625,346.47261342971007
1791048995927777800,0.59977783203125,346.464842592953
1791048995937735700,0.609735595703125,346.38231050048665
1791048995947693600,0.619693603515625,346.59273530164967
1791048995957652500,0.629652587890625,346.6969301259553
1791048995967610600,0.639610595703125,346.89485995489235
1791048995977568500,0.649568603515625,346.7652780746978
1791048995987526700,0.659526611328125,347.1641416745098
1791048995997485600,0.669485595703125,347.0787812803631
1791048996007443700,0.679443603515625,346.9293211391094
1791048996017401600,0.689401611328125,346.9959902479917
1791048996027360800,0.69936083984375,347.1286087799265
1791048996037318700,0.709318603515625,346.9590263259591
1791048996047276800,0.71927685546875,346.9590263259591
1791048996057234700,0.729234619140625,347.07687141849243
1791048996067193900,0.73919384765625,347.07687141849243
1791048996077151700,0.74915185546875,347.3508824484676
1791048996087110000,0.75910986328125,347.30530012347066
1791048996097068800,0.76906884765625,346.94731467050354
1791048996107026700,0.779026611328125,347.26832350022437
1791048996116984600,0.788984619140625,347.39412193573423
1791048996126943500,0.798943603515625,346.820669236274
1791048996136901600,0.808901611328125,346.91127654146914
1791048996146859500,0.818859619140625,347.0692082014472
1791048996156817700,0.828817626953125,347.1980580057502
1791048996166776600,0.838776611328125,347.16468402126725
1791048996176734700,0.848734619140625,346.5771204427391
1791048996186692600,0.858692626953125,346.5545129047607
1791048996196651800,0.86865185546875,346.65937912143636
1791048996206609700,0.878609619140625,347.01437784598664
1791048996216567800,0.88856787109375,347.21876111165
1791048996226526700,0.898526611328125,347.28111072491356
1791048996236484900,0.90848486328125,347.11624790942705
1791048996246442800,0.91844287109375,346.6150290380579
1791048996256401700,0.928401611328125,346.97549510399557
1791048996266360300,0.9383603515625,347.1591903474547
1791048996276318200,0.948318115234375,347.2261354186531
1791048996286276400,0.9582763671875,347.09808766224893
1791048996296235300,0.9682353515625,347.4347283217849
1791048996306193400,0.978193359375,347.0361152454035
1791048996316151300,0.9881513671875,347.0105899307812
1791048996326110500,0.9981103515625,347.5127844898125
1791048996336068000,1.008068115234375,347.24917122833097
1791048996346026200,1.018026123046875,347.2037520258677
1791048996355985200,1.027985107421875,347.7691251538491
1791048996365943300,1.037943359375,347.62373558125773
1791048996375901200,1.047901123046875,347.4997270860059
1791048996385859300,1.057859375,347.8742719223603
1791048996395818200,1.067818359375,347.71895055693113
1791048996405776400,1.0777763671875,347.6972248519472
1791048996415734300,1.087734375,347.413816806596
1791048996425693200,1.097693115234375,347.27171381418333
1791048996435651300,1.1076513671875,347.55817017667044
1791048996445609200,1.117609130859375,347.670213614538
1791048996455568400,1.127568359375,347.53037909740186
1791048996465526300,1.1375263671875,346.90851878700187
1791048996475484400,1.147484375,347.1424515032955
1791048996485443300,1.157443359375,347.0607515795036
1791048996495401500,1.1674013671875,346.6338082296905
1791048996505359000,1.177359130859375,346.7353301652474
1791048996515318300,1.187318359375,346.91057015805245
1791048996525276200,1.197276123046875,347.0441768424122
1791048996535234300,1.207234375,346.7778501573656
1791048996545192200,1.217192138671875,347.0244858775547
1791048996555151000,1.227151123046875,347.4518389843439
1791048996565109200,1.237109130859375,347.5027520300097
1791048996575067400,1.2470673828125,347.13542628288525
1791048996585026300,1.2570263671875,347.07310480906244
1791048996594984200,1.266984130859375,346.623756316509
1791048996604942300,1.2769423828125,347.12573740873165
1791048996614901200,1.2869013671875,347.35364949730723
1791048996624859400,1.296859375,347.9469302934415
1791048996634817300,1.3068173828125,347.3484066730914
1791048996644776400,1.3167763671875,346.6600044072603
1791048996654734300,1.326734375,346.88256237154906
1791048996664692200,1.336692138671875,347.1868002949649
1791048996674651400,1.3466513671875,347.46726298147564
1791048996684609300,1.356609375,347.11255024681844
1791048996694567200,1.366567138671875,346.4882668244434
1791048996704526000,1.376526123046875,347.2322759981439
1791048996714484200,1.386484130859375,347.1375263311207
1791048996724442400,1.3964423828125,347.4125720631942
1791048996734400300,1.406400146484375,346.6801803565259
1791048996744359200,1.416359130859375,347.430351863204
1791048996754317300,1.4263173828125,347.30740428344023
1791048996764275200,1.436275146484375,347.2099572244327
1791048996774234400,1.446234375,347.2752704890847
1791048996784192300,1.456192138671875,346.9342611427713
1791048996794150400,1.466150390625,346.53226415032304
1791048996804109300,1.476109375,346.68984780018275
1791048996814067500,1.4860673828125,346.92046662595857
1791048996824025000,1.496025146484375,347.06230798550416
1791048996833984300,1.505984375,346.5679843898785
1791048996843942100,1.515942138671875,347.0423589797185
1791048996853900300,1.525900390625,347.0041149501864
1791048996863859200,1.535859130859375,347.0120354224027
1791048996873817000,1.545817138671875,347.27370405222626
1791048996883775200,1.555775146484375,347.53960067620284
1791048996893734100,1.565734130859375,347.1010895736111
1791048996903692300,1.5756923828125,347.1566761490779
1791048996913650200,1.585650146484375,346.99390660819904
1791048996923608300,1.5956083984375,346.93945587386753
1791048996933567200,1.605567138671875,346.67513265562167
1791048996943525400,1.615525390625,346.69777773127873
1791048996953483300,1.625483154296875,346.88884158875186
1791048996963442400,1.6354423828125,347.3261582561562
1791048996973400300,1.645400390625,346.96134824553184
1791048996983358500,1.6553583984375,346.9899130876124
1791048996993317400,1.6653173828125,347.0936866781452
1791048997003275300,1.675275146484375,346.8425434448578
1791048997013233200,1.685233154296875,346.710766517859
1791048997023192000,1.695192138671875,346.86095582508307
1791048997033150200,1.705150146484375,346.7608439443315
1791048997043108400,1.7151083984375,346.7199392657848
1791048997053067300,1.7250673828125,346.760055428819
1791048997063025200,1.735025146484375,346.63016564823806
1791048997072983300,1.7449833984375,347.06035427484954
1791048997082942200,1.754942138671875,346.704885703708
1791048997092900400,1.764900390625,346.8145320463565
1791048997102858200,1.774858154296875,346.9412802747236
1791048997112817400,1.7848173828125,346.57108580321903
1791048997122775300,1.794775390625,346.732656892038
1791048997132733400,1.8047333984375,346.5869585370292
1791048997142692400,1.8146923828125,346.0876815363453
1791048997152650200,1.824650146484375,345.83463125889955
1791048997162608400,1.8346083984375,345.189040334032
1791048997172567300,1.8445673828125,345.50141799527455
1791048997182525200,1.854525146484375,345.7016329245424
1791048997192483000,1.864483154296875,345.91741361813416
1791048997202441200,1.874441162109375,346.3572843707128
1791048997212400000,1.884400146484375,346.3789871879629
1791048997222358300,1.894358154296875,346.0265067990103
1791048997232316200,1.904316162109375,346.1033438888961
1791048997242275300,1.914275390625,345.8667954623889
1791048997252233200,1.924233154296875,346.14353443546213
1791048997262191000,1.934191162109375,345.8794503033753
1791048997272150000,1.94414990234375,345.8020378053611
1791048997282108200,1.954108154296875,345.4515791422472
1791048997292066000,1.964066162109375,345.42324718408224
1791048997302025000,1.97402490234375,345.95350734324
1791048997311983000,1.983983154296875,345.75655984259816
1791048997321941200,1.993941162109375,346.00725094572266
1791048997331900200,2.003900146484375,345.70521019933636
1791048997341858000,2.013858154296875,345.5462699251705
1791048997351816200,2.023816162109375,346.29365416947246
1791048997361775000,2.033775146484375,345.8366480891317
1791048997371733200,2.043733154296875,346.20224322255814
1791048997381691100,2.053691162109375,345.7736370501926
1791048997391650300,2.063650390625,345.86717159958897
1791048997401608200,2.073608154296875,346.33295160466554
1791048997411566300,2.08356640625,346.6671233717301
1791048997421525200,2.093525146484375,346.1642232984098
1791048997431483100,2.103483154296875,346.28554833657637
1791048997441441000,2.11344091796875,346.1875506748975
1791048997451400000,2.12339990234375,346.79101540121326
1791048997461358000,2.133358154296875,346.3854417539004
1791048997471316200,2.143316162109375,346.6363802172477
1791048997481275100,2.153275146484375,346.0292383390547
1791048997491233000,2.16323291015625,345.8358318947659
1791048997501191200,2.173191162109375,346.3280195834771
1791048997511150000,2.183150146484375,345.8309733405894
1791048997521108200,2.193108154296875,346.11726500401943
1791048997531066000,2.203066162109375,345.6996176994501
1791048997541025300,2.213025390625,346.4626793558932
1791048997550983200,2.222983154296875,346.52100287031016
1791048997560941300,2.23294140625,345.9288485647229
1791048997570900200,2.242900146484375,345.8466809015931
1791048997580858000,2.252858154296875,346.10313658898116
1791048997590816300,2.262816162109375,346.0576831539966
1791048997600775200,2.272775146484375,345.7609310539171
1791048997610733000,2.282733154296875,345.8455085426423
1791048997620691000,2.29269091796875,345.56352562547283
1791048997630650000,2.302650146484375,345.71311311824417
1791048997640608000,2.31260791015625,345.83139122775555
1791048997650566100,2.322566162109375,346.32286608364063
1791048997660525000,2.332525146484375,345.9594354294638
1791048997670483200,2.342483154296875,346.35928757255664
1791048997680441000,2.352441162109375,345.9177232932415
1791048997690399200,2.362399169921875,346.00293588824815
1791048997700358100,2.372358154296875,345.8659283301566
1791048997710316300,2.38231640625,345.5234667739466
1791048997720274200,2.392274169921875,345.7644260137489
1791048997730233000,2.402233154296875,345.429911063468
1791048997740191200,2.412191162109375,345.29191429537053
1791048997750149400,2.4221494140625,345.70975174196536
1791048997760108300,2.4321083984375,345.5832714467751
1791048997770066200,2.442066162109375,345.83535272590484
1791048997780024000,2.452024169921875,345.5908604828447
1791048997789983000,2.46198291015625,345.7026947708808
1791048997799941000,2.471941162109375,345.3028080776235
1791048997809899000,2.48189892578125,344.69576802312486
1791048997819858200,2.491858154296875,344.88570706068316
1791048997829816000,2.501816162109375,344.8403541562716
1791048997839774200,2.511774169921875,344.367577710854
1791048997849733000,2.521733154296875,344.66906081344695
1791048997859691300,2.531691162109375,343.7169706707297
1791048997869649200,2.541649169921875,344.0061509571005
1791048997879608000,2.551608154296875,343.8057667577213
1791048997889566200,2.561566162109375,343.474819648016
1791048997899524000,2.571524169921875,343.7599768636689
1791048997909483300,2.581483154296875,344.24383100795467
1791048997919441200,2.591441162109375,343.9485306473954
1791048997929399300,2.6013994140625,343.93793698830825
1791048997939358200,2.611358154296875,343.48060815500645
1791048997949316400,2.62131640625,343.4917281857068
1791048997959274000,2.63127392578125,343.08378584627053
1791048997969233200,2.641233154296875,342.9528070574811
1791048997979191000,2.65119091796875,343.06937497161834
1791048997989149200,2.661149169921875,342.7192803887495
1791048997999108000,2.671108154296875,342.9868621477057
1791048998009066000,2.68106591796875,342.83689225630087
1791048998019024100,2.691024169921875,343.10320842214827
1791048998028983000,2.700983154296875,342.77319011207055
1791048998038941200,2.710941162109375,342.79261435819984
1791048998048899000,2.720899169921875,343.62406403868835
1791048998058858200,2.730858154296875,343.1204167281581
1791048998068816100,2.740816162109375,343.2890366186073
1791048998078774300,2.750774169921875,343.0549280786252
1791048998088733200,2.760733154296875,342.8515969739575
1791048998098691300,2.77069140625,343.51913306876446
1791048998108649200,2.780649169921875,343.24233043883123
1791048998118608100,2.790608154296875,343.30340001171305
1791048998128566000,2.80056591796875,342.82543947275144
1791048998138524200,2.810524169921875,342.7818950235624
1791048998148483000,2.820483154296875,342.8329134614905
1791048998158441000,2.83044091796875,342.7449011727655
1791048998168399000,2.840399169921875,342.9230037338387
1791048998178358000,2.85035791015625,342.5682184600357
1791048998188316200,2.860316162109375,342.97931559825827
1791048998198274000,2.870274169921875,343.63559262412264
1791048998208233200,2.880233154296875,343.3039922200716
1791048998218191000,2.890191162109375,343.6425301555039
1791048998228149200,2.900149169921875,343.13296265793343
1791048998238108200,2.910108154296875,342.95371798607414
1791048998248066300,2.92006640625,342.91666648561267
1791048998258024200,2.930024169921875,342.60403125878673
1791048998267983000,2.939983154296875,343.2206747671956
1791048998277941200,2.949941162109375,342.74036076908584
1791048998287899100,2.959899169921875,342.8626768178732
1791048998297858300,2.9698583984375,343.2585613951598
1791048998307816200,2.979816162109375,343.20748513669673
1791048998317774300,2.9897744140625,342.90741865605423
1791048998327733200,2.999733154296875,343.07036149508303
1791048998337691100,3.009691162109375,342.8437304946391
1791048998347649000,3.01964892578125,342.72870447051446
1791048998357608200,3.029608154296875,342.79118206653436
1791048998367566000,3.039566162109375,343.28062061874925
1791048998377524200,3.049524169921875,343.2276601193134
1791048998387483100,3.059483154296875,343.8154813207871
1791048998397441000,3.06944091796875,344.51425615327264
1791048998407399200,3.079399169921875,343.98566401644
1791048998417358000,3.089358154296875,343.91201913705135
1791048998427316200,3.099316162109375,344.3143776451617
1791048998437275100,3.109275146484375,344.1711175720009
1791048998447233300,3.1192333984375,345.11324873483306
1791048998457191200,3.129191162109375,344.30391996827296
1791048998467150300,3.139150390625,345.4249964353791
1791048998477108200,3.149108154296875,344.72078945350484
1791048998487066400,3.15906640625,344.48240102505673
1791048998497025300,3.169025390625,344.9675901550825
1791048998506983200,3.178983154296875,345.11194246075814
1791048998516941000,3.188941162109375,344.62405598100804
1791048998526900200,3.198900146484375,345.21898032556425
1791048998536858000,3.208858154296875,344.97887810722534
1791048998546816000,3.21881591796875,345.7242745852802
1791048998556775200,3.228775146484375,345.33520218206314
1791048998566733000,3.238733154296875,345.6729317434671
1791048998576691200,3.248691162109375,345.6835335005134
1791048998586650000,3.258650146484375,345.98794823890336
1791048998596608300,3.268608154296875,345.98794823890336
1791048998606566100,3.278566162109375,345.2398500078852
1791048998616525000,3.288525146484375,345.2398500078852
1791048998626483200,3.298483154296875,345.3443595728901
1791048998636441300,3.30844140625,345.04851103544337
1791048998646400300,3.318400146484375,345.68806561215
1791048998656358100,3.328358154296875,345.68806561215
1791048998666316300,3.33831640625,344.88895898433987
1791048998676275200,3.348275146484375,345.4786996641213
1791048998686233300,3.3582333984375,345.11658826546426
1791048998696191000,3.36819091796875,344.5849625111192
1791048998706150400,3.378150390625,344.4854762123992
1791048998716108000,3.38810791015625,344.979188641748
1791048998726066200,3.398066162109375,344.5317411974944
1791048998736025000,3.408025146484375,344.97568933682237
1791048998745983200,3.417983154296875,344.33449132137343
1791048998755941000,3.427941162109375,345.1818973183189
1791048998765900000,3.437900146484375,344.31384403537584
1791048998775858200,3.447858154296875,344.23306814895744
1791048998785816300,3.45781640625,344.55865689867386
1791048998795775200,3.467775146484375,344.7175884221648
1791048998805733000,3.477733154296875,344.76172128942346
1791048998815691300,3.487691162109375,344.2755000907792
1791048998825650200,3.497650146484375,344.38544104620576
1791048998835608300,3.5076083984375,344.8576438742112
1791048998845566200,3.517566162109375,344.89021079273874
1791048998855525400,3.527525390625,344.6903629544561
1791048998865483300,3.537483154296875,344.2118071556244
1791048998875441200,3.547441162109375,344.2921124077592
1791048998885400300,3.557400390625,344.52010536064097
1791048998895358200,3.567358154296875,344.54204504626864
1791048998905316000,3.577316162109375,344.4862384403687
1791048998915275000,3.58727490234375,345.3359617264052
1791048998925233200,3.597233154296875,344.4958844789157
1791048998935191000,3.60719091796875,344.41872737773775
1791048998945150200,3.617150146484375,344.80887885304276
1791048998955108000,3.627108154296875,345.53811824517425
1791048998965066200,3.637066162109375,345.462675871695
1791048998975025200,3.647025146484375,345.5006374234725
1791048998984983300,3.6569833984375,346.136905118571
1791048998994941200,3.666941162109375,345.86653639883065
1791048999004900000,3.676900146484375,345.5146090253497
1791048999014858200,3.686858154296875,345.7812554515473
1791048999024816400,3.69681640625,345.8705639087979
1791048999034775300,3.706775390625,345.9171500448846
1791048999044733200,3.716733154296875,345.58467835854105
1791048999054691000,3.726691162109375,346.4725096354905
1791048999064650200,3.736650146484375,346.28352218805367
1791048999074608000,3.746608154296875,346.80770913388665
1791048999084566000,3.75656591796875,346.73565406393493
1791048999094525200,3.766525146484375,346.3623532591454
1791048999104483000,3.776483154296875,347.18156282813277
1791048999114441200,3.786441162109375,346.27738211049893
1791048999124400000,3.796400146484375,346.67440248341165
1791048999134358300,3.806358154296875,346.7545045107667
1791048999144317200,3.816317138671875,347.1150820350638
1791048999154275000,3.826275146484375,347.2137149717624
1791048999164233200,3.836233154296875,346.9224714069362
1791048999174192000,3.846192138671875,347.055604004863
1791048999184150300,3.856150390625,347.41239116803234
1791048999194108200,3.866108154296875,347.14289051295225
1791048999204067300,3.8760673828125,347.1663899360522
1791048999214025200,3.886025146484375,347.24385602003713
1791048999223983400,3.8959833984375,347.8314169670885
1791048999233942300,3.9059423828125,348.0414173372808
1791048999243900400,3.915900390625,347.9097060089666
1791048999253858000,3.925858154296875,347.62739383752233
1791048999263817500,3.9358173828125,348.1972568347404
1791048999273775600,3.945775634765625,348.1248606427772
1791048999283733500,3.9557333984375,348.2983115075073
1791048999293692700,3.965692626953125,348.4295058053747
1791048999303650600,3.975650634765625,348.36584098936135
1791048999313608700,3.985608642578125,348.5988866118195
1791048999323567600,3.995567626953125,348.38117200741584
1791048999333525800,4.00552587890625,348.8686762649189
1791048999343483400,4.0154833984375,348.60716802491936
1791048999353442600,4.025442626953125,348.20019663703647
1791048999363400400,4.035400390625,348.4500779397945
1791048999373358600,4.045358642578125,348.4668394454696
1791048999383317500,4.0553173828125,348.41206266327623
1791048999393275400,4.065275390625,347.9224910967001
1791048999403233500,4.075233642578125,348.3809492210466
1791048999413192400,4.0851923828125,347.9698383378865
1791048999423150600,4.095150634765625,347.8280416120439
1791048999433108500,4.1051083984375,347.4991802723744
1791048999443067600,4.115067626953125,347.6098078661155
1791048999453025500,4.125025634765625,347.6026937547346
1791048999462983700,4.134983642578125,347.24273654170196
1791048999472942600,4.144942626953125,347.6865119559679
1791048999482900700,4.154900634765625,348.2429145637662
1791048999492858600,4.164858642578125,347.96544040970355
1791048999502817500,4.174817626953125,347.8914986372761
1791048999512775700,4.184775634765625,346.95985349477195
1791048999522734600,4.194734619140625,347.54019612811203
1791048999532692700,4.204692626953125,347.33173881248325
1791048999542650400,4.214650390625,347.10909278105805
1791048999552609500,4.224609619140625,347.58515487000705
1791048999562567400,4.2345673828125,346.7532113254447
1791048999572525600,4.244525634765625,346.7597831361639
1791048999582484500,4.254484375,347.2647152619408
1791048999592442600,4.264442626953125,347.4288283510947
1791048999602400500,4.274400390625,347.7043880477952
1791048999612359400,4.284359375,347.1386138283632
1791048999622317600,4.294317626953125,347.9255686078203
1791048999632275500,4.304275390625,348.28897546314374
1791048999642234600,4.314234619140625,347.76282501580056
1791048999652192500,4.324192626953125,347.5893054203186
1791048999662150700,4.334150634765625,346.89472309838015
1791048999672109600,4.344109619140625,347.2954209807757
1791048999682067700,4.354067626953125,347.704785643044
1791048999692025600,4.364025634765625,347.69908789481485
1791048999701984800,4.37398486328125,348.446092371231
1791048999711942700,4.383942626953125,347.3672679051571
1791048999721900500,4.393900634765625,347.3925508603357
1791048999731859500,4.403859375,347.36241700853975
1791048999741817600,4.413817626953125,347.45583593067363
1791048999751775500,4.423775390625,347.7369386215504
1791048999761734400,4.433734375,347.29094080842845
1791048999771692500,4.443692626953125,347.5982117966007
1791048999781650400,4.453650390625,347.871763810539
1791048999791609600,4.463609619140625,347.83745714374044
1791048999801567500,4.4735673828125,348.3844098908025
1791048999811526700,4.483526611328125,348.0284492029152
1791048999821484500,4.493484619140625,348.31760566376454
1791048999831442700,4.503442626953125,348.8968482364157
1791048999841401600,4.513401611328125,348.6880611121627
1791048999851359500,4.523359375,349.5116921045176
1791048999861317600,4.533317626953125,349.0445726117062
1791048999871276500,4.543276611328125,349.00643174487556
1791048999881234700,4.553234619140625,349.2946455171613
1791048999891192600,4.563192626953125,349.3259225562509
1791048999901151700,4.57315185546875,349.55330152984925
1791048999911109400,4.583109375,348.56487127916955
1791048999921067500,4.593067626953125,348.98484171442806
1791048999931026400,4.6030263671875,348.81560248275656
1791048999940984600,4.612984619140625,348.9089638498193
1791048999950942500,4.6229423828125,349.17544028555983
1791048999960901400,4.6329013671875,348.92940998607656
1791048999970859500,4.642859619140625,349.10165812448577
1791048999980817700,4.652817626953125,349.44534871140314
1791048999990776600,4.662776611328125,348.85337518552376
1791049000000734500,4.672734375,349.35804653348436
1791049000010692600,4.682692626953125,349.3867527344129
1791049000020651500,4.692651611328125,349.41293586867647
1791049000030609700,4.702609619140625,349.1617479652591
1791049000040567600,4.712567626953125,348.97233188119424
1791049000050526700,4.722526611328125,349.88021710005614
1791049000060484600,4.732484619140625,348.93531748795954
1791049000070443500,4.742443603515625,349.17208920074455
1791049000080401700,4.752401611328125,349.3650188210803
1791049000090359600,4.762359619140625,349.6244388695504
1791049000100318700,4.772318603515625,349.52947620323556
1791049000110276400,4.7822763671875,349.47863485202555
1791049000120234500,4.792234375,349.4638301754666
1791049000130193400,4.802193359375,349.8540858534752
1791049000140151600,4.812151611328125,349.47513353358477
1791049000150109400,4.822109375,349.70892724111076
1791049000160068600,4.832068603515625,349.42885937988325
1791049000170026500,4.842026611328125,349.621634053969
1791049000179984600,4.851984619140625,350.23968310225
1791049000189943600,4.861943603515625,350.087984285882
1791049000199901700,4.871901611328125,350.6030193330518
1791049000209859600,4.881859619140625,350.30629683562665
1791049000219818500,4.891818603515625,350.3504683185627
1791049000229776600,4.901776611328125,350.5149580477508
1791049000239734500,4.911734619140625,350.11395264861056
1791049000249693700,4.921693603515625,350.8732064779016
1791049000259651600,4.931651611328125,350.29100126132494
1791049000269609500,4.941609375,350.7593509480949
1791049000279568400,4.951568359375,350.8181119453225
1791049000289526500,4.961526611328125,351.42622628784613
1791049000299485400,4.9714853515625,351.76921219135363
1791049000309443600,4.981443603515625,351.42776673565027
1791049000319401500,4.9914013671875,351.55360992847926
1791049000329360400,5.0013603515625,351.76565461276414
1791049000339318300,5.011318359375,351.4044670448755
1791049000349276400,5.0212763671875,351.8328086350332
1791049000359235300,5.0312353515625,352.0261556620618
1791049000369193200,5.041193115234375,352.1029720256528
1791049000379151400,5.0511513671875,352.5111220713338
1791049000389110300,5.0611103515625,352.5481961082164
1791049000399068400,5.071068359375,353.0300352494074
1791049000409026300,5.0810263671875,352.3709818468355
1791049000418985500,5.0909853515625,352.38837431499735
1791049000428943400,5.100943359375,352.54227863537943
1791049000438901500,5.110901611328125,352.09868334406775
1791049000448860400,5.1208603515625,352.1819813437594
1791049000458818600,5.130818603515625,352.23849779454645
1791049000468776400,5.1407763671875,352.18711005104024
1791049000478735400,5.1507353515625,352.21805403170305
1791049000488693500,5.160693603515625,351.5623948320339
1791049000498652400,5.17065234375,352.0312203558053
1791049000508610600,5.180610595703125,351.54584695994396
1791049000518568200,5.190568115234375,351.5088757992521
1791049000528527600,5.200527587890625,351.49671269398186
1791049000538485200,5.2104853515625,350.7953009883806
1791049000548443400,5.220443359375,350.8126884482234
1791049000558402300,5.23040234375,350.12899393371345
1791049000568360400,5.2403603515625,350.1862211486399
1791049000578318300,5.250318359375,350.43901147957246
1791049000588277200,5.26027734375,350.30915087096554
1791049000598235400,5.2702353515625,350.42686316480274
1791049000608193300,5.280193359375,349.9326139694441
1791049000618152400,5.29015234375,349.6555063960084
1791049000628110300,5.3001103515625,349.9258423396805
1791049000638068500,5.310068359375,349.59461589211764
1791049000648027400,5.32002734375,349.7312238645756
1791049000657985500,5.329985595703125,349.6098446856687
1791049000667943400,5.339943359375,349.5055985402909
1791049000677902300,5.34990234375,349.5055985402909
1791049000687860500,5.359860595703125,349.39356626109196
1791049000697819400,5.3698193359375,349.38845488984447
1791049000707777500,5.379777587890625,349.19649080630796
1791049000717735200,5.389735107421875,348.94781352311907
1791049000727694600,5.399694580078125,348.9158690553954
1791049000737652200,5.40965234375,348.92970070667945
1791049000747610400,5.4196103515625,348.3688610160077
1791049000757569300,5.4295693359375,348.33030783855224
1791049000767527400,5.43952734375,348.726784011159
1791049000777485300,5.4494853515625,348.7484132562539
1791049000787444500,5.459444580078125,348.5757071217338
1791049000797402400,5.46940234375,348.08176775038004
1791049000807360500,5.479360595703125,347.8453938709942
1791049000817319400,5.4893193359375,348.33195134940394
1791049000827277300,5.49927734375,348.5763506185344
1791049000837235500,5.5092353515625,348.4736814412891
1791049000847194400,5.5191943359375,348.36474048875425
1791049000857152500,5.529152587890625,347.76116024865206
1791049000867110400,5.5391103515625,347.78074869807165
1791049000877069600,5.549069580078125,347.8398412200915
1791049000887027500,5.55902734375,348.26215720506644
1791049000896986400,5.568986328125,348.14272462664906
1791049000906944500,5.578944580078125,348.47226917481436
1791049000916902400,5.58890234375,347.67117917891346
1791049000926861300,5.598861328125,348.20263522969907
1791049000936819200,5.608819091796875,347.7269245183312
1791049000946777300,5.61877734375,347.9454789463091
1791049000956736300,5.628736328125,347.65468331987796
1791049000966694400,5.6386943359375,347.9152476015081
1791049000976652300,5.64865234375,347.92475099854954
1791049000986611500,5.658611572265625,347.92475099854954
1791049000996570400,5.6685703125,347.9053577993603
1791049001006528300,5.6785283203125,347.3550403134453
1791049001016486400,5.688486328125,346.9008809785079
1791049001026445300,5.6984453125,347.2413025507428
1791049001036403500,5.708403564453125,347.869630799114
1791049001046361300,5.718361328125,347.1715762507169
1791049001056320500,5.728320556640625,346.7083753483144
1791049001066278400,5.7382783203125,346.3348936636309
1791049001076236500,5.748236572265625,346.8638173122496
1791049001086195500,5.758195556640625,345.78992765941814
1791049001096153600,5.768153564453125,345.69043812147095
1791049001106112500,5.778112548828125,345.8278422371914
1791049001116070400,5.7880703125,345.01392086274683
1791049001126028300,5.7980283203125,345.46792594149673
1791049001135987200,5.8079873046875,345.09447571152674
1791049001145945300,5.8179453125,345.24154692207
1791049001155903200,5.8279033203125,344.7021944303629
1791049001165862400,5.8378623046875,344.99048950941017
1791049001175820300,5.8478203125,345.199892040519
1791049001185778400,5.8577783203125,344.39100345073507
1791049001195737300,5.8677373046875,344.9905024319176
1791049001205695500,5.877695556640625,344.6208538576713
1791049001215653400,5.8876533203125,345.07353449138026
1791049001225612300,5.8976123046875,345.07912258400773
1791049001235570400,5.9075703125,345.2594728570265
1791049001245528600,5.917528564453125,345.13040411222624
1791049001255487500,5.927487548828125,345.2706334523291
1791049001265444900,5.93744482421875,344.8293336156215
1791049001275402800,5.94740283203125,344.8852865453955
1791049001285361700,5.957361572265625,344.814686523778
1791049001295319800,5.96731982421875,345.44624272486385
1791049001305278700,5.97727880859375,345.345898005231
1791049001315236600,5.987236572265625,345.24996716494877
1791049001325194500,5.997194580078125,345.8137707178083
1791049001335153700,6.007153564453125,345.509295816276
1791049001345111600,6.017111572265625,345.2241251954403
1791049001355069700,6.027069580078125,345.48920454105485
1791049001365028600,6.037028564453125,345.97689477086055
1791049001374986800,6.04698681640625,346.32883560049163
1791049001384944600,6.056944580078125,346.538254519045
1791049001394903600,6.066903564453125,346.35564755183276
1791049001404861700,6.07686181640625,346.57304267400514
1791049001414819800,6.08681982421875,346.4493758609267
1791049001424778800,6.09677880859375,346.74459833578265
1791049001434736600,6.106736572265625,346.7042939354234
1791049001444694800,6.11669482421875,347.1855617115651
1791049001454653700,6.12665380859375,347.21592732128113
1791049001464611800,6.13661181640625,346.903128043773
1791049001474570800,6.14657080078125,347.07366870522725
1791049001484529000,6.15652880859375,347.13978989153486
1791049001494486500,6.166486572265625,347.0370338673679
1791049001504445700,6.17644580078125,347.128408121923
1791049001514403600,6.186403564453125,346.7855352639048
1791049001524361700,6.19636181640625,347.18814640676754
1791049001534320600,6.206320556640625,346.5962122782393
1791049001544278500,6.216278564453125,346.2470090769886
1791049001554236700,6.226236572265625,346.3958196371943
1791049001564195600,6.236195556640625,346.19890135223153
1791049001574153700,6.24615380859375,346.46831498392896
1791049001584111600,6.256111572265625,346.36653910880574
1791049001594070800,6.26607080078125,346.29720623441693
1791049001604028700,6.276028564453125,346.2982428328544
1791049001613986800,6.28598681640625,345.96773527856976
1791049001623945700,6.29594580078125,345.96773527856976
1791049001633903600,6.305903564453125,346.2072231660512
1791049001643862800,6.31586279296875,346.1343480937792
1791049001653820700,6.325820556640625,345.7609711448217
1791049001663778800,6.33577880859375,345.64226315752416
1791049001673737700,6.34573779296875,345.8577179991582
1791049001683695900,6.35569580078125,345.6697335039092
1791049001693653500,6.365653564453125,346.0166038980102
1791049001703613000,6.375613037109375,346.34863777065357
1791049001713570600,6.385570556640625,346.4960239866981
1791049001723528700,6.39552880859375,346.70614239454386
1791049001733487600,6.405487548828125,346.62941596001434
1791049001743445800,6.41544580078125,346.30360452151695
1791049001753403600,6.425403564453125,346.39803403762994
1791049001763362600,6.435362548828125,347.0238034019887
1791049001773320700,6.44532080078125,346.78039886082985
1791049001783279600,6.455279541015625,346.73003746332313
1791049001793237800,6.46523779296875,346.73003746332313
1791049001803195600,6.475195556640625,346.4577382123352
1791049001813154800,6.48515478515625,346.6198253440904
1791049001823112700,6.49511279296875,346.53014900701174
1791049001833070800,6.50507080078125,346.6917786975492
1791049001843029800,6.51502978515625,346.91743955503955
1791049001852987600,6.524987548828125,346.8663958780149
1791049001862945800,6.53494580078125,346.91980875608306
1791049001872904700,6.54490478515625,346.80142996104905
1791049001882862600,6.554862548828125,347.1713017360319
1791049001892820500,6.564820556640625,346.52777136549486
1791049001902779600,6.574779541015625,346.64915743484784
1791049001912737500,6.584737548828125,346.8259205347149
1791049001922695700,6.59469580078125,346.88793415476556
1791049001932654600,6.604654541015625,347.24646701097384
1791049001942612700,6.61461279296875,347.16972463902056
1791049001952571600,6.624571533203125,347.07928902665515
1791049001962529500,6.634529541015625,347.3128699637329
1791049001972487700,6.64448779296875,347.3804307521644
1791049001982446600,6.654446533203125,346.7066190302644
1791049001992404700,6.66440478515625,346.6735328871749
1791049002002362600,6.674362548828125,346.4572321687004
1791049002012321800,6.68432177734375,345.91620968768956
1791049002022279700,6.69427978515625,346.0729104602021
1791049002032237800,6.70423779296875,346.2980913847321
1791049002042196700,6.71419677734375,345.79771844310466
1791049002052155000,6.72415478515625,344.8398707371004
1791049002062112500,6.734112548828125,345.0622425015995
1791049002072071700,6.74407177734375,345.21608998058076
1791049002082029600,6.754029541015625,345.5474449405521
1791049002091987700,6.76398779296875,345.43109942955994
1791049002101946600,6.773946533203125,345.65544719102013
1791049002111904500,6.783904541015625,345.5252159698382
1791049002121863700,6.79386376953125,345.2086708178379
1791049002131821600,6.803821533203125,345.62793077601674
1791049002141779700,6.81377978515625,345.5439866963279
1791049002151738600,6.823738525390625,345.46038953278776
1791049002161696800,6.83369677734375,345.1124371246028
1791049002171654700,6.843654541015625,345.40100462647007
1791049002181613600,6.853613525390625,345.8098795200432
1791049002191571700,6.86357177734375,345.33625813584064
1791049002201529900,6.87352978515625,345.43657545711994
1791049002211488800,6.88348876953125,345.27000728348537
1791049002221446700,6.89344677734375,345.5318114308027
1791049002231404800,6.90340478515625,345.7207789076191
1791049002241363700,6.91336376953125,345.5254773778874
1791049002251321900,6.92332177734375,346.0623855556783
1791049002261280800,6.93328076171875,345.44419485608347
1791049002271238700,6.94323876953125,345.52061384926697
1791049002281196500,6.953196533203125,346.28559602537047
1791049002291155500,6.963155517578125,346.20778693508225
1791049002301113600,6.973113525390625,346.1414687088217
1791049002311071700,6.98307177734375,346.7798177183155
1791049002321030700,6.99303076171875,346.47286823488696
1791049002330988300,7.00298828125,346.72013398626825
1791049002340946400,7.012946533203125,346.70812747372406
1791049002350905300,7.0229052734375,346.9788051100724
1791049002360863500,7.032863525390625,346.9944197614772
1791049002370821400,7.0428212890625,346.9882656795763
1791049002380780500,7.052780517578125,346.81637532922434
1791049002390738400,7.062738525390625,346.82121184249434
1791049002400697300,7.072697265625,347.58970920809566
1791049002410655500,7.082655517578125,347.99938837599444
1791049002420613600,7.092613525390625,347.61212877775563
1791049002430572500,7.102572509765625,347.20379288632336
1791049002440530400,7.112530517578125,347.08897302827
1791049002450488600,7.122488525390625,346.9303132137259
1791049002460447500,7.132447509765625,346.5611306100401
1791049002470405600,7.142405517578125,346.40242903410376
1791049002480363500,7.152363525390625,346.1966070474878
1791049002490322700,7.16232275390625,345.7984201147151
1791049002500280600,7.172280517578125,345.9313435474687
1791049002510238500,7.182238525390625,345.72271361632016
1791049002520197600,7.19219775390625,345.8982165962635
1791049002530155500,7.202155517578125,345.86261504842815
1791049002540114400,7.212114501953125,345.31911391827407
1791049002550072300,7.222072265625,345.184097598101
1791049002560030500,7.232030517578125,345.0394099660456
1791049002569989400,7.2419892578125,345.7084014731028
1791049002579947500,7.251947509765625,345.5925046815406
1791049002589905400,7.261905517578125,345.063383472231
1791049002599864600,7.271864501953125,345.0191854966964
1791049002609822500,7.281822509765625,344.9599733761664
1791049002619780600,7.291780517578125,345.2512989113273
1791049002629739500,7.301739501953125,345.1862539161705
1791049002639697700,7.31169775390625,345.3702179726335
1791049002649656600,7.321656494140625,344.9637784666977
1791049002659614500,7.331614501953125,345.24408205138553
1791049002669572600,7.341572509765625,344.8644270776652
1791049002679531500,7.351531494140625,345.1780815815569
1791049002689489700,7.36148974609375,345.6728834066241
1791049002699447600,7.371447509765625,345.6664705669152
1791049002709406700,7.38140673828125,346.3807813881295
1791049002719364400,7.3913642578125,345.9258400443152
1791049002729322500,7.401322509765625,346.0116309413673
1791049002739281400,7.411281494140625,346.3957233180645
1791049002749239600,7.421239501953125,347.05776752626537
1791049002759197400,7.431197509765625,346.838082804811
1791049002769156400,7.44115625,347.0377610865402
1791049002779114500,7.451114501953125,347.67353819935954
1791049002789073400,7.461073486328125,347.4989766769805
1791049002799031600,7.471031494140625,347.4520911681705
1791049002808989400,7.480989501953125,347.5544253994883
1791049002818948600,7.490948486328125,347.33507090793694
1791049002828906500,7.500906494140625,347.20929219041125
1791049002838864600,7.51086474609375,347.25189956509996
1791049002848823600,7.520823486328125,347.33857797961144
1791049002858781700,7.53078173828125,347.0940969582868
1791049002868739600,7.540739501953125,347.52992886527977
1791049002878698500,7.550698486328125,347.56753351500436
1791049002888656600,7.56065673828125,347.22851100037565
1791049002898614500,7.570614501953125,347.68909958241426
1791049002908573700,7.58057373046875,347.4122437603108
1791049002918531300,7.59053125,346.76109116084365
1791049002928489500,7.600489501953125,347.43252142251305
1791049002938448400,7.610448486328125,347.02441657752127
1791049002948406500,7.620406494140625,347.06630860229643
1791049002958365400,7.630365478515625,346.6899067615
1791049002968323600,7.640323486328125,346.88077132167274
1791049002978281500,7.650281494140625,346.6852988142776
1791049002988240400,7.660240478515625,346.99382155470704
1791049002998198500,7.670198486328125,346.7516832154207
1791049003008156400,7.680156494140625,346.71168330182843
1791049003018115600,7.690115478515625,346.80955251933193
1791049003028073500,7.700073486328125,346.8563665274185
1791049003038031600,7.710031494140625,346.7148502890598
1791049003047990500,7.719990478515625,346.1092324829821
1791049003057948700,7.72994873046875,346.5873654751029
1791049003067907600,7.739907470703125,346.91291539452914
1791049003077865700,7.74986572265625,346.85155564280694
1791049003087823600,7.75982373046875,346.44243899867814
1791049003097782500,7.769782470703125,346.09070423815217
1791049003107740400,7.779740478515625,346.357566314412
1791049003117698300,7.7896982421875,346.5157305471267
1791049003127657500,7.799657470703125,346.66116063346624
1791049003137615400,7.809615478515625,346.4739294232438
1791049003147573500,7.819573486328125,346.38552667059037
1791049003157532400,7.829532470703125,346.9554939787264
1791049003167490600,7.839490478515625,346.77611491692653
1791049003177448400,7.849448486328125,346.935650067005
1791049003187407600,7.85940771484375,346.61099592711815
1791049003197365500,7.869365478515625,346.62558861830564
1791049003207324400,7.879324462890625,347.1689987292782
1791049003217282600,7.889282470703125,347.15830046377425
1791049003227240400,7.899240478515625,347.2753992224797
1791049003237199600,7.90919970703125,347.5639974608382
1791049003247157500,7.919157470703125,347.39333176193827
1791049003257115600,7.92911572265625,347.77633237397845
1791049003267074600,7.939074462890625,348.118583795387
1791049003277032700,7.94903271484375,348.38601358141875
1791049003286990600,7.958990478515625,348.1244594386459
1791049003296949500,7.968949462890625,348.3164862523094
1791049003306907600,7.97890771484375,348.41147667467374
1791049003316866600,7.988866455078125,348.1121640231421
1791049003326824700,7.99882470703125,348.2622877419107
1791049003336782600,8.008782470703125,348.43397847999273
1791049003346741800,8.01874169921875,348.5151368150872
1791049003356699600,8.02869970703125,348.1302191546261
1791049003366657800,8.03865771484375,347.97206833900344
1791049003376616700,8.04861669921875,348.35048853522426
1791049003386574800,8.058574951171876,348.4132736529356
1791049003396532500,8.068532470703126,348.2409286308865
1791049003406491600,8.07849169921875,348.30319787012905
1791049003416449500,8.088449462890624,347.7881049104507
1791049003426407700,8.09840771484375,347.9162256846512
1791049003436366600,8.10836669921875,347.6422373365645
1791049003446324500,8.118324462890625,347.25651525000194
1791049003456283600,8.12828369140625,347.1486680059434
1791049003466241500,8.138241455078125,347.0436839212697
1791049003476199700,8.14819970703125,346.99799973097305
1791049003486158600,8.15815869140625,346.86807458898454
1791049003496116700,8.16811669921875,346.6275138520935
1791049003506074600,8.17807470703125,346.7357129410915
1791049003516033500,8.188033447265624,346.11376291948557
1791049003525991700,8.19799169921875,346.1348124036823
1791049003535949800,8.20794970703125,346.482063645213
1791049003545908700,8.21790869140625,346.50743592683585
1791049003555866600,8.22786669921875,346.4271578392832
1791049003565825800,8.23782568359375,346.05432738352044
1791049003575783700,8.24778369140625,346.3527584662593
1791049003585741800,8.257741943359376,346.2451235852126
1791049003595700700,8.26770068359375,346.0162004874829
1791049003605658600,8.27765869140625,346.3602649928356
1791049003615616500,8.287616455078124,346.73344751953425
1791049003625575400,8.297575439453125,346.79849836699975
1791049003635533600,8.307533447265625,346.71002057279094
1791049003645491700,8.31749169921875,346.2789503644857
1791049003655450600,8.32745068359375,346.1244043612781
1791049003665408500,8.337408447265625,345.8942600108223
1791049003675366700,8.34736669921875,346.3315641348145
1791049003685325600,8.35732568359375,346.50507381391674
1791049003695283700,8.36728369140625,346.3834992547537
1791049003705242600,8.37724267578125,346.6504112655146
1791049003715200800,8.38720068359375,346.6286344921908
1791049003725158700,8.39715869140625,346.3147124313057
1791049003735117600,8.40711767578125,346.39221445801064
1791049003745075700,8.41707568359375,346.41168298174824
1791049003755033900,8.427033935546875,347.07774067331377
1791049003764992800,8.43699267578125,346.69182012924784
1791049003774950700,8.44695068359375,347.2003013995729
1791049003784908500,8.456908447265626,346.84832951367594
1791049003794867700,8.46686767578125,347.05643582390076
1791049003804825600,8.47682568359375,346.8657873693891
1791049003814784500,8.486784423828125,347.07907284420276
1791049003824742700,8.49674267578125,347.01618764480367
1791049003834700500,8.506700439453125,347.2703669973696
1791049003844659500,8.516659423828125,347.11106340982644
1791049003854617600,8.52661767578125,347.32162310873724
1791049003864575700,8.53657568359375,347.483079128425
1791049003874534700,8.54653466796875,347.57729818145253
1791049003884492500,8.556492431640624,347.5322072708074
1791049003894450700,8.56645068359375,347.5817925668829
1791049003904409600,8.57640966796875,347.7145981510852
1791049003914367700,8.58636767578125,347.71741304629643
1791049003924326700,8.59632666015625,347.16723973608833
1791049003934284800,8.606284912109375,347.2583525370826
1791049003944242700,8.61624267578125,347.4631998932243
1791049003954201600,8.62620166015625,346.95536281201817
1791049003964159700,8.63615966796875,346.92657540715356
1791049003974117600,8.64611767578125,346.928429504395
1791049003984076800,8.656076904296874,346.71260532790416
1791049003994034400,8.666034423828124,346.6916462556991
1791049004003992600,8.67599267578125,346.68953672128293
1791049004013951500,8.685951416015625,346.24650917808276
1791049004023909600,8.69590966796875,346.2250015011092
1791049004033868500,8.70586865234375,345.94931704712604
1791049004043826700,8.71582666015625,346.0592271978685
1791049004053784600,8.72578466796875,345.841913474403
1791049004063743500,8.735743408203126,346.0430397638549
1791049004073701600,8.74570166015625,346.2676028409514
1791049004083659800,8.75565966796875,346.24328489461044
1791049004093618700,8.76561865234375,345.8754239324873
1791049004103576600,8.77557666015625,345.8378477339996
1791049004113534700,8.78553466796875,345.97118809237844
1791049004123493600,8.79549365234375,346.3317692236878
1791049004133451800,8.80545166015625,346.21945050960244
1791049004143409700,8.81540966796875,345.8541410437057
1791049004153368800,8.825368896484376,346.0552551313246
1791049004163326700,8.83532666015625,345.8057890828618
1791049004173285600,8.84528564453125,345.82612814203054
1791049004183243800,8.855243896484374,346.10415024865006
1791049004193201700,8.86520166015625,345.9947298884232
1791049004203160800,8.875160888671875,346.24046964776693
1791049004213118500,8.885118408203125,346.0107103752308
1791049004223076600,8.89507666015625,346.09119228849596
1791049004233035500,8.905035400390625,345.59164323821244
1791049004242993700,8.91499365234375,345.4623445181272
1791049004252951600,8.92495166015625,345.8464883991618
1791049004262910700,8.93491064453125,345.62780845528334
1791049004272869600,8.94486962890625,345.84040492075485
1791049004282828500,8.95482861328125,345.97615801214727
1791049004292786700,8.96478662109375,345.97615801214727
1791049004302744600,8.97474462890625,346.0368372113721
1791049004312703500,8.984703369140625,345.9316564957565
1791049004322661600,8.99466162109375,346.2510411523059
1791049004332619800,9.004619873046876,346.4335625450579
1791049004342578700,9.01457861328125,346.3878848674885
1791049004352536600,9.02453662109375,346.59251293737117
1791049004362494700,9.03449462890625,346.93221904461893
1791049004372453600,9.04445361328125,346.8531812003499
1791049004382411800,9.054411865234375,346.91876970359203
1791049004392370700,9.06437060546875,346.9046078308993
1791049004402328800,9.074328857421875,346.8325420991344
1791049004412286700,9.08428662109375,347.2962779909725
1791049004422245600,9.09424560546875,346.9884390034615
1791049004432203500,9.10420361328125,346.7533501708252
1791049004442161700,9.11416162109375,346.64163762977785
1791049004452120600,9.12412060546875,346.7356884966814
1791049004462078500,9.134078369140624,346.7371953530039
1791049004472036600,9.14403662109375,346.76336704324154
1791049004481995500,9.15399560546875,346.5039016472787
1791049004491953700,9.16395361328125,346.4765879002571
1791049004501912600,9.17391259765625,346.57335634655067
1791049004511870700,9.18387060546875,346.67419897375663
1791049004521828600,9.19382861328125,346.5462918649456
1791049004531787500,9.20378759765625,346.1388594211267
1791049004541745700,9.21374560546875,345.56162072264874
1791049004551703800,9.223703857421874,345.43969191471047
1791049004561662700,9.233662841796875,345.6889694422109
1791049004571620600,9.24362060546875,345.72570435153364
1791049004581578800,9.253578857421875,345.55917773880554
1791049004591537700,9.26353759765625,345.54043915555565
1791049004601495800,9.273495849609375,345.8922942786321
1791049004611454700,9.283454833984376,345.76368146887677
1791049004621412900,9.293412841796876,345.4180749065142
1791049004631370500,9.30337060546875,345.73568651244767
1791049004641329400,9.313329345703124,345.8650051847475
1791049004651287600,9.32328759765625,345.5976403222711
1791049004661245700,9.33324560546875,345.42828132018855
1791049004671204600,9.34320458984375,345.6320752798599
1791049004681161700,9.35316162109375,345.38142091334174
1791049004691120600,9.36312060546875,345.490334013369
1791049004701078500,9.37307861328125,345.4733099200726
1791049004711037700,9.38303759765625,346.02590578327255
1791049004720995600,9.39299560546875,345.50724474498077
1791049004730953700,9.40295361328125,345.11862367260983
1791049004740912600,9.41291259765625,344.8970968881241
1791049004750870800,9.422870849609374,345.1142604377806
1791049004760828700,9.43282861328125,345.07429117688406
1791049004770787800,9.442787841796875,345.12136102784183
1791049004780745700,9.452745849609375,345.46182050006456
1791049004790704600,9.46270458984375,345.3538428212712
1791049004800662800,9.472662841796875,345.8089560603899
1791049004810620700,9.48262060546875,345.82960508911646
1791049004820579600,9.49257958984375,345.8255814290211
1791049004830537500,9.502537353515624,345.85670778764035
1791049004840495600,9.51249560546875,345.5118422421523
1791049004850454500,9.52245458984375,345.9153653482583
1791049004860412700,9.53241259765625,345.5543774960837
1791049004870370600,9.54237060546875,345.83590088871097
1791049004880329700,9.552329833984375,345.9984302756913
1791049004890287600,9.56228759765625,345.7799070136743
1791049004900245800,9.572245849609375,346.1761599781046
1791049004910204700,9.58220458984375,346.446446793564
1791049004920162600,9.59216259765625,346.0701579498179
1791049004930121700,9.602121826171874,346.34492363649144
1791049004940079600,9.61207958984375,346.45392984718114
1791049004950037800,9.622037841796875,346.7775957127905
1791049004959996700,9.63199658203125,346.48546292460964
1791049004969954800,9.641954833984375,346.6951521555699
1791049004979912700,9.65191259765625,346.67611806089684
1791049004989871600,9.66187158203125,346.81219809516955
1791049004999830800,9.671830810546876,346.6544011489027
1791049005009788700,9.68178857421875,346.862100927886
1791049005019747800,9.691747802734374,346.6257013847021
1791049005029705700,9.701705810546875,347.1015742730939
1791049005039663600,9.71166357421875,346.3852384727111
1791049005049622500,9.72162255859375,346.4409385052024
1791049005059580700,9.73158056640625,346.73196368196267
1791049005069539600,9.74153955078125,346.36456664034745
1791049005079497500,9.75149755859375,346.1128137765196
1791049005089455600,9.76145556640625,345.9949438047701
1791049005099414500,9.77141455078125,346.4116581280852
1791049005109372700,9.78137255859375,346.07193709950997
1791049005119330600,9.79133056640625,345.68700700357334
1791049005129289700,9.801289794921875,345.57139472456294
1791049005139247600,9.81124755859375,345.763671677234
1791049005149205800,9.821205810546875,345.96706087797116
1791049005159164700,9.83116455078125,345.5421681498253
1791049005169122800,9.841122802734375,345.5514609790311
1791049005179081700,9.851081787109376,345.36517422405194
1791049005189039600,9.86103955078125,345.22166185825824
1791049005198997800,9.870997802734376,345.22378903249717
1791049005208956700,9.880956787109374,345.06088389418267
1791049005218914800,9.890914794921875,345.61917493972874
1791049005228872400,9.90087255859375,345.2411296307685
1791049005238831900,9.910831787109375,344.7154908852153
1791049005248789500,9.92078955078125,345.32359066789866
1791049005258747600,9.93074755859375,345.465515637659
1791049005268706800,9.940706787109375,344.8176953501679
1791049005278664700,9.950664794921876,345.32642898325616
1791049005288623600,9.96062353515625,345.18762219058874
1791049005298581500,9.97058154296875,345.2169412773534
1791049005308539600,9.98053955078125,344.8814674832423
1791049005318498600,9.99049853515625,345.26009321894105
1791049005328456700,10.000456787109375,345.5013563521847
1791049005338414600,10.01041455078125,345.52458119076505
1791049005348373800,10.020373779296875,345.6426169844186
1791049005358331600,10.03033154296875,345.5920420175825
1791049005368289800,10.040289794921875,345.5597593011754
1791049005378248700,10.050248779296876,345.8331367823168
1791049005388206800,10.060206787109376,345.1924049931913
1791049005398165800,10.070165771484374,345.5345561573209
1791049005408123600,10.08012353515625,345.4181984030292
1791049005418081800,10.090081787109375,345.32246463109925
1791049005428040700,10.100040771484375,345.0757999050484
1791049005437998800,10.109998779296875,345.26603215865015
1791049005447956700,10.119956787109375,346.17825198473207
1791049005457916000,10.129916015625,345.8349699860164
1791049005467873500,10.13987353515625,345.2799620144416
1791049005477831700,10.149831787109376,345.13453272798023
1791049005487790600,10.15979052734375,345.40681004929195
1791049005497748700,10.169748779296874,345.5102130595103
1791049005507707600,10.179707763671875,345.88097385849164
1791049005517665500,10.18966552734375,345.63159293183605
1791049005527623700,10.199623779296875,345.9319672284905
1791049005537582600,10.20958251953125,345.90219061854003
1791049005547540700,10.219540771484375,345.7096722114104
1791049005557498600,10.22949853515625,345.82858032279944
1791049005567457800,10.239457763671876,346.2279985983879
1791049005577415700,10.249415771484376,346.23733016122833
1791049005587373800,10.259373779296874,346.36522464620464
1791049005597332700,10.269332763671875,346.43363817045747
1791049005607290600,10.27929052734375,346.06879565487606
1791049005617249800,10.289249755859375,346.4374613256066
1791049005627207700,10.299207763671875,346.5103566590842
1791049005637165800,10.309165771484375,346.0632120648401
1791049005647124700,10.319124755859375,346.49902610411505
1791049005657083000,10.329082763671876,346.60213493146864
1791049005667040500,10.33904052734375,346.0163566153704
1791049005676999700,10.348999755859374,346.523545772059
1791049005686957600,10.35895751953125,346.43060435652296
1791049005696916500,10.36891650390625,346.5350241166993
1791049005706874600,10.37887451171875,346.10137894096016
1791049005716832500,10.38883251953125,346.01890155566156
1791049005726791700,10.398791748046875,346.26982479221994
1791049005736749600,10.40874951171875,345.73632491083407
1791049005746707700,10.418707763671875,345.84670166596845
1791049005756666600,10.42866650390625,345.22635482265815
1791049005766624800,10.438624755859376,345.66832361516634
1791049005776582700,10.448582763671874,345.3561262507834
1791049005786541800,10.458541748046875,344.77793832118635
1791049005796499700,10.468499755859375,344.860693306009
1791049005806458600,10.478458740234375,344.7992623658174
1791049005816416800,10.488416748046875,344.71233897391323
1791049005826374700,10.498374755859375,344.43293115601824
1791049005836333800,10.508333740234375,344.3770503674489
1791049005846291700,10.518291748046876,344.6892855773934
1791049005856249600,10.52824951171875,344.0999692138219
1791049005866208800,10.538208740234374,344.203190650281
1791049005876166700,10.548166748046874,344.06412202534653
1791049005886124500,10.55812451171875,344.5476792563944
1791049005896083700,10.568083740234375,344.08729570862937
1791049005906041600,10.57804150390625,344.6729448924291
1791049005916000500,10.58800048828125,344.3874711117513
1791049005925958700,10.597958740234375,344.573270977932
1791049005935916500,10.60791650390625,344.29590754227837
1791049005945875700,10.617875732421876,344.68275501778896
1791049005955833600,10.62783349609375,344.49547404959077
1791049005965791700,10.637791748046874,344.5848283661805
1791049005975750700,10.647750732421875,344.1573626185633
1791049005985708800,10.657708740234375,343.98248472749975
1791049005995667700,10.667667724609375,344.43247372436144
1791049006005625600,10.67762548828125,344.42021569872134
1791049006015583700,10.687583740234375,344.64341918063155
1791049006025542700,10.697542724609375,344.3990669195955
1791049006035500800,10.707500732421876,344.3411220672259
1791049006045458700,10.717458740234376,344.66972909909583
1791049006055417900,10.72741796875,344.11268003179083
1791049006065375700,10.737375732421874,344.29630641679563
1791049006075333600,10.747333740234374,344.3978065335207
1791049006085292500,10.75729248046875,343.72469463705403
1791049006095250700,10.767250732421875,344.0473209273771
1791049006105209600,10.777209716796875,343.64246740807545
1791049006115167700,10.787167724609375,343.96845511886346
1791049006125125600,10.797125732421875,344.2049832661071
1791049006135084500,10.80708447265625,344.6153968891548
1791049006145042700,10.817042724609376,344.49994935859826
1791049006155000600,10.82700048828125,344.57769655613276
1791049006164959700,10.836959716796875,344.4467058693984
1791049006174917600,10.846917724609375,344.1804678064257
1791049006184875800,10.856875732421875,344.41772135584023
1791049006194834700,10.866834716796875,344.8020282619705
1791049006204792800,10.876792724609375,344.83594449935276
1791049006214751700,10.886751708984375,345.2556897553365
1791049006224709600,10.896709716796876,344.8914067643038
1791049006234667800,10.906667724609376,344.89976894763436
1791049006244626700,10.916626708984374,344.5444117389997
1791049006254584800,10.926584716796874,344.2995623625751
1791049006264542500,10.93654248046875,344.48068835455814
1791049006274501600,10.946501708984375,344.8722549392564
1791049006284459500,10.95645947265625,344.83924706835876
1791049006294417700,10.966417724609375,345.1007491429471
1791049006304376600,10.97637646484375,345.1060970312482
1791049006314334700,10.986334716796875,345.11258124585135
1791049006324293600,10.996293701171876,344.9830489944646
1791049006334251500,11.00625146484375,345.0577790770072
1791049006344209700,11.016209716796874,345.2114984260101
1791049006354168600,11.02616845703125,345.0004344261268
1791049006364126700,11.036126708984375,345.1095072764124
1791049006374084600,11.046084716796875,344.8214244237828
1791049006384043800,11.056043701171875,344.90358162288646
1791049006394001700,11.066001708984375,344.6508751810663
1791049006403960800,11.0759609375,344.86190590827744
1791049006413918700,11.085918701171876,345.0083950751133
1791049006423876900,11.095876953125,344.8554400942193
1791049006433835800,11.105835693359374,344.77593566941954
1791049006443793400,11.11579345703125,344.74375814884024
1791049006453751600,11.12575146484375,344.20279450896237
1791049006463710500,11.13571044921875,344.20279450896237
1791049006473668600,11.145668701171875,344.45939496254584
1791049006483626500,11.15562646484375,343.9885664251408
1791049006493585700,11.165585693359375,344.2035448634423
1791049006503543600,11.17554345703125,344.1983808553917
1791049006513502700,11.185502685546876,344.4434160938748
1791049006523460600,11.195460693359376,344.23170664112996
1791049006533418800,11.205418701171874,344.0537291619195
1791049006543377700,11.215377685546875,343.94458379243247
1791049006553335600,11.22533544921875,343.9354785036612
1791049006563293700,11.235293701171875,343.3124968843987
1791049006573252600,11.245252685546875,343.5774971441027
1791049006583210800,11.255210693359375,343.66832162251114
1791049006593168600,11.265168701171875,343.3259322448442
1791049006603127800,11.2751279296875,343.6072146829977
1791049006613085700,11.285085693359376,343.4752568991733
1791049006623044600,11.295044677734374,343.67974486817764
1791049006633002800,11.305002685546874,343.2691135355042
1791049006642960600,11.314960693359374,343.37540040622287
1791049006652919600,11.32491943359375,343.3883709745954
1791049006662877400,11.33487744140625,343.3809353562842
1791049006672835600,11.344835693359375,343.2254952160404
1791049006682794500,11.35479443359375,342.97325255603715
1791049006692752600,11.364752685546875,342.9512683522996
1791049006702711600,11.374711669921876,343.599485476282
1791049006712669700,11.384669677734376,343.3241754811594
1791049006722627600,11.394627685546874,344.0455417858793
1791049006732586500,11.40458642578125,343.72848138418806
1791049006742544600,11.414544677734375,344.04888736353456
1791049006752502800,11.424502685546875,344.13104155559364
1791049006762461700,11.434461669921875,343.70914003408575
1791049006772419600,11.444419677734375,344.0071167312597
1791049006782377700,11.454377685546875,343.8781073532682
1791049006792336600,11.464336669921876,343.7840895712261
1791049006802294800,11.474294677734376,344.23000139268305
1791049006812253700,11.484253662109374,344.00672891745154
1791049006822211800,11.4942119140625,344.2856024862276
1791049006832169500,11.50416943359375,344.36117604737825
1791049006842128600,11.514128662109375,344.3816788669771
1791049006852086500,11.52408642578125,344.7059765449695
1791049006862044700,11.534044677734375,344.490472155444
1791049006872003600,11.544003662109375,344.53001135845835
1791049006881961500,11.55396142578125,344.21300169893186
1791049006891919600,11.563919677734376,344.4409479357743
1791049006901878500,11.57387841796875,344.485673629001
1791049006911836700,11.583836669921874,344.2741232104878
1791049006921795600,11.593795654296875,344.5168806032497
1791049006931753700,11.603753662109375,344.60974500592386
1791049006941711600,11.613711669921875,344.6045849413777
1791049006951670500,11.62367041015625,344.3630995563517
1791049006961628700,11.633628662109375,344.214809104635
1791049006971586800,11.6435869140625,344.1496369820979
1791049006981545700,11.653545654296876,343.80809802298234
1791049006991503600,11.663503662109376,344.15845668593784
1791049007001462800,11.673462890625,344.132497563864
1791049007011420700,11.683420654296874,344.305130282397
1791049007021378800,11.69337890625,344.59112240028884
1791049007031337700,11.703337646484375,344.2274336740359
1791049007041295600,11.713295654296875,344.01482974401387
1791049007051253500,11.72325341796875,344.0332630172244
1791049007061212400,11.73321240234375,344.3224620323565
1791049007071170600,11.743170654296875,344.3659318818975
1791049007081128700,11.753128662109376,344.1471288480336
1791049007091087600,11.763087646484376,344.2382401282909
1791049007101045500,11.77304541015625,345.36071950605094
1791049007111004700,11.783004638671875,345.35141003606793
1791049007120962600,11.792962646484375,345.0926392815865
1791049007130920700,11.802920654296875,344.7902253468645
1791049007140879600,11.812879638671875,345.04569548213476
1791049007150837800,11.822837646484375,345.1133592499912
1791049007160795600,11.832795654296875,344.86775628749376
1791049007170754600,11.842754638671876,344.6962433816508
1791049007180712700,11.852712646484376,344.7839418592062
1791049007190670800,11.8626708984375,344.9853000103156
1791049007200629800,11.872629638671874,345.30313373550507
1791049007210587600,11.882587646484374,344.916834652763
1791049007220546800,11.892546875,345.1539182624104
1791049007230504700,11.902504638671875,344.56156852722876
1791049007240462600,11.912462646484375,344.8991334802285
1791049007250421800,11.922421875,344.8043941306179
1791049007260379600,11.932379638671875,344.715206749194
1791049007270336800,11.942336669921875,344.9848385348724
1791049007280296000,11.9522958984375,344.5265169089509
1791049007290253800,11.96225390625,344.8624901198851
1791049007300212700,11.972212646484374,344.75749821350684
1791049007310171000,11.9821708984375,344.3851013607291
1791049007320129000,11.99212890625,344.80905724819763
1791049007330088000,12.002087890625,344.02354843403316
1791049007340045800,12.0120458984375,344.05018732398634
1791049007350004000,12.02200390625,344.22295620847956
1791049007359963000,12.031962890625,344.1581014191344
1791049007369921000,12.041921142578126,344.1877452015079
1791049007379879000,12.05187890625,344.2560024102617
1791049007389838000,12.061838134765624,344.30833613689913
1791049007399796000,12.0717958984375,344.30757358143717
1791049007409755000,12.0817548828125,343.7436670484073
1791049007419713000,12.091713134765625,344.0333614150757
1791049007429671200,12.101671142578125,343.4748579689869
1791049007439630000,12.111630126953125,344.0841811651753
1791049007449587700,12.121587646484375,343.5577337173314
1791049007459545900,12.1315458984375,343.00321739837875
1791049007469504800,12.1415048828125,343.05162005482583
1791049007479463000,12.151462890625,343.19173598075025
1791049007489421800,12.161421875,343.42113166902845
1791049007499380000,12.1713798828125,343.14926597551556
1791049007509337900,12.181337890625,342.9268241147444
1791049007519296800,12.191296875,343.0933070333365
1791049007529255000,12.2012548828125,342.96712152028107
1791049007539213000,12.211213134765625,343.10396598171747
1791049007549172000,12.221171875,343.5137398986791
1791049007559129900,12.2311298828125,343.51240101229376
1791049007569088000,12.241087890625,343.23489130281837
1791049007579047000,12.251046875,343.13105660276835
1791049007589005000,12.261005126953124,343.8187325893392
1791049007598964000,12.2709638671875,343.79777844508226
1791049007608922000,12.280922119140625,343.312193223237
1791049007618880000,12.2908798828125,343.1222393542904
1791049007628839000,12.3008388671875,343.37843327669697
1791049007638797000,12.310797119140625,343.2630574606828
1791049007648755000,12.3207548828125,343.48661523307305
1791049007658713900,12.3307138671875,343.79282621077635
1791049007668671700,12.340671630859376,343.60086601324383
1791049007678630000,12.3506298828125,343.9238152358261
1791049007688588800,12.3605888671875,343.82019130115975
1791049007698547000,12.370546875,343.6156336321594
1791049007708505900,12.380505859375,343.8732174353126
1791049007718464000,12.390464111328125,343.8947873734369
1791049007728422000,12.400421875,343.6790829757231
1791049007738380800,12.410380859375,344.1816614471
1791049007748339000,12.4203388671875,343.94384565587393
1791049007758297000,12.430297119140626,343.93722705544053
1791049007768256000,12.440256103515624,344.1603755201771
1791049007778214000,12.4502138671875,344.03467277119944
1791049007788173000,12.460173095703125,344.1048594007979
1791049007798131000,12.470130859375,343.80646419343446
1791049007808089000,12.480089111328125,343.71282175692414
1791049007818048000,12.490048095703125,343.9885018439846
1791049007828006100,12.500006103515625,343.99185801335574
1791049007837963800,12.5099638671875,343.73032371225366
1791049007847923000,12.5199228515625,344.0437686677586
1791049007857880800,12.529880859375,343.69481604900704
1791049007867839000,12.5398388671875,343.98669928211626
1791049007877798000,12.5497978515625,343.9098314738734
1791049007887755800,12.559755859375,343.7466433754751
1791049007897715000,12.56971484375,343.9293255466005
1791049007907672800,12.5796728515625,343.8114467193638
1791049007917631000,12.589630859375,344.4817737110275
1791049007927590000,12.59958984375,344.32142904226964
1791049007937548000,12.609548095703126,344.5809427847973
1791049007947506000,12.619505859375,344.2314412235932
1791049007957464800,12.62946484375,343.8872674995966
1791049007967423000,12.639423095703124,344.7964790232927
1791049007977382000,12.6493818359375,344.907577362234
1791049007987340000,12.659340087890625,344.9180085419631
1791049007997298000,12.6692978515625,344.81616742125686
1791049008007257000,12.679257080078125,344.6515174428229
1791049008017215000,12.689215087890625,344.81930307855686
1791049008027173000,12.699173095703125,344.53720152056616
1791049008037132000,12.709132080078126,344.8445063359922
1791049008047090200,12.719090087890624,344.6442556485698
1791049008057047800,12.7290478515625,344.69767027257603
1791049008067006700,12.7390068359375,344.8619976979575
1791049008076964900,12.74896484375,344.43468814095667
1791049008086923800,12.758923828125,344.71036407001935
1791049008096882000,12.7688818359375,344.58884866099817
1791049008106839800,12.77883984375,344.1004344333964
1791049008116799000,12.788799072265626,344.14927990391766
1791049008126756900,12.7987568359375,344.2392800641671
1791049008136715000,12.808715087890626,344.11350245966526
1791049008146674000,12.818673828125,343.89683865881375
1791049008156632000,12.828632080078124,343.59563460761996
1791049008166591000,12.838591064453125,343.4052654159327
1791049008176548900,12.848548828125,342.8244675919666
1791049008186507000,12.858507080078125,343.0887450517805
1791049008196466000,12.8684658203125,343.4778182825159
1791049008206424000,12.878424072265625,343.17296560734616
1791049008216382000,12.8883818359375,343.32169200308806
1791049008226341000,12.898341064453126,343.6449392069744
1791049008236299000,12.908299072265624,343.5976528094099
1791049008246257000,12.9182568359375,343.15947646100966
1791049008256216000,12.928216064453125,343.30081180207117
1791049008266174000,12.938174072265625,343.1202630707331
1791049008276133000,12.948133056640625,342.5246011484349
1791049008286091000,12.958091064453125,342.24796427822463
1791049008296049200,12.968049072265625,342.4722808793187
1791049008306008000,12.978008056640626,343.04610898166106
1791049008315966200,12.98796630859375,342.628131830307
1791049008325924000,12.997924072265626,342.4912268419442
1791049008335883300,13.00788330078125,342.91720962080757
1791049008345841200,13.017841064453124,342.955657885215
1791049008355799000,13.027799072265625,342.4063297011768
1791049008365758000,13.037758056640625,342.72842137224126
1791049008375716000,13.047716064453125,342.4180789079995
1791049008385675000,13.057675048828125,342.651936390134
1791049008395633000,13.0676328125,342.23265338500596
1791049008405591000,13.077591064453125,342.4287500917677
1791049008415550000,13.087550048828126,342.6392407267505
1791049008425508000,13.097508056640624,342.402853395846
1791049008435466000,13.107466064453124,342.8942737492594
1791049008445425200,13.117425048828125,342.8080352077334
1791049008455383000,13.127383056640625,342.75582399041946
1791049008465342000,13.137342041015625,342.52666052729535
1791049008475300000,13.147300048828125,342.3893892508534
1791049008485258000,13.157258056640625,342.5554917524297
1791049008495217200,13.167217041015626,342.30863076111274
1791049008505175000,13.177175048828126,342.1621087962747
1791049008515133200,13.18713330078125,342.2670384006075
1791049008525092000,13.197092041015624,341.9027075634111
1791049008535050200,13.20705029296875,342.5426655955485
1791049008545009200,13.217009033203125,342.46506405662245
1791049008554967000,13.226967041015625,342.2505443667233
1791049008564925000,13.236925048828125,342.50519575696615
1791049008574884000,13.246884033203125,341.9788679585377
1791049008584842000,13.256842041015625,342.268133798048
1791049008594799900,13.2667998046875,342.34900855350537
1791049008604759000,13.276759033203126,342.88478895356127
1791049008614717000,13.286717041015624,342.5757782831745
1791049008624675000,13.296675048828124,342.67304319591625
1791049008634634000,13.306634033203125,342.6265549414412
1791049008644592000,13.316592041015625,342.3781654736931
1791049008654551000,13.326551025390625,341.98011671880766
1791049008664509200,13.33650927734375,342.68938302049884
1791049008674467000,13.346467041015625,342.68938302049884
1791049008684425200,13.35642529296875,342.9540777179428
1791049008694383000,13.366383056640625,343.19051694345507
1791049008704342000,13.376342041015626,342.6051115781278
1791049008714300200,13.386300048828126,342.7927325239182
1791049008724258000,13.396258056640624,343.5565305298501
1791049008734217200,13.40621728515625,342.56699771470676
1791049008744174800,13.4161748046875,342.83499243427565
1791049008754133000,13.426133056640625,342.97625177359083
1791049008764092000,13.436091796875,343.40400629352627
1791049008774050000,13.446050048828125,343.07898700993644
1791049008784009000,13.456009033203125,343.3485762013031
1791049008793967000,13.465967041015626,343.6344811264094
1791049008803925000,13.475925048828126,343.26679362823114
1791049008813884000,13.4858837890625,342.88650321281466
1791049008823842000,13.495842041015624,343.4974584458534
1791049008833800200,13.50580029296875,343.59218036762127
1791049008843759000,13.515759033203125,343.4131877031867
1791049008853717000,13.525717041015625,343.34547152179334
1791049008863675100,13.535675048828125,343.23461298629076
1791049008873634000,13.545634033203125,343.84359021321694
1791049008883592200,13.55559228515625,343.77407323414883
1791049008893551000,13.565551025390626,344.0940383340039
1791049008903509200,13.57550927734375,344.0840531112548
1791049008913467100,13.585467041015624,343.57859983980995
1791049008923426000,13.595426025390625,344.15578691888993
1791049008933384200,13.60538427734375,344.10232664265
1791049008943342000,13.615342041015625,344.14102039277293
1791049008953301000,13.625301025390625,343.33466578568704
1791049008963259000,13.6352587890625,343.77371619818126
1791049008973218000,13.645218017578125,343.9667302824833
1791049008983176000,13.655176025390626,343.84293879130473
1791049008993134800,13.665134765625,343.8528686607358
1791049009003093000,13.675093017578124,343.8207703411685
1791049009013052000,13.685052001953125,344.1083455605642
1791049009023010000,13.695010009765625,343.45019016434156
1791049009032968000,13.704968017578125,343.82220802095236
1791049009042927000,13.714927001953125,343.51271460975823
1791049009052885000,13.724885009765625,343.1161644941369
1791049009062843100,13.734843017578125,343.45119340191394
1791049009072802000,13.744802001953126,343.25313217310327
1791049009082760200,13.75476025390625,343.84898978517776
1791049009092718000,13.764718017578126,343.378037422938
1791049009102677000,13.774677001953124,342.7959222696015
1791049009112635100,13.78463525390625,343.3973211862661
1791049009122594000,13.794593994140625,342.6298372662538
1791049009132552200,13.80455224609375,342.36541563432405
1791049009142510000,13.814510009765625,342.63491087199793
1791049009152469200,13.82446923828125,342.164161486694
1791049009162427000,13.834427001953125,342.21504604273866
1791049009172385000,13.844385009765626,341.96100035304033
1791049009182344000,13.854343994140624,342.5530618212083
1791049009192302000,13.864302001953124,342.4377939794182
1791049009202261000,13.874260986328125,342.08032598575716
1791049009212219000,13.884218994140625,342.39059371387987
1791049009222177000,13.894177001953125,341.98273694379924
1791049009232136000,13.904135986328125,342.5101744006147
1791049009242094000,13.914093994140625,342.6767353487544
1791049009252052000,13.924052001953125,342.34944885899023
1791049009262011100,13.93401123046875,342.373430092032
1791049009271968800,13.94396875,342.373430092032
1791049009281928000,13.953927978515624,341.8511220098689
1791049009291885800,13.9638857421875,342.06708142334435
1791049009301844000,13.973843994140625,341.7225166794281
1791049009311803000,13.983802978515625,341.72551019260874
1791049009321760800,13.9937607421875,341.846395904722
1791049009331719000,14.003718994140625,341.7280707376947
1791049009341677800,14.013677734375,342.02973678155354
1791049009351636000,14.023635986328125,341.73965878140797
1791049009361593900,14.03359375,341.5891901565976
1791049009371553000,14.043552978515624,342.21371801676565
1791049009381511000,14.053510986328124,341.90200775603074
1791049009391470000,14.063469970703125,342.4947849441042
1791049009401428000,14.073427978515625,342.06969082901924
1791049009411386000,14.08338623046875,342.24863716657075
1791049009421345000,14.093344970703125,342.3319908494019
1791049009431303000,14.103302978515625,341.8147807990707
1791049009441260800,14.1132607421875,341.64206599635537
1791049009451219700,14.1232197265625,341.33269987995857
1791049009461177900,14.133177734375,341.5322023477028
1791049009471136800,14.14313671875,341.55019170404375
1791049009481095000,14.153094970703124,341.18693327555445
1791049009491052800,14.163052734375,341.45006892048997
1791049009501012000,14.173011962890625,341.4160726735669
1791049009510969900,14.182969970703125,341.5958176915839
1791049009520928000,14.192927978515625,342.1770034755767
1791049009530887000,14.202886962890625,341.91734897587924
1791049009540844800,14.2128447265625,342.15690803596254
1791049009550803000,14.222802978515626,341.69293523756187
1791049009560761900,14.232761962890624,341.8141746651445
1791049009570720000,14.242719970703124,341.87223369398214
1791049009580679000,14.252678955078125,341.7341300089867
1791049009590637000,14.262636962890625,342.2201877246822
1791049009600595000,14.272594970703125,342.39705655317215
1791049009610553900,14.282553955078125,342.03152872406423
1791049009620512000,14.292511962890625,342.41336937243426
1791049009630470000,14.302469970703125,342.21718523321005
1791049009640428800,14.3124287109375,342.6107633279126
1791049009650386700,14.32238671875,342.5965868924328
1791049009660344800,14.3323447265625,342.51501427450347
1791049009670303700,14.3423037109375,342.50368672056135
1791049009680262000,14.352261962890625,342.33736081475666
1791049009690220800,14.362220703125,342.4540799283264
1791049009700179000,14.372178955078125,342.4633039103934
1791049009710136800,14.38213671875,342.50984095757815
1791049009720096000,14.392095947265625,342.5411322665056
1791049009730054000,14.402053955078125,342.6434128323362
1791049009740012000,14.412011962890626,342.67798286858135
1791049009749971000,14.421970947265624,342.3761290047561
1791049009759928800,14.4319287109375,341.92275012935835
1791049009769888000,14.441887939453125,341.90777074100293
1791049009779846000,14.451845947265625,342.1992155840508
1791049009789804000,14.461803955078125,342.39435802901795
1791049009799763000,14.471762939453125,342.4776524964858
1791049009809721000,14.48172119140625,342.1254025894307
1791049009819678700,14.4916787109375,342.3525577909954
1791049009829638000,14.501637939453126,341.949262617924
1791049009839595800,14.511595703125,341.6666501395532
1791049009849554700,14.5215546875,341.8766204500512
1791049009859512800,14.531512939453124,341.897994220912
1791049009869470700,14.541470703125,342.05540851952674
1791049009879430000,14.551429931640625,341.7911626566
1791049009889387800,14.5613876953125,341.97323604916176
1791049009899346000,14.571345947265625,341.6435685289521
1791049009909304800,14.581304931640625,341.55795804737204
1791049009919263000,14.591262939453125,341.72534669491984
1791049009929220900,14.601220947265626,341.5367566670803
1791049009939179800,14.6111796875,341.2551990002939
1791049009949138000,14.621137939453124,341.3682803323156
1791049009959096800,14.631096923828125,341.5714054978915
1791049009969055000,14.641054931640625,341.97038500529027
1791049009979012900,14.651012939453125,341.5417340241082
1791049009988972000,14.660971923828125,341.69604686293036
1791049009998930000,14.670929931640625,341.2908055779724
1791049010008888000,14.68088818359375,341.27109193718536
1791049010018847000,14.690846923828126,341.51647988224744
1791049010028804900,14.700804931640626,341.1125366720678
1791049010038764000,14.710763916015624,341.5577398502316
1791049010048721700,14.7207216796875,341.4027002163431
1791049010058679800,14.7306796875,341.02878741974985
1791049010068638700,14.740638671875,341.07614083396936
1791049010078596900,14.750596923828125,340.96041078339886
1791049010088554800,14.7605546875,341.398596369251
1791049010098514000,14.770513916015625,341.10892854262215
1791049010108471800,14.780471923828125,340.9092239543778
1791049010118430000,14.790429931640626,340.96577782886345
1791049010128388900,14.800388916015624,340.88336953922897
1791049010138347000,14.810346923828124,341.2503446035842
1791049010148306000,14.820305908203125,340.73044909611065
1791049010158263800,14.830263916015625,341.2149625769173
1791049010168222000,14.840221923828125,341.08005932758533
1791049010178180900,14.850180908203125,340.7749515956829
1791049010188139000,14.860138916015625,340.8279969250927
1791049010198097000,14.870096923828125,340.94685486997423
1791049010208056000,14.88005615234375,340.5283894237083
1791049010218014000,14.890013916015626,340.91228083382475
1791049010227972900,14.899972900390624,340.69575214693043
1791049010237931000,14.909930908203124,340.7988173856063
1791049010247889000,14.919888916015625,341.39337904107276
1791049010257847800,14.929847900390625,340.85152012736717
1791049010267805700,14.9398056640625,340.7618932626782
1791049010277764900,14.949764892578125,340.99924711208587
1791049010287723800,14.959723876953126,341.10945701592897
1791049010297682000,14.969681884765626,341.2545531860296
1791049010307639800,14.979639892578126,341.2155537108074
1791049010317598700,14.9895986328125,341.6093198557207
1791049010327556900,14.999556884765624,341.4017952087674
1791049010337515800,15.009515869140625,341.3801754810888
1791049010347474000,15.019473876953125,341.4298476662918
1791049010357431800,15.029431884765625,341.61565430975816
1791049010367391000,15.039390869140625,342.19363393230395
1791049010377348600,15.0493486328125,342.00209263311353
1791049010387306800,15.059306640625,342.1779090700635
1791049010397265700,15.069265625,342.07130923902537
1791049010407223800,15.079223876953124,341.7855448824368
1791049010417182700,15.0891826171875,342.44903855396944
1791049010427140600,15.099140625,342.07494156602104
1791049010437098800,15.1090986328125,342.0913959799383
1791049010447057700,15.1190576171875,341.95217823527054
1791049010457015800,15.129015869140625,341.6668408293697
1791049010466973700,15.1389736328125,342.08213295778046
1791049010476932900,15.148932861328126,342.1261722010638
1791049010486890800,15.158890869140626,342.2559010620318
1791049010496849000,15.168848876953126,342.0092908688872
1791049010506807800,15.178807861328124,341.75745252807883
1791049010516766000,15.188765869140624,342.1694976463852
1791049010526724900,15.198724853515625,342.0087321378122
1791049010536682800,15.208682861328125,341.87485274616773
1791049010546641000,15.218640869140625,341.8196473359653
1791049010556599800,15.228599853515625,341.7576976459815
1791049010566558000,15.238557861328125,341.6903405552766
1791049010576515600,15.248515625,341.33768264738455
1791049010586474800,15.258474853515626,341.4462448567392
1791049010596432600,15.2684326171875,341.61810598709076
1791049010606391600,15.2783916015625,341.48413937008723
1791049010616349700,15.288349609375,341.26658146377315
1791049010626307800,15.298307861328125,341.2932270820264
1791049010636266800,15.308266845703125,341.1689300636223
1791049010646224600,15.318224609375,340.8835101819341
1791049010656182800,15.328182861328125,341.08069204998145
1791049010666141700,15.3381416015625,341.6582144803327
1791049010676099800,15.348099853515626,341.5746536437848
1791049010686057700,15.3580576171875,341.24798119829615
1791049010696017000,15.368016845703124,341.36990159900455
1791049010705974800,15.377974853515624,340.8793411754593
1791049010715933700,15.38793359375,340.9864909273547
1791049010725891800,15.397891845703125,340.6224712419029
1791049010735850000,15.40785009765625,340.69625439249006
1791049010745809000,15.417808837890625,340.70019320210895
1791049010755766800,15.427766845703125,340.88756426360396
1791049010765724700,15.437724609375,341.031053588526
1791049010775683800,15.447683837890626,340.92842139079636
1791049010785641700,15.457641845703124,340.91763171712665
1791049010795600600,15.4676005859375,340.67228465823274
1791049010805558800,15.477558837890625,340.3091886751941
1791049010815516700,15.4875166015625,340.3337039319982
1791049010825475600,15.4974755859375,340.53403024344715
1791049010835433700,15.507433837890625,341.1394679494676
1791049010845392000,15.517391845703125,341.0853424088338
1791049010855350800,15.527350830078126,340.9137729173031
1791049010865308700,15.53730859375,340.9717628732429
1791049010875266800,15.547266845703126,340.89915393273617
1791049010885225700,15.557225830078124,340.9462810934665
1791049010895184000,15.567183837890624,341.0179444043343
1791049010905142800,15.577142822265625,340.94087043656907
1791049010915101000,15.587100830078125,341.1577981421226
1791049010925058800,15.597058837890625,342.2738531443973
1791049010935017700,15.607017822265625,342.4525390734639
1791049010944976000,15.616975830078125,342.32043818133104
1791049010954933800,15.626933837890626,342.3592649468796
1791049010964893000,15.636892822265626,342.1745366887915
1791049010974850600,15.6468505859375,341.68821631590106
1791049010984810000,15.65681005859375,342.3740315167764
1791049010994767600,15.666767578125,342.4062026120035
1791049011004725800,15.676725830078125,342.12505173639687
1791049011014684700,15.6866845703125,342.25941381620123
1791049011024642800,15.696642822265625,342.191060129799
1791049011034600700,15.7066005859375,342.4705461641595
1791049011044559600,15.7165595703125,342.3928792231758
1791049011054517800,15.726517822265626,342.04246062585685
1791049011064476700,15.7364765625,342.96765623674156
1791049011074434800,15.746434814453124,343.04172070926643
1791049011084392700,15.756392822265624,343.11836763510416
1791049011094352000,15.766351806640625,343.23080632786093
1791049011104309800,15.776309814453125,342.7815396841779
1791049011114268000,15.786267822265625,342.87938781163007
1791049011124226800,15.796226806640625,342.66908477112196
1791049011134185000,15.80618505859375,342.8356130401262
1791049011144142800,15.816142822265626,342.64229747167764
1791049011154101800,15.826101806640626,342.4172034805312
1791049011164060000,15.836059814453124,342.3449475289688
1791049011174018800,15.846018798828124,342.49511530764414
1791049011183976700,15.855976806640625,342.75578598516415
1791049011193934600,15.8659345703125,342.6329923217512
1791049011203893800,15.875893798828125,342.6484967442417
1791049011213851600,15.8858515625,342.70922158712324
1791049011223809800,15.895809814453125,342.3937698509233
1791049011233768700,15.905768798828126,342.42414212942174
1791049011243726800,15.915726806640626,342.9369941645702
1791049011253684700,15.925684814453126,342.7569830424793
1791049011263643600,15.9356435546875,342.4881498038487
1791049011273601300,15.945601318359374,342.38057424864246
1791049011283560200,15.955560302734375,342.27930097164915
1791049011293518300,15.965518310546875,341.86977568364733
1791049011303476200,15.975476318359375,341.81639182047815
1791049011313435400,15.985435302734375,341.5844738784239
1791049011323393300,15.995393310546875,341.6676440257734
1791049011333351400,16.005351318359374,341.86236706956885
1791049011343310300,16.015310302734374,341.6802818288392
1791049011353268500,16.0252685546875,341.5073621677022
1791049011363227400,16.035227294921874,341.67019327669794
1791049011373185300,16.045185302734374,341.2975665886586
1791049011383143400,16.055143310546875,341.34528283691935
1791049011393102300,16.065102294921875,341.5669563522359
1791049011403060500,16.075060546875,341.5911198552702
1791049011413018400,16.085018310546875,341.83912702653146
1791049011422977500,16.0949775390625,341.62914420313734
1791049011432935400,16.104935302734376,341.41562395993105
1791049011442893600,16.1148935546875,341.03893279361864
1791049011452852500,16.1248525390625,341.52969378103063
1791049011462810400,16.134810302734376,341.4273003858835
1791049011472769500,16.14476953125,341.4734430885858
1791049011482727200,16.15472705078125,341.5811892900476
1791049011492685300,16.164685302734377,341.41215703690256
1791049011502644200,16.174644287109373,341.76714698723947
1791049011512602400,16.184602294921874,341.7924201412932
1791049011522560300,16.194560302734374,341.8218241543676
1791049011532519400,16.20451953125,341.7202227164145
1791049011542477300,16.214477294921874,341.62673470000067
1791049011552436200,16.224436279296874,341.15931069799984
1791049011562394400,16.234394287109374,341.661128934626
1791049011572352500,16.2443525390625,341.4677530020757
1791049011582311400,16.2543115234375,341.5842027068329
1791049011592269300,16.264269287109375,341.2277599347735
1791049011602227500,16.2742275390625,341.1312291296418
1791049011612186400,16.284186279296875,341.2469521527362
1791049011622144500,16.29414453125,341.29227180055364
1791049011632103400,16.304103515625,341.2989267437355
1791049011642061600,16.3140615234375,341.4057343259024
1791049011652019500,16.32401953125,341.29835129329507
1791049011661978400,16.333978271484376,341.565693307779
1791049011671936500,16.3439365234375,342.0369830037508
1791049011681894400,16.353894287109377,342.21195896933796
1791049011691853300,16.363853271484373,341.94294788610307
1791049011701811200,16.373811279296874,341.8359001321298
1791049011711769300,16.383769287109374,342.20471432382885
1791049011721728300,16.393728271484374,342.2021967436423
1791049011731686400,16.403686279296874,342.2021967436423
1791049011741645300,16.413645263671874,342.59403586535973
1791049011751603500,16.423603515625,342.56731207651296
1791049011761561300,16.433561279296875,342.64763519298333
1791049011771520300,16.443520263671875,342.65331561159985
1791049011781478400,16.453478515625,342.6733492944305
1791049011791436500,16.4634365234375,342.61492000887586
1791049011801395500,16.4733955078125,342.4380805044624
1791049011811353300,16.483353271484376,342.4624665510567
1791049011821311500,16.4933115234375,342.2087099872573
1791049011831270400,16.5032705078125,342.2744871255062
1791049011841228500,16.513228515625,342.6015084154782
1791049011851187500,16.5231875,342.8458109284386
1791049011861145600,16.5331455078125,342.6169606225807
1791049011871103200,16.543103271484377,342.6801376201245
1791049011881062400,16.5530625,342.88013840316967
1791049011891020300,16.563020263671874,342.8013794396992
1791049011900978400,16.572978515625,342.83758490842166
1791049011910937300,16.582937255859374,342.93062086668647
1791049011920895200,16.592895263671874,343.10671682303047
1791049011930854400,16.6028544921875,342.50745250244137
1791049011940812300,16.612812255859374,342.83325145108626
1791049011950770400,16.6227705078125,342.96227257512334
1791049011960729300,16.632729248046875,343.00807257427454
1791049011970687500,16.6426875,343.04048869559097
1791049011980645400,16.652645263671875,342.7652633982049
1791049011990604300,16.662604248046875,342.8463838310092
1791049012000562400,16.6725625,342.4480381910619
1791049012010520600,16.6825205078125,342.54338298396874
1791049012020479500,16.6924794921875,342.67927855416036
1791049012030437400,16.702437255859376,342.76259226679826
1791049012040396500,16.712396484375,342.57572771462526
1791049012050354400,16.7223544921875,342.4004139966354
1791049012060312600,16.7323125,342.7181697901265
1791049012070271500,16.742271484375,342.46469969125576
1791049012080229400,16.7522294921875,342.3136644120896
1791049012090187300,16.762187255859374,343.0291851460262
1791049012100146200,16.772146240234374,342.70455228153145
1791049012110104300,16.782104248046874,342.47384427464084
1791049012120063200,16.792063232421874,342.5134280184901
1791049012130021400,16.802021484375,342.75070924038414
1791049012139979300,16.811979248046875,342.87441349340406
1791049012149938400,16.8219384765625,342.9785053452934
1791049012159896300,16.831896240234375,342.7020277024873
1791049012169854500,16.8418544921875,343.1470810942194
1791049012179813400,16.8518134765625,342.889404391396
1791049012189771500,16.861771484375,343.004661411549
1791049012199729400,16.8717294921875,343.20425287570043
1791049012209688300,16.881688232421876,343.2140194629257
1791049012219646500,16.891646484375,343.03864584598966
1791049012229605400,16.90160546875,342.9071824273377
1791049012239563500,16.9115634765625,343.42269435842974
1791049012249521400,16.921521484375,343.37117111059354
1791049012259480600,16.93148046875,344.20711496616116
1791049012269438500,16.9414384765625,344.2404839510464
1791049012279396000,16.95139599609375,344.0011513994096
1791049012289355000,16.96135498046875,343.9716870696068
1791049012299313200,16.971313232421874,343.4566879102293
1791049012309272000,16.98127197265625,343.6432655236639
1791049012319230000,16.99122998046875,343.90200179793266
1791049012329188000,17.00118798828125,343.426537671717
1791049012339147000,17.01114697265625,343.7877720588656
1791049012349105200,17.021105224609375,344.01494714157695
1791049012359063000,17.03106298828125,343.87015946192054
1791049012369022200,17.041022216796875,343.9857379194716
1791049012378980000,17.05097998046875,344.11581475324147
1791049012388938200,17.060938232421876,344.1342707040774
1791049012398897200,17.070897216796876,343.81652950064023
1791049012408855300,17.080855224609376,344.0864985605158
1791049012418814200,17.090814208984376,344.7703165661646
1791049012428772000,17.100772216796877,344.6613929536407
1791049012438730200,17.110730224609377,344.4589194047397
1791049012448689200,17.120689208984373,344.36809130410853
1791049012458647300,17.130647216796874,344.8945314569454
1791049012468605000,17.14060498046875,345.127757045202
1791049012478564400,17.150564453125,345.2958003606678
1791049012488522000,17.16052197265625,345.1651616851471
1791049012498481200,17.170481201171874,344.71516223957593
1791049012508439000,17.18043896484375,344.60341969959217
1791049012518397200,17.190397216796875,344.9109863221065
1791049012528356000,17.200356201171875,345.19880974220297
1791049012538314000,17.21031396484375,345.4891601881845
1791049012548272000,17.220272216796875,345.10866526838134
1791049012558231000,17.23023095703125,345.216129761167
1791049012568189200,17.240189208984376,345.3622525527996
1791049012578147000,17.25014697265625,345.48321889693216
1791049012588106200,17.260106201171876,345.3614680866705
1791049012598064000,17.270064208984376,345.3097104258478
1791049012608023000,17.28002294921875,345.0042053864314
1791049012617981200,17.289981201171877,344.91442684797363
1791049012627939300,17.299939208984377,345.293769156493
1791049012637898200,17.309898193359373,345.14895807979667
1791049012647856000,17.319856201171874,345.216380554258
1791049012657814000,17.32981396484375,345.21156368198706
1791049012667773200,17.339773193359374,345.2161557098409
1791049012677730000,17.34972998046875,345.2161557098409
1791049012687689000,17.35968896484375,345.26436205497384
1791049012697647000,17.369647216796874,344.99519829185726
1791049012707606000,17.37960595703125,344.86670078298005
1791049012717564200,17.389564208984375,344.75228396148515
1791049012727522000,17.39952197265625,344.39568406074915
1791049012737481200,17.409481201171875,344.7269172484578
1791049012747439000,17.419439208984375,344.8451972489664
1791049012757397200,17.429397216796875,344.72967901458014
1791049012767356200,17.439356201171876,344.8372526853453
1791049012777314300,17.449314208984376,344.8151464813362
1791049012787273200,17.459273193359376,344.73895463343433
1791049012797231000,17.469231201171876,344.477367197937
1791049012807189200,17.479189208984376,344.84286959042134
1791049012817148200,17.489148193359377,344.7317987963029
1791049012827106300,17.499106201171877,344.2958815086821
1791049012837064000,17.50906396484375,344.58535131093953
1791049012847023400,17.5190234375,344.2050224165676
1791049012856981000,17.52898095703125,343.9512588221437
1791049012866939100,17.538939208984374,344.0805115781408
1791049012876898000,17.54889794921875,344.2203657757834
1791049012886856200,17.558856201171874,344.652935414175
1791049012896815000,17.568815185546875,344.6127011423742
1791049012906773000,17.57877294921875,344.6596456825116
1791049012916731100,17.588731201171875,344.84969426782067
1791049012926690000,17.59868994140625,344.6308718233736
1791049012936648200,17.608648193359375,344.5446072066993
1791049012946606000,17.618606201171875,344.76149592237624
1791049012956565200,17.628565185546876,344.9542457124122
1791049012966523100,17.638523193359376,345.22895251821484
1791049012976482000,17.64848193359375,345.1159063093219
1791049012986440200,17.658440185546876,345.1159063093219
1791049012996399000,17.668399169921877,345.3999730591708
1791049013006357200,17.678357177734377,345.36617465515764
1791049013016316200,17.688316162109373,345.31421164363724
1791049013026274300,17.6982744140625,345.1493031564166
1791049013036233200,17.708233154296874,345.34194817337567
1791049013046191000,17.718191162109374,345.2297663574169
1791049013056149200,17.728149169921874,345.391001197774
1791049013066108200,17.738108154296874,345.1524678990346
1791049013076066300,17.74806640625,345.2660045089876
1791049013086024000,17.75802392578125,345.5551618848569
1791049013095983000,17.767983154296875,345.1724587615268
1791049013105941000,17.77794091796875,345.4688845502403
1791049013115899100,17.787899169921875,345.5689900686345
1791049013125858000,17.797858154296875,345.6024634392368
1791049013135816200,17.807816162109376,345.733320916366
1791049013145775000,17.817775146484376,345.6813679893436
1791049013155733000,17.82773291015625,345.90358815547313
1791049013165691100,17.837691162109376,345.9357169514373
1791049013175650000,17.847650146484376,346.0044380455444
1791049013185608200,17.857608154296877,346.4992862571026
1791049013195566000,17.867566162109377,346.29014780208985
1791049013205525200,17.877525146484373,346.24828277277544
1791049013215483100,17.887483154296874,346.4418436130479
1791049013225441300,17.897441162109374,346.461573844885
1791049013235400200,17.907400146484374,346.87238304317617
1791049013245358300,17.9173583984375,346.8391207865464
1791049013255317200,17.927317138671874,347.25592539039053
1791049013265275100,17.937275146484374,347.32168602905966
1791049013275233000,17.94723291015625,346.752788649977
1791049013285192000,17.95719189453125,346.998617023991
1791049013295150000,17.967150146484375,347.2106527317617
1791049013305108000,17.97710791015625,347.524347682185
1791049013315067100,17.987067138671875,347.3773938757058
1791049013325025000,17.99702490234375,347.1200038184814
1791049013334983200,18.006983154296876,347.3420307443439
1791049013344942000,18.016942138671876,347.3608108691021
1791049013354900200,18.026900146484376,347.79114077221
1791049013364858000,18.036858154296876,347.8003993582823
1791049013374817000,18.046817138671877,347.28145729710224
1791049013384775200,18.056775146484377,347.7391803860862
1791049013394734000,18.066734130859373,347.7928799662163
1791049013404692200,18.076692138671874,347.60016161815395
1791049013414649900,18.08664990234375,347.54468349083686
1791049013424609000,18.096609130859374,347.56573783151396
1791049013434567000,18.10656689453125,347.99602340668844
1791049013444525000,18.116525146484374,347.2911980573068
1791049013454484000,18.12648388671875,348.13462247036193
1791049013464442000,18.136442138671875,347.117038390531
1791049013474400000,18.14639990234375,347.2729703053866
1791049013484359000,18.15635888671875,347.07189273863935
1791049013494317000,18.166317138671875,347.23193278169543
1791049013504276000,18.17627587890625,347.56214093533976
1791049013514234000,18.186234130859376,347.0854617919341
1791049013524192000,18.19619189453125,346.98029094137553
1791049013534151200,18.206151123046876,347.51365950534915
1791049013544109000,18.216109130859376,346.9769867091286
1791049013554067200,18.226067138671876,346.9584938320826
1791049013564026000,18.236026123046877,346.9573947873542
1791049013573984300,18.245984375,347.04501310669
1791049013583942100,18.255942138671877,346.34632799496165
1791049013593901000,18.265901123046874,346.77291556914344
1791049013603859000,18.27585888671875,346.82914509943777
1791049013613817000,18.285817138671874,346.22313632136405
1791049013623776000,18.29577587890625,346.5425685964069
1791049013633734000,18.30573388671875,346.6266056521602
1791049013643692000,18.315692138671874,346.47870905011416
1791049013653651000,18.32565087890625,346.73256822665985
1791049013663609000,18.335609130859375,347.14941521508587
1791049013673567000,18.34556689453125,347.05643003852475
1791049013683526100,18.355526123046875,346.99499332300354
1791049013693484000,18.365484130859375,346.85783762120445
1791049013703442200,18.375442138671875,347.3736080567898
1791049013713401000,18.385401123046876,347.15043599819353
1791049013723359200,18.395359130859376,346.90554699362093
1791049013733317000,18.405317138671876,347.37798763340305
1791049013743276000,18.415276123046876,347.23712405764564
1791049013753234200,18.425234130859376,347.58040972040186
1791049013763192000,18.435192138671876,347.6765036740627
1791049013773151200,18.445151123046877,347.3536550309331
1791049013783108900,18.45510888671875,347.3676761602264
1791049013793067000,18.46506689453125,347.72799863722776
1791049013803026000,18.47502587890625,348.02158893420255
1791049013812984000,18.484984130859374,348.3292803130692
1791049013822942000,18.49494189453125,347.90204570047615
1791049013832901000,18.504901123046874,347.90204570047615
1791049013842859000,18.51485888671875,348.26370221183106
1791049013852817200,18.524817138671875,347.6671843565465
1791049013862776000,18.534776123046875,348.78058136704607
1791049013872734000,18.54473388671875,348.5525477679253
1791049013882692000,18.554692138671875,348.5343503276342
1791049013892651000,18.564651123046875,348.6181170976085
1791049013902609200,18.574609130859375,348.77825236148357
1791049013912567000,18.584567138671876,348.9146464000942
1791049013922526200,18.594526123046876,348.77402600044786
1791049013932484000,18.604484130859376,349.32583347161
1791049013942442200,18.614442138671876,349.32583347161
1791049013952401200,18.624401123046876,349.34692106145343
1791049013962359000,18.634359130859377,349.4305178395261
1791049013972317000,18.64431689453125,348.81722247218585
1791049013982275800,18.65427587890625,349.5082926553061
1791049013992234000,18.66423388671875,349.6166471687159
1791049014002192100,18.674192138671874,350.05210480567007
1791049014012151000,18.684151123046874,349.80746570064605
1791049014022109000,18.69410888671875,349.589702588721
1791049014032067000,18.704067138671874,349.7132983828269
1791049014042026000,18.71402587890625,350.0102067212992
1791049014051984100,18.723984130859375,350.3446545969194
1791049014061942000,18.73394189453125,350.93290048741466
1791049014071901200,18.743901123046875,350.9619997815218
1791049014081859000,18.753859130859375,350.8605718452679
1791049014091817200,18.763817138671875,351.0053570436655
1791049014101776100,18.773776123046876,351.4042738837168
1791049014111734300,18.783734375,351.4018189979374
1791049014121692000,18.79369189453125,351.3600545188444
1791049014131650000,18.803650146484376,351.2047161365753
1791049014141609000,18.81360888671875,351.49703401238054
1791049014151567000,18.823567138671876,351.70038283755844
1791049014161525000,18.83352490234375,351.86666892179807
1791049014171484000,18.84348388671875,351.88502439365146
1791049014181442000,18.853442138671873,351.97708090325506
1791049014191400000,18.86339990234375,352.1061874224237
1791049014201359000,18.873359130859374,351.8769823607581
1791049014211317000,18.88331689453125,352.20102695837846
1791049014221275100,18.893275146484374,352.7825511006472
1791049014231234000,18.903234130859374,352.38056119554403
1791049014241192200,18.913192138671874,352.2685118322878
1791049014251150000,18.923150146484375,351.9627560795284
1791049014261109000,18.93310888671875,351.3352979880854
1791049014271067100,18.943067138671875,351.15519202493135
1791049014281025300,18.953025390625,350.8760201083241
1791049014290983200,18.962983154296875,351.46276144010443
1791049014300942000,18.972942138671876,350.9450648863666
1791049014310900200,18.982900146484376,351.1865888512967
1791049014320858400,18.9928583984375,351.3890431549225
1791049014330817300,19.0028173828125,351.2948559117727
1791049014340775200,19.012775146484376,351.28520732202026
1791049014350733300,19.0227333984375,351.4256475527121
1791049014360692200,19.032692138671877,352.0166020316165
1791049014370650400,19.042650390625,351.5815671739695
1791049014380608000,19.05260791015625,351.2403419244841
1791049014390567400,19.0625673828125,351.6822503710615
1791049014400525000,19.072525146484374,351.4182611869685
1791049014410483200,19.082483154296874,351.3768897864753
1791049014420441000,19.092441162109374,351.43195479175307
1791049014430400300,19.102400146484374,351.5076779030763
1791049014440358100,19.112358154296874,351.3886885078589
1791049014450316300,19.12231640625,351.1711703098036
1791049014460275200,19.132275146484375,351.5001712485133
1791049014470233000,19.142233154296875,350.9149242715666
1791049014480191200,19.152191162109375,350.9615086831486
1791049014490150100,19.162150146484375,352.0585312771429
1791049014500108300,19.1721083984375,351.74733360385153
1791049014510066200,19.182066162109376,351.69024955388574
1791049014520024300,19.1920244140625,351.7763155941333
1791049014529983200,19.201983154296876,351.70279365865684
1791049014539941000,19.211941162109376,352.1553087423157
1791049014549899000,19.22189892578125,352.04343449183045
1791049014559858200,19.231858154296877,352.0540404247409
1791049014569816000,19.241816162109377,352.1657408256252
1791049014579774200,19.251774169921877,352.07573627710485
1791049014589733000,19.261733154296873,352.0438718989068
1791049014599691300,19.271691162109374,352.2852982692777
1791049014609649200,19.281649169921874,352.3994671162262
1791049014619607300,19.291607177734374,352.07403097128906
1791049014629566200,19.301566162109374,352.6866637184232
1791049014639524000,19.311524169921874,352.69806224720895
1791049014649482200,19.321482177734374,352.56070587264196
1791049014659441200,19.331441162109375,353.99569113680104
1791049014669399300,19.3413994140625,353.89184645361786
1791049014679357200,19.351357177734375,353.94859138635996
1791049014689315000,19.361315185546875,354.28725029354507
1791049014699274200,19.371274169921875,354.59839918869284
1791049014709232000,19.381232177734375,354.9979161174073
1791049014719190000,19.39118994140625,354.59217514769813
1791049014729149200,19.401149169921876,354.8009136983889
1791049014739107000,19.411107177734376,355.0829410832908
1791049014749065200,19.421065185546876,355.100730824898
1791049014759024000,19.431024169921876,354.9126939083676
1791049014768982300,19.440982177734377,354.9203346841051
1791049014778940200,19.450940185546877,355.0320582430644
1791049014788898300,19.460898193359377,355.23991345301835
1791049014798857200,19.470857177734374,355.48192418432615
1791049014808815400,19.4808154296875,355.68769202898284
1791049014818773200,19.490773193359374,355.62626859175526
1791049014828732200,19.500732177734374,355.09494889974593
1791049014838690300,19.510690185546874,355.6992080133543
1791049014848648200,19.520648193359374,356.20546675736955
1791049014858606000,19.530606201171874,356.2506481464726
1791049014868565000,19.54056494140625,356.39305469005564
1791049014878523100,19.550523193359375,356.9930330054778
1791049014888481000,19.56048095703125,356.9198841561349
1791049014898440200,19.570440185546875,356.59322367979195
1791049014908398000,19.580398193359375,356.90238660350894
1791049014918356200,19.590356201171875,357.02543889945855
1791049014928314000,19.600314208984376,357.23726727438077
1791049014938273300,19.610273193359376,357.3520591132234
1791049014948231200,19.620231201171876,357.45801463849614
1791049014958189300,19.630189208984376,357.30470101728883
1791049014968148200,19.640148193359376,357.51337229434125
1791049014978106400,19.6501064453125,357.7476509988611
1791049014988064300,19.660064208984377,357.88130336275293
1791049014998022100,19.670022216796873,357.627463374513
1791049015007981300,19.679981201171874,357.501984376972
1791049015017939200,19.689939208984374,357.6680537799899
1791049015027897000,19.69989697265625,357.7229099436209
1791049015037856000,19.70985595703125,357.9255182184932
1791049015047814100,19.719814208984374,357.9631425880582
1791049015057772000,19.72977197265625,358.0441816885793
1791049015067730200,19.739730224609374,357.89934678304735
1791049015077689000,19.749689208984375,357.84761029131704
1791049015087647200,19.759647216796875,358.4194901456224
1791049015097605000,19.769605224609375,358.3617053413142
1791049015107564300,19.779564208984375,358.2332595707843
1791049015117522200,19.789522216796875,358.36617634259375
1791049015127480300,19.799480224609376,357.9229913471027
1791049015137438200,19.809438232421876,357.51359979099516
1791049015147397400,19.8193974609375,357.57321643724555
1791049015157355000,19.82935498046875,357.76809799491855
1791049015167313200,19.839313232421876,357.9480134737182
1791049015177271000,19.84927099609375,356.9715702004583
1791049015187230200,19.859230224609377,357.4902450300272
1791049015197188000,19.86918798828125,358.1169128644901
1791049015207146200,19.879146240234373,357.60118258780153
1791049015217105200,19.889105224609374,357.41248204770886
1791049015227063300,19.899063232421874,357.6011949600017
1791049015237021200,19.909021240234374,357.01201983681597
1791049015246979300,19.918979248046874,356.66720805012966
1791049015256938200,19.928938232421874,357.2165554668056
1791049015266896100,19.938896240234374,357.10395379076283
1791049015276854000,19.94885400390625,357.0507115148423
1791049015286812200,19.958812255859375,357.20677355804827
1791049015296771000,19.96877099609375,356.7430062256322
1791049015306729000,19.97872900390625,357.12011869067277
1791049015316687000,19.98868701171875,356.63950966444224
1791049015326646000,19.99864599609375,356.3445204859062
1791049015336604200,20.008604248046876,356.0830025467265
1791049015346562000,20.01856201171875,356.2880173087484
1791049015356520200,20.028520263671876,356.2140270467696
1791049015366479000,20.03847900390625,356.60985859496594
1791049015376437200,20.048437255859376,356.2665466786036
1791049015386395100,20.05839501953125,356.6139382335395
1791049015396354300,20.068354248046877,356.04154500856055
1791049015406312200,20.078312255859377,356.17494697960615
1791049015416270300,20.088270263671873,356.24029846944626
1791049015426228000,20.09822802734375,356.45965725964004
1791049015436187100,20.108187255859374,356.11131227945475
1791049015446145000,20.11814501953125,355.717631151874
1791049015456103200,20.128103271484374,356.0080827836032
1791049015466061000,20.13806103515625,356.1819826068824
1791049015476020200,20.148020263671874,356.47689279582244
1791049015485978000,20.15797802734375,356.40408800068127
1791049015495936300,20.167936279296875,356.27408345724626
1791049015505894100,20.17789404296875,356.2889576856594
1791049015515853000,20.18785302734375,356.17600002437024
1791049015525811200,20.197811279296875,356.47555738798775
1791049015535769300,20.207769287109375,356.05968534954513
1791049015545728300,20.217728271484376,355.6823650745871
1791049015555686100,20.22768603515625,355.8682076102649
1791049015565644000,20.23764404296875,356.067866698844
1791049015575602200,20.247602294921876,356.0563104203115
1791049015585561000,20.25756103515625,355.83770790069315
1791049015595519000,20.26751904296875,355.49482767755376
1791049015605477000,20.27747705078125,355.9619122964939
1791049015615435000,20.28743505859375,355.96848065946165
1791049015625394200,20.297394287109373,355.96645244558147
1791049015635352000,20.30735205078125,355.9988703012738
1791049015645310200,20.317310302734374,355.38158204278676
1791049015655268000,20.32726806640625,355.75062965267796
1791049015665227300,20.337227294921874,355.76198524385717
1791049015675185200,20.34718505859375,355.5106138210989
1791049015685143300,20.357143310546874,355.6871962677276
1791049015695102200,20.367102294921875,355.6220900874085
1791049015705060400,20.377060302734375,356.34093001717895
1791049015715018000,20.38701806640625,355.7036526082068
1791049015724976000,20.39697607421875,355.77720115208314
1791049015734935000,20.40693505859375,355.82620391699857
1791049015744893200,20.41689306640625,355.7587741970761
1791049015754851000,20.42685107421875,355.6956827685239
1791049015764809200,20.436809326171876,355.81935926096816
1791049015774768000,20.44676806640625,356.05820197400004
1791049015784726000,20.45672607421875,356.05333686688306
1791049015794684200,20.46668408203125,355.1032444855385
1791049015804642300,20.476642333984376,355.4550206068209
1791049015814601200,20.486601318359376,355.2551313490311
1791049015824559000,20.49655908203125,354.8144340820945
1791049015834517200,20.506517333984377,355.4931586699312
1791049015844475100,20.51647509765625,355.28790730369957
1791049015854434300,20.526434326171874,354.8468714492269
1791049015864392000,20.536391845703125,354.2864611079573
1791049015874350000,20.54635009765625,354.4983799048352
1791049015884308200,20.55630810546875,353.9670046664631
1791049015894267100,20.56626708984375,354.2377148932889
1791049015904225000,20.57622509765625,354.01595952534154
1791049015914183200,20.58618310546875,353.9729457231438
1791049015924142000,20.59614208984375,353.7264591085678
1791049015934100200,20.606100341796875,353.8182297195863
1791049015944058000,20.61605810546875,353.10191395367104
1791049015954016300,20.626016357421875,353.283924192767
1791049015963975200,20.63597509765625,352.79098748168536
1791049015973933300,20.645933349609376,352.81479103844947
1791049015983891200,20.65589111328125,352.64891301796354
1791049015993849000,20.66584912109375,352.61208479340917
1791049016003808300,20.675808349609376,352.53359561377937
1791049016013766100,20.68576611328125,352.15103728206805
1791049016023724000,20.69572412109375,351.81842517557027
1791049016033682200,20.70568212890625,352.2272935423932
1791049016043641000,20.71564111328125,351.97460494263953
1791049016053599200,20.72559912109375,351.97175661306005
1791049016063557000,20.73555712890625,351.85709142188165
1791049016073515300,20.745515380859374,351.93555812163396
1791049016083474200,20.75547412109375,351.93797213389894
1791049016093432000,20.76543212890625,351.87764151178527
1791049016103390200,20.77539013671875,351.68333775624995
1791049016113348400,20.785348388671874,350.98639665333985
1791049016123307300,20.795307373046874,351.39337739481306
1791049016133265200,20.80526513671875,351.4668795459314
1791049016143223000,20.81522314453125,351.32756277664475
1791049016153181200,20.82518115234375,351.2175847501476
1791049016163140000,20.83514013671875,350.85806371941
1791049016173098000,20.845097900390623,350.601525835606
1791049016183056100,20.85505615234375,350.0994392072751
1791049016193014300,20.86501416015625,349.72409105861004
1791049016202973200,20.87497314453125,349.80790753665445
1791049016212931000,20.88493115234375,349.72326263221134
1791049016222889200,20.89488916015625,349.47138237716024
1791049016232847000,20.90484716796875,349.83273905906236
1791049016242806300,20.91480615234375,349.5778527872494
1791049016252764200,20.92476416015625,349.6833530700624
1791049016262722300,20.934722412109377,349.3206713119427
1791049016272680000,20.944679931640625,349.4420838608488
1791049016282639600,20.9546396484375,349.0039553945482
1791049016292597500,20.964597412109374,349.1583082770557
1791049016302555600,20.9745556640625,349.3858027685547
1791049016312513500,20.984513427734374,349.15271664426314
1791049016322472400,20.994472412109374,349.36212243700743
1791049016332430600,21.0044306640625,349.48736099402913
1791049016342388700,21.014388671875,349.485797083074
1791049016352346600,21.0243466796875,349.4186541464975
1791049016362305500,21.034305419921875,349.2507459049426
1791049016372263700,21.044263671875,348.9412971470697
1791049016382221600,21.0542216796875,348.7287132317898
1791049016392179500,21.064179443359375,349.03644179846674
1791049016402138400,21.074138427734376,349.0438884504413
1791049016412096500,21.084096435546876,349.0438884504413
1791049016422054700,21.0940546875,349.8413281499741
1791049016432012500,21.104012451171876,349.8438589738231
1791049016441971500,21.113971435546876,349.7293028991043
1791049016451929600,21.1239296875,349.1513778405934
1791049016461887500,21.133887451171876,349.7003005188327
1791049016471845600,21.143845703125,349.39313077165724
1791049016481804500,21.153804443359373,349.083693361771
1791049016491762700,21.1637626953125,349.4141954994041
1791049016501720600,21.173720458984373,349.4840319846455
1791049016511678500,21.183678466796874,349.52111843386257
1791049016521637600,21.1936376953125,350.0872520505979
1791049016531595500,21.203595458984374,349.3263431083373
1791049016541553400,21.213553466796874,349.6845396377815
1791049016551511600,21.223511474609374,348.90294910661476
1791049016561469400,21.233469482421874,349.15505633449175
1791049016571428600,21.2434287109375,348.4914415813449
1791049016581386500,21.253386474609375,348.3540929334235
1791049016591344600,21.2633447265625,348.35585301444826
1791049016601302500,21.273302490234375,348.12103944523824
1791049016611261700,21.28326171875,348.04349443269507
1791049016621219600,21.293219482421875,348.1186485992516
1791049016631177700,21.303177734375,347.8131424982678
1791049016641135400,21.31313525390625,348.45093200340307
1791049016651094800,21.3230947265625,347.83696354827975
1791049016661052400,21.333052490234376,347.8748209158706
1791049016671010600,21.343010498046876,347.44066957045834
1791049016680968400,21.352968505859376,346.9946376473802
1791049016690927600,21.362927734375,347.23655064552
1791049016700885500,21.372885498046877,346.7813085694229
1791049016710843600,21.38284375,346.3865529503511
1791049016720801500,21.392801513671873,346.5234571714832
1791049016730760400,21.402760498046874,346.26613168545947
1791049016740718600,21.412718505859374,346.73796405721276
1791049016750676700,21.4226767578125,346.31743302751335
1791049016760634600,21.432634521484374,346.33127891038293
1791049016770593500,21.442593505859374,346.2036769801232
1791049016780551700,21.4525517578125,345.9275981944508
1791049016790509600,21.462509521484375,345.92234473069334
1791049016800467500,21.472467529296875,346.01645341217846
1791049016810426400,21.48242626953125,345.7384898511707
1791049016820384500,21.492384521484375,345.45484428122955
1791049016830342700,21.5023427734375,345.69437594409203
1791049016840300500,21.512300537109375,345.3360923609389
1791049016850258700,21.5222587890625,345.2264292372231
1791049016860217600,21.532217529296876,345.50532649428953
1791049016870175500,21.542175537109376,345.166396720069
1791049016880133600,21.552133544921876,344.7715399730187
1791049016890091800,21.562091796875,344.80055190679485
1791049016900050700,21.57205078125,344.40311157901
1791049016910008600,21.582008544921877,344.37745618869155
1791049016919966500,21.591966552734377,344.05838812817996
1791049016929924600,21.601924560546873,344.00430932971835
1791049016939883500,21.611883544921874,344.0433144488789
1791049016949841400,21.62184130859375,343.8661799537067
1791049016959799600,21.631799560546874,343.52315547443607
1791049016969757400,21.64175732421875,343.37314133514866
1791049016979716600,21.651716552734374,343.28446415078105
1791049016989674500,21.661674560546874,343.59678589611514
1791049016999632600,21.671632568359374,343.2884512404468
1791049017009590500,21.681590576171875,343.5300676053146
1791049017019548700,21.691548583984375,343.66172115551126
1791049017029507600,21.701507568359375,343.30868580656465
1791049017039465700,21.7114658203125,343.7910734836034
1791049017049423400,21.72142333984375,343.68231397699293
1791049017059381500,21.731381591796875,344.02098785937943
1791049017069340400,21.74134033203125,343.83617215330503
1791049017079298600,21.751298583984376,343.3547392417416
1791049017089256400,21.76125634765625,343.79584206305594
1791049017099214600,21.771214599609376,343.4569931688472
1791049017109173500,21.781173583984376,343.11146290253834
1791049017119131600,21.791131591796876,343.0058728116656
1791049017129089500,21.801089599609377,343.1245077325214
1791049017139047700,21.811047607421877,343.2587802069004
1791049017149005600,21.821005615234377,342.4493911870775
1791049017158964700,21.83096484375,342.69432203720163
1791049017168922600,21.840922607421874,342.8476544843297
1791049017178880500,21.850880615234374,343.08145839885367
1791049017188838400,21.86083837890625,343.00990255244216
1791049017198797600,21.870797607421874,342.65690789050956
1791049017208755500,21.88075537109375,342.5968575966109
1791049017218713600,21.890713623046874,342.4718604466981
1791049017228671500,21.90067138671875,342.62702996061785
1791049017238629600,21.910629638671875,343.4039113489587
1791049017248588500,21.920588623046875,342.87918012210355
1791049017258546700,21.930546630859375,342.5486090485678
1791049017268504600,21.940504638671875,342.46696180032393
1791049017278462500,21.95046240234375,342.3696027044519
1791049017288421400,21.96042138671875,342.54357817961454
1791049017298379500,21.970379638671876,342.2397270752338
1791049017308337400,21.98033740234375,342.04674660381227
1791049017318295600,21.990295654296876,342.1939589866053
1791049017328254500,22.00025439453125,341.58732659740025
1791049017338212600,22.010212646484376,341.3047499252685
1791049017348170200,22.020170166015625,340.78333968713304
1791049017358128400,22.03012841796875,341.05756675032404
1791049017368086300,22.040086181640625,340.79404103802375
1791049017378045400,22.05004541015625,340.3005477817233
1791049017388003300,22.06000341796875,340.29559240497355
1791049017397961500,22.06996142578125,339.7734302918114
1791049017407919400,22.07991943359375,340.06268229327674
1791049017417878300,22.089878173828126,340.0457019048552
1791049017427836400,22.09983642578125,340.0819063321517
1791049017437794600,22.109794677734374,340.02160639993537
1791049017447752400,22.11975244140625,339.5995536294019
1791049017457710600,22.129710693359375,339.6908915946623
1791049017467669500,22.13966943359375,339.89388873339385
1791049017477627400,22.14962744140625,339.6748476735984
1791049017487585300,22.159585205078123,340.1385295506237
1791049017497543400,22.16954345703125,339.5179585391461
1791049017507502300,22.17950244140625,339.8870438260333
1791049017517460200,22.189460205078124,339.92635607513677
1791049017527418400,22.19941845703125,339.9582109849757
1791049017537376500,22.20937646484375,340.34968469615177
1791049017547335400,22.21933544921875,339.9797636825068
1791049017557293300,22.229293212890624,339.42303789063044
1791049017567251500,22.23925146484375,339.46811002589953
1791049017577209600,22.249209716796877,339.4175855557855
1791049017587167500,22.25916748046875,339.73301940499823
1791049017597126400,22.26912646484375,339.3864372502922
1791049017607084500,22.27908447265625,339.5543528048051
1791049017617042200,22.289042236328125,339.37087205786156
1791049017627000300,22.299000244140625,338.79188659858454
1791049017636959200,22.308959228515626,339.05388460351645
1791049017646917400,22.31891748046875,338.9455407587319
1791049017656875300,22.328875244140626,339.6965459192841
1791049017666833400,22.33883349609375,339.6335148449903
1791049017676791600,22.34879150390625,339.73484855693226
1791049017686750500,22.35875048828125,339.84500714494607
1791049017696708400,22.368708251953127,339.40983643553267
1791049017706666500,22.37866650390625,339.5736685783296
1791049017716624400,22.388624267578123,339.64130194495436
1791049017726582300,22.398582275390623,339.40256820535114
1791049017736541400,22.40854150390625,339.3554836963834
1791049017746499300,22.418499267578124,339.4283535313088
1791049017756457200,22.428457275390624,339.711715869056
1791049017766415400,22.438415283203124,339.59695990449137
1791049017776374300,22.448374267578124,339.11938874128555
1791049017786332400,22.45833251953125,340.0009117618183
1791049017796290300,22.468290283203125,339.878069016536
1791049017806248400,22.47824853515625,339.6711931074009
1791049017816206300,22.488206298828125,339.4588573100134
1791049017826165500,22.49816552734375,339.2135949890942
1791049017836123400,22.508123291015625,339.5634929717434
1791049017846081500,22.51808154296875,338.96848716857204
1791049017856039200,22.5280390625,339.0285784168638
1791049017865998600,22.53799853515625,339.0323125880714
1791049017875956200,22.547956298828126,338.9602703274781
1791049017885914400,22.557914306640626,339.0087074348553
1791049017895872300,22.567872314453126,338.73195701336704
1791049017905830400,22.577830322265626,338.4778406763061
1791049017915789300,22.587789306640627,338.2898055298639
1791049017925747500,22.59774755859375,338.416982140904
1791049017935705300,22.607705322265623,338.6528044506442
1791049017945663500,22.61766357421875,337.77546352384405
1791049017955621400,22.627621337890623,337.64690905943024
1791049017965580500,22.63758056640625,337.464314404015
1791049017975538400,22.647538330078124,337.5041198195109
1791049017985496300,22.657496337890624,337.30223491561725
1791049017995454200,22.6674541015625,337.21713692614634
1791049018005413400,22.677413330078124,337.056196609265
1791049018015371300,22.687371337890625,337.24530253076244
1791049018025329400,22.697329345703125,337.05115017762995
1791049018035287300,22.707287353515625,336.8063190987412
1791049018045245400,22.717245361328125,336.8122253207056
1791049018055204400,22.727204345703125,336.6522508044552
1791049018065162500,22.73716259765625,337.15844343775683
1791049018075120400,22.747120361328125,336.6650776665451
1791049018085078500,22.75707861328125,336.79540828054127
1791049018095036400,22.767036376953126,336.4994590123656
1791049018104995600,22.77699560546875,336.4842021003353
1791049018114953200,22.786953125,336.57173491913005
1791049018124911400,22.796911376953126,336.4706293051309
1791049018134869200,22.806869140625,336.7070952825025
1791049018144828400,22.816828369140627,337.68939505820475
1791049018154786300,22.826786376953127,337.1376367116808
1791049018164744400,22.836744384765623,337.27529528573666
1791049018174702300,22.846702392578123,336.9301886044015
1791049018184660500,22.856660400390624,336.78913693489847
1791049018194619400,22.866619384765624,336.8826041582887
1791049018204577500,22.87657763671875,336.90629573761584
1791049018214535400,22.886535400390624,336.8795389700357
1791049018224493600,22.89649365234375,336.6779322134801
1791049018234451200,22.906451171875,336.65853902397583
1791049018244410400,22.916410400390625,336.97650469477395
1791049018254368300,22.9263681640625,336.79933546634027
1791049018264326400,22.936326416015625,336.96183049830773
1791049018274284300,22.9462841796875,336.7845202096081
1791049018284242400,22.956242431640625,337.10088774234833
1791049018294201300,22.966201416015625,336.79561581061364
1791049018304159500,22.976159423828125,336.49443290276645
1791049018314117400,22.986117431640626,336.2446177167791
1791049018324075500,22.996075439453126,336.8190974789879
1791049018334034400,23.006034423828126,336.69627498957726
1791049018343992600,23.01599267578125,335.99849836568154
1791049018353950500,23.025950439453126,335.54548182012417
1791049018363908600,23.03590869140625,335.5930160500125
1791049018373866200,23.0458662109375,335.4492027522438
1791049018383825700,23.05582568359375,335.30690349538736
1791049018393783300,23.065783203125,335.3786306492261
1791049018403741400,23.075741455078123,335.2287307406932
1791049018413699300,23.08569921875,334.9395923629043
1791049018423657500,23.095657470703124,334.5999596771761
1791049018433616400,23.105616455078124,334.64017774727193
1791049018443574500,23.115574462890624,334.82071239973914
1791049018453532400,23.125532470703124,334.5043859734434
1791049018463490600,23.135490478515624,334.21571325562445
1791049018473448400,23.145448486328124,334.43314757729803
1791049018483407600,23.15540771484375,334.1750293349714
1791049018493365500,23.165365478515625,334.01410791381244
1791049018503323600,23.17532373046875,334.1904335520337
1791049018513281300,23.18528125,334.10809479608224
1791049018523239400,23.195239501953125,333.6940460231911
1791049018533198300,23.2051982421875,333.95679622526995
1791049018543156500,23.215156494140626,334.1744229281543
1791049018553114400,23.2251142578125,333.76036855222094
1791049018563072500,23.235072509765626,333.61638573926035
1791049018573030400,23.245030517578126,334.12755474747786
1791049018582989600,23.254989501953126,334.15139120917723
1791049018592947500,23.264947509765626,333.3157793569471
1791049018602905600,23.274905517578127,332.8709388814856
1791049018612863500,23.284863525390627,332.9756529051145
1791049018622822400,23.294822509765623,333.18222464803756
1791049018632780500,23.304780517578124,333.5895290953902
1791049018642738400,23.314738525390624,333.66573839730495
1791049018652696300,23.3246962890625,332.807329924619
1791049018662654500,23.334654541015624,332.8146982450816
1791049018672613400,23.34461328125,332.7954200288417
1791049018682571500,23.354571533203124,332.8236224130339
1791049018692529400,23.364529296875,332.78628782401734
1791049018702487600,23.374487548828125,332.6898617184735
1791049018712445400,23.384445556640625,332.934880437228
1791049018722404400,23.394404296875,333.0612687282007
1791049018732362500,23.404362548828125,333.2285157436796
1791049018742320600,23.414320556640625,332.94466577815865
1791049018752278300,23.4242783203125,332.9724448371501
1791049018762236400,23.434236328125,333.3672353618919
1791049018772195300,23.4441953125,332.7184763768651
1791049018782153500,23.454153564453126,332.5353331777129
1791049018792111400,23.464111328125,332.834400627186
1791049018802069500,23.474069580078126,332.9202544797288
1791049018812027400,23.48402734375,333.2535033590068
1791049018821986600,23.493986572265626,332.7440616232049
1791049018831944400,23.5039443359375,332.68451764408564
1791049018841902600,23.513902587890627,332.3877092518488
1791049018851860500,23.523860595703123,332.28389141867444
1791049018861818600,23.533818603515623,332.0873067393598
1791049018871777500,23.543777587890624,331.99755531909926
1791049018881735400,23.5537353515625,331.99755531909926
1791049018891693300,23.563693359375,331.9520404927923
1791049018901651500,23.5736513671875,331.5095402285813
1791049018911609300,23.583609375,331.5088885195021
1791049018921568500,23.593568603515624,331.5346934899126
1791049018931526400,23.6035263671875,331.420638915592
1791049018941484500,23.613484619140625,331.8007228668152
1791049018951442400,23.6234423828125,331.4522601562825
1791049018961400600,23.633400634765625,331.20491050954445
1791049018971359500,23.643359375,331.40019826263654
1791049018981317600,23.653317626953125,331.2091185220052
1791049018991275500,23.663275634765625,331.04525302987236
1791049019001233400,23.6732333984375,331.1074807178991
1791049019011191300,23.68319140625,330.7543895920649
1791049019021150500,23.693150390625,330.64900921263944
1791049019031108400,23.7031083984375,330.71252488749366
1791049019041066500,23.71306640625,330.86899785696613
1791049019051024400,23.7230244140625,330.3163064837378
1791049019060982500,23.732982421875,330.48735165828776
1791049019070941400,23.74294140625,330.78370171398075
1791049019080899600,23.752899658203123,330.66876053418207
1791049019090857500,23.762857421875,330.88339456632025
1791049019100815600,23.772815673828124,330.9403262562603
1791049019110773200,23.782773193359375,330.6015222108907
1791049019120731400,23.7927314453125,330.5127142323349
1791049019130690300,23.802690185546876,330.50492361377655
1791049019140648400,23.8126484375,330.30060677006753
1791049019150606300,23.8226064453125,330.4684904680615
1791049019160564500,23.832564453125,330.4807823331693
1791049019170522400,23.8425224609375,330.5026691408735
1791049019180481500,23.8524814453125,330.54064681273235
1791049019190439400,23.862439453125,330.5746445060206
1791049019200397600,23.8723974609375,330.4083941894375
1791049019210355500,23.88235546875,330.47556713389605
1791049019220313600,23.892313720703125,330.65076560692626
1791049019230272500,23.9022724609375,330.3045418366751
1791049019240230400,23.91223046875,330.39250533150596
1791049019250188300,23.922188232421874,330.22302905203225
1791049019260146400,23.932146484375,329.96383726928735
1791049019270104300,23.942104248046874,330.18505086190515
1791049019280063000,23.95206298828125,329.8401032330176
1791049019290020600,23.9620205078125,330.055149192687
1791049019299978800,23.971978759765626,329.6620927701718
1791049019309936600,23.9819365234375,329.62406670753427
1791049019319894800,23.991894775390627,329.949539010416
1791049019329853700,24.001853759765623,329.5836086200994
1791049019339811800,24.011811767578124,329.94370402505444
1791049019349769700,24.021769775390624,330.3922498342079
1791049019359727900,24.031727783203124,329.8304226308959
1791049019369686000,24.04168603515625,329.6679515310233
1791049019379645000,24.05164501953125,329.8239379071871
1791049019389602800,24.061602783203124,329.28896240941083
1791049019399561000,24.07156103515625,329.47858455996067
1791049019409518600,24.0815185546875,329.1738994645713
1791049019419476700,24.091476806640625,328.75798748472175
1791049019429435600,24.101435546875,328.30732218322635
1791049019439393800,24.111393798828125,328.55042862738253
1791049019449351700,24.1213515625,328.6318520539383
1791049019459309800,24.131309814453125,328.89397575011833
1791049019469268000,24.14126806640625,328.63864560278495
1791049019479225900,24.151225830078126,328.19442332357454
1791049019489184800,24.161184814453126,328.0602565752861
1791049019499143000,24.171142822265626,327.8947690251074
1791049019509100800,24.181100830078126,328.3753619329919
1791049019519058700,24.19105859375,327.9801262065025
1791049019529016800,24.201016845703126,328.41659336794754
1791049019538975700,24.210975830078127,328.7882652497516
1791049019548933600,24.22093359375,328.694229338181
1791049019558891800,24.230891845703123,328.42786317300454
1791049019568850000,24.240849853515623,328.13207060862163
1791049019578807800,24.250807861328123,327.5933750184471
1791049019588766700,24.2607666015625,327.7576680418784
1791049019598724900,24.270724853515624,327.66492441135813
1791049019608682800,24.280682861328124,327.64503270001427
1791049019618641000,24.290640869140624,328.1295412408517
1791049019628599000,24.30059912109375,327.98425405123254
1791049019638558000,24.310557861328125,328.64622395143056
1791049019648515600,24.320515625,328.3247998996173
1791049019658473700,24.3304736328125,327.93568461056594
1791049019668432000,24.340431884765625,328.16527228382824
1791049019678389800,24.3503896484375,328.11963676271887
1791049019688348000,24.360347900390625,327.97697561282365
1791049019698306800,24.370306884765625,328.0505861384585
1791049019708264700,24.3802646484375,328.00541514463345
1791049019718222800,24.390222900390626,327.8527964610166
1791049019728181000,24.400180908203126,328.1821039024835
1791049019738139000,24.410138916015626,328.11822945481754
1791049019748097800,24.420097900390626,327.9895817300327
1791049019758056000,24.430055908203126,327.8409799608473
1791049019768013800,24.440013916015626,327.8864483815294
1791049019777971700,24.4499716796875,327.5033051532257
1791049019787929900,24.459929931640627,327.5349595096535
1791049019797887700,24.4698876953125,327.6344557035437
1791049019807847000,24.479846923828124,327.4705594228115
1791049019817804800,24.4898046875,327.215118525358
1791049019827763000,24.499762939453124,327.27935795436775
1791049019837720800,24.509720947265624,326.89128518529134
1791049019847679000,24.519678955078124,326.71616625038223
1791049019857638000,24.529637939453124,326.4072257275927
1791049019867596000,24.539595947265624,326.40257810575275
1791049019877553700,24.5495537109375,325.7513975203316
1791049019887511800,24.55951171875,325.6143378555454
1791049019897469700,24.5694697265625,325.9028456800635
1791049019907428900,24.579428955078125,325.84966525297784
1791049019917386800,24.58938671875,326.43583678462767
1791049019927345000,24.599344970703125,326.2810989974579
1791049019937302800,24.609302734375,326.26954156990314
1791049019947261000,24.619260986328126,326.3349397135741
1791049019957218800,24.62921875,326.2308470845898
1791049019967178000,24.639177978515626,326.4454101828117
1791049019977135900,24.649135986328126,326.55508879749607
1791049019987094000,24.659093994140626,326.6984893337749
1791049019997051600,24.6690517578125,326.4801354078241
1791049020007009800,24.679009765625,326.3166572490515
1791049020016968700,24.68896875,326.42979452254565
1791049020026926800,24.6989267578125,326.72913002308496
1791049020036884700,24.708884765625,326.53395807610946
1791049020046843000,24.7188427734375,326.777894298956
1791049020056800800,24.72880078125,326.67402787783095
1791049020066759000,24.738759033203124,326.5168127400801
1791049020076717800,24.7487177734375,326.5296819365521
1791049020086676000,24.758676025390624,326.67395066005724
1791049020096633900,24.7686337890625,326.62731649789697
1791049020106591700,24.778591796875,326.81195469153374
1791049020116549600,24.788549560546876,326.779610580121
1791049020126508800,24.7985087890625,326.896025041142
1791049020136466700,24.808466796875,326.9408298266719
1791049020146424800,24.8184248046875,326.84752974692435
1791049020156382700,24.8283828125,327.0012572992552
1791049020166340900,24.8383408203125,327.32637565589323
1791049020176298800,24.848298828125,327.1352668662772
1791049020186258000,24.8582578125,327.9272035580789
1791049020196215800,24.8682158203125,327.62689352263027
1791049020206174000,24.878174072265626,327.3572933299654
1791049020216131800,24.8881318359375,327.3778684750388
1791049020226089700,24.89808984375,327.1740390493745
1791049020236048600,24.908048583984375,326.92436988573564
1791049020246006800,24.9180068359375,327.0578811649047
1791049020255964700,24.927964599609375,327.13596159630777
1791049020265922800,24.9379228515625,326.61256523676576
1791049020275880700,24.947880615234375,325.92344459442836
1791049020285839400,24.95783935546875,326.10617553042397
1791049020295798300,24.96779833984375,326.29739880055723
1791049020305756400,24.97775634765625,325.78119863405834
1791049020315714300,24.98771435546875,326.5195496414402
1791049020325672400,24.99767236328125,325.9130741418179
1791049020335630000,25.007630126953124,325.57927813259414
1791049020345589200,25.01758935546875,325.88453190704695
1791049020355547100,25.027547119140625,325.3606178736474
1791049020365505300,25.03750537109375,325.1447394204316
1791049020375463200,25.047463134765625,324.9965549162286
1791049020385421300,25.05742138671875,325.01082665523575
1791049020395379200,25.067379150390625,325.1860497016894
1791049020405338400,25.07733837890625,324.75405356428746
1791049020415296300,25.087296142578126,325.3130187705025
1791049020425254400,25.09725439453125,325.14182115245995
1791049020435212300,25.10721240234375,324.79958329600004
1791049020445170200,25.117170166015626,324.8198935791963
1791049020455128300,25.12712841796875,324.51731931962655
1791049020465087200,25.137087158203126,324.540718328521
1791049020475045000,25.147045166015626,324.47965964704133
1791049020485003300,25.157003173828127,324.4977324403616
1791049020494961200,25.166961181640627,324.6130922147242
1791049020504919300,25.176919189453123,323.9660290983668
1791049020514878200,25.186878173828124,324.4157555759619
1791049020524836400,25.19683642578125,323.8102291874598
1791049020534794200,25.206794189453124,323.7964588399131
1791049020544752400,25.21675244140625,323.5059122988395
1791049020554710300,25.226710205078124,323.4311735533439
1791049020564668200,25.236668212890624,323.6147630902583
1791049020574627000,25.246626953125,323.5801027880452
1791049020584585200,25.256585205078125,323.55085177794365
1791049020594543000,25.266543212890625,323.3937067098159
1791049020604501200,25.276501220703125,323.2323758393603
1791049020614459400,25.28645947265625,323.71262215178103
1791049020624417300,25.296417236328125,323.36826320411
1791049020634376200,25.306376220703125,323.0402208463567
1791049020644334300,25.316334228515625,322.70782614334036
1791049020654292200,25.326292236328126,322.8427961931684
1791049020664250400,25.33625048828125,323.09437612304083
1791049020674208300,25.346208251953126,322.40019523003997
1791049020684167400,25.35616748046875,321.8949919245771
1791049020694125000,25.366125,321.96393877380603
1791049020704083200,25.376083251953126,322.1415490604997
1791049020714041300,25.386041259765626,322.31698342381617
1791049020723999200,25.395999267578127,321.9157945491279
1791049020733957400,25.405957275390627,321.7547086196927
1791049020743916300,25.415916259765623,321.5183263317016
1791049020753874200,25.425874267578124,321.3503305648192
1791049020763832300,25.435832275390624,321.6245990512907
1791049020773790500,25.44579052734375,321.19743472969174
1791049020783748400,25.455748291015624,321.58385764871343
1791049020793706200,25.465706298828124,321.26138828100295
1791049020803665200,25.4756650390625,321.18340078622464
1791049020813623300,25.485623291015624,320.99224826130927
1791049020823581200,25.495581298828125,321.2971745744196
1791049020833539300,25.505539306640625,321.28186583680787
1791049020843497200,25.515497314453125,321.10868889218204
1791049020853455400,25.525455322265625,321.0176152702163
1791049020863414300,25.535414306640625,321.182211094364
1791049020873372400,25.545372314453125,321.17594990723734
1791049020883330300,25.555330322265625,321.3988834869465
1791049020893288400,25.565288330078126,321.4362465070479
1791049020903246000,25.57524609375,321.3244607175289
1791049020913204200,25.585204345703126,321.3422838976531
1791049020923163100,25.5951630859375,321.0005696164111
1791049020933121300,25.605121337890626,320.95572734256797
1791049020943079200,25.6150791015625,321.39011638582093
1791049020953037300,25.625037353515626,321.8862393802625
1791049020962995200,25.6349951171875,321.9514652209699
1791049020972953300,25.644953369140627,321.7587320026152
1791049020982912300,25.654912353515623,321.8145332993268
1791049020992870400,25.664870361328123,321.9356074255365
1791049021002828300,25.674828369140624,321.86169365941777
1791049021012786400,25.684786376953124,321.55125096703216
1791049021022744000,25.694744140625,321.54507839471637
1791049021032702200,25.7047021484375,321.56876396476764
1791049021042661000,25.7146611328125,322.1622133710693
1791049021052619300,25.724619384765624,322.38383202765414
1791049021062577200,25.7345771484375,322.07034684646277
1791049021072535300,25.744535400390625,321.9064848618944
1791049021082493200,25.7544931640625,321.4511079572448
1791049021092451300,25.764451416015625,321.6729492300291
1791049021102410200,25.77441015625,321.69397230114566
1791049021112368400,25.784368408203125,321.91390576651327
1791049021122326300,25.794326171875,321.8472679421389
1791049021132284200,25.8042841796875,321.92067398705376
1791049021142242300,25.8142421875,323.12838422483253
1791049021152200200,25.8242001953125,322.79988914806694
1791049021162159000,25.8341591796875,322.67278493841593
1791049021172117200,25.8441171875,322.7011021683894
1791049021182075100,25.8540751953125,322.5265069813288
1791049021192033300,25.864033203125,322.5611067726897
1791049021201991400,25.873991455078126,322.67018286551945
1791049021211949300,25.88394921875,322.69137279941197
1791049021221908200,25.893908203125,322.6874117458638
1791049021231866400,25.903866455078123,322.77122350995546
1791049021241824500,25.913824462890624,323.03267329379594
1791049021251782100,25.9237822265625,323.08529098536513
1791049021261740300,25.933740234375,323.04090521833405
1791049021271698200,25.9436982421875,323.06518080944704
1791049021281656600,25.953656494140624,323.5599140263472
1791049021291614500,25.963614501953124,323.6417489187413
1791049021301572600,25.973572509765624,323.31105484195564
1791049021311530500,25.983530517578124,323.6941544959342
1791049021321488600,25.993488525390624,323.6904115657819
1791049021331446500,26.003446533203125,323.92086598785636
1791049021341405700,26.01340576171875,324.6362549773431
1791049021351363600,26.023363525390625,324.6362549773431
1791049021361321500,26.033321533203125,324.6083575335843
1791049021371279400,26.043279296875,324.2653641686152
1791049021381237500,26.053237548828125,324.1597998076337
1791049021391195600,26.063195556640625,324.33908360429325
1791049021401154600,26.073154541015626,324.467232815921
1791049021411112400,26.083112548828126,324.5918293220824
1791049021421070600,26.093070556640626,325.45821547175717
1791049021431028500,26.103028564453126,325.2381021041006
1791049021440986600,26.112986572265626,325.2314564402449
1791049021450944800,26.12294482421875,328.46762467427493
1791049021460903700,26.132903564453127,328.69004587496966
1791049021470861600,26.142861572265623,328.2546617586425
1791049021480819500,26.1528193359375,328.2558699005662
1791049021490777600,26.162777587890623,327.79240811871733
1791049021500735500,26.172735595703124,327.7479362886734
1791049021510693600,26.182693603515624,327.87328697029216
1791049021520652500,26.192652587890624,327.4601838641172
1791049021530610700,26.202610595703124,327.6284749991923
1791049021540568600,26.212568603515624,327.5718016430517
1791049021550526700,26.222526611328124,327.3187509099824
1791049021560484600,26.232484619140624,327.1516709051916
1791049021570442800,26.24244287109375,327.2311880711718
1791049021580401700,26.252401611328125,327.02666213432605
1791049021590359600,26.262359619140625,326.98629976294217
1791049021600317400,26.2723173828125,327.327433495977
1791049021610275600,26.282275634765625,327.311385987636
1791049021620233500,26.2922333984375,327.5109702789067
1791049021630191600,26.302191650390625,327.14196619245007
1791049021640150500,26.312150634765626,326.9695463949179
1791049021650108700,26.322108642578126,327.25450479392373
1791049021660066600,26.332066650390626,327.2208244215683
1791049021670024700,26.342024658203126,327.378949070753
1791049021679982600,26.351982666015626,327.04166116469673
1791049021689940500,26.3619404296875,327.3338526592073
1791049021699898400,26.3718984375,327.09240646927594
1791049021709857500,26.381857421875,327.4094768195985
1791049021719815400,26.3918154296875,326.2433327404642
1791049021729773600,26.401773681640623,326.0878992548225
1791049021739731500,26.4117314453125,325.82856716225814
1791049021749689600,26.421689697265624,325.8020649138328
1791049021759647500,26.4316474609375,326.2819000072964
1791049021769606700,26.441606689453124,326.21625659852754
1791049021779564500,26.451564453125,325.9874366139373
1791049021789522700,26.461522705078124,326.18644792497827
1791049021799480600,26.47148046875,326.46292265361393
1791049021809438500,26.4814384765625,325.93118911974454
1791049021819396600,26.491396728515625,326.2899986497143
1791049021829355500,26.50135546875,326.1887275079799
1791049021839313400,26.5113134765625,326.2402921593894
1791049021849271600,26.521271484375,326.0466289460376
1791049021859229400,26.5312294921875,325.8468508053249
1791049021869187600,26.5411875,326.03288134991413
1791049021879145700,26.551145751953126,325.75927059074684
1791049021889103600,26.561103515625,325.44229637599244
1791049021899062500,26.5710625,325.2847916464452
1791049021909020700,26.581020751953126,325.5995579240582
1791049021918978600,26.590978515625,325.62900381886703
1791049021928936400,26.6009365234375,325.9012739616117
1791049021938894600,26.61089453125,325.2983184378364
1791049021948852500,26.6208525390625,325.46313123655466
1791049021958811600,26.630811767578123,324.8609581348598
1791049021968769500,26.64076953125,324.9989568381107
1791049021978727700,26.650727783203124,325.10445658712194
1791049021988685600,26.660685546875,324.9973695990085
1791049021998643700,26.670643798828124,325.87100580538316
1791049022008601600,26.6806015625,325.8454123640609
1791049022018560800,26.690560791015624,326.0154273639247
1791049022028518700,26.7005185546875,325.8971108139669
1791049022038476500,26.7104765625,326.17365706272426
1791049022048434400,26.720434326171876,325.935304751266
1791049022058392600,26.730392578125,326.2392892605356
1791049022068350500,26.7403505859375,326.1989804106002
1791049022078308600,26.75030859375,326.41602012441285
1791049022088267500,26.760267578125,326.0564057457511
1791049022098225700,26.7702255859375,326.0464156566695
1791049022108183600,26.78018359375,325.89895702539764
1791049022118141700,26.7901416015625,325.96524660437456
1791049022128099600,26.800099609375,326.4413488019762
1791049022138057500,26.810057373046874,326.22874875538514
1791049022148016400,26.820016357421874,326.2250566857771
1791049022157974500,26.829974609375,326.29102229630155
1791049022167932400,26.839932373046874,326.4892120914667
1791049022177890600,26.849890625,326.625680803314
1791049022187848400,26.859848388671875,327.17462377209216
1791049022197806600,26.869806640625,327.02308089256195
1791049022207765500,26.879765625,327.09702527555646
1791049022217723600,26.8897236328125,326.7803288530708
1791049022227681500,26.899681640625,326.5630321135189
1791049022237639700,26.9096396484375,326.55038391257693
1791049022247597600,26.91959765625,326.0143277312001
1791049022257555500,26.929555419921876,325.67146955556643
1791049022267513600,26.939513671875,325.7500525263662
1791049022277472500,26.949472412109376,325.8235602871887
1791049022287431400,26.959431396484376,325.68696833555316
1791049022297389600,26.9693896484375,325.864018030122
1791049022307347200,26.97934716796875,325.486134845691
1791049022317305300,26.989305419921877,325.35902787978785
1791049022327263200,26.99926318359375,325.39365898800895
1791049022337222400,27.009222412109374,325.1538893221731
1791049022347180300,27.01918017578125,325.1296879070642
1791049022357138400,27.029138427734374,324.53669919834607
1791049022367096300,27.039096435546874,324.645394011174
1791049022377054500,27.049054443359374,324.64219906096446
1791049022387012600,27.0590126953125,324.5659686278025
1791049022396970500,27.068970458984374,324.58295047169497
1791049022406929400,27.078929443359375,324.6722281745414
1791049022416887300,27.08888720703125,324.95876389784064
1791049022426845400,27.098845458984375,325.24774533343
1791049022436803300,27.10880322265625,325.2457270516492
1791049022446761500,27.118761474609375,324.6571168724658
1791049022456719400,27.12871923828125,324.3782043568346
1791049022466677500,27.138677490234375,324.29819989773006
1791049022476636400,27.148636474609376,324.1499572508047
1791049022486594600,27.158594482421876,323.85836181568413
1791049022496552400,27.168552490234376,324.2052299753784
1791049022506510600,27.178510498046876,323.8967145689234
1791049022516468200,27.18846826171875,324.1033498112715
1791049022526426400,27.19842626953125,324.09966970126567
1791049022536384300,27.20838427734375,324.28627998073136
1791049022546343400,27.218343505859377,324.1023791802264
1791049022556301300,27.22830126953125,324.5232338354408
1791049022566259500,27.238259521484373,324.38336615153685
1791049022576217300,27.24821728515625,324.52852848294805
1791049022586175500,27.258175537109373,324.09706059074443
1791049022596133400,27.26813330078125,324.0425378815984
1791049022606092500,27.278092529296874,323.9952545499057
1791049022616050400,27.288050537109374,323.6627412065957
1791049022626008600,27.298008544921874,323.5166734891888
1791049022635966200,27.30796630859375,323.6951554492609
1791049022645924400,27.31792431640625,323.52827397995276
1791049022655882200,27.32788232421875,323.10988974293605
1791049022665840400,27.33784033203125,323.3808470508916
1791049022675799300,27.34779931640625,323.4212002528303
1791049022685757400,27.35775732421875,323.2886949466309
1791049022695715300,27.36771533203125,323.0761085226921
1791049022705673500,27.377673583984375,322.55259583562685
1791049022715631400,27.38763134765625,322.6439620861618
1791049022725589200,27.39758935546875,322.61806249436984
1791049022735547400,27.40754736328125,322.5087644192536
1791049022745506300,27.41750634765625,322.6608362002553
1791049022755464200,27.427464111328124,322.98549495927875
1791049022765422300,27.43742236328125,322.6754969244614
1791049022775380500,27.44738037109375,322.7258973300267
1791049022785338400,27.45733837890625,322.54486477234514
1791049022795296500,27.467296630859376,322.6195638848496
1791049022805254400,27.47725439453125,322.37976132838907
1791049022815213600,27.487213623046873,322.03143009359405
1791049022825171500,27.49717138671875,322.4136642538827
1791049022835129600,27.507129638671874,322.10879074557204
1791049022845087200,27.517087158203125,322.03813026385046
1791049022855045400,27.52704541015625,322.0150143511291
1791049022865003300,27.537003173828126,322.106354355492
1791049022874961400,27.54696142578125,321.798202843662
1791049022884920300,27.55692041015625,322.16117939280593
1791049022894878500,27.56687841796875,322.17780303183014
1791049022904836400,27.57683642578125,322.26683831938976
1791049022914794500,27.58679443359375,322.17329274834174
1791049022924752400,27.59675244140625,322.14374286418507
1791049022934710500,27.60671044921875,322.41212570697434
1791049022944668400,27.61666845703125,322.65883340185724
1791049022954627300,27.62662744140625,322.41889749329073
1791049022964585200,27.636585205078124,322.59230477595315
1791049022974543400,27.64654345703125,322.2749989885226
1791049022984501200,27.656501220703124,322.39933208722937
1791049022994459400,27.66645947265625,322.367172616377
1791049023004417500,27.67641748046875,322.2543442240198
1791049023014375400,27.68637548828125,322.4452349734836
1791049023024334300,27.696334228515624,322.0231972945883
1791049023034292500,27.70629248046875,321.7889999761811
1791049023044250400,27.71625048828125,321.7136252293984
1791049023054208300,27.726208251953125,321.58645000367386
1791049023064166400,27.73616650390625,321.4578303780539
1791049023074124300,27.746124267578125,321.6306472932182
1791049023084082400,27.75608251953125,321.8346200147259
1791049023094040300,27.766040283203125,321.8188965175694
1791049023103999500,27.77599951171875,321.920999908467
1791049023113957400,27.785957275390626,322.0650166622372
1791049023123915500,27.79591552734375,322.0918443093706
1791049023133873400,27.805873291015626,321.8260734185181
1791049023143831600,27.81583154296875,321.932968738228
1791049023153789200,27.8257890625,321.911791309898
1791049023163747300,27.835747314453126,321.76985161871823
1791049023173706200,27.845706298828127,321.8224146714309
1791049023183664400,27.855664306640627,321.9305747922218
1791049023193622300,27.865622314453127,322.4023274958713
1791049023203580400,27.875580322265623,322.0093972642908
1791049023213538300,27.885538330078123,321.7939790065783
1791049023223496400,27.895496337890624,322.21037093233394
1791049023233454600,27.90545458984375,322.371845878381
1791049023243412500,27.91541259765625,322.1834152520705
1791049023253371400,27.925371337890624,322.60437416329586
1791049023263329500,27.93532958984375,322.6506139773481
1791049023273287400,27.945287353515624,322.6025603784948
1791049023283245300,27.955245361328124,322.1057793683386
1791049023293203500,27.965203369140625,322.12178137865794
1791049023303161300,27.975161376953125,322.29655853598047
1791049023313119200,27.985119140625,322.28679095870785
1791049023323078100,27.995078125,322.28012384282664
1791049023333036300,28.005036376953125,322.04535435969433
1791049023342994200,28.014994140625,321.74866185907365
1791049023352952300,28.024952392578125,321.4720445188668
1791049023362910200,28.03491015625,321.88446513594505
1791049023372868400,28.044868408203126,321.45257442979414
1791049023382826200,28.054826171875,321.30444193873484
1791049023392785400,28.064785400390626,321.42021202412764
1791049023402743300,28.074743408203126,321.10290113974963
1791049023412701400,28.084701416015626,321.20519861648245
1791049023422659000,28.0946591796875,320.7839002317131
1791049023432617200,28.1046171875,320.62166722677057
1791049023442575000,28.1145751953125,320.90324533105166
1791049023452533200,28.124533203125,320.99434764914844
1791049023462491400,28.134491455078123,320.973216319631
1791049023472450300,28.1444501953125,321.6386179034713
1791049023482408200,28.154408203125,321.20582993915934
1791049023492366300,28.164366455078124,321.1082657441048
1791049023502324200,28.17432421875,320.88863725184734
1791049023512282400,28.184282470703124,320.93238992117176
1791049023522240300,28.194240234375,321.25688887793996
1791049023532198100,28.2041982421875,321.19613186008894
1791049023542156300,28.21415625,321.3289140226624
1791049023552115200,28.224115234375,320.9535078376338
1791049023562073300,28.2340732421875,321.336239876778
1791049023572031200,28.24403125,321.3432767905251
1791049023581989400,28.2539892578125,321.45264927416855
1791049023591947300,28.263947265625,321.5956186565942
1791049023601905400,28.273905517578125,321.3686503930311
1791049023611863300,28.28386328125,321.19297813265393
1791049023621822500,28.293822509765626,321.56718674232764
1791049023631780400,28.3037802734375,321.55951914249556
1791049023641738200,28.31373828125,321.58199277873126
1791049023651696000,28.323696044921874,321.1134043141261
1791049023661654300,28.333654296875,321.2805839684154
1791049023671612200,28.343612060546874,321.28648448870604
1791049023681570300,28.3535703125,321.03099395832265
1791049023691528400,28.363528564453127,320.78008128441985
1791049023701487400,28.3734873046875,320.61541428624247
1791049023711445200,28.3834453125,320.74419664419145
1791049023721403400,28.3934033203125,320.6905542756981
1791049023731361000,28.403361083984375,321.1221395259492
1791049023741319200,28.413319091796875,320.50071890874204
1791049023751277300,28.42327734375,320.32747085196894
1791049023761235200,28.433235107421876,320.12096358586905
1791049023771193300,28.443193359375,320.002297085317
1791049023781152300,28.45315234375,320.12853644275486
1791049023791110400,28.4631103515625,320.23624296692105
1791049023801068300,28.473068359375,319.851370927801
1791049023811026400,28.4830263671875,319.57082564780114
1791049023820984300,28.492984375,319.62337171811555
1791049023830942200,28.502942138671877,319.4185167858184
1791049023840900000,28.512900146484377,320.4175717708785
1791049023850858200,28.522858154296873,320.05340449677664
1791049023860817200,28.532817138671874,320.05340449677664
1791049023870775300,28.542775390625,319.72504460573555
1791049023880733200,28.552733154296874,319.4904648838507
1791049023890691300,28.56269140625,319.15853873804116
1791049023900649200,28.572649169921874,319.6042769773213
1791049023910607400,28.582607421875,319.6301233487617
1791049023920565200,28.592565185546874,319.6885435339561
1791049023930523100,28.602523193359374,319.73737550058127
1791049023940482300,28.612482421875,319.5361859291822
1791049023950440200,28.622440185546875,319.51621843425653
1791049023960398000,28.632398193359375,319.3188653223792
1791049023970356200,28.642356201171875,319.71484894198846
1791049023980314400,28.652314453125,319.843937070247
1791049023990272300,28.662272216796875,319.5082865353943
1791049024000230400,28.67223046875,320.23900755730114
1791049024010188300,28.682188232421876,319.85794128005705
1791049024020147200,28.692147216796876,319.622820373936
1791049024030105300,28.702105224609376,319.21786693782246
1791049024040063500,28.7120634765625,319.0940363316701
1791049024050021000,28.722021240234376,319.41727245589937
1791049024059979300,28.731979248046876,319.3278986407261
1791049024069937200,28.741937255859376,319.2483565200837
1791049024079895300,28.751895263671877,318.7493271842541
1791049024089853200,28.761853271484377,318.5962386331463
1791049024099812400,28.771812255859373,318.54923473390687
1791049024109770200,28.781770263671874,318.8591359378597
1791049024119728400,28.791728271484374,318.9003062188888
1791049024129686300,28.801686279296874,318.6941987685355
1791049024139644400,28.81164453125,318.2113000247461
1791049024149602000,28.82160205078125,318.4187212998562
1791049024159560200,28.831560302734374,318.40245728596494
1791049024169518300,28.841518310546874,318.58317380785417
1791049024179477200,28.851477294921875,318.13945981536
1791049024189435100,28.86143505859375,318.0931806222396
1791049024199393300,28.871393310546875,318.2177871082405
1791049024209351400,28.881351318359375,318.2006535404326
1791049024219309300,28.891309326171875,317.8815330541273
1791049024229267500,28.901267333984375,317.915187167943
1791049024239225300,28.911225341796875,317.3635100805367
1791049024249183200,28.921183349609375,317.49924612320655
1791049024259141000,28.93114111328125,318.1632160035251
1791049024269100300,28.941100341796876,317.8586551744086
1791049024279058200,28.95105810546875,317.42976933503076
1791049024289015800,28.961015869140624,317.4341628378772
1791049024298973700,28.9709736328125,317.1866883010306
1791049024308931800,28.980931884765624,317.4421469681959
1791049024318890000,28.990889892578124,317.50903763652684
1791049024328848000,29.000847900390625,317.2606505246735
1791049024338805800,29.0108056640625,316.9842268910116
1791049024348764700,29.0207646484375,317.2200309812711
1791049024358722600,29.03072265625,317.51566920760314
1791049024368680700,29.0406806640625,317.598472194579
1791049024378638800,29.050638916015625,317.5047132853219
1791049024388596700,29.0605966796875,317.23603004760054
1791049024398555000,29.070554931640626,317.2012616359981
1791049024408512800,29.0805126953125,317.0051170798279
1791049024418471000,29.090470947265626,317.047801717093
1791049024428428800,29.1004287109375,317.3677158817888
1791049024438388000,29.110387939453126,316.7665331776203
1791049024448345600,29.120345703125,316.38688293655366
1791049024458303700,29.1303037109375,316.7565022501216
1791049024468261600,29.14026171875,316.62002256037886
1791049024478219800,29.1502197265625,316.8337654627431
1791049024488177700,29.160177734375,316.8050544823379
1791049024498135800,29.1701357421875,316.9640271841022
1791049024508094000,29.180093994140623,317.0462210015205
1791049024518052900,29.190052978515624,318.04468963932663
1791049024528010800,29.2000107421875,317.65416235588526
1791049024537969000,29.209968994140624,317.32136009758807
1791049024547926800,29.2199267578125,317.1362731600854
1791049024557884700,29.229884765625,317.01820863422256
1791049024567842800,29.2398427734375,317.373831627865
1791049024577800700,29.24980078125,317.6692347336224
1791049024587758800,29.2597587890625,317.3729457697806
1791049024597716700,29.269716796875,317.6021024189113
1791049024607676000,29.279676025390625,317.74462558138106
1791049024617633800,29.2896337890625,317.9235522106041
1791049024627592000,29.299592041015625,318.19645610341956
1791049024637549800,29.3095498046875,318.1239049625272
1791049024647507700,29.3195078125,318.2761734603272
1791049024657465600,29.329465576171874,318.085032368268
1791049024667423700,29.339423828125,317.72889336524474
1791049024677381600,29.349381591796874,318.0283055587528
1791049024687340800,29.3593408203125,318.44850361146473
1791049024697298700,29.369298583984374,318.28597779132633
1791049024707256800,29.3792568359375,318.465234994546
1791049024717214700,29.389214599609375,318.4671059778414
1791049024727172900,29.3991728515625,318.5413012974882
1791049024737131000,29.409131103515627,318.5207776837152
1791049024747088600,29.419088623046875,318.308872481636
1791049024757046800,29.429046875,318.1501674567638
1791049024767004700,29.439004638671875,318.0529355709937
1791049024776963600,29.448963623046875,318.4390788192584
1791049024786921700,29.458921630859376,318.5337463686307
1791049024796880000,29.4688798828125,318.4829829657026
1791049024806837800,29.478837646484376,318.22132544811836
1791049024816796000,29.4887958984375,318.096493079405
1791049024826753800,29.49875390625,318.1846887641303
1791049024836712000,29.5087119140625,318.2067558772218
1791049024846669600,29.518669677734376,318.30613317815386
1791049024856627700,29.528627685546876,318.16650242418825
1791049024866586600,29.538586669921877,318.1744338925853
1791049024876544800,29.548544677734377,318.2194977966951
1791049024886502700,29.558502685546873,318.3965326857291
1791049024896460800,29.568460693359373,318.16076054247225
1791049024906418700,29.578418701171874,317.95009249403296
1791049024916376800,29.588376953125,317.6650847627624
1791049024926335000,29.5983349609375,317.77098662850705
1791049024936292900,29.60829296875,318.21641479290327
1791049024946250800,29.618250732421874,318.42678414246836
1791049024956209700,29.628209716796874,317.79404487901
1791049024966167800,29.638167724609374,317.7832241263184
1791049024976125700,29.648125732421875,317.68063369095853
1791049024986083800,29.658083740234375,317.77373193189544
1791049024996041700,29.668041748046875,318.0746658285798
1791049025005999900,29.677999755859375,318.1478966020877
1791049025015957800,29.687957763671875,318.2968354546805
1791049025025916000,29.697916015625,318.1221841172468
1791049025035873500,29.70787353515625,317.9868222030426
1791049025045833000,29.7178330078125,318.32300330635593
1791049025055790600,29.72779052734375,318.19204624198176
1791049025065748700,29.737748779296876,317.6493476901027
1791049025075706600,29.74770654296875,317.42136907506733
1791049025085664800,29.757664794921876,317.60475211092125
1791049025095622700,29.76762255859375,317.6180213336053
1791049025105580800,29.777580810546876,317.8752918737395
1791049025115539000,29.7875390625,317.58029313253445
1791049025125496800,29.797496826171876,317.464557419884
1791049025135455700,29.807455810546877,317.2927247637057
1791049025145414000,29.817413818359373,316.8751236632104
1791049025155371800,29.827371826171873,317.0510898257596
1791049025165329700,29.83732958984375,317.1621086841743
1791049025175287800,29.847287841796874,317.1714939326637
1791049025185245700,29.85724560546875,317.04946661070875
1791049025195203800,29.867203857421874,317.5466528118494
1791049025205161700,29.87716162109375,317.082492002135
1791049025215120000,29.887119873046874,317.1060600503073
1791049025225077800,29.897077880859374,316.69615005329604
1791049025235037000,29.907036865234375,316.66180468066125
1791049025244994800,29.916994873046875,316.5914211023092
1791049025254952700,29.92695263671875,316.7591920554554
1791049025264910600,29.93691064453125,317.2913306712522
1791049025274868700,29.94686865234375,317.3675161748419
1791049025284827000,29.956826904296875,316.98679290382546
1791049025294785500,29.96678564453125,316.9449743811351
1791049025304743400,29.976743408203124,317.35113974246735
1791049025314701300,29.986701416015624,317.22966428760105
1791049025324660500,29.996660400390624,317.0312005865048
1791049025334618400,30.006618408203124,316.9584777442284
1791049025344576300,30.016576171875,317.6037894601693
1791049025354534400,30.026534423828124,317.22785978488264
1791049025364492500,30.036492431640625,317.9409389535511
1791049025374450400,30.046450439453125,317.7329451873784
1791049025384408600,30.05640869140625,317.25362694808007
1791049025394366500,30.066366455078125,316.8239088525066
1791049025404324600,30.07632470703125,316.6086058591892
1791049025414282200,30.0862822265625,316.66776895470747
1791049025424241700,30.09624169921875,316.6277666588323
1791049025434199300,30.10619921875,316.89836970894544
1791049025444157400,30.116157470703126,316.6190200777236
1791049025454115300,30.126115234375,316.5290509838143
1791049025464073500,30.136073486328126,316.56241468097494
1791049025474031400,30.14603125,317.10196220468356
1791049025483989500,30.155989501953126,316.7958635047005
1791049025493947400,30.165947509765626,316.5300778926453
1791049025503905500,30.175905517578126,316.2409190391292
1791049025513864400,30.185864501953127,316.2804303658604
1791049025523822600,30.195822509765627,316.8012486110449
1791049025533780200,30.2057802734375,316.91693217278754
1791049025543738400,30.21573828125,317.1775085777727
1791049025553696500,30.225696533203124,316.8770173632765
1791049025563654400,30.235654296875,317.3325701399956
1791049025573612500,30.245612548828124,316.68665822602685
1791049025583570400,30.2555703125,317.0401506279341
1791049025593528600,30.265528564453124,317.1568595162895
1791049025603486500,30.275486572265624,317.123140106164
1791049025613445600,30.285445556640624,317.2583888718859
1791049025623403500,30.295403564453125,317.0689122242026
1791049025633361400,30.305361328125,316.85759572973467
1791049025643319300,30.3153193359375,316.69632950989666
1791049025653277400,30.32527734375,316.3487495398125
1791049025663235300,30.3352353515625,316.47698370582305
1791049025673193500,30.345193359375,316.5202949447601
1791049025683151400,30.3551513671875,316.4186035110063
1791049025693109500,30.365109619140625,316.5220788429824
1791049025703068400,30.375068359375,316.24136715834254
1791049025713026600,30.385026611328126,316.2413397424797
1791049025722984400,30.394984375,316.0791742833833
1791049025732942300,30.4049423828125,315.9375804944212
1791049025742900500,30.414900390625,315.9067750155095
1791049025752858400,30.4248583984375,315.8579973122794
1791049025762816500,30.43481640625,315.9894510502291
1791049025772774400,30.4447744140625,315.8941295705761
1791049025782732500,30.454732666015627,316.09933819122864
1791049025792690400,30.4646904296875,315.8258883732596
1791049025802649600,30.474649658203123,315.78095390099855
1791049025812607500,30.484607421875,315.9247317362183
1791049025822565400,30.4945654296875,316.09263044142114
1791049025832523300,30.504523193359375,315.6778898545946
1791049025842481400,30.5144814453125,316.2854557459015
1791049025852439300,30.524439208984376,316.1715711496643
1791049025862397400,30.5343974609375,316.0649359145749
1791049025872355600,30.54435546875,315.89148493418423
1791049025882313500,30.5543134765625,315.69374056993104
1791049025892271600,30.564271728515624,315.8585351232394
1791049025902230500,30.57423046875,315.9178054661374
1791049025912188400,30.5841884765625,315.7170078778863
1791049025922146300,30.594146240234377,315.66022716686973
1791049025932104400,30.6041044921875,316.1885225297994
1791049025942062300,30.614062255859373,316.2928964047661
1791049025952020500,30.6240205078125,316.32199613313537
1791049025961978400,30.633978271484374,316.3131238011165
1791049025971936500,30.6439365234375,316.63019506180166
1791049025981894400,30.653894287109374,316.3043426761957
1791049025991852500,30.6638525390625,315.84717509887344
1791049026001810400,30.673810546875,316.1995750729278
1791049026011769600,30.68376953125,316.2663385686061
1791049026021727200,30.693727294921874,316.1870155990328
1791049026031685400,30.703685302734375,315.85311762406104
1791049026041643300,30.713643310546875,315.8114835315081
1791049026051601400,30.723601318359375,315.802137643811
1791049026061559600,30.7335595703125,315.76017513717306
1791049026071517400,30.743517333984375,315.7356696408641
1791049026081475600,30.7534755859375,315.8248389082629
1791049026091433500,30.76343359375,315.7831790242299
1791049026101391600,30.7733916015625,316.5984636144911
1791049026111350500,30.7833505859375,316.25689087618105
1791049026121308400,30.793308349609376,316.4355390263583
1791049026131266300,30.803266357421876,316.1470032873303
1791049026141224400,30.813224365234376,315.75532607794497
1791049026151182300,30.823182373046876,316.089548421862
1791049026161140500,30.833140380859376,315.81960961807164
1791049026171098400,30.843098388671876,315.7535677859769
1791049026181056500,30.853056396484376,315.4494561546571
1791049026191014700,30.8630146484375,315.86339252447874
1791049026200972300,30.87297216796875,315.6655196991448
1791049026210930400,30.882930419921873,316.010279750025
1791049026220889300,30.892889404296874,316.0069896187556
1791049026230847200,30.90284716796875,316.14967513518815
1791049026240805400,30.912805419921874,316.16001371749337
1791049026250763500,30.922763427734374,316.3850638913461
1791049026260721400,30.932721435546874,315.89133043681824
1791049026270679600,30.942679443359374,316.1964314969115
1791049026280637400,30.952637451171874,316.0990729633743
1791049026290595000,30.962594970703126,316.1208326950567
1791049026300553000,30.972552978515626,315.95557456096856
1791049026310511000,30.982510986328126,316.15634009167144
1791049026320470000,30.992469970703127,316.1575234569199
1791049026330428200,31.00242822265625,316.1221920322135
1791049026340386000,31.012385986328123,316.12679485910974
1791049026350344200,31.02234423828125,316.02361938999553
1791049026360302300,31.03230224609375,315.81887748790797
1791049026370260200,31.04226025390625,315.69630432868
1791049026380218000,31.052218017578124,315.6779258202857
1791049026390176000,31.062176025390624,315.6779258202857
1791049026400134100,31.072134033203124,315.5431941123944
1791049026410092000,31.082092041015624,315.55306653435633
1791049026420050200,31.09205029296875,315.7012636519844
1791049026430009000,31.102009033203124,315.7391264509129
1791049026439967200,31.11196728515625,315.35308698018866
1791049026449925000,31.121925048828125,315.30689363646286
1791049026459883300,31.13188330078125,315.63954561283566
1791049026469841200,31.141841064453125,315.6310571395945
1791049026479799000,31.151799072265625,315.40846091198284
1791049026489757200,31.161757080078125,315.6129822743886
1791049026499715000,31.171715087890625,315.59976223791443
1791049026509673200,31.181673095703125,315.36616804123275
1791049026519631000,31.191631103515626,315.42280989834615
1791049026529589200,31.20158935546875,315.6095848834626
1791049026539548200,31.211548095703126,315.659669476803
1791049026549506300,31.22150634765625,315.5250936170307
1791049026559464200,31.231464111328126,315.8935065009074
1791049026569422300,31.24142236328125,315.8318766640218
1791049026579380000,31.2513798828125,315.6694614313719
1791049026589338000,31.261338134765627,315.96202673995214
1791049026599296000,31.2712958984375,315.5400591951849
1791049026609254100,31.281254150390627,315.65116388222623
1791049026619212000,31.2912119140625,315.9641510825583
1791049026629170200,31.301170166015623,315.94028821637454
1791049026639129000,31.311129150390624,315.79887100341364
1791049026649087200,31.321087158203124,316.0092936174231
1791049026659045000,31.331045166015624,315.70649225419277
1791049026669003300,31.341003173828124,315.6652786694869
1791049026678961200,31.350961181640624,315.0223340311916
1791049026688919000,31.3609189453125,315.24621780671384
1791049026698877200,31.370877197265624,315.174046100033
1791049026708835000,31.3808349609375,315.1620397983238
1791049026718793200,31.390793212890625,314.97434023594303
1791049026728751000,31.400751220703125,314.8611421797784
1791049026738709200,31.410709228515625,314.73945845379257
1791049026748667100,31.420667236328125,314.5713947097047
1791049026758626300,31.430626220703125,314.7028329372757
1791049026768584200,31.440584228515625,314.9190274699384
1791049026778542000,31.4505419921875,314.6776090638993
1791049026788500000,31.4605,314.72247653687083
1791049026798458000,31.4704580078125,314.83676593611915
1791049026808416300,31.480416259765626,314.4689432564454
1791049026818374100,31.4903740234375,314.91711651841604
1791049026828332300,31.500332275390626,314.35252467384305
1791049026838290200,31.510290283203126,314.32300030473124
1791049026848248300,31.520248291015626,314.09007667977284
1791049026858206000,31.5302060546875,314.2598101388668
1791049026868165400,31.540165283203127,314.4178263391571
1791049026878123000,31.550123046875,314.9616036265787
1791049026888081200,31.5600810546875,314.7848740510126
1791049026898039000,31.5700390625,314.9263380154387
1791049026907997200,31.5799970703125,315.2590936396298
1791049026917955000,31.589955078125,314.9585404708211
1791049026927913200,31.599913330078124,314.44629145419344
1791049026937871000,31.60987109375,314.59583302533065
1791049026947829200,31.619829345703124,314.9387561590949
1791049026957787100,31.629787109375,314.89198212333235
1791049026967745000,31.6397451171875,315.2908349362268
1791049026977703200,31.649703125,314.9275679205769
1791049026987662000,31.659662109375,314.79575429429644
1791049026997620200,31.6696201171875,314.4169420255774
1791049027007578000,31.679578125,314.32653075406773
1791049027017536300,31.689536376953125,314.2089010698672
1791049027027494100,31.699494140625,314.30550243241476
1791049027037452300,31.709452392578125,314.1774458006149
1791049027047410200,31.71941015625,314.22658360781907
1791049027057368000,31.7293681640625,314.7039285552106
1791049027067326000,31.739325927734374,314.35725560262586
1791049027077284000,31.7492841796875,314.4690485598589
1791049027087242200,31.7592421875,314.34223533756483
1791049027097201200,31.769201171875,314.55685756960156
1791049027107159000,31.779158935546874,314.15972429073594
1791049027117117200,31.7891171875,314.08280777629824
1791049027127075000,31.799074951171875,314.21177399423897
1791049027137033200,31.809033203125,314.28342777724436
1791049027146991400,31.818991455078127,314.03310001143
1791049027156949000,31.828948974609375,313.7371566763398
1791049027166907100,31.8389072265625,313.77866480523284
1791049027176865000,31.848864990234375,313.70611694733293
1791049027186823200,31.8588232421875,313.44838418029224
1791049027196781000,31.868781005859375,313.36466388317393
1791049027206739200,31.8787392578125,313.72141749525963
1791049027216698000,31.888697998046876,313.4445488296757
1791049027226656300,31.89865625,314.2994766257695
1791049027236614100,31.9086142578125,313.8085614430293
1791049027246572300,31.918572265625,313.9321861192601
1791049027256530000,31.928530029296876,313.64656311052687
1791049027266488000,31.938488037109376,313.4102429767896
1791049027276446200,31.9484462890625,313.54013930262823
1791049027286404000,31.958404052734377,313.4292509307452
1791049027296362500,31.968362548828125,313.3065509403366
1791049027306320400,31.9783203125,313.3543742985845
1791049027316278300,31.9882783203125,313.5136172725197
1791049027326236200,31.998236083984374,313.4963730083069
1791049027336195300,32.0081953125,314.35367414144685
1791049027346153200,32.0181533203125,313.79684491314305
1791049027356111400,32.028111328125,313.64114091235257
1791049027366069200,32.0380693359375,313.5441916671065
1791049027376027400,32.04802734375,313.3258805437027
1791049027385985300,32.0579853515625,313.5643606779446
1791049027395943400,32.067943359375,314.0932631046602
1791049027405901300,32.0779013671875,313.6721661236627
1791049027415859200,32.08785913085938,313.7937813041192
1791049027425817300,32.0978173828125,313.61849885190827
1791049027435775200,32.10777514648437,313.47268100557005
1791049027445733400,32.1177333984375,313.94675394655087
1791049027455692300,32.1276923828125,313.770800428932
1791049027465650400,32.137650390625,313.93972092377487
1791049027475608300,32.1476083984375,313.925556250301
1791049027485566500,32.15756640625,313.9517527910237
1791049027495524400,32.1675244140625,313.9289690863752
1791049027505482200,32.177482177734376,313.97301462900293
1791049027515440000,32.187440185546876,313.9257008934445
1791049027525398300,32.197398193359376,313.4584802926712
1791049027535356200,32.207356201171876,313.6973465262571
1791049027545314300,32.21731420898438,313.6666191243936
1791049027555272400,32.2272724609375,314.03536359651616
1791049027565230300,32.23723022460938,314.20872762038863
1791049027575188500,32.2471884765625,314.3382848509541
1791049027585147400,32.2571474609375,314.1559995769328
1791049027595105500,32.26710546875,314.9336920278116
1791049027605063200,32.277063232421874,314.61751278018374
1791049027615021300,32.287021240234374,314.5842821803844
1791049027624979200,32.296979248046874,314.3969577694465
1791049027634937300,32.306937255859374,313.82292107394414
1791049027644895200,32.316895263671874,314.3053671627933
1791049027654853400,32.326853271484374,314.460200860645
1791049027664811300,32.336811279296874,314.4868852803303
1791049027674769400,32.346769287109375,314.32495788478906
1791049027684727300,32.356727294921875,314.1341962116163
1791049027694685200,32.366685302734375,313.95121982498745
1791049027704644000,32.37664404296875,314.47870008736106
1791049027714602200,32.38660229492187,314.03594599672067
1791049027724560400,32.39656030273437,313.8151558692307
1791049027734518300,32.40651831054687,313.6203388969886
1791049027744476400,32.41647631835937,314.0809198715633
1791049027754434300,32.42643432617187,314.20571045763904
1791049027764392400,32.43639233398437,314.05129132254285
1791049027774350300,32.44635034179687,313.9192528049878
1791049027784308200,32.45630810546875,313.569768873344
1791049027794266000,32.46626611328125,313.59541247637435
1791049027804224300,32.47622436523437,313.5265769277023
1791049027814182400,32.48618237304687,313.4343836229003
1791049027824140300,32.49614038085937,313.5037585659305
1791049027834099200,32.50609912109375,313.3801846635128
1791049027844057300,32.51605737304688,313.0867183937537
1791049027854015200,32.52601513671875,313.15447583571824
1791049027863973400,32.53597338867188,313.29976076019256
1791049027873931500,32.545931640625,313.6083979480813
1791049027883889200,32.55588916015625,313.28417869067283
1791049027893847300,32.56584741210938,313.12820459420215
1791049027903805200,32.57580517578125,313.23078186617585
1791049027913763300,32.58576342773438,313.5736580419634
1791049027923721200,32.59572119140625,313.5817070062745
1791049027933679400,32.60567944335938,313.3550287102779
1791049027943637200,32.61563720703125,313.7201592821264
1791049027953595400,32.62559545898438,313.47592534891174
1791049027963554300,32.63555419921875,314.1958452261847
1791049027973512400,32.645512451171875,313.93032846233785
1791049027983470000,32.65546997070312,313.81560890629385
1791049027993428200,32.66542822265625,313.6285743047453
1791049028003386400,32.675386474609375,313.16684525527944
1791049028013344300,32.68534423828125,313.27506685621404
1791049028023302400,32.695302490234376,313.43598928533623
1791049028033260300,32.70526025390625,312.9047682402401
1791049028043218400,32.715218505859376,312.510058043523
1791049028053176300,32.72517626953125,312.7497628107474
1791049028063134200,32.73513427734375,312.46350864373517
1791049028073092000,32.745092041015624,312.45018273529905
1791049028083050200,32.75505029296875,312.2259289988421
1791049028093008400,32.76500830078125,312.57623004513806
1791049028102967300,32.77496728515625,312.4964594228203
1791049028112925200,32.78492529296875,313.16020862220984
1791049028122883300,32.79488330078125,313.09018694693975
1791049028132841500,32.80484155273437,313.0042861980366
1791049028142799400,32.81479931640625,312.9722526516375
1791049028152757500,32.824757568359374,312.56176603790107
1791049028162715100,32.83471508789062,312.60800116612825
1791049028172673300,32.84467333984375,312.9811781583949
1791049028182631200,32.85463110351562,312.7124812908892
1791049028192589300,32.86458935546875,312.3109541604582
1791049028202547200,32.87454711914062,312.16993005003246
1791049028212505300,32.88450537109375,312.0605383937236
1791049028222463500,32.89446337890625,312.59545576352895
1791049028232421400,32.90442138671875,312.28596058301105
1791049028242380300,32.91438037109375,312.71696316531796
1791049028252338400,32.92433837890625,312.36475678101465
1791049028262296300,32.93429638671875,312.4766876813147
1791049028272254200,32.94425415039063,312.47089442586866
1791049028282212400,32.95421240234375,312.5289773375999
1791049028292170000,32.964169921875,312.66507492496925
1791049028302128000,32.97412817382813,313.1028676123993
1791049028312086000,32.9840859375,312.87741641563554
1791049028322044200,32.99404418945313,312.7735565794022
1791049028332002000,33.004001953125,312.6407386075869
1791049028341960200,33.01396020507813,312.9586439476082
1791049028351918300,33.02391845703125,313.01746352828206
1791049028361876200,33.03387622070313,312.670239401713
1791049028371835100,33.043835205078125,313.796812849894
1791049028381793300,33.053793212890625,313.4875659339233
1791049028391751200,33.063751220703125,313.1220236693715
1791049028401709000,33.073708984375,312.58300972069964
1791049028411667200,33.083667236328125,312.2118335960447
1791049028421625000,33.093625,312.50703172109286
1791049028431583200,33.103583251953125,312.50463243323554
1791049028441541000,33.113541015625,312.1210307827656
1791049028451499300,33.123499267578126,312.4793577985374
1791049028461457200,33.13345703125,312.5385056514811
1791049028471415000,33.1434150390625,312.3001531610131
1791049028481373200,33.153373291015626,312.2140889427392
1791049028491331000,33.1633310546875,312.32696576198754
1791049028501289200,33.173289306640626,312.32167667333806
1791049028511247000,33.1832470703125,312.18561846988985
1791049028521206000,33.1932060546875,312.1870621537941
1791049028531164200,33.2031640625,312.0999829961103
1791049028541122300,33.21312231445312,312.2676658324719
1791049028551080200,33.223080078125,312.02519348888086
1791049028561038300,33.233038330078124,311.856774220895
1791049028570996000,33.24299584960937,312.00524863127475
1791049028580954000,33.2529541015625,312.13882132280406
1791049028590912000,33.262912109375,312.19764608640594
1791049028600870100,33.2728701171875,311.99651091234193
1791049028610828300,33.282828369140624,312.36158990790324
1791049028620786200,33.2927861328125,312.4310173244819
1791049028630744300,33.302744384765624,313.1628083870504
1791049028640702200,33.3127021484375,313.0877414264398
1791049028650660000,33.32266015625,312.8748791287009
1791049028660619300,33.33261938476563,312.82132941414386
1791049028670577200,33.3425771484375,312.88126788798456
1791049028680535000,33.35253515625,313.2953160339568
1791049028690493200,33.3624931640625,313.56683056246027
1791049028700451000,33.372451171875,313.0612091730245
1791049028710409200,33.3824091796875,313.28158680498905
1791049028720367000,33.3923671875,313.4614940648988
1791049028730325200,33.4023251953125,313.2029973662662
1791049028740283100,33.412283203125,313.5222947329928
1791049028750241000,33.42224096679688,313.0525266065036
1791049028760199200,33.43219921875,313.1251245922906
1791049028770157000,33.44215698242188,312.9373923946487
1791049028780115200,33.452115234375,312.77734572511804
1791049028790073000,33.46207299804688,313.1893296335254
1791049028800031200,33.47203125,313.42103819192073
1791049028809990100,33.481990234375,313.0687064089844
1791049028819948300,33.4919482421875,313.0367765175909
1791049028829906200,33.50190625,313.0693493381964
1791049028839864300,33.5118642578125,313.2617849000303
1791049028849822000,33.521822021484375,313.17461857931585
1791049028859780000,33.531780029296876,313.1074254508754
1791049028869738000,33.541738037109376,313.1109596242309
1791049028879696100,33.551696044921876,312.955938824254
1791049028889654300,33.561654296875,313.1581281014649
1791049028899612200,33.571612060546876,312.74144580852646
1791049028909570300,33.5815703125,312.74144580852646
1791049028919528200,33.591528076171876,312.89315900920406
1791049028929486000,33.601486083984376,312.9220104370476
1791049028939444000,33.61144384765625,312.73828076102785
1791049028949402000,33.62140209960938,313.13985556607554
1791049028959361000,33.63136108398437,312.98262417402725
1791049028969319200,33.64131909179687,313.07415349306564
1791049028979277000,33.65127709960937,313.17014729348074
1791049028989235200,33.661235107421874,312.7218040461637
1791049028999193000,33.671193115234374,312.63822652099867
1791049029009151200,33.681151123046874,313.1072848635951
1791049029019109400,33.691109375,313.10272051839
1791049029029067000,33.70106689453125,313.19398949348147
1791049029039025200,33.711025146484374,313.02769858047384
1791049029048983000,33.720983154296874,312.93922659140884
1791049029058941200,33.730941162109374,313.14560477106073
1791049029068899000,33.740899169921875,313.199089582569
1791049029078857200,33.750857177734375,313.01732018634397
1791049029088815000,33.760815185546875,312.6946836521994
1791049029098773200,33.770773193359375,313.0627111126908
1791049029108732200,33.78073217773437,312.72393380614886
1791049029118690300,33.79069018554687,313.24947071594147
1791049029128648000,33.80064794921875,313.23262776231013
1791049029138606000,33.81060620117187,312.90563264193116
1791049029148564200,33.82056420898437,312.63443278076113
1791049029158522000,33.83052221679687,312.4137886736126
1791049029168480300,33.84048022460937,312.742969090399
1791049029178438100,33.85043823242187,312.7891231342338
1791049029188396300,33.86039624023437,312.5408312064282
1791049029198354200,33.87035424804687,312.5200455177036
1791049029208312000,33.88031201171875,312.95660143541863
1791049029218270000,33.89027001953125,313.1240306651185
1791049029228228000,33.90022802734375,313.46010368665776
1791049029238186200,33.91018627929687,313.03790260766596
1791049029248144100,33.92014404296875,312.9917885662936
1791049029258102300,33.93010229492187,312.3857576566606
1791049029268061200,33.94006127929688,312.45384786831465
1791049029278019000,33.95001904296875,312.2444493233547
1791049029287977200,33.95997729492188,312.3041958975456
1791049029297934600,33.9699345703125,312.2275229598107
1791049029307892500,33.979892578125,312.47145774591405
1791049029317850600,33.9898505859375,312.79052838230746
1791049029327808500,33.99980859375,313.0179527796322
1791049029337766400,34.009766357421874,313.3821793589862
1791049029347724500,34.019724609375,313.460456334754
1791049029357682400,34.029682373046874,313.32019873724386
1791049029367640600,34.039640625,313.04632066791544
1791049029377598500,34.049598388671875,313.33494139247625
1791049029387556600,34.059556640625,313.38973253422694
1791049029397514500,34.069514404296875,313.284545282089
1791049029407472600,34.07947265625,313.0149677441474
1791049029417430500,34.089430419921875,313.4525361217319
1791049029427389700,34.0993896484375,313.8080713322368
1791049029437347300,34.10934741210937,313.2468719168284
1791049029447305500,34.11930541992187,313.3262735177163
1791049029457263400,34.12926342773437,312.93652503471037
1791049029467221500,34.13922143554687,313.46754344092
1791049029477179600,34.1491796875,313.5033540314921
1791049029487137500,34.15913745117187,313.0620968367002
1791049029497095700,34.169095703125,313.0285682477585
1791049029507053600,34.17905346679687,312.7407575035269
1791049029517011500,34.18901147460937,312.508034439465
1791049029526969300,34.19896923828125,312.6740411417867
1791049029536927500,34.20892749023437,312.7602384871611
1791049029546885400,34.21888549804687,312.76835808039067
1791049029556843500,34.22884350585937,313.3754668451321
1791049029566801700,34.2388017578125,313.23897737737957
1791049029576759600,34.248759521484374,313.23262309228556
1791049029586717700,34.2587177734375,312.92503405767843
1791049029596676600,34.26867651367188,312.585289731926
1791049029606634500,34.27863452148438,312.424725457847
1791049029616592400,34.28859228515625,312.773270871328
1791049029626550500,34.29855053710938,312.69633992549365
1791049029636508400,34.30850830078125,312.7675061130514
1791049029646466600,34.31846655273438,313.14850514562863
1791049029656424400,34.32842456054688,312.83678988775847
1791049029666382600,34.33838256835938,312.94770750415006
1791049029676340500,34.34834057617188,313.105980253825
1791049029686298600,34.35829858398437,313.262446283022
1791049029696256500,34.36825659179687,313.21688241595064
1791049029706214400,34.37821435546875,314.13294002077293
1791049029716172500,34.38817260742187,314.0171434348274
1791049029726130400,34.39813037109375,313.84670339639865
1791049029736088600,34.40808862304687,313.2520053202685
1791049029746046500,34.41804638671875,313.18349972780464
1791049029756005600,34.428005615234376,313.27557635598276
1791049029765963500,34.437963623046876,313.1323687381446
1791049029775921700,34.447921630859376,313.06719392500884
1791049029785879600,34.457879638671876,312.9640787766049
1791049029795837400,34.46783740234375,313.2484781290541
1791049029805795300,34.47779541015625,313.0584884979608
1791049029815753500,34.48775341796875,313.66434529161984
1791049029825711600,34.49771166992188,313.15142544218855
1791049029835669500,34.50766943359375,313.1387446134471
1791049029845627600,34.51762768554688,313.1536427506162
1791049029855585500,34.52758544921875,312.78399551374105
1791049029865543700,34.53754370117188,312.83814517130565
1791049029875501600,34.54750146484375,312.6911492241945
1791049029885459500,34.55745947265625,312.72968070353784
1791049029895417300,34.567417236328126,312.87284695984823
1791049029905375500,34.57737548828125,313.0424995380463
1791049029915333600,34.58733374023438,312.94439359834723
1791049029925291500,34.59729150390625,312.95005929551763
1791049029935249700,34.60724975585938,312.9065822001
1791049029945208600,34.61720849609375,313.0221675347195
1791049029955166500,34.62716650390625,312.8840095912723
1791049029965124600,34.63712451171875,313.84597054483777
1791049029975082800,34.647082763671875,313.3665422720976
1791049029985040400,34.65704028320312,313.39951342092746
1791049029994998500,34.66699853515625,313.1161388996951
1791049030004956400,34.676956298828124,312.68677589270067
1791049030014914600,34.68691455078125,312.8161056270965
1791049030024872400,34.69687255859375,312.7115966587584
1791049030034830600,34.70683056640625,312.58384137347946
1791049030044788500,34.71678857421875,312.59796812906797
1791049030054746600,34.72674658203125,312.90954397389623
1791049030064704500,34.73670458984375,313.16041499768755
1791049030074662400,34.746662353515624,313.067640316994
1791049030084620500,34.75662060546875,313.06231030650196
1791049030094578400,34.766578369140625,313.23812587691117
1791049030104536600,34.77653662109375,313.1807400365527
1791049030114494500,34.786494384765625,313.9263415094523
1791049030124453600,34.79645361328125,313.3758289445911
1791049030134411500,34.80641162109375,313.585604000762
1791049030144369700,34.81636962890625,313.7922477029331
1791049030154327600,34.82632763671875,313.7006012331841
1791049030164285400,34.83628540039062,314.20999949795976
1791049030174243300,34.84624340820312,314.0374946536898
1791049030184201500,34.85620141601562,313.8714454369389
1791049030194159600,34.86615966796875,313.693016529738
1791049030204117500,34.87611743164062,313.4857753207442
1791049030214075600,34.88607568359375,313.8110629014204
1791049030224033500,34.89603344726562,313.9971785575838
1791049030233991700,34.90599169921875,313.5551798656816
1791049030243949300,34.91594921875,313.4347866346257
1791049030253907500,34.92590747070312,313.1599462142748
1791049030263865300,34.935865234375,313.7661348932114
1791049030273823500,34.94582348632812,313.4947911522264
1791049030283781600,34.95578173828125,313.66536026611675
1791049030293740800,34.96574072265625,313.33080503311
1791049030303699700,34.97569970703125,313.0848711355302
1791049030313657900,34.985657958984376,313.22397453203115
1791049030323615700,34.99561572265625,313.3328439497819
1791049030333574000,35.005573974609376,313.2711399012132
1791049030343531800,35.01553173828125,312.97073332500156
1791049030353490000,35.02548999023438,313.50594099031036
1791049030363447800,35.03544775390625,313.69641922345306
1791049030373405700,35.04540576171875,313.54612880333025
1791049030383363800,35.05536376953125,313.2118324600851
1791049030393321700,35.06532177734375,313.6392096283747
1791049030403280000,35.07527978515625,313.4716577426585
1791049030413237800,35.08523779296875,313.74356911433654
1791049030423196000,35.09519580078125,313.5221655082247
1791049030433153800,35.10515380859375,313.7427788657897
1791049030443112000,35.11511181640625,313.63751689755225
1791049030453069800,35.12506982421875,313.93370270336646
1791049030463027700,35.13502783203125,313.89230518694
1791049030472985900,35.14498583984375,313.91359036566877
1791049030482943700,35.15494384765625,313.54936837674234
1791049030492902000,35.16490185546875,313.2095197732131
1791049030502860800,35.17486083984375,313.1899028085493
1791049030512818700,35.18481860351562,313.6498194876152
1791049030522776800,35.19477685546875,313.20597839099713
1791049030532735000,35.20473486328125,313.501991737942
1791049030542692900,35.21469287109375,313.78216087995355
1791049030552651000,35.224651123046876,313.534893289735
1791049030562608600,35.234608642578124,313.8831404614515
1791049030572566800,35.24456689453125,313.6505197230132
1791049030582524700,35.254524658203124,313.6391165830756
1791049030592482800,35.26448291015625,313.49817973406437
1791049030602441000,35.27444091796875,313.09726071316743
1791049030612398800,35.28439892578125,313.0757493666712
1791049030622357000,35.29435693359375,313.2887652952331
1791049030632315000,35.30431494140625,313.19655111660495
1791049030642272800,35.314272705078125,313.6855252253466
1791049030652230700,35.324230712890625,313.44459774360206
1791049030662188800,35.334188720703125,313.53475464726955
1791049030672146700,35.344146728515625,312.7540313072293
1791049030682104800,35.354104736328125,312.7761874836176
1791049030692063000,35.36406298828125,312.98059544816203
1791049030702022000,35.37402197265625,312.88444671017635
1791049030711979800,35.38397973632812,313.17935381524137
1791049030721938000,35.39393798828125,313.0506384929807
1791049030731895800,35.40389575195312,313.14638332834323
1791049030741853700,35.41385375976562,312.95620903175575
1791049030751811800,35.42381176757812,312.50486261691856
1791049030761769700,35.43376977539062,312.8565402336895
1791049030771728000,35.44372778320312,312.81397510194404
1791049030781685800,35.45368579101562,312.4406302913336
1791049030791644000,35.46364379882812,312.82862736640516
1791049030801601800,35.47360180664062,312.3206730182286
1791049030811560000,35.48355981445312,312.92586491362937
1791049030821517800,35.49351782226562,312.78406229271843
1791049030831475700,35.50347583007812,313.4568503253064
1791049030841433900,35.513433837890624,312.80755360541525
1791049030851391700,35.523391845703124,312.7566272562933
1791049030861350000,35.533349853515624,313.21553420570626
1791049030871307800,35.543307861328124,312.6431784217337
1791049030881266000,35.553265869140624,312.9001047661376
1791049030891223800,35.563223876953124,313.1718809557881
1791049030901181700,35.573181640625,312.711866087291
1791049030911140900,35.58314086914063,313.0406747777044
1791049030921098800,35.5930986328125,313.0314675062576
1791049030931056600,35.603056640625,313.46909908873494
1791049030941014800,35.61301489257813,313.123712479641
1791049030950972700,35.62297265625,313.1583682125718
1791049030960930800,35.63293090820312,313.3218255645748
1791049030970889000,35.64288891601562,313.3335801461669
1791049030980846800,35.65284692382812,313.8809017827256
1791049030990805000,35.66280493164062,313.5288699461894
1791049031000762600,35.6727626953125,313.36294981928154
1791049031010720800,35.682720703125,313.0277170370455
1791049031020678700,35.6926787109375,312.82211255966445
1791049031030636800,35.70263671875,312.9826400834054
1791049031040595000,35.71259497070312,312.9649896547656
1791049031050552800,35.722552734375,312.6456069815496
1791049031060511000,35.73251098632812,312.7736826769483
1791049031070468900,35.74246875,312.81370278429984
1791049031080426800,35.7524267578125,312.877138670322
1791049031090384600,35.76238452148438,312.6185052302134
1791049031100342800,35.7723427734375,312.5360612082259
1791049031110300700,35.78230078125,312.9976951265276
1791049031120259800,35.792259765625,312.564900093745
1791049031130217700,35.8022177734375,312.9994194978913
1791049031140176000,35.81217578125,312.46089505125684
1791049031150133800,35.8221337890625,312.66853482499573
1791049031160092000,35.832091796875,312.4516039375659
1791049031170049800,35.8420498046875,312.04225270563296
1791049031180007700,35.852007568359376,312.53610158945446
1791049031189965800,35.8619658203125,312.88164496834906
1791049031199923700,35.871923828125,312.7982234661944
1791049031209881900,35.8818818359375,312.6220488316833
1791049031219839700,35.89183984375,312.569453662757
1791049031229798000,35.9017978515625,312.4412569255408
1791049031239755800,35.911755859375,312.2372356176387
1791049031249714000,35.9217138671875,312.16536969074303
1791049031259671800,35.931671875,312.5361257105432
1791049031269629700,35.94162963867188,312.2359622711559
1791049031279587800,35.951587890625,312.626179407467
1791049031289545700,35.96154565429688,312.32710304015313
1791049031299502800,35.9715029296875,312.3331162767048
1791049031309461000,35.9814609375,312.4215295720807
1791049031319419000,35.9914189453125,311.9165893871633
1791049031329377000,36.001376953125,312.36767979599404
1791049031339335000,36.0113349609375,312.7071305535849
1791049031349293800,36.0212939453125,312.598684107842
1791049031359252000,36.031251953125,312.43661800210066
1791049031369210000,36.04121020507812,312.4654184214765
1791049031379168000,36.05116796875,312.92508469582737
1791049031389126000,36.0611259765625,312.93930188072966
1791049031399083800,36.07108374023438,312.8334707837215
1791049031409042000,36.0810419921875,312.9948973052557
1791049031418999800,36.09099975585937,312.9948973052557
1791049031428958000,36.1009580078125,312.7211114640926
1791049031438915800,36.11091577148437,313.4341631549353
1791049031448874000,36.1208740234375,313.38959193444833
1791049031458832100,36.13083203125,313.3987172319471
1791049031468790000,36.1407900390625,313.29863197579334
1791049031478748000,36.15074780273437,312.8222579848131
1791049031488705800,36.16070581054687,312.8429678746245
1791049031498664000,36.17066381835937,312.98987248295117
1791049031508621800,36.18062182617187,312.9280415918515
1791049031518580000,36.190580078125,312.6470918587962
1791049031528538000,36.2005380859375,313.05580601675763
1791049031538496000,36.21049609375,312.93331498353336
1791049031548454100,36.2204541015625,312.3665999756219
1791049031558411800,36.23041186523437,312.40045847179925
1791049031568370000,36.24036987304687,312.8026705532141
1791049031578327800,36.25032788085937,312.6246604763936
1791049031588286000,36.26028588867187,313.09713441139087
1791049031598244900,36.27024487304688,312.5123343619129
1791049031608203000,36.280203125,312.61773834034807
1791049031618161000,36.29016088867188,312.6306651115103
1791049031628119000,36.300119140625,312.1000084058226
1791049031638077000,36.31007690429688,312.2995273120235
1791049031648035000,36.32003515625,312.3109818691439
1791049031657993000,36.32999291992188,312.3308770485503
1791049031667950800,36.33995092773438,312.1056754112723
1791049031677909000,36.34990893554688,311.98126946513264
1791049031687867000,36.35986694335938,312.1284164220673
1791049031697825000,36.36982495117188,311.77727540897223
1791049031707783000,36.37978295898437,311.89409180702313
1791049031717741000,36.38974096679687,312.1442039704841
1791049031727699000,36.39969897460937,311.9628083475069
1791049031737656800,36.40965673828125,312.26658482948625
1791049031747615000,36.41961499023437,312.1364730099332
1791049031757572900,36.42957275390625,312.1030185961579
1791049031767531000,36.43953100585937,312.08438272579383
1791049031777489000,36.44948901367187,312.0731808744776
1791049031787447000,36.45944702148437,312.38260366128753
1791049031797405000,36.46940502929687,312.27331392890346
1791049031807363000,36.47936303710937,312.5250019037861
1791049031817320700,36.48932080078125,312.30295612331054
1791049031827278800,36.49927880859375,312.30488491677534
1791049031837237000,36.50923706054687,312.5193436968539
1791049031847196000,36.51919580078125,312.45511479518797
1791049031857153800,36.52915380859375,312.211624881403
1791049031867112000,36.53911181640625,312.38343163883826
1791049031877069800,36.54906982421875,312.2694664942
1791049031887028000,36.55902807617188,312.4078134795169
1791049031896986000,36.56898608398438,312.17155286233213
1791049031906944000,36.57894409179688,312.325882704326
1791049031916902000,36.58890185546875,312.30515024374756
1791049031926859800,36.59885986328125,312.65292766268465
1791049031936818000,36.60881787109375,312.4218573494632
1791049031946775800,36.61877587890625,312.3539580964694
1791049031956734000,36.62873388671875,312.58637890668655
1791049031966692000,36.63869213867188,313.16377991980943
1791049031976650000,36.64864990234375,312.41792261806637
1791049031986608000,36.65860815429688,312.6212271434197
1791049031996565800,36.66856567382813,312.62726047387173
1791049032006524000,36.67852392578125,313.6084850755209
1791049032016481800,36.68848168945313,313.1165904324537
1791049032026440000,36.69843994140625,313.167535426275
1791049032036397800,36.70839770507813,313.33822465060354
1791049032046356000,36.71835595703125,314.11240268545174
1791049032056314000,36.72831420898437,313.59491670231967
1791049032066272000,36.73827197265625,313.62613741305944
1791049032076230100,36.74823022460937,313.51847071303814
1791049032086187800,36.75818774414063,313.8393101353274
1791049032096146000,36.76814599609375,313.66131772224713
1791049032106103800,36.77810375976563,314.26075195703004
1791049032116063000,36.78806298828125,313.9620987298102
1791049032126020900,36.798020751953125,314.0825468612223
1791049032135979000,36.80797900390625,313.58278821262337
1791049032145937000,36.81793701171875,313.45200553711976
1791049032155895000,36.82789501953125,313.5111693081082
1791049032165853000,36.83785302734375,313.8230887790003
1791049032175811000,36.84781103515625,313.5024876862705
1791049032185769000,36.85776904296875,314.1296352983952
1791049032195726800,36.867726806640626,313.82790366108776
1791049032205685000,36.87768505859375,313.63557096401314
1791049032215643000,36.887642822265626,313.3683706807298
1791049032225601000,36.89760107421875,313.26743830403024
1791049032235559000,36.907558837890626,313.35858182896453
1791049032245517000,36.91751708984375,313.41161703184207
1791049032255475000,36.927474853515626,313.4714127243002
1791049032265432800,36.937432861328126,313.70831129297767
1791049032275391000,36.94739086914063,313.8611972596747
1791049032285348900,36.95734887695313,313.5966739432812
1791049032295307500,36.9673076171875,313.3934221416629
1791049032305265400,36.97726538085937,313.75858443093483
1791049032315223600,36.9872236328125,313.6989233944276
1791049032325181400,36.99718139648437,313.49224339367674
1791049032335139600,37.0071396484375,313.47907885739795
1791049032345097500,37.01709741210937,313.40008778201724
1791049032355055400,37.02705541992187,313.68901104570176
1791049032365013200,37.03701318359375,313.7741827158252
1791049032374971400,37.04697143554687,313.5176401537316
1791049032384929500,37.05692944335937,313.394783707385
1791049032394887400,37.06688745117187,313.4349529906848
1791049032404845600,37.07684545898437,313.1162753935746
1791049032414804500,37.08680444335938,313.10173317921635
1791049032424762400,37.09676245117188,313.18210616645223
1791049032434720500,37.10672045898438,313.3756555310391
1791049032444678700,37.1166787109375,313.4574894135146
1791049032454636300,37.12663623046875,313.13939724142205
1791049032464594400,37.13659448242188,313.3348178075005
1791049032474552300,37.14655224609375,313.38044339300905
1791049032484510500,37.15651049804688,313.00063783468784
1791049032494468400,37.16646826171875,312.84977304107764
1791049032504426500,37.17642651367188,313.0331533568209
1791049032514384400,37.18638427734375,312.8291651669999
1791049032524342500,37.19634252929688,313.3496955113169
1791049032534300400,37.20630053710938,313.15086993715664
1791049032544258300,37.21625830078125,313.4573905127389
1791049032554216400,37.22621655273438,313.2725740043785
1791049032564174300,37.23617431640625,313.58679223647226
1791049032574132500,37.24613256835938,313.4889187639553
1791049032584090400,37.25609033203125,313.48175133948916
1791049032594048500,37.26604858398437,313.425453344635
1791049032604006700,37.27600659179687,311.37502605423776
1791049032613964300,37.28596435546875,311.27042123367755
1791049032623922400,37.29592236328125,310.83488000607224
1791049032633880300,37.30588037109375,310.4527300413675
1791049032643838500,37.31583837890625,310.03166974841895
1791049032653796400,37.32579638671875,310.3401847578115
1791049032663754500,37.33575439453125,310.466195252169
1791049032673712400,37.34571240234375,310.31508060347636
1791049032683670500,37.35567041015625,310.0379957342772
1791049032693628700,37.36562866210937,309.96789628371454
1791049032703586300,37.37558642578125,310.1754288632488
1791049032713544400,37.38554443359375,310.80401073680866
1791049032723502300,37.39550244140625,310.3257682093293
1791049032733461500,37.40546142578125,310.2375811790709
1791049032743419400,37.41541943359375,310.0710490309985
1791049032753377500,37.42537744140625,310.1431313850163
1791049032763335400,37.43533544921875,310.67774672208526
1791049032773293600,37.44529345703125,310.64920320288985
1791049032783251500,37.45525146484375,310.6647366278458
1791049032793209600,37.46520971679688,310.9222151162447
1791049032803167200,37.475167236328126,311.30266945855305
1791049032813125400,37.48512548828125,311.2280541957557
1791049032823083500,37.49508349609375,311.7355786793525
1791049032833041400,37.50504150390625,311.41184999628365
1791049032842999600,37.51499951171875,311.46468571252575
1791049032852957400,37.52495751953125,311.35591462282724
1791049032862915600,37.53491552734375,310.9670001416213
1791049032872873500,37.54487353515625,311.13013344765426
1791049032882831400,37.55483129882813,311.3491238186131
1791049032892789200,37.56478930664063,310.99071386796055
1791049032902747400,37.57474731445313,310.7388645870894
1791049032912705500,37.58470556640625,311.187322131407
1791049032922663400,37.59466333007813,311.4054951236935
1791049032932621600,37.60462158203125,311.6984787233791
1791049032942579500,37.61457934570313,311.72937466998144
1791049032952537600,37.62453759765625,311.6474018698101
1791049032962495200,37.6344951171875,311.51099217745696
1791049032972453400,37.64445336914063,311.4168232787142
1791049032982411300,37.65441137695313,311.443001006523
1791049032992369400,37.66436938476563,311.736901918811
1791049033002327600,37.67432763671875,311.46633701152984
1791049033012285400,37.68428540039063,311.3046457799071
1791049033022243600,37.69424365234375,311.6559738170404
1791049033032201500,37.70420141601563,311.3254149484816
1791049033042159400,37.71415942382812,312.14157184224024
1791049033052117200,37.7241171875,311.88204727526573
1791049033062075400,37.73407543945312,311.56076574654605
1791049033072033300,37.744033203125,311.2388683619881
1791049033081992400,37.753992431640626,311.20376410215476
1791049033091950300,37.763950439453126,311.6742361524159
1791049033101908500,37.773908447265626,311.6552691625296
1791049033111866400,37.783866455078126,311.54299149606015
1791049033121824500,37.793824462890626,311.51846444201936
1791049033131782700,37.80378271484375,311.33805710023887
1791049033141740300,37.813740234375,311.0294393308095
1791049033151698400,37.82369848632813,311.56275099817645
1791049033161656300,37.83365625,311.37157249933784
1791049033171614500,37.84361450195313,311.06248850890785
1791049033181572400,37.853572265625,310.8766824256164
1791049033191530500,37.86353051757813,310.52114917662914
1791049033201488400,37.87348828125,310.29220086346504
1791049033211446500,37.88344653320313,310.2095151799173
1791049033221404700,37.89340478515625,310.13822952772
1791049033231362300,37.9033623046875,309.57128031552014
1791049033241320400,37.91332055664063,309.7717777765034
1791049033251278300,37.9232783203125,309.7262874510414
1791049033261236500,37.93323657226563,309.6372168974276
1791049033271194400,37.9431943359375,309.5873585062431
1791049033281152500,37.95315258789063,309.508789656046
1791049033291110400,37.9631103515625,309.2625153022575
1791049033301067500,37.973067626953124,309.46799521203326
1791049033311025700,37.983025634765625,309.8604530500804
1791049033320983600,37.992983642578125,309.6451139807233
1791049033330941700,38.002941650390625,310.3629169321171
1791049033340899600,38.012899658203125,309.83908245902313
1791049033350857500,38.022857421875,309.6561973561585
1791049033360815600,38.032815673828125,309.68667202075517
1791049033370773500,38.0427734375,309.41869300916875
1791049033380731600,38.052731689453125,309.4635167041667
1791049033390689500,38.062689453125,308.82884330135283
1791049033400647700,38.072647705078126,308.90651780376476
1791049033410605600,38.08260546875,309.190655161516
1791049033420563500,38.0925634765625,309.3448993948257
1791049033430521600,38.102521484375,309.2468603954268
1791049033440479500,38.1124794921875,308.8456299504498
1791049033450437600,38.122437744140626,309.04584822683586
1791049033460395500,38.1323955078125,309.1728897830175
1791049033470353700,38.142353759765626,309.9771935080865
1791049033480312600,38.1523125,309.5032307028361
1791049033490270700,38.16227075195312,309.1627688632519
1791049033500228600,38.172228515625,308.661353321126
1791049033510186800,38.18218676757812,309.07828997978385
1791049033520144400,38.19214428710937,309.4538439264114
1791049033530102500,38.2021025390625,309.3162513647684
1791049033540060400,38.21206030273437,309.35377143950075
1791049033550018600,38.2220185546875,309.61880689419183
1791049033559976700,38.231976806640624,308.9621914192775
1791049033569934600,38.2419345703125,308.45958898292054
1791049033579892700,38.251892822265624,308.5545805879625
1791049033589850600,38.2618505859375,308.97285525762913
1791049033599808500,38.27180859375,309.6095399895214
1791049033609766400,38.28176635742187,308.8546398196144
1791049033619724500,38.291724609375,308.7595607662813
1791049033629682400,38.30168237304687,309.2984365417347
1791049033639640600,38.311640625,308.7966514152997
1791049033649598700,38.3215986328125,308.8001963294968
1791049033659556600,38.331556640625,309.2775965297538
1791049033669514800,38.3415146484375,309.00580639208147
1791049033679472400,38.35147241210937,308.85741922477206
1791049033689430500,38.361430419921874,309.7244044146749
1791049033699388400,38.371388427734374,309.48672705160243
1791049033709346600,38.3813466796875,309.30674909825234
1791049033719304400,38.391304443359374,310.0131454758082
1791049033729262600,38.4012626953125,309.6464041162666
1791049033739220700,38.411220703125,309.47092101223666
1791049033749178600,38.4211787109375,309.27915839640843
1791049033759136800,38.43113671875,309.3083217869796
1791049033769094400,38.441094482421875,309.49211152123087
1791049033779052500,38.451052490234375,309.7931688464231
1791049033789010400,38.461010498046875,309.8493229123834
1791049033798968600,38.470968505859375,309.81572908035855
1791049033808926500,38.480926513671875,310.3404194928361
1791049033818884600,38.490884521484375,310.18087310454024
1791049033828842800,38.5008427734375,310.301595109847
1791049033838800600,38.510800537109375,310.11926611293137
1791049033848758500,38.520758544921875,309.87994181093876
1791049033858716400,38.53071630859375,310.1821920310265
1791049033868674600,38.540674560546876,310.69325173546633
1791049033878632400,38.550632568359376,310.5498550336636
1791049033888590600,38.560590576171876,310.6526248550308
1791049033898548500,38.570548583984376,310.50252471862274
1791049033908506600,38.580506591796876,310.5977775072005
1791049033918464800,38.59046484375,309.8650433808923
1791049033928422400,38.60042236328125,310.11162892053505
1791049033938380500,38.61038061523438,309.9293398246489
1791049033948338400,38.62033837890625,309.58787743891355
1791049033958297600,38.63029760742187,309.6820305498576
1791049033968255500,38.64025537109375,309.6820305498576
1791049033978213600,38.650213623046874,309.32158882528825
1791049033988171500,38.660171630859374,309.7565502582716
1791049033998129700,38.670129638671874,309.8215023432873
1791049034008087600,38.680087646484374,309.34114812617327
1791049034018045700,38.690045654296874,309.5453400202811
1791049034028003300,38.70000341796875,309.314901326312
1791049034037961500,38.70996142578125,309.46424716367574
1791049034047919600,38.719919677734374,310.4917641484765
1791049034057877500,38.72987744140625,309.6566087248215
1791049034067835600,38.739835693359375,309.3382064051011
1791049034077793500,38.74979345703125,309.3892144873454
1791049034087751700,38.759751708984375,309.3988327885935
1791049034097709600,38.76970947265625,309.4441092397143
1791049034107667500,38.77966748046875,309.5909172772771
1791049034117625600,38.78962548828125,309.36714965101214
1791049034127583500,38.79958349609375,309.1239950347543
1791049034137541600,38.809541748046875,309.5696597224203
1791049034147499500,38.81949951171875,309.7452002169147
1791049034157457700,38.829457763671876,309.7208629374269
1791049034167415600,38.83941552734375,310.1530236055651
1791049034177373700,38.849373779296876,309.6605615286571
1791049034187331600,38.85933154296875,309.3164794456542
1791049034197289500,38.86928955078125,308.7574946809057
1791049034207247600,38.87924755859375,308.8055947856091
1791049034217205500,38.88920556640625,309.40503572808086
1791049034227163600,38.89916357421875,308.8634786019217
1791049034237121500,38.90912158203125,308.81080558906916
1791049034247079700,38.91907958984375,308.57256853372337
1791049034257037600,38.92903759765625,308.33852095983104
1791049034266995700,38.93899560546875,308.60001285011043
1791049034276953300,38.948953369140625,308.4077424881389
1791049034286911500,38.958911376953125,309.1298484932053
1791049034296869600,38.96886962890625,308.7217603906415
1791049034306827800,38.97882788085938,308.3272746957261
1791049034316785700,38.98878564453125,308.7965857515929
1791049034326743600,38.99874365234375,308.47212208374503
1791049034336701700,39.00870166015625,308.6427039802635
1791049034346659600,39.01865966796875,308.53648323724224
1791049034356617700,39.02861767578125,307.9966273914409
1791049034366575600,39.03857568359375,308.3256000409905
1791049034376533800,39.04853369140625,309.21236149217157
1791049034386491600,39.05849169921875,308.8537542630822
1791049034396449800,39.06844970703125,309.1616099877108
1791049034406407700,39.07840771484375,308.4386122808355
1791049034416365600,39.08836547851563,308.7724194014322
1791049034426323700,39.09832373046875,308.66600557552226
1791049034436281600,39.10828149414063,309.1570523900647
1791049034446239700,39.11823974609375,308.7590665841675
1791049034456197600,39.12819775390625,308.53732291826316
1791049034466155800,39.13815576171875,308.76058904268353
1791049034476114000,39.14811401367187,308.7272314385049
1791049034486071600,39.15807153320313,308.72042657717884
1791049034496029700,39.16802978515625,308.92326956297444
1791049034505987600,39.17798754882813,308.7274337099625
1791049034515945700,39.18794580078125,309.63774166591594
1791049034525903600,39.19790356445313,309.5090964992462
1791049034535861800,39.20786181640625,310.1406855518299
1791049034545819600,39.21781958007813,309.9566982553056
1791049034555777800,39.22777783203125,310.52717842464057
1791049034565735700,39.23773559570313,310.157863180905
1791049034575693600,39.24769360351563,309.5203232214386
1791049034585652500,39.257652587890625,309.40542601925483
1791049034595609600,39.26760961914062,309.53857940046237
1791049034605568800,39.27756884765625,309.7165481530359
1791049034615526700,39.287526611328126,309.9934756113943
1791049034625484800,39.29748486328125,309.8862825038607
1791049034635442700,39.307442626953126,309.88330056488087
1791049034645400800,39.31740087890625,310.0848926510421
1791049034655358700,39.327358642578126,309.6237925605678
1791049034665316600,39.337316650390626,309.60271924276725
1791049034675274500,39.3472744140625,309.28461835975804
1791049034685232600,39.357232666015626,310.0779435655277
1791049034695190800,39.36719067382813,309.57727946021043
1791049034705148700,39.37714868164063,309.39930416608246
1791049034715106800,39.38710693359375,309.57905584660597
1791049034725064700,39.39706469726563,309.26713140029983
1791049034735022800,39.40702294921875,309.2481302717812
1791049034744980500,39.41698046875,309.8018986877446
1791049034754938600,39.42693872070313,309.4243116074598
1791049034764896500,39.436896484375,309.7635033168088
1791049034774854700,39.44685473632813,309.66849008246373
1791049034784812800,39.45681274414063,309.43684161739185
1791049034794770700,39.46677075195313,310.1130048920478
1791049034804728800,39.47672875976563,309.58653460826184
1791049034814686700,39.48668676757813,309.31968678602476
1791049034824644900,39.49664477539063,308.9799708584776
1791049034834602500,39.5066025390625,309.0176163205371
1791049034844560600,39.516560546875,309.4208645395636
1791049034854518500,39.5265185546875,309.2362307586743
1791049034864476700,39.5364765625,309.62944040934656
1791049034874434800,39.54643481445312,309.7112632472943
1791049034884392700,39.55639282226562,310.32298106562433
1791049034894350800,39.56635083007812,309.78353930041203
1791049034904308700,39.57630883789062,309.3731293034441
1791049034914266600,39.5862666015625,309.7434128207758
1791049034924224500,39.596224609375,309.34864482712925
1791049034934182700,39.6061826171875,309.6681709946685
1791049034944140800,39.61614086914062,309.6489093093567
1791049034954098700,39.6260986328125,309.7774410000004
1791049034964056800,39.63605688476562,309.7187704866817
1791049034974014700,39.6460146484375,309.65382557974306
1791049034983972900,39.65597290039062,309.5880732331055
1791049034993930500,39.66593041992188,309.0918980037231
1791049035003888600,39.675888671875,309.03884815900426
1791049035013846500,39.68584643554688,309.31727778177094
1791049035023803600,39.6958037109375,309.31727778177094
1791049035033761800,39.70576171875,309.6456671756624
1791049035043719700,39.7157197265625,309.65989818015515
1791049035053677800,39.725677734375,309.780058831569
1791049035063635700,39.7356357421875,310.3316360074852
1791049035073593600,39.745593505859375,310.14427515271393
1791049035083551700,39.7555517578125,310.58852969049923
1791049035093509600,39.765509521484375,310.0466181304237
1791049035103467800,39.7754677734375,309.67813343484124
1791049035113425700,39.78542578125,309.7135871094599
1791049035123383800,39.7953837890625,309.7135871094599
1791049035133341700,39.805341796875,309.7899955767559
1791049035143299600,39.815299560546876,309.49250958363456
1791049035153257700,39.8252578125,309.628095016833
1791049035163215600,39.835215576171876,309.88719942548875
1791049035173173800,39.845173828125,310.01379463325134
1791049035183131600,39.85513159179688,309.77346342003955
1791049035193089800,39.86508984375,309.7774339954013
1791049035203047700,39.87504760742188,309.8146134444577
1791049035213005800,39.885005859375,310.0664705947576
1791049035222963500,39.89496337890625,309.6387842844023
1791049035232921600,39.90492163085938,310.4140556184102
1791049035242879700,39.91487963867188,310.065133518485
1791049035252837600,39.92483764648438,310.1527292359114
1791049035262795800,39.93479565429688,309.7756030575867
1791049035272753700,39.94475366210938,309.8420602903687
1791049035282711800,39.9547119140625,309.4895777798192
1791049035292669700,39.96466967773438,309.4593821902354
1791049035302629000,39.974629150390626,308.9582859528684
1791049035312586000,39.9845859375,309.29392433575725
1791049035322545200,39.99454516601563,308.87075000714157
1791049035332503000,40.0045029296875,309.54336888995573
1791049035342461200,40.01446118164063,309.1955286387319
1791049035352419000,40.02441918945313,309.5764379260619
1791049035362377200,40.03437719726563,309.2875209013607
1791049035372334800,40.0443349609375,309.3339449555768
1791049035382293000,40.05429296875,309.3323961643101
1791049035392251100,40.06425122070313,309.45997920188
1791049035402209000,40.074208984375,309.27969263707206
1791049035412167200,40.08416723632813,309.47284061147917
1791049035422125000,40.094125,309.1022578705234
1791049035432083200,40.10408325195313,309.57946633828544
1791049035442041000,40.114041015625,309.26228262084584
1791049035451999000,40.1239990234375,309.4820307708364
1791049035461956900,40.133956787109376,309.43909478619884
1791049035471915000,40.1439150390625,309.2674662356175
1791049035481873200,40.153873046875,309.4008088799775
1791049035491831000,40.1638310546875,309.360287794597
1791049035501789200,40.1737890625,309.0611930481341
1791049035511747000,40.1837470703125,308.90734424585645
1791049035521705200,40.19370532226562,308.92610032348813
1791049035531663000,40.2036630859375,309.0036821142131
1791049035541621000,40.21362109375,308.81259477885413
1791049035551579000,40.22357885742188,309.20898128769187
1791049035561537000,40.233537109375,309.3179206163373
1791049035571495200,40.2434951171875,308.99274680111796
1791049035581453000,40.253453125,308.8692520301447
1791049035591411200,40.2634111328125,308.80463817914944
1791049035601369000,40.273369140625,308.8255159973488
1791049035611327200,40.2833271484375,309.08479600484947
1791049035621284900,40.29328491210938,309.07219285264813
1791049035631243000,40.30324291992188,309.8407892055403
1791049035641201000,40.31320092773438,309.24667051825315
1791049035651159000,40.32315893554688,309.7651296269022
1791049035661117200,40.3331171875,309.33107492563335
1791049035671075000,40.34307495117187,309.5390311047611
1791049035681033200,40.353033203125,309.63873088312073
1791049035690991000,40.3629912109375,309.8722191573546
1791049035700949000,40.37294897460937,309.52821378153885
1791049035710907000,40.38290698242187,310.09377588159623
1791049035720865000,40.39286499023437,309.6133372640207
1791049035730823200,40.4028232421875,309.8974060780554
1791049035740781000,40.41278100585937,309.81519534013444
1791049035750739200,40.4227392578125,310.17395325987485
1791049035760697000,40.43269702148437,309.7547388172172
1791049035770655200,40.4426552734375,310.14954647551247
1791049035780612900,40.45261279296875,309.8445625941673
1791049035790571000,40.46257104492187,310.20911463503484
1791049035800529000,40.47252880859375,309.59344571689144
1791049035810487000,40.48248706054687,310.2971873136457
1791049035820445200,40.49244506835937,309.3397818250813
1791049035830403000,40.50240307617187,310.10615758343704
1791049035840361200,40.512361328125,309.5442151295966
1791049035850319000,40.522319091796874,309.7990396124296
1791049035860277200,40.53227734375,309.671120701144
1791049035870235000,40.54223486328125,309.5381757061426
1791049035880193000,40.552193115234374,309.5687426319762
1791049035890151000,40.56215087890625,309.17290913570474
1791049035900109000,40.572109130859374,309.3033022809547
1791049035910067200,40.582067138671874,309.30848499311315
1791049035920025000,40.592025146484374,309.42384601059587
1791049035929983200,40.601983154296875,309.1933551450533
1791049035939941000,40.611941162109375,309.10850354032624
1791049035949899000,40.62189892578125,309.25555878748713
1791049035959857000,40.63185693359375,309.6675764320872
1791049035969815000,40.64181494140625,309.2884995292113
1791049035979773000,40.65177294921875,309.4990714574774
1791049035989731000,40.66173095703125,309.6386811909611
1791049035999689200,40.671689208984375,309.73125237096593
1791049036009647000,40.681647216796875,309.4426409838337
1791049036019605200,40.691605224609376,309.5778804334226
1791049036029563000,40.70156298828125,309.6666993212902
1791049036039521000,40.71152099609375,309.508089322955
1791049036049479000,40.72147900390625,309.7292322958417
1791049036059437000,40.73143701171875,309.723291946949
1791049036069395000,40.74139501953125,309.723291946949
1791049036079353000,40.75135302734375,309.8691081702507
1791049036089311200,40.761311279296876,309.949216184079
1791049036099269000,40.77126904296875,309.7003468561769
1791049036109227000,40.78122705078125,309.76970968420864
1791049036119185000,40.791184814453125,309.9875962435403
1791049036129143000,40.80114306640625,309.78791631352453
1791049036139101000,40.811100830078125,310.03683201642195
1791049036149059000,40.82105908203125,310.0966522645597
1791049036159017000,40.831016845703125,310.0394637253503
1791049036168975000,40.84097509765625,310.0586779902832
1791049036178933200,40.85093334960938,309.86249617964165
1791049036188892200,40.86089208984375,310.07726097200026
1791049036198850000,40.87085009765625,309.89098868946144
1791049036208808000,40.88080786132812,309.9272125945821
1791049036218766000,40.89076611328125,310.059328844692
1791049036228724000,40.90072387695312,310.35524788278855
1791049036238682000,40.91068212890625,310.1601878419577
1791049036248640000,40.92063989257812,309.923766244525
1791049036258598100,40.93059814453125,309.70294088202047
1791049036268556000,40.94055615234375,310.2159280333836
1791049036278514200,40.95051416015625,309.84275059622377
1791049036288472000,40.96047216796875,310.6375149707965
1791049036298430000,40.97042993164062,309.87794996846327
1791049036308388000,40.98038818359375,309.8532904769979
1791049036318346000,40.990345947265624,309.9866639544904
1791049036328304000,41.00030419921875,309.70430491634966
1791049036338262000,41.010261962890624,309.7378490103151
1791049036348220200,41.02022021484375,309.03168338220775
1791049036358177800,41.030177734375,309.45312634153817
1791049036368136000,41.040135986328124,309.20664626285793
1791049036378094000,41.050093994140624,309.2910140404231
1791049036388052000,41.060052001953125,309.4321091965621
1791049036398010000,41.070010009765625,309.2893571158829
1791049036407968000,41.079968017578125,309.3447805830369
1791049036417926100,41.089926025390625,309.34178151390677
1791049036427884000,41.099884033203125,309.4358966038215
1791049036437842200,41.10984228515625,309.4263681739804
1791049036447799800,41.1197998046875,309.2039496334163
1791049036457758000,41.129758056640625,309.35147536960136
1791049036467716000,41.139716064453125,309.5897326320481
1791049036477674000,41.149674072265626,309.0841130047301
1791049036487632100,41.159632080078126,309.55797449031854
1791049036497590000,41.169590087890626,309.93984038680713
1791049036507548200,41.179548095703126,309.9277025016158
1791049036517506000,41.189506103515626,310.49334169202234
1791049036527464000,41.1994638671875,310.09730505574754
1791049036537421800,41.209421875,310.613223488339
1791049036547380000,41.2193798828125,310.42028176941295
1791049036557338000,41.22933813476563,310.1929447905757
1791049036567296000,41.2392958984375,310.1833671958917
1791049036577254100,41.24925415039063,310.0139479945177
1791049036587212000,41.2592119140625,310.4350961095626
1791049036597170200,41.26917016601563,310.2112373911398
1791049036607127800,41.2791279296875,310.53533121546957
1791049036617086000,41.2890859375,310.23776323449056
1791049036627043800,41.2990439453125,310.44577186246426
1791049036637002000,41.309001953125,310.4177998388925
1791049036646960000,41.31896020507813,310.4598139460265
1791049036656918000,41.32891796875,310.4869520074843
1791049036666876200,41.33887622070313,310.4750892859358
1791049036676834000,41.348833984375,310.24867548213456
1791049036686792200,41.35879223632813,310.2779014863034
1791049036696749800,41.368749755859376,309.80055319208816
1791049036706708000,41.3787080078125,310.4773896679216
1791049036716665900,41.388665771484376,310.14900876935553
1791049036726624000,41.3986240234375,310.6002521630602
1791049036736582100,41.40858203125,310.3036746858198
1791049036746540000,41.4185400390625,309.71844071994724
1791049036756498200,41.42849829101562,310.1231425537954
1791049036766456000,41.4384560546875,309.7147744400697
1791049036776415200,41.448415283203126,309.7102270293997
1791049036786371800,41.45837182617188,309.7724992347578
1791049036796331000,41.4683310546875,309.71160006419325
1791049036806289000,41.478288818359374,309.783182112334
1791049036816247000,41.4882470703125,310.0558546266309
1791049036826205000,41.498204833984374,310.26203848686725
1791049036836163000,41.5081630859375,309.9423134504031
1791049036846121000,41.518120849609375,309.8265992181147
1791049036856079000,41.5280791015625,309.8808138504781
1791049036866037200,41.53803735351563,309.58914887630266
1791049036875995000,41.547994873046875,310.23759017336835
1791049036885953000,41.557953125,310.0070384513889
1791049036895911000,41.567910888671875,310.10542541651483
1791049036905869000,41.577869140625,310.16934834560163
1791049036915827000,41.587826904296875,309.7328936454263
1791049036925785000,41.59778515625,309.51908181826406
1791049036935743000,41.607742919921876,309.8933042830633
1791049036945701000,41.617701171875,310.06736826567885
1791049036955659000,41.627658935546876,310.058436338454
1791049036965617000,41.637616943359376,310.3555520190862
1791049036975575000,41.647574951171876,310.2146742806439
1791049036985533000,41.657532958984376,310.5395356197789
1791049036995491000,41.667490966796876,310.2753681056618
1791049037005449000,41.677448974609376,310.31260232990235
1791049037015407000,41.68740698242188,310.52662371629356
1791049037025365000,41.69736499023438,310.7103111366321
1791049037035323000,41.70732299804688,310.575215809475
1791049037045281000,41.71728100585938,310.76962069624517
1791049037055239000,41.72723901367188,310.59883954804786
1791049037065197000,41.73719702148438,311.42574508730644
1791049037075155000,41.74715502929688,310.62225076755954
1791049037085113000,41.75711303710938,310.01630237213584
1791049037095071000,41.76707104492188,309.9565309593463
1791049037105029000,41.77702905273438,310.0539493834254
1791049037114987000,41.78698706054688,310.1587115171754
1791049037124945000,41.79694482421875,310.100963814127
1791049037134903000,41.80690307617188,310.29127263279395
1791049037144861000,41.81686083984375,310.08143035535306
1791049037154819000,41.82681909179688,310.19211502220264
1791049037164777000,41.83677685546875,310.2717941690972
1791049037174735000,41.84673510742188,310.0098175432818
1791049037184693000,41.85669287109375,309.96826417294784
1791049037194651100,41.86665112304688,310.11219412571825
1791049037204609000,41.87660913085937,310.015328498777
1791049037214567000,41.88656689453125,310.43707171649334
1791049037224525000,41.89652514648437,309.8377149523458
1791049037234483000,41.90648291015625,309.7481245484851
1791049037244441000,41.91644116210937,309.4490006701172
1791049037254399000,41.92639892578125,309.4067397847148
1791049037264357000,41.93635717773437,309.446338197952
1791049037274315000,41.94631494140625,309.30346126144855
1791049037284273000,41.95627294921875,309.6379539709514
1791049037294232000,41.966232177734376,309.39276775293735
1791049037304190000,41.97618994140625,309.51932285479825
1791049037314147800,41.98614794921875,309.6792666961333
1791049037324106000,41.99610595703125,309.90718428913476
1791049037334064000,42.00606420898438,310.00330527422324
1791049037344022000,42.01602197265625,310.7188458047064
1791049037353980000,42.02597998046875,310.5029799726137
1791049037363937800,42.035937744140625,310.0355732328414
1791049037373896000,42.04589599609375,310.1037022651346
1791049037383853800,42.055853759765625,310.2214640660549
1791049037393812000,42.06581201171875,309.7931442337654
1791049037403769900,42.075769775390626,309.79154685556233
1791049037413728000,42.08572802734375,309.73904531137384
1791049037423686100,42.09568603515625,309.6372539925058
1791049037433643800,42.105643798828126,309.9075058034521
1791049037443602000,42.115601806640626,309.69292259791604
1791049037453559800,42.125559814453126,310.2639867467273
1791049037463518000,42.13551806640625,310.0087721025125
1791049037473475800,42.14547583007813,310.6078055100135
1791049037483434000,42.15543408203125,309.9801548884037
1791049037493392000,42.16539184570313,309.54968306040564
1791049037503350000,42.17535009765625,309.89455118547073
1791049037513308200,42.18530810546875,309.8564239635514
1791049037523265800,42.19526586914063,309.76547072312314
1791049037533224000,42.20522387695313,309.9681325863654
1791049037543181800,42.21518188476563,309.8609396407783
1791049037553140000,42.22513989257813,310.14430803734075
1791049037563097900,42.23509790039063,310.46321760595487
1791049037573056000,42.24505590820313,309.78315646008133
1791049037583014000,42.25501391601563,310.58832769260465
1791049037592972000,42.26497192382813,309.86792396984094
1791049037602930000,42.27492993164063,309.90465183681584
1791049037612887800,42.2848876953125,310.07538882896904
1791049037622846000,42.29484594726563,309.99228019520956
1791049037632803800,42.30480395507813,310.3932689146508
1791049037642762000,42.31476196289063,310.01281354339403
1791049037652719900,42.32471997070313,310.16747157554664
1791049037662678000,42.33467797851562,310.33809303846897
1791049037672636200,42.34463623046875,310.3509056997856
1791049037682593800,42.35459375,310.1796038290326
1791049037692552000,42.36455200195312,310.6239591099107
1791049037702509800,42.374509765625,310.2292784961952
1791049037712468000,42.38446801757812,310.04602559412666
1791049037722425900,42.39442578125,310.09552469177993
1791049037732384000,42.40438403320312,310.39581384993846
1791049037742342000,42.414341796875,310.3745321902993
1791049037752301000,42.424301025390626,310.1792349293406
1791049037762259000,42.434259033203126,309.9803486198172
1791049037772217000,42.44421704101563,309.75021286108165
1791049037782174700,42.4541748046875,309.9133997018501
1791049037792132900,42.4641328125,309.7526353149236
1791049037802091000,42.47409106445313,310.4582747169309
1791049037812049000,42.484048828125,309.9237156348544
1791049037822007000,42.49400708007813,309.6554438089878
1791049037831965000,42.50396484375,309.86371340714237
1791049037841923000,42.51392309570313,309.37483315727
1791049037851881000,42.523880859375,309.5328515255498
1791049037861838800,42.5338388671875,309.6517668009305
1791049037871796700,42.543796630859376,309.7883106707126
1791049037881755000,42.5537548828125,309.6234664274061
1791049037891713000,42.56371313476563,309.6612830304759
1791049037901671000,42.5736708984375,309.33595400307513
1791049037911629000,42.58362915039063,309.9943971127815
1791049037921587000,42.5935869140625,309.6675210729092
1791049037931545000,42.60354516601563,309.2068062518381
1791049037941503000,42.6135029296875,309.31441035138585
1791049037951460900,42.6234609375,309.5060802878528
1791049037961418800,42.63341870117188,309.57571927705015
1791049037971377000,42.643376953125,309.5246241087683
1791049037981335000,42.6533349609375,309.688730849144
1791049037991293000,42.66329296875,309.8947606099232
1791049038001251000,42.6732509765625,310.4517239622101
1791049038011209000,42.683208984375,309.8808617099854
1791049038021167000,42.6931669921875,310.64821187383666
1791049038031124700,42.70312475585938,309.99887003446537
1791049038041083000,42.71308276367188,309.8906168684374
1791049038051040800,42.72304077148438,309.7532566478517
1791049038060999000,42.7329990234375,310.03578102037665
1791049038070957000,42.74295703125,309.9865022391387
1791049038080915000,42.7529150390625,309.8727661595452
1791049038090873000,42.762873046875,310.0144799491883
1791049038100831000,42.7728310546875,310.1702893362435
1791049038110788900,42.78278881835938,310.4517370685015
1791049038120746800,42.79274682617187,310.0169934170642
1791049038130705000,42.80270483398437,309.7678726076294
1791049038140662800,42.81266284179687,309.5099135624349
1791049038150621000,42.82262084960937,309.266343942422
1791049038160579000,42.8325791015625,309.2445686075801
1791049038170537000,42.84253686523437,309.10442867115995
1791049038180495000,42.8524951171875,308.8489920351982
1791049038190453000,42.86245288085937,308.8314713189888
1791049038200412200,42.872412109375,309.9049169305546
1791049038210369800,42.882369873046876,309.48021101467407
1791049038220328000,42.892327880859376,308.837287385905
1791049038230285800,42.90228588867188,309.11128562091636
1791049038240244000,42.91224389648438,308.81733905123104
1791049038250201900,42.92220190429688,309.025191371578
1791049038260160000,42.93215991210938,308.6768227289663
1791049038270118000,42.94211791992188,308.71835380644245
1791049038280076000,42.95207592773438,309.0132407426233
1791049038290034000,42.96203393554688,309.4339288904133
1791049038299992300,42.97199243164062,309.2874377343286
1791049038309950500,42.98195043945312,309.76733722909603
1791049038319908400,42.99190844726562,309.28581477734264
1791049038329866500,43.00186645507812,308.90985623100863
1791049038339824400,43.01182446289062,308.6670014910585
1791049038349782500,43.02178247070312,309.0362193211365
1791049038359740400,43.03174047851562,309.05944457715475
1791049038369698300,43.0416982421875,309.07128724469396
1791049038379656200,43.05165625,309.3902528642716
1791049038389614300,43.0616142578125,309.5352776128945
1791049038399572500,43.07157250976562,310.3671413608363
1791049038409530400,43.0815302734375,309.9192565590938
1791049038419488500,43.09148852539062,309.41583711265446
1791049038429446400,43.1014462890625,308.8498034778084
1791049038439404500,43.111404541015624,308.8498034778084
1791049038449362200,43.12136206054687,308.95629835196064
1791049038459320300,43.1313203125,308.95629835196064
1791049038469278200,43.1412783203125,308.95629835196064
1791049038479236400,43.151236328125,308.99722857945454
1791049038489194500,43.161194580078124,309.08800893660634
1791049038499152400,43.17115234375,309.2262242445148
1791049038509110500,43.181110595703124,309.2262242445148
1791049038519068400,43.191068359375,313.72824106970256
1791049038529026600,43.201026611328125,314.893762805698
1791049038538984200,43.21098413085937,315.3115105407615
1791049038548942300,43.2209423828125,315.4524829055827
1791049038558900500,43.230900390625,315.2347984252881
1791049038568858400,43.2408583984375,315.0599216997325
1791049038578816500,43.25081640625,314.77272565292196
1791049038588774400,43.2607744140625,314.26497206642307
1791049038598732500,43.270732666015626,314.26472976045494
1791049038608690400,43.2806904296875,314.5227803549012
1791049038618648300,43.2906484375,314.7583501814055
1791049038628606200,43.300606201171874,314.7583501814055
1791049038638565400,43.3105654296875,314.95138655658735
1791049038648523300,43.32052319335938,315.03758263265024
1791049038658481400,43.3304814453125,314.9787799711685
1791049038668439300,43.34043920898438,314.84336731932603
1791049038678397400,43.3503974609375,314.8137841622675
1791049038688355300,43.36035522460938,314.9680313669421
1791049038698313500,43.3703134765625,314.937355820256
1791049038708271600,43.38027172851562,314.950414361381
1791049038718229200,43.39022924804687,314.76975638192675
1791049038728187400,43.4001875,314.7985591139829
1791049038738145300,43.41014526367187,314.7988124239948
1791049038748103400,43.420103515625,314.49745626876967
1791049038758061300,43.43006127929687,314.24639932942216
1791049038768019500,43.44001953125,314.18378200349656
1791049038777977300,43.44997729492187,314.1520162842261
1791049038787935500,43.459935546875,314.13958242074705
1791049038797893400,43.46989331054687,314.31178055193476
1791049038807851300,43.47985131835937,314.36051746585093
1791049038817809400,43.48980932617187,314.25445634303867
1791049038827767300,43.49976733398437,314.2676030440103
1791049038837725400,43.50972534179687,314.08726616784736
1791049038847683300,43.51968334960937,314.04455690161524
1791049038857641500,43.52964135742187,314.04455690161524
1791049038867599400,43.53959936523437,314.03326400917865
1791049038877557200,43.54955712890625,314.03326400917865
1791049038887515400,43.559515380859374,314.03326400917865
1791049038897473300,43.569473388671874,314.03326400917865
1791049038907431400,43.579431396484374,313.83397463918226
1791049038917389300,43.589389404296874,313.71343598281925
1791049038927347500,43.599347412109374,313.5068158096614
1791049038937305300,43.609305419921874,313.68146013859587
1791049038947263500,43.619263427734374,313.6752961583842
1791049038957221600,43.6292216796875,314.12047469620916
1791049038967179300,43.63917919921875,314.4016129009356
1791049038977137400,43.649137451171875,314.6841105002007
1791049038987095300,43.65909521484375,314.7918518422883
1791049038997053400,43.669053466796875,315.1484764297301
1791049039007011300,43.67901123046875,314.7652503969318
1791049039016969500,43.688969482421875,314.3591609019664
1791049039026927400,43.69892724609375,314.3728115477113
1791049039036885500,43.708885498046875,314.58112710458335
1791049039046843400,43.718843505859375,314.9532613235408
1791049039056801300,43.72880126953125,314.500665696479
1791049039066760200,43.73876025390625,314.40473419734144
1791049039076718300,43.74871826171875,314.1639705229897
1791049039086676500,43.75867651367187,314.4641872489927
1791049039096634400,43.76863427734375,314.0041391486299
1791049039106592500,43.77859252929687,314.8669736224192
1791049039116550400,43.78855029296875,314.5790399234767
1791049039126508500,43.79850854492187,315.08163183581865
1791049039136466400,43.80846655273437,314.93611100802923
1791049039146424300,43.81842431640625,314.3707462683898
1791049039156382200,43.82838232421875,314.4132030845795
1791049039166340400,43.83834033203125,314.5946127195085
1791049039176298500,43.84829858398437,314.76429782519574
1791049039186256400,43.85825634765625,314.8491886934189
1791049039196214500,43.868214599609374,314.4689186585871
1791049039206172400,43.87817236328125,314.5683583207531
1791049039216130600,43.888130615234374,314.4893717563778
1791049039226088200,43.89808813476562,314.4743636103106
1791049039236046300,43.90804638671875,314.90004009192063
1791049039246004200,43.91800415039062,314.6017384270578
1791049039255962400,43.92796240234375,314.94224775617727
1791049039265920500,43.93792041015625,314.7963429386226
1791049039275878400,43.94787841796875,314.54613973744176
1791049039285836500,43.95783642578125,315.03113622394363
1791049039295794400,43.96779443359375,314.77416938480866
1791049039305752000,43.977751953125,314.99443010508764
1791049039315710000,43.9877099609375,314.93644019873807
1791049039325668000,43.99766821289062,314.8029269121136
1791049039335626200,44.00762622070312,314.7121438752486
1791049039345584000,44.017584228515624,315.16056961146995
1791049039355542000,44.0275419921875,314.90380729746056
1791049039365500000,44.0375,314.896022121984
1791049039375458000,44.0474580078125,314.4422231755367
1791049039385416000,44.057416015625,314.25963317598143
1791049039395374000,44.0673740234375,314.440777395646
1791049039405332000,44.07733203125,314.330496700204
1791049039415290000,44.0872900390625,314.5791635113136
1791049039425248300,44.097248291015624,314.37184784811615
1791049039435206100,44.1072060546875,314.4119824811078
1791049039445164000,44.1171640625,314.4138630962678
1791049039455123000,44.127123046875,315.0309627675936
1791049039465081000,44.1370810546875,314.52787389522325
1791049039475039000,44.1470390625,314.8129117363667
1791049039484997000,44.1569970703125,314.4003798546888
1791049039494955000,44.166955078125,314.3613377340962
1791049039504913200,44.1769130859375,314.3881012525884
1791049039514871000,44.18687109375,314.67951966059474
1791049039524829200,44.1968291015625,314.7793249633047
1791049039534787000,44.206787109375,315.05509107691796
1791049039544745000,44.21674487304688,315.0321222343619
1791049039554703000,44.226703125,315.22209314728065
1791049039564661000,44.23666088867188,315.5418724353388
1791049039574619100,44.246619140625,314.96675502602136
1791049039584577000,44.25657690429688,315.5451951396764
1791049039594535200,44.26653515625,314.9702314349596
1791049039604493000,44.2764931640625,315.1855694887639
1791049039614451200,44.286451171875,315.13618853337107
1791049039624409000,44.2964091796875,314.9337345258279
1791049039634367000,44.30636694335937,315.28724220492904
1791049039644325000,44.3163251953125,314.8299909326546
1791049039654283000,44.32628295898437,314.73177162822844
1791049039664241200,44.3362412109375,314.99076409421065
1791049039674199000,44.34619897460937,315.34292480774434
1791049039684157200,44.3561572265625,315.1925761647271
1791049039694115000,44.36611499023437,315.0357053570025
1791049039704073000,44.37607299804687,314.9245481005316
1791049039714031000,44.38603100585937,314.9281507948558
1791049039723989000,44.39598901367187,314.70726810924475
1791049039733947100,44.40594702148437,314.7452324903417
1791049039743905000,44.41590502929687,314.6280403298127
1791049039753863200,44.42586328125,314.99838429470356
1791049039763821000,44.43582104492187,315.1849369000249
1791049039773779200,44.445779296875,314.63812568262273
1791049039783736800,44.45573681640625,315.0015477803884
1791049039793695000,44.46569506835937,314.70546051636546
1791049039803653000,44.475653076171874,315.20049652986245
1791049039813611000,44.485611083984374,314.9247688519249
1791049039823569200,44.495569091796874,315.0297054182286
1791049039833528000,44.50552807617188,314.63701416173745
1791049039843486000,44.51548583984375,314.9580995108587
1791049039853444000,44.52544409179688,315.11290464509005
1791049039863402200,44.53540234375,315.12874242285636
1791049039873360100,44.54536010742188,314.9930190199734
1791049039883318000,44.55531811523438,315.1434149710208
1791049039893276000,44.56527587890625,315.1003677356115
1791049039903234000,44.57523413085938,315.60244268209345
1791049039913192000,44.58519189453125,315.4139578640998
1791049039923150000,44.59515014648437,315.31534347434865
1791049039933108000,44.60510791015625,316.0403581609644
1791049039943066000,44.61506616210937,315.4570944757645
1791049039953024300,44.62502416992187,315.07043463530886
1791049039962982100,44.63498217773437,314.87092784783766
1791049039972940000,44.64493994140625,315.1908413938687
1791049039982898000,44.65489794921875,315.05662668448275
1791049039992856000,44.66485595703125,314.92344833514477
1791049040002814000,44.67481396484375,315.74158094975996
1791049040012772000,44.68477221679687,315.11560630872356
1791049040022730200,44.69473022460937,315.134578247087
1791049040032688000,44.70468823242187,315.11238890360835
1791049040042646300,44.71464624023437,315.18971128848364
1791049040052604000,44.72460400390625,315.2702070390805
1791049040062562000,44.73456201171875,315.0877038881605
1791049040072520000,44.74452001953125,314.93759252541275
1791049040082478000,44.75447802734375,314.60586116534313
1791049040092436000,44.76443603515625,314.6144297069343
1791049040102394000,44.77439404296875,314.89647083003143
1791049040112352300,44.784352294921874,314.5434285226987
1791049040122310100,44.79431005859375,314.6948737784164
1791049040132268000,44.80426806640625,315.1858609546552
1791049040142226000,44.81422583007812,315.2955052479485
1791049040152184000,44.82418408203125,315.3740558100023
1791049040162142000,44.83414184570312,316.2298919989942
1791049040172100000,44.84410009765625,315.67959469538835
1791049040182058000,44.85405810546875,315.41712738064115
1791049040192017200,44.86401708984375,315.3440886314553
1791049040201975000,44.87397509765625,315.6934171720961
1791049040211933200,44.88393310546875,315.31143195535407
1791049040221891000,44.89389111328125,315.2835731235729
1791049040231849000,44.90384887695313,315.2170035581044
1791049040241807000,44.91380712890625,315.35774738717635
1791049040251765000,44.92376489257813,315.4077369511005
1791049040261723100,44.93372314453125,315.26694970989274
1791049040271681000,44.94368090820313,315.4961960274196
1791049040281639200,44.95363916015625,315.2817049326767
1791049040291597000,44.96359716796875,314.74337092203956
1791049040301555200,44.97355517578125,315.4861134713581
1791049040311512800,44.98351293945313,314.99097557878827
1791049040321471000,44.99347094726563,314.67671367636865
1791049040331429000,45.00342919921875,314.68601280525115
1791049040341387000,45.01338696289063,314.568035665141
1791049040351345200,45.02334521484375,314.75736658803277
1791049040361303000,45.03330297851563,314.7880009182506
1791049040371261200,45.04326123046875,314.4064312225791
1791049040381218800,45.05321875,314.4723379856678
1791049040391177000,45.06317700195312,314.7211333669257
1791049040401134800,45.073134765625,314.93003924115345
1791049040411093000,45.08309301757812,314.63616101961503
1791049040421051100,45.09305102539062,314.5728559282871
1791049040431009000,45.10300903320312,315.0168423454452
1791049040440967200,45.11296728515625,314.9828269047308
1791049040450925000,45.12292504882812,314.76908734225674
1791049040460883000,45.13288305664062,314.90335458753066
1791049040470840800,45.1428408203125,314.2835628355184
1791049040480799000,45.15279907226562,314.5054863998537
1791049040490756900,45.1627568359375,314.761366959262
1791049040500715000,45.17271508789062,314.98767693743196
1791049040510673200,45.18267309570312,314.8711921277453
1791049040520631000,45.19263110351562,314.8049818654738
1791049040530589200,45.20258911132812,314.6331446839696
1791049040540547000,45.21254711914062,314.6925259582169
1791049040550505000,45.2225048828125,314.899491552495
1791049040560462800,45.232462890625,314.72789044488997
1791049040570422000,45.24242211914063,314.34978971906986
1791049040580380000,45.2523798828125,314.87843543883724
1791049040590338000,45.26233813476563,314.87843543883724
1791049040600296000,45.2722958984375,314.79147982391265
1791049040610254000,45.28225415039063,314.8794445614433
1791049040620212000,45.2922119140625,314.63396786012015
1791049040630170000,45.30217016601563,315.00890670314885
1791049040640128300,45.31212817382813,315.00890670314885
1791049040650086000,45.3220859375,314.62522076892174
1791049040660044000,45.3320439453125,314.43194097029567
1791049040670002000,45.342001953125,314.26167264350966
1791049040679960000,45.3519599609375,314.26167264350966
1791049040689918000,45.36191796875,314.62350696926546
1791049040699876000,45.3718759765625,314.43206276870507
1791049040709834000,45.381833984375,314.25459717247566
1791049040719792000,45.39179223632812,314.2228390897812
1791049040729750000,45.40175,314.5809979992601
1791049040739708000,45.4117080078125,314.6499622708709
1791049040749666000,45.421666015625,314.90038267845136
1791049040759624000,45.4316240234375,314.6274284719367
1791049040769582000,45.44158203125,314.8405850101317
1791049040779540000,45.4515400390625,314.6578131455467
1791049040789498000,45.461498046875,315.240409865685
1791049040799456000,45.4714560546875,315.2077275066242
1791049040809414000,45.48141381835938,315.4274210050971
1791049040819372000,45.4913720703125,315.87774313444413
1791049040829330000,45.50132983398437,315.3051923659281
1791049040839288000,45.5112880859375,315.2853169744909
1791049040849246000,45.52124584960937,315.19342304010274
1791049040859204000,45.5312041015625,315.2257641987165
1791049040869162000,45.54116186523437,315.0990919969167
1791049040879120100,45.5511201171875,315.0027543976591
1791049040889078000,45.561078125,314.8533537722687
1791049040899036000,45.57103588867187,314.54688891559783
1791049040908994000,45.580994140625,314.6889656852269
1791049040918952000,45.59095190429687,314.64139152294575
1791049040928910000,45.60091015625,314.9220419423399
1791049040938868000,45.61086791992187,314.85927197295797
1791049040948827100,45.6208271484375,314.5968505245044
1791049040958785000,45.63078491210938,314.6193429840415
1791049040968743200,45.6407431640625,314.5400229874308
1791049040978701000,45.650701171875,315.097942122513
1791049040988659000,45.66065893554688,314.6214070510532
1791049040998616800,45.67061694335938,314.6528171968666
1791049041008575000,45.68057495117188,314.9312502542634
1791049041018532900,45.69053295898438,314.7889431814418
1791049041028491000,45.70049096679688,314.9402347520303
1791049041038449200,45.71044921875,314.87112611183164
1791049041048407000,45.72040698242188,314.95354339275895
1791049041058365200,45.730365234375,315.52184780577386
1791049041068323000,45.74032299804688,315.2503157319638
1791049041078281000,45.75028100585938,315.12814819755334
1791049041088238800,45.76023876953125,315.10737212499544
1791049041098197000,45.77019702148438,315.5142669172166
1791049041108155100,45.78015502929688,315.00649463485405
1791049041118113000,45.79011303710938,315.3247168583362
1791049041128071200,45.8000712890625,315.5409773024566
1791049041138029000,45.81002905273437,315.3618317382737
1791049041147987200,45.8199873046875,315.6758173196468
1791049041157946000,45.829946044921876,315.09413987715925
1791049041167904000,45.839904052734376,314.8262266557657
1791049041177862000,45.84986181640625,315.1642971796012
1791049041187820000,45.859820068359376,314.775690536415
1791049041197778000,45.86977783203125,315.2135015432816
1791049041207736000,45.879736083984376,315.28608316021615
1791049041217694000,45.88969384765625,315.34762022269194
1791049041227652000,45.899652099609376,315.380604204664
1791049041237610000,45.90960986328125,315.2161417229621
1791049041247568100,45.91956811523438,315.36286560843234
1791049041257526000,45.92952612304688,315.3913675712556
1791049041267484000,45.93948388671875,315.2224175732214
1791049041277442000,45.94944213867188,315.0502446663932
1791049041287400000,45.95939990234375,314.65257990419065
1791049041297358000,45.96935815429688,314.8372500049458
1791049041307315700,45.979315673828125,314.73489081381064
1791049041317273900,45.98927392578125,314.9605037190262
1791049041327232000,45.99923193359375,315.4177234955179
1791049041337190000,46.00918994140625,315.41413362120625
1791049041347147800,46.019147705078126,315.3600700166473
1791049041357105700,46.029105712890626,315.1268226871892
1791049041367063800,46.039063720703126,315.81821098916987
1791049041377021700,46.049021728515626,315.96419028064014
1791049041386979800,46.058979736328126,315.8643268329501
1791049041396937700,46.06893774414063,315.5755871810582
1791049041406895900,46.07889575195313,315.5755871810582
1791049041416854000,46.08885400390625,315.47269152324753
1791049041426811600,46.09881176757813,315.52621679960663
1791049041436769800,46.10876977539063,315.5431150645703
1791049041446727700,46.11872778320313,315.68398962762984
1791049041456685800,46.12868579101563,315.7098677205452
1791049041466643700,46.13864379882813,315.62563475861725
1791049041476601900,46.14860180664063,316.0988016886628
1791049041486559700,46.15855981445313,315.62709021526484
1791049041496518000,46.16851782226563,315.0932518855085
1791049041506476000,46.17847607421875,315.06957264782267
1791049041516433700,46.18843359375,315.02211802971436
1791049041526391800,46.19839184570313,315.08373244989275
1791049041536349700,46.208349609375,315.0075956649314
1791049041546307800,46.21830786132813,314.9478438935699
1791049041556265700,46.228265625,315.0682531444935
1791049041566224000,46.23822387695313,314.7227933801124
1791049041576182800,46.248182861328125,315.181821863216
1791049041586141000,46.258140869140625,315.1102505394027
1791049041596098800,46.268098876953125,314.92863690094396
1791049041606057000,46.278056884765626,314.81177725989124
1791049041616014600,46.2880146484375,315.05324543063006
1791049041625972700,46.29797265625,315.55932891936106
1791049041635931000,46.307930908203126,315.722536900835
1791049041645888800,46.317888671875,315.45058720452977
1791049041655847000,46.327846923828126,315.52458940706754
1791049041665804800,46.3378046875,315.4360759962464
1791049041675763000,46.347762939453126,315.6557272014207
1791049041685720800,46.357720947265626,316.143574693244
1791049041695678700,46.3676787109375,315.7879880041964
1791049041705636900,46.37763696289063,315.78354105063767
1791049041715594800,46.3875947265625,315.70181130116254
1791049041725553000,46.39755297851563,315.49594694462064
1791049041735510800,46.4075107421875,315.7852212379178
1791049041745469000,46.41746899414063,315.44990116100644
1791049041755426800,46.4274267578125,315.79835722191734
1791049041765385000,46.43738500976563,315.61552833132515
1791049041775342600,46.447342529296876,315.29738434862173
1791049041785300700,46.45730078125,315.58260920129214
1791049041795259000,46.4672587890625,315.3608069669928
1791049041805216800,46.477216796875,316.1422057015611
1791049041815175000,46.4871748046875,315.95023615947207
1791049041825132800,46.4971328125,315.29042534907563
1791049041835091000,46.50709106445313,315.8355426945113
1791049041845048800,46.517048828125,315.52461969270973
1791049041855006700,46.5270068359375,315.71559684931333
1791049041864964600,46.53696459960938,315.39423920916687
1791049041874922800,46.5469228515625,315.22755886598657
1791049041884881000,46.556880859375,315.5215401122287
1791049041894838800,46.5668388671875,315.3945237416285
1791049041904797000,46.576796875,316.0920295858567
1791049041914754800,46.5867548828125,315.37590221870363
1791049041924713000,46.596712890625,315.36599901446675
1791049041934670800,46.6066708984375,316.0859658436051
1791049041944628700,46.61662866210938,315.9798713201035
1791049041954586600,46.62658666992188,315.9815608049732
1791049041964544800,46.63654467773438,315.8156115654285
1791049041974503000,46.6465029296875,315.7711814897789
1791049041984460800,46.65646069335938,316.2145683661793
1791049041994419000,46.6664189453125,315.53780937278424
1791049042004376800,46.676376953125,316.4926967781008
1791049042014335000,46.6863349609375,315.63738256817635
1791049042024292600,46.69629272460938,315.3506013214501
1791049042034250800,46.70625073242188,315.44699209404223
1791049042044209700,46.716209716796875,315.6061064426117
1791049042054167800,46.726167724609375,315.676681444435
1791049042064125700,46.736125732421876,315.5567760961109
1791049042074083800,46.746083740234376,315.3722379708541
1791049042084041700,46.756041748046876,319.21162002838
1791049042093999900,46.765999755859376,320.56002722642364
1791049042103958000,46.7759580078125,320.6613659363666
1791049042113916000,46.785916015625,319.6369058476122
1791049042123873800,46.795873779296876,319.06349360347156
1791049042133831700,46.805831787109376,318.78891376361616
1791049042143789800,46.815789794921876,318.5807800704546
1791049042153747700,46.82574780273438,318.4326096381176
1791049042163705900,46.83570581054688,318.2591011512465
1791049042173663700,46.84566381835938,318.7298040367431
1791049042183622000,46.85562182617188,318.44418519888063
1791049042193580000,46.865580078125,318.2469839463628
1791049042203537700,46.87553759765625,318.05869363975364
1791049042213495800,46.88549584960938,318.0651311180059
1791049042223453700,46.89545361328125,318.103186793966
1791049042233411800,46.90541186523438,318.3414311204152
1791049042243369700,46.91536962890625,318.64960982477066
1791049042253328000,46.92532788085938,318.6356225783144
1791049042263285800,46.93528564453125,318.81934441588356
1791049042273244000,46.94524389648438,318.9309232988794
1791049042283201800,46.95520190429688,318.9050520161471
1791049042293159700,46.96515966796875,318.8051206298522
1791049042303117800,46.97511791992188,318.6368553124456
1791049042313075700,46.98507568359375,319.1770989198378
1791049042323033900,46.99503393554688,318.95876640695525
1791049042332991700,47.00499169921875,319.1920637943716
1791049042342950000,47.01494995117187,318.74901299321857
1791049042352907800,47.02490771484375,318.81137695066604
1791049042362866000,47.03486596679687,318.489369818859
1791049042372823800,47.04482373046875,318.56281835932856
1791049042382781700,47.05478173828125,318.63813361683947
1791049042392739800,47.06473974609375,318.7600644718018
1791049042402697700,47.07469775390625,318.6067404538064
1791049042412655900,47.08465576171875,318.58045473419804
1791049042422613800,47.09461376953125,318.28323833103764
1791049042432572000,47.10457202148437,318.36163712307996
1791049042442529800,47.11452978515625,318.4090872956648
1791049042452487700,47.12448779296875,318.4456142894468
1791049042462445800,47.13444580078125,318.4822301271447
1791049042472403700,47.14440380859375,318.51085696144185
1791049042482361900,47.15436181640625,318.6393200782437
1791049042492319700,47.16431982421875,318.2526638207436
1791049042502278000,47.17427783203125,318.3107031788758
1791049042512235800,47.18423583984375,318.286531857116
1791049042522194000,47.19419384765625,319.3921916148796
1791049042532151800,47.20415185546875,319.1105934733248
1791049042542109700,47.21410961914062,318.8002342996488
1791049042552068600,47.224068603515626,319.0445325942857
1791049042562026800,47.23402685546875,318.42196882477225
1791049042571984600,47.243984619140626,318.6632690975951
1791049042581942800,47.25394287109375,318.89577826452467
1791049042591901000,47.26390087890625,319.4385182949495
1791049042601858800,47.27385888671875,319.1736424178613
1791049042611817000,47.28381689453125,318.8928385350977
1791049042621774800,47.29377490234375,318.8285649625214
1791049042631732700,47.30373266601563,318.7576508611097
1791049042641690600,47.31369067382813,318.67959968191605
1791049042651648800,47.32364868164063,318.638044399554
1791049042661607000,47.33360693359375,318.78863427715106
1791049042671564800,47.34356469726563,318.58229908583786
1791049042681523000,47.35352294921875,318.66916735712414
1791049042691480800,47.36348071289063,318.54838427178146
1791049042701439000,47.37343896484375,318.36262208672207
1791049042711396600,47.38339672851563,318.222816222992
1791049042721354800,47.39335473632813,318.0728636069948
1791049042731312600,47.40331274414063,318.4113050135527
1791049042741270800,47.41327075195313,318.7480892048096
1791049042751229000,47.42322900390625,319.25141865610203
1791049042761186800,47.43318676757813,318.78860433868897
1791049042771145000,47.44314501953125,317.8669098471012
1791049042781102800,47.45310278320313,317.89130156060276
1791049042791061000,47.46306103515625,317.65178191440685
1791049042801018600,47.4730185546875,318.00898179941447
1791049042810976800,47.48297680664062,318.1108057949831
1791049042820934700,47.4929345703125,318.1850155706679
1791049042830892800,47.50289282226562,318.68247541210377
1791049042840851000,47.51285083007812,319.3095524679859
1791049042850808800,47.52280883789062,318.85082771051157
1791049042860767000,47.53276708984375,318.18467707327835
1791049042870724900,47.54272485351562,318.45945580941196
1791049042880682800,47.55268286132812,318.7640452558708
1791049042890640600,47.562640625,319.17904908833515
1791049042900598800,47.57259887695312,319.04360701963094
1791049042910556700,47.582556640625,319.0711448842946
1791049042920514800,47.59251489257812,319.4671445463189
1791049042930473000,47.60247290039062,319.32447794956386
1791049042940430800,47.61243090820312,319.3427872851854
1791049042950389000,47.62238891601562,319.5023840492095
1791049042960346600,47.6323466796875,319.4649528809953
1791049042970304800,47.6423046875,319.1881632014659
1791049042980262700,47.6522626953125,318.692368416636
1791049042990220800,47.662220703125,318.6807553232973
1791049043000178700,47.6721787109375,319.0018727030596
1791049043010136800,47.68213671875,318.47323871189144
1791049043020095000,47.692094970703124,318.97075610336697
1791049043030052900,47.702052978515624,318.8605408263162
1791049043040011000,47.712010986328124,318.58445394828135
1791049043049968600,47.72196875,318.4793723498226
1791049043059926800,47.7319267578125,318.18117365192023
1791049043069884700,47.741884765625,318.6276580607199
1791049043079842800,47.7518427734375,318.657596050566
1791049043089801000,47.761801025390625,318.390353430962
1791049043099758800,47.7717587890625,318.3585879795466
1791049043109717000,47.781717041015625,318.2791588061154
1791049043119675000,47.7916748046875,318.69945232694783
1791049043129633800,47.8016337890625,319.40043164551696
1791049043139590700,47.811590576171874,318.9462078737661
1791049043149549800,47.8215498046875,319.04758616592244
1791049043159507700,47.8315078125,319.0029653232552
1791049043169465900,47.8414658203125,319.1230680333657
1791049043179423700,47.851423828125,318.79247561267806
1791049043189382000,47.8613818359375,318.7230579095617
1791049043199339800,47.87133984375,319.38127771549455
1791049043209298000,47.8812978515625,318.9785074812455
1791049043219255800,47.891255859375,318.801506467518
1791049043229213700,47.90121362304688,318.89179776312994
1791049043239171800,47.911171875,318.7999093012018
1791049043249129700,47.92112963867187,319.3941758925114
1791049043259088000,47.931087890625,319.15730042410445
1791049043269045800,47.94104565429687,318.69188393440476
1791049043279004000,47.95100390625,318.33265932698725
1791049043288961800,47.9609619140625,318.07086397507953
1791049043298920000,47.970919921875,318.188703111897
1791049043308877800,47.9808779296875,317.8677358387117
1791049043318835700,47.99083569335937,318.3819825092326
1791049043328793900,48.0007939453125,318.4601613432485
1791049043338751700,48.01075170898437,318.3148222093591
1791049043348710000,48.0207099609375,318.19164920642504
1791049043358667800,48.03066772460937,317.8430081775482
1791049043368626000,48.0406259765625,317.917978832431
1791049043378583600,48.05058349609375,318.5746098021002
1791049043388541700,48.06054174804687,318.36026815296356
1791049043398499800,48.07049975585937,318.2526258090848
1791049043408457700,48.08045776367187,317.7675983352579
1791049043418415900,48.09041577148437,317.7498626426951
1791049043428373800,48.10037377929687,317.73671320541
1791049043438332000,48.110331787109374,317.4862620409989
1791049043448289800,48.120289794921874,317.70093877002074
1791049043458247700,48.13024755859375,317.79046619799715
1791049043468205600,48.14020556640625,318.26225550055017
1791049043478163700,48.150163818359374,318.2988934119089
1791049043488121900,48.160121826171874,318.03547772481465
1791049043498079700,48.170079833984374,318.37513335793324
1791049043508038000,48.180037841796874,318.309566640255
1791049043517995800,48.189995849609375,318.55048774000886
1791049043527954000,48.199953857421875,318.55097594837844
1791049043537911600,48.20991162109375,319.0968841649945
1791049043547869700,48.21986962890625,319.365858578667
1791049043557827600,48.22982763671875,319.441307478484
1791049043567785700,48.23978564453125,319.08188728173945
1791049043577744000,48.249743896484375,318.4778850644245
1791049043587701800,48.25970166015625,318.6648349220919
1791049043597660000,48.269659912109375,318.5431047183363
1791049043607617800,48.27961767578125,318.70330704158897
1791049043617576000,48.289575927734376,318.78937810221515
1791049043627533600,48.299533447265624,318.61726963656537
1791049043637491700,48.30949169921875,318.30528788016386
1791049043647449900,48.319449951171876,318.508512816143
1791049043657407700,48.32940771484375,318.07003196334983
1791049043667366000,48.339365966796876,318.63352961014704
1791049043677323800,48.34932373046875,318.33455198278256
1791049043687282000,48.35928198242188,318.2216930337893
1791049043697239800,48.36923974609375,317.92698989175494
1791049043707197700,48.37919775390625,317.81729520279674
1791049043717155600,48.389155517578125,318.14428644845276
1791049043727113700,48.39911376953125,317.90777858654593
1791049043737071900,48.40907177734375,317.7967309455188
1791049043747029800,48.41902978515625,317.75063146346184
1791049043756988000,48.42898779296875,317.95893756942763
1791049043766945800,48.43894580078125,317.92419149004445
1791049043776904000,48.44890405273438,317.87855574694106
1791049043786861600,48.458861572265626,317.65114525219235
1791049043796819700,48.46881982421875,317.5511046290802
1791049043806777600,48.478777587890626,317.2992748131468
1791049043816736800,48.48873681640625,317.40112682912996
1791049043826694700,48.49869458007812,317.6477310940213
1791049043836652800,48.50865283203125,317.62419764944224
1791049043846610700,48.51861059570312,318.12149874364025
1791049043856568800,48.52856884765625,318.045599428029
1791049043866526700,48.53852661132812,318.3176519771499
1791049043876484900,48.54848486328125,318.28028739643725
1791049043886442800,48.55844287109375,317.87866908572664
1791049043896400600,48.568400634765624,318.0785137024066
1791049043906358800,48.57835888671875,318.1033414822428
1791049043916316700,48.588316650390624,318.1033414822428
1791049043926274800,48.59827490234375,317.98632480919485
1791049043936232700,48.608232666015624,317.98632480919485
1791049043946190800,48.61819091796875,318.2576550889136
1791049043956148700,48.628148681640624,317.97976209309803
1791049043966106600,48.638106689453124,318.036167467029
1791049043976064800,48.648064697265625,318.0283626077352
1791049043986022700,48.658022705078125,317.7103180515934
1791049043995980800,48.667980712890625,317.1333608568743
1791049044005938700,48.677938720703125,317.0729930360065
1791049044015896800,48.687896728515625,317.12385015208866
1791049044025854700,48.697854736328125,317.5425642084959
1791049044035812900,48.707812744140625,317.2272824673953
1791049044045771000,48.71777099609375,316.68567512768874
1791049044055728600,48.727728759765625,317.2825147547668
1791049044065686800,48.737686767578126,317.21079030914615
1791049044075644700,48.747644775390626,317.6780525558833
1791049044085602800,48.757602783203126,317.422168036175
1791049044095560700,48.767560791015626,317.60727889597086
1791049044105518800,48.777518798828126,317.4703468981448
1791049044115476700,48.787476806640626,317.4291944377222
1791049044125435000,48.797434814453126,317.53987068741856
1791049044135392800,48.807392822265626,317.8407397314637
1791049044145350700,48.8173505859375,317.5206233009582
1791049044155308800,48.82730883789063,317.41830124993896
1791049044165266700,48.8372666015625,317.43254031366956
1791049044175224800,48.84722485351563,317.53303081538263
1791049044185182700,48.8571826171875,317.56771883948176
1791049044195140900,48.86714086914063,317.5042220873458
1791049044205098800,48.8770986328125,317.77886440043574
1791049044215056600,48.887056640625,317.66074283220286
1791049044225014800,48.89701489257813,318.41400861219716
1791049044234972700,48.90697265625,317.99484333555426
1791049044244930800,48.91693090820313,317.80960971409763
1791049044254888700,48.926888671875,317.65956198318884
1791049044264846800,48.93684692382813,317.7828164426271
1791049044274804700,48.9468046875,318.2502673658055
1791049044284763000,48.95676293945313,317.9069830438636
1791049044294720800,48.966720703125,317.88188302671483
1791049044304679000,48.97667895507813,317.9479327486922
1791049044314637000,48.98663696289063,317.99152584021806
1791049044324595000,48.99659497070313,317.7556176010264
1791049044334553000,49.00655297851562,317.81968794408743
1791049044344510700,49.0165107421875,317.67588929434703
1791049044354468900,49.02646875,317.8724375146176
1791049044364426800,49.0364267578125,317.5586970723114
1791049044374385000,49.04638500976562,317.5834320781297
1791049044384342800,49.0563427734375,317.4473475650136
1791049044394301000,49.06630102539062,317.09748855716714
1791049044404259000,49.07625903320312,316.63755212954186
1791049044414217000,49.08621704101562,316.7263641673454
1791049044424174800,49.0961748046875,317.03732292600614
1791049044434132700,49.1061328125,317.10808410020053
1791049044444091000,49.1160908203125,317.36567663011874
1791049044454048800,49.126048828125,317.19774994242954
1791049044464007000,49.1360068359375,317.37751859105254
1791049044473965000,49.14596508789062,317.22092255436394
1791049044483923000,49.1559228515625,317.08039051668203
1791049044493881000,49.16588110351562,317.1267744007029
1791049044503838700,49.17583862304687,317.5182776681039
1791049044513796900,49.185796875,317.1254482234078
1791049044523754800,49.19575463867187,317.40986248449576
1791049044533713000,49.205712890625,317.4904340742816
1791049044543670800,49.2156708984375,317.6063674832648
1791049044553629000,49.22562890625,317.4048021566113
1791049044563587000,49.235587158203124,317.32483841121297
1791049044573545000,49.245544921875,317.54197410349076
1791049044583503000,49.255503173828124,317.957733478301
1791049044593460700,49.26546069335937,317.9447392266222
1791049044603419000,49.2754189453125,317.78852282617714
1791049044613376800,49.28537670898437,318.24187285669024
1791049044623335000,49.2953349609375,318.3660792594271
1791049044633292800,49.30529272460937,318.52687078158874
1791049044643251000,49.3152509765625,318.0970420956959
1791049044653209000,49.325208984375,318.271789205
1791049044663167000,49.3351669921875,318.25333441559735
1791049044673124900,49.34512475585937,318.9254361443402
1791049044683082800,49.355082763671874,318.6084391379005
1791049044693041000,49.365041015625,318.4010212495241
1791049044702998800,49.374998779296874,318.0322405792091
1791049044712957000,49.38495703125,317.6750185746714
1791049044722914800,49.394914794921874,317.82600090557355
1791049044732873000,49.404873046875,317.9315959399712
1791049044742831000,49.4148310546875,317.7149069377271
1791049044752788700,49.424788818359374,317.40737798988823
1791049044762747000,49.434746826171875,317.3625553364675
1791049044772704800,49.444704833984375,317.2505467193825
1791049044782663000,49.454662841796875,317.73905995306546
1791049044792620800,49.464620849609375,317.63712131977707
1791049044802579000,49.474578857421875,317.8625921312899
1791049044812536800,49.484536865234375,317.8024214001367
1791049044822495000,49.494494873046875,318.1203540349207
1791049044832453000,49.504453125,318.13599472487795
1791049044842410800,49.51441064453125,318.30704532247137
1791049044852369000,49.524368896484376,318.2022536734199
1791049044862326800,49.534326904296876,317.97538705645457
1791049044872285000,49.544284912109376,317.9608198566756
1791049044882242800,49.554242919921876,318.0060931315323
1791049044892201000,49.564200927734376,318.08878176333184
1791049044902158800,49.574158935546876,317.67968231801444
1791049044912117000,49.584116943359376,317.8621796596597
1791049044922075000,49.594074951171876,317.8632034513572
1791049044932032800,49.60403271484375,317.82872875912926
1791049044941991000,49.61399096679688,318.03597976308146
1791049044951948800,49.62394873046875,318.1624433581577
1791049044961907000,49.63390698242188,318.08261446146656
1791049044971864800,49.64386474609375,318.6245253933421
1791049044981823000,49.65382299804688,318.60622210547433
1791049044991781000,49.66378100585938,318.85119009431236
1791049045001738800,49.67373876953125,318.5370800403228
1791049045011697000,49.68369677734375,318.4449652139026
1791049045021654800,49.69365478515625,318.7448464429494
1791049045031613000,49.70361303710938,318.8887046293201
1791049045041570800,49.71357080078125,318.8241455978861
1791049045051529000,49.72352905273438,318.6701963416042
1791049045061486800,49.73348681640625,318.6481832576367
1791049045071445000,49.74344506835938,318.36662076869106
1791049045081403000,49.75340283203125,318.4153863608776
1791049045091360800,49.76336083984375,318.86489495916277
1791049045101319000,49.77331884765625,318.585396298955
1791049045111276800,49.78327685546875,318.4137858999892
1791049045121235000,49.79323486328125,319.19268073171276
1791049045131192800,49.80319287109375,318.92708251417747
1791049045141151000,49.81315087890625,318.82509582756444
1791049045151108900,49.82310888671875,318.5434965777408
1791049045161067000,49.83306689453125,318.4369364593101
1791049045171025000,49.84302490234375,318.41719700172143
1791049045180982800,49.85298266601563,318.5199571115879
1791049045190941000,49.86294091796875,318.41279419279016
1791049045200898800,49.87289892578125,318.07590659450835
1791049045210857000,49.88285693359375,318.4759458494044
1791049045220814800,49.89281494140625,318.2785074681338
1791049045230773000,49.90277294921875,318.48533051365564
1791049045240731000,49.91273095703125,318.5105591193742
1791049045250688800,49.92268872070313,318.7121988452008
1791049045260647000,49.93264697265625,318.54916408892944
1791049045270604800,49.94260473632813,318.6237850551621
1791049045280563000,49.95256298828125,318.54239907849166
1791049045290520800,49.96252075195312,318.694390574825
1791049045300479000,49.97247900390625,318.52112308008077
1791049045310436900,49.98243676757812,318.85778387583474
1791049045320395000,49.99239501953125,318.8013087990896
1791049045330353000,50.00235278320312,318.8837089760375
1791049045340311000,50.01231103515625,318.93477651813487
1791049045350269200,50.022269287109374,318.75228005932144
1791049045360227000,50.03222705078125,318.97130857148454
1791049045370185200,50.042185302734374,318.92670810346254
1791049045380143000,50.05214306640625,318.880237601148
1791049045390101000,50.06210107421875,318.8603244520148
1791049045400059000,50.07205883789062,319.44198570681306
1791049045410017000,50.08201708984375,319.18546954615806
1791049045419975200,50.09197509765625,319.102911546147
1791049045429933000,50.10193310546875,319.1081524775775
1791049045439891200,50.11189111328125,319.41684109664163
1791049045449849000,50.12184912109375,319.42085201092175
1791049045459807200,50.13180712890625,319.93223106674
1791049045469764900,50.141764892578124,319.5638053969447
1791049045479722000,50.15172192382813,319.9771766693525
1791049045489680100,50.16168017578125,319.6367058351055
1791049045499638000,50.17163793945313,319.3655779858265
1791049045509596200,50.18159619140625,319.50884081330776
1791049045519554000,50.19155395507813,319.3739378020258
1791049045529512200,50.20151220703125,319.29105660230084
1791049045539470000,50.21146997070313,319.2034736280314
1791049045549428000,50.22142797851563,319.65623804689585
1791049045559386000,50.23138623046875,319.75327623136184
1791049045569344000,50.24134399414063,319.0796542778308
1791049045579302100,50.25130224609375,319.37123567380934
1791049045589260000,50.26126000976563,319.569850446273
1791049045599218200,50.27121826171875,319.2830260894923
1791049045609176000,50.28117602539062,319.5026299853689
1791049045619134000,50.29113403320312,319.4030224977294
1791049045629092000,50.30109204101562,319.6131747810322
1791049045639050000,50.31105004882812,319.3217849228494
1791049045649008000,50.32100805664062,318.9513953261568
1791049045658966000,50.33096606445312,319.003389442147
1791049045668924200,50.34092407226562,318.8406116937885
1791049045678882000,50.35088208007812,318.9608415316522
1791049045688840200,50.36084008789062,318.83323855676747
1791049045698798000,50.37079809570312,318.75873177312184
1791049045708756000,50.380755859375,318.82179371506794
1791049045718714000,50.39071411132812,318.7939812549107
1791049045728672000,50.40067211914062,318.69613055225943
1791049045738630100,50.41063012695312,318.68603965626255
1791049045748588000,50.42058813476562,318.7703008938799
1791049045758546200,50.43054614257812,318.3783312455728
1791049045768504000,50.44050415039062,318.30080112644936
1791049045778462200,50.45046215820312,318.576842542802
1791049045788419800,50.460419921875,318.1804608534008
1791049045798378000,50.4703779296875,318.7359489350466
1791049045808336100,50.480336181640624,318.6153129137344
1791049045818294000,50.4902939453125,318.50826327868
1791049045828252200,50.500252197265624,318.5720628419226
1791049045838210000,50.5102099609375,318.13608146195605
1791049045848168200,50.520168212890624,318.4832771178821
1791049045858126000,50.5301259765625,318.70619926256614
1791049045868084000,50.540083984375,318.41497097049955
1791049045878041900,50.55004174804687,318.3951581768548
1791049045888000000,50.56,318.196991403803
1791049045897958100,50.569958251953125,318.25874021933294
1791049045907916000,50.579916015625,317.7930380293837
1791049045917874200,50.589874267578125,317.7567581107992
1791049045927832000,50.59983203125,318.33628299958616
1791049045937790200,50.609790283203125,318.2937696749235
1791049045947747800,50.61974780273437,318.1505495891536
1791049045957706000,50.6297060546875,317.76154599550665
1791049045967664000,50.6396640625,318.2519502882854
1791049045977621000,50.64962109375,318.33502250142476
1791049045987579100,50.6595791015625,318.50927753687296
1791049045997537000,50.669537109375,317.7573023716025
1791049046007495200,50.6794951171875,317.65063335926754
1791049046017453000,50.689453125,317.43892111045653
1791049046027411000,50.69941088867188,317.6004598712718
1791049046037369000,50.709369140625,317.5848432773791
1791049046047327000,50.71932690429688,317.60009514519936
1791049046057285000,50.72928515625,317.7080461199645
1791049046067243000,50.73924291992188,317.4082855534278
1791049046077201200,50.749201171875,317.8504770953999
1791049046087159000,50.75915893554688,317.6712988201315
1791049046097117000,50.76911694335938,317.4516286498018
1791049046107075000,50.77907495117187,317.0166106978884
1791049046117033000,50.78903295898437,317.2635773599701
1791049046126991000,50.7989912109375,317.4844789139124
1791049046136949000,50.80894897460937,317.2938914414416
1791049046146907100,50.8189072265625,317.23912063316516
1791049046156865000,50.82886499023437,317.466150065052
1791049046166823200,50.8388232421875,317.06085342700095
1791049046176781000,50.84878100585937,317.13351334114856
1791049046186739000,50.85873901367187,316.6593061206191
1791049046196697000,50.86869702148437,316.74183922872726
1791049046206655000,50.87865502929687,316.39069976016526
1791049046216613000,50.88861303710937,316.2446412611966
1791049046226571000,50.89857104492187,316.50392015997363
1791049046236529200,50.90852905273437,316.551561024321
1791049046246487000,50.91848706054687,316.70364075563026
1791049046256445200,50.92844506835937,316.76518498899674
1791049046266403000,50.93840307617187,316.6591009860341
1791049046276361000,50.94836083984375,316.5220342735741
1791049046286319000,50.958319091796874,316.48748196733766
1791049046296277000,50.968277099609374,316.55685375639223
1791049046306235100,50.978235107421874,316.5913105665936
1791049046316193000,50.988193115234374,316.48030263773745
1791049046326151200,50.998151123046874,316.63717365609347
1791049046336109000,51.008109130859374,316.57886063734884
1791049046346067000,51.01806689453125,316.6292073981083
1791049046356025000,51.028025146484374,316.21079959124626
1791049046365982000,51.03798193359375,316.9137399909181
1791049046375940000,51.04794018554688,316.5614795334443
1791049046385898200,51.05789819335938,316.4861485041148
1791049046395856100,51.06785620117188,316.3929988116365
1791049046405814300,51.07781420898438,315.95563135231555
1791049046415772000,51.08777197265625,315.7720402519069
1791049046425730000,51.09772998046875,315.9969656785421
1791049046435688000,51.10768798828125,315.83333943867467
1791049046445646000,51.11764599609375,316.19112304032734
1791049046455604000,51.12760400390625,316.0972381998287
1791049046465562000,51.13756201171875,316.39670035015683
1791049046475520300,51.14752026367187,316.1722768029879
1791049046485478100,51.15747802734375,315.73103846592596
1791049046495436000,51.16743603515625,315.73103846592596
1791049046505394000,51.17739379882813,316.23691404703493
1791049046515352000,51.18735205078125,315.6726324644761
1791049046525310000,51.19731005859375,316.3123457167199
1791049046535268000,51.20726806640625,316.3113470769244
1791049046545226000,51.21722607421875,316.37942863455027
1791049046555184000,51.22718408203125,316.52903880477436
1791049046565142300,51.23714233398437,316.4736078112913
1791049046575100000,51.24709985351563,316.14499739987525
1791049046585058000,51.25705810546875,316.6109818383952
1791049046595016000,51.26701586914062,316.2103415790938
1791049046604974000,51.27697412109375,316.03075481267734
1791049046614932000,51.28693188476562,316.0975344211004
1791049046624890000,51.29689013671875,316.22233248078925
1791049046634848000,51.30684790039062,315.9938872325144
1791049046644806100,51.31680615234375,315.75636732600856
1791049046654764300,51.326764404296874,316.37193385609
1791049046664722000,51.33672192382812,316.29569317154005
1791049046674680000,51.34668017578125,315.9901405227522
1791049046684638000,51.35663793945312,316.12295683768133
1791049046694595000,51.366594970703126,316.1969664913734
1791049046704553200,51.37655322265625,316.45078277584247
1791049046714511000,51.386510986328126,316.2390037560966
1791049046724469000,51.396468994140626,316.06303213580605
1791049046734427000,51.406427001953126,316.2784265204862
1791049046744385000,51.41638500976563,316.2717791702206
1791049046754343000,51.42634301757813,316.2166540481898
1791049046764301000,51.43630102539063,315.84711339326236
1791049046774259200,51.44625927734375,316.3036810896879
1791049046784217000,51.45621704101563,316.3070202901432
1791049046794175200,51.46617529296875,316.32095696450153
1791049046804133000,51.47613305664063,316.4068081626541
1791049046814091000,51.48609106445313,316.48303796494963
1791049046824049000,51.496048828125,315.77499539432455
1791049046834007000,51.50600708007813,315.37029948472247
1791049046843965000,51.51596484375,315.54668535211295
1791049046853923000,51.52592309570313,316.2801768688376
1791049046863881200,51.53588110351563,315.86425606754017
1791049046873839000,51.54583911132813,315.96796086103944
1791049046883797200,51.55579736328125,315.5153769897404
1791049046893755000,51.5657548828125,315.69369712281787
1791049046903713000,51.57571313476563,315.7499934996157
1791049046913671000,51.5856708984375,315.69813387854623
1791049046923629000,51.59562915039062,315.6516020587973
1791049046933587200,51.60558715820312,315.8216328317959
1791049046943545000,51.61554516601562,315.669315472402
1791049046953503200,51.62550317382812,315.9968977805596
1791049046963461000,51.63546118164062,315.84590283207746
1791049046973419000,51.6454189453125,315.75535994287657
1791049046983376100,51.655376220703126,315.46125828776826
1791049046993334000,51.665333984375,315.1660629597884
1791049047003292200,51.675292236328126,315.50976033579616
1791049047013250000,51.68525,315.6977413023733
1791049047023208200,51.695208251953126,315.8877665488293
1791049047033166000,51.705166015625,315.4221786250897
1791049047043124000,51.7151240234375,315.6177563794995
1791049047053082000,51.72508203125,316.13456046693034
1791049047063040000,51.7350400390625,315.86803805782387
1791049047072998100,51.744998046875,315.8007823840249
1791049047082956000,51.7549560546875,315.8811139372953
1791049047092914200,51.7649140625,315.7821206863972
1791049047102872000,51.7748720703125,316.0573319480482
1791049047112830200,51.78483032226563,316.1541102292566
1791049047122787800,51.794787841796875,316.63416262750394
1791049047132746000,51.80474609375,315.97078643094096
1791049047142704000,51.8147041015625,314.2401145732246
1791049047152662000,51.824662109375,313.72850967929855
1791049047162620200,51.8346201171875,313.49121945953664
1791049047172578000,51.844578125,313.47011804546287
1791049047182536200,51.8545361328125,313.9057919479838
1791049047192494000,51.864494140625,313.0330868381375
1791049047202452000,51.874451904296876,313.22105785043044
1791049047212409900,51.884409912109376,313.25523756553525
1791049047222368000,51.894367919921876,313.0648807801689
1791049047232326100,51.904326171875,313.06635562865677
1791049047242284000,51.91428393554688,312.8268287833455
1791049047252242200,51.9242421875,312.69888725846664
1791049047262199000,51.93419897460937,312.28928765212305
1791049047272157000,51.94415698242187,312.67473391265463
1791049047282115000,51.95411499023437,312.828125323604
1791049047292073000,51.96407299804687,312.8642373591834
1791049047302031000,51.97403100585937,313.1237428425685
1791049047311988700,51.98398876953125,313.3191428897477
1791049047321947000,51.99394677734375,313.36186043546354
1791049047331904800,52.00390478515625,314.1117256651199
1791049047341863000,52.01386279296875,313.7633027073416
1791049047351820800,52.02382080078125,313.7904694851785
1791049047361778700,52.03377880859375,313.4077277263838
1791049047371736800,52.04373681640625,313.36372991760913
1791049047381694700,52.05369482421875,313.60189279365164
1791049047391652900,52.06365283203125,313.23709909992243
1791049047401610800,52.07361083984375,313.15479928082226
1791049047411569000,52.08356884765625,312.8995409547052
1791049047421526800,52.09352685546875,313.21632895196615
1791049047431484700,52.10348461914062,313.0523355007109
1791049047441442800,52.11344287109375,313.1006580992802
1791049047451400700,52.12340063476562,312.9970657782325
1791049047461358800,52.13335888671875,313.2372556065119
1791049047471316700,52.143316650390624,313.19448927709516
1791049047481275000,52.15327490234375,312.97759476723166
1791049047491232800,52.163232666015624,313.2362935918608
1791049047501189600,52.17318969726563,313.21797156781287
1791049047511147800,52.18314770507813,313.0931224149227
1791049047521105700,52.19310571289063,313.37321327019504
1791049047531063800,52.20306372070313,313.600057701533
1791049047541021700,52.21302172851563,313.6109888708352
1791049047550979800,52.22297973632813,313.37749249768603
1791049047560938000,52.23293798828125,313.1456941756828
1791049047570896000,52.24289575195313,313.46480169961194
1791049047580853800,52.25285375976563,313.30197185719413
1791049047590811600,52.26281176757813,314.4458552345894
1791049047600769800,52.27276977539063,314.1196088586649
1791049047610727700,52.28272778320313,313.6220055076469
1791049047620685800,52.29268579101562,313.3463738636293
1791049047630644000,52.30264404296875,313.42237444739067
1791049047640601900,52.31260180664062,313.69270306058684
1791049047650560000,52.32256005859375,313.459814493351
1791049047660517600,52.332517578125,313.61130306956017
1791049047670475800,52.34247583007812,313.769367074967
1791049047680433700,52.35243359375,313.5907020673884
1791049047690391800,52.36239184570312,313.65285883445927
1791049047700349700,52.372349609375,314.0353039290492
1791049047710307800,52.38230786132812,313.63095309235496
1791049047720266000,52.39226586914062,313.69130881333433
1791049047730223900,52.40222387695312,313.7525915767327
1791049047740180700,52.4121806640625,313.573635096059
1791049047750139000,52.422138916015626,314.16746656295055
1791049047760096800,52.4320966796875,314.0468883550144
1791049047770055000,52.44205493164063,314.2375297426757
1791049047780012800,52.4520126953125,314.23514061426437
1791049047789971000,52.46197094726563,314.72027147158957
1791049047799928800,52.4719287109375,314.7203862843064
1791049047809886700,52.48188671875,315.2284739496243
1791049047819844600,52.4918447265625,314.79032520207176
1791049047829802800,52.501802734375,314.71680713313725
1791049047839761000,52.51176098632813,314.5673304688372
1791049047849718800,52.52171875,314.59659707817445
1791049047859677000,52.53167700195313,314.2951326841845
1791049047869634800,52.541634765625,314.7355997152203
1791049047879593000,52.55159301757813,314.35263917647
1791049047889550800,52.56155078125,314.5390534734293
1791049047899508700,52.5715087890625,315.1752591760541
1791049047909466600,52.581466552734376,315.08260062904463
1791049047919424800,52.5914248046875,315.5104700571105
1791049047929383000,52.6013828125,314.84587612527474
1791049047939340800,52.6113408203125,315.1857704684414
1791049047949299000,52.621298828125,314.9982946283172
1791049047959256800,52.6312568359375,314.9604391993121
1791049047969213700,52.64121362304687,315.1743898868954
1791049047979171800,52.651171875,315.1096232311043
1791049047989129700,52.66112963867187,315.19812887843483
1791049047999087900,52.671087890625,315.51266423912443
1791049048009045800,52.681045654296874,315.2476702795557
1791049048019004000,52.69100390625,315.22912053157233
1791049048028961800,52.7009619140625,315.66119766950175
1791049048038920000,52.710919921875,315.75760967666145
1791049048048877800,52.7208779296875,315.593028641155
1791049048058835700,52.730835693359374,315.4398412780134
1791049048068793900,52.7407939453125,315.37971106566636
1791049048078751700,52.750751708984374,315.2890088814182
1791049048088710000,52.7607099609375,315.32222647382764
1791049048098667800,52.770667724609375,314.94433018075415
1791049048108626000,52.7806259765625,314.8131916894589
1791049048118583800,52.790583740234375,314.9917420676488
1791049048128541700,52.800541748046875,315.2812440142276
1791049048138499800,52.810499755859375,315.619873967584
1791049048148457700,52.820457763671875,315.24977371352855
1791049048158416000,52.830415771484375,315.14577639800535
1791049048168373800,52.840373779296876,314.977667176205
1791049048178331000,52.85033081054687,314.7201716039737
1791049048188289000,52.8602890625,314.88028413154865
1791049048198246700,52.87024658203125,315.1329037078475
1791049048208204800,52.88020483398437,314.9763935072681
1791049048218162700,52.89016259765625,314.86363475742405
1791049048228120800,52.90012084960937,314.92503136429843
1791049048238078700,52.91007861328125,314.4751711563026
1791049048248036900,52.92003686523437,314.8266129443116
1791049048257995000,52.9299951171875,315.0243301658887
1791049048267953000,52.93995288085937,315.239082147318
1791049048277910800,52.94991088867187,315.3682176632818
1791049048287868700,52.95986865234375,315.07124240440606
1791049048297826800,52.96982690429687,315.5364438820694
1791049048307784700,52.97978466796875,315.536350268895
1791049048317742800,52.98974291992187,315.20254261846736
1791049048327700700,52.99970068359375,315.08934672922527
1791049048337659000,53.009658935546874,315.1796305511606
1791049048347617000,53.019616943359374,315.17315611194937
1791049048357574700,53.02957470703125,314.92274288330736
1791049048367532800,53.03953271484375,314.93187351755535
1791049048377490000,53.04948999023438,314.7078634292878
1791049048387447800,53.05944775390625,315.0217182300732
1791049048397406000,53.06940600585938,314.78120137675864
1791049048407363800,53.07936376953125,315.5057969760888
1791049048417322000,53.08932202148438,315.1223924814748
1791049048427279600,53.099279541015626,314.99934206746036
1791049048437237800,53.10923779296875,315.17137443920456
1791049048447195600,53.119195556640626,314.89183857497113
1791049048457153800,53.12915380859375,314.94491894284863
1791049048467112000,53.13911181640625,315.0404802439801
1791049048477069800,53.14906982421875,315.0540054420403
1791049048487028000,53.15902807617187,315.175997793596
1791049048496985900,53.16898583984375,315.39506020976216
1791049048506943700,53.17894384765625,315.5899350357005
1791049048516901600,53.18890161132813,315.3422155027624
1791049048526859800,53.19885986328125,315.4671008569251
1791049048536817700,53.20881762695313,315.1829744324933
1791049048546775800,53.21877587890625,315.057868018731
1791049048556734000,53.22873388671875,315.65273268182904
1791049048566691800,53.23869189453125,315.48826268352315
1791049048576648700,53.248648681640624,315.54698230603145
1791049048586606800,53.25860693359375,315.32676479584217
1791049048596564700,53.268564697265624,314.92426796950576
1791049048606523000,53.27852294921875,315.0101241110624
1791049048616480800,53.288480712890625,314.8839934389878
1791049048626439000,53.29843896484375,315.0792482767541
1791049048636396800,53.308396728515625,315.290023387336
1791049048646355000,53.31835498046875,315.1864527173087
1791049048656312800,53.328312744140625,315.39826514590777
1791049048666270700,53.338270751953125,315.36266333424663
1791049048676228900,53.348228759765625,314.8622043868601
1791049048686186800,53.358186767578125,315.645774873396
1791049048696145000,53.368144775390626,315.2983468724243
1791049048706102800,53.378102783203126,315.74695074400717
1791049048716061000,53.38806103515625,315.74695074400717
1791049048726018800,53.398018798828126,315.3721103682049
1791049048735976700,53.407976806640626,315.46649995727887
1791049048745934800,53.417934814453126,315.50793264727207
1791049048755892700,53.427892822265626,315.01715882730787
1791049048765849900,53.43784985351562,315.0241020038143
1791049048775807700,53.44780786132812,315.1362527380763
1791049048785766000,53.45776586914062,315.0814980307649
1791049048795724000,53.46772412109375,315.0304719139852
1791049048805681700,53.477681640625,314.9239655177731
1791049048815639800,53.48763989257812,314.68576562937193
1791049048825597700,53.49759765625,314.71081252115005
1791049048835555800,53.50755590820312,314.8373821744592
1791049048845513700,53.517513671875,314.83122702921696
1791049048855471900,53.527471923828124,315.5935039978334
1791049048865429800,53.5374296875,315.19969862680153
1791049048875388000,53.547387939453124,315.01464218321934
1791049048885345800,53.557345703125,314.86007788778176
1791049048895303700,53.5673037109375,315.0014176059942
1791049048905261800,53.57726171875,315.14400944003586
1791049048915219700,53.5872197265625,314.8756580594253
1791049048925177900,53.597177734375,315.6745521482607
1791049048935135700,53.6071357421875,315.3739688538932
1791049048945094000,53.617093994140625,315.1929449678015
1791049048955050800,53.62705078125,315.05822216639547
1791049048965008600,53.637008544921876,314.87906513895183
1791049048974966800,53.646966796875,314.48926806916717
1791049048984924700,53.65692456054688,314.5599507224852
1791049048994882800,53.6668828125,315.61254040886104
1791049049004841000,53.67684106445312,315.0492968744696
1791049049014798800,53.686798828125,314.93454388948106
1791049049024757000,53.69675708007812,314.93454388948106
1791049049034714600,53.70671459960938,314.9197270993419
1791049049044672800,53.7166728515625,314.94189747722703
1791049049054630700,53.72663061523438,315.46864344531764
1791049049064588800,53.7365888671875,315.39353074636284
1791049049074546700,53.74654663085938,315.2755481980536
1791049049084504800,53.7565048828125,315.40129576938875
1791049049094463000,53.766462890625,315.3222257937028
1791049049104420900,53.7764208984375,315.3103806518207
1791049049114379000,53.78637890625,315.5644082345536
1791049049124336600,53.79633666992188,316.06148861426607
1791049049134293800,53.806293701171874,316.03395389147954
1791049049144252000,53.816251953125,315.6833695140525
1791049049154209800,53.826209716796875,316.0372617657828
1791049049164168000,53.83616796875,316.0177220116452
1791049049174125800,53.846125732421875,316.4294235111755
1791049049184083700,53.856083740234375,316.2067492737172
1791049049194041900,53.866041748046875,315.7378115750462
1791049049203999700,53.875999755859375,315.5912555793695
1791049049213958000,53.8859580078125,315.70559068547976
1791049049223915800,53.895915771484376,315.59730165594146
1791049049233874000,53.9058740234375,315.62427381708926
1791049049243831800,53.915831787109376,316.03580712679945
1791049049253790000,53.9257900390625,315.677806312487
1791049049263747600,53.93574755859375,315.3410790082391
1791049049273705700,53.945705810546876,315.17857847864786
1791049049283664000,53.955663818359376,315.40645839790915
1791049049293621800,53.965621826171876,314.9848688603754
1791049049303579000,53.97557885742187,315.0015056108623
1791049049313537300,53.985537353515625,314.93534779744556
1791049049323495400,53.995495361328125,314.920281849638
1791049049333453000,54.005453125,314.81828979798905
1791049049343411200,54.0154111328125,314.5814004009084
1791049049353369300,54.025369384765625,314.77635358059564
1791049049363327200,54.0353271484375,314.4628224068866
1791049049373285400,54.045285400390625,315.2784474108739
1791049049383243300,54.0552431640625,314.89237549261225
1791049049393201400,54.065201416015626,314.81242974444615
1791049049403159300,54.0751591796875,315.1810414194794
1791049049413117200,54.0851171875,315.06620540038125
1791049049423075000,54.095074951171874,314.7228943639638
1791049049433033200,54.105033203125,314.79997912421084
1791049049442991400,54.114991455078126,314.96824523060985
1791049049452949200,54.12494921875,315.36198419132506
1791049049462907400,54.134907470703126,314.88503963845244
1791049049472864300,54.1448642578125,314.97761187098797
1791049049482822100,54.154822265625,315.32945339320213
1791049049492780300,54.1647802734375,315.38178956433364
1791049049502738200,54.17473828125,315.18694534558216
1791049049512696300,54.1846962890625,315.5082167721431
1791049049522654200,54.194654296875,315.1147728985452
1791049049532612400,54.2046123046875,315.7742445687743
1791049049542570200,54.2145703125,315.4395945520389
1791049049552528400,54.2245283203125,315.34559410649183
1791049049562486300,54.234486328125,315.89902868852215
1791049049572444200,54.24444409179687,316.02177630237424
1791049049582402300,54.25440234375,315.9316296049367
1791049049592360200,54.26436010742187,315.4891993254701
1791049049602318300,54.274318359375,315.46569047080976
1791049049612276200,54.28427612304687,315.1589066571836
1791049049622234400,54.294234375,315.1313146075292
1791049049632191200,54.304191162109376,315.45477994973044
1791049049642149000,54.314149169921876,316.2645472870514
1791049049652107300,54.324107177734376,315.6041955867884
1791049049662065200,54.334065185546876,315.4894788204415
1791049049672023300,54.34402319335938,315.83550969234705
1791049049681981400,54.3539814453125,315.64546527294726
1791049049691939300,54.36393920898438,315.2833345610017
1791049049701897500,54.3738974609375,315.1706676634271
1791049049711855000,54.38385522460938,314.81129846172394
1791049049721813200,54.39381323242188,314.99532980094443
1791049049731771100,54.40377124023438,315.33392297123146
1791049049741729300,54.41372924804688,315.2400028100579
1791049049751687200,54.42368725585938,314.9641692995458
1791049049761645300,54.43364526367188,315.0249399872725
1791049049771603500,54.443603515625,314.638417567673
1791049049781561300,54.45356127929688,314.6415171025034
1791049049791519200,54.46351928710938,314.77628311444766
1791049049801476400,54.473476318359374,314.5805825952496
1791049049811434200,54.483434326171874,314.93850574130624
1791049049821392400,54.493392333984374,315.25081674307137
1791049049831350300,54.503350341796875,314.9169606811174
1791049049841308400,54.513308349609375,314.7940792608303
1791049049851266300,54.523266357421875,315.0684348236571
1791049049861224200,54.53322412109375,314.67320960403583
1791049049871182000,54.54318212890625,314.77856184179154
1791049049881140200,54.55314013671875,315.2079805596738
1791049049891098400,54.563098388671875,315.02296888289123
1791049049901056300,54.57305615234375,314.99609470259526
1791049049911014400,54.583014404296875,315.62500144626654
1791049049920972300,54.59297216796875,315.30656483889936
1791049049930930400,54.602930419921876,315.2502928965925
1791049049940888000,54.61288818359375,315.2559368331677
1791049049950845200,54.62284521484375,315.3601283517924
1791049049960803300,54.63280322265625,315.4979587529448
1791049049970761200,54.64276123046875,315.3960606592298
1791049049980719400,54.65271923828125,315.30787055818735
1791049049990677200,54.66267724609375,316.3194861206033
1791049050000635400,54.67263549804687,315.96242491025015
1791049050010593300,54.68259326171875,315.7483286833665
1791049050020551200,54.69255126953125,315.6884654715765
1791049050030509300,54.70250927734375,315.5425381069497
1791049050040467200,54.71246728515625,315.5383498770955
1791049050050425300,54.72242529296875,315.6186630809973
1791049050060383200,54.73238330078125,315.78747282708906
1791049050070341400,54.74234130859375,315.6331741071791
1791049050080299300,54.75229931640625,315.3778848142547
1791049050090257200,54.76225708007812,315.9213537479036
1791049050100215300,54.77221533203125,315.54243825766883
1791049050110172200,54.782172119140625,315.66141470585956
1791049050120130300,54.79213037109375,315.5040014214642
1791049050130088400,54.80208837890625,315.73461980674216
1791049050140046300,54.81204638671875,315.4642251080901
1791049050150004500,54.82200439453125,315.44999684152003
1791049050159962000,54.831962158203126,315.47367762179323
1791049050169920300,54.841920166015626,315.6256676185298
1791049050179878100,54.851878173828126,315.46295300846947
1791049050189836300,54.861836181640626,315.3690973954585
1791049050199794200,54.87179418945313,315.6929983423454
1791049050209752300,54.88175244140625,315.4274845297607
1791049050219710500,54.89171044921875,314.71256316733263
1791049050229668400,54.90166845703125,315.257473881958
1791049050239626200,54.91162622070313,315.17068706835653
1791049050249584000,54.92158422851563,315.2795635427942
1791049050259541200,54.93154125976562,315.69132936301656
1791049050269499400,54.94149951171875,315.44872885515764
1791049050279457300,54.951457275390624,315.7332832770118
1791049050289415400,54.96141552734375,315.3544260566098
1791049050299373300,54.971373291015624,315.2659111700516
1791049050309330400,54.98133032226563,315.1715613976995
1791049050319288600,54.99128857421875,315.20959417171593
1791049050329246500,55.00124658203125,316.4341947818649
1791049050339204600,55.01120458984375,315.7252043196511
1791049050349162500,55.02116259765625,315.45676916070545
1791049050359120600,55.03112060546875,315.5296760260367
1791049050369078500,55.04107861328125,315.4840548875867
1791049050379036400,55.05103637695313,315.6971169277909
1791049050388994600,55.06099462890625,315.73200307604475
1791049050398952400,55.07095239257813,316.24042548624413
1791049050408909600,55.08090966796875,316.3084493279567
1791049050418867700,55.09086767578125,316.19820708689286
1791049050428825600,55.10082568359375,316.28295037010037
1791049050438783500,55.110783447265625,316.17987313656715
1791049050448741400,55.120741455078125,316.128612967966
1791049050458699500,55.130699462890625,316.1360754794268
1791049050468657400,55.140657470703125,316.05874442331856
1791049050478615600,55.150615478515626,316.16319434502066
1791049050488573400,55.160573486328126,316.54852174807803
1791049050498531600,55.170531494140626,316.18359960534866
1791049050508489700,55.18048974609375,316.6557965355802
1791049050518447600,55.190447509765626,316.61116334698954
1791049050528405500,55.200405517578126,316.5963035152641
1791049050538363400,55.21036328125,316.197696749405
1791049050548321500,55.220321533203126,316.3364828213424
1791049050558278700,55.23027856445312,316.1564795423804
1791049050568236500,55.24023657226562,316.3531712041288
1791049050578194700,55.25019458007812,317.0622214560539
1791049050588152300,55.26015234375,316.51841930347257
1791049050598110500,55.2701103515625,316.2347403077615
1791049050608068400,55.280068359375,315.98780025420626
1791049050618026500,55.29002661132812,315.85798369663183
1791049050627984600,55.29998461914062,315.93452532255804
1791049050637942500,55.309942626953124,315.6643024582605
1791049050647900700,55.319900634765624,315.867913483356
1791049050657858600,55.329858642578124,316.1240502758722
1791049050667816400,55.33981640625,315.5660565432378
1791049050677774300,55.3497744140625,315.88160022965246
1791049050687732500,55.359732421875,315.7568755228471
1791049050697689600,55.36968969726563,315.87102560092745
1791049050707647500,55.3796474609375,315.9188441256764
1791049050717605600,55.38960571289063,316.37764996097076
1791049050727563500,55.3995634765625,316.1545214067337
1791049050737521400,55.409521484375,316.1419569060577
1791049050747479600,55.4194794921875,316.71366959921033
1791049050757437400,55.4294375,316.039711940281
1791049050767395600,55.4393955078125,315.95819103589923
1791049050777353500,55.449353515625,316.1555936179476
1791049050787311600,55.4593115234375,316.01023992486114
1791049050797269500,55.46926953125,316.02303372900064
1791049050807227600,55.4792275390625,316.00654966377965
1791049050817185300,55.48918530273438,316.48532888169734
1791049050827143400,55.49914331054688,316.7212723528838
1791049050837100500,55.5091005859375,316.38410969307915
1791049050847058400,55.519058349609374,316.40961337239014
1791049050857016600,55.5290166015625,316.29423680007244
1791049050866974700,55.538974609375,316.1267889251594
1791049050876932600,55.5489326171875,316.09061425174013
1791049050886890500,55.558890380859374,315.9947995104786
1791049050896848400,55.568848388671874,315.8505820585775
1791049050906806500,55.578806640625,316.00307060296717
1791049050916764400,55.588764404296874,316.2343871120111
1791049050926722600,55.59872265625,316.9390001964447
1791049050936680400,55.608680419921875,316.6179841173441
1791049050946638600,55.618638671875,316.3474912283772
1791049050956596700,55.6285966796875,316.628988090228
1791049050966554400,55.638554443359375,316.2902939237158
1791049050976511500,55.64851147460938,316.3179724540509
1791049050986469600,55.6584697265625,316.4437766753504
1791049050996427500,55.66842749023437,316.156850034291
1791049051006385700,55.6783857421875,316.2039507711622
1791049051016343600,55.68834350585937,316.1538794137774
1791049051026301700,55.6983017578125,316.0202659436961
1791049051036259300,55.70825927734375,316.31474347311644
1791049051046217500,55.71821752929687,316.15177222553604
1791049051056175400,55.72817529296875,315.60320361287546
1791049051066133500,55.73813354492187,316.1993053639235
1791049051076091600,55.74809155273437,316.19698237950826
1791049051086049500,55.75804956054687,316.41488918215146
1791049051096007700,55.76800756835937,316.4874795936165
1791049051105965600,55.77796557617187,316.1695229566558
1791049051115922400,55.78792236328125,316.0671442752637
1791049051125880600,55.79788061523438,316.1124787870965
1791049051135838500,55.80783837890625,316.36351642207137
1791049051145796600,55.81779663085938,316.411878168475
1791049051155754500,55.82775439453125,316.55939959856886
1791049051165712600,55.83771264648438,316.65852402447973
1791049051175670500,55.84767041015625,316.79710133159466
1791049051185628400,55.85762841796875,316.8725168533973
1791049051195586600,55.86758666992188,316.9269820634013
1791049051205544400,55.87754443359375,316.56777033358753
1791049051215502600,55.88750268554688,316.7124673897041
1791049051225460500,55.89746044921875,316.72391786289427
1791049051235418600,55.90741870117188,317.0148989927585
1791049051245375700,55.917375732421874,316.7714837481566
1791049051255333400,55.92733349609375,317.03680854710484
1791049051265291500,55.93729150390625,316.29729945223335
1791049051275249400,55.94724951171875,316.1517524565532
1791049051285207600,55.95720751953125,316.2658893199991
1791049051295165400,55.96716552734375,316.32164798063826
1791049051305123600,55.97712353515625,316.190724447738
1791049051315082500,55.98708251953125,316.09353865089525
1791049051325040400,55.99704028320313,316.0618454699786
1791049051334998300,56.00699829101563,316.1726099765482
1791049051344956400,56.01695629882813,316.0149812301956
1791049051354914300,56.02691430664063,316.08331264587844
1791049051364872400,56.03687255859375,315.80082591039434
1791049051374829600,56.04682958984375,315.9971400880168
1791049051384787200,56.056787109375,315.9083203331416
1791049051394745300,56.066745361328124,315.47049883889207
1791049051404703500,56.076703369140624,315.439610544575
1791049051414661400,56.086661376953124,315.6320550536214
1791049051424619500,56.09661962890625,316.4861850266912
1791049051434577400,56.106577392578124,316.16345224425754
1791049051444535600,56.11653564453125,315.990380136796
1791049051454493400,56.126493408203125,316.1319053612512
1791049051464451600,56.13645166015625,316.15661516928344
1791049051474409200,56.1464091796875,316.3754669995577
1791049051484367400,56.156367431640625,316.27250999557054
1791049051494325500,56.166325439453125,316.6658722667338
1791049051504282400,56.17628247070313,316.3581765586796
1791049051514240500,56.18624047851562,316.3581765586796
1791049051524198700,56.19619873046875,316.22246122769076
1791049051534156300,56.20615625,316.22246122769076
1791049051544114400,56.21611450195312,316.1987435633825
1791049051554072300,56.226072265625,316.1987435633825
1791049051564030500,56.23603051757812,315.9581976344017
1791049051573988400,56.24598828125,315.846583823174
1791049051583946500,56.25594653320312,316.0607180541952
1791049051593904400,56.265904296875,316.0911118246773
1791049051603862500,56.27586254882812,315.91790341620185
1791049051613820700,56.28582055664062,315.8202958670942
1791049051623778300,56.2957783203125,315.80026374610196
1791049051633735400,56.3057353515625,315.53864033520097
1791049051643693600,56.315693603515626,316.28820274638974
1791049051653651500,56.3256513671875,316.14155951422134
1791049051663609600,56.33560961914063,320.5672310512913
1791049051673567500,56.3455673828125,320.8676084587299
1791049051683525400,56.355525390625,320.5245834113945
1791049051693483300,56.365483154296875,320.0539029651778
1791049051703441400,56.37544140625,320.07480788122365
1791049051713399300,56.3853994140625,319.85003646193485
1791049051723357400,56.395357421875,319.6497157995976
1791049051733315600,56.40531567382813,319.25248205708994
1791049051743273500,56.4152734375,318.81327543262734
1791049051753231600,56.42523168945313,318.69916007819336
1791049051763188500,56.4351884765625,318.6387783415452
1791049051773146400,56.445146484375,318.2546686156936
1791049051783104500,56.4551044921875,318.2716322332049
1791049051793062400,56.4650625,317.9910202747672
1791049051803020500,56.4750205078125,318.05894531451827
1791049051812978400,56.484978515625,318.3063659699432
1791049051822936600,56.4949365234375,318.8799563605138
1791049051832894200,56.50489428710937,318.5433471482439
1791049051842852400,56.51485229492187,318.2590752790263
1791049051852810500,56.524810546875,318.59085574971976
1791049051862768400,56.53476831054687,318.19184215650205
1791049051872726500,56.5447265625,318.59341705763495
1791049051882683400,56.55468334960938,318.53808969732523
1791049051892641500,56.5646416015625,318.992153536383
1791049051902599400,56.57459936523438,318.66000388175934
1791049051912557300,56.58455737304688,318.551269029944
1791049051922515500,56.59451538085938,318.38740740657266
1791049051932473300,56.60447338867188,318.86204825076595
1791049051942431500,56.61443139648438,319.48904866769743
1791049051952389400,56.62438940429688,319.5744169012968
1791049051962347500,56.63434741210938,319.04919809953986
1791049051972305700,56.6443056640625,318.65001616522363
1791049051982263300,56.65426318359375,319.0424372407929
1791049051992221400,56.66422143554688,318.19368720328464
1791049052002179300,56.67417944335938,318.1579154737247
1791049052012136400,56.684136474609375,318.3427728872068
1791049052022094600,56.694094482421875,318.54151603664
1791049052032052500,56.704052490234375,318.39191241952835
1791049052042010600,56.7140107421875,318.73661538349626
1791049052051968300,56.72396826171875,318.3139042889795
1791049052061926400,56.733926513671875,318.2977635338401
1791049052071884300,56.74388427734375,318.1599912212737
1791049052081842400,56.753842529296875,317.987921067479
1791049052091800600,56.763800537109375,318.49294396015927
1791049052101758500,56.773758544921876,318.65173405557005
1791049052111716600,56.783716552734376,318.7173116315466
1791049052121674500,56.793674560546876,318.4638194771569
1791049052131631400,56.80363134765625,318.9752830042016
1791049052141589500,56.81358959960937,319.0207475229173
1791049052151547400,56.82354736328125,319.5289006511622
1791049052161505500,56.83350561523437,319.37610660817717
1791049052171463400,56.84346337890625,319.2276068744448
1791049052181421600,56.85342163085937,319.5608897641297
1791049052191379500,56.86337939453125,319.57298352521474
1791049052201337300,56.87333740234375,319.6563893225516
1791049052211295500,56.88329541015625,319.1790699933301
1791049052221253400,56.89325341796875,319.3148763614645
1791049052231211500,56.90321142578125,319.579528426298
1791049052241169400,56.91316943359375,319.4297501565848
1791049052251126500,56.92312646484375,319.080555908638
1791049052261084400,56.93308447265625,319.9232900490833
1791049052271042300,56.943042236328125,319.51526287762954
1791049052281000400,56.95300048828125,319.4823085343785
1791049052290958300,56.962958251953125,319.0220921933998
1791049052300916500,56.97291650390625,318.89674746203093
1791049052310873900,56.982873779296874,319.0524199032898
1791049052320831700,56.992831787109374,318.97900860091863
1791049052330790000,57.002789794921874,319.190124192511
1791049052340747800,57.012747802734374,318.99435191652316
1791049052350706000,57.022705810546874,319.4507951314211
1791049052360663600,57.03266357421875,319.41019449464346
1791049052370620700,57.04262060546875,319.19136288289627
1791049052380578800,57.05257885742188,318.98288138197927
1791049052390536700,57.06253662109375,318.8130052176035
1791049052400494800,57.07249487304688,319.5612631401511
1791049052410452700,57.08245263671875,319.3010513262567
1791049052420411000,57.09241088867188,318.93409179593533
1791049052430368800,57.10236865234375,318.6151706610548
1791049052440326700,57.11232666015625,318.78505185153665
1791049052450284800,57.12228491210937,318.89421314787745
1791049052460242700,57.13224267578125,318.85164228857246
1791049052470200800,57.14220092773437,318.8118592255298
1791049052480158700,57.15215869140625,318.4882892316418
1791049052490115800,57.16211572265625,319.3641054072577
1791049052500073700,57.17207373046875,319.36914380667395
1791049052510031600,57.182031494140624,318.88440166081455
1791049052519989800,57.19198974609375,318.98677051293384
1791049052529947600,57.20194775390625,319.19654187746676
1791049052539905800,57.21190576171875,319.35084906365364
1791049052549864000,57.221864013671876,320.01759999412184
1791049052559821800,57.23182177734375,319.5466443453596
1791049052569780000,57.241780029296876,319.67442294009726
1791049052579737600,57.251737548828125,319.4108981661391
1791049052589695700,57.26169580078125,319.09989603067015
1791049052599652900,57.27165283203125,319.2503926717984
1791049052609610800,57.28161083984375,318.82179405140397
1791049052619569000,57.29156884765625,319.0400252074359
1791049052629526800,57.30152685546875,319.07279375408444
1791049052639485000,57.31148486328125,319.1647509724844
1791049052649442600,57.32144262695312,318.4604345495442
1791049052659400700,57.33140063476562,318.49114885968805
1791049052669358800,57.34135888671875,318.8501435231603
1791049052679316700,57.35131665039062,318.5440033180898
1791049052689275000,57.36127490234375,318.20523754451636
1791049052699232800,57.37123266601562,318.25014086516
1791049052709191000,57.38119091796875,318.0009177757484
1791049052719147800,57.391147705078126,317.9754442644011
1791049052729105700,57.401105712890626,318.37074638691024
1791049052739063800,57.411063720703126,317.9273940611951
1791049052749021700,57.421021728515626,317.71180214009587
1791049052758979800,57.430979736328126,317.75473597341653
1791049052768937700,57.440937744140626,318.1121101880377
1791049052778896000,57.45089575195313,318.5200515753432
1791049052788853800,57.46085375976563,318.40479273587204
1791049052798811600,57.47081176757813,318.4573502484231
1791049052808769800,57.48076977539063,318.6602402673503
1791049052818727700,57.49072778320313,319.039664726925
1791049052828684800,57.50068481445312,319.04510801802644
1791049052838643000,57.51064282226562,319.5044861450635
1791049052848600800,57.52060083007812,319.33448013676536
1791049052858558700,57.530558837890624,319.212024950833
1791049052868516600,57.5405166015625,319.09183883519563
1791049052878474800,57.550474853515624,318.6727970598862
1791049052888432600,57.5604326171875,318.5549436003877
1791049052898390800,57.570390869140624,318.42533929263544
1791049052908348700,57.5803486328125,318.4250399581822
1791049052918306800,57.590306884765624,318.5944676431377
1791049052928265000,57.600264892578124,318.6971014342936
1791049052938221600,57.6102216796875,318.50538099448823
1791049052948179700,57.6201796875,319.17507585945896
1791049052958137900,57.63013793945313,318.66455002462925
1791049052968095700,57.640095703125,318.78922665605864
1791049052978054000,57.65005395507813,318.8295739712703
1791049052988011800,57.66001171875,318.80575904746405
1791049052997970000,57.66996997070312,318.8238303718387
1791049053007927600,57.67992749023438,318.8051891765164
1791049053017885700,57.6898857421875,319.03852100637766
1791049053027843800,57.69984375,319.1954495617649
1791049053037801700,57.7098017578125,319.01029881395766
1791049053047760000,57.719759765625,318.5852572277034
1791049053057716700,57.729716796875,319.0383796446831
1791049053067675000,57.7396748046875,318.8225508906233
1791049053077632800,57.7496328125,318.79126093846946
1791049053087590700,57.759590576171874,318.9773104471775
1791049053097548800,57.769548828125,318.93818875315867
1791049053107506700,57.779506591796874,318.84610497755045
1791049053117464800,57.78946484375,319.1376704497176
1791049053127422700,57.799422607421874,319.29133545898355
1791049053137380900,57.809380859375,319.3269220274688
1791049053147338800,57.8193388671875,319.4258171281955
1791049053157296600,57.829296630859375,319.5672967341869
1791049053167253800,57.83925366210938,320.28817771914237
1791049053177211600,57.84921166992188,319.7847039587679
1791049053187169800,57.85916967773438,319.5294834515168
1791049053197128000,57.8691279296875,319.5596719753893
1791049053207085800,57.8790859375,319.38420806168205
1791049053217044000,57.8890439453125,319.5800992563463
1791049053227001600,57.89900170898437,319.62400414128746
1791049053236959700,57.90895971679687,319.38013435071383
1791049053246917600,57.91891772460937,319.8073065176162
1791049053256875800,57.92887573242187,319.5922899280528
1791049053266833700,57.93883374023437,319.40043546399477
1791049053276790800,57.948790771484376,319.10230581259975
1791049053286749000,57.9587490234375,319.4163154269472
1791049053296706600,57.96870654296875,319.30678454192133
1791049053306664700,57.978664794921876,319.4739264684858
1791049053316623400,57.98862329101563,319.12496118824095
1791049053326581500,57.99858154296875,319.1656305107038
1791049053336539400,58.00853930664063,318.88345151858067
1791049053346497500,58.01849755859375,319.10746322915514
1791049053356455400,58.02845532226563,318.83446041693446
1791049053366413300,58.03841333007812,318.8718731423828
1791049053376371500,58.04837133789062,318.66388402613273
1791049053386328600,58.05832861328125,318.7735700039442
1791049053396286500,58.068286376953125,319.09404130875333
1791049053406244600,58.07824462890625,318.96141468022756
1791049053416202500,58.088202392578125,318.98135721954725
1791049053426160400,58.098160400390626,318.99204427208394
1791049053436118300,58.1081181640625,319.2248244454192
1791049053446076400,58.118076416015626,319.29490206362505
1791049053456034300,58.128034423828126,319.55521651555426
1791049053465992400,58.137992431640626,319.520734054516
1791049053475950600,58.14795068359375,319.45704197942206
1791049053485908500,58.157908447265626,319.9254820347204
1791049053495865300,58.167865234375,319.86382800560324
1791049053505823500,58.17782348632812,319.8940840878855
1791049053515781400,58.18778149414062,319.8102696925922
1791049053525739500,58.19773950195312,319.95325648166187
1791049053535697400,58.20769750976562,319.7568759688019
1791049053545655600,58.21765551757812,319.72182095915656
1791049053555613400,58.22761352539062,319.1504310096559
1791049053565571600,58.23757153320312,319.57151358159456
1791049053575529200,58.247529296875,318.9883342381806
1791049053585487400,58.2574873046875,319.0136179645261
1791049053595445500,58.267445556640624,319.14920906649945
1791049053605402400,58.27740234375,318.93143600529163
1791049053615360500,58.28736059570313,319.4072319027044
1791049053625318400,58.297318359375,318.9242848902491
1791049053635276300,58.3072763671875,318.8584493697314
1791049053645234400,58.317234375,319.11284422779084
1791049053655192300,58.3271923828125,319.08310697860173
1791049053665150500,58.337150390625,319.39770275028417
1791049053675108400,58.3471083984375,319.6718958026454
1791049053685066500,58.35706640625,319.3920128695556
1791049053695024400,58.3670244140625,319.440540678819
1791049053704982500,58.376982421875,319.48279886841965
1791049053714939400,58.386939453125,319.3791204518263
1791049053724897300,58.39689721679687,319.60878240973716
1791049053734855400,58.40685546875,319.55817056456846
1791049053744813600,58.4168134765625,320.01343776147826
1791049053754771500,58.426771484375,319.94893392163965
1791049053764729600,58.4367294921875,320.04232859327936
1791049053774687500,58.4466875,319.9085015391229
1791049053784645400,58.456645263671874,320.77272916915604
1791049053794603300,58.466603271484374,320.1424419910168
1791049053804561400,58.4765615234375,319.9007900385931
1791049053814518500,58.4865185546875,319.86515175159565
1791049053824476400,58.49647631835938,319.5394640490725
1791049053834434600,58.5064345703125,319.97801219725875
1791049053844392400,58.51639233398438,320.1803146288437
1791049053854350300,58.52635034179688,320.0080316519418
1791049053864308500,58.53630859375,320.1489369477134
1791049053874266400,58.54626635742188,319.9519617870236
1791049053884224500,58.556224609375,319.50588517427354
1791049053894182400,58.56618237304688,319.87084404283513
1791049053904140500,58.576140625,319.82214178094046
1791049053914097700,58.58609765625,319.67811543713157
1791049053924055300,58.59605517578125,319.7392847687429
1791049053934013400,58.606013427734375,319.79374262902496
1791049053943971300,58.615971435546875,320.050701959207
1791049053953929500,58.625929443359375,319.42007427574214
1791049053963887400,58.635887451171875,319.6079644232621
1791049053973845500,58.645845458984375,319.48695276934336
1791049053983803400,58.655803466796876,319.5312316818796
1791049053993761500,58.665761474609376,319.3491935781827
1791049054003719400,58.675719482421876,319.84382093437665
1791049054013677300,58.68567724609375,319.6331156315213
1791049054023634400,58.69563452148437,319.32889373725726
1791049054033592600,58.70559252929687,319.51531292621416
1791049054043550500,58.71555053710937,319.11860145198546
1791049054053508600,58.72550854492187,319.586977489536
1791049054063466500,58.73546655273437,319.6480258219735
1791049054073424400,58.74542431640625,319.62684435613573
1791049054083382300,58.75538232421875,319.96118055805056
1791049054093340400,58.76534033203125,319.96118055805056
1791049054103298300,58.77529833984375,320.032071491514
1791049054113256400,58.78525634765625,319.7048056029035
1791049054123213600,58.79521362304688,320.7140782773013
1791049054133171200,58.805171142578125,320.43635642157676
1791049054143129300,58.81512939453125,320.18502333848824
1791049054153087500,58.82508740234375,320.30878141862615
1791049054163045400,58.83504541015625,319.8825955477297
1791049054173003500,58.84500341796875,320.3436114330718
1791049054182961400,58.85496142578125,319.89442840670887
1791049054192919600,58.86491943359375,319.9910927158759
1791049054202877400,58.87487744140625,320.02667564455527
1791049054212835600,58.88483569335938,320.0176379614438
1791049054222792400,58.89479248046875,319.88578051953044
1791049054232750300,58.90475024414062,319.9976394862912
1791049054242708500,58.91470849609375,319.6502766725118
1791049054252666400,58.92466625976562,319.65782419549026
1791049054262624500,58.93462451171875,319.6061775270183
1791049054272582700,58.944582763671875,319.6389413217423
1791049054282540300,58.95454028320312,319.6119714267194
1791049054292498400,58.96449853515625,319.42538531328296
1791049054302456300,58.97445629882812,319.5557128115163
1791049054312414700,58.984414794921875,319.3309686789773
1791049054322371800,58.99437182617187,319.6685231761089
1791049054332329700,59.00432983398437,319.3603824995055
1791049054342288000,59.01428784179687,319.3926951020091
1791049054352245500,59.02424560546875,319.48975802311946
1791049054362203600,59.03420361328125,319.34750411620655
1791049054372161500,59.04416162109375,319.3753266351901
1791049054382119700,59.05411962890625,320.0049603609458
1791049054392077600,59.06407763671875,319.8456225153458
1791049054402035700,59.07403564453125,319.62321653662684
1791049054411993900,59.08399389648437,319.76308161815115
1791049054421950500,59.093950439453124,319.87607458357905
1791049054431908600,59.10390869140625,319.92306584927513
1791049054441866800,59.11386669921875,320.38915781080107
1791049054451824600,59.12382470703125,320.4507324438206
1791049054461782800,59.13378271484375,320.031469878482
1791049054471740700,59.14374072265625,320.0891452246167
1791049054481698800,59.15369873046875,319.8858886119171
1791049054491656700,59.16365673828125,320.528666224599
1791049054501614600,59.173614501953125,320.2327743562658
1791049054511572500,59.183572509765625,319.9863305030551
1791049054521529600,59.19352954101562,319.9241549989078
1791049054531487700,59.20348779296875,319.55972150863295
1791049054541445600,59.21344555664062,320.0061890658602
1791049054551403800,59.22340380859375,319.74820070026806
1791049054561361700,59.23336157226562,319.69682687586646
1791049054571319600,59.24331958007812,319.75619856468757
1791049054581277700,59.25327758789062,319.8481826145283
1791049054591235600,59.26323559570312,319.984475863804
1791049054601193700,59.27319384765625,319.8002013743917
1791049054611151600,59.28315161132812,319.7632728808863
1791049054621108700,59.293108642578126,319.94745229967054
1791049054631067000,59.30306689453125,319.87400444134863
1791049054641024500,59.3130244140625,320.2921290402679
1791049054650982700,59.322982666015626,319.68900360024577
1791049054660940500,59.3329404296875,319.45531981980133
1791049054670898700,59.34289868164063,319.76873167923003
1791049054680856800,59.35285693359375,319.01740640584364
1791049054690814700,59.36281469726563,319.4594864066145
1791049054700772900,59.37277294921875,319.311054064957
1791049054710730800,59.38273071289063,319.12193614249395
1791049054720687600,59.3926875,319.15430306117094
1791049054730645800,59.40264575195312,319.3180760084201
1791049054740603600,59.412603759765624,319.67007729573044
1791049054750561800,59.422561767578124,319.4852676144628
1791049054760519700,59.432519775390624,319.2002510561208
1791049054770477800,59.442477783203124,319.49904976642205
1791049054780435700,59.452435791015624,319.15842610699815
1791049054790393600,59.4623935546875,320.02859214714385
1791049054800351700,59.472351806640624,319.55491981336365
1791049054810308600,59.48230859375,319.52939941294176
1791049054820266800,59.49226684570313,319.5752007808587
1791049054830224600,59.502224609375,319.4192938124496
1791049054840182800,59.51218286132813,319.7940975991689
1791049054850140700,59.522140625,319.30604117709413
1791049054860098600,59.5320986328125,319.49351081611593
1791049054870056700,59.542056640625,319.60592832877217
1791049054880014600,59.5520146484375,319.2218738703394
1791049054889972700,59.56197265625,318.8895415177121
1791049054899930600,59.5719306640625,318.8563897593691
1791049054909887700,59.5818876953125,318.4801558806235
1791049054919845600,59.591845703125,318.47443151547054
1791049054929803500,59.60180346679687,318.5861771098552
1791049054939761700,59.61176171875,319.47628139037914
1791049054949719600,59.621719482421874,318.8531477870677
1791049054959677700,59.631677734375,318.4517962221007
1791049054969635800,59.6416357421875,318.49122695455964
1791049054979593700,59.65159375,318.50753371680685
1791049054989551900,59.6615517578125,318.69039426330295
1791049054999509500,59.671509521484374,318.36331000281024
1791049055009466600,59.68146655273438,318.4559994479552
1791049055019424800,59.6914248046875,318.61229892856284
1791049055029382700,59.70138256835938,318.88739469646623
1791049055039340800,59.7113408203125,319.1302257713103
1791049055049298700,59.72129858398438,319.51396735804843
1791049055059256800,59.7312568359375,318.8504710468577
1791049055069214500,59.74121435546875,318.7753664197479
1791049055079172600,59.75117260742188,318.87610330254347
1791049055089130800,59.761130859375,319.3318916439904
1791049055099087600,59.771087646484375,319.3165167358656
1791049055109045800,59.781045654296875,319.0218719843541
1791049055119003600,59.791003662109375,318.8411326554317
1791049055128961800,59.8009619140625,318.7699426008402
1791049055138919700,59.810919677734375,318.80907173959326
1791049055148877600,59.820877685546876,318.7890729629329
1791049055158835700,59.830835693359376,319.016901781711
1791049055168793600,59.840793701171876,319.0309474393922
1791049055178751700,59.850751708984376,318.96853970148334
1791049055188709600,59.860709716796876,318.8621790666541
1791049055198666500,59.87066650390625,318.8749880724221
1791049055208624600,59.88062475585937,318.631259286827
1791049055218582500,59.89058251953125,318.8171351600684
1791049055228540700,59.90054077148437,318.51920106825435
1791049055238498600,59.91049853515625,318.6194262997713
1791049055248456700,59.92045678710937,318.84172340563293
1791049055258414800,59.93041479492187,319.01058733357974
1791049055268372700,59.94037280273437,318.9864247072757
1791049055278331000,59.95033081054687,318.8012266702477
1791049055288287700,59.96028784179688,318.66091833006124
1791049055298245600,59.97024560546875,318.6850148138734
1791049055308203800,59.98020385742188,319.5067071207245
1791049055318160600,59.99016064453125,319.0748822014332
1791049055328118500,60.00011840820312,318.5633028849099
1791049055338076700,60.01007666015625,318.7981521804506
1791049055348034600,60.02003466796875,318.44235491857665
1791049055357992400,60.02999243164062,318.50398820952296
1791049055367950300,60.03995043945312,318.31835247563004
1791049055377908500,60.04990844726562,318.3252843226896
1791049055387865600,60.059865478515626,318.75363759168357
1791049055397823500,60.069823486328126,318.6159175142166
1791049055407781600,60.07978173828125,318.58782047386586
1791049055417739500,60.089739501953126,319.0196430450482
1791049055427697400,60.099697509765626,318.948095395051
1791049055437655600,60.109655517578126,319.0269507218892
1791049055447613400,60.119613525390626,318.8071143224931
1791049055457571600,60.129571533203126,318.99209195351943
1791049055467529500,60.13952954101563,319.4465876029561
1791049055477486600,60.14948657226562,319.18572559004326
1791049055487444500,60.15944458007812,319.6357434039814
1791049055497402400,60.16940234375,319.42806889128974
1791049055507360500,60.17936059570312,319.72276970588894
1791049055517318400,60.189318359375,319.7579525828889
1791049055527276500,60.19927661132812,319.6033726173449
1791049055537234400,60.209234375,319.50016530515137
1791049055547192600,60.219192626953124,319.34937201215905
1791049055557150700,60.229150634765624,319.29146456896444
1791049055567107300,60.239107421875,319.65738059894574
1791049055577065500,60.2490654296875,319.3611404011247
1791049055587023600,60.25902368164063,319.4090194448972
1791049055596981500,60.2689814453125,319.1200573763109
1791049055606939600,60.27893969726563,318.89928557808787
1791049055616897500,60.2888974609375,318.7824536289996
1791049055626855700,60.29885571289063,318.4254943977701
1791049055636813300,60.308813232421876,318.59847560781304
1791049055646771500,60.318771484375,318.6622463848193
1791049055656728600,60.328728515625,318.70721636445336
1791049055666686500,60.3386865234375,318.5860362643062
1791049055676644600,60.34864453125,318.96257167188867
1791049055686602500,60.3586025390625,318.70864617911644
1791049055696560600,60.368560546875,318.63010860079453
1791049055706518500,60.3785185546875,318.4661808482813
1791049055716476400,60.38847631835937,318.28814658133115
1791049055726434600,60.3984345703125,318.28315461139607
1791049055736392400,60.408392333984374,318.40311777064363
1791049055746349600,60.418349609375,318.49544947918554
1791049055756307700,60.4283076171875,318.78545375363086
1791049055766265600,60.438265625,318.62885535313166
1791049055776223500,60.44822338867188,317.97096727965527
1791049055786181400,60.45818139648438,318.46671114335913
1791049055796139500,60.46813940429688,318.481626850314
1791049055806097400,60.47809741210938,318.3375289050545
1791049055816055600,60.4880556640625,317.8676201045675
1791049055826013400,60.49801342773438,318.1810342975004
1791049055835970300,60.50797021484375,318.64351502046975
1791049055845928400,60.517928466796874,318.180156289699
1791049055855886300,60.52788623046875,318.53995361911234
1791049055865844500,60.537844482421875,318.6846489746639
1791049055875802600,60.547802734375,318.86112767166804
1791049055885760500,60.557760498046875,319.0797169659242
1791049055895718700,60.56771875,319.27086583344135
1791049055905676500,60.577676513671875,319.2624293847169
1791049055915634700,60.587634765625,319.3375270131638
1791049055925591600,60.59759155273437,319.19427273649757
1791049055935549400,60.60754956054687,320.003259047521
1791049055945507600,60.61750756835937,319.82998581479455
1791049055955465500,60.62746557617187,319.4997573106983
1791049055965423600,60.63742358398437,319.22396430499873
1791049055975381500,60.64738159179687,318.8558762532782
1791049055985339400,60.65733935546875,318.8892816552443
1791049055995297500,60.66729760742187,318.6243697438919
1791049056005255400,60.67725537109375,318.74725865406407
1791049056015212500,60.687212646484376,318.7926605801591
1791049056025170700,60.697170654296876,318.8637679638905
1791049056035128600,60.707128662109376,319.04676829911426
1791049056045086700,60.717086669921876,318.9094779259067
1791049056055044400,60.72704443359375,319.1587019005324
1791049056065002500,60.73700244140625,319.34578497866744
1791049056074960400,60.74696044921875,319.1071180159457
1791049056084918500,60.75691845703125,318.937010510253
1791049056094876400,60.76687646484375,318.77860962360194
1791049056104833500,60.77683349609375,318.52732072325887
1791049056114791700,60.78679174804687,318.64410804302474
1791049056124749300,60.79674926757812,318.48992842722856
1791049056134707500,60.80670751953125,318.4599570250107
1791049056144665600,60.81666552734375,318.32368313205353
1791049056154623500,60.82662353515625,318.24448643873774
1791049056164581600,60.83658154296875,317.929395525495
1791049056174539500,60.84653955078125,318.23713164438277
1791049056184497700,60.85649755859375,318.3192321833693
1791049056194454500,60.86645458984375,318.96432800910134
1791049056204412400,60.876412353515626,319.1221090000373
1791049056214370600,60.88637060546875,318.66516919388175
1791049056224328400,60.896328369140626,318.76173331793876
1791049056234286600,60.90628662109375,318.46804776304975
1791049056244244500,60.916244384765626,318.7316308041392
1791049056254202600,60.92620263671875,318.9659416816459
1791049056264160500,60.93616040039063,318.4353907570004
1791049056274118400,60.94611840820313,318.8346929534202
1791049056284075500,60.95607543945312,318.48762599440556
1791049056294033400,60.96603344726562,318.09295561650634
1791049056303991600,60.97599145507812,318.6349453653506
1791049056313950500,60.98595043945313,318.2922258432013
1791049056323908600,60.99590869140625,318.3711932524347
1791049056333866500,61.00586645507813,318.11109201612555
1791049056343824600,61.01582470703125,318.1027555719664
1791049056353782500,61.02578247070313,318.18709769011815
1791049056363740400,61.03574047851563,318.31704486414185
1791049056373697500,61.045697509765624,318.1718753360589
1791049056383655400,61.055655517578124,317.9999806783817
1791049056393613600,61.065613525390624,317.4904175371675
1791049056403571700,61.07557177734375,317.139862963381
1791049056413529600,61.085529541015624,317.29940842227904
1791049056423487500,61.095487548828125,316.93700284083866
1791049056433445400,61.1054453125,317.0720368580835
1791049056443403500,61.115403564453125,316.8559645093471
1791049056453360600,61.12536059570313,317.92209909191257
1791049056463318500,61.13531860351563,317.48437320830607
1791049056473276700,61.14527661132813,317.06487530471645
1791049056483234300,61.155234375,316.72754540224906
1791049056493192400,61.1651923828125,316.7276756616867
1791049056503150300,61.175150390625,317.1060708422186
1791049056513108500,61.1851083984375,316.81246222081336
1791049056523066600,61.19506665039062,317.0251270909174
1791049056533024500,61.2050244140625,316.8742043156637
1791049056542981600,61.214981689453126,316.88276493952935
1791049056552939500,61.224939453125,317.0986525117664
1791049056562897400,61.2348974609375,317.0986525117664
1791049056572855600,61.24485546875,317.44996163613484
1791049056582813400,61.2548134765625,317.27124003899485
1791049056592771600,61.264771484375,317.20784587581784
1791049056602729500,61.2747294921875,317.1625065006419
1791049056612687600,61.2846875,317.5456920789374
1791049056622644500,61.29464453125,317.29511899510015
1791049056632602400,61.30460229492188,316.9990194934689
1791049056642560500,61.314560546875,316.84393664383657
1791049056652518400,61.32451831054688,316.95373014751533
1791049056662476500,61.3344765625,317.106879886917
1791049056672434700,61.3444345703125,317.06248052110095
1791049056682392600,61.354392578125,317.21430072588726
1791049056692350700,61.36435083007812,317.1493107561227
1791049056702308400,61.37430834960937,316.98262169938863
1791049056712265500,61.384265380859375,316.8981417059064
1791049056722223600,61.3942236328125,317.194280194764
1791049056732181500,61.404181396484375,317.1568110157582
1791049056742139600,61.4141396484375,316.8983458444657
1791049056752097500,61.42409765625,316.80481805135685
1791049056762055700,61.4340556640625,316.95700016471363
1791049056772013300,61.444013427734376,316.9396015476136
1791049056781971500,61.453971435546876,316.798658660886
1791049056791928600,61.46392846679687,316.4958554955714
1791049056801886500,61.47388647460937,316.51145482616573
1791049056811844600,61.4838447265625,316.5931569534539
1791049056821802500,61.49380249023437,316.5281718567039
1791049056831760400,61.50376049804687,316.04008139052337
1791049056841718500,61.51371850585937,315.92331671538847
1791049056851676400,61.52367651367187,316.06342034013943
1791049056861634600,61.53363452148437,315.6818275874091
1791049056871592400,61.54359252929687,316.0366553186725
1791049056881549600,61.55354956054688,315.94229998972554
1791049056891507700,61.5635078125,315.90226189148655
1791049056901465300,61.57346533203125,316.1820233725857
1791049056911423500,61.58342358398438,315.8775154833062
1791049056921381400,61.59338134765625,315.7478668418436
1791049056931339500,61.60333959960938,315.4123504964466
1791049056941297400,61.61329736328125,315.3595677685077
1791049056951255600,61.62325561523438,315.1906820587928
1791049056961212700,61.633212646484374,315.3489223163964
1791049056971170300,61.64317041015625,315.5550993169485
1791049056981128400,61.65312841796875,315.4543971038314
1791049056991086600,61.663086669921874,315.48604791749915
1791049057001044500,61.67304443359375,315.57125198070196
1791049057011002600,61.683002685546874,315.3126994648018
1791049057020960500,61.69296044921875,315.84569631300445
1791049057030918700,61.702918701171875,315.55116831827274
1791049057040876500,61.71287646484375,315.60617330843013
1791049057050833400,61.72283349609375,315.4764662105374
1791049057060791600,61.73279150390625,315.21877260428533
1791049057070749400,61.74274951171875,315.3235258903863
1791049057080707600,61.75270751953125,315.4646125299898
1791049057090665500,61.76266552734375,315.60723254254543
1791049057100623600,61.77262353515625,315.6074773768336
1791049057110581800,61.78258178710937,315.0269607608105
1791049057120539400,61.79253930664063,315.27153298201955
1791049057130496500,61.80249658203125,315.47288462755023
1791049057140454700,61.81245458984375,315.61437653654707
1791049057150412500,61.82241259765625,315.63450955167366
1791049057160370700,61.83237060546875,315.32558675402106
1791049057170328600,61.84232861328125,315.9673656768517
1791049057180286500,61.852286376953124,315.4686490355074
1791049057190244400,61.862244384765624,315.59231163672024
1791049057200202500,61.872202392578124,315.27563509505694
1791049057210159600,61.88215966796875,315.4371014764588
1791049057220117500,61.89211743164063,315.639438881428
1791049057230075600,61.90207568359375,315.35306224151543
1791049057240033500,61.91203344726563,315.0032543683117
1791049057249991400,61.92199145507813,315.1162879914927
1791049057259949600,61.93194946289063,315.47967870257764
1791049057269907500,61.94190747070313,315.62445611279776
1791049057279865600,61.95186547851562,315.2637495526696
1791049057289822500,61.961822509765625,314.7992161175464
1791049057299780600,61.971780517578125,314.98201604887913
1791049057309738800,61.98173876953125,314.90215499088885
1791049057319696100,61.99169604492187,315.23091363333094
1791049057329654300,62.001654296875,314.9107909529066
1791049057339612200,62.011612060546874,314.8971541590308
1791049057349570000,62.021570068359374,314.88333072392714
1791049057359528200,62.031528076171874,314.94380206759604
1791049057369486000,62.041486083984374,315.29000276992565
1791049057379443200,62.05144311523438,314.9689139221012
1791049057389401000,62.06140112304688,315.0929880334211
1791049057399359200,62.07135913085938,314.9639476334157
1791049057409317400,62.0813173828125,315.33202274750664
1791049057419275000,62.09127490234375,315.6772673178485
1791049057429233200,62.10123315429688,315.42984496633807
1791049057439191000,62.11119091796875,315.485772064436
1791049057449149200,62.12114916992188,315.4635584157975
1791049057459106300,62.131106201171875,315.60509932413856
1791049057469064200,62.141064208984375,316.12710051258307
1791049057479022000,62.15102197265625,315.73564943322833
1791049057488980000,62.16097998046875,316.20251808853465
1791049057498938000,62.170938232421875,316.19649076327755
1791049057508896000,62.18089599609375,316.0530455338389
1791049057518854100,62.190854248046875,315.9355537324012
1791049057528812300,62.200812255859375,316.05066402355516
1791049057538769200,62.21076904296875,315.91953043478605
1791049057548727000,62.22072705078125,315.8032223628755
1791049057558685200,62.23068530273437,316.14273599666114
1791049057568643000,62.24064306640625,316.048015250347
1791049057578601200,62.25060131835937,315.9044333510762
1791049057588559000,62.26055908203125,315.9144795625518
1791049057598517200,62.27051733398437,315.9185878245941
1791049057608475100,62.28047509765625,315.7361355091389
1791049057618432000,62.290431884765624,316.3679465413462
1791049057628390100,62.30039013671875,316.03210703588803
1791049057638348000,62.31034814453125,315.96467201441527
1791049057648306200,62.32030615234375,315.69262348059397
1791049057658264000,62.33026416015625,315.7716493114247
1791049057668222200,62.34022216796875,316.0552712303349
1791049057678180000,62.35018017578125,315.6307736061644
1791049057688138200,62.36013818359375,315.76199129172244
1791049057698095000,62.37009521484375,315.36474247085243
1791049057708053000,62.38005297851562,315.5875241562388
1791049057718011100,62.39001123046875,315.45599122923176
1791049057727969300,62.39996923828125,315.61634190079775
1791049057737927200,62.40992724609375,315.53193893307315
1791049057747885300,62.41988525390625,315.3862465292334
1791049057757843200,62.42984326171875,315.09180409912335
1791049057767801000,62.43980102539062,315.6699014113236
1791049057777758200,62.44975830078125,315.04844694927084
1791049057787716000,62.459716064453126,315.31952740919104
1791049057797674200,62.46967431640625,315.22416867733375
1791049057807632100,62.479632080078126,315.2690751430444
1791049057817590300,62.48959033203125,315.50992147268954
1791049057827548000,62.4995478515625,315.066803416016
1791049057837506000,62.509506103515626,315.2085873459134
1791049057847464200,62.519464111328126,315.0012638106554
1791049057857421000,62.52942114257812,315.1025130890313
1791049057867379200,62.53937915039062,315.16352732281774
1791049057877337300,62.54933740234375,315.2234899096178
1791049057887295200,62.55929516601562,315.5330044850838
1791049057897253000,62.56925317382812,315.65167600032953
1791049057907211000,62.5792109375,316.03664450565924
1791049057917169200,62.58916918945312,316.4884335983996
1791049057927127000,62.599126953125,316.4717471831408
1791049057937084200,62.60908422851563,316.9517982349914
1791049057947042300,62.61904223632813,316.4638686516451
1791049057957000200,62.62900024414063,316.721676976942
1791049057966958000,62.6389580078125,316.721176123079
1791049057976916000,62.648916015625,316.79509979983436
1791049057986874000,62.6588740234375,316.42761507531884
1791049057996832300,62.66883227539063,316.26861252332344
1791049058006790100,62.6787900390625,316.2542284973238
1791049058016747300,62.688747314453124,316.0989229067421
1791049058026705200,62.698705078125,316.42334857659876
1791049058036663000,62.7086630859375,316.61038468034843
1791049058046621200,62.71862109375,316.5445573170339
1791049058056579000,62.7285791015625,316.23690507224273
1791049058066537200,62.738537109375,316.8614803129228
1791049058076495000,62.7484951171875,316.57431876242134
1791049058086453200,62.758453369140625,316.4465485142315
1791049058096410000,62.76841015625,316.3563816267173
1791049058106368000,62.77836791992188,316.28480213906505
1791049058116326100,62.788326171875,316.51929085845825
1791049058126284000,62.79828393554688,316.33514956613055
1791049058136242200,62.8082421875,316.2675104847925
1791049058146200000,62.81819995117188,316.03365238629823
1791049058156158200,62.828158203125,316.2050127668929
1791049058166116400,62.83811645507812,316.1105204941113
1791049058176073000,62.848072998046874,316.0431135348321
1791049058186031000,62.858031005859374,315.92626493279374
1791049058195989200,62.8679892578125,315.8974034041115
1791049058205947100,62.877947021484374,315.32715524752905
1791049058215905300,62.8879052734375,315.63327899214954
1791049058225863200,62.89786328125,315.4884330261303
1791049058235821300,62.9078212890625,315.75891375671245
1791049058245778200,62.91777807617188,315.3807241827707
1791049058255736000,62.92773608398438,315.39820074645866
1791049058265694200,62.93769409179688,315.63634907403525
1791049058275652000,62.94765209960938,315.6219343339763
1791049058285610200,62.9576103515625,315.63852472716565
1791049058295568100,62.96756811523438,315.28493912946965
1791049058305526300,62.9775263671875,315.80186293376414
1791049058315484200,62.98748413085937,315.2997112679332
1791049058325441300,62.997441162109375,315.4292379966101
1791049058335399400,63.0073994140625,315.4444899236657
1791049058345357300,63.017357421875,315.845966115337
1791049058355315200,63.027315185546875,315.9345166117457
1791049058365273300,63.0372734375,316.1010309984994
1791049058375231200,63.047231201171876,316.1274039650393
1791049058385189400,63.057189453125,316.2031309371628
1791049058395147300,63.067147216796876,316.25331547444387
1791049058405104400,63.0771044921875,317.32346024360123
1791049058415062500,63.0870625,316.56559064001704
1791049058425020200,63.09702026367187,315.9563279777239
1791049058434978300,63.10697827148437,315.79553342635023
1791049058444936200,63.11693627929687,316.2091292385509
1791049058454894300,63.12689428710937,316.6740598832358
1791049058464852200,63.13685229492187,316.83069023705286
1791049058474810400,63.14681030273437,316.7652743066548
1791049058484767200,63.15676733398438,316.5111709455342
1791049058494725000,63.16672509765625,316.7729973616922
1791049058504683300,63.17668334960938,316.67726951639617
1791049058514641400,63.18664135742188,316.7316249370142
1791049058524599300,63.19659936523438,316.3568582515348
1791049058534557400,63.20655737304688,316.3247815127821
1791049058544515300,63.21651538085938,316.1967757872172
1791049058554472200,63.22647216796875,316.93039408340456
1791049058564430300,63.236430419921874,316.32271492337213
1791049058574388200,63.24638818359375,316.15690116287004
1791049058584346400,63.256346435546874,316.05059315343885
1791049058594304300,63.26630419921875,315.6496590376612
1791049058604262400,63.276262451171874,316.03435747332776
1791049058614220300,63.28622021484375,315.979598424039
1791049058624178400,63.296178466796874,316.03209191512593
1791049058634135300,63.30613525390625,316.2283852269471
1791049058644093200,63.31609326171875,316.0318489001417
1791049058654051300,63.32605126953125,315.944116381196
1791049058664009200,63.33600927734375,315.846907583853
1791049058673967400,63.34596728515625,315.6796506187386
1791049058683925500,63.35592553710938,316.15388039132966
1791049058693883400,63.36588330078125,315.8740573821697
1791049058703840300,63.37584033203125,316.4976924309311
1791049058713798400,63.38579833984375,316.0604473815503
1791049058723756300,63.39575634765625,315.9688718828012
1791049058733714400,63.40571435546875,316.2620112824623
1791049058743672300,63.41567236328125,315.84572218137674
1791049058753630500,63.42563037109375,315.97940046150694
1791049058763588400,63.43558837890625,315.84311733309164
1791049058773546200,63.445546142578124,315.6967119112335
1791049058783503400,63.45550341796875,316.0606216251969
1791049058793461200,63.46546118164063,316.12564475643904
1791049058803419400,63.47541943359375,316.1559814722998
1791049058813377300,63.48537719726563,316.52352661632585
1791049058823335400,63.49533544921875,316.65749006555006
1791049058833293300,63.50529321289063,316.7132051304522
1791049058843251200,63.51525122070313,316.61123098915925
1791049058853209300,63.52520922851563,316.62194931263065
1791049058863166200,63.535166259765624,316.6888829273318
1791049058873124400,63.545124267578124,316.97027124120626
1791049058883082500,63.55508251953125,316.88380251494436
1791049058893040400,63.565040283203125,317.16687717514355
1791049058902998300,63.574998291015625,317.3623756552597
1791049058912956200,63.5849560546875,317.13728333076386
1791049058922914300,63.594914306640625,317.47147975089877
1791049058932871400,63.60487133789063,317.4320005793795
1791049058942829300,63.61482934570312,317.2522258188432
1791049058952787500,63.62478735351562,316.91902072917907
1791049058962745300,63.63474536132812,316.82340542037974
1791049058972703200,63.644703125,317.0993393344771
1791049058982661000,63.6546611328125,317.1100984074131
1791049058992619300,63.66461938476562,317.8695188556125
1791049059002577400,63.67457739257812,317.8695188556125
1791049059012534300,63.6845341796875,317.47090765904204
1791049059022492400,63.694492431640626,315.25800080669995
1791049059032450300,63.7044501953125,315.25800080669995
1791049059042408200,63.714408203125,314.17467585824903
1791049059052366300,63.724366455078126,313.61808409446985
1791049059062324200,63.73432421875,313.5127856073264
1791049059072282400,63.744282470703126,313.52792839894227
1791049059082239500,63.75423950195312,313.6203373558431
1791049059092197400,63.764197265625,313.4945322946994
1791049059102155300,63.7741552734375,313.973512800199
1791049059112113200,63.78411303710938,313.5114740421791
1791049059122071300,63.7940712890625,313.60894932716633
1791049059132029200,63.804029296875,313.8656306195155
1791049059141987300,63.8139873046875,313.6625233622176
1791049059151945500,63.82394555664062,313.6599802922463
1791049059161902300,63.83390234375,313.9326573966771
1791049059171860200,63.843860107421875,314.1115859764387
1791049059181818400,63.853818359375,313.5233394340463
1791049059191776300,63.8637763671875,313.2594556034734
1791049059201734400,63.873734375,313.1791021898704
1791049059211692300,63.8836923828125,313.7711873290133
1791049059221650400,63.893650390625,313.43335452147426
1791049059231607300,63.90360717773437,313.3332274195145
1791049059241565200,63.91356518554687,313.3007308428714
1791049059251523300,63.9235234375,313.352899479364
1791049059261481200,63.93348120117187,313.79948647545
1791049059271439400,63.943439453125,313.41799469201305
1791049059281397200,63.95339721679687,313.52281080456845
1791049059291355400,63.96335546875,313.4145172461129
1791049059301312300,63.973312255859376,312.9534157570066
1791049059311270100,63.983270263671876,313.47650931662616
1791049059321228000,63.99322802734375,313.8190741618203
1791049059331186200,64.00318627929687,313.5496655884478
1791049059341144000,64.01314404296875,313.9829852342831
1791049059351102200,64.02310229492187,314.1957821324839
1791049059361060000,64.03306005859375,314.0116977532724
1791049059371018200,64.04301831054687,314.85293627984424
1791049059380975400,64.05297534179688,314.7034998205867
1791049059390933000,64.06293310546874,314.6396351370983
1791049059400891100,64.07289111328124,314.2396188146706
1791049059410849000,64.08284912109374,313.83303088419405
1791049059420807200,64.09280712890624,314.22450258919355
1791049059430765000,64.10276513671874,314.9070120515746
1791049059440723200,64.11272314453124,315.06565119535054
1791049059450680300,64.12268041992188,315.10463069452976
1791049059460638000,64.13263793945312,315.1798903191696
1791049059470596000,64.14259619140626,315.01192969898227
1791049059480554000,64.15255395507812,315.3265292685362
1791049059490512100,64.16251220703126,315.18189718645266
1791049059500470300,64.17247021484376,314.9553330380973
1791049059510428200,64.18242822265626,314.7010549882267
1791049059520385000,64.19238500976563,314.2560514617164
1791049059530343200,64.20234326171875,314.1940739002886
1791049059540301000,64.21230102539063,314.7813039962784
1791049059550259200,64.22225927734375,314.15157287254107
1791049059560217000,64.23221704101563,313.86007005838684
1791049059570175200,64.24217529296875,313.8961571467434
1791049059580133000,64.25213305664063,313.8588692503523
1791049059590091300,64.26209130859375,314.0579548374574
1791049059600048000,64.27204809570313,313.9328303673206
1791049059610006000,64.28200610351563,314.1910116337333
1791049059619964200,64.29196411132813,314.2203988031956
1791049059629922000,64.30192211914063,314.2689192488309
1791049059639880200,64.31188012695313,314.6341089531523
1791049059649838300,64.32183837890625,314.5013701781803
1791049059659796200,64.33179614257813,314.45237329438356
1791049059669753000,64.34175317382812,314.478504095498
1791049059679711000,64.3517109375,314.18470352085404
1791049059689669000,64.36166918945312,314.4971317300001
1791049059699627300,64.37162719726562,314.3241177653091
1791049059709585200,64.38158520507812,314.2301721788104
1791049059719543300,64.39154321289062,314.40765431643723
1791049059729501200,64.40150122070312,314.0037765162638
1791049059739458000,64.4114580078125,315.246771274979
1791049059749416200,64.42141625976562,314.3611739531732
1791049059759374000,64.4313740234375,314.210780405807
1791049059769332200,64.44133227539062,314.1358678480273
1791049059779290000,64.4512900390625,314.4135540666983
1791049059789248300,64.46124829101562,314.98474093129437
1791049059799206100,64.4712060546875,314.7293965612749
1791049059809163000,64.4811630859375,314.86166049421826
1791049059819121200,64.49112109375,314.9274591280655
1791049059829079000,64.5010791015625,315.21260426134836
1791049059839037200,64.511037109375,315.37023438733456
1791049059848995300,64.52099536132812,315.64867095699014
1791049059858953200,64.530953125,315.84960574442175
1791049059868911000,64.5409111328125,315.7649412213892
1791049059878868200,64.5508681640625,315.5461789505023
1791049059888826000,64.560826171875,315.9439625526667
1791049059898784300,64.5707841796875,315.66493120650864
1791049059908742100,64.5807421875,315.45786573107614
1791049059918700300,64.5907001953125,315.17327631862366
1791049059928658200,64.600658203125,315.7861974396313
1791049059938616000,64.61061596679687,316.35939564370153
1791049059948574000,64.62057397460937,315.8805779464101
1791049059958531000,64.63053100585938,316.04261962271255
1791049059968489200,64.6404892578125,316.07703485347673
1791049059978447000,64.65044702148438,316.1099761006484
1791049059988405200,64.6604052734375,316.4638479123109
1791049059998363100,64.67036303710937,315.2571811925124
1791049060008321000,64.68032104492187,316.20739282781744
1791049060018279200,64.69027905273437,316.10960863336913
1791049060028236000,64.70023608398438,315.76619759317344
1791049060038194200,64.71019409179688,315.96997832548516
1791049060048152300,64.72015234375,316.1361351340892
1791049060058110200,64.73011010742188,316.45319435211763
1791049060068068000,64.74006811523438,316.0556280762594
1791049060078026000,64.75002587890626,316.36025258678706
1791049060087984000,64.75998413085938,316.60771133515334
1791049060097941200,64.76994116210938,317.1633062404103
1791049060107899100,64.77989916992188,316.93111683054406
1791049060117857300,64.78985717773438,316.7624944393785
1791049060127815200,64.79981518554688,316.80622608039755
1791049060137773000,64.80977294921875,316.4674570813775
1791049060147731000,64.81973095703125,316.6375347481922
1791049060157689000,64.82968920898438,317.02236766029677
1791049060167646200,64.83964624023437,316.69391262103886
1791049060177604000,64.84960400390625,316.99990398434244
1791049060187562200,64.85956225585937,317.6098537180815
1791049060197520400,64.86952026367187,316.8497087937271
1791049060207478000,64.87947802734375,316.7661783289095
1791049060217436200,64.88943627929687,316.9638567791503
1791049060227394000,64.89939404296875,317.80528474149054
1791049060237351200,64.90935107421875,317.6308905007724
1791049060247309300,64.91930932617187,317.8486142354193
1791049060257267200,64.92926708984375,318.2471895121597
1791049060267225000,64.93922509765625,318.39997688649316
1791049060277183000,64.94918286132813,318.8003120441211
1791049060287141000,64.95914111328125,317.9788951841624
1791049060297099000,64.96909912109375,318.13006703875436
1791049060307056000,64.97905615234374,318.83770454774117
1791049060317013800,64.989013671875,319.2496485288451
1791049060326971600,64.9989716796875,319.566904109649
1791049060336929800,65.0089296875,319.4912756325053
1791049060346888000,65.01888793945312,319.3895573633469
1791049060356845800,65.028845703125,319.5556230287893
1791049060366804000,65.03880395507812,319.04588616779773
1791049060376760800,65.0487607421875,319.41687232948925
1791049060386718700,65.05871875,320.25921496863475
1791049060396676900,65.0686767578125,319.8946964009921
1791049060406634800,65.078634765625,320.11796725558827
1791049060416593000,65.08859301757812,319.8949593119554
1791049060426550800,65.09855078125,319.7740807059692
1791049060436508700,65.1085087890625,319.5644564682302
1791049060446465800,65.1184658203125,319.6194480340906
1791049060456423700,65.12842358398437,319.4841284265112
1791049060466381800,65.1383818359375,319.4460633510815
1791049060476339700,65.14833959960937,320.6700539088948
1791049060486297900,65.1582978515625,319.6807995736483
1791049060496256000,65.16825610351563,320.29968294915614
1791049060506213600,65.17821362304687,319.9709664594575
1791049060516170800,65.18817065429687,319.4450947957438
1791049060526129000,65.19812890625,319.4624233299284
1791049060536086800,65.20808666992187,319.14445999696903
1791049060546045000,65.218044921875,319.9295961927312
1791049060556002800,65.2280029296875,319.89408793826067
1791049060565961000,65.2379609375,319.79639703579744
1791049060575918600,65.24791870117187,319.9603793747866
1791049060585875700,65.25787573242188,320.0719671577165
1791049060595833900,65.26783374023438,319.9554889160991
1791049060605791700,65.27779174804688,319.687014187567
1791049060615750000,65.28775,320.0741084396369
1791049060625707800,65.29770776367188,320.11270835757625
1791049060635665700,65.30766577148438,320.7249535713152
1791049060645623800,65.31762377929688,320.87912986853
1791049060655580700,65.32758056640625,320.79186508402023
1791049060665538800,65.33753881835938,320.6161373595401
1791049060675496700,65.34749658203125,320.74324229547716
1791049060685454800,65.35745483398438,321.64891100609054
1791049060695413000,65.3674130859375,321.5713175101641
1791049060705370600,65.37737060546876,321.80580614740023
1791049060715328800,65.38732885742188,321.5740954754141
1791049060725286000,65.39728588867187,322.88114898155266
1791049060735243800,65.40724389648437,322.8287601886659
1791049060745202000,65.41720190429687,323.2471002325064
1791049060755159800,65.42715991210937,323.3936862592783
1791049060765118000,65.43711791992187,322.5535319799756
1791049060775075600,65.44707568359375,322.3277487018326
1791049060785033700,65.45703369140625,322.70973113997576
1791049060794990800,65.46699096679687,323.13288538969164
1791049060804948700,65.47694873046875,322.8969311436044
1791049060814907000,65.48690698242187,323.25044425004575
1791049060824864800,65.49686474609375,323.11594526554956
1791049060834822700,65.50682275390625,323.2650237243191
1791049060844780800,65.51678076171875,323.57295921454437
1791049060854737700,65.52673754882812,323.43416032554035
1791049060864695800,65.53669580078125,323.91515854362314
1791049060874653700,65.54665380859375,323.643186326548
1791049060884611800,65.55661181640625,323.14462245491234
1791049060894570000,65.56657006835937,323.40322413344813
1791049060904527600,65.57652758789062,324.0464814539756
1791049060914485800,65.58648583984375,323.91317791976866
1791049060924443000,65.59644287109376,324.14817188256677
1791049060934400800,65.60640087890626,324.40346796238987
1791049060944359000,65.61635888671876,324.77258534226826
1791049060954316800,65.62631689453124,325.49906985826
1791049060964275000,65.63627490234374,325.39787926621574
1791049060974232600,65.64623266601562,325.6839477857937
1791049060984190700,65.65619067382812,325.5635568458098
1791049060994147800,65.66614794921875,325.0654439670326
1791049061004105700,65.67610571289063,325.29949486297903
1791049061014063900,65.68606396484375,325.6597049357464
1791049061024021800,65.69602172851563,325.4485818879824
1791049061033979600,65.70597973632813,325.5807479422238
1791049061043937800,65.71593774414063,325.6972691166642
1791049061053895700,65.72589575195312,325.66209391287725
1791049061063852800,65.73585278320313,325.4157088640835
1791049061073810700,65.74581079101563,325.86841433975076
1791049061083768800,65.75576879882813,326.64343538155595
1791049061093727000,65.76572705078125,326.2369884166375
1791049061103684600,65.7756845703125,326.9182606369887
1791049061113642800,65.78564282226563,326.75318908692657
1791049061123600000,65.79559985351563,327.01204884353655
1791049061133557800,65.80555786132813,327.2345460099167
1791049061143516000,65.81551586914063,326.90825860352464
1791049061153473800,65.82547387695313,327.00190954729163
1791049061163432000,65.83543188476563,327.0261215735949
1791049061173389600,65.8453896484375,327.1330051628567
1791049061183347700,65.85534765625,327.5207832227277
1791049061193304800,65.86530493164062,327.8836816994301
1791049061203262700,65.8752626953125,327.48689717788903
1791049061213220900,65.88522094726562,327.5863807819568
1791049061223178800,65.8951787109375,327.22441634049414
1791049061233136600,65.90513671875,327.9382072666041
1791049061243094800,65.9150947265625,328.0059133969492
1791049061253052700,65.925052734375,328.242654671782
1791049061263009800,65.935009765625,327.957624475825
1791049061272968000,65.94496801757812,327.66204470183885
1791049061282925800,65.95492578125,327.90802559040617
1791049061292884000,65.96488403320312,327.4565289087867
1791049061302841600,65.97484155273438,328.45442509896907
1791049061312799700,65.9847998046875,327.69735517419707
1791049061322757600,65.99475756835938,327.4814022101997
1791049061332714800,66.00471484375,327.57513849759437
1791049061342673000,66.0146728515625,327.2886766294888
1791049061352630800,66.024630859375,327.7248226221237
1791049061362589000,66.0345888671875,327.854542688084
1791049061372546600,66.04454663085937,327.79851586639666
1791049061382504700,66.05450463867187,327.8734647215259
1791049061392461800,66.0644619140625,328.09377077585714
1791049061402419700,66.07441967773437,328.1606624085508
1791049061412377900,66.0843779296875,328.2189812372161
1791049061422335700,66.09433569335937,327.9763208169359
1791049061432293600,66.10429370117187,328.0758436760656
1791049061442251800,66.11425170898437,328.2319395973739
1791049061452209700,66.12420971679687,327.8044459403592
1791049061462166800,66.13416674804688,327.70419089683617
1791049061472125000,66.144125,327.6812589523738
1791049061482082800,66.15408276367188,328.3845661174817
1791049061492041000,66.164041015625,327.9933532335408
1791049061501998600,66.17399853515624,329.58737656563983
1791049061511956700,66.18395678710938,328.55354435249257
1791049061521914600,66.19391455078124,328.56501086123507
1791049061531871700,66.20387182617188,328.58181201341597
1791049061541830000,66.21382983398438,329.254822215218
1791049061551787800,66.22378784179688,329.6169983612289
1791049061561746000,66.23374584960938,329.19689305364835
1791049061571703600,66.24370361328126,329.4535152131669
1791049061581661700,66.25366162109376,330.1734583822712
1791049061591618800,66.26361889648437,330.71791008619925
1791049061601576700,66.27357666015625,330.71791008619925
1791049061611534800,66.28353491210937,330.9153446884832
1791049061621492700,66.29349267578125,331.37778070785316
1791049061631450600,66.30345068359375,331.3259344425392
1791049061641408800,66.31340869140625,331.4401381399594
1791049061651366700,66.32336669921875,331.6035200273863
1791049061661323800,66.33332373046875,332.31397530916865
1791049061671282000,66.34328198242187,331.9904573621315
1791049061681239800,66.35323974609375,331.82873166836765
1791049061691198000,66.36319799804687,332.4837183346271
1791049061701155600,66.37315551757813,331.80147667341237
1791049061711113700,66.38311376953125,332.85697300697115
1791049061721071600,66.39307153320313,332.01901404445135
1791049061731028700,66.40302880859375,331.64896343751644
1791049061740987000,66.41298681640625,332.26263872808363
1791049061750944800,66.42294482421875,332.1557298632445
1791049061760903000,66.43290283203125,331.7437199225715
1791049061770860500,66.44286059570312,331.86851135813185
1791049061780818700,66.45281860351562,332.0818837579381
1791049061790775800,66.46277587890626,332.14988065866834
1791049061800733700,66.47273364257812,332.993712102234
1791049061810691800,66.48269189453126,332.46671608581704
1791049061820650000,66.49264990234374,332.1521343370799
1791049061830607600,66.50260766601562,331.9796470437188
1791049061840565800,66.51256567382812,331.5665977402907
1791049061850523000,66.52252294921875,331.72872250016184
1791049061860480800,66.53248071289063,331.76522662718526
1791049061870439000,66.54243896484375,331.67426621726577
1791049061880396800,66.55239672851563,331.81929610976084
1791049061890355000,66.56235498046875,332.14256923447897
1791049061900312600,66.5723125,331.63829607829257
1791049061910270700,66.58227075195313,331.5858795444821
1791049061920227800,66.59222778320313,331.5148365041876
1791049061930185700,66.60218579101563,332.21305152308196
1791049061940143900,66.61214379882813,331.80208090674853
1791049061950101800,66.62210180664063,331.53260438446716
1791049061960060000,66.63205981445313,332.2766659196742
1791049061970017800,66.64201782226563,332.09013495387893
1791049061979975700,66.6519755859375,332.01303113358824
1791049061989932800,66.66193286132813,332.3190518517385
1791049061999890700,66.671890625,331.90990458100777
1791049062009848800,66.68184887695313,332.1241048487122
1791049062019807000,66.69180688476563,331.97255159791
1791049062029764600,66.7017646484375,333.4447611620272
1791049062039722800,66.71172265625,332.53857202559135
1791049062049680000,66.72167993164062,332.8297258557892
1791049062059637800,66.7316376953125,332.82382520646985
1791049062069596000,66.74159594726562,333.38370445222154
1791049062079553800,66.7515537109375,333.2285434310842
1791049062089512000,66.76151196289062,333.1799591998006
1791049062099469600,66.77146948242188,333.7265293433108
1791049062109426700,66.7814267578125,333.5497030565028
1791049062119384800,66.791384765625,333.3885524548031
1791049062129342700,66.8013427734375,333.92312095183695
1791049062139300900,66.81130078125,333.62292618984185
1791049062149258800,66.8212587890625,333.81032644343134
1791049062159217000,66.831216796875,333.17211803993234
1791049062169174800,66.8411748046875,333.7871683909294
1791049062179131600,66.85113159179687,333.34701075920344
1791049062189089800,66.86108984375,333.4333523809704
1791049062199047700,66.87104760742187,332.86685882920256
1791049062209005800,66.881005859375,333.2492334125376
1791049062218964000,66.8909638671875,333.0597378518803
1791049062228921600,66.90092163085937,333.28189493019414
1791049062238878700,66.91087866210937,333.66388536432885
1791049062248836900,66.9208369140625,333.5210282516377
1791049062258794800,66.93079467773437,333.0464337392351
1791049062268753000,66.9407529296875,332.9867109705732
1791049062278710800,66.95071069335937,333.6198682209708
1791049062288669000,66.9606689453125,333.3862527601782
1791049062298626600,66.97062646484375,332.88864365344455
1791049062308583700,66.98058374023438,333.90873641142076
1791049062318542600,66.99054248046875,333.239174528165
1791049062328500500,67.00050048828125,333.6366933302588
1791049062338458400,67.01045825195312,333.4514294563041
1791049062348416300,67.02041625976562,333.65307499196695
1791049062358374400,67.03037451171875,334.42352995655614
1791049062368331500,67.04033154296874,333.98352737272626
1791049062378289400,67.05028930664062,334.2058133733849
1791049062388247600,67.06024755859374,334.14664214403484
1791049062398205200,67.070205078125,333.6533679364549
1791049062408163300,67.08016333007812,334.0299428687954
1791049062418121200,67.09012133789062,334.6889037065272
1791049062428078300,67.10007836914062,335.7685905979423
1791049062438036500,67.11003637695312,334.70252967941946
1791049062447994400,67.11999438476562,334.90713291812074
1791049062457952500,67.12995239257812,334.634929278955
1791049062467910400,67.13991040039062,335.269173481321
1791049062477868300,67.14986840820312,335.9193875725603
1791049062487826400,67.15982641601562,335.7545633005424
1791049062497783300,67.169783203125,335.9092251948582
1791049062507741400,67.17974145507813,336.0649090699615
1791049062517699600,67.18969946289063,335.7390137715633
1791049062527657500,67.19965747070313,335.6257860449156
1791049062537615400,67.20961547851563,335.6036608422373
1791049062547573200,67.2195732421875,335.9594132683565
1791049062557530400,67.2295302734375,335.2871722454053
1791049062567488500,67.23948852539063,335.1210406147487
1791049062577446400,67.2494462890625,335.1321848884653
1791049062587404500,67.25940454101563,335.35484079665076
1791049062597362200,67.26936206054687,335.5596864090362
1791049062607320300,67.2793203125,335.29587144093057
1791049062617278500,67.28927856445313,334.9474507003502
1791049062627235300,67.2992353515625,334.5763175698645
1791049062637193500,67.309193359375,333.8990826908176
1791049062647151400,67.3191513671875,333.94398711756577
1791049062657109500,67.32910961914062,334.3673632310592
1791049062667067400,67.3390673828125,334.6670980628069
1791049062677025300,67.349025390625,334.1411039600126
1791049062686982400,67.358982421875,334.6913678132325
1791049062696940500,67.3689404296875,334.7213993041643
1791049062706898400,67.3788984375,334.711547506951
1791049062716856600,67.38885668945312,335.13936547588213
1791049062726814500,67.398814453125,334.85865456812337
1791049062736772400,67.4087724609375,334.2875387431951
1791049062746729500,67.4187294921875,334.6266535177672
1791049062756687400,67.42868725585937,334.07824303296684
1791049062766645500,67.4386455078125,334.61106440761927
1791049062776603400,67.44860327148437,334.69622508223483
1791049062786561500,67.4585615234375,334.3524018149384
1791049062796519200,67.46851928710937,334.7588954489542
1791049062806476300,67.47847631835937,334.7013669138426
1791049062816434400,67.48843432617187,335.22823871855707
1791049062826392300,67.49839233398437,334.8503832364049
1791049062836350500,67.5083505859375,334.9660086229318
1791049062846308400,67.51830834960937,335.5027197197043
1791049062856266500,67.5282666015625,336.3310953824474
1791049062866224400,67.53822436523437,335.86721804679104
1791049062876181200,67.54818115234374,336.2820677944335
1791049062886139400,67.55813940429688,336.24602318917067
1791049062896097500,67.56809765625,336.5525770408277
1791049062906055400,67.57805541992188,336.5297018702818
1791049062916013600,67.588013671875,336.68968534929047
1791049062925971500,67.59797143554688,336.63508110799467
1791049062935928300,67.60792822265626,337.44591197452706
1791049062945886500,67.61788647460938,337.23058325422096
1791049062955844400,67.62784423828126,337.0524329882673
1791049062965802500,67.63780249023438,337.26864263994196
1791049062975760400,67.64776049804688,337.2885267332212
1791049062985718500,67.65771850585938,337.1480797163677
1791049062995675400,67.66767529296875,336.6361277400351
1791049063005633300,67.67763330078125,336.5271398416538
1791049063015591400,67.68759130859375,336.48642605616436
1791049063025549300,67.69754931640625,335.89908191417817
1791049063035507500,67.70750756835938,336.0287969468567
1791049063045465300,67.71746533203125,336.4285447385358
1791049063055422200,67.72742211914063,336.4064741491375
1791049063065380400,67.73738037109375,336.12881415641004
1791049063075338200,67.74733813476563,336.10928110090043
1791049063085296400,67.75729638671875,336.7487204387297
1791049063095254500,67.76725463867187,336.3030293539213
1791049063105212400,67.77721240234375,336.78431009025115
1791049063115170600,67.78717065429687,336.7627702692112
1791049063125127400,67.79712744140625,337.0505227307423
1791049063135085300,67.80708520507812,337.61957117789353
1791049063145043500,67.81704345703125,337.02832125754014
1791049063155001300,67.82700146484375,336.78798854686363
1791049063164959500,67.83695947265625,336.93663452302053
1791049063174917400,67.84691748046875,336.69554739062795
1791049063184874200,67.85687426757812,337.64926641967503
1791049063194832400,67.86683227539062,336.95467292802346
1791049063204790300,67.87679028320312,337.4323941031899
1791049063214748400,67.88674853515624,337.2246058455405
1791049063224706300,67.89670629882812,337.03558393437527
1791049063234664400,67.90666455078124,338.05865991784134
1791049063244621300,67.91662133789063,337.90699954186925
1791049063254579200,67.9265791015625,337.77574091246737
1791049063264537300,67.93653735351562,337.7461080886344
1791049063274495500,67.94649560546875,337.58468021327735
1791049063284453400,67.95645336914062,338.35626613115653
1791049063294411500,67.96641162109376,338.03723825246107
1791049063304368400,67.97636840820313,337.66234052794266
1791049063314326300,67.986326171875,337.74149977484086
1791049063324283600,67.99628369140625,337.61459178141325
1791049063334241500,68.00624145507813,337.8323950711737
1791049063344199400,68.01619946289063,337.5416779146133
1791049063354157600,68.02615747070313,337.5056837018532
1791049063364114400,68.03611450195312,337.70253825348607
1791049063374072600,68.04607250976562,337.42730679466723
1791049063384030500,68.05603051757812,337.6087841217415
1791049063393988600,68.06598852539062,337.26754574320483
1791049063403946800,68.07594677734374,336.63454089445685
1791049063413904400,68.085904296875,336.83503719530694
1791049063423861500,68.09586157226562,336.4383872377747
1791049063433819600,68.10581958007812,336.11324829475484
1791049063443777500,68.11577758789062,335.9783754191616
1791049063453735700,68.12573559570312,336.36259721411443
1791049063463693600,68.13569360351562,336.24563211288825
1791049063473651500,68.1456513671875,336.2431130782647
1791049063483608600,68.15560864257813,336.6401917863518
1791049063493566500,68.16556640625,336.5734337774386
1791049063503524600,68.17552465820313,336.9099992650341
1791049063513482500,68.185482421875,337.0394538539956
1791049063523440600,68.19544067382813,336.33785941946843
1791049063533398500,68.2053984375,336.3944343618394
1791049063543355400,68.21535546875,336.4183244575514
1791049063553313500,68.2253134765625,336.679147241168
1791049063563271400,68.235271484375,337.1749642517837
1791049063573229600,68.2452294921875,337.1933305542015
1791049063583187500,68.2551875,336.85309293134435
1791049063593145600,68.2651455078125,336.60487988302447
1791049063603102500,68.2751025390625,336.78981854288816
1791049063613060400,68.28506030273438,337.2349726725126
1791049063623018500,68.2950185546875,337.08432441017703
1791049063632976600,68.3049765625,337.333773507493
1791049063642934500,68.3149345703125,337.2168544440764
1791049063652892700,68.324892578125,337.4885348717406
1791049063662850600,68.3348505859375,337.8152233217694
1791049063672807400,68.34480737304688,338.044874618308
1791049063682765600,68.354765625,337.9871711504151
1791049063692723500,68.36472338867188,337.29358557566957
1791049063702681600,68.374681640625,337.48261743402117
1791049063712639500,68.38463940429688,338.5472387363017
1791049063722597600,68.39459765625,338.2637389020682
1791049063732554500,68.40455444335937,338.33999777534177
1791049063742512400,68.41451245117187,337.8620885643665
1791049063752470500,68.42447045898437,337.47894026510613
1791049063762428400,68.43442846679687,337.968169538474
1791049063772386600,68.44438647460937,337.2471909648182
1791049063782344700,68.4543447265625,337.3941010020238
1791049063792301300,68.46430126953125,337.1910974352716
1791049063802259500,68.47425952148437,336.9087548105587
1791049063812217600,68.48421752929687,336.96775529565923
1791049063822175500,68.49417553710937,336.617168039398
1791049063832133600,68.50413354492187,336.27482888894986
1791049063842091500,68.51409155273437,336.8686172915613
1791049063852048600,68.52404858398438,336.8590090420011
1791049063862006500,68.53400659179688,336.0599004178497
1791049063871964400,68.54396435546874,336.20987729794996
1791049063881922600,68.55392260742188,336.05150202251593
1791049063891880400,68.56388037109375,336.6898405010578
1791049063901838600,68.57383862304688,336.89248781449356
1791049063911795700,68.58379565429688,336.75404284034585
1791049063921753300,68.59375341796876,336.78432852665065
1791049063931711500,68.60371142578126,336.89911580634947
1791049063941669400,68.61366943359376,337.2297960922708
1791049063951627500,68.62362744140626,336.7633699191916
1791049063961585400,68.63358544921876,336.54935857382986
1791049063971542500,68.64354248046875,336.7342316075251
1791049063981500700,68.65350073242188,336.5991711199912
1791049063991458300,68.66345825195313,336.36480839861747
1791049064001416400,68.67341650390625,336.1921895863797
1791049064011374600,68.68337451171875,336.0418714553373
1791049064021332500,68.69333251953125,337.00737984215215
1791049064031289600,68.70328955078125,337.42164920532014
1791049064041247500,68.71324755859375,336.7622696400297
1791049064051205600,68.72320556640625,337.6065049276295
1791049064061163500,68.73316357421875,336.9050918722273
1791049064071121400,68.74312133789063,337.8362159463752
1791049064081078500,68.75307861328125,337.7544032591022
1791049064091036700,68.76303662109375,337.7544032591022
1791049064100994600,68.77299462890625,337.6623077132511
1791049064110952700,68.78295263671875,338.22455198360257
1791049064120910300,68.79291040039062,337.1075984165052
1791049064130868500,68.80286840820312,337.49898604467387
1791049064140825600,68.81282568359374,337.66024664933
1791049064150783500,68.82278344726562,336.9594257210204
1791049064160741600,68.83274169921874,337.1573121250461
1791049064170699500,68.84269946289062,336.4804974298787
1791049064180657700,68.85265771484374,336.63611225691403
1791049064190615300,68.862615234375,336.8651367039297
1791049064200572400,68.87257250976562,336.4928069126006
1791049064210530600,68.88253051757812,336.8613473869617
1791049064220488400,68.89248852539062,336.14633042867933
1791049064230446600,68.90244653320312,336.2834926329457
1791049064240404500,68.91240454101562,336.0048420091727
1791049064250362600,68.92236254882812,336.03944151058306
1791049064260319500,68.93231958007813,335.8618969251994
1791049064270277400,68.94227734375,335.5304160030872
1791049064280235500,68.95223559570313,335.90470710777447
1791049064290193700,68.96219360351563,336.6439890732819
1791049064300151600,68.97215161132813,335.6736910104185
1791049064310109700,68.98210961914063,335.9326579000939
1791049064320066600,68.99206665039063,335.6432918362961
1791049064330024700,69.00202465820313,336.2847994030877
1791049064339982800,69.01198291015625,336.8644994322272
1791049064349940700,69.02194067382813,335.866814230712
1791049064359898600,69.03189868164063,336.20571301269297
1791049064369856500,69.0418564453125,336.439448268847
1791049064379813600,69.05181372070312,336.65782085023545
1791049064389771800,69.06177172851562,335.9277398177572
1791049064399729700,69.07172973632812,336.37594144656026
1791049064409687800,69.08168774414062,337.32513824608753
1791049064419645700,69.09164575195312,337.1261661215446
1791049064429603600,69.101603515625,337.16461075556464
1791049064439560700,69.11156079101562,337.3177279454107
1791049064449518600,69.1215185546875,336.74188934349274
1791049064459476700,69.13147680664062,337.16302740945264
1791049064469434600,69.1414345703125,337.05329699962647
1791049064479392800,69.15139282226562,337.13688893295966
1791049064489351000,69.16135083007812,337.20243720580703
1791049064499307500,69.1713076171875,337.2174041751466
1791049064509265700,69.181265625,337.4593894708387
1791049064519223800,69.19122387695313,336.9878586910363
1791049064529181700,69.201181640625,337.2843778537372
1791049064539139800,69.21113989257813,337.0813415505843
1791049064549096700,69.2210966796875,337.0933618493
1791049064559054600,69.2310546875,337.0881789810715
1791049064569012700,69.2410126953125,336.59265911328384
1791049064578970600,69.250970703125,336.27236781013744
1791049064588928800,69.2609287109375,335.87421531493777
1791049064598886700,69.27088671875,335.9318552993193
1791049064608843800,69.28084375,336.58411213696365
1791049064618801700,69.2908017578125,336.0533473489935
1791049064628759600,69.30075952148438,336.6477628238706
1791049064638717700,69.3107177734375,336.2332346348062
1791049064648675600,69.32067553710938,335.89681762908396
1791049064658633700,69.3306337890625,336.38322874529604
1791049064668590800,69.3405908203125,336.11948140413085
1791049064678548500,69.35054858398438,336.9932215227915
1791049064688506600,69.36050659179688,336.5809944582609
1791049064698464500,69.37046459960938,336.0383866387416
1791049064708422700,69.38042260742188,336.793043151089
1791049064718380800,69.390380859375,335.663305270556
1791049064728337700,69.40033764648437,336.67355672100604
1791049064738295800,69.4102958984375,336.3785577421916
1791049064748253700,69.42025366210937,336.92911632750446
1791049064758211600,69.43021166992187,337.63336263522604
1791049064768169700,69.44016967773437,337.72190773973676
1791049064778126600,69.45012670898437,338.04257927072916
1791049064788084700,69.46008471679687,337.69487967067664
1791049064798043000,69.47004296875,338.08482613997
1791049064808000800,69.48000073242187,337.7391358027448
1791049064817958700,69.48995874023437,337.11794957861287
1791049064827916500,69.49991650390625,337.6528256639839
1791049064837873700,69.50987377929688,337.8347423998285
1791049064847831800,69.51983178710938,337.97740562463696
1791049064857789700,69.52978979492187,337.7695547657723
1791049064867747800,69.53974780273437,337.4288075608831
1791049064877705500,69.54970556640625,337.7760680803677
1791049064887663600,69.55966357421875,338.2040229108631
1791049064897620700,69.56962084960938,337.6117823261012
1791049064907578600,69.57957861328126,337.84742516195035
1791049064917536800,69.58953686523438,337.3409177258245
1791049064927494700,69.59949462890626,337.2405895918333
1791049064937452800,69.60945288085938,336.64854000480494
1791049064947410700,69.61941064453126,336.60924803938093
1791049064957367600,69.62936743164063,336.6518554924252
1791049064967325700,69.63932568359375,336.85498489907513
1791049064977283800,69.64928393554688,336.8199406448324
1791049064987241700,69.65924169921875,336.46879376769317
1791049064997200000,69.66919995117188,336.26498477321655
1791049065007157800,69.67915771484375,336.38504744369413
1791049065017114600,69.68911450195313,336.00353375821066
1791049065027072800,69.69907275390625,336.1707093785845
1791049065037030700,69.70903076171875,336.0358298858905
1791049065046988800,69.71898876953125,336.6360940600312
1791049065056946700,69.72894677734375,336.1399428208002
1791049065066903600,69.73890356445312,335.38081339932336
1791049065076861700,69.74886181640625,335.845896294998
1791049065086819600,69.75881958007812,336.0607576031502
1791049065096777700,69.76877783203125,335.82301040302224
1791049065106735600,69.77873559570313,336.5380589704143
1791049065116693800,69.78869384765625,335.9386252578776
1791049065126650600,69.79865063476562,336.9109657826276
1791049065136608500,69.8086083984375,336.1018231321216
1791049065146566700,69.81856665039062,336.7106422688372
1791049065156524500,69.82852465820312,336.23311097858544
1791049065166482700,69.83848266601562,336.4631691724231
1791049065176440800,69.84844091796874,337.0028536125334
1791049065186397700,69.85839770507812,336.71883736942215
1791049065196355600,69.86835546875,337.28289996892465
1791049065206313700,69.87831372070312,337.6553807437451
1791049065216271600,69.88827172851562,337.06129881083
1791049065226229800,69.89822973632812,336.936343254529
1791049065236186600,69.9081865234375,336.90254234125064
1791049065246144800,69.91814477539063,337.262342232886
1791049065256103000,69.92810302734375,336.84406387691297
1791049065266060500,69.938060546875,336.28096842096767
1791049065276018700,69.94801879882813,336.77908862006984
1791049065285976600,69.9579765625,336.3690765787129
1791049065295933700,69.96793359375,336.62705070427694
1791049065305891800,69.97789184570313,336.49259357293164
1791049065315849700,69.987849609375,336.107868528114
1791049065325808400,69.99780834960937,336.03248746957706
1791049065335766000,70.00776611328125,335.68904714161124
1791049065345724200,70.01772412109375,335.7814225465779
1791049065355681300,70.02768139648437,335.87514002209525
1791049065365639200,70.03763916015625,335.79218539582206
1791049065375597300,70.04759741210937,335.471976749666
1791049065385555200,70.05755517578125,335.1159251463
1791049065395513300,70.06751342773437,335.5685989109395
1791049065405470200,70.07747021484376,335.545683262014
1791049065415428000,70.08742797851562,335.47354345244173
1791049065425386200,70.09738623046874,335.50645292558755
1791049065435344100,70.10734423828124,335.1554855798999
1791049065445302300,70.11730224609374,335.558392926785
1791049065455260200,70.12726025390624,335.0365237709539
1791049065465217000,70.13721704101563,335.52236668991225
1791049065475175200,70.14717504882813,335.60437036860696
1791049065485133000,70.15713305664063,335.46986942091246
1791049065495091200,70.16709130859375,336.84744172918005
1791049065505049300,70.17704931640625,336.3588784684869
1791049065515006200,70.18700610351563,336.74890863582857
1791049065524964000,70.19696411132813,336.94476070850794
1791049065534922200,70.20692211914063,336.252022642512
1791049065544880000,70.21688012695313,336.4465228354464
1791049065554838300,70.22683837890625,336.4710508139022
1791049065564796200,70.23679614257813,336.44606604512506
1791049065574753300,70.24675317382813,337.05329950329866
1791049065584711200,70.25671118164063,336.496087127375
1791049065594669000,70.2666689453125,336.08344136662777
1791049065604627200,70.27662719726563,336.2096077345577
1791049065614585000,70.28658520507813,336.12741572424596
1791049065624543200,70.29654321289063,336.03741467696796
1791049065634500400,70.30650024414062,335.6523274894019
1791049065644458200,70.31645825195312,335.72631071720735
1791049065654416100,70.326416015625,336.0957230572821
1791049065664374000,70.3363740234375,336.2337564216453
1791049065674332200,70.34633227539062,335.2929730817635
1791049065684289300,70.35628930664062,335.4707176786959
1791049065694247200,70.3662470703125,335.30012819307865
1791049065704205300,70.37620532226562,335.4584613657325
1791049065714163200,70.3861630859375,335.64391240930007
1791049065724121000,70.39612109375,335.3236692838376
1791049065734079200,70.40607934570312,335.61888238623345
1791049065744036000,70.4160361328125,335.57822825888667
1791049065753994200,70.425994140625,336.04112914335707
1791049065763952000,70.4359521484375,336.20790743749035
1791049065773910300,70.44591015625,336.18472328509193
1791049065783868200,70.4558681640625,335.93501604859387
1791049065793826000,70.46582592773437,336.95989702791746
1791049065803783200,70.475783203125,336.82379729570175
1791049065813741300,70.4857412109375,336.25392851310835
1791049065823699200,70.49569921875,336.0597987302124
1791049065833657300,70.5056572265625,336.30193154958926
1791049065843615200,70.515615234375,337.1473560692481
1791049065853572000,70.52557202148438,336.7903535009225
1791049065863530200,70.5355302734375,336.67840590129947
1791049065873488100,70.54548803710938,337.17463571185203
1791049065883446300,70.5554462890625,336.4189489567694
1791049065893404200,70.56540405273438,336.59017235718
1791049065903362300,70.5753623046875,335.84874463632167
1791049065913319200,70.58531909179688,336.51123369027493
1791049065923277000,70.59527709960938,336.3546745259445
1791049065933235200,70.60523510742188,336.14676203285325
1791049065943193000,70.61519311523438,336.45833569277005
1791049065953151200,70.62515112304688,336.558036097007
1791049065963108400,70.6351083984375,335.9757473693718
1791049065973066000,70.64506591796875,335.40949935516267
1791049065983024000,70.65502416992187,335.13307737499525
1791049065992982300,70.66498217773437,335.2427438777572
1791049066002940200,70.67494018554687,335.2368028933904
1791049066012898300,70.68489819335937,335.30517167009094
1791049066022855200,70.69485522460937,335.7976755414696
1791049066032813000,70.70481298828125,336.26982020680794
1791049066042771200,70.71477124023437,336.17868583799697
1791049066052729000,70.72472900390625,336.2269061205413
1791049066062687200,70.73468725585937,336.3666981004972
1791049066072644400,70.74464428710938,335.91948888096135
1791049066082602200,70.75460229492188,335.27132853283297
1791049066092560400,70.76456030273438,335.5286757681795
1791049066102518000,70.77451806640624,335.4293788675175
1791049066112476200,70.78447607421874,335.83881071317273
1791049066122434000,70.79443408203124,336.00215176722253
1791049066132391200,70.80439111328126,335.8183128960327
1791049066142349300,70.81434936523438,336.4826543221458
1791049066152307200,70.82430712890626,335.92960160729945
1791049066162265300,70.83426538085938,335.9140742134905
1791049066172223000,70.84422290039062,337.04635256702863
1791049066182180000,70.85418017578125,336.61857792689784
1791049066192138200,70.86413818359375,337.00117949199614
1791049066202096000,70.87409619140625,336.8679443576446
1791049066212054300,70.88405419921875,337.20775739304656
1791049066222012200,70.89401220703125,338.0762427345157
1791049066231970000,70.90396997070313,337.1331674284718
1791049066241927200,70.91392724609375,337.59398400676275
1791049066251885000,70.92388500976563,337.586119094959
1791049066261843200,70.93384326171875,336.9899312795092
1791049066271801300,70.94380126953125,336.27547661906505
1791049066281759200,70.95375927734375,335.929765342321
1791049066291716000,70.96371606445312,336.09192726186274
1791049066301674200,70.97367431640625,335.49570798152524
1791049066311632100,70.98363208007812,335.2328515819213
1791049066321590300,70.99359033203125,334.60660185191784
1791049066331547600,71.00354760742188,335.59440609544095
1791049066341505800,71.013505859375,335.96949184124355
1791049066351463000,71.023462890625,335.7297035216383
1791049066361420800,71.0334208984375,335.88191966679193
1791049066371378700,71.04337866210938,335.823587615596
1791049066381336600,71.05333666992188,335.8931153223377
1791049066391294700,71.06329467773438,336.32384421116336
1791049066401251800,71.073251953125,335.91104874028855
1791049066411209700,71.08320971679687,336.4485407037206
1791049066421167900,71.09316796875,336.07901063334066
1791049066431125800,71.10312573242187,336.1071311887423
1791049066441083600,71.11308374023437,337.122037506864
1791049066451040800,71.12304077148437,336.3649120519264
1791049066460998700,71.13299853515625,336.25687562493556
1791049066470956800,71.14295678710937,336.527501901834
1791049066480915000,71.1529150390625,336.3157130809745
1791049066490872800,71.16287280273437,336.79194153934895
1791049066500830700,71.17283081054687,336.81940178921775
1791049066510787800,71.18278784179688,337.15335877354875
1791049066520745700,71.19274584960938,337.3180851060019
1791049066530704000,71.20270385742188,336.9439206183585
1791049066540661800,71.21266186523438,337.22380992886497
1791049066550620000,71.22261987304688,337.68210358124776
1791049066560576800,71.23257666015625,337.4992880794962
1791049066570534700,71.24253466796876,337.7568861509564
1791049066580492800,71.25249291992188,337.4525878790875
1791049066590450700,71.26245068359376,337.4525878790875
1791049066600408800,71.27240893554688,337.4068361197296
1791049066610366700,71.28236669921876,336.94292444390214
1791049066620323600,71.29232348632813,336.69218134448914
1791049066630281700,71.30228173828125,336.3186482685118
1791049066640239600,71.31223950195313,336.09591200318806
1791049066650197800,71.32219775390625,335.6890767669126
1791049066660155600,71.33215576171875,335.26186101024086
1791049066670112800,71.34211279296875,336.10542872029714
1791049066680071000,71.35207080078125,335.3957006466255
1791049066690028500,71.36202856445313,335.26596359556663
1791049066699986700,71.37198657226563,335.94778845725904
1791049066709944800,71.38194482421875,335.11288542613715
1791049066719901700,71.39190161132812,335.5069459589062
1791049066729859800,71.40185986328125,335.6857708429652
1791049066739818000,71.41181787109375,335.78509300025064
1791049066749776000,71.42177587890625,336.4488362548965
1791049066759733800,71.43173364257812,335.6453119493967
1791049066769691600,71.44169165039062,336.04875054452606
1791049066779648800,71.45164868164062,336.47711001827076
1791049066789607000,71.46160693359376,335.7651369143704
1791049066799564800,71.47156469726562,336.1229792395375
1791049066809523000,71.48152294921876,336.4250366622496
1791049066819480600,71.49148046875,336.6615040784584
1791049066829437700,71.50143774414063,337.10312225873196
1791049066839395800,71.51139575195313,336.59541195745214
1791049066849353700,71.52135375976563,337.43980778902284
1791049066859311900,71.53131176757813,337.5777738582319
1791049066869269800,71.54126977539063,337.72931892540646
1791049066879228000,71.55122778320313,337.50848836555645
1791049066889184800,71.56118481445313,337.52253242290567
1791049066899142700,71.571142578125,337.139801830613
1791049066909100800,71.58110083007813,336.56650360746954
1791049066919058700,71.59105859375,336.8359804067891
1791049066929016800,71.60101684570313,336.15542217840436
1791049066938973700,71.6109736328125,336.39101071263707
1791049066948931600,71.620931640625,335.79123674373716
1791049066958889700,71.6308896484375,336.1011574644518
1791049066968848000,71.64084790039063,336.5155231965665
1791049066978805800,71.6508056640625,336.36458761707877
1791049066988763000,71.66076293945312,336.20383493130294
1791049066998720800,71.670720703125,336.21653307285993
1791049067008678700,71.6806787109375,335.76411376308465
1791049067018636800,71.69063671875,336.3698112291906
1791049067028594700,71.7005947265625,335.9635632742457
1791049067038552800,71.710552734375,335.64312970508007
1791049067048510000,71.72051000976562,336.2234167233801
1791049067058467800,71.7304677734375,334.9635533152273
1791049067068425700,71.74042578125,335.6476601543804
1791049067078383600,71.75038354492187,335.6433026833405
1791049067088341800,71.760341796875,335.49072010198614
1791049067098299000,71.770298828125,335.7563504102883
1791049067108256800,71.7802568359375,335.93148685566666
1791049067118215000,71.79021484375,336.6904370489013
1791049067128172800,71.8001728515625,335.58919568836245
1791049067138130700,71.81013061523437,336.58362980316065
1791049067148088600,71.82008862304687,337.08121601451586
1791049067158045700,71.83004565429688,337.28505697318013
1791049067168003800,71.84000390625,337.4298406426639
1791049067177961700,71.84996166992188,336.9495979498341
1791049067187920000,71.859919921875,337.2414840921444
1791049067197877800,71.86987768554687,337.1009134780423
1791049067207834600,71.87983471679688,336.93557310119286
1791049067217792800,71.88979272460938,336.1451815286312
1791049067227750700,71.89975073242188,336.1773643354172
1791049067237708800,71.90970874023438,336.6116736592763
1791049067247667000,71.9196669921875,335.9910352756558
1791049067257623600,71.92962353515625,335.27900610930516
1791049067267581700,71.93958178710938,335.4311909066796
1791049067277539800,71.94953979492188,335.611871308089
1791049067287497700,71.95949780273438,335.58072992136005
1791049067297455900,71.96945581054688,335.4781342675662
1791049067307412700,71.97941284179687,335.0062984248718
1791049067317370600,71.98937060546875,335.80478354182964
1791049067327329300,71.99932934570313,335.7916600602718
1791049067337287400,72.00928735351563,335.5512445774733
1791049067347245300,72.01924536132813,336.10470412389077
1791049067357203200,72.029203125,335.31156804746274
1791049067367160300,72.03916040039063,334.6886944226014
1791049067377118500,72.04911840820313,334.69179114087996
1791049067387076400,72.05907641601563,334.9639447938323
1791049067397034500,72.06903442382813,335.9725334733909
1791049067406992100,72.0789921875,335.57786904864565
1791049067416949200,72.08894921875,336.2837507948763
1791049067426907400,72.09890747070312,336.6259907413198
1791049067436865300,72.108865234375,336.53034390048765
1791049067446823400,72.11882348632813,337.0793705849835
1791049067456781300,72.12878125,337.02892571714557
1791049067466738200,72.13873828125,337.02449946462355
1791049067476696300,72.1486962890625,336.7302277496585
1791049067486654200,72.158654296875,336.4498076063328
1791049067496612400,72.1686123046875,336.50850818726394
1791049067506570200,72.1785703125,336.9664380687075
1791049067516528400,72.1885283203125,336.73656147219634
1791049067526485200,72.1984853515625,336.4753377469365
1791049067536443100,72.20844311523437,336.47276456415017
1791049067546401300,72.2184013671875,336.2648301876491
1791049067556359200,72.22835913085937,336.0865117146463
1791049067566317300,72.2383173828125,335.6819787766529
1791049067576274400,72.2482744140625,335.5791832316596
1791049067586232300,72.258232421875,335.85104980633713
1791049067596190200,72.26819018554687,335.22969068858856
1791049067606148400,72.2781484375,335.06917536368405
1791049067616106200,72.28810620117187,335.837096359735
1791049067626063400,72.2980634765625,334.98464041929924
1791049067636021200,72.30802124023438,335.1398194807064
1791049067645979400,72.3179794921875,335.53121334259015
1791049067655937300,72.32793725585938,334.9815551265115
1791049067665895200,72.33789526367187,335.4204311749737
1791049067675852300,72.34785229492188,335.04964393904555
1791049067685810400,72.357810546875,335.46477080227345
1791049067695768300,72.36776831054688,335.92005158693746
1791049067705726500,72.3777265625,335.7724304362108
1791049067715684400,72.38768432617188,336.0071053713977
1791049067725642200,72.39764233398438,336.6752434036353
1791049067735599400,72.40759936523438,336.5848539187117
1791049067745557200,72.41755712890625,336.5278559812963
1791049067755515400,72.42751538085938,336.43833872007707
1791049067765473300,72.43747338867188,336.77353871028674
1791049067775431400,72.44743139648438,336.8008612313161
1791049067785388300,72.45738818359375,336.442406630393
1791049067795346200,72.46734619140625,336.17356536879026
1791049067805304300,72.47730419921875,336.2378167965135
1791049067815262200,72.48726220703125,336.6803029204567
1791049067825220400,72.49722045898437,336.065321490873
1791049067835177500,72.50717749023437,336.6725102772092
1791049067845135000,72.51713500976562,335.98805922036087
1791049067855093200,72.52709326171875,334.8837158182856
1791049067865051400,72.53705151367187,335.1879429969575
1791049067875009300,72.54700927734375,334.4488694276322
1791049067884966400,72.55696630859374,334.71659812265733
1791049067894924300,72.56692431640624,335.12047729429503
1791049067904882200,72.57688208007812,335.273725964173
1791049067914840300,72.58684033203124,335.44320803762315
1791049067924798200,72.59679809570312,335.352213068579
1791049067934755300,72.60675537109375,335.7632695936401
1791049067944713500,72.61671337890625,335.8312367682285
1791049067954671400,72.62667138671875,335.52538713219747
1791049067964629500,72.63662939453125,336.0796441316793
1791049067974587100,72.64658715820312,335.9096000448206
1791049067984545300,72.65654516601562,335.60070953454954
1791049067994502400,72.66650244140625,335.40995067303743
1791049068004460300,72.67646020507813,335.8509727844453
1791049068014418400,72.68641845703125,335.87111364817326
1791049068024376300,72.69637622070313,337.03221778795495
1791049068034334500,72.70633447265625,336.11107523711047
1791049068044291300,72.71629125976563,335.72166900729934
1791049068054249200,72.72624926757813,336.3015583759249
1791049068064207400,72.73620727539063,336.1582160667418
1791049068074165200,72.74616528320313,335.7918419373501
1791049068084123400,72.75612329101563,336.2260890085861
1791049068094080300,72.76608032226562,335.84856001087815
1791049068104038100,72.7760380859375,335.6051354215412
1791049068113996300,72.78599633789062,335.9326535845139
1791049068123954200,72.7959541015625,336.00054779084456
1791049068133912300,72.80591235351562,336.04118934356137
1791049068143869400,72.81586938476562,335.3535918193619
1791049068153827300,72.82582739257812,335.0694613578122
1791049068163785200,72.83578515625,335.17011965129
1791049068173743400,72.84574340820312,334.7715792378975
1791049068183701200,72.855701171875,335.4652733262192
1791049068193658400,72.86565844726563,335.9071664149577
1791049068203616300,72.8756162109375,335.2652329892454
1791049068213574400,72.88557446289063,336.63129142224335
1791049068223532300,72.8955322265625,335.38996254862644
1791049068233490200,72.905490234375,335.6173368380978
1791049068243447300,72.915447265625,336.87845562442953
1791049068253405400,72.92540551757813,336.42365217030755
1791049068263363300,72.93536328125,336.41019894302985
1791049068273321500,72.94532153320313,336.6639844722836
1791049068283279400,72.955279296875,336.7562291014407
1791049068293237200,72.9652373046875,336.98125823743675
1791049068303194400,72.9751943359375,336.5974457189168
1791049068313152300,72.98515234375,336.62602541100364
1791049068323110400,72.9951103515625,337.29571247936536
1791049068333068300,73.005068359375,337.1756361246331
1791049068343026200,73.01502612304688,337.14835411565554
1791049068352983300,73.0249833984375,337.13142874131927
1791049068362941200,73.03494116210938,337.33402235965883
1791049068372899300,73.0448994140625,337.7443573930891
1791049068382857200,73.05485717773438,337.5268406716395
1791049068392815400,73.0648154296875,336.658600344738
1791049068402772200,73.07477221679687,337.1504103052642
1791049068412730000,73.08473022460937,336.99655261842906
1791049068422688300,73.09468823242187,336.33022319880746
1791049068432646400,73.104646484375,335.52288936337135
1791049068442604300,73.11460424804687,335.5481391577894
1791049068452561400,73.1245615234375,335.1758589969313
1791049068462519300,73.13451928710937,335.4444336742716
1791049068472477200,73.14447729492187,335.92109545754715
1791049068482435300,73.15443530273437,336.2286066418791
1791049068492393200,73.16439331054687,336.2244051459415
1791049068502350300,73.17435034179688,335.8328330635304
1791049068512308500,73.18430859375,336.01826345344176
1791049068522266400,73.19426635742188,335.6636320284964
1791049068532224300,73.20422436523438,336.0062249911909
1791049068542182100,73.21418212890624,336.31542813994326
1791049068552139300,73.22413916015626,335.8177792214145
1791049068562097400,73.23409741210938,336.5538030374318
1791049068572055300,73.24405517578126,335.9752918827659
1791049068582013400,73.25401342773438,336.21886756053556
1791049068591971000,73.26397119140626,337.04037401620144
1791049068601928200,73.27392822265625,336.9894081690726
1791049068611886300,73.28388623046875,337.2715068017245
1791049068621844200,73.29384423828125,336.3940564208544
1791049068631802400,73.30380224609375,336.1501983280046
1791049068641760300,73.31376025390625,336.09160151552
1791049068651717000,73.32371704101563,336.7966724014205
1791049068661675300,73.33367529296875,337.0783993574146
1791049068671633200,73.34363305664063,336.7327061722797
1791049068681591300,73.35359130859375,336.4760361623792
1791049068691549200,73.36354907226563,336.0567839793681
1791049068701506300,73.37350634765625,335.8277226578987
1791049068711464200,73.38346411132812,335.5002443541878
1791049068721422000,73.39342211914062,335.3910202586337
1791049068731380200,73.40338012695312,335.1046528495914
1791049068741338400,73.41333837890625,335.2484707982401
1791049068751295200,73.42329516601562,334.82378043966156
1791049068761253400,73.43325341796876,335.0833777094637
1791049068771211300,73.44321118164062,334.84213706461213
1791049068781169200,73.45316918945312,335.7228950067138
1791049068791127300,73.46312719726562,335.2520271006537
1791049068801084200,73.47308422851563,335.24112624690497
1791049068811042300,73.48304223632813,335.1703516847804
1791049068821000400,73.49300048828125,334.7163269490198
1791049068830958300,73.50295825195313,334.6227312592208
1791049068840916200,73.51291625976563,335.14429851322984
1791049068850873300,73.52287329101563,334.8163901597782
1791049068860831200,73.53283129882813,334.81823994909075
1791049068870789400,73.54278930664063,334.94475470441057
1791049068880747300,73.55274731445313,335.03456225488225
1791049068890705400,73.56270532226563,335.90681155399557
1791049068900663300,73.57266333007813,335.6069514093453
1791049068910620200,73.5826201171875,336.2504691096972
1791049068920578300,73.59257836914063,336.24563965444275
1791049068930536200,73.6025361328125,335.93629680094847
1791049068940494300,73.61249438476563,335.86447521074007
1791049068950452200,73.6224521484375,335.2259820429672
1791049068960409000,73.6324091796875,335.4549548808318
1791049068970367200,73.6423671875,336.0562167318534
1791049068980325000,73.6523251953125,335.4154531513821
1791049068990283300,73.662283203125,334.57886667669175
1791049069000241200,73.6722412109375,335.1772999006918
1791049069010198300,73.6821982421875,334.5791971616784
1791049069020156400,73.69215649414062,334.47466742873684
1791049069030114000,73.70211401367187,334.2236073838609
1791049069040072200,73.712072265625,334.64753135554247
1791049069050030300,73.7220302734375,334.5347729095356
1791049069059987200,73.7319873046875,334.54944326855247
1791049069069945300,73.7419453125,334.5646488618403
1791049069079903500,73.75190356445313,335.4903381781741
1791049069089861000,73.76186108398437,334.89234287587266
1791049069099819300,73.7718193359375,333.79335231012215
1791049069109776400,73.7817763671875,334.44502419564554
1791049069119734300,73.791734375,334.44502419564554
1791049069129692400,73.8016923828125,334.2794099890157
1791049069139650300,73.811650390625,334.5169809004342
1791049069149608400,73.8216083984375,334.6507549705682
1791049069159565300,73.8315654296875,334.77958658310973
1791049069169523200,73.84152319335938,335.1541187359899
1791049069179481300,73.8514814453125,335.01413829975724
1791049069189439200,73.86143920898438,335.5394093428685
1791049069199397400,73.8713974609375,336.57185953800627
1791049069209354200,73.88135424804688,336.0327712996115
1791049069219312000,73.89131201171875,336.67720918085655
1791049069229270300,73.90127026367188,336.2998981094292
1791049069239228200,73.91122827148438,335.8763105156033
1791049069249186300,73.92118627929688,335.23466755402757
1791049069259143400,73.93114331054687,335.1261720962056
1791049069269101300,73.94110131835937,335.2334708590263
1791049069279059200,73.95105908203125,334.4822173342996
1791049069289017000,73.96101708984375,334.8016664482608
1791049069298974200,73.97097412109375,334.30165849184556
1791049069308932400,73.98093237304687,334.8331427670775
1791049069318890200,73.99089013671875,334.21602299014495
1791049069328848100,74.00084814453125,333.78077129576974
1791049069338806300,74.01080615234375,334.8661367549236
1791049069348764200,74.02076416015625,334.66370930389803
1791049069358721300,74.03072119140624,333.84769503187175
1791049069368679200,74.04067919921874,334.2029863996128
1791049069378637000,74.05063696289062,333.9332231030494
1791049069388595200,74.06059521484374,333.6063227937948
1791049069398552000,74.07055200195313,333.8018403078604
1791049069408510200,74.08051025390625,333.1686816649915
1791049069418468400,74.09046826171875,334.5720853098129
1791049069428426000,74.10042602539062,333.8801109606691
1791049069438384000,74.11038403320312,334.057129898219
1791049069448342000,74.12034204101562,334.8646431107403
1791049069458299100,74.13029907226563,334.2163304151124
1791049069468257300,74.14025732421875,334.3724251836795
1791049069478215200,74.15021508789063,334.20052563184936
1791049069488173300,74.16017333984375,333.77593586705143
1791049069498130200,74.17013012695313,333.9421058629778
1791049069508088000,74.18008813476563,333.7177324149512
1791049069518046200,74.19004614257813,333.4406144126304
1791049069528004000,74.20000415039063,333.24986624901635
1791049069537962200,74.20996215820313,333.132060743276
1791049069547919000,74.21991918945312,332.6141804437166
1791049069557877000,74.229876953125,332.2559686767559
1791049069567835100,74.23983520507812,332.1101826225956
1791049069577793000,74.24979296875,331.76077993615104
1791049069587751200,74.25975122070312,331.90218146236435
1791049069597708300,74.26970825195312,331.45900986063936
1791049069607666200,74.27966625976562,331.8193457862046
1791049069617624000,74.2896240234375,331.73617390161456
1791049069627582000,74.29958203125,331.89741141249107
1791049069637540000,74.3095400390625,332.25623885163657
1791049069647497200,74.31949731445313,332.17966506254504
1791049069657455000,74.329455078125,331.7444062312703
1791049069667413200,74.33941333007813,332.6365312094069
1791049069677371100,74.34937109375,332.2366943456499
1791049069687329000,74.3593291015625,332.2581221171193
1791049069697286100,74.3692861328125,332.65275336800414
1791049069707244000,74.379244140625,332.7523991944047
1791049069717202200,74.3892021484375,333.11202934996817
1791049069727160300,74.39916040039063,333.7700191671266
1791049069737118200,74.4091181640625,333.912737705072
1791049069747075000,74.41907495117188,335.3408236385373
1791049069757033200,74.429033203125,335.1734283778339
1791049069766991000,74.4389912109375,335.3100890891803
1791049069776949200,74.44894921875,335.28268853894394
1791049069786907100,74.4589072265625,335.9525133962924
1791049069796864000,74.46886401367188,335.28010209811316
1791049069806822100,74.478822265625,335.35849446297277
1791049069816780000,74.48878002929688,335.889738807883
1791049069826738200,74.49873828125,335.81928209155694
1791049069836696000,74.50869604492188,335.22264014125653
1791049069846653200,74.51865307617187,334.9319030497769
1791049069856611300,74.528611328125,334.7686759646674
1791049069866569000,74.53856884765625,335.27188461532694
1791049069876527000,74.54852709960937,335.23491678941093
1791049069886485000,74.55848510742187,335.0485691691309
1791049069896442000,74.56844213867187,335.70977108722695
1791049069906400300,74.57840014648437,335.5081433688113
1791049069916358100,74.58835815429687,335.3623184683115
1791049069926316300,74.59831640625,335.453773208879
1791049069936274200,74.60827416992187,334.9740542481789
1791049069946231000,74.61823095703124,334.92084107064494
1791049069956189200,74.62818920898438,334.8534052456716
1791049069966147000,74.63814697265624,334.9743037711532
1791049069976105200,74.64810522460938,335.0467612991817
1791049069986062000,74.65806201171876,335.2195447855244
1791049069996020000,74.66802001953126,335.08576453491116
1791049070005978000,74.67797802734376,334.83272067444005
1791049070015936300,74.68793627929688,335.56765897191053
1791049070025894100,74.69789404296876,335.28818658724254
1791049070035851300,74.70785131835937,336.0609691393198
1791049070045809200,74.71780908203125,336.3776559978088
1791049070055767000,74.72776708984375,335.72739490119034
1791049070065725200,74.73772509765625,335.6989782392733
1791049070075683000,74.74768310546875,334.76121009330916
1791049070085640200,74.75764013671875,334.5740855194971
1791049070095598300,74.76759838867187,334.3054897735905
1791049070105556200,74.77755615234375,333.92780026839324
1791049070115514000,74.78751416015625,334.8259348904824
1791049070125472000,74.79747192382813,333.5594374234632
1791049070135429000,74.80742919921875,334.1331997797227
1791049070145387300,74.81738720703125,334.83401901902243
1791049070155345200,74.82734521484375,334.3509651662965
1791049070165303300,74.83730322265625,333.9186065039731
1791049070175261200,74.84726123046875,333.5961900195933
1791049070185218000,74.85721801757812,333.97610654347585
1791049070195176200,74.86717626953126,334.68151338037256
1791049070205134000,74.87713403320312,334.279028221108
1791049070215092200,74.88709228515626,334.32170892843453
1791049070225050000,74.89705004882812,334.2870539075983
1791049070235007000,74.90700708007813,334.22568409156526
1791049070244965000,74.91696508789063,334.67963060495015
1791049070254923000,74.92692309570313,334.03129100129536
1791049070264881200,74.93688110351563,334.5925785490995
1791049070274838300,74.94683837890625,335.6373648679732
1791049070284796200,74.95679614257813,334.99187821187
1791049070294754000,74.96675415039063,334.95869013980314
1791049070304712000,74.9767119140625,334.99947747538135
1791049070314670000,74.98667016601563,335.0671443001946
1791049070324627200,74.99662719726562,335.2580693244862
1791049070334585300,75.00658544921875,335.1478429296439
1791049070344543500,75.01654345703125,335.5823019172448
1791049070354501400,75.02650146484375,335.0957953161412
1791049070364459300,75.03645922851562,334.47961258723365
1791049070374416400,75.04641650390624,334.2055792042076
1791049070384374300,75.05637426757812,334.17796367731967
1791049070394332400,75.06633251953124,334.15053853245524
1791049070404290600,75.07629052734374,333.0962090351908
1791049070414248400,75.08624853515624,333.7118325567266
1791049070424205300,75.09620532226562,333.5628434766342
1791049070434163500,75.10616357421875,334.0574444190634
1791049070444121300,75.11612133789062,334.0559626430824
1791049070454079500,75.12607958984376,334.29405251243577
1791049070464037400,75.13603735351562,333.75928845027653
1791049070473994500,75.14599438476563,333.81514792600836
1791049070483952400,75.15595239257813,334.1202476162778
1791049070493910300,75.16591015625,333.82619652592757
1791049070503868400,75.17586840820313,334.25688611951944
1791049070513826300,75.18582641601563,333.6109794851735
1791049070523783400,75.19578344726563,333.36286925329284
1791049070533741600,75.20574145507813,334.0898493980377
1791049070543699500,75.21569946289063,334.6548684575449
1791049070553657300,75.2256572265625,334.4569762740568
1791049070563614500,75.23561450195312,335.69286990863554
1791049070573572400,75.245572265625,335.40749509810695
1791049070583530500,75.25553051757812,334.8809498048648
1791049070593488400,75.26548828125,335.34922184499464
1791049070603446500,75.27544653320312,334.9652618955645
1791049070613403400,75.2854033203125,335.527277225773
1791049070623361300,75.295361328125,334.89305500532555
1791049070633319400,75.3053193359375,334.58282966784765
1791049070643277300,75.31527734375,334.18731729968584
1791049070653235500,75.3252353515625,334.08919325081274
1791049070663192600,75.33519262695313,334.0771760448747
1791049070673150200,75.34515014648437,333.6409478119258
1791049070683108400,75.3551083984375,333.7943565860934
1791049070693066200,75.36506616210937,334.5030342861628
1791049070703024400,75.3750244140625,333.8814249857469
1791049070712981500,75.3849814453125,333.7174037370768
1791049070722939400,75.394939453125,334.42902883315185
1791049070732897300,75.40489721679687,333.9448995115722
1791049070742855400,75.41485546875,334.61711817896094
1791049070752812300,75.42481225585938,334.1076211828773
1791049070762770400,75.4347705078125,334.34528520865234
1791049070772728300,75.44472827148438,334.13173890291023
1791049070782686500,75.4546865234375,333.2297368220439
1791049070792644600,75.46464453125,333.88300532512466
1791049070802601200,75.47460131835938,333.56955660205983
1791049070812559400,75.48455932617188,333.9012213499432
1791049070822517500,75.494517578125,334.9917328646702
1791049070832475400,75.50447534179688,334.4380130012449
1791049070842433500,75.51443359375,334.68184262900746
1791049070852390400,75.52439038085937,335.07575347141847
1791049070862348300,75.53434838867187,335.0468034788707
1791049070872306400,75.54430639648437,335.61227706088187
1791049070882264300,75.55426440429687,334.99928141914637
1791049070892222500,75.56422241210937,335.30578628146395
1791049070902179600,75.5741796875,334.88109244890336
1791049070912137500,75.58413745117187,334.62703658079687
1791049070922095400,75.59409545898437,334.2296277385982
1791049070932053200,75.60405322265625,333.97649679456566
1791049070942010400,75.61401025390624,334.21358060555673
1791049070951968500,75.62396850585938,334.3644414961785
1791049070961926400,75.63392651367188,334.0381025544465
1791049070971884500,75.64388452148438,333.7867300738916
1791049070981842200,75.65384228515624,333.98155090383784
1791049070991799300,75.66379931640626,334.7065661040345
1791049071001757400,75.67375732421876,334.97397672115983
1791049071011715300,75.68371533203126,334.69139591438716
1791049071021673500,75.69367358398438,335.2268348911231
1791049071031631400,75.70363134765626,334.4049093557952
1791049071041588200,75.71358813476563,334.63096692438165
1791049071051546400,75.72354638671875,334.28760264256465
1791049071061504300,75.73350415039063,334.46627226428734
1791049071071462400,75.74346240234375,334.8904417046569
1791049071081419500,75.75341943359375,335.0127923037805
1791049071091377400,75.76337744140625,334.4514332657713
1791049071101335300,75.77333520507813,334.3649242826016
1791049071111293400,75.78329345703125,335.26386103779635
1791049071121251300,75.79325122070313,335.1145737773817
1791049071131208400,75.80320849609375,335.8708990585396
1791049071141166300,75.81316625976562,335.8912956391423
1791049071151124500,75.82312451171875,335.3338673005
1791049071161082600,75.83308251953125,334.487377545302
1791049071171040300,75.84304028320312,334.8672339317272
1791049071180997400,75.85299731445312,335.13383680012566
1791049071190955500,75.86295556640626,334.27089102108533
1791049071200913400,75.87291333007812,334.47151037430507
1791049071210871600,75.88287158203126,334.2406595281126
1791049071220828400,75.89282836914063,333.94713653465914
1791049071230786300,75.90278637695313,333.1035488352676
1791049071240744400,75.91274438476563,333.47023002097313
1791049071250702300,75.92270239257813,333.2640197457518
1791049071260660500,75.93266040039063,334.21449466391914
1791049071270617600,75.94261767578125,333.81246615621075
1791049071280575200,75.9525751953125,333.3974775265728
1791049071290533400,75.96253344726563,333.4971833454519
1791049071300491300,75.9724912109375,333.37804729883555
1791049071310449400,75.98244946289063,334.6811684062168
1791049071320406500,75.99240649414062,334.4207274961787
1791049071330363600,76.00236376953124,334.7450397363358
1791049071340321800,76.01232177734374,335.20153512674995
1791049071350280000,76.02228002929688,335.05117317017704
1791049071360237800,76.03223779296874,335.668102769215
1791049071370194700,76.04219458007813,335.1139213763679
1791049071380152600,76.05215258789063,335.5370795613781
1791049071390110700,76.06211083984375,336.27579869363456
1791049071400068900,76.07206884765625,335.7302258165958
1791049071410025700,76.08202563476563,336.2724510334108
1791049071419984000,76.09198388671875,335.34713762172237
1791049071429941800,76.10194165039063,334.7803440324387
1791049071439899600,76.11189965820313,334.9834202565194
1791049071449857800,76.12185791015625,334.91579121169343
1791049071459815000,76.13181494140625,335.38650545672084
1791049071469772800,76.14177270507813,335.1841991012142
1791049071479731000,76.15173095703125,334.27751079848645
1791049071489688800,76.16168872070313,334.7118824140244
1791049071499646700,76.17164672851563,334.2830182492573
1791049071509603800,76.18160375976562,334.6050674074195
1791049071519561700,76.19156176757812,334.2355299643586
1791049071529519900,76.20151977539062,334.5019989537246
1791049071539477800,76.21147778320312,335.0731507352683
1791049071549434600,76.2214345703125,335.1693513286299
1791049071559392800,76.23139282226562,334.6044909358882
1791049071569350700,76.2413505859375,334.83722964842656
1791049071579308800,76.25130883789062,334.83034630964585
1791049071589266700,76.2612666015625,334.7167419768916
1791049071599223800,76.27122387695313,334.26391191966854
1791049071609182000,76.28118188476563,335.0436247951875
1791049071619139600,76.2911396484375,334.64333413469166
1791049071629097700,76.30109765625,335.4782276815553
1791049071639054800,76.31105493164063,335.522948759002
1791049071649012700,76.3210126953125,334.7665257240239
1791049071658971000,76.33097094726563,334.7919500031569
1791049071668928800,76.3409287109375,335.79351371763636
1791049071678886700,76.35088671875,335.79351371763636
1791049071688843800,76.36084375,335.6194422002485
1791049071698801700,76.3708017578125,335.6487621099259
1791049071708759800,76.380759765625,335.88384249540377
1791049071718717700,76.3907177734375,335.30431364130004
1791049071728675800,76.40067578125,334.99665170235335
1791049071738632700,76.4106328125,334.29884457503687
1791049071748590600,76.42059057617188,334.55902334844063
1791049071758548700,76.430548828125,334.21206212560446
1791049071768507000,76.4405068359375,334.47540043673484
1791049071778463700,76.45046362304687,334.6626732992107
1791049071788422000,76.460421875,334.4897312455037
1791049071798379800,76.4703798828125,334.5877153447265
1791049071808337700,76.48033764648437,334.515804948402
1791049071818295800,76.4902958984375,334.8612576556245
1791049071828252700,76.50025268554687,334.9223590655777
1791049071838210800,76.5102109375,334.39581307165474
1791049071848169000,76.5201689453125,334.4060286266776
1791049071858126800,76.530126953125,334.0196200711954
1791049071868083700,76.54008374023438,334.00295736982576
1791049071878041900,76.55004174804688,334.65511491973933
1791049071887999700,76.55999975585938,334.35862052444577
1791049071897958000,76.5699580078125,335.70661617463736
1791049071907915800,76.57991577148438,335.5385752634957
1791049071917872600,76.58987255859375,335.60668007255924
1791049071927830800,76.59983081054688,335.920321390436
1791049071937788700,76.60978857421875,335.8158239789805
1791049071947746800,76.61974682617188,335.34927409501637
1791049071957704700,76.62970458984375,335.329873870236
1791049071967661800,76.63966186523437,335.8299743423691
1791049071977620000,76.64961987304687,334.75016940278954
1791049071987577600,76.65957763671875,334.2698980360789
1791049071997535700,76.66953564453125,333.96547220119874
1791049072007492900,76.67949291992187,333.81255135504773
1791049072017450800,76.68945068359375,334.0604135765157
1791049072027409000,76.69940893554687,333.9750314694367
1791049072037366800,76.70936669921875,333.9690320555686
1791049072047324700,76.71932470703125,334.0286706514958
1791049072057281800,76.72928173828124,333.4632005997085
1791049072067239700,76.73923974609374,334.3689890389475
1791049072077197800,76.74919775390624,334.2076992280843
1791049072087155700,76.75915576171874,334.30866017875314
1791049072097112600,76.76911254882812,334.4531616393233
1791049072107070700,76.77907080078126,333.85792163793053
1791049072117028600,76.78902856445312,333.9462513122054
1791049072126986800,76.79898681640626,334.33027622238404
1791049072136945000,76.80894482421876,334.81414323853494
1791049072146901800,76.81890185546875,335.05762278909265
1791049072156860000,76.82885986328125,334.9931498069524
1791049072166817800,76.83881787109375,335.26850402561814
1791049072176775700,76.84877563476563,335.670942700946
1791049072186732800,76.85873291015625,335.8685803582149
1791049072196690700,76.86869067382813,336.2787130327604
1791049072206648800,76.87864892578125,336.39830967267943
1791049072216607000,76.88860693359375,336.42728621623445
1791049072226564900,76.89856494140625,336.54998764909243
1791049072236521700,76.90852172851562,335.98480277277463
1791049072246480000,76.91847998046875,336.0135215322227
1791049072256437800,76.92843774414062,335.56505569685123
1791049072266396000,76.93839599609375,334.9712637496584
1791049072276353800,76.94835375976562,335.17394115900447
1791049072286310700,76.958310546875,335.7687151942184
1791049072296268800,76.96826879882812,335.39730537366614
1791049072306226700,76.97822680664062,335.1764439974589
1791049072316184800,76.98818481445312,335.53092515888903
1791049072326142000,76.99814184570313,335.5874721482235
1791049072336100000,77.00810009765625,335.26768423120063
1791049072346058200,77.01805834960938,335.2308127017762
1791049072356016000,77.02801611328125,335.8765204286886
1791049072365974300,77.03797436523438,335.56326674754274
1791049072375931100,77.04793115234375,336.04477904187615
1791049072385889000,77.05788891601563,335.86047110266907
1791049072395847200,77.06784716796875,335.5431679565857
1791049072405805000,77.07780517578125,335.49113422881356
1791049072415762200,77.08776220703125,335.9457563572587
1791049072425720300,77.09772021484375,336.2686375377644
1791049072435678200,77.10767822265625,336.0615827427247
1791049072445636000,77.11763598632812,336.252100584253
1791049072455594000,77.12759399414062,336.083267324037
1791049072465551000,77.13755102539062,336.46269518270657
1791049072475509200,77.14750927734374,336.6109579370065
1791049072485467100,77.15746704101562,336.5828296535726
1791049072495425300,77.16742529296874,336.14419557488986
1791049072505382100,77.17738208007812,335.96157188020356
1791049072515340000,77.18734008789062,335.77400369630305
1791049072525298200,77.19729809570312,335.79251121824444
1791049072535256000,77.20725610351562,335.36765916777944
1791049072545214200,77.21721411132812,335.95315299679817
1791049072555171300,77.22717138671875,336.0798760335582
1791049072565129000,77.23712890625,335.80666977076396
1791049072575087000,77.24708715820313,335.8687460478996
1791049072585045000,77.257044921875,335.5266548055878
1791049072595002000,77.26700219726563,336.1120681690228
1791049072604960300,77.27696020507813,335.8646359780379
1791049072614918100,77.28691821289063,335.92186462865385
1791049072624876300,77.29687622070313,336.1262317960138
1791049072634834200,77.30683422851563,335.42857770340083
1791049072644791000,77.316791015625,335.90071843872875
1791049072654749200,77.32674926757812,335.6399332456508
1791049072664707000,77.33670703125,336.0417172134138
1791049072674665200,77.34666528320312,336.1972084416744
1791049072684622000,77.3566220703125,336.1932674329448
1791049072694580000,77.366580078125,335.6550262862444
1791049072704538000,77.3765380859375,336.29563643810314
1791049072714496300,77.38649633789062,336.6053555119644
1791049072724454100,77.3964541015625,337.68991776174096
1791049072734411300,77.40641137695313,337.77084276729863
1791049072744369200,77.416369140625,337.46153804711076
1791049072754327000,77.4263271484375,337.5110451631792
1791049072764285200,77.43628515625,337.5953833873843
1791049072774242000,77.44624194335937,337.5221042095139
1791049072784200200,77.4562001953125,336.82441925213374
1791049072794158300,77.46615844726563,336.7037726407348
1791049072804116200,77.4761162109375,337.1353729762956
1791049072814074000,77.48607421875,336.9650199605499
1791049072824031200,77.49603125,336.8753059243154
1791049072833989000,77.50598901367188,336.6005400426594
1791049072843947300,77.515947265625,336.3833915336038
1791049072853905200,77.5259052734375,337.09123925591337
1791049072863862000,77.53586206054688,336.79430016393496
1791049072873820200,77.54582006835938,336.2891259565621
1791049072883778000,77.55577807617188,335.9940885725864
1791049072893736200,77.56573608398438,336.477606077258
1791049072903694000,77.57569409179688,336.4398905013093
1791049072913651200,77.58565112304687,336.05842008522495
1791049072923609300,77.595609375,336.75970857307044
1791049072933567000,77.60556689453125,336.82356545384
1791049072943525000,77.61552514648437,337.04198510384697
1791049072953482200,77.62548217773437,337.07972250560863
1791049072963440000,77.63544018554687,337.80908485492307
1791049072973398300,77.64539819335937,337.98544876863315
1791049072983356200,77.65535620117187,338.03516896392375
1791049072993313000,77.66531298828124,338.64628341110557
1791049073003271200,77.67527124023438,338.47316458801237
1791049073013229000,77.68522900390624,338.91727301747926
1791049073023187200,77.69518725585938,338.7684778610095
1791049073033145000,77.70514501953124,338.526409143255
1791049073043102000,77.71510205078125,337.9730929341377
1791049073053060000,77.72506005859375,337.8346194823495
1791049073063018000,77.73501806640625,337.76301846965566
1791049073072976100,77.74497607421876,338.09058646191346
1791049073082933200,77.75493334960937,337.21282252825716
1791049073092891100,77.76489111328125,337.154611502995
1791049073102849300,77.77484936523437,336.7908135845501
1791049073112807000,77.78480688476563,336.23702893441236
1791049073122765000,77.79476513671875,336.81157760309935
1791049073132722200,77.80472216796875,337.122559482881
1791049073142680000,77.81468017578125,337.018642599157
1791049073152638200,77.82463818359375,336.5344826418463
1791049073162596400,77.83459643554687,336.624085135787
1791049073172553000,77.84455297851562,337.08862953472226
1791049073182511000,77.85451098632812,336.7321917646009
1791049073192469200,77.86446923828125,337.0120046185466
1791049073202427100,77.87442724609375,337.8489057520112
1791049073212385300,77.88438525390625,337.4513591359523
1791049073222342100,77.89434204101562,337.45930783015183
1791049073232300000,77.90430004882812,337.52030171653064
1791049073242258200,77.91425805664062,337.5253647605609
1791049073252216000,77.92421606445312,337.8799948676382
1791049073262173200,77.93417309570313,337.89229383727366
1791049073272131300,77.94413134765625,338.5686635768603
1791049073282089200,77.95408911132813,338.1052514866944
1791049073292047400,77.96404736328125,338.94594684526527
1791049073302005000,77.9740048828125,339.04786451188113
1791049073311962000,77.98396215820313,339.06299051408035
1791049073321920300,77.99392016601563,338.2956243283236
1791049073331878100,78.00387817382813,338.2494562499336
1791049073341836300,78.01383618164063,338.48250905860533
1791049073351793400,78.02379345703125,337.8662027003228
1791049073361751000,78.0337509765625,337.49490440244267
1791049073371709200,78.04370922851562,338.0938180713746
1791049073381667000,78.0536669921875,338.1180921197047
1791049073391624200,78.06362426757812,337.5959532847488
1791049073401582300,78.07358227539062,337.96911217271884
1791049073411540200,78.08354028320312,337.81922809742434
1791049073421498400,78.09349829101562,338.3372271305245
1791049073431456000,78.1034560546875,338.42232731129695
1791049073441413000,78.1134130859375,338.1494718169694
1791049073451371300,78.12337133789063,338.3898585271311
1791049073461329200,78.1333291015625,337.8392960547278
1791049073471287300,78.14328735351563,338.39705985405857
1791049073481244200,78.153244140625,338.23310342094464
1791049073491202000,78.1632021484375,338.44086187617654
1791049073501160200,78.17316015625,338.72671764503355
1791049073511118000,78.1831181640625,339.40501255306646
1791049073521076200,78.193076171875,339.4565238895982
1791049073531033300,78.20303344726562,339.09724581698214
1791049073540991000,78.21299096679688,339.5025918035393
1791049073550949000,78.22294921875,339.81257202092104
1791049073560907000,78.23290698242188,339.5445477561378
1791049073570864000,78.24286401367188,340.0252339762072
1791049073580822300,78.252822265625,339.6380406664705
1791049073590780200,78.2627802734375,339.60916564787635
1791049073600738300,78.27273828125,339.9912424027845
1791049073610695200,78.28269506835937,339.4959956094645
1791049073620653000,78.29265307617187,339.8532118590813
1791049073630611200,78.30261108398437,339.0355133135153
1791049073640569000,78.31256909179687,338.8114953242001
1791049073650527200,78.32252734375,338.2415950107586
1791049073660484000,78.33248413085937,337.88432635706573
1791049073670442000,78.34244189453125,338.0009074679942
1791049073680400100,78.35240014648437,338.6083539679653
1791049073690358300,78.36235815429687,338.36020026077585
1791049073700315100,78.37231518554688,338.72542158994696
1791049073710273300,78.38227319335938,338.45781423122594
1791049073720231200,78.39223120117188,339.3536023410808
1791049073730189000,78.40218896484375,339.0258374056428
1791049073740146200,78.41214624023438,338.3120550260729
1791049073750104000,78.42210400390626,339.2399440181455
1791049073760062200,78.43206225585938,340.074531590339
1791049073770020400,78.44202026367188,340.01751465136385
1791049073779978200,78.45197827148438,340.3819764747043
1791049073789935000,78.46193505859375,340.12932508213623
1791049073799893200,78.47189331054688,340.3423321347962
1791049073809851100,78.48185107421875,340.19922774849874
1791049073819809300,78.49180932617188,341.8634877304641
1791049073829766400,78.50176635742187,340.8314700353136
1791049073839724300,78.51172436523437,340.6110926290939
1791049073849682200,78.52168212890625,341.2197353110295
1791049073859640000,78.53164013671875,340.4435012402119
1791049073869597200,78.54159716796875,340.6308446340041
1791049073879555300,78.55155541992187,340.4547155430582
1791049073889513200,78.56151318359375,340.1293884520088
1791049073899471400,78.57147143554687,340.0359508937659
1791049073909429000,78.58142895507812,339.69567895890424
1791049073919386000,78.59138623046876,339.59951057101506
1791049073929344300,78.60134423828126,340.2594207960053
1791049073939302100,78.61130224609374,339.8830031145611
1791049073949260300,78.62126025390624,340.2514652372862
1791049073959217200,78.63121704101563,340.1190396875599
1791049073969175000,78.64117504882813,339.9503932760232
1791049073979133200,78.65113330078125,340.0351499040192
1791049073989091000,78.66109106445313,340.77331008754635
1791049073999049200,78.67104931640625,341.114488183932
1791049074009006300,78.68100634765625,340.20045676256166
1791049074018964200,78.69096411132813,340.6762175739232
1791049074028922000,78.70092211914063,340.58340443471764
1791049074038880000,78.7108798828125,340.95381759547763
1791049074048837000,78.72083715820312,341.50669575705086
1791049074058795300,78.73079516601562,341.4332958489503
1791049074068753200,78.74075317382812,341.8192860755882
1791049074078711300,78.75071118164063,341.72460319190697
1791049074088668200,78.76066821289062,341.631449478124
1791049074098626000,78.7706259765625,342.06773210048425
1791049074108584200,78.78058422851562,342.57234678360106
1791049074118542000,78.7905419921875,342.9298225421191
1791049074128499200,78.80049926757812,342.83082973698845
1791049074138457300,78.81045727539062,342.30780721901885
1791049074148415000,78.8204150390625,342.5384948636392
1791049074158373000,78.830373046875,342.28834404549406
1791049074168331300,78.84033129882812,341.9077927386676
1791049074178288000,78.8502880859375,341.7719730755517
1791049074188246300,78.86024633789063,342.02143795961206
1791049074198204200,78.8702041015625,341.72186491541424
1791049074208162000,78.880162109375,341.7471463552039
1791049074218119200,78.890119140625,341.7471463552039
1791049074228077000,78.9000771484375,342.45402353905996
1791049074238035200,78.91003515625,342.05700784307317
1791049074247993300,78.91999340820313,342.1327195376982
1791049074257950000,78.92994995117188,342.55085388018546
1791049074267908000,78.939908203125,343.60425614797043
1791049074277866200,78.9498662109375,342.46311212745456
1791049074287824100,78.95982421875,342.3842822841941
1791049074297782300,78.9697822265625,342.4227523070039
1791049074307739100,78.9797392578125,342.86319145011566
1791049074317697300,78.989697265625,343.00429391463365
1791049074327655200,78.9996552734375,342.62566625243875
1791049074337613600,79.00961352539062,342.92259347074696
1791049074347570700,79.01957080078125,343.39378875844585
1791049074357528600,79.02952856445313,344.47780163529796
1791049074367486700,79.03948681640625,343.8937821073835
1791049074377444900,79.04944482421875,344.24176075925374
1791049074387401500,79.0594013671875,343.6127400893059
1791049074397359600,79.06935961914063,344.6611022933055
1791049074407317800,79.07931787109375,344.17179463696897
1791049074417275600,79.08927563476563,344.00309828528873
1791049074427232800,79.09923266601562,343.95602751134436
1791049074437190700,79.10919067382812,343.8674030952301
1791049074447148500,79.1191484375,343.40202577567635
1791049074457106700,79.12910668945312,343.7537755223758
1791049074467064600,79.13906469726562,342.7610056007728
1791049074477021700,79.14902172851562,342.92584114737315
1791049074486979800,79.15897973632812,343.5907969104992
1791049074496937700,79.16893774414062,342.98053822537065
1791049074506895600,79.1788955078125,343.34622939467727
1791049074516852700,79.18885278320313,343.02646356741985
1791049074526810600,79.198810546875,343.0701042351084
1791049074536768800,79.20876879882813,343.679391249128
1791049074546726700,79.2187265625,343.9345635767096
1791049074556683500,79.22868359375,344.27609430892943
1791049074566641700,79.2386416015625,344.6837250141531
1791049074576599600,79.248599609375,344.48350653794597
1791049074586557700,79.2585576171875,344.21634782608436
1791049074596515600,79.268515625,344.02503780151665
1791049074606472700,79.27847265625,344.828878420919
1791049074616430800,79.28843090820313,344.60513124559367
1791049074626388500,79.29838842773438,344.92813413337416
1791049074636346600,79.3083466796875,345.52934066854544
1791049074646303700,79.3183037109375,345.6996861862639
1791049074656261600,79.32826171875,345.72528670046717
1791049074666219800,79.3382197265625,345.49865884065355
1791049074676177700,79.348177734375,345.3910484306813
1791049074686134500,79.35813452148437,345.71322406448496
1791049074696092700,79.3680927734375,345.7553533392146
1791049074706050600,79.37805053710937,346.73310084779064
1791049074716008700,79.3880087890625,345.2992452316235
1791049074725965800,79.3979658203125,345.1054134213035
1791049074735923500,79.40792333984375,345.2247607688327
1791049074745881600,79.41788159179687,344.55056971419475
1791049074755839500,79.42783959960937,344.55072901651283
1791049074765797600,79.43779760742187,344.51317366381136
1791049074775754800,79.44775463867188,344.0136831449018
1791049074785712600,79.45771264648438,343.9879544608779
1791049074795670800,79.4676708984375,344.1685351914299
1791049074805628400,79.47762841796875,345.10340590843924
1791049074815585500,79.48758544921876,345.71692506777606
1791049074825543700,79.49754370117188,345.76558271094984
1791049074835501600,79.50750146484376,345.6680735027131
1791049074845459700,79.51745971679688,345.46401219607577
1791049074855416600,79.52741650390625,345.85970743445023
1791049074865374500,79.53737451171875,345.8309457704968
1791049074875332600,79.54733251953125,346.3153568433388
1791049074885290500,79.55729052734375,345.758017729511
1791049074895247600,79.56724755859375,345.9850540428205
1791049074905205800,79.57720581054687,346.32487061260866
1791049074915163600,79.58716357421875,346.44953130743687
1791049074925121500,79.59712158203125,347.1565564672931
1791049074935078700,79.60707861328125,346.75155074048155
1791049074945036500,79.61703662109375,346.8718014901714
1791049074954994700,79.62699462890625,347.8341524305238
1791049074964952800,79.63695288085937,346.8766548016315
1791049074974910700,79.64691064453125,346.76622417022026
1791049074984867600,79.65686767578126,346.36790120279824
1791049074994825700,79.66682568359376,346.0448440979879
1791049075004783600,79.67678369140626,346.8013841344175
1791049075014741800,79.68674169921874,346.11758455166904
1791049075024698600,79.69669873046875,346.12843118983517
1791049075034656800,79.70665673828125,345.56762505625034
1791049075044614700,79.71661474609375,345.8729665433688
1791049075054572500,79.72657250976563,346.4476706480009
1791049075064529700,79.73652978515625,345.88628765173286
1791049075074487800,79.74648779296875,346.21070107470644
1791049075084445700,79.75644580078125,346.5034573435152
1791049075094403800,79.76640380859375,346.7027894570317
1791049075104360700,79.77636059570312,346.9491743477863
1791049075114318600,79.78631860351562,346.3572011042554
1791049075124276700,79.79627685546875,346.73847469853206
1791049075134234600,79.80623461914062,346.68223401047624
1791049075144192800,79.81619287109375,347.11463516930314
1791049075154149600,79.82614965820312,346.9122130013548
1791049075164107500,79.836107421875,346.34383433854936
1791049075174065700,79.84606567382812,346.94649537641317
1791049075184023600,79.8560234375,347.28253357728767
1791049075193980700,79.86598071289062,347.73361664028613
1791049075203938800,79.87593872070312,347.6873017771014
1791049075213896700,79.88589672851562,347.3713564593166
1791049075223854600,79.8958544921875,347.1669536958799
1791049075233811700,79.90581176757813,347.5111057369311
1791049075243769600,79.91576953125,347.13928254815863
1791049075253727700,79.92572778320313,347.37927103593563
1791049075263685600,79.935685546875,347.35023091753226
1791049075273642500,79.945642578125,348.23879731312826
1791049075283600600,79.9556005859375,347.9991009678655
1791049075293558500,79.96555859375,347.28003953597465
1791049075303516700,79.9755166015625,347.3554002906619
1791049075313473800,79.98547387695312,346.6388385655598
1791049075323431700,79.995431640625,347.29563617093135
1791049075333388800,80.00538891601562,346.86346938928926
1791049075343347000,80.01534692382812,346.67455359330165
1791049075353304800,80.02530493164062,347.04570615793267
1791049075363261700,80.03526171875,346.59733243354856
1791049075373219800,80.0452197265625,346.7110029443508
1791049075383177700,80.055177734375,347.4488717743475
1791049075393135900,80.06513598632813,347.165856795064
1791049075403092700,80.0750927734375,348.0162253465289
1791049075413050600,80.08505053710938,347.4198036764653
1791049075423008800,80.0950087890625,348.2345010924125
1791049075432966700,80.10496655273438,348.30182714526813
1791049075442923800,80.114923828125,348.3014983305719
1791049075452882000,80.1248818359375,348.6903365864412
1791049075462839800,80.13483984375,347.9554240723866
1791049075472798000,80.1447978515625,348.15483583661035
1791049075482754800,80.1547548828125,348.832524364724
1791049075492712700,80.16471264648438,349.09031526559204
1791049075502670800,80.1746708984375,348.9308163563698
1791049075512628700,80.18462866210938,349.06777125217053
1791049075522585900,80.1945859375,347.9991172471252
1791049075532543700,80.20454370117187,348.93262012988083
1791049075542501600,80.21450170898437,348.2867497014877
1791049075552459800,80.22445971679687,349.0480671242223
1791049075562417000,80.2344169921875,348.1685514240456
1791049075572374800,80.24437475585937,348.0862734512791
1791049075582333000,80.2543330078125,347.89103303319143
1791049075592290800,80.26429077148437,347.2160684474503
1791049075602247700,80.27424755859376,348.01403266144155
1791049075612205800,80.28420581054688,347.47937754711796
1791049075622163700,80.29416381835938,347.67810675894316
1791049075632121900,80.30412182617188,348.33785711834435
1791049075642079700,80.31407983398438,348.30412655301376
1791049075652036600,80.32403662109375,349.1871058682659
1791049075661994800,80.33399487304688,348.5262844921473
1791049075671952600,80.34395263671875,348.10155034600706
1791049075681910800,80.35391088867188,348.7247401523446
1791049075691868000,80.36386791992187,348.71138107071005
1791049075701825800,80.37382568359375,350.0172481355229
1791049075711784000,80.38378393554687,348.85555838752714
1791049075721741600,80.39374145507813,348.8632679119262
1791049075731698700,80.40369873046875,349.52431560372327
1791049075741656800,80.41365673828125,349.37218206062505
1791049075751614700,80.42361474609375,349.5394936567007
1791049075761572900,80.43357275390625,349.0261881100048
1791049075771529700,80.44352978515624,349.07526143548273
1791049075781487600,80.45348754882812,348.8302400748435
1791049075791445800,80.46344580078124,349.2407719004071
1791049075801403600,80.47340356445312,349.57147294504006
1791049075811360800,80.48336083984375,348.78816261403006
1791049075821319000,80.49331884765625,347.9963333103664
1791049075831276500,80.50327661132812,348.62274692106985
1791049075841234700,80.51323461914062,348.2616337995989
1791049075851191800,80.52319189453125,347.63851743803633
1791049075861149700,80.53314965820313,348.10816793310613
1791049075871107800,80.54310791015625,347.9971386239895
1791049075881065700,80.55306567382813,348.17049832776064
1791049075891022600,80.56302270507813,347.65143895472
1791049075900980700,80.57298071289063,348.0831769106027
1791049075910938600,80.58293872070313,348.4405464711145
1791049075920896800,80.59289672851563,348.62161960625775
1791049075930855000,80.60285498046875,349.5531013506491
1791049075940811800,80.61281176757812,349.6883675147699
1791049075950769700,80.62276977539062,349.3160428322863
1791049075960727800,80.63272778320312,350.251506769758
1791049075970685700,80.64268579101562,350.3020162275831
1791049075980642800,80.65264282226562,350.05512917966473
1791049075990600700,80.6626005859375,350.57329801701223
1791049076000558800,80.67255883789062,350.70621834659136
1791049076010517000,80.68251708984376,349.95196074560204
1791049076020473600,80.6924736328125,350.4221179278867
1791049076030431700,80.702431640625,351.0364917838504
1791049076040390000,80.71238989257813,350.03639851459394
1791049076050347800,80.72234765625,350.49939091183336
1791049076060305000,80.73230493164063,350.71550086002355
1791049076070262800,80.7422626953125,350.5970005710568
1791049076080220700,80.752220703125,350.8687499149821
1791049076090178800,80.7621787109375,350.5763748506531
1791049076100135700,80.7721357421875,350.3702050802954
1791049076110093800,80.78209375,350.64698750192787
1791049076120052000,80.79205200195312,350.3152176196082
1791049076130009600,80.80200952148438,350.14796832007
1791049076139966700,80.811966796875,350.12129361303363
1791049076149924900,80.8219248046875,350.19434007235776
1791049076159882800,80.8318828125,350.2956386094091
1791049076169841000,80.8418408203125,349.82228594230065
1791049076179797800,80.8517978515625,350.23286222037916
1791049076189755600,80.86175561523437,350.42699594499015
1791049076199713800,80.8717138671875,350.367786968131
1791049076209671700,80.88167163085937,350.21390376601613
1791049076219628800,80.89162890625,349.9917980461725
1791049076229587000,80.9015869140625,350.8788152972265
1791049076239544800,80.911544921875,351.1375988428077
1791049076249502700,80.92150268554687,351.9935183620324
1791049076259460600,80.93146069335937,351.3212674850186
1791049076269417700,80.94141772460938,351.43540581454124
1791049076279376000,80.9513759765625,351.95752713610955
1791049076289333800,80.96133374023438,351.78647025353877
1791049076299292000,80.9712919921875,352.0970067344118
1791049076309248800,80.98124877929688,352.1404511962396
1791049076319206700,80.99120654296875,352.09086305024005
1791049076329164800,81.00116479492188,352.3635703515662
1791049076339122700,81.01112280273438,352.58141638551604
1791049076349079800,81.02107983398437,352.38346378754113
1791049076359038000,81.03103784179687,352.28557276661894
1791049076368995600,81.04099560546875,351.23284080137233
1791049076378953700,81.05095361328125,351.2471711895864
1791049076388910800,81.06091088867187,351.3740450096205
1791049076398868700,81.07086865234375,351.5590383644972
1791049076408827000,81.08082690429687,351.1266129437167
1791049076418784800,81.09078466796875,350.415109752925
1791049076428741600,81.10074169921874,350.9670079148501
1791049076438699800,81.11069970703124,350.9039033099092
1791049076448657700,81.12065771484374,351.49485257330497
1791049076458615800,81.13061572265624,351.1017681145492
1791049076468573000,81.14057299804688,351.3620598340224
1791049076478530800,81.15053076171876,352.00815250771876
1791049076488488700,81.16048876953126,351.9032244721309
1791049076498446600,81.17044653320312,351.57521343353034
1791049076508403700,81.18040380859375,351.64176037006274
1791049076518361900,81.19036181640625,351.97478102298817
1791049076528319700,81.20031982421875,351.9263330315859
1791049076538278000,81.21027783203125,352.23611354386367
1791049076548234800,81.22023486328125,351.81416508646777
1791049076558192600,81.23019262695313,352.261340243635
1791049076568150800,81.24015087890625,352.13031845210367
1791049076578108700,81.25010864257813,352.48338858212145
1791049076588065800,81.26006567382812,352.6383258139337
1791049076598023700,81.27002368164062,353.3719536756312
1791049076607981600,81.27998168945312,352.9501527397985
1791049076617939700,81.28993969726562,353.23997918108824
1791049076627896800,81.29989672851562,352.349082198733
1791049076637854700,81.30985473632812,352.8414834720004
1791049076647812900,81.31981274414062,352.0524666323778
1791049076657770800,81.32977075195312,351.69095487020854
1791049076667727600,81.3397275390625,352.13762859143316
1791049076677685800,81.34968579101563,351.9279867500546
1791049076687643600,81.3596435546875,351.2527618526473
1791049076697601800,81.36960180664063,350.8965836864917
1791049076707559000,81.37955883789063,351.0672200662995
1791049076717516500,81.3895166015625,351.1422239146505
1791049076727474700,81.399474609375,351.1422239146505
1791049076737432800,81.40943286132813,351.120383488236
1791049076747389700,81.4193896484375,351.36604202650415
1791049076757347800,81.42934790039062,352.5055832302917
1791049076767305700,81.4393056640625,352.42284673770536
1791049076777263900,81.44926391601562,352.43351209451964
1791049076787220700,81.459220703125,351.95460335733253
1791049076797178600,81.4691787109375,352.186869353237
1791049076807136800,81.47913671875,352.5889323537662
1791049076817095000,81.48909497070312,353.06710234093015
1791049076827051800,81.4990517578125,352.84462008992335
1791049076837009700,81.509009765625,353.4788736406374
1791049076846967800,81.5189677734375,352.7107256950195
1791049076856925700,81.52892578125,352.9265394866149
1791049076866882800,81.5388828125,352.3956412979386
1791049076876840700,81.5488408203125,352.46967994712185
1791049076886798800,81.558798828125,352.9033207387681
1791049076896757000,81.56875708007813,352.91394702108437
1791049076906713600,81.57871362304688,353.1478709088131
1791049076916671700,81.58867163085938,353.05949663191103
1791049076926630000,81.5986298828125,352.96750475595303
1791049076936587800,81.608587890625,352.8470912208146
1791049076946545000,81.618544921875,352.09788529316035
1791049076956502800,81.62850268554688,351.9385169425436
1791049076966460700,81.63846069335938,352.3595247660652
1791049076976418800,81.64841870117188,352.2965729130033
1791049076986376000,81.6583759765625,352.8543174834788
1791049076996333800,81.66833374023437,352.54673564422484
1791049077006292000,81.6782919921875,352.57372167637124
1791049077016249600,81.68824951171875,352.7959427155842
1791049077026206700,81.69820678710937,352.58057816390215
1791049077036164900,81.70816479492187,352.3063592200066
1791049077046122800,81.71812280273437,352.6217969882204
1791049077056081000,81.72808081054687,352.42867035920494
1791049077066038800,81.73803881835937,352.81563567011176
1791049077075995600,81.74799560546874,352.6742312821337
1791049077085953800,81.75795385742188,353.09649347606603
1791049077095911700,81.76791162109375,352.8456763636937
1791049077105868800,81.77786889648438,352.89088975007485
1791049077115827000,81.78782690429688,353.9432215226999
1791049077125784800,81.79778491210938,353.28824110809893
1791049077135742700,81.80774267578126,354.11896985670177
1791049077145699800,81.81769995117187,353.6007935438953
1791049077155657700,81.82765771484375,353.5658371704603
1791049077165615900,81.83761596679688,353.8806115579267
1791049077175573800,81.84757373046875,353.57734250413904
1791049077185530600,81.85753051757813,353.9875379782401
1791049077195488800,81.86748876953125,353.4262292326643
1791049077205446700,81.87744677734375,353.40970055924834
1791049077215404800,81.88740478515625,353.55753880913113
1791049077225362000,81.89736181640625,353.83211592168
1791049077235319800,81.90731982421875,352.81230705923065
1791049077245278000,81.91727783203125,352.87071228144646
1791049077255235600,81.92723559570312,353.2163542240154
1791049077265193700,81.93719384765625,353.1935970197872
1791049077275150800,81.94715087890626,353.6093953464216
1791049077285108700,81.95710864257812,353.18713831176416
1791049077295067000,81.96706689453126,352.9401602095777
1791049077305023700,81.97702368164063,353.633673995269
1791049077314981600,81.98698168945313,354.0187834783882
1791049077324939800,81.99693969726563,353.99605967725716
1791049077334898200,82.00689819335938,353.584784962045
1791049077344855000,82.01685498046875,353.83505198951144
1791049077354813200,82.02681323242187,353.93215342953863
1791049077364771000,82.03677099609375,354.1297572845781
1791049077374729200,82.04672924804687,353.84948523728224
1791049077384686300,82.05668627929687,354.39169704673077
1791049077394644200,82.06664428710937,354.4122072986709
1791049077404602000,82.07660205078125,354.32778163958426
1791049077414560000,82.08656005859375,355.29536684984373
1791049077424517000,82.09651708984374,355.4728349235989
1791049077434475300,82.10647534179688,355.51626327559643
1791049077444433200,82.11643310546874,355.91826502833646
1791049077454391300,82.12639135742188,355.51813218072925
1791049077464348200,82.13634814453125,355.3315144429893
1791049077474306000,82.14630615234375,354.7743143843122
1791049077484264200,82.15626416015625,355.2721865485757
1791049077494222000,82.16622216796875,355.04293976217946
1791049077504179200,82.17617919921875,354.8672079288447
1791049077514137000,82.18613720703125,355.2017569175257
1791049077524095000,82.19609497070313,355.42401665930777
1791049077534053000,82.20605322265625,355.27970817631746
1791049077544010200,82.21601025390625,354.5579524564287
1791049077553968000,82.22596801757813,354.5665061761358
1791049077563926300,82.23592626953125,354.65030601336525
1791049077573884200,82.24588427734375,354.4506432870013
1791049077583841000,82.25584106445312,354.5594685656418
1791049077593799200,82.26579907226562,354.9029804750304
1791049077603757000,82.27575708007812,355.012003536447
1791049077613715200,82.28571508789062,355.0831214063631
1791049077623672300,82.29567236328126,355.05735955098464
1791049077633630000,82.3056298828125,355.10865214379663
1791049077643588000,82.31558813476562,355.2876185889567
1791049077653546000,82.3255458984375,355.03438563751405
1791049077663503000,82.33550317382813,355.78771817916333
1791049077673461200,82.34546118164063,355.85042540259707
1791049077683419100,82.35541918945313,356.3255850127156
1791049077693377300,82.36537719726563,357.1462705027764
1791049077703334100,82.37533422851563,357.1405781548795
1791049077713292000,82.3852919921875,357.3666564786261
1791049077723250200,82.39525024414063,357.116409285058
1791049077733208000,82.4052080078125,357.3657388977305
1791049077743165200,82.41516528320312,357.9050181915089
1791049077753123000,82.425123046875,357.2783405833968
1791049077763081000,82.4350810546875,356.9894090058965
1791049077773039000,82.4450390625,356.42338756724234
1791049077782996200,82.45499633789062,357.40093584156915
1791049077792954000,82.4649541015625,356.87676969595924
1791049077802912300,82.47491235351562,355.5442656683153
1791049077812870100,82.4848701171875,356.74163330587277
1791049077822827000,82.49482690429687,356.8184965717833
1791049077832785200,82.50478515625,356.2085187426031
1791049077842743000,82.51474291992187,355.75573073812126
1791049077852701200,82.524701171875,355.3570580450671
1791049077862658300,82.534658203125,356.0290019201234
1791049077872616000,82.54461596679687,355.5932619350317
1791049077882574000,82.55457397460937,355.8894148608599
1791049077892532200,82.5645322265625,356.66026119423054
1791049077902489000,82.57448901367188,356.4303818105906
1791049077912447200,82.584447265625,356.936044237145
1791049077922405000,82.59440502929688,356.3657222326388
1791049077932363000,82.60436303710938,356.4214174089151
1791049077942320000,82.61432006835938,356.80689457923427
1791049077952278000,82.62427807617188,357.04007921440217
1791049077962236200,82.63423608398438,356.5267561619561
1791049077972194300,82.6441943359375,356.5289405318732
1791049077982151000,82.65415087890625,357.0429177989074
1791049077992109000,82.66410913085937,357.0245840312641
1791049078002067200,82.67406713867187,356.8843366504988
1791049078012025000,82.68402514648437,357.083850544508
1791049078021982200,82.69398217773437,357.27678984033713
1791049078031940000,82.70394018554687,356.9101447033081
1791049078041898200,82.71389819335937,357.78374314387156
1791049078051856100,82.72385620117187,357.0084692534149
1791049078061813000,82.73381298828124,357.5876464677495
1791049078071771100,82.74377124023438,357.0078884117384
1791049078081729300,82.75372924804688,357.07644552429014
1791049078091687200,82.76368725585938,356.92454138594593
1791049078101644000,82.77364404296875,357.4799648064769
1791049078111602200,82.78360229492188,357.2323518195994
1791049078121560000,82.79356005859376,356.49617666821916
1791049078131518200,82.80351831054688,356.7067258661537
1791049078141475300,82.81347534179687,357.6217146884691
1791049078151433200,82.82343310546875,355.06330009710234
1791049078161391400,82.83339135742187,355.5683060258194
1791049078171348000,82.84334790039063,355.1989738714654
1791049078181306000,82.85330615234375,355.74827296752534
1791049078191264300,82.86326416015625,356.54890126648013
1791049078201222100,82.87322216796875,356.3339553416821
1791049078211179300,82.88317919921874,357.20938571308926
1791049078221137200,82.89313720703124,356.8607675570928
1791049078231095000,82.90309497070312,356.62497790309385
1791049078241053200,82.91305322265625,357.19604985952793
1791049078251010300,82.92301025390626,356.87487610389115
1791049078260968200,82.93296826171876,357.49064626413167
1791049078270926300,82.94292626953126,357.9354094706748
1791049078280884000,82.95288403320312,357.72342451698836
1791049078290841000,82.96284106445313,357.936411234281
1791049078300799200,82.97279931640625,357.6250734651354
1791049078310757000,82.98275708007813,357.6557074680262
1791049078320715300,82.99271533203125,357.8833711758194
1791049078330672000,83.00267211914063,357.3272938050097
1791049078340630300,83.01263037109375,357.40607539255086
1791049078350588400,83.02258837890625,357.6535203354151
1791049078360546300,83.03254638671875,357.83133525645866
1791049078370503400,83.04250341796875,357.70256447392126
1791049078380461600,83.05246166992187,357.3041720395806
1791049078390419500,83.06241943359375,357.66364545112646
1791049078400377600,83.07237768554687,356.88954152546756
1791049078410334500,83.08233447265626,357.3799900118446
1791049078420292400,83.09229223632812,357.2359611112618
1791049078430250500,83.10225048828126,357.48618223292914
1791049078440208400,83.11220849609376,357.35746951585685
1791049078450165500,83.12216552734375,357.1979536164545
1791049078460123400,83.13212329101563,357.4776498054185
1791049078470081300,83.14208129882813,357.6250257293014
1791049078480039400,83.15203930664063,357.8833894470887
1791049078489996500,83.16199658203125,358.01745031068197
1791049078499954400,83.17195434570313,358.18483709898004
1791049078509912600,83.18191259765625,358.3392096928616
1791049078519869400,83.19186938476562,358.4783975698338
1791049078529827300,83.20182739257812,357.6472718967866
1791049078539785500,83.21178540039062,357.9009851502994
1791049078549743400,83.22174340820312,358.34964464257644
1791049078559700500,83.23170043945312,358.3874143938652
1791049078569658400,83.24165844726562,357.85360662208956
1791049078579616300,83.2516162109375,357.8853927504348
1791049078589574400,83.26157446289062,358.19385558297546
1791049078599531500,83.27153149414063,358.640906335722
1791049078609489400,83.28148950195313,358.91010350336546
1791049078619447600,83.29144750976562,358.72135576184917
1791049078629405400,83.30140551757812,359.1594322965368
1791049078639362300,83.3113623046875,359.0178672198255
1791049078649320400,83.32132055664063,358.32603497917836
1791049078659278300,83.3312783203125,358.45285080165837
1791049078669236500,83.34123657226563,358.2567850318262
1791049078679193600,83.35119360351563,358.6297837565597
1791049078689151200,83.36115112304688,358.29137437911146
1791049078699109400,83.371109375,357.8465032106317
1791049078709067300,83.3810673828125,357.7226713952117
1791049078719024400,83.3910244140625,357.9514669474235
1791049078728982500,83.400982421875,357.4379233552347
1791049078738940400,83.4109404296875,357.78248987647015
1791049078748898600,83.42089868164062,357.48580810244675
1791049078758855400,83.43085546875,357.69863205040804
1791049078768813300,83.44081323242187,358.76305980139824
1791049078778771500,83.450771484375,358.2941372425706
1791049078788728600,83.460728515625,358.43211075455804
1791049078798686500,83.4706865234375,358.3085167193149
1791049078808644400,83.48064428710937,358.346587215687
1791049078818602200,83.49060229492187,358.4414469241566
1791049078828559400,83.50055932617188,358.4017181178108
1791049078838517500,83.510517578125,358.0659520281945
1791049078848475400,83.52047534179688,358.229044943558
1791049078858433500,83.53043359375,358.0150704782145
1791049078868390400,83.54039038085938,358.35728236779465
1791049078878348300,83.55034838867188,358.26947626741725
1791049078888306400,83.56030639648438,358.86213242156583
1791049078898264300,83.57026440429688,359.1299645076846
1791049078908221400,83.58022143554687,359.05761504961714
1791049078918179600,83.5901796875,359.4046744267545
1791049078928137200,83.60013720703125,359.23585625547173
1791049078938095400,83.61009545898438,359.4210009390787
1791049078948052500,83.62005249023437,0.02295279929502552
1791049078958010400,83.63001025390625,0.56411075419016
1791049078967968500,83.63996850585937,1.1247798984274462
1791049078977926400,83.64992651367187,0.8946773286732858
1791049078987883300,83.65988330078125,0.8593872342401929
1791049078997841400,83.66984130859375,0.5545582644546883
1791049079007799300,83.67979931640625,0.7828017801284187
1791049079017756400,83.68975634765626,1.2773557909401312
1791049079027714600,83.69971459960938,1.0290829710476774
1791049079037672200,83.70967211914062,1.7108623652343378
1791049079047630300,83.71963037109376,0.9278030227977645
1791049079057587500,83.72958740234375,1.4192375557544161
1791049079067545300,83.73954541015625,1.9706763066798612
1791049079077503500,83.74950341796875,2.1372639295981375
1791049079087461400,83.75946142578125,2.5886106079732008
1791049079097418200,83.76941821289063,3.459775893038074
1791049079107376400,83.77937646484375,3.630841026803711
1791049079117334300,83.78933422851563,3.940995314642119
1791049079127292400,83.79929248046875,4.192459857699953
1791049079137249500,83.80924951171875,4.620897934878079
1791049079147207400,83.81920751953125,4.300775650959211
1791049079157165300,83.82916528320312,4.36522598354638
1791049079167123200,83.83912329101562,4.740306068690141
1791049079177080300,83.84908032226562,4.462938598096773
1791049079187038500,83.85903857421874,5.213730395767839
1791049079196996400,83.86899633789062,4.897749649629046
1791049079206954500,83.87895458984374,5.0445312228350865
1791049079216911400,83.88891137695313,5.086619764964981
1791049079226869200,83.898869140625,5.086619764964981
1791049079236827400,83.90882739257812,4.73001190587805
1791049079246784500,83.91878442382813,5.378119590293405
1791049079256742400,83.92874243164063,5.0437431018229795
1791049079266700500,83.93870043945313,4.514623228624014
1791049079276658200,83.948658203125,5.160951803696065
1791049079286615300,83.958615234375,4.475081085810965
1791049079296573400,83.96857348632813,4.537163331653766
1791049079306531300,83.97853125,4.567965036023085
1791049079316489500,83.98848950195313,4.666359295935354
1791049079326446300,83.9984462890625,4.700063754703509
1791049079336404000,84.00840405273438,4.095816780399287
1791049079346362000,84.01836206054688,4.066447763300212
1791049079356320000,84.02832006835938,2.858477121035262
1791049079366276900,84.03827685546875,2.156735898194758
1791049079376235000,84.04823510742187,2.1267332257111273
1791049079386193200,84.05819311523437,1.6975659887083157
1791049079396151000,84.06815112304687,1.8693743709705537
1791049079406108000,84.07810791015625,1.9370922131310155
1791049079416066000,84.08806616210937,1.7171870660716932
1791049079426024000,84.09802392578125,1.4799137139813086
1791049079435982000,84.10798217773437,0.21804870478122
1791049079445939000,84.11793896484374,0.7846992670890993
1791049079455897000,84.12789697265625,0.7845814525774087
1791049079465855200,84.13785522460938,0.6835810262807779
1791049079475811800,84.14781176757812,0.14802087826335875
1791049079485770000,84.15777001953126,359.735031832463
1791049079495728000,84.16772802734376,359.2107515544143
1791049079505686000,84.17768603515626,358.64541004865896
1791049079515643100,84.18764306640625,358.53585420710215
1791049079525601000,84.19760107421875,359.10324892482754
1791049079535559000,84.20755883789063,358.15427597954584
1791049079545517000,84.21751708984375,357.438948713493
1791049079555474000,84.22747387695313,357.90391063872
1791049079565432000,84.23743212890625,357.58176681499896
1791049079575390200,84.24739013671875,358.2769741996117
1791049079585348000,84.25734814453125,357.0670941690761
1791049079595305000,84.26730493164062,357.25018409424666
1791049079605263000,84.27726318359375,357.58765186333926
1791049079615221000,84.28722094726562,356.82889173147237
1791049079625178000,84.29717822265626,357.65963223943214
1791049079635136000,84.30713598632812,357.9747728958688
1791049079645094000,84.31709399414062,358.16968880611114
1791049079655052000,84.32705200195312,357.5226952774011
1791049079665009000,84.3370087890625,357.42635575667833
1791049079674967000,84.34696704101563,357.72628089798246
1791049079684925200,84.35692529296875,357.39549804059567
1791049079694883000,84.36688305664063,357.6547377057568
1791049079704840000,84.37683984375,357.3188575578954
1791049079714798000,84.38679809570313,357.25387623412195
1791049079724756000,84.396755859375,357.65370874178285
1791049079734714000,84.40671411132813,357.07920753011615
1791049079744671200,84.41667114257812,356.59029914101325
1791049079754629000,84.42662915039062,357.5590365674425
1791049079764587000,84.4365869140625,358.15005584323404
1791049079774545000,84.446544921875,358.14932842272844
1791049079784502000,84.456501953125,357.6445562718123
1791049079794460200,84.46646020507812,357.8544500590528
1791049079804418000,84.47641796875,358.4272447755133
1791049079814375000,84.486375,358.80385441409464
1791049079824333000,84.4963330078125,359.0984061179307
1791049079834291000,84.506291015625,359.4298955845152
1791049079844249000,84.5162490234375,359.81235272860954
1791049079854206200,84.52620629882813,0.7220228432640756
1791049079864164000,84.5361640625,0.31069456295241765
1791049079874122000,84.5461220703125,0.7427840164622739
1791049079884079900,84.55607983398437,0.7213267807689201
1791049079894037000,84.566037109375,1.3670115305948367
1791049079903995100,84.5759951171875,1.825471692437589
1791049079913953000,84.585953125,2.2211174603243276
1791049079923911200,84.5959111328125,2.484605279118959
1791049079933868000,84.60586791992188,2.796173252259187
1791049079943826000,84.61582592773438,3.4590707955749598
1791049079953784000,84.6257841796875,3.1547357331518726
1791049079963741200,84.6357412109375,3.450751442569593
1791049079973699000,84.64569897460937,3.7187942927945135
1791049079983657200,84.6556572265625,3.7830263572850265
1791049079993614800,84.66561474609375,3.9569256777740383
1791049080003572000,84.67557202148437,4.54851944307182
1791049080013530000,84.68553002929687,4.38039983837703
1791049080023488000,84.69548803710937,4.600370002717036
1791049080033446100,84.70544604492187,5.1969471983541995
1791049080043403000,84.71540307617188,5.6019559436819915
1791049080053361000,84.72536083984374,6.344439229278478
1791049080063319000,84.73531909179688,5.4279671688880216
1791049080073277000,84.74527685546875,5.547060141622475
1791049080083234000,84.75523413085938,5.317538544799002
1791049080093192200,84.76519213867188,4.718812582833223
1791049080103150000,84.77515014648438,6.0476280856831535
1791049080113107000,84.78510693359375,6.22242757734974
1791049080123065000,84.79506518554687,5.870982237021341
1791049080133023000,84.80502294921875,5.71556805155854
1791049080142981000,84.81498120117188,5.257988094941108
1791049080152938200,84.82493823242187,5.251482056639813
1791049080162896000,84.83489575195313,5.615268996285107
1791049080172854000,84.84485400390625,6.033829785848788
1791049080182812000,84.85481201171875,6.078173060521222
1791049080192769000,84.86476904296875,6.392814710291929
1791049080202727200,84.87472705078125,6.743031278282157
1791049080212685000,84.88468505859375,6.52722793672211
1791049080222642000,84.89464184570312,7.008150171927256
1791049080232600000,84.90460009765626,6.207836649258448
1791049080242558000,84.91455786132812,6.542436192224149
1791049080252516000,84.92451611328126,6.076504146043821
1791049080262473200,84.93447314453125,6.142004750053964
1791049080272431000,84.94443115234375,6.0259446608738765
1791049080282389000,84.95438891601563,6.075580951740481
1791049080292347000,84.96434692382813,6.165903433507992
1791049080302304000,84.97430395507813,6.482574325237839
1791049080312262100,84.98426220703125,6.20498839252247
1791049080322220000,84.99421997070313,6.176445050156249
1791049080332178200,85.00417822265625,6.1213830860626945
1791049080342135600,85.01413549804687,6.090660998660789
1791049080352093400,85.02409350585937,5.811730626543597
1791049080362051600,85.03405151367187,5.666415470759431
1791049080372008400,85.04400854492188,5.590520796284859
1791049080381966300,85.05396630859374,5.829513735916909
1791049080391924500,85.06392456054688,5.47294761266378
1791049080401882400,85.07388232421874,5.078615432750274
1791049080411839500,85.08383959960938,4.197355265038889
1791049080421797600,85.09379760742188,4.525841571527599
1791049080431755500,85.10375561523438,4.970621932966157
1791049080441713400,85.11371337890625,4.528300598990377
1791049080451670500,85.12367041015625,5.093828185887557
1791049080461628400,85.13362841796875,4.815504244872847
1791049080471586600,85.14358666992187,4.27542122554589
1791049080481544400,85.15354443359375,3.838763749986834
1791049080491501300,85.16350122070313,3.5527302997128225
1791049080501459500,85.17345947265625,3.657418098160204
1791049080511417300,85.18341723632813,3.4931477470515535
1791049080521374500,85.19337451171874,3.48829352593038
1791049080531332600,85.20333251953124,3.3641881964746743
1791049080541290500,85.21329052734374,3.2884831367587855
1791049080551248600,85.22324853515624,3.5189130943088873
1791049080561205500,85.23320556640626,3.3119817268934963
1791049080571163400,85.24316333007812,3.453491077334662
1791049080581121500,85.25312158203126,3.8251832662181817
1791049080591079400,85.26307934570312,3.631444241775712
1791049080601036500,85.27303662109375,3.1629184323422295
1791049080610994400,85.28299438476563,3.3759389338728023
1791049080620952300,85.29295239257813,3.6722704158447366
1791049080630909400,85.30290942382813,3.909853110063475
1791049080640867600,85.31286767578125,3.3190163914101256
1791049080650825500,85.32282543945313,3.1207489507645967
1791049080660783600,85.33278369140625,2.867708527020191
1791049080670740500,85.34274047851562,3.479430877137756
1791049080680698400,85.35269848632812,3.044132937995561
1791049080690656500,85.36265649414062,3.1651441424857527
1791049080700614400,85.37261450195312,3.1558524432621198
1791049080710571500,85.38257153320312,2.555407021031312
1791049080720529400,85.392529296875,2.8688883619331778
1791049080730487300,85.4024873046875,2.8513078931859632
1791049080740445400,85.41244555664062,3.0505123652956527
1791049080750402600,85.42240258789063,2.0799186408853423
1791049080760360400,85.4323603515625,2.7168696610743783
1791049080770318600,85.44231860351563,3.309137936369929
1791049080780275500,85.452275390625,3.5469499628232937
1791049080790233300,85.4622333984375,3.317070246561789
1791049080800191500,85.47219140625,2.9673680034996774
1791049080810149400,85.4821494140625,3.0233162804583342
1791049080820106500,85.4921064453125,2.9251992201378405
1791049080830064600,85.50206469726562,3.277121935331467
1791049080840022300,85.51202221679688,2.913472862772597
1791049080849980400,85.52198046875,2.7130623224669383
1791049080859937500,85.5319375,2.4915497803059132
1791049080869895400,85.5418955078125,2.536037800582631
1791049080879853600,85.551853515625,2.2144217787752374
1791049080889810400,85.561810546875,1.7789233802785973
1791049080899768300,85.57176831054687,1.7836351936818369
1791049080909726500,85.5817265625,1.23130274289737
1791049080919684400,85.59168432617187,1.733350074964582
1791049080929641500,85.60164135742187,1.5889673385892198
1791049080939599600,85.611599609375,1.0367734896274514
1791049080949557500,85.6215576171875,1.5861155279553498
1791049080959515400,85.63151538085937,1.5039866891379452
1791049080969472500,85.64147241210938,1.3138043626104265
1791049080979430400,85.65143041992188,1.842054747385135
1791049080989388500,85.66138842773438,1.226404555118461
1791049080999345700,85.671345703125,0.8762759940939971
1791049081009303300,85.68130322265625,1.0775945643674307
1791049081019261400,85.69126147460938,1.1371978200895105
1791049081029219300,85.70121923828125,1.5691620649465268
1791049081039176400,85.71117651367187,1.0533417163269951
1791049081049134600,85.72113452148437,1.6374719000408993
1791049081059092500,85.73109252929687,1.3115870627843822
1791049081069050600,85.74105053710937,1.241137134141216
1791049081079007500,85.75100756835937,1.5335550437971865
1791049081088965400,85.76096533203125,1.540240136484858
1791049081098923500,85.77092358398437,2.1727951405559356
1791049081108880600,85.78088061523438,1.5833703832574675
1791049081118838500,85.79083862304688,1.5263675356421245
1791049081128796400,85.80079638671874,1.6470158817409521
1791049081138754300,85.81075439453124,1.551887801680545
1791049081148711400,85.82071142578125,1.2777889448673845
1791049081158669600,85.83066967773438,0.7296856126000241
1791049081168627500,85.84062744140626,1.700361031404146
1791049081178585600,85.85058569335938,2.2537391821076604
1791049081188542500,85.86054248046875,1.8335721188740004
1791049081198500400,85.87050024414063,1.6318088369535753
1791049081208458500,85.88045849609375,2.030817639120744
1791049081218415600,85.89041552734375,2.198308562605274
1791049081228373500,85.90037353515625,1.8775957713200586
1791049081238331400,85.91033129882813,1.2147800896716496
1791049081248289300,85.92028930664063,1.2988572253134032
1791049081258246400,85.93024633789062,1.4634129830572664
1791049081268204500,85.94020458984374,1.5727747184720886
1791049081278162400,85.95016235351562,1.3811237305189628
1791049081288120600,85.96012060546875,1.3897422940083257
1791049081298077400,85.97007739257812,1.360511123382434
1791049081308035300,85.98003540039062,1.1950972285490442
1791049081317993500,85.98999340820312,1.0930731376090808
1791049081327950600,85.99995068359375,1.1945260127913844
1791049081337907700,86.00990771484375,1.560126015316359
1791049081347865600,86.01986547851563,1.3022512534304227
1791049081357823500,86.02982348632813,1.4163901565410146
1791049081367780600,86.03978051757812,1.698707639089367
1791049081377738800,86.04973876953125,1.757060824554888
1791049081387696600,86.05969653320312,1.5872972571027606
1791049081397653500,86.06965356445312,1.710989839833843
1791049081407611600,86.07961157226562,1.2321853489636772
1791049081417569500,86.08956958007812,0.9587373548010933
1791049081427527700,86.09952758789062,1.0661577187972182
1791049081437484800,86.10948486328125,0.5327200419234475
1791049081447442700,86.11944262695313,1.3259825846999562
1791049081457400800,86.12940087890625,0.7885911200886643
1791049081467358500,86.1393583984375,0.749653751247068
1791049081477315600,86.14931567382813,1.1195248373610334
1791049081487273700,86.15927368164063,0.7492699336178142
1791049081497231600,86.16923168945313,1.1574403757413703
1791049081507188700,86.17918872070312,0.9425790269260947
1791049081517146600,86.18914672851562,0.9288772570055145
1791049081527104500,86.1991044921875,0.7121547215502783
1791049081537062700,86.20906274414062,0.6936705759508548
1791049081547019800,86.21901977539062,0.6153698418374464
1791049081556977700,86.22897778320312,0.6514858845229996
1791049081566935800,86.23893579101562,0.5535475602671833
1791049081576893700,86.24889379882812,0.9304311317127092
1791049081586850600,86.2588505859375,1.247141712781495
1791049081596808700,86.26880859375,1.129598438806753
1791049081606766600,86.2787666015625,1.1559871085686686
1791049081616723700,86.2887236328125,1.480276647050839
1791049081626681900,86.29868188476563,1.9140218480215685
1791049081636639500,86.30863940429687,1.9826158715658542
1791049081646597600,86.31859765625,1.7364007280278888
1791049081656554800,86.3285546875,1.2812288539588683
1791049081666512600,86.3385126953125,1.2449877559868134
1791049081676470800,86.348470703125,1.4887815881658057
1791049081686427600,86.358427734375,1.165014452010684
1791049081696385500,86.36838549804688,1.23004955837405
1791049081706343700,86.37834375,1.8031664845418147
1791049081716301600,86.38830151367188,1.99883058673354
1791049081726258700,86.3982587890625,1.99883058673354
1791049081736216800,86.408216796875,2.215460360996059
1791049081746174500,86.41817456054687,1.7180515366631022
1791049081756132600,86.42813256835937,2.0987622056151487
1791049081766089700,86.43808984375,1.9872511314109045
1791049081776047600,86.44804760742187,1.7285043320454414
1791049081786005800,86.458005859375,1.9193793487924729
1791049081795962600,86.46796264648438,2.3069870284372507
1791049081805920500,86.47792041015624,2.251913245601595
1791049081815878700,86.48787866210938,2.1360725868671766
1791049081825836500,86.49783642578124,2.7133827367186645
1791049081835793700,86.50779370117188,2.9795116173291913
1791049081845751800,86.51775170898438,2.284014328995934
1791049081855709700,86.52770971679688,2.8013159359179887
1791049081865667600,86.53766748046876,3.506320154556349
1791049081875624700,86.54762475585937,3.3946670268719448
1791049081885582600,86.55758251953125,3.8774778669520864
1791049081895540700,86.56754077148437,3.7171973987824134
1791049081905497900,86.57749780273437,3.5516121961582674
1791049081915455500,86.58745556640625,3.7734460723663594
1791049081925413600,86.59741357421875,3.1996923734083103
1791049081935371500,86.60737158203125,3.6229815045879614
1791049081945328600,86.61732861328124,4.797741602856237
1791049081955286800,86.62728686523438,5.791603255564787
1791049081965244700,86.63724462890625,5.216596066230847
1791049081975201500,86.64720141601562,4.804853201553802
1791049081985159700,86.65715966796876,4.6806390726825065
1791049081995117600,86.66711767578126,4.544769899140445
1791049082005075700,86.67707568359376,4.393869136309192
1791049082015032800,86.68703271484375,4.475622672084095
1791049082024990700,86.69699072265625,4.167648869502208
1791049082034948600,86.70694848632813,4.432069502881095
1791049082044905700,86.71690576171875,4.231354994078411
1791049082054863600,86.72686352539063,4.741289771973518
1791049082064821800,86.73682177734375,4.898463746101055
1791049082074779600,86.74677954101563,4.716123334242944
1791049082084736500,86.75673657226562,4.383410006689114
1791049082094694700,86.76669458007812,4.322294875400611
1791049082104652500,86.77665258789062,4.195957828066478
1791049082114610700,86.78661059570312,4.044367678858182
1791049082124567800,86.79656787109376,4.188824103113533
1791049082134525700,86.80652563476562,4.51855712072667
1791049082144483800,86.81648388671876,4.113192687362634
1791049082154440700,86.82644067382813,3.5799712024297023
1791049082164398600,86.83639868164063,3.9676412684662816
1791049082174356700,86.84635668945313,4.363232182317438
1791049082184314600,86.85631469726563,4.359696868353869
1791049082194271700,86.86627172851563,3.5597428910246762
1791049082204229600,86.87622973632813,3.8182565290770447
1791049082214187500,86.8861875,4.254071867198367
1791049082224144600,86.89614453125,4.386004604705852
1791049082234102800,86.90610278320312,3.8336071856964504
1791049082244060700,86.91606079101562,4.24220324974662
1791049082254018800,86.92601879882812,4.336264487235787
1791049082263975700,86.9359755859375,4.724896144971754
1791049082273933600,86.94593359375,4.822747052624686
1791049082283891700,86.9558916015625,4.446435133587454
1791049082293849600,86.965849609375,4.142527314440835
1791049082303806700,86.975806640625,4.352423334183923
1791049082313764600,86.9857646484375,4.015802658831733
1791049082323722500,86.99572241210937,3.903103171775629
1791049082333679600,87.0056796875,4.284954609557902
1791049082343638300,87.01563818359375,4.1813886216826495
1791049082353596200,87.02559619140625,4.5010872134940625
1791049082363554300,87.03555419921875,4.35468313870216
1791049082373511200,87.04551123046875,5.010585179568867
1791049082383469000,87.05546899414063,3.926133486468282
1791049082393427200,87.06542724609375,4.045187415880455
1791049082403384300,87.07538427734374,4.382064087442526
1791049082413342200,87.08534228515624,4.767707089336535
1791049082423300400,87.09530029296874,4.742085370952676
1791049082433258200,87.10525830078124,5.393996262071858
1791049082443215000,87.11521508789062,4.591858151415172
1791049082453173200,87.12517333984376,5.223698770149881
1791049082463131100,87.13513110351562,4.542050088649862
1791049082473088300,87.14508813476563,4.465186110637389
1791049082483046400,87.15504638671875,4.977766093361424
1791049082493004000,87.16500415039063,4.730899272506416
1791049082502962200,87.17496215820313,5.368823585118749
1791049082512919300,87.18491918945313,6.042440749968784
1791049082522877200,87.19487719726563,5.343388990698814
1791049082532835300,87.20483544921875,5.4742294102044236
1791049082542793200,87.21479321289063,4.8144124003449225
1791049082552750000,87.22475,5.550618447317077
1791049082562708200,87.23470825195312,5.942117011572411
1791049082572666000,87.244666015625,5.142347191383644
1791049082582623200,87.25462329101562,5.789189109028834
1791049082592581400,87.26458129882812,5.2650080756704485
1791049082602539300,87.27453930664062,5.654530649570301
1791049082612497200,87.2844970703125,5.982137607659343
1791049082622454300,87.29445434570313,6.384529772619488
1791049082632412200,87.304412109375,6.0278907873380145
1791049082642370300,87.31437036132813,5.411208221398712
1791049082652327400,87.32432739257813,5.545928740358847
1791049082662285000,87.33428515625,5.71889001984184
1791049082672243200,87.3442431640625,5.766295428902476
1791049082682201000,87.354201171875,5.323119260879813
1791049082692158200,87.364158203125,5.083452759640957
1791049082702116400,87.37411645507812,5.792432989718434
1791049082712074200,87.38407421875,5.380911470193052
1791049082722031000,87.39403100585938,5.1126354987530265
1791049082731989200,87.4039892578125,6.035051147384802
1791049082741947100,87.41394702148438,5.794016495632201
1791049082751905300,87.4239052734375,5.756298007262744
1791049082761862400,87.4338623046875,5.668273972501542
1791049082771820000,87.44382006835937,5.916697813825174
1791049082781778200,87.45377807617187,6.235943955467651
1791049082791735300,87.4637353515625,5.2582160087541014
1791049082801693200,87.47369311523437,5.374342393286795
1791049082811651300,87.4836513671875,5.542069248714868
1791049082821609200,87.49360913085937,5.60086322170214
1791049082831566000,87.50356616210938,6.101982950907088
1791049082841524200,87.51352416992188,5.930278521680623
1791049082851482000,87.52348217773438,6.192916836115413
1791049082861439200,87.53343920898438,5.907044736431649
1791049082871397400,87.5433974609375,5.878069055708257
1791049082881355300,87.55335522460938,6.0858422987742085
1791049082891313200,87.56331323242188,5.425118724895873
1791049082901270300,87.57327026367187,5.55980674620903
1791049082911228200,87.58322827148437,6.125708174854944
1791049082921186300,87.59318627929687,6.256838276332995
1791049082931143200,87.60314306640625,6.122636980665277
1791049082941101000,87.61310107421875,5.982472181450578
1791049082951059200,87.62305908203125,6.329740340306103
1791049082961017000,87.63301708984375,6.389107594582902
1791049082970974200,87.64297412109374,6.007460835730589
1791049082980932400,87.65293237304688,6.18702295870629
1791049082990890200,87.66289013671874,6.302565349973662
1791049083000847000,87.67284716796875,5.5919238480557745
1791049083010805200,87.68280517578125,6.173038952335354
1791049083020763100,87.69276318359375,5.956968872363922
1791049083030721300,87.70272119140625,5.936932440645018
1791049083040678100,87.71267822265625,5.078613591997185
1791049083050636300,87.72263623046875,5.737402194468567
1791049083060594200,87.73259423828125,5.145162909966524
1791049083070552000,87.74255200195313,5.352064079714401
1791049083080509200,87.75250927734375,5.888881369988477
1791049083090467300,87.76246728515625,5.778868806777318
1791049083100425200,87.77242529296875,5.301669944525209
1791049083110382000,87.78238208007812,5.6460185243692
1791049083120340200,87.79234033203124,5.478850786162512
1791049083130298000,87.80229809570312,5.488960245242207
1791049083140256300,87.81225634765624,5.377919538205417
1791049083150213000,87.82221313476562,5.540058304061543
1791049083160171300,87.83217114257812,5.186672844529129
1791049083170129400,87.84212939453126,5.004238812709311
1791049083180086000,87.8520859375,5.096165370749171
1791049083190044200,87.86204418945313,4.356920121626328
1791049083200002300,87.87200219726563,4.9572555131832186
1791049083209960200,87.88196020507813,4.719694126843619
1791049083219917300,87.89191723632813,5.038445994097934
1791049083229875200,87.90187524414063,6.0685851633943475
1791049083239833000,87.9118330078125,6.356175805032591
1791049083249790200,87.92179028320312,5.501404520517533
1791049083259748000,87.931748046875,5.710054705094804
1791049083269706200,87.94170629882812,6.124097678441395
1791049083279664400,87.95166430664062,6.757268094700959
1791049083289621000,87.96162109375,6.278193217642805
1791049083299579100,87.9715791015625,5.983737960464923
1791049083309537300,87.98153735351562,5.79342949172709
1791049083319494100,87.991494140625,6.182996195371867
1791049083329452300,88.00145239257813,5.98144278993415
1791049083339410400,88.01141040039063,5.918495124874622
1791049083349368000,88.0213681640625,5.223308319925453
1791049083359325200,88.0313251953125,4.909238108460242
1791049083369283000,88.04128295898437,4.586136006734892
1791049083379241200,88.0512412109375,4.9460844369026615
1791049083389198300,88.0611982421875,5.409308743749526
1791049083399156000,88.07115600585938,5.472874019986265
1791049083409114000,88.08111401367188,5.350462620709171
1791049083419072300,88.091072265625,5.431791574352811
1791049083429029000,88.10102905273438,5.372293723803587
1791049083438987300,88.1109873046875,6.302883489785424
1791049083448945400,88.1209453125,4.943983623898871
1791049083458902000,88.13090209960937,4.658168595181794
1791049083468860200,88.14086010742187,4.135044943731381
1791049083478818300,88.150818359375,3.995506683466152
1791049083488776200,88.16077612304687,4.1475267063951335
1791049083498733300,88.1707333984375,4.243584629407404
1791049083508691200,88.18069116210937,4.267786225982134
1791049083518649000,88.19064916992187,4.587210360180482
1791049083528606200,88.20060620117188,4.559214993805921
1791049083538564000,88.21056420898438,4.27179196563574
1791049083548522200,88.22052221679688,4.625389241365318
1791049083558480400,88.23048046875,4.328947331705689
1791049083568437000,88.24043701171875,4.209771325847135
1791049083578395100,88.25039501953125,5.439198702671695
1791049083588353300,88.26035327148438,4.608813749178318
1791049083598310100,88.27031005859375,3.770703294890462
1791049083608268300,88.28026831054687,4.632750492696367
1791049083618226200,88.29022607421875,4.924204145189019
1791049083628184000,88.30018408203125,4.88563147061493
1791049083638141200,88.31014111328125,4.583323939725395
1791049083648099000,88.32009912109375,4.779161016093901
1791049083658057200,88.33005712890625,5.053943441201479
1791049083668014300,88.34001440429688,4.637712171224867
1791049083677972000,88.34997192382812,5.2434287112610365
1791049083687930000,88.35993017578124,5.469761134468496
1791049083697887200,88.36988720703125,4.892882846777989
1791049083707845000,88.37984521484375,5.4592688183384395
1791049083717803300,88.38980322265625,5.586829488705644
1791049083727761200,88.39976123046876,5.522819208790319
1791049083737718000,88.40971801757813,4.326121924710515
1791049083747676200,88.41967626953125,4.529413176151217
1791049083757634000,88.42963403320313,4.4542925563844795
1791049083767591200,88.43959106445313,4.37873379794893
1791049083777549300,88.44954931640625,4.755761480649477
1791049083787507200,88.45950708007813,4.3157830190008735
1791049083797465000,88.46946508789063,4.05538267758802
1791049083807422200,88.47942211914062,4.914058130546689
1791049083817380000,88.48938012695312,4.074221194168329
1791049083827338200,88.49933813476562,4.03178586222844
1791049083837295400,88.50929541015626,4.015739567676754
1791049083847253000,88.5192529296875,3.9407484423030197
1791049083857211100,88.52921118164062,4.347978371455262
1791049083867169000,88.5391689453125,3.7483386607176397
1791049083877126100,88.54912622070313,4.605589006237738
1791049083887084300,88.55908422851563,4.59010861284438
1791049083897042200,88.56904223632813,4.541149657784572
1791049083906999000,88.5789990234375,5.181986254867317
1791049083916957200,88.58895727539063,3.948967231213131
1791049083926915000,88.5989150390625,4.27170236823752
1791049083936873200,88.60887329101563,4.630677718917803
1791049083946830300,88.61883032226562,4.4867653407140535
1791049083956788200,88.62878833007812,5.166185168720103
1791049083966746000,88.63874609375,5.462455337657581
1791049083976703200,88.648703125,5.314812502240688
1791049083986661000,88.6586611328125,5.619587097136787
1791049083996619300,88.66861938476562,4.8284201058781795
1791049084006576400,88.67857641601563,5.606225383131197
1791049084016534000,88.68853393554687,4.289705508658303
1791049084026492200,88.6984921875,4.723349746017614
1791049084036450000,88.70844995117187,5.263226017858472
1791049084046407200,88.7184072265625,5.644012427917045
1791049084056365300,88.728365234375,5.372309945857465
1791049084066323200,88.7383232421875,5.602887004728037
1791049084076280000,88.74828002929688,4.930163668188356
1791049084086238200,88.75823828125,5.137407760442054
1791049084096196000,88.76819604492188,4.956982823896493
1791049084106154200,88.778154296875,5.34223114188916
1791049084116111400,88.788111328125,4.351705629136838
1791049084126069000,88.79806909179688,4.718164926572163
1791049084136027100,88.80802709960938,5.067442057489885
1791049084145984300,88.817984375,3.9748317022977795
1791049084155942100,88.82794213867187,4.0633564882240725
1791049084165900300,88.837900390625,4.300135643435857
1791049084175858200,88.84785815429687,3.4682691799648393
1791049084185815000,88.85781494140625,4.080937257056257
1791049084195773200,88.86777319335937,3.839676367114409
1791049084205731000,88.87773095703125,4.315912976060894
1791049084215688200,88.88768823242188,3.7740944931153235
1791049084225646300,88.89764624023438,3.4213372149458987
1791049084235604200,88.90760424804688,4.058986963079281
1791049084245562000,88.91756201171874,4.191972020209433
1791049084255519200,88.92751928710938,4.191972020209433
1791049084265477000,88.93747705078125,4.306315828639944
1791049084275435300,88.94743530273438,4.241671668187116
1791049084285392400,88.95739233398437,4.50760406210148
1791049084295350000,88.96735009765625,5.024167066611494
1791049084305308200,88.97730810546875,4.243162421154105
1791049084315266000,88.98726611328125,4.637132779087045
1791049084325223200,88.99722314453125,4.422727409609995
1791049084335181300,89.00718139648437,4.191481224442018
1791049084345138700,89.017138671875,4.502492494391942
1791049084355095800,89.027095703125,3.4278329470131164
1791049084365053700,89.0370537109375,4.0017686923400415
1791049084375011600,89.04701147460938,3.283823197368913
1791049084384968700,89.05696875,3.3853622699034287
1791049084394926800,89.0669267578125,4.368683352625258
1791049084404884700,89.076884765625,4.024933875336514
1791049084414843000,89.0868427734375,4.846529196069347
1791049084424799700,89.0967998046875,4.055145220051411
1791049084434757600,89.10675756835937,4.217800058807595
1791049084444715800,89.1167158203125,3.8917916847396645
1791049084454673000,89.1266728515625,3.837841112719884
1791049084464630800,89.136630859375,5.063458575900473
1791049084474589000,89.1465888671875,4.462091668516177
1791049084484546600,89.15654663085938,4.705738751303984
1791049084494503700,89.16650366210938,4.673115263307427
1791049084504461800,89.1764619140625,3.894024055736991
1791049084514419700,89.18641967773438,3.539791040920382
1791049084524376800,89.196376953125,3.5660615329343814
1791049084534334700,89.20633471679687,3.3475544151885526
1791049084544292600,89.21629272460937,3.94555136789777
1791049084554249700,89.22624975585937,4.380483027505889
1791049084564207900,89.23620776367187,4.2409154457878016
1791049084574165800,89.24616577148437,4.304601202048966
1791049084584124000,89.2561240234375,4.033151298066059
1791049084594080800,89.26608081054688,3.895870668114694
1791049084604038700,89.27603857421875,3.764856687468611
1791049084613996800,89.28599682617188,3.6868826006311135
1791049084623954000,89.29595385742188,3.378691626065303
1791049084633911800,89.30591186523438,3.1801498362132015
1791049084643870000,89.31586987304688,3.7512617595035587
1791049084653827600,89.32582763671876,5.079788343536697
1791049084663784700,89.33578466796875,4.711454690328566
1791049084673742800,89.34574291992188,4.796829372751377
1791049084683700700,89.35570068359375,4.080772112162121
1791049084693657900,89.36565795898437,4.325911297170644
1791049084703615700,89.37561572265625,3.7614821745736227
1791049084713573600,89.38557373046875,4.219293488766797
1791049084723530800,89.39553076171875,4.516914122068271
1791049084733489000,89.40548901367187,4.284640163588641
1791049084743446800,89.41544677734375,4.4632059207651125
1791049084753405000,89.42540502929687,3.9217765038541605
1791049084763361800,89.43536181640626,3.833232524762515
1791049084773319700,89.44531958007812,5.143690686573833
1791049084783277800,89.45527783203126,3.6946553845936894
1791049084793235000,89.46523486328125,4.164099975212384
1791049084803192800,89.47519287109375,3.889926593763197
1791049084813151000,89.48515087890625,3.802522882541791
1791049084823108600,89.49510864257813,4.08908867040309
1791049084833065700,89.50506567382813,3.6709091198344277
1791049084843024000,89.51502392578125,2.8885099083342447
1791049084852981800,89.52498168945313,2.271630839691764
1791049084862939000,89.53493896484375,2.674484887702547
1791049084872896800,89.54489672851562,3.3489149890523104
1791049084882854700,89.55485473632812,3.1639098333487228
1791049084892811800,89.56481176757812,3.369461918840039
1791049084902770000,89.57477001953124,2.8245750713193654
1791049084912727800,89.58472778320312,2.803467596428141
1791049084922686000,89.59468603515624,3.573079428869175
1791049084932642800,89.60464282226563,3.5891883600450623
1791049084942600700,89.6146005859375,3.674995999458173
1791049084952558800,89.62455883789063,2.7770302580617225
1791049084962515700,89.634515625,2.2723075111360953
1791049084972473900,89.64447387695313,2.9347083663159244
1791049084982432000,89.65443188476563,3.5790821729407942
1791049084992389600,89.6643896484375,3.664845858450531
1791049085002346800,89.6743466796875,3.985105755543304
1791049085012305000,89.68430493164063,3.6544588666272824
1791049085022262800,89.6942626953125,3.8748459226126775
1791049085032220000,89.70421997070312,3.9150149591118772
1791049085042177800,89.714177734375,4.260482015869804
1791049085052135700,89.7241357421875,4.04854733109313
1791049085062092800,89.7340927734375,4.0543189755718005
1791049085072050700,89.74405078125,4.518595038065826
1791049085082008800,89.7540087890625,3.871942922523024
1791049085091967000,89.76396704101562,3.970335811690713
1791049085101923600,89.77392358398437,4.819802732301848
1791049085111881700,89.7838818359375,4.40769081078416
1791049085121839900,89.79383984375,4.701601498402086
1791049085131796700,89.80379663085938,4.575278306206705
1791049085141755000,89.8137548828125,4.91682260311899
1791049085151712800,89.82371264648438,4.281151807180802
1791049085161669600,89.83366967773438,4.193068728554625
1791049085171627800,89.84362768554688,4.076500174882885
1791049085181585700,89.85358569335938,3.4254986253473922
1791049085191543800,89.86354370117188,4.378259905639709
1791049085201500700,89.87350073242187,4.903483438443013
1791049085211458600,89.88345849609375,3.9048575100227514
1791049085221416700,89.89341674804687,4.060654841663275
1791049085231373800,89.90337377929687,4.8657067264377245
1791049085241331700,89.91333178710937,4.7634066780601945
1791049085251289900,89.92328979492187,5.027722943619278
1791049085261248000,89.933248046875,4.908464347995272
1791049085271204600,89.94320458984375,4.91593591219484
1791049085281162800,89.95316284179688,4.835444202432113
1791049085291120600,89.96312060546875,4.7870289762569564
1791049085301077800,89.97307788085938,5.128156922969973
1791049085311036000,89.98303588867188,4.26877432004062
1791049085320993500,89.99299365234376,4.444354356149076
1791049085330950700,90.00295068359375,4.204544174953278
1791049085340908800,90.01290869140625,4.423999853929079
1791049085350867000,90.02286694335938,4.35782847188677
1791049085360825000,90.0328251953125,4.475292147140676
1791049085370782200,90.0427822265625,3.897052827489122
1791049085380739800,90.05273974609375,4.029283416286445
1791049085390698000,90.06269799804687,4.043432277118928
1791049085400655000,90.07265502929687,3.748856717310009
1791049085410613000,90.08261303710937,3.5226051761327564
1791049085420571100,90.09257104492187,3.703127058255147
1791049085430528000,90.10252807617188,2.587680943298244
1791049085440486000,90.11248583984376,2.6412825519044616
1791049085450444000,90.12244409179688,2.739903926183842
1791049085460402000,90.13240185546876,2.6208553076714365
1791049085470359000,90.14235913085938,2.7748946913336168
1791049085480317200,90.15231713867188,2.498179942348385
1791049085490274800,90.16227490234375,3.3608647547246506
1791049085500232000,90.17223193359375,3.0344530080911043
1791049085510190000,90.18219018554687,2.3281204065451426
1791049085520148000,90.19214794921875,3.944149582717538
1791049085530105000,90.20210498046875,3.6829806416382613
1791049085540063000,90.21206298828125,3.43700932650597
1791049085550020900,90.22202075195312,4.014283080124448
1791049085559979000,90.23197900390625,4.299600138103963
1791049085569936100,90.24193603515624,4.737712265876268
1791049085579894000,90.25189404296874,4.567993375109316
1791049085589852200,90.26185205078124,3.536232803282488
1791049085599809000,90.27180908203125,4.183070150621658
1791049085609767000,90.28176684570313,3.0412538109929144
1791049085619725000,90.29172509765625,3.953263395313622
1791049085629682200,90.30168212890625,4.561357365094073
1791049085639640000,90.31164013671875,3.80249979077145
1791049085649598200,90.32159814453125,4.110659847441216
1791049085659555800,90.33155590820313,3.1787209553907645
1791049085669513000,90.34151293945312,3.517643042503582
1791049085679471000,90.35147119140625,4.024076882979025
1791049085689429000,90.36142895507813,4.979163316579897
1791049085699386000,90.37138623046874,5.399533098004405
1791049085709344000,90.38134399414062,4.716290481570434
1791049085719302000,90.39130200195312,4.906487637865753
1791049085729259000,90.40125903320312,4.933913328714188
1791049085739217200,90.41121704101562,4.880073501760641
1791049085749175000,90.42117504882812,4.936071578032915
1791049085759133200,90.43113330078126,5.25454490838203
1791049085769090000,90.44109008789063,4.781102925216966
1791049085779048000,90.4510478515625,4.7512622633743264
1791049085789006000,90.46100610351563,4.310851920256729
1791049085798963000,90.470962890625,5.029277437454768
1791049085808921000,90.48092114257813,4.4387992329302435
1791049085818879200,90.49087915039063,4.402441089623196
1791049085828835800,90.5008359375,4.663142078639829
1791049085838794000,90.5107939453125,3.8575706133068874
1791049085848752000,90.52075219726562,3.8020384253621313
1791049085858710000,90.5307099609375,3.427277999965166
1791049085868667100,90.54066723632812,3.4260448518563984
1791049085878625000,90.550625,3.9862734921852323
1791049085888583000,90.5605830078125,3.3427832237966486
1791049085898540000,90.5705400390625,3.612515205494893
1791049085908498200,90.58049829101563,3.1947990897919976
1791049085918456000,90.5904560546875,3.009088368213164
1791049085928413000,90.60041284179688,3.0004805495350473
1791049085938370800,90.61037084960938,2.0467009934358926
1791049085948329000,90.62032885742188,1.80344507407276
1791049085958287000,90.630287109375,1.2153986971681034
1791049085968244000,90.64024389648438,2.1417063101991674
1791049085978202000,90.6502021484375,2.2920982180352705
1791049085988160300,90.66016015625,1.3434193498409777
1791049085998116900,90.67011694335937,2.5949118638125697
1791049086008075000,90.68007495117187,2.1180211541300946
1791049086018033200,90.690033203125,2.4648382470754013
1791049086027990000,90.69998999023437,3.3883962413801956
1791049086037948200,90.7099482421875,2.3396447753320064
1791049086047906000,90.71990600585937,2.2258199082083565
1791049086057864000,90.72986401367187,2.3265498950817114
1791049086067821000,90.73982104492187,1.3110382402640564
1791049086077779000,90.74977905273437,1.3318233004421622
1791049086087737000,90.75973706054687,2.425497800975017
1791049086097694000,90.76969384765626,2.1485891468046465
1791049086107651800,90.77965185546876,2.6865844734772786
1791049086117610000,90.78960986328126,2.9087383367659716
1791049086127567000,90.79956713867188,3.547546043690717
1791049086137525000,90.80952490234375,2.831210262338628
1791049086147483100,90.81948315429688,2.559946130883175
1791049086157441000,90.82944091796875,2.686152852928531
1791049086167398000,90.83939794921875,1.716732736984369
1791049086177356000,90.84935595703125,2.451623342590072
1791049086187314000,90.85931396484375,3.1250419964976275
1791049086197271000,90.86927099609375,3.257344434160978
1791049086207229200,90.87922924804687,4.217867354332035
1791049086217186800,90.88918676757812,3.3331845713639177
1791049086227144000,90.89914404296874,3.198583497707277
1791049086237102000,90.90910205078124,4.537316447284889
1791049086247060000,90.91906005859374,3.208482091031978
1791049086257018000,90.92901806640624,2.8454992395949286
1791049086266975000,90.93897509765625,3.0287201063668383
1791049086276932900,90.94893286132813,2.9979011238466446
1791049086286891000,90.95889111328125,2.5849417765486145
1791049086296848100,90.96884814453125,2.3973346347288005
1791049086306806000,90.97880590820313,3.3765112404206175
1791049086316764200,90.98876416015625,3.0639831331122798
1791049086326721000,90.99872094726562,3.1273728070419238
1791049086336679000,91.00867895507812,2.9114062177225444
1791049086346637600,91.01863745117187,2.961075645229347
1791049086356594700,91.0285947265625,2.109575043353338
1791049086366552600,91.03855249023438,1.6932268574805829
1791049086376510700,91.0485107421875,2.727845035835528
1791049086386468600,91.05846850585938,2.5419516608293793
1791049086396425500,91.06842553710938,2.9320488029458187
1791049086406383600,91.07838354492188,3.430547053505949
1791049086416341500,91.08834155273438,3.1725164107242967
1791049086426298600,91.09829858398437,3.0975188465344643
1791049086436256800,91.1082568359375,3.027537459672247
1791049086446214700,91.11821459960937,3.1807551009753268
1791049086456171500,91.12817163085937,3.090225804634681
1791049086466129700,91.13812963867187,2.769376471188774
1791049086476087600,91.14808764648437,3.4875524084304828
1791049086486045700,91.15804565429687,2.964840256403789
1791049086496002600,91.16800244140624,1.9032575752045757
1791049086505960400,91.17796044921874,2.7293024654977014
1791049086515918600,91.18791870117188,2.2536709033822486
1791049086525875500,91.19787548828126,3.315052865739775
1791049086535833600,91.20783349609376,2.8332761721882416
1791049086545791700,91.21779174804688,2.573117666142243
1791049086555748400,91.22774829101563,3.834811615330031
1791049086565706500,91.23770654296875,3.551797593752574
1791049086575664600,91.24766455078125,3.2053220940233706
1791049086585621500,91.25762158203125,3.0243071255334004
1791049086595579600,91.26757958984375,3.9181360583458096
1791049086605537500,91.27753759765625,4.126619015458424
1791049086615495400,91.28749536132813,3.686339167654669
1791049086625452500,91.29745263671875,3.9984292849515186
1791049086635410400,91.30741040039062,4.408189114312704
1791049086645368600,91.31736865234375,4.063091117161122
1791049086655325700,91.32732568359376,4.157514988434772
1791049086665283600,91.33728369140626,3.8088114040646883
1791049086675241500,91.34724145507812,4.438128323498762
1791049086685198600,91.35719848632813,4.327739085100727
1791049086695156500,91.36715649414063,4.198547998377036
1791049086705114600,91.37711450195313,4.342724519037889
1791049086715071700,91.38707177734375,4.342724519037889
1791049086725029400,91.397029296875,3.841507239421616
1791049086734987500,91.40698754882813,3.2869553845269905
1791049086744945400,91.4169453125,2.6498088178513792
1791049086754902500,91.42690258789062,2.6978371522779834
1791049086764860700,91.43686059570312,2.6978371522779834
1791049086774818600,91.44681860351562,3.0689672143845885
1791049086784775400,91.456775390625,1.7730553061796308
1791049086794733600,91.46673364257812,2.169945604217286
1791049086804691500,91.47669140625,2.8279736607656214
1791049086814648600,91.48664868164063,2.83505358380147
1791049086824606700,91.49660668945313,3.4911706940610094
1791049086834564400,91.506564453125,3.9612326760704764
1791049086844521500,91.516521484375,3.417601053225035
1791049086854479600,91.52647973632813,2.6044182559061952
1791049086864437500,91.5364375,3.405104107448817
1791049086874395600,91.54639575195313,3.1725497809744647
1791049086884352500,91.5563525390625,2.95883669950257
1791049086894310400,91.56631030273438,3.1311077059819836
1791049086904268500,91.5762685546875,3.5724883582869746
1791049086914225700,91.5862255859375,3.479917030941835
1791049086924183600,91.59618359375,3.1236414176558824
1791049086934141700,91.6061416015625,3.0809824097727208
1791049086944098600,91.6160986328125,4.0858958246631545
1791049086954056400,91.62605639648437,2.6896329412628415
1791049086964014600,91.6360146484375,2.7899371580376573
1791049086973972500,91.64597241210937,3.348139896881067
1791049086983929600,91.6559296875,3.5333331971261805
1791049086993887700,91.6658876953125,3.4123705680827747
1791049087003845400,91.67584545898437,3.5677662138820843
1791049087013802500,91.68580249023438,4.1594129404687115
1791049087023760600,91.6957607421875,4.277351229798468
1791049087033718500,91.70571850585938,4.6904201798106495
1791049087043675600,91.71567553710938,4.177767571720198
1791049087053633500,91.72563354492188,4.125522479475685
1791049087063591400,91.73559130859375,3.9817952070635445
1791049087073548500,91.74554858398437,2.7951508627431343
1791049087083506700,91.75550659179687,2.9703853836363563
1791049087093464600,91.76546459960937,4.145540248122177
1791049087103422700,91.77542260742187,3.573433578822003
1791049087113379600,91.78537963867187,3.490142153469475
1791049087123337500,91.79533740234375,2.9545147649796695
1791049087133295600,91.80529565429687,3.362699585635832
1791049087143252700,91.81525268554688,3.3541495571678603
1791049087153210600,91.82521069335938,3.2334872631596085
1791049087163168800,91.83516870117188,3.441492406302188
1791049087173125600,91.84512573242188,2.3546474606685615
1791049087183083500,91.85508349609376,2.042635846532557
1791049087193041700,91.86504174804688,3.404391224026994
1791049087202998500,91.87499853515625,3.1631657969213998
1791049087212956700,91.88495678710937,2.993328465111219
1791049087222914600,91.89491455078125,3.057721898867664
1791049087232871400,91.90487133789063,2.317593584677282
1791049087242829600,91.91482958984375,2.430957660938547
1791049087252787700,91.92478759765625,2.3820667125889723
1791049087262745600,91.93474560546875,1.9912348731515725
1791049087272702500,91.94470239257812,2.32065281218203
1791049087282660600,91.95466064453124,2.3724220891453083
1791049087292618500,91.96461840820312,3.195808650309607
1791049087302575600,91.97457568359376,2.8234644654473597
1791049087312533500,91.98453344726562,2.726461007878596
1791049087322491600,91.99449169921876,1.9338064016234997
1791049087332448500,92.00444848632813,1.786457229735424
1791049087342406400,92.01440649414063,2.246104317241235
1791049087352363800,92.02436376953125,2.483869633772571
1791049087362321000,92.03432080078124,2.5371604149285596
1791049087372279000,92.04427905273438,2.1441020961033
1791049087382237000,92.05423681640625,2.2504619982548766
1791049087392195000,92.06419506835938,2.008541141518505
1791049087402152000,92.07415185546876,2.4899944188929513
1791049087412109800,92.08410986328126,1.9173158873150002
1791049087422068000,92.09406787109376,2.043033243379598
1791049087432024800,92.10402490234375,1.9317520192139508
1791049087441983000,92.11398291015625,2.7315769928751394
1791049087451941000,92.12394116210938,3.0430132281404307
1791049087461897700,92.13389770507813,2.268893322022018
1791049087471855900,92.14385595703125,3.4270250182625683
1791049087481814000,92.15381396484375,3.168004394146814
1791049087491771000,92.16377099609375,3.287491862502786
1791049087501729000,92.17372900390625,2.9225778911143454
1791049087511687200,92.18368725585937,2.29265585314935
1791049087521644800,92.19364477539062,2.211445791498032
1791049087531602000,92.20360180664062,1.904294448700703
1791049087541559800,92.21355981445312,1.60082974123843
1791049087551518000,92.22351806640626,1.2493658502039224
1791049087561475000,92.23347509765625,1.3560950996547423
1791049087571432700,92.2434326171875,1.0111409254618569
1791049087581390800,92.25339086914063,0.8744741807297218
1791049087591348000,92.26334790039063,1.361708561027034
1791049087601305900,92.27330590820313,0.4920029205939446
1791049087611264000,92.28326391601563,0.4002959852121518
1791049087621220900,92.29322094726562,0.8018559330091249
1791049087631178800,92.3031787109375,0.7430949425002784
1791049087641137000,92.31313696289062,0.668111831245403
1791049087651094000,92.32309399414062,0.9359418163809226
1791049087661052000,92.33305200195312,0.59343894386548
1791049087671010000,92.34301000976562,1.0203223297627895
1791049087680968000,92.35296801757812,1.1089192188130357
1791049087690924800,92.3629248046875,0.9071749599353247
1791049087700883000,92.37288305664063,0.7007593880161542
1791049087710840800,92.3828408203125,0.32023874977224603
1791049087720798000,92.3927978515625,0.8667027769567732
1791049087730756000,92.40275610351563,0.8589252461945915
1791049087740713700,92.41271362304687,0.5783132970682054
1791049087750670800,92.4226708984375,359.7606740998689
1791049087760629000,92.43262890625,0.26182242562227936
1791049087770587000,92.4425869140625,0.7490389392652123
1791049087780544000,92.4525439453125,0.950075587983657
1791049087790502000,92.462501953125,0.906901834360865
1791049087800459800,92.47245971679688,0.8176899473575101
1791049087810417000,92.4824169921875,0.7643115957030137
1791049087820375000,92.492375,1.069911858886486
1791049087830333000,92.5023330078125,0.9208803813182574
1791049087840291000,92.512291015625,359.78891138432573
1791049087850248000,92.522248046875,359.96865464679007
1791049087860205800,92.53220581054687,359.779884232424
1791049087870164000,92.5421640625,0.3897459079431803
1791049087880121000,92.55212109375,359.90741661293936
1791049087890079000,92.56207885742188,359.1641716796645
1791049087900037000,92.572037109375,359.39188164618923
1791049087909994000,92.58199389648438,358.83772632021845
1791049087919952000,92.59195190429688,358.7371079809048
1791049087929910000,92.60190991210938,357.9449687311931
1791049087939867100,92.6118671875,357.87387512086764
1791049087949825000,92.62182495117187,358.0338943682871
1791049087959783000,92.63178295898437,358.0409313517503
1791049087969740000,92.64173999023437,358.0173251451676
1791049087979698000,92.65169799804687,357.5461362503716
1791049087989656000,92.66165600585937,357.52381931781423
1791049087999614000,92.67161401367187,357.92583416831377
1791049088009570800,92.68157080078124,357.6017415681845
1791049088019529000,92.69152905273438,357.59523960197873
1791049088029486800,92.70148681640624,357.2752196495295
1791049088039444000,92.71144384765626,356.92381700141766
1791049088049402000,92.72140209960938,357.48738446185365
1791049088059360000,92.73136010742188,358.00926992495755
1791049088069316900,92.74131689453125,357.8825445664495
1791049088079275000,92.75127490234375,357.6759432044429
1791049088089233000,92.76123291015625,357.10903842835216
1791049088099190000,92.77118994140625,357.38100958336094
1791049088109148000,92.78114794921875,357.24031891491444
1791049088119106000,92.79110595703125,357.06037038768505
1791049088129063000,92.80106298828125,357.16567466219414
1791049088139020800,92.81102075195312,356.870903019374
1791049088148979000,92.82097900390625,357.1808174622981
1791049088158937000,92.83093701171875,357.3549657954509
1791049088168894000,92.84089404296876,357.58329085976453
1791049088178851800,92.85085180664062,357.2219558175286
1791049088188810000,92.86081005859376,356.79452498551416
1791049088198766800,92.87076684570313,357.368232795956
1791049088208725000,92.88072509765625,358.45656866877977
1791049088218683000,92.89068286132813,357.87348848841594
1791049088228639700,92.9006396484375,358.200244469948
1791049088238598000,92.91059790039063,357.97276526392517
1791049088248555800,92.9205556640625,358.47434040555504
1791049088258513000,92.93051293945312,357.7059817472201
1791049088268471000,92.94047094726562,358.17550098354536
1791049088278429000,92.95042895507812,358.1694126265802
1791049088288385800,92.9603857421875,357.8913335266318
1791049088298344000,92.97034399414062,358.1993773460108
1791049088308301800,92.9803017578125,358.48443733868953
1791049088318259000,92.99025903320313,358.92755251407925
1791049088328217000,93.00021704101563,359.16842248322877
1791049088338174700,93.0101748046875,358.9189946512186
1791049088348133000,93.02013305664063,359.1668838118295
1791049088358090200,93.03009033203125,358.84577752374213
1791049088368047900,93.0400478515625,359.1437159181692
1791049088378006000,93.05000610351563,359.5871374762727
1791049088387963100,93.05996313476562,358.70224602215626
1791049088397921000,93.06992114257812,359.6336984406031
1791049088407879200,93.07987915039062,359.55719855037086
1791049088417836000,93.0898359375,359.37060518994394
1791049088427794000,93.0997939453125,358.76112619197494
1791049088437752000,93.109751953125,359.8605292369547
1791049088447709200,93.11970922851563,359.6607866236043
1791049088457667000,93.1296669921875,0.0067369797980342165
1791049088467625200,93.13962524414063,0.5395328093267864
1791049088477582000,93.14958203125,1.1408235819083088
1791049088487540000,93.1595400390625,1.0925045055802831
1791049088497498000,93.169498046875,0.9758750686673181
1791049088507455200,93.17945532226562,1.1588353190566076
1791049088517413000,93.1894130859375,0.3084520992521178
1791049088527371300,93.19937133789062,1.4490870027539158
1791049088537329000,93.20932885742188,1.2180124649170336
1791049088547286000,93.2192861328125,1.7002561530141935
1791049088557244200,93.229244140625,1.6226290935996517
1791049088567202000,93.2392021484375,1.7711530049351567
1791049088577159200,93.2491591796875,2.2974559736150435
1791049088587117000,93.25911694335937,2.1299063331421104
1791049088597075000,93.26907495117187,1.7751379673810386
1791049088607032000,93.27903198242187,2.045403757159354
1791049088616990200,93.288990234375,1.4922565068749962
1791049088626948000,93.29894799804687,1.6361172465601153
1791049088636905000,93.30890502929688,0.8886105354331043
1791049088646863000,93.31886303710938,1.884627185885037
1791049088656821000,93.32882104492188,1.6152605626342558
1791049088666778000,93.33877807617188,1.8966666320645171
1791049088676736000,93.34873608398438,1.86655146678953
1791049088686694100,93.35869409179688,1.636785356792367
1791049088696651000,93.36865112304687,1.3679951958403747
1791049088706609000,93.37860888671875,2.125611968907675
1791049088716567000,93.38856713867187,1.5887958935105397
1791049088726525200,93.39852514648437,2.062331971903926
1791049088736482000,93.40848193359375,2.099183277745297
1791049088746440200,93.41844018554687,2.2100815438298733
1791049088756398000,93.42839819335937,1.8208334865261648
1791049088766355000,93.43835498046874,1.0753747359740218
1791049088776313000,93.44831298828124,0.7089545615932414
1791049088786271000,93.45827099609374,0.5186469691351469
1791049088796228000,93.46822802734376,1.0059621316682616
1791049088806186000,93.47818603515626,1.3728846236127645
1791049088816144000,93.48814379882812,0.816428700024797
1791049088826101000,93.49810107421875,1.3740485727516327
1791049088836059100,93.50805908203125,0.6503990872817328
1791049088846017000,93.51801708984375,0.9099658881087554
1791049088855974000,93.52797387695313,1.4066965433948326
1791049088865932000,93.53793212890625,0.699579890643927
1791049088875890000,93.54788989257813,0.9994396497837338
1791049088885847000,93.55784692382812,1.3153066544983918
1791049088895805200,93.56780517578125,1.0160416091036335
1791049088905763000,93.57776318359375,1.9772622507157827
1791049088915720000,93.58771997070312,1.6780611803677308
1791049088925678000,93.59767797851562,1.5527742745158166
1791049088935636000,93.60763598632812,1.5177055198590779
1791049088945594000,93.61759399414062,1.6764286206997447
1791049088955551200,93.62755126953125,1.818628152027536
1791049088965509000,93.63750903320313,0.5015694685259517
1791049088975467000,93.64746704101563,1.2884599762557405
1791049088985424100,93.65742407226563,0.43305195033596455
1791049088995382000,93.66738208007813,0.3524514674785145
1791049089005340200,93.67734008789063,0.31757526724992396
1791049089015297300,93.68729736328125,359.51572590463303
1791049089025255000,93.6972548828125,0.2165906063921098
1791049089035213000,93.70721313476562,0.3079436771104039
1791049089045170200,93.71717016601562,0.7738407491848259
1791049089055128000,93.72712817382812,0.9186131572080921
1791049089065086200,93.73708618164062,0.6242264128978388
1791049089075043000,93.74704296875,1.0119103386403216
1791049089085001000,93.7570009765625,0.9818404974515061
1791049089094959000,93.766958984375,1.0014159528950424
1791049089104916000,93.776916015625,1.499340395744154
1791049089114874000,93.7868740234375,1.0392009734626169
1791049089124832300,93.79683227539063,1.1903989641974488
1791049089134788900,93.80678881835938,0.9873829479601097
1791049089144747000,93.8167470703125,0.5841326268711271
1791049089154705200,93.826705078125,0.29997324086801513
1791049089164662000,93.836662109375,0.3618883191940859
1791049089174620200,93.8466201171875,0.9725734971577034
1791049089184578000,93.856578125,1.270331010455127
1791049089194536000,93.86653588867188,1.6315648327615588
1791049089204493000,93.8764931640625,2.171977975863203
1791049089214451200,93.886451171875,0.9634648110323678
1791049089224409000,93.8964091796875,1.8805500343085904
1791049089234366200,93.9063662109375,1.7506683870940127
1791049089244324000,93.91632397460937,1.7506683870940127
1791049089254282000,93.92628198242187,2.016862188414168
1791049089264239000,93.93623901367188,2.736730557979475
1791049089274197000,93.94619702148438,1.9224251899014067
1791049089284155100,93.95615502929688,2.343525725807191
1791049089294112000,93.96611206054688,1.601621947647528
1791049089304070000,93.97606982421875,1.0604241989870642
1791049089314028000,93.98602807617188,1.7787969726020354
1791049089323985200,93.99598510742187,0.6616541380733336
1791049089333943000,94.00594311523437,1.1908577977959123
1791049089343901200,94.01590112304687,0.7573932774056893
1791049089353858000,94.02585815429687,1.1822991039549189
1791049089363816000,94.03581591796875,1.5477400564372847
1791049089373774000,94.04577416992187,0.8879807836812666
1791049089383731200,94.05573120117188,0.7230607480195498
1791049089393688800,94.06568872070312,1.1837983693547087
1791049089403647000,94.07564697265624,0.8334048360524225
1791049089413604000,94.08560400390625,2.614866825219857
1791049089423562000,94.09556201171876,2.237243823418715
1791049089433520000,94.10552001953126,2.385382458478227
1791049089443477000,94.11547705078125,2.12865938802423
1791049089453435000,94.12543481445313,1.7016043632279676
1791049089463393000,94.13539306640625,2.1481935941824677
1791049089473351000,94.14535083007813,1.4278789734620294
1791049089483308000,94.15530810546875,0.9568593173567628
1791049089493266200,94.16526611328125,1.8133174671691492
1791049089503224000,94.17522412109375,2.157386467021137
1791049089513181000,94.18518090820312,2.5816610450082673
1791049089523139000,94.19513916015624,1.575686265379647
1791049089533097000,94.20509692382812,1.91981875326109
1791049089543054000,94.21505419921876,2.7564303300654727
1791049089553012200,94.22501220703126,1.7876769074367724
1791049089562969900,94.23496997070312,1.7649535012610267
1791049089572927000,94.24492700195313,1.8377523507951907
1791049089582885000,94.25488500976563,2.0337167155083296
1791049089592843000,94.26484301757813,2.424177595682857
1791049089602800000,94.27480004882813,0.9513430582389213
1791049089612758000,94.28475805664063,1.073983298174295
1791049089622716000,94.2947158203125,0.9149412022720097
1791049089632673000,94.30467309570312,1.0293931499802738
1791049089642631200,94.31463110351562,1.5684413394233019
1791049089652589000,94.32458911132812,0.7182849685463519
1791049089662546000,94.3345458984375,1.3794500022670906
1791049089672504000,94.34450415039062,1.0285063920614321
1791049089682462000,94.3544619140625,0.6551531567069279
1791049089692419000,94.36441918945313,1.0319355023004144
1791049089702377000,94.374376953125,1.2232931923627133
1791049089712335000,94.38433520507813,1.1738179957191246
1791049089722292000,94.3942919921875,0.7802761751166026
1791049089732249900,94.40424975585937,0.5634720725950962
1791049089742208000,94.4142080078125,1.2805978657356305
1791049089752166100,94.42416625976563,1.3137891481729462
1791049089762123000,94.434123046875,1.2395807902267446
1791049089772081200,94.4440810546875,0.9360451752866513
1791049089782039000,94.4540390625,1.456903426199829
1791049089791996000,94.46399584960938,1.3422960784534996
1791049089801954000,94.4739541015625,1.210006074297558
1791049089811912000,94.48391186523438,1.1219153767780978
1791049089821869000,94.493869140625,1.3802796974562768
1791049089831827000,94.50382690429687,1.420477154092892
1791049089841784800,94.51378491210937,2.1244881123727315
1791049089851742000,94.52374194335937,2.4334068237721844
1791049089861700000,94.5337001953125,1.0857825996247283
1791049089871658000,94.54365795898437,1.6381381766325884
1791049089881614800,94.55361474609376,1.6381622079956393
1791049089891573000,94.56357299804688,1.9620530551485775
1791049089901531000,94.57353076171874,2.292419091279653
1791049089911488000,94.58348803710938,2.084964328965748
1791049089921446100,94.59344604492188,1.861667016804857
1791049089931404000,94.60340405273438,1.5800786093506105
1791049089941361000,94.61336083984375,2.2142118905156143
1791049089951319000,94.62331909179687,2.1248439359696136
1791049089961277000,94.63327685546875,1.1607679306298284
1791049089971234000,94.64323413085937,1.3517508454492164
1791049089981192200,94.65319213867187,1.5126217501534964
1791049089991149800,94.66314990234375,1.2540804078611207
1791049090001107000,94.67310693359374,1.2519667645203385
1791049090011065000,94.68306518554688,1.2338888961856669
1791049090021023000,94.69302294921874,1.4717072865478118
1791049090030980000,94.70297998046875,1.329353153564588
1791049090040938000,94.71293798828125,1.5044623618823458
1791049090050896000,94.72289575195313,1.013307823959827
1791049090060853000,94.73285302734375,1.6574195664408682
1791049090070811100,94.74281103515625,1.3403824578570651
1791049090080769000,94.75276904296875,1.423405457763443
1791049090090726100,94.76272607421875,1.14424487267733
1791049090100684000,94.77268408203125,1.0123763383669522
1791049090110642000,94.78264184570313,0.7795851628969556
1791049090120599000,94.79259912109374,1.6219567572822997
1791049090130557200,94.80255712890624,2.6135342388433864
1791049090140515000,94.81251513671874,2.045056945883923
1791049090150473200,94.82247314453124,2.2259111644518375
1791049090160430000,94.83243017578125,2.469767150596086
1791049090170388000,94.84238793945312,2.7924795271873477
1791049090180346000,94.85234619140626,2.3365847930451262
1791049090190303000,94.86230297851563,2.0285648276311226
1791049090200261000,94.87226123046875,2.9358674305973396
1791049090210219000,94.88221899414063,2.0262948128523823
1791049090220176000,94.89217578125,1.8972142350678707
1791049090230134000,94.90213403320313,1.7812463288890463
1791049090240092200,94.91209204101563,1.9304997446296848
1791049090250049000,94.92204907226562,1.8737544661246415
1791049090260007000,94.9320068359375,0.5809774023923439
1791049090269965000,94.94196508789062,1.6190293812428933
1791049090279922000,94.951921875,1.3124438207033757
1791049090289880000,94.96188012695312,1.8659345526601132
1791049090299838000,94.971837890625,2.315773103095556
1791049090309794800,94.981794921875,2.656024611295887
1791049090319753000,94.9917529296875,2.1728860714552725
1791049090329710800,95.0017109375,1.9944482526352587
1791049090339668000,95.01166796875,1.47559311589445
1791049090349626400,95.02162646484375,2.943264399995593
1791049090359584300,95.03158422851563,2.0085806585483206
1791049090369541400,95.04154125976562,2.3078955654747317
1791049090379499500,95.05149951171875,1.9772092026966162
1791049090389457400,95.06145751953125,2.2558911504298758
1791049090399414300,95.07141430664062,2.2151916827029905
1791049090409372400,95.08137231445312,2.4139651647091784
1791049090419330300,95.09133032226562,1.8012276872210329
1791049090429287400,95.10128735351563,1.5222957155951256
1791049090439245600,95.11124560546875,1.6571011866604322
1791049090449203500,95.12120336914063,3.11711698784999
1791049090459160300,95.13116040039063,3.035165432375801
1791049090469118500,95.14111840820313,3.134172712053352
1791049090479076400,95.15107641601563,3.2249221450345638
1791049090489033500,95.16103344726562,3.0660579819210363
1791049090498991600,95.17099169921875,3.4256288860151582
1791049090508949200,95.18094921875,2.1445637789149927
1791049090518906400,95.19090625,2.3133356006824117
1791049090528864300,95.2008642578125,2.896351720157132
1791049090538822400,95.21082250976562,1.7107220154653118
1791049090548779500,95.22077954101563,2.5963210203172657
1791049090558737200,95.23073706054687,2.393517234220386
1791049090568695300,95.2406953125,1.5111767493311878
1791049090578652400,95.25065234375,2.022316416799918
1791049090588610300,95.2606103515625,1.81150604982241
1791049090598568400,95.270568359375,1.9917805975988574
1791049090608525300,95.280525390625,1.5463244622591685
1791049090618483200,95.29048315429688,1.3786751589776594
1791049090628441300,95.30044140625,1.6596162684151643
1791049090638398500,95.3103984375,1.4207620162020298
1791049090648356400,95.3203564453125,1.6418858679453714
1791049090658314500,95.330314453125,2.0597837856692167
1791049090668271400,95.34027124023437,0.6197485824239432
1791049090678229200,95.35022924804687,1.8941717180685629
1791049090688187400,95.3601875,1.0628353379452082
1791049090698144500,95.37014453125,1.0087858194080055
1791049090708102400,95.38010229492187,1.6694271010087818
1791049090718060500,95.390060546875,1.8996733585454566
1791049090728018200,95.40001806640625,2.2453080065310256
1791049090737975300,95.40997534179688,1.7220504038088196
1791049090747933400,95.41993334960938,2.9866271643965763
1791049090757891300,95.42989135742188,2.0813771161069
1791049090767848400,95.43984838867188,2.461169337960087
1791049090777806300,95.44980639648438,3.0994531045985374
1791049090787764200,95.45976416015625,2.8666934439330554
1791049090797721300,95.46972143554687,2.896288474758167
1791049090807679500,95.47967944335937,2.9560191889506076
1791049090817637400,95.48963745117187,2.3045281344927866
1791049090827594200,95.49959423828125,2.1808665545056494
1791049090837552400,95.50955249023437,1.5782145287453109
1791049090847510300,95.51951025390625,1.9985461091820895
1791049090857467400,95.52946728515624,2.3445312951020987
1791049090867425500,95.53942553710938,1.716786907754743
1791049090877383400,95.54938354492188,1.7520149280337196
1791049090887340300,95.55934033203125,1.4223589586915781
1791049090897298400,95.56929833984375,2.724577459594621
1791049090907256300,95.57925634765625,1.6621614045145159
1791049090917213400,95.58921337890625,1.2699082771774202
1791049090927171600,95.59917163085937,2.2346773942755074
1791049090937129500,95.60912939453125,2.6929394466133054
1791049090947086300,95.61908642578125,2.7723550326304855
1791049090957044500,95.62904443359375,3.08817000541776
1791049090967002400,95.63900244140625,2.1078207361997894
1791049090976959500,95.64895947265624,3.2798697243016384
1791049090986917400,95.65891748046874,2.3670640719105314
1791049090996875300,95.66887524414062,2.271184126919435
1791049091006832400,95.67883227539062,2.418106585766563
1791049091016790300,95.68879028320312,2.2945668548373757
1791049091026748400,95.69874853515626,2.9004277075584755
1791049091036705500,95.70870556640625,2.806599830206114
1791049091046663200,95.7186630859375,3.0843984448088757
1791049091056621300,95.72862133789063,2.775119234800312
1791049091066578400,95.73857836914063,2.6144590708743287
1791049091076536300,95.74853637695313,4.184617819602097
1791049091086494500,95.75849438476563,3.664410116773016
1791049091096451300,95.76845141601562,3.652124464327741
1791049091106409200,95.7784091796875,2.511871203537637
1791049091116367400,95.78836743164062,2.24575727407684
1791049091126324500,95.79832446289062,2.7346117459164208
1791049091136282400,95.80828247070312,1.6791479147598423
1791049091146240500,95.81824047851562,2.1930000297789793
1791049091156197400,95.828197265625,2.2685197324519697
1791049091166155300,95.8381552734375,1.7916117668899725
1791049091176113400,95.84811352539063,2.0640396069034206
1791049091186070500,95.85807055664063,1.736373506750047
1791049091196028400,95.8680283203125,1.2754961549252894
1791049091205986600,95.87798657226563,2.3726388491142334
1791049091215943400,95.887943359375,1.9870551654510096
1791049091225901300,95.8979013671875,2.6101272742550212
1791049091235859500,95.907859375,2.4989124749507345
1791049091245816600,95.91781665039062,1.5572912184681875
1791049091255774500,95.9277744140625,2.2834071414391257
1791049091265732400,95.937732421875,2.63204154385659
1791049091275689500,95.947689453125,2.0852448016341545
1791049091285647400,95.9576474609375,1.8042364311712666
1791049091295605500,95.96760546875,2.1310484127514755
1791049091305562600,95.97756274414063,2.7435860336550006
1791049091315520300,95.98752026367187,2.55757226939046
1791049091325478400,95.997478515625,1.991748643579115
1791049091335435300,96.00743530273438,2.3632762146689217
1791049091345393400,96.01739331054688,2.8928790997485203
1791049091355351600,96.0273515625,3.7293749907714395
1791049091365308400,96.03730834960938,3.5667306854127805
1791049091375266600,96.0472666015625,3.9215718322722566
1791049091385224700,96.057224609375,3.6597963859849703
1791049091395181300,96.06718139648437,4.309395754538855
1791049091405139500,96.07713940429687,4.50728910091962
1791049091415097600,96.08709765625,3.3040540976879513
1791049091425054500,96.09705444335937,3.102955422169225
1791049091435012600,96.1070126953125,2.4881526338910906
1791049091444970500,96.11697045898437,2.50573049303809
1791049091454927400,96.12692724609374,3.037906418297429
1791049091464885500,96.13688549804688,2.8068612253921232
1791049091474843400,96.14684350585938,2.0988363167104556
1791049091484800500,96.15680053710938,2.236511201901604
1791049091494758700,96.16675854492188,3.0902137266954264
1791049091504716500,96.17671655273438,2.3381936373706544
1791049091514673400,96.18667333984375,2.0010206902444496
1791049091524631600,96.19663159179687,2.683045002838686
1791049091534589400,96.20658935546875,2.604533770243562
1791049091544546600,96.21654663085937,2.6601997822690264
1791049091554504700,96.22650463867187,3.31024646350757
1791049091564462300,96.23646240234375,2.6202036754291247
1791049091574419500,96.24641943359374,3.1871478497931824
1791049091584377600,96.25637768554688,2.3878714441939075
1791049091594335500,96.26633544921874,3.1498560098169746
1791049091604292600,96.27629272460938,3.7861862476956927
1791049091614250500,96.28625048828125,2.8429830232391966
1791049091624208400,96.29620849609375,2.8429830232391966
1791049091634165500,96.30616552734375,3.874832467076613
1791049091644123600,96.31612353515625,3.849396385689007
1791049091654081500,96.32608154296875,3.849396385689007
1791049091664038400,96.33603833007813,2.8484301430712584
1791049091673996500,96.34599658203125,3.262637284836293
1791049091683954400,96.35595434570313,3.74350066792643
1791049091693911600,96.36591162109374,4.092701458436272
1791049091703869700,96.37586962890624,3.651280977736912
1791049091713827600,96.38582763671874,2.8689968788572573
1791049091723784400,96.39578442382812,2.8689968788572573
1791049091733742600,96.40574267578126,3.570935455410417
1791049091743700500,96.41570043945312,2.8577231976749586
1791049091753657600,96.42565771484375,2.9877958642613707
1791049091763615500,96.43561547851563,3.18883149000398
1791049091773573600,96.44557373046875,2.7632452772033282
1791049091783530500,96.45553051757813,2.8938372041576708
1791049091793488400,96.46548828125,2.183009774470351
1791049091803446500,96.47544653320313,2.0603160001841063
1791049091813403600,96.48540356445312,2.39147781499481
1791049091823361500,96.49536157226562,2.135283323071385
1791049091833319400,96.5053193359375,1.7212519683017764
1791049091843276500,96.51527661132812,1.4914705344379158
1791049091853234400,96.525234375,1.9516237796057623
1791049091863192600,96.53519262695312,1.6162716025520012
1791049091873149700,96.54514965820313,1.5263295139324042
1791049091883107300,96.555107421875,1.9260052094498148
1791049091893065500,96.5650654296875,2.1070437091319474
1791049091903022600,96.57502270507813,2.039436962049483
1791049091912980500,96.58498046875,1.99454997920929
1791049091922938600,96.59493872070313,1.5038354919284749
1791049091932895500,96.6048955078125,1.7837298663802772
1791049091942853400,96.61485327148438,1.448520023602816
1791049091952811500,96.6248115234375,1.909523559600239
1791049091962768600,96.6347685546875,2.221821984036
1791049091972726500,96.6447265625,2.202377211153615
1791049091982684700,96.6546845703125,2.5664453690756086
1791049091992641500,96.6646416015625,2.2874292771825737
1791049092002599400,96.67459936523437,1.9726781529184367
1791049092012557600,96.6845576171875,2.497017708524022
1791049092022514700,96.6945146484375,1.868252967025812
1791049092032472600,96.70447265625,1.283374386886212
1791049092042430500,96.71443041992187,1.6131765387524313
1791049092052387600,96.7243876953125,1.1001868715052532
1791049092062345500,96.73434545898438,1.2701690146908864
1791049092072303600,96.7443037109375,0.8078023997825542
1791049092082260700,96.7542607421875,0.47507828853141976
1791049092092218600,96.76421850585938,1.1173070145538715
1791049092102175500,96.77417553710937,0.2020012843424149
1791049092112133400,96.78413330078125,0.5545992767388717
1791049092122091500,96.79409155273437,0.22626692612119734
1791049092132048600,96.80404858398437,0.051798121132714696
1791049092142006500,96.81400659179687,0.2321457864954678
1791049092151964400,96.82396435546875,359.5907462900515
1791049092161921500,96.83392163085938,0.12072618085626599
1791049092171879400,96.84387939453126,0.40512464808118387
1791049092181837600,96.85383764648438,0.04577258653539527
1791049092191794700,96.86379467773438,0.3014474863072799
1791049092201752300,96.87375244140625,0.17324356098459212
1791049092211710500,96.88371044921875,0.311183401501856
1791049092221667600,96.89366748046875,0.6107508766274269
1791049092231625500,96.90362548828125,359.7728329007376
1791049092241583600,96.91358349609375,0.4193702111283346
1791049092251540500,96.92354052734375,359.9251337271247
1791049092261498400,96.93349829101562,359.85748005938524
1791049092271456500,96.94345654296875,359.8082904854885
1791049092281413600,96.95341357421874,359.7197995554553
1791049092291371500,96.96337158203124,0.4362572152774182
1791049092301329700,96.97332958984374,359.9395109552491
1791049092311286500,96.98328662109375,0.4525253533665624
1791049092321244400,96.99324438476563,0.8280479554505045
1791049092331202600,97.00320263671875,0.5383396512899618
1791049092341159700,97.01315966796875,1.532421137210061
1791049092351117600,97.02311767578125,0.4612062573898554
1791049092361075700,97.03307568359375,359.9327938856896
1791049092371032600,97.04303247070312,0.20272953338446273
1791049092380990500,97.05299047851562,0.28384064571191137
1791049092390948600,97.06294848632812,0.19821050031433166
1791049092400905700,97.07290576171874,358.3858178484898
1791049092410863600,97.08286352539062,357.37520595210634
1791049092420821800,97.09282177734374,358.18713123316337
1791049092430778600,97.10277856445313,357.8015139968974
1791049092440736500,97.11273657226562,358.188649723786
1791049092450694700,97.12269458007812,358.4801653317163
1791049092460651500,97.13265161132813,358.35690047107954
1791049092470609700,97.14260961914063,358.66935740907394
1791049092480567600,97.15256762695313,359.2286402149849
1791049092490524400,97.1625244140625,359.42478824692995
1791049092500482600,97.17248266601563,359.30838697948315
1791049092510440700,97.18244067382813,359.6620138242861
1791049092520397600,97.1923974609375,359.64709785213
1791049092530355500,97.20235546875,359.2644792573022
1791049092540313600,97.21231372070312,358.8910795422126
1791049092550270500,97.2222705078125,359.1909761292761
1791049092560228600,97.232228515625,359.36988514997097
1791049092570186500,97.2421865234375,359.76109665562836
1791049092580143400,97.25214331054687,359.6847373909456
1791049092590101500,97.2621015625,0.15093325173262265
1791049092600059400,97.27205932617187,0.9267672633893179
1791049092610016500,97.2820166015625,0.5689323044870298
1791049092619974700,97.291974609375,0.7085237146645633
1791049092629932500,97.3019326171875,0.7500708992937456
1791049092639889400,97.31188940429688,1.0690809547644873
1791049092649847600,97.32184765625,0.9072003479747247
1791049092659805400,97.33180541992188,0.6688447346575291
1791049092669762600,97.34176245117187,1.5127242217042174
1791049092679720700,97.351720703125,1.559213330541325
1791049092689678600,97.3616787109375,1.1890148768143718
1791049092699635500,97.37163549804687,0.7088004328315467
1791049092709593600,97.38159350585937,0.37721379302960906
1791049092719550700,97.39155078125,0.8307633735389723
1791049092729508600,97.40150854492188,0.32778020966370575
1791049092739466800,97.411466796875,0.3921641116650582
1791049092749423600,97.42142358398438,0.6683248954847539
1791049092759381500,97.43138159179688,0.5410313235246365
1791049092769339600,97.44133959960938,0.6036214855911481
1791049092779296500,97.45129663085937,0.31510242492178314
1791049092789254700,97.46125463867187,0.8046062999536301
1791049092799212500,97.47121264648437,0.5149118871598312
1791049092809169400,97.48116943359375,0.8590712300063399
1791049092819127600,97.49112744140625,1.4627258938131373
1791049092829085700,97.50108569335937,1.0844045899664756
1791049092839042600,97.51104248046875,0.260058180047914
1791049092849000400,97.52100048828125,0.8767132341846637
1791049092858958600,97.53095849609375,1.235435282374662
1791049092868915500,97.54091552734376,1.7711486328754968
1791049092878873600,97.55087353515626,1.438224956204066
1791049092888831500,97.56083154296876,2.0408007698544073
1791049092898788400,97.57078833007813,2.038172178115196
1791049092908746500,97.58074658203125,2.387067263786613
1791049092918704400,97.59070434570313,1.7859125604584993
1791049092928661500,97.60066162109375,2.3222870196359127
1791049092938619600,97.61061962890625,2.6123384593415726
1791049092948577500,97.62057763671875,3.5827352674842468
1791049092958534400,97.63053442382812,3.365163057733883
1791049092968492500,97.64049243164062,2.411574563981356
1791049092978450400,97.65045043945312,2.5077373371488156
1791049092988407600,97.66040747070312,1.70802747387224
1791049092998365700,97.67036572265626,2.319751836237869
1791049093008323600,97.68032348632812,2.730211425622539
1791049093018280400,97.69028051757813,2.782873995396033
1791049093028238600,97.70023852539063,3.2564563910167603
1791049093038196500,97.71019653320313,2.6506610446934404
1791049093048153600,97.72015356445313,2.2115611905080756
1791049093058111700,97.73011181640625,1.236367150916882
1791049093068069400,97.7400693359375,2.326814928512759
1791049093078026500,97.75002661132812,2.888448909653432
1791049093087984600,97.75998461914062,2.802430031438326
1791049093097941800,97.76994165039062,3.3149356957427947
1791049093107899600,97.77989965820312,2.734887087929475
1791049093117857500,97.789857421875,3.091080795612813
1791049093127814700,97.79981469726563,2.770203633432606
1791049093137772500,97.8097724609375,3.5468621287505613
1791049093147730700,97.81973071289063,3.36389642234237
1791049093157687600,97.8296875,3.1947121465959962
1791049093167645400,97.8396455078125,3.7354004835228203
1791049093177603600,97.849603515625,3.233653684805141
1791049093187560400,97.859560546875,2.904047927739855
1791049093197518600,97.8695185546875,3.3943107754965007
1791049093207476700,97.87947680664062,3.6709907230125474
1791049093217433300,97.88943334960938,4.376683573655661
1791049093227391500,97.8993916015625,4.8242539783108915
1791049093237349600,97.909349609375,4.92979436105554
1791049093247306500,97.91930639648437,5.209696002341924
1791049093257264600,97.9292646484375,5.218376357560679
1791049093267222500,97.93922241210937,4.6061713679197505
1791049093277179400,97.94917944335937,5.599660284501901
1791049093287137500,97.95913745117187,5.405041787291907
1791049093297095400,97.96909545898437,5.785292209258754
1791049093307052500,97.97905249023438,5.980027307264266
1791049093317010700,97.9890107421875,5.504662212404698
1791049093326968600,97.99896850585938,5.627227013920934
1791049093336925400,98.00892553710938,5.129718344895849
1791049093346883600,98.01888354492188,6.080132411135009
1791049093356841000,98.02884106445312,4.9328983471443095
1791049093366797800,98.0387978515625,4.632284635881341
1791049093376756000,98.048755859375,5.322369073456375
1791049093386713900,98.0587138671875,4.851905060265631
1791049093396670700,98.06867065429688,4.926482737308284
1791049093406628900,98.07862890625,4.501543153096259
1791049093416586000,98.0885859375,4.011756780734802
1791049093426543900,98.0985439453125,4.481159606169363
1791049093436502000,98.108501953125,4.326002478864413
1791049093446459100,98.11845922851562,4.891323942422642
1791049093456416800,98.12841674804687,4.290776714279174
1791049093466375000,98.138375,3.6595854594915185
1791049093476332000,98.14833203125,4.073984933443702
1791049093486290000,98.1582900390625,4.005623352659857
1791049093496248000,98.168248046875,4.054899972137762
1791049093506205000,98.17820483398438,3.9599150344325933
1791049093516162800,98.18816284179688,3.5600788691577705
1791049093526121000,98.19812084960938,3.326247198003396
1791049093536078000,98.208078125,2.153971340981867
1791049093546036000,98.21803588867188,2.0675095375559684
1791049093555994000,98.227994140625,1.8462943421550961
1791049093565951000,98.23795092773437,1.499493553182362
1791049093575908900,98.24790893554687,1.4298934351064532
1791049093585867000,98.25786694335937,1.8559161565805846
1791049093595824000,98.26782421875,1.671595990605466
1791049093605782000,98.27778198242187,1.021233625779826
1791049093615740000,98.28773999023437,0.6257479411332724
1791049093625697000,98.29769702148438,0.8007195111812756
1791049093635655000,98.30765502929688,0.2100968412073673
1791049093645613000,98.31761303710938,359.9102072647956
1791049093655570000,98.32756982421876,359.335954528651
1791049093665527800,98.33752783203126,359.10142567842945
1791049093675486000,98.34748583984376,358.68575243246903
1791049093685442800,98.35744287109375,357.8750850493653
1791049093695401000,98.36740087890625,357.4417676557523
1791049093705358000,98.37735815429687,357.21275367802247
1791049093715315700,98.38731567382813,356.8744142530116
1791049093725273900,98.39727392578125,356.7370301821704
1791049093735231000,98.40723095703125,355.93656432813646
1791049093745188900,98.41718896484375,355.73172456240354
1791049093755147000,98.42714697265625,355.3997864211057
1791049093765103900,98.43710375976562,355.4646520610219
1791049093775061800,98.44706176757812,355.60981587727093
1791049093785020000,98.45702001953126,354.74930467409365
1791049093794977000,98.46697705078125,354.93684841348335
1791049093804935000,98.47693481445313,354.330588062588
1791049093814893000,98.48689306640625,354.3445500032101
1791049093824850000,98.49684985351563,354.0890124073112
1791049093834807800,98.50680786132813,353.74993338665513
1791049093844766000,98.51676586914063,353.44843822761146
1791049093854723000,98.52672314453125,353.63705030483175
1791049093864681000,98.53668090820312,353.6518831190262
1791049093874639000,98.54663916015625,353.38802918896863
1791049093884596000,98.55659594726562,352.8050775983176
1791049093894553900,98.56655395507812,353.04796729550065
1791049093904512000,98.57651196289062,352.4714696785098
1791049093914469000,98.58646923828125,352.8221163742378
1791049093924427000,98.59642700195313,353.5663248386869
1791049093934383900,98.6063837890625,353.70942706319084
1791049093944342000,98.61634204101563,354.03120098780863
1791049093954300000,98.6262998046875,354.25854848837815
1791049093964257000,98.63625708007812,353.69991124958517
1791049093974215000,98.64621484375,354.0345556434181
1791049093984172800,98.6561728515625,353.9186277853287
1791049093994130000,98.6661298828125,354.1067804849331
1791049094004087800,98.676087890625,354.82633642029657
1791049094014046000,98.6860458984375,354.6827826200807
1791049094024003000,98.69600317382813,355.2861394859069
1791049094033960700,98.70596069335937,355.2436552384275
1791049094043918800,98.7159189453125,355.2919681444644
1791049094053876000,98.7258759765625,355.1274883830173
1791049094063833900,98.73583374023437,355.63434266375873
1791049094073792000,98.7457919921875,355.65937469670627
1791049094083748900,98.75574877929688,356.0430056957004
1791049094093706800,98.76570678710938,355.7087803622459
1791049094103665000,98.77566479492188,356.1912097483134
1791049094113622000,98.7856220703125,355.8475567815448
1791049094123580000,98.79557983398438,356.4637226518631
1791049094133537000,98.805537109375,355.908638665218
1791049094143495000,98.81549487304687,356.295142807441
1791049094153452800,98.82545288085937,356.60307564359044
1791049094163410000,98.83540991210937,356.570301089339
1791049094173368000,98.8453681640625,356.41943403381754
1791049094183326000,98.85532592773437,356.38515152612973
1791049094193282800,98.86528271484374,356.14510940078713
1791049094203241000,98.87524096679688,356.9176632445711
1791049094213198800,98.88519873046874,356.9176632445711
1791049094223156000,98.89515600585938,357.52833885475997
1791049094233114000,98.90511401367188,357.52833885475997
1791049094243072000,98.91507202148438,357.52324397705075
1791049094253028900,98.92502880859375,357.3297401268395
1791049094262987000,98.93498706054687,357.5008315744072
1791049094272945000,98.94494482421875,357.57083278297205
1791049094282902000,98.95490209960937,358.359041201296
1791049094292860000,98.96485986328125,358.47375946236997
1791049094302817800,98.97481787109375,357.9182728743603
1791049094312775000,98.98477490234374,358.79246450123424
1791049094322732800,98.99473291015624,358.46786914712885
1791049094332690000,99.00468994140626,358.48691314052763
1791049094342648000,99.01464794921876,358.5398026959446
1791049094352606200,99.02460620117188,359.11527731823327
1791049094362563300,99.03456323242187,359.863842709737
1791049094372521200,99.04452124023437,0.24735471641520243
1791049094382479000,99.05447900390625,0.1269569130339746
1791049094392436200,99.06443627929687,0.07451681053238343
1791049094402394400,99.07439428710937,359.6838416048476
1791049094412352300,99.08435229492187,0.1129588430723971
1791049094422309000,99.09430908203124,0.48568178299968673
1791049094432267300,99.10426733398438,0.4289195347631722
1791049094442225200,99.11422509765625,0.5657434189850218
1791049094452182300,99.12418237304688,0.3807567414691111
1791049094462140400,99.13414038085938,0.8258851020970975
1791049094472098300,99.14409838867188,0.2266787067472477
1791049094482055200,99.15405517578125,0.33143214529714815
1791049094492013300,99.16401342773437,0.22497455285213233
1791049094501971200,99.17397119140625,359.93858107834285
1791049094511928300,99.18392822265625,359.89034036039243
1791049094521886500,99.19388647460937,359.4668515168742
1791049094531843000,99.20384301757812,359.32677190841406
1791049094541801200,99.21380126953125,359.7950344778312
1791049094551759400,99.22375927734375,0.0630362538894224
1791049094561716200,99.23371630859376,0.09478341023998901
1791049094571674400,99.24367431640626,0.42132616730558764
1791049094581632300,99.25363232421876,0.8284338426189025
1791049094591589000,99.26358911132813,1.1154895691344948
1791049094601547300,99.27354736328125,0.8824223749399723
1791049094611505200,99.28350512695313,0.9111407714169588
1791049094621462300,99.29346215820313,1.105839782149645
1791049094631420400,99.30342041015625,1.3632525126502797
1791049094641378000,99.3133779296875,1.2968343605973274
1791049094651335200,99.32333520507812,1.067597010463221
1791049094661293300,99.33329321289062,0.9242558327646668
1791049094671251200,99.34325122070312,1.4359278530465804
1791049094681208300,99.35320825195312,0.5437925084870232
1791049094691166200,99.36316625976562,1.1652723565492393
1791049094701123300,99.37312329101563,0.9591696386389629
1791049094711081200,99.38308129882813,0.9053603966969982
1791049094721039400,99.39303930664063,1.0629099354174396
1791049094730996500,99.40299658203125,1.3573227278102085
1791049094740954000,99.4129541015625,1.668060315906941
1791049094750912300,99.42291235351563,1.0858631365452065
1791049094760869400,99.43286938476562,1.2220359363198692
1791049094770827300,99.4428271484375,1.8896868377286486
1791049094780785400,99.45278540039062,1.939736481353263
1791049094790742300,99.4627421875,2.2853210903640027
1791049094800700200,99.4727001953125,2.0090577886118957
1791049094810658300,99.482658203125,2.3245881014161105
1791049094820615200,99.492615234375,2.6914547730322336
1791049094830573300,99.5025732421875,2.2212904738171706
1791049094840531500,99.51253149414063,2.2369089329935603
1791049094850488000,99.52248803710937,2.5865474764007126
1791049094860446200,99.5324462890625,2.217938460725925
1791049094870403300,99.5424033203125,3.0775515380059426
1791049094880361200,99.552361328125,3.1275963929684347
1791049094890319400,99.5623193359375,3.3396380840863653
1791049094900276200,99.57227612304688,2.561577159404254
1791049094910234000,99.58223413085938,2.2594380801587373
1791049094920192300,99.59219213867188,2.235177446963989
1791049094930149400,99.6021494140625,2.5046901719473955
1791049094940107300,99.61210717773437,2.609913903486528
1791049094950065400,99.6220654296875,2.871520120619533
1791049094960022300,99.63202221679687,1.8287115296543273
1791049094969980200,99.64198022460937,0.9491319574889638
1791049094979938300,99.65193823242187,1.6536595632676403
1791049094989895400,99.6618955078125,2.319426832427577
1791049094999853300,99.67185327148438,1.927402360790174
1791049095009811200,99.68181127929688,1.5956908769319167
1791049095019768300,99.69176831054688,2.4664543311014833
1791049095029726200,99.70172631835938,2.783882954158215
1791049095039683300,99.71168334960937,2.4575987916300748
1791049095049641500,99.72164135742187,1.9204813519173316
1791049095059599000,99.73159912109375,1.954652207743086
1791049095069556200,99.74155615234375,2.647811361582607
1791049095079514400,99.75151440429687,2.5000991896455274
1791049095089472300,99.76147216796875,2.1868799574777595
1791049095099429400,99.77142944335938,2.396479194752134
1791049095109387300,99.78138720703124,2.469091979165236
1791049095119345200,99.79134521484374,2.8132761522047556
1791049095129302300,99.80130224609375,2.2779214952792497
1791049095139260400,99.81126049804688,2.657384108320448
1791049095149218300,99.82121826171876,2.03602498631386
1791049095159175200,99.83117504882813,1.3885645644122242
1791049095169133300,99.84113330078125,1.65101839698026
1791049095179090200,99.85109008789063,1.7167566473368143
1791049095189048300,99.86104833984375,2.099770472747073
1791049095199006200,99.87100610351563,2.082355690619921
1791049095208963000,99.88096313476562,2.250514031729227
1791049095218921200,99.89092114257812,2.35570061034542
1791049095228879000,99.90087915039062,2.3683620892069954
1791049095238836200,99.91083618164062,2.5810644088748815
1791049095248794400,99.92079443359376,3.038276667320104
1791049095258752300,99.93075219726562,3.0181956164669206
1791049095268709000,99.94070922851563,3.1491540069376858
1791049095278667300,99.95066723632813,3.171687639913719
1791049095288625200,99.96062524414063,3.2125248139084888
1791049095298582300,99.97058227539063,2.961090435157699
1791049095308540400,99.98054052734375,3.2751309034110783
1791049095318497300,99.99049731445312,3.373607590042685
1791049095328455200,100.000455078125,3.7260903155624723
1791049095338413300,100.01041333007812,3.2278224735221164
1791049095348370400,100.02037036132812,2.8959969353595807
1791049095358328600,100.03032861328126,3.7041411136872746
1791049095368286700,100.04028662109376,3.735720671510535
1791049095378243600,100.05024365234375,3.17253767384044
1791049095388201700,100.06020166015625,3.7641128279162923
1791049095398159600,100.07015966796875,3.784173970120605
1791049095408116500,100.08011645507813,3.158921219437177
1791049095418074600,100.09007470703125,2.8739195542382694
1791049095428032500,100.10003247070313,2.2197672420498704
1791049095437989600,100.10998974609375,2.481078632419717
1791049095447947800,100.11994775390625,2.7250079277164567
1791049095457905400,100.12990551757812,1.9540645877829033
1791049095467862500,100.13986254882812,2.3273712521988412
1791049095477820700,100.14982055664062,2.636373510049021
1791049095487777800,100.15977783203125,2.976435583594919
1791049095497735700,100.16973559570313,3.464829173209869
1791049095507693600,100.17969360351563,2.867250195553462
1791049095517650700,100.18965063476563,2.885581662932236
1791049095527608600,100.19960864257813,3.3264791876603175
1791049095537566700,100.20956665039063,3.1314363294915686
1791049095547523800,100.21952392578125,2.9359685410169876
1791049095557481500,100.2294814453125,2.3446141635650015
1791049095567439600,100.23943969726562,2.79380382581577
1791049095577396700,100.24939672851562,2.942330200368622
1791049095587354600,100.25935473632812,2.5832074923197355
1791049095597311700,100.26931176757813,3.3128255634662915
1791049095607269600,100.27926953125,3.095790834737846
1791049095617227500,100.2892275390625,3.4163632762129974
1791049095627184600,100.2991845703125,3.707269042398518
1791049095637142800,100.30914282226563,3.693883242727029
1791049095647100700,100.3191005859375,4.4269186661131865
1791049095657057800,100.32905786132812,4.336875294342204
1791049095667015700,100.339015625,4.307996124787184
1791049095676973600,100.3489736328125,4.179264420065463
1791049095686930700,100.3589306640625,3.5421726006449665
1791049095696888600,100.368888671875,3.3967204616246915
1791049095706846700,100.3788466796875,3.1807561552274213
1791049095716803600,100.38880346679687,3.92887426558747
1791049095726761500,100.39876147460937,3.715632935475967
1791049095736718600,100.40871850585937,3.594180448157258
1791049095746676700,100.4186767578125,4.462990382191964
1791049095756634600,100.42863452148437,4.169156321123033
1791049095766591500,100.43859155273438,5.524976716772951
1791049095776549600,100.44854956054688,5.689482171242868
1791049095786507500,100.45850756835938,6.3562608325272
1791049095796464600,100.46846459960938,6.8110305652660585
1791049095806422800,100.4784228515625,7.070738171085425
1791049095816380700,100.48838061523438,6.914073646513375
1791049095826337500,100.49833764648437,7.274052752486499
1791049095836295700,100.50829565429687,6.969226477068997
1791049095846252800,100.51825268554687,6.755439281964835
1791049095856210700,100.52821069335937,6.842723265681027
1791049095866168800,100.5381689453125,7.351558081540143
1791049095876125700,100.54812573242188,7.211988209892656
1791049095886083600,100.55808349609374,7.260649743831445
1791049095896041700,100.56804174804688,7.244306422171865
1791049095905998600,100.57799853515625,7.710882936289547
1791049095915956700,100.58795678710938,7.978026641286107
1791049095925914600,100.59791455078125,7.455354462517153
1791049095935871500,100.60787158203125,7.08446821363486
1791049095945829600,100.61782958984375,6.650548643787045
1791049095955787800,100.62778784179687,5.851212762298636
1791049095965744600,100.63774462890625,6.603712617940255
1791049095975702800,100.64770288085937,6.28971876396647
1791049095985659600,100.65765966796874,6.61547523974875
1791049095995617500,100.66761743164062,6.725015838405956
1791049096005575700,100.67757568359374,5.845004591473947
1791049096015532800,100.68753271484375,5.754162653591739
1791049096025490700,100.69749072265626,5.813266130916846
1791049096035448600,100.70744848632812,4.613350034178313
1791049096045405700,100.71740576171875,5.649801424147421
1791049096055363600,100.72736352539063,5.716401589209831
1791049096065321700,100.73732177734375,6.115212497057679
1791049096075278800,100.74727880859375,5.609865553409219
1791049096085236500,100.75723657226563,5.4696561896014115
1791049096095194600,100.76719458007813,6.089823511922592
1791049096105151700,100.77715185546874,5.366182634304004
1791049096115109600,100.78710961914062,5.804183153770348
1791049096125066800,100.79706665039062,5.742547748742168
1791049096135024600,100.80702465820312,5.408598873517231
1791049096144982500,100.816982421875,4.845267191168971
1791049096154939600,100.82693969726563,5.012873512488157
1791049096164897800,100.83689770507813,4.907729599607241
1791049096174855700,100.84685571289063,4.895673627073998
1791049096184812500,100.8568125,4.169342919789275
1791049096194770700,100.86677075195313,5.666684155969311
1791049096204728600,100.876728515625,5.214119355433035
1791049096214685700,100.88668579101562,5.0448727211449675
1791049096224643600,100.8966435546875,4.167763030957669
1791049096234600400,100.90660034179687,3.9932391748293097
1791049096244558600,100.91655859375,4.398157114773731
1791049096254516500,100.9265166015625,4.199559535533525
1791049096264473600,100.9364736328125,4.056597959166048
1791049096274431700,100.946431640625,3.5730667786791925
1791049096284389600,100.9563896484375,3.8549548939404703
1791049096294346500,100.96634643554688,4.215377262150145
1791049096304304600,100.9763046875,4.494885333842446
1791049096314262500,100.98626245117188,4.21372986175944
1791049096324219600,100.9962197265625,4.597620820811271
1791049096334177800,101.006177734375,3.958884117080373
1791049096344134700,101.016134765625,4.803595345013295
1791049096354092000,101.02609204101563,4.4419810760654554
1791049096364050200,101.03605029296875,5.138863278099806
1791049096374007300,101.04600732421875,5.203853611526605
1791049096383965200,101.05596508789063,5.443001660632164
1791049096393923300,101.06592333984375,5.44740264983691
1791049096403880200,101.07588012695312,5.151345545270711
1791049096413838000,101.08583813476562,5.867872575774681
1791049096423796200,101.09579614257812,5.961626959963186
1791049096433753300,101.10575341796876,5.961060829736966
1791049096443711200,101.11571118164062,5.680628966893629
1791049096453668000,101.12566821289063,5.835204770504359
1791049096463626200,101.13562622070313,5.62764188389038
1791049096473584000,101.14558422851563,5.422363619845454
1791049096483541200,101.15554125976563,4.595318832171346
1791049096493499400,101.16549951171875,5.225218265457846
1791049096503457000,101.17545703125,5.01507069121166
1791049096513414100,101.1854140625,4.99137608676355
1791049096523372300,101.19537231445312,5.688762876225276
1791049096533330200,101.205330078125,5.0742384572377475
1791049096543287300,101.21528735351562,5.197331226940373
1791049096553245200,101.2252451171875,4.672895148951629
1791049096563202000,101.2352021484375,5.281325095749777
1791049096573160200,101.24516015625,6.078196644534598
1791049096583118000,101.2551181640625,4.924855615200214
1791049096593075200,101.2650751953125,3.96610622283236
1791049096603033300,101.27503344726563,4.841253514210344
1791049096612991000,101.28499096679687,5.364105926520072
1791049096622948000,101.29494799804688,5.622862587438074
1791049096632906200,101.30490625,5.378154384895741
1791049096642864000,101.31486401367188,4.6437607117158715
1791049096652821200,101.3248212890625,4.380451226507973
1791049096662779100,101.33477905273438,4.701170112434879
1791049096672736300,101.344736328125,4.419773243806407
1791049096682694100,101.35469409179687,3.933588489297657
1791049096692652300,101.36465234375,3.7129516505910516
1791049096702609400,101.374609375,4.252165254327454
1791049096712567000,101.38456713867187,4.018000856347134
1791049096722525200,101.39452514648437,4.03498010174229
1791049096732482300,101.404482421875,3.186362430444954
1791049096742440200,101.41444018554688,3.5003361622154188
1791049096752398300,101.4243984375,3.5003361622154188
1791049096762355200,101.43435522460938,3.627047101430417
1791049096772313000,101.44431298828125,3.771576065777718
1791049096782270200,101.45427026367187,3.6871954911527935
1791049096792228000,101.46422802734375,3.9068248577408125
1791049096802186200,101.47418627929687,3.4662067682586937
1791049096812143000,101.48414306640625,3.243416482908469
1791049096822101000,101.49410107421875,3.0522492710170392
1791049096832059100,101.50405908203125,3.6310238104538803
1791049096842016300,101.51401635742188,3.247611337732541
1791049096851974100,101.52397412109374,2.809563356946272
1791049096861931000,101.53393090820313,3.588763234249123
1791049096871889200,101.54388916015625,3.033272419597295
1791049096881847000,101.55384692382812,2.8413927471736717
1791049096891804200,101.56380419921875,3.3410169373212906
1791049096901762300,101.57376220703125,3.1570012337239484
1791049096911720200,101.58372021484375,3.4163097573687518
1791049096921677000,101.59367700195313,2.042742432178603
1791049096931635200,101.60363525390625,1.622517325933353
1791049096941593000,101.61359301757813,2.1695205847996863
1791049096951550200,101.62355029296874,1.7634622762902046
1791049096961508400,101.63350830078124,1.170780796611655
1791049096971465200,101.64346533203125,0.6575956392696295
1791049096981423000,101.65342309570312,1.4872640320411399
1791049096991381200,101.66338134765626,1.8843735098533978
1791049097001338400,101.67333837890625,2.159921625509357
1791049097011296300,101.68329614257813,2.2455360334157146
1791049097021254400,101.69325439453125,2.631616926412544
1791049097031211300,101.70321118164063,1.9192190182061772
1791049097041169200,101.71316918945313,2.1099349073501523
1791049097051127300,101.72312719726563,1.8398687108593819
1791049097061084200,101.73308422851562,2.422025428836352
1791049097071042300,101.74304223632812,1.37330977091049
1791049097080999200,101.75299926757812,3.58313291876412
1791049097090957000,101.76295703125,2.7227478613811646
1791049097100915200,101.77291528320312,2.2065693274145177
1791049097110872300,101.78287231445313,2.2279654640806505
1791049097120830200,101.79283032226563,1.9426521976311444
1791049097130788000,101.8027880859375,2.5991577308743037
1791049097140745200,101.8127451171875,2.898031488219564
1791049097150703000,101.822703125,1.8070647403214546
1791049097160661200,101.8326611328125,1.9523777381884273
1791049097170618400,101.84261840820312,2.1062298095591965
1791049097180576000,101.85257592773438,1.522790178213684
1791049097190533000,101.862533203125,2.099630130873316
1791049097200491300,101.8724912109375,2.1428597579745414
1791049097210449200,101.88244921875,2.662857824699241
1791049097220406300,101.89240625,3.4882480781178256
1791049097230364200,101.9023642578125,3.003837269170212
1791049097240322000,101.91232202148437,1.9147146681863048
1791049097250279200,101.92227905273438,1.2379696695260587
1791049097260237300,101.9322373046875,2.2354331994271646
1791049097270194200,101.94219409179688,3.0896362904163484
1791049097280152000,101.95215209960938,1.26732360892189
1791049097290110200,101.96211010742188,2.0572160155128674
1791049097300067000,101.97206713867187,1.0315284489370724
1791049097310025200,101.98202514648438,1.1850464961787253
1791049097319983400,101.9919833984375,1.2643694560813812
1791049097329940000,102.00193994140625,0.9417177236093272
1791049097339898000,102.01189819335937,0.9980844155454136
1791049097349855200,102.02185522460937,2.044236367716374
1791049097359813000,102.03181323242187,1.392952828972262
1791049097369771300,102.04177124023437,1.4135984125585002
1791049097379728400,102.05172827148438,0.6768057296984935
1791049097389686300,102.06168627929688,0.9203119100919107
1791049097399644400,102.07164453125,0.8907605632730662
1791049097409601300,102.08160131835938,0.8326395232466526
1791049097419559200,102.09155908203125,1.0934894947293636
1791049097429517300,102.10151733398438,1.539799107170719
1791049097439474400,102.11147436523437,0.650869065812461
1791049097449432300,102.12143237304687,1.4790607290789028
1791049097459389200,102.13138916015625,0.9123404779842424
1791049097469347300,102.14134741210937,0.9137150987827103
1791049097479305200,102.15130517578125,0.7197662853567008
1791049097489262300,102.16126245117188,1.5480488130083012
1791049097499220500,102.17122045898438,0.6452427881660369
1791049097509178000,102.18117822265626,1.0574147677430776
1791049097519135200,102.19113525390625,1.6653855644565476
1791049097529093400,102.20109326171875,2.194266939007784
1791049097539050200,102.21105029296875,2.182310354826491
1791049097549008400,102.22100830078125,2.2732318744441398
1791049097558966300,102.23096630859375,2.4069523690681582
1791049097568923100,102.24092309570312,2.2368916544993933
1791049097578881300,102.25088134765625,1.99692335347795
1791049097588839200,102.26083911132812,3.2678437689388007
1791049097598796300,102.27079638671874,2.884006147532429
1791049097608754200,102.28075415039062,2.1427148930275397
1791049097618712000,102.29071215820312,2.8659900628913926
1791049097628669200,102.30066918945313,2.8752263147011834
1791049097638627300,102.31062744140625,3.1402100207316135
1791049097648584400,102.32058447265625,2.90016504834319
1791049097658542000,102.3305419921875,2.268690379699176
1791049097668500200,102.34050024414063,3.1813466733725497
1791049097678457300,102.35045727539062,2.388420388246072
1791049097688415200,102.36041528320312,3.330981317280334
1791049097698373400,102.37037329101562,3.6362582698339567
1791049097708330200,102.38033032226562,3.114218833098416
1791049097718288100,102.3902880859375,3.7497190061731747
1791049097728245200,102.40024536132813,3.504859598164847
1791049097738203400,102.41020336914063,4.356163108982429
1791049097748161300,102.42016137695313,4.038160031033209
1791049097758118100,102.4301181640625,4.089761014265189
1791049097768076300,102.440076171875,4.792465062359186
1791049097778034200,102.4500341796875,4.451201168554043
1791049097787991300,102.4599912109375,4.940792242113542
1791049097797949400,102.46994946289063,5.1136218114734024
1791049097807906000,102.47990600585938,5.332865670844923
1791049097817864200,102.4898642578125,4.870776617911775
1791049097827822300,102.499822265625,5.0895219026274905
1791049097837779200,102.509779296875,6.351324355949409
1791049097847737300,102.5197373046875,6.189127212257947
1791049097857695200,102.5296953125,6.9367189972070955
1791049097867652000,102.53965209960937,7.518906406946183
1791049097877610200,102.5496103515625,7.282524461509831
1791049097887567400,102.5595673828125,8.00465599923458
1791049097897525200,102.56952514648438,6.692305784328426
1791049097907483400,102.5794833984375,6.729752993301513
1791049097917440300,102.58944018554688,7.199336834442172
1791049097927398100,102.59939819335938,7.411957735890916
1791049097937356300,102.60935620117188,8.048742654686501
1791049097947313400,102.6193134765625,7.596818657295212
1791049097957271300,102.62927124023437,7.088842977175248
1791049097967229400,102.6392294921875,8.316206333143796
1791049097977186300,102.64918627929687,7.459857287057061
1791049097987144200,102.65914428710937,8.569859833347216
1791049097997101300,102.66910131835938,8.427981323749133
1791049098007059500,102.6790595703125,8.070685799315445
1791049098017017300,102.68901733398438,8.215980325831639
1791049098026974200,102.69897412109376,8.394806163983144
1791049098036932400,102.70893237304688,8.140426718688559
1791049098046890200,102.71889013671876,9.050732014078408
1791049098056847400,102.72884741210937,8.79352171276616
1791049098066805200,102.73880517578125,9.105439273695891
1791049098076762000,102.74876220703125,9.359498028136889
1791049098086720300,102.75872021484375,9.882378989803158
1791049098096678100,102.76867822265625,10.198866017359789
1791049098106635300,102.77863525390624,10.399634818410915
1791049098116593400,102.78859350585938,10.623359009230985
1791049098126551000,102.79855102539062,10.290325308722531
1791049098136508200,102.80850805664062,10.288330802592775
1791049098146466300,102.81846630859376,9.668246096251465
1791049098156423400,102.82842333984375,9.569297729734874
1791049098166381300,102.83838134765625,9.78048907746738
1791049098176339500,102.84833935546875,9.600168477148928
1791049098186296300,102.85829638671875,10.433181259372304
1791049098196254200,102.86825415039063,10.57011065495167
1791049098206212400,102.87821240234375,10.397692230066902
1791049098216169500,102.88816943359375,11.161344072173828
1791049098226127400,102.89812744140625,10.794468345855535
1791049098236084200,102.90808422851562,10.238307653641485
1791049098246042400,102.91804248046876,10.418358453581277
1791049098256000300,102.92800024414062,10.382245739334527
1791049098265957400,102.93795727539063,10.892711399919122
1791049098275915300,102.94791528320313,10.746873115225704
1791049098285873200,102.957873046875,10.887702591488464
1791049098295830300,102.96783032226563,10.089182956344347
1791049098305788200,102.9777880859375,10.469198100362263
1791049098315745300,102.98774536132812,9.792131923636623
1791049098325703400,102.99770336914062,9.67991339995995
1791049098335661000,103.0076611328125,10.535666783886292
1791049098345618200,103.0176181640625,11.159585303831822
1791049098355575600,103.02757543945313,11.170210306719738
1791049098365533700,103.03753369140625,10.956366886818119
1791049098375490300,103.047490234375,11.188261744764684
1791049098385448400,103.05744848632813,10.551989696106332
1791049098395405600,103.06740551757812,11.03498064393304
1791049098405363500,103.07736352539062,11.270776062771883
1791049098415321600,103.08732153320312,11.597790933903017
1791049098425278500,103.09727856445312,11.375477068299514
1791049098435236400,103.107236328125,11.618803115379077
1791049098445194500,103.11719458007812,11.509840590181179
1791049098455151600,103.12715161132813,11.406099844052374
1791049098465109500,103.13710961914063,12.1267618913413
1791049098475066400,103.14706640625,11.798431230996288
1791049098485024500,103.1570244140625,10.54260928465327
1791049098494982400,103.166982421875,11.257007705419221
1791049098504939500,103.176939453125,11.142530659165956
1791049098514897700,103.18689770507812,11.086794335765426
1791049098524855600,103.19685546875,11.728494849608651
1791049098534812400,103.2068125,10.304126665094055
1791049098544770600,103.2167705078125,10.566741309307194
1791049098554727700,103.22672778320313,10.281935062269685
1791049098564685600,103.236685546875,10.657728722101371
1791049098574643700,103.24664379882813,9.879281106204822
1791049098584600600,103.2566005859375,9.518932061676319
1791049098594558500,103.26655834960937,10.041682026928525
1791049098604516600,103.2765166015625,9.044171460850619
1791049098614473500,103.28647338867188,9.508608684523713
1791049098624431600,103.296431640625,9.996244846170551
1791049098634388500,103.30638842773438,9.411448898953687
1791049098644346400,103.31634643554688,9.557397940243785
1791049098654304500,103.32630444335938,9.18893455076224
1791049098664261600,103.33626171875,9.000316928933051
1791049098674219500,103.34621948242187,9.12005775102653
1791049098684177700,103.356177734375,8.507162019688424
1791049098694134500,103.36613452148437,9.022078604296354
1791049098704092400,103.37609252929687,9.78842641242056
1791049098714049500,103.38604956054688,9.009145617868395
1791049098724007700,103.39600756835938,9.050111071119948
1791049098733965600,103.40596557617188,8.596574409369818
1791049098743922400,103.41592236328125,9.136967855439323
1791049098753880600,103.42588061523438,9.17216467478335
1791049098763837700,103.43583764648437,9.460841632253565
1791049098773795600,103.44579565429687,10.049105757210057
1791049098783753700,103.45575366210937,7.673446859292499
1791049098793710600,103.46571069335937,8.109238167861397
1791049098803668500,103.47566845703125,8.731175134660223
1791049098813626600,103.48562670898437,7.921015839170813
1791049098823583500,103.49558349609374,8.266068375293745
1791049098833541600,103.50554174804688,7.564191688814125
1791049098843498500,103.51549853515625,8.038470814633882
1791049098853456400,103.52545629882812,8.987497779102126
1791049098863414500,103.53541455078125,8.994454019034672
1791049098873371600,103.54537158203125,9.464786300202366
1791049098883329500,103.55532958984375,8.515629616687972
1791049098893287400,103.56528735351563,8.905922696259564
1791049098903244500,103.57524462890625,8.857544676957817
1791049098913202400,103.58520239257813,8.62896581304567
1791049098923159600,103.59515966796874,8.305727308790644
1791049098933117700,103.60511767578124,8.756721666200962
1791049098943075300,103.61507543945312,9.673096864189151
1791049098953032400,103.62503247070312,9.451913587924412
1791049098962990600,103.63499047851562,8.924512804286127
1791049098972948500,103.64494848632812,9.280416947179942
1791049098982905600,103.65490551757813,9.218041468911213
1791049098992863500,103.66486352539063,9.72167084051669
1791049099002820600,103.67482055664063,9.205992568283577
1791049099012778500,103.68477856445313,8.90425081004108
1791049099022736600,103.69473657226563,9.809396502627436
1791049099032693500,103.70469360351562,10.151149709760423
1791049099042651400,103.7146513671875,9.819655559078463
1791049099052609500,103.72460961914062,9.589264708970823
1791049099062566400,103.73456640625,9.653019702855351
1791049099072524500,103.74452465820312,9.220052299573384
1791049099082481700,103.75448168945313,9.362496377937012
1791049099092439300,103.76443920898437,8.882935562884985
1791049099102397400,103.7743974609375,9.051254165853265
1791049099112354600,103.7843544921875,8.383332932363048
1791049099122312400,103.7943125,9.108848617396493
1791049099132269600,103.80426953125,8.635208999182622
1791049099142227500,103.8142275390625,8.93797126819592
1791049099152185300,103.82418530273438,8.231038999116617
1791049099162142500,103.834142578125,8.398403861356297
1791049099172100600,103.8441005859375,7.126847951341663
1791049099182058500,103.85405859375,7.938628747081025
1791049099192015400,103.86401538085937,8.638364054438284
1791049099201973500,103.87397338867187,8.220955977263886
1791049099211930600,103.8839306640625,8.241882303082857
1791049099221888500,103.89388842773438,8.968003449168492
1791049099231846700,103.9038466796875,8.420309915962816
1791049099241803500,103.91380346679688,8.420309915962816
1791049099251761400,103.92376147460938,8.733971462717097
1791049099261719600,103.93371948242188,10.01155080663135
1791049099271676400,103.94367651367187,9.360330534667765
1791049099281634600,103.95363452148437,9.514042464048341
1791049099291591400,103.96359130859375,8.981425442509114
1791049099301549300,103.97354931640625,9.008251190900484
1791049099311507500,103.98350756835937,9.345331354266042
1791049099321464600,103.99346459960938,8.877799398656181
1791049099331422500,104.00342236328125,8.653685392476195
1791049099341380600,104.01338061523437,8.896824045891913
1791049099351337500,104.02333740234376,9.105044515432173
1791049099361296100,104.03329614257812,8.748167660632259
1791049099371253200,104.04325317382812,9.29994286581667
1791049099381211100,104.05321118164062,9.582451118601162
1791049099391169000,104.0631689453125,10.87090400021061
1791049099401126100,104.07312622070313,9.939705830622088
1791049099411084300,104.08308422851563,10.661723112546536
1791049099421041200,104.09304125976563,10.401892687142347
1791049099430999000,104.1029990234375,10.09399064521113
1791049099440957200,104.11295727539063,10.122214720667207
1791049099450914000,104.1229140625,11.240633403670039
1791049099460872200,104.1328720703125,11.767392652347677
1791049099470830000,104.142830078125,11.306046091175478
1791049099480787000,104.15278686523438,11.336957052411657
1791049099490745000,104.1627451171875,12.234989089099878
1791049099500702200,104.1727021484375,12.282515344890331
1791049099510660000,104.18266015625,11.258496824864494
1791049099520618200,104.1926181640625,11.242107929937731
1791049099530575000,104.2025751953125,12.041227357748786
1791049099540533000,104.21253295898437,11.861462585349965
1791049099550491100,104.2224912109375,11.411688382820211
1791049099560448300,104.2324482421875,11.828116416589571
1791049099570406100,104.24240625,12.382612525555938
1791049099580363000,104.25236303710938,12.295425218880112
1791049099590321200,104.26232104492188,12.540039504827137
1791049099600279000,104.27227905273438,13.210157093187666
1791049099610236200,104.28223608398437,13.798440852045927
1791049099620194300,104.2921943359375,12.758193254491074
1791049099630151000,104.30215087890625,13.774565504635197
1791049099640109000,104.31210913085937,14.60831176638817
1791049099650067200,104.32206713867187,13.323984322608831
1791049099660024000,104.33202416992188,14.585060619784317
1791049099669982200,104.34198217773438,14.497316742165559
1791049099679940000,104.35194018554688,14.55114049093925
1791049099689897000,104.36189697265625,15.9867289275451
1791049099699855000,104.37185522460938,16.07215052403653
1791049099709812200,104.38181225585937,15.82539065553878
1791049099719770000,104.39177001953125,16.251823898912225
1791049099729728300,104.40172827148437,16.76245158598142
1791049099739685000,104.41168505859375,16.626754322192667
1791049099749643000,104.42164306640625,17.10968270952485
1791049099759600000,104.43160009765624,17.96765354993816
1791049099769558300,104.44155834960938,17.89285810486507
1791049099779516200,104.45151611328124,17.852497825380816
1791049099789473000,104.46147314453125,17.204429979172488
1791049099799431200,104.47143115234375,18.05809371147481
1791049099809389000,104.48138916015625,18.148611579893483
1791049099819346200,104.49134619140625,18.451657925645186
1791049099829304300,104.50130419921875,18.145619023415914
1791049099839261000,104.51126098632812,19.63014407180902
1791049099849219000,104.52121899414063,19.90917560821276
1791049099859177200,104.53117724609375,20.130729382278755
1791049099869134000,104.54113403320312,19.045176946597028
1791049099879092200,104.55109228515624,20.37750601277392
1791049099889050400,104.56105029296874,21.975844036906143
1791049099899007000,104.57100708007812,22.134646651166165
1791049099908965000,104.58096508789062,21.91095284180983
1791049099918922200,104.59092211914063,21.723792709048297
1791049099928880000,104.60088012695313,23.19051041796002
1791049099938838300,104.61083837890625,24.444293191710845
1791049099948795100,104.62079516601563,24.431558449293238
1791049099958753000,104.6307529296875,24.52904822493577
1791049099968710100,104.64071020507812,23.13639740355954
1791049099978668300,104.65066821289062,23.322446775516944
1791049099988626200,104.66062622070312,24.394865651069352
1791049099998583000,104.6705830078125,24.3324864491822
1791049100008541200,104.68054125976562,23.62303809335504
1791049100018499000,104.6904990234375,23.70739417213908
1791049100028456200,104.70045629882813,23.392564768897795
1791049100038414300,104.71041430664063,23.932391411896628
1791049100048371200,104.72037109375,23.043992091573646
1791049100058329000,104.7303291015625,23.64840679691735
1791049100068287200,104.74028735351563,23.383385225976976
1791049100078244000,104.750244140625,22.670718307573853
1791049100088202200,104.7602021484375,22.773336817657533
1791049100098159000,104.7701591796875,22.87302217653883
1791049100108117000,104.78011694335937,22.646309749499068
1791049100118075100,104.7900751953125,22.757286682295117
1791049100128032300,104.8000322265625,22.01254804391857
1791049100137990100,104.809990234375,20.029774121383255
1791049100147948000,104.81994799804687,20.716437625622962
1791049100157905200,104.8299052734375,20.188328581854194
1791049100167863000,104.83986303710938,20.584759130706193
1791049100177820200,104.84982006835938,19.525685211648902
1791049100187778300,104.8597783203125,19.063943390423642
1791049100197736200,104.86973608398438,18.33800410580955
1791049100207693000,104.87969311523437,17.37131610298331
1791049100217651200,104.88965112304687,17.22402945988409
1791049100227608300,104.8996083984375,16.796067168738972
1791049100237566200,104.90956616210937,16.258271129758363
1791049100247524400,104.9195244140625,15.03738059235198
1791049100257481200,104.92948120117188,14.636722526560316
1791049100267439000,104.93943920898438,14.780431056862172
1791049100277396200,104.94939624023438,13.096023499003696
1791049100287354000,104.95935400390626,13.40514961883594
1791049100297312300,104.96931225585938,13.482160832780341
1791049100307269000,104.97926904296875,12.869408106030866
1791049100317227000,104.98922705078125,12.397610425535513
1791049100327185200,104.99918505859375,10.359870207721045
1791049100337142300,105.00914233398437,11.34222377527711
1791049100347100200,105.01910009765625,11.000287528327611
1791049100357057500,105.0290576171875,10.312088515157239
1791049100367015700,105.039015625,9.641775838343262
1791049100376973600,105.0489736328125,7.81396887781674
1791049100386930700,105.0589306640625,8.239635844080412
1791049100396888800,105.06888891601562,7.07048351985037
1791049100406845700,105.078845703125,6.823016149497708
1791049100416803600,105.08880346679688,6.602209115253133
1791049100426761700,105.09876171875,4.675120019570732
1791049100436718600,105.10871850585937,5.101387001456544
1791049100446676700,105.1186767578125,4.534152362752854
1791049100456635000,105.128634765625,3.2011116652541753
1791049100466591500,105.13859155273437,3.534668714184856
1791049100476549600,105.14854956054687,2.8356102019108342
1791049100486506800,105.1585068359375,2.814265283168296
1791049100496464600,105.16846459960938,2.280721135133972
1791049100506422800,105.1784228515625,2.4685418540547213
1791049100516379600,105.18837963867188,2.0359350630354602
1791049100526337500,105.19833764648438,1.149575596839774
1791049100536294700,105.20829467773437,1.357671931924275
1791049100546252800,105.21825268554687,1.3564902780015842
1791049100556210700,105.22821069335937,0.9499427841178971
1791049100566167600,105.23816748046875,1.0788595908003875
1791049100576125700,105.24812573242187,0.1617224685704751
1791049100586082800,105.25808276367188,359.75128715549886
1791049100596040700,105.26804077148438,0.03487213285902527
1791049100605998800,105.27799877929688,359.05284642617073
1791049100615955700,105.28795581054688,359.3707963107619
1791049100625913600,105.29791357421875,358.8349087008409
1791049100635871700,105.30787182617188,359.028237714236
1791049100645828600,105.31782861328125,358.4646338940102
1791049100655786800,105.32778686523437,357.64508314776265
1791049100665743600,105.33774365234375,357.59173469768467
1791049100675701500,105.34770141601562,356.86430411973294
1791049100685659600,105.35765966796875,357.1884754511864
1791049100695616800,105.36761669921874,357.39155669021574
1791049100705574700,105.37757470703124,357.6853718149122
1791049100715531500,105.38753149414063,358.0492301424407
1791049100725489700,105.39748974609375,357.2174209324633
1791049100735447600,105.40744750976563,357.02956917344886
1791049100745404700,105.41740478515625,357.3376588247731
1791049100755362800,105.42736279296875,357.07792585087583
1791049100765320400,105.43732055664063,358.3243881975058
1791049100775277600,105.44727758789062,357.4803408671816
1791049100785235700,105.45723559570312,357.6119745531524
1791049100795192800,105.46719287109374,357.6288636892494
1791049100805150700,105.47715063476562,357.3751751752627
1791049100815108600,105.48710864257812,357.8639550277728
1791049100825065700,105.49706567382813,358.10959275490944
1791049100835023600,105.50702368164062,358.4541779265938
1791049100844980700,105.51698071289063,357.71307010502034
1791049100854938600,105.52693872070313,357.88180137816244
1791049100864896500,105.536896484375,357.9228390272804
1791049100874853600,105.546853515625,357.65012520516103
1791049100884811500,105.5568115234375,357.25752757096984
1791049100894768600,105.5667685546875,357.5841167856676
1791049100904726800,105.57672680664062,356.950262058973
1791049100914684400,105.58668432617188,357.4175518579325
1791049100924641500,105.5966416015625,357.5200583331844
1791049100934599700,105.606599609375,357.41461818871926
1791049100944556800,105.61655688476563,357.64973905780516
1791049100954514700,105.6265146484375,356.92836813452993
1791049100964472600,105.63647265625,357.00264893804115
1791049100974429700,105.6464296875,357.7229518415223
1791049100984387600,105.6563876953125,357.43747415077905
1791049100994345700,105.666345703125,357.4042380136476
1791049101004302800,105.676302734375,357.6455925430346
1791049101014260500,105.68626049804688,357.6333427265485
1791049101024217600,105.69621752929687,358.5685514816017
1791049101034175700,105.70617578125,358.1634496518234
1791049101044133600,105.71613354492187,358.72860364155235
1791049101054090800,105.7260908203125,357.8843853612803
1791049101064048600,105.73604858398437,358.46815686330774
1791049101074005500,105.74600561523438,358.5191451823242
1791049101083963600,105.75596362304688,358.33784630945775
1791049101093921500,105.76592163085938,358.1221699235249
1791049101103878700,105.77587866210938,358.26503798967474
1791049101113836500,105.78583642578126,358.7184741143934
1791049101123793700,105.79579370117187,359.0186310641403
1791049101133751600,105.80575146484375,359.0385820615796
1791049101143709700,105.81570971679687,358.9471045287977
1791049101153666800,105.82566674804687,358.61333726513794
1791049101163624700,105.83562475585937,359.484529216026
1791049101173581600,105.84558154296874,359.77707391911133
1791049101183539700,105.85553979492188,359.98997413670963
1791049101193497600,105.86549755859374,0.3779014947554589
1791049101203454700,105.87545483398438,0.6855421035351836
1791049101213412900,105.88541284179688,1.0857787657666589
1791049101223370500,105.89537060546876,1.285985946167895
1791049101233327600,105.90532763671875,1.8113291114053278
1791049101243285800,105.91528564453125,2.239497277934758
1791049101253242600,105.92524267578125,2.0818840167666472
1791049101263200800,105.93520068359375,1.6549931731614964
1791049101273158700,105.94515869140625,2.5644588201279017
1791049101283115500,105.95511547851562,3.0721250682483627
1791049101293073700,105.96507373046875,3.1667945985999872
1791049101303030800,105.97503076171876,2.9855690555499823
1791049101312988700,105.98498876953126,2.5839235864907084
1791049101322946600,105.99494653320312,2.9751899777286184
1791049101332903700,106.00490356445313,3.349884437529783
1791049101342861600,106.01486157226563,3.4674855336091284
1791049101352818700,106.02481860351563,3.425184086910802
1791049101362776800,106.03477685546875,2.584421495321546
1791049101372734500,106.044734375,4.236238784557647
1791049101382691600,106.05469165039062,4.256988967025304
1791049101392649700,106.06464965820312,4.5125902754692255
1791049101402606800,106.07460693359376,4.967099661322758
1791049101412564700,106.08456469726562,4.283168569532286
1791049101422522600,106.09452270507812,4.794417645331415
1791049101432479700,106.10447973632813,5.010711096494531
1791049101442437600,106.11443774414063,4.677083118378289
1791049101452395800,106.12439575195313,5.348666979363323
1791049101462352600,106.1343525390625,5.816589901205164
1791049101472310500,106.144310546875,5.6126538412897995
1791049101482267600,106.154267578125,5.867723644517247
1791049101492225500,106.1642255859375,6.497455463643942
1791049101502183700,106.17418359375,6.563932995248853
1791049101512140800,106.18414086914062,6.31651226671938
1791049101522098400,106.19409838867188,6.616214549134375
1791049101532055600,106.2040556640625,6.677039787372869
1791049101542013700,106.214013671875,6.263271421504785
1791049101551971600,106.2239716796875,6.746549925857123
1791049101561928700,106.2339287109375,7.5023726850833015
1791049101571886600,106.24388647460937,8.23250830271323
1791049101581843700,106.25384375,8.374574164294028
1791049101591801600,106.26380151367188,9.783765556941438
1791049101601759700,106.273759765625,8.841149673865134
1791049101611716900,106.283716796875,9.077422901825456
1791049101621674500,106.29367456054688,9.122884209442104
1791049101631631600,106.30363159179687,9.523917450738011
1791049101641589800,106.31358984375,9.655610535238669
1791049101651547600,106.32354760742187,9.655610535238669
1791049101661504800,106.3335048828125,9.757855432987185
1791049101671462700,106.34346264648437,10.020387833238855
1791049101681419500,106.35341943359376,10.434508176329777
1791049101691377700,106.36337768554688,10.504745039974608
1791049101701335600,106.37333544921874,9.973287449277027
1791049101711292700,106.38329272460938,9.902690969674897
1791049101721250600,106.39325048828125,9.534110648502216
1791049101731207700,106.40320776367187,9.595533189116079
1791049101741165600,106.41316552734375,9.557244181375417
1791049101751123700,106.42312377929687,8.926786474788557
1791049101761080800,106.43308081054687,8.560939823902025
1791049101771038500,106.44303857421875,6.0366527574744975
1791049101780996600,106.45299658203125,6.023115257177941
1791049101790953700,106.46295361328124,5.922399771486086
1791049101800911600,106.47291162109374,5.486437852892311
1791049101810868700,106.48286865234375,5.339578312796419
1791049101820826600,106.49282666015625,4.705212490387815
1791049101830784500,106.50278442382813,4.8260873864836045
1791049101840741600,106.51274169921875,4.201485633506719
1791049101850699800,106.52269970703125,3.8828656135012394
1791049101860656600,106.53265673828125,3.201690489198922
1791049101870614500,106.54261450195312,2.627402131534781
1791049101880572700,106.55257275390625,3.0511505758434714
1791049101890529500,106.56252954101562,2.326378668200198
1791049101900487700,106.57248779296874,0.8087485821612539
1791049101910444800,106.58244482421875,0.0184157151001962
1791049101920402400,106.59240234375,359.40098604611865
1791049101930360600,106.60236059570312,359.3393642252453
1791049101940317700,106.61231762695313,358.14705476025006
1791049101950275600,106.62227563476563,356.2970820671267
1791049101960232700,106.63223266601562,356.9570183504993
1791049101970190800,106.64219091796875,355.31768060924344
1791049101980148500,106.6521484375,354.1398813450311
1791049101990105600,106.66210571289062,354.1681816640545
1791049102000063700,106.67206372070312,352.6222744946585
1791049102010020600,106.6820205078125,352.0710717973415
1791049102019978800,106.69197875976562,350.13300981845634
1791049102029936600,106.7019365234375,349.97654745765783
1791049102039893500,106.7118935546875,349.01027304649875
1791049102049851600,106.7218515625,347.60289354968415
1791049102059808800,106.73180883789063,347.48273360636273
1791049102069766700,106.7417666015625,347.0889591753611
1791049102079724500,106.751724609375,347.4813545449273
1791049102089681700,106.761681640625,345.9533999870842
1791049102099639600,106.7716396484375,344.7366970873474
1791049102109596700,106.7815966796875,345.6353594849523
1791049102119554800,106.79155493164062,344.4267039857016
1791049102129512400,106.80151245117187,344.6841445986608
1791049102139469600,106.81146948242187,344.1040068978196
1791049102149427700,106.821427734375,342.660488531147
1791049102159384800,106.831384765625,342.56194141740457
1791049102169342700,106.8413427734375,343.5529772065934
1791049102179300600,106.85130053710938,343.5511840462258
1791049102189257700,106.8612578125,343.6265148035041
1791049102199215600,106.87121557617188,342.4341318972529
1791049102209172700,106.8811728515625,343.7037752319819
1791049102219131000,106.891130859375,344.1023331950847
1791049102229088500,106.90108862304687,344.24113555754053
1791049102239045600,106.91104565429687,344.51358199564874
1791049102249003800,106.92100366210937,343.9062689370528
1791049102258960600,106.93096069335938,344.98686825058365
1791049102268918800,106.94091870117188,345.3744412125789
1791049102278876400,106.95087646484374,346.12641498169785
1791049102288833500,106.96083349609376,346.6293878886765
1791049102298791700,106.97079174804688,346.3996469448191
1791049102308749600,106.98074951171876,347.11833325497815
1791049102318706700,106.99070678710937,347.9867768001252
1791049102328664600,107.00066455078125,348.71221539388614
1791049102338621700,107.01062158203125,349.87679943392936
1791049102348579600,107.02057958984375,349.3741892380355
1791049102358536400,107.03053637695312,350.6072121879795
1791049102368493600,107.04049365234376,351.6416483658907
1791049102378451700,107.05045166015626,352.46485340830435
1791049102388408600,107.06040869140625,353.8760950422246
1791049102398366500,107.07036645507813,354.3282616775852
1791049102408324600,107.08032470703125,354.48066405582256
1791049102418281500,107.09028149414063,354.8124139892196
1791049102428239600,107.10023950195313,355.0408443446275
1791049102438196700,107.11019677734375,355.4403094039973
1791049102448154400,107.120154296875,356.30110231555994
1791049102458112500,107.13011254882812,356.68081897317234
1791049102468069600,107.14006958007812,358.36867422769467
1791049102478027500,107.15002758789062,358.683653293624
1791049102487984600,107.15998461914063,359.17151725196607
1791049102497942500,107.16994262695313,359.8634195702094
1791049102507900400,107.179900390625,0.4497442631632527
1791049102517857500,107.189857421875,1.1493157713276325
1791049102527815700,107.19981567382813,0.874581168548642
1791049102537772500,107.2097724609375,1.4805286274548595
1791049102547730400,107.21973046875,0.4813229397059174
1791049102557688600,107.2296884765625,0.3141127523494806
1791049102567645400,107.2396455078125,0.7808626813056859
1791049102577603600,107.249603515625,4.743137200123462
1791049102587560700,107.25956079101563,5.126353239369061
1791049102597518300,107.26951831054687,5.330760487416886
1791049102607476500,107.2794765625,5.621502977620264
1791049102617433600,107.28943359375,5.283206585770241
1791049102627391500,107.2993916015625,5.125670952496587
1791049102637348600,107.3093486328125,5.366494697727834
1791049102647306500,107.31930639648438,5.379421994851971
1791049102657264400,107.32926440429688,5.57707097210592
1791049102667221500,107.33922143554688,5.827459607962591
1791049102677179600,107.3491796875,5.825550375778585
1791049102687136800,107.35913671875,5.5203156661803385
1791049102697094700,107.3690947265625,5.123923740093923
1791049102707052500,107.37905249023437,5.640963360917832
1791049102717009700,107.389009765625,5.802428469029797
1791049102726967600,107.39896752929687,5.349437340207284
1791049102736924700,107.40892456054688,5.560973274845176
1791049102746882600,107.41888256835938,5.2189851197987975
1791049102756840400,107.42884033203126,6.6821862743074405
1791049102766797600,107.43879760742188,5.937937324434945
1791049102776755500,107.44875537109375,5.471074381103692
1791049102786712600,107.45871264648437,5.963128152619592
1791049102796670700,107.46867065429687,6.922780742768805
1791049102806628400,107.47862841796875,7.002641066860808
1791049102816585500,107.48858544921875,6.786756542338668
1791049102826543600,107.49854370117187,7.231542206407856
1791049102836500700,107.50850073242188,7.080889179196191
1791049102846458600,107.51845874023438,7.361798421051994
1791049102856416500,107.52841650390624,7.4718131014929705
1791049102866373600,107.53837353515625,8.230388187665037
1791049102876331500,107.54833154296875,7.83399050501057
1791049102886288600,107.55828857421875,8.976159553387118
1791049102896246800,107.56824682617187,9.0564783139265
1791049102906204400,107.57820434570313,8.302413076949717
1791049102916161500,107.58816162109375,8.24271654473976
1791049102926119700,107.59811962890625,8.279274750207152
1791049102936076500,107.60807666015624,8.717505018452222
1791049102946034700,107.61803466796874,9.225879818406117
1791049102955992600,107.62799267578124,8.779636556925094
1791049102965949400,107.63794946289063,8.908163367685708
1791049102975907600,107.64790747070313,4.4602840186659725
1791049102985864700,107.65786474609375,4.429639742963154
1791049102995822600,107.66782250976563,4.560580268098903
1791049103005780500,107.67778051757813,4.593365270462572
1791049103015737600,107.68773754882812,4.0813064886156
1791049103025695500,107.69769555664062,4.6316853666340805
1791049103035652600,107.70765258789062,5.048334908360931
1791049103045610800,107.71761083984374,5.289719439811537
1791049103055568400,107.727568359375,4.663143945611819
1791049103065525500,107.737525390625,4.3592849135885485
1791049103075483600,107.74748364257813,4.35104373409552
1791049103085440500,107.7574404296875,5.294947175472879
1791049103095398700,107.76739868164063,4.522340130020908
1791049103105356500,107.7773564453125,4.223013026621485
1791049103115313400,107.7873134765625,4.8313950521161635
1791049103125271600,107.797271484375,4.437902183421283
1791049103135228700,107.80722875976562,5.455338277222769
1791049103145186600,107.8171865234375,4.503546007242732
1791049103155144400,107.82714453125,3.827605990909652
1791049103165101600,107.8371015625,4.223853471088205
1791049103175059500,107.8470595703125,4.440370885907095
1791049103185016600,107.8570166015625,5.298748362207891
1791049103194974700,107.866974609375,4.4014450780800045
1791049103204932400,107.87693237304687,4.213423958855785
1791049103214889500,107.88688940429688,4.51994943936063
1791049103224847600,107.89684765625,4.320904027243372
1791049103234804700,107.9068046875,5.397038704803464
1791049103244762600,107.9167626953125,4.3963920718314435
1791049103254720500,107.92672045898438,4.0704257383763744
1791049103264677600,107.936677734375,4.323994139166171
1791049103274635500,107.94663549804687,4.774117722689621
1791049103284592600,107.95659252929687,5.657350554988825
1791049103294550800,107.96655078125,5.434388376576697
1791049103304507400,107.97650732421874,4.589670328310283
1791049103314465500,107.98646557617188,5.24446887346733
1791049103324423400,107.99642333984374,4.266153880458794
1791049103334380500,108.00638061523438,5.174263815716641
1791049103344338700,108.01633862304688,4.270764747922462
1791049103354295600,108.02629565429687,5.0649228980178895
1791049103364254000,108.03625390625,5.553760935140909
1791049103374212000,108.04621215820312,8.862043061898584
1791049103384169000,108.0561689453125,8.728206007079992
1791049103394126800,108.066126953125,8.268681827706866
1791049103404084000,108.076083984375,7.767572146516692
1791049103414042000,108.0860419921875,7.590826806252042
1791049103424000000,108.096,6.2847907647338825
1791049103433956900,108.10595678710938,6.880889860210612
1791049103443915000,108.1159150390625,7.5490028882283955
1791049103453871900,108.12587182617187,5.9635663715546405
1791049103463830000,108.135830078125,6.235798572136793
1791049103473788000,108.14578784179687,5.726716102665968
1791049103483744800,108.15574487304687,6.130202032657953
1791049103493703000,108.16570288085937,4.784281820343984
1791049103503660000,108.17565991210938,3.4880544056305145
1791049103513618000,108.18561791992188,4.175522758998635
1791049103523576000,108.195576171875,3.585222544904272
1791049103533533000,108.20553295898438,3.416840078753069
1791049103543490800,108.21549072265626,3.5619596974190904
1791049103553448000,108.22544799804687,2.1901978741619126
1791049103563406000,108.23540600585937,1.5168072317600558
1791049103573364000,108.24536401367187,0.48130959040024035
1791049103583320800,108.25532080078125,1.1111898725465106
1791049103593279000,108.26527905273437,0.6480906939795141
1791049103603235800,108.27523583984375,0.5850486793738416
1791049103613194000,108.28519409179688,1.2016655004196954
1791049103623152000,108.29515209960938,0.37729726579437295
1791049103633108700,108.30510864257812,359.610417569851
1791049103643067000,108.31506689453126,0.4491612526698457
1791049103653024000,108.32502392578125,359.4660013449554
1791049103662982000,108.33498193359375,359.1171658302941
1791049103672940000,108.34493994140625,358.0890426818833
1791049103682897000,108.35489697265625,358.32319509954
1791049103692854800,108.36485473632813,358.9668423354149
1791049103702812000,108.37481201171875,358.35102586803197
1791049103712770000,108.38477001953125,356.55404972511695
1791049103722728000,108.39472802734375,355.7694463643349
1791049103732684800,108.40468481445312,356.53803643193777
1791049103742643000,108.41464282226562,357.39778202117947
1791049103752600000,108.42460009765625,356.5462705370921
1791049103762558000,108.43455786132813,354.9767418940703
1791049103772516000,108.44451611328125,355.3049575751445
1791049103782473000,108.45447290039063,355.1708749143024
1791049103792430800,108.46443090820313,355.2365050269817
1791049103802388000,108.47438793945312,354.1975340036803
1791049103812345900,108.48434594726562,354.08160371243116
1791049103822302700,108.494302734375,352.8492303252445
1791049103832260900,108.5042607421875,351.89241114278946
1791049103842218800,108.51421875,351.90281922955506
1791049103852176000,108.52417578125,351.585810078756
1791049103862134000,108.53413403320313,351.2225297467457
1791049103872091100,108.54409106445313,350.7795790456582
1791049103882048800,108.554048828125,350.8238642253349
1791049103892007000,108.5640068359375,350.95448299718527
1791049103901964000,108.57396411132812,350.8729680375892
1791049103911922000,108.583921875,350.192409748397
1791049103921879000,108.59387915039062,350.59190820803366
1791049103931837000,108.6038369140625,350.1809743852669
1791049103941794800,108.613794921875,350.5759827920465
1791049103951752000,108.623751953125,350.2182189618082
1791049103961710000,108.6337099609375,350.0141421873311
1791049103971667000,108.6436669921875,349.87852036923033
1791049103981624800,108.65362475585937,349.51107704044415
1791049103991583000,108.6635830078125,348.39627411230674
1791049104001539800,108.67353979492188,348.9406114373685
1791049104011498000,108.683498046875,348.6241648134758
1791049104021455000,108.693455078125,349.5526675216423
1791049104031412700,108.70341284179688,349.8050863661014
1791049104041371000,108.71337084960938,350.57636560336783
1791049104051328000,108.72332788085937,349.0395366084016
1791049104061286000,108.73328588867187,349.1521177514812
1791049104071243000,108.74324291992187,349.1521177514812
1791049104081201000,108.75320092773437,349.9169655892282
1791049104091158800,108.76315869140625,350.5471308725476
1791049104101116000,108.77311596679688,349.81191980722554
1791049104111074000,108.78307397460938,350.0984659189076
1791049104121031200,108.79303125,350.5826255160972
1791049104130988800,108.80298876953125,350.12085977450556
1791049104140946000,108.81294580078125,351.44810769094295
1791049104150904000,108.82290405273437,351.7711267849324
1791049104160862000,108.83286206054687,350.7637449430517
1791049104170819000,108.84281909179687,350.2244708965741
1791049104180777000,108.85277685546875,349.1502794686878
1791049104190733800,108.86273388671874,350.2329711144984
1791049104200692000,108.87269189453124,350.2329711144984
1791049104210649900,108.88264990234374,349.74726475323484
1791049104220607000,108.89260693359375,350.1770104060152
1791049104230564900,108.90256494140625,350.55033202755675
1791049104240522000,108.91252197265625,350.87089804634076
1791049104250479900,108.92247998046875,350.78144276023056
1791049104260438000,108.93243798828125,350.9627410291748
1791049104270395100,108.94239501953125,350.9830513086832
1791049104280352800,108.95235278320312,351.37171612581267
1791049104290310000,108.96230981445312,351.8140585621551
1791049104300268000,108.97226806640624,352.17784935825136
1791049104310226000,108.98222583007812,350.96721497847136
1791049104320183000,108.99218310546875,351.4638871063993
1791049104330141000,109.00214086914062,351.43461932105924
1791049104340097800,109.01209790039063,352.05764131981323
1791049104350056000,109.02205590820313,352.8449680077518
1791049104360013600,109.032013671875,352.6042154951562
1791049104369970700,109.041970703125,352.6621058794923
1791049104379928600,109.05192846679688,353.32663527748537
1791049104389885700,109.0618857421875,352.72255457900707
1791049104399843300,109.07184326171875,353.46896085587383
1791049104409800400,109.08180053710937,353.58971756973295
1791049104419758600,109.09175854492187,353.85517895813433
1791049104429716500,109.10171655273437,353.96574661749486
1791049104439673600,109.11167358398437,355.3572032661719
1791049104449631500,109.12163159179687,356.19851248542454
1791049104459588600,109.13158862304688,356.7966993547846
1791049104469546500,109.14154638671874,355.86310333969266
1791049104479504600,109.15150463867188,357.1200114804066
1791049104489461800,109.16146166992188,357.2970032555633
1791049104499419400,109.17141943359375,357.5869294189682
1791049104509376500,109.18137646484375,357.59478274980665
1791049104519334700,109.19133471679687,358.01094122625324
1791049104529292500,109.20129248046875,357.84556724284283
1791049104539249700,109.21124975585937,358.63244450560006
1791049104549207600,109.22120751953125,357.91873322850506
1791049104559164400,109.23116430664062,359.31693516578105
1791049104569122600,109.24112255859374,4.3479742338554
1791049104579080700,109.25108081054688,3.924726385113967
1791049104589037600,109.26103759765626,4.2367365124829215
1791049104598995500,109.27099536132812,4.461152321101504
1791049104608952600,109.28095263671875,4.137354951541237
1791049104618910500,109.29091040039063,4.922835089078944
1791049104628868600,109.30086865234375,6.118861549164314
1791049104638825700,109.31082568359375,5.568788470567783
1791049104648783400,109.32078344726563,4.789328581353901
1791049104658740500,109.33074047851562,5.35057586210827
1791049104668698600,109.34069873046874,5.598970367857548
1791049104678655700,109.35065576171876,6.810971365786969
1791049104688613600,109.36061352539062,5.747842164555079
1791049104698571500,109.37057153320312,5.035753126220817
1791049104708528600,109.38052856445313,5.994890672142921
1791049104718486500,109.39048657226563,5.221240422470739
1791049104728443600,109.40044360351563,5.866612391184912
1791049104738401500,109.41040161132813,6.176239196958089
1791049104748359700,109.42035961914063,5.662255765601275
1791049104758316500,109.43031665039062,5.685245479507213
1791049104768274400,109.4402744140625,5.126184205665373
1791049104778231600,109.4502314453125,5.549783498503366
1791049104788189700,109.46018969726562,5.929048153912262
1791049104798147600,109.47014770507812,6.293722421541948
1791049104808104400,109.4801044921875,7.311319063436977
1791049104818062600,109.4900625,6.475156551899407
1791049104828019700,109.50001977539063,6.68590437336878
1791049104837977600,109.5099775390625,7.088924325789559
1791049104847935700,109.51993579101563,6.6825066913774895
1791049104857892600,109.529892578125,7.6288126144694814
1791049104867850500,109.5398505859375,7.0716215896459005
1791049104877807600,109.5498076171875,7.616323809870543
1791049104887765800,109.55976586914062,8.646179778142006
1791049104897723600,109.5697236328125,10.93910047101318
1791049104907680500,109.57968041992187,10.885774945924583
1791049104917638700,109.589638671875,12.00097794941011
1791049104927595500,109.59959545898438,12.06894289378107
1791049104937553700,109.6095537109375,12.93678251472331
1791049104947510500,109.61951049804688,13.385988128269016
1791049104957468400,109.62946850585938,13.936490584381474
1791049104967426600,109.63942651367188,13.096932542069219
1791049104977383700,109.6493837890625,13.025421362754651
1791049104987341600,109.65934155273438,13.959602834696707
1791049104997298400,109.66929833984375,14.346028833362702
1791049105007256600,109.67925659179687,14.42813225109795
1791049105017214500,109.68921435546875,14.470708702024806
1791049105027171600,109.69917163085937,14.629571904711748
1791049105037129700,109.70912963867187,15.038126542126456
1791049105047086600,109.71908666992188,14.928594477493514
1791049105057044500,109.72904443359376,15.986094037260209
1791049105067002600,109.73900268554688,15.628670060553802
1791049105076959500,109.74895947265625,15.647870207358743
1791049105086917600,109.75891772460938,16.41809377054669
1791049105096874500,109.76887451171875,17.0656026830717
1791049105106832400,109.77883227539063,17.471134681607623
1791049105116789500,109.78878955078125,19.444468855006658
1791049105126747600,109.79874755859375,19.731546702595026
1791049105136705500,109.80870556640625,19.645084716228183
1791049105146662400,109.81866235351562,21.10289661579224
1791049105156620500,109.82862060546876,21.58425373255581
1791049105166577700,109.83857763671875,21.604618023038753
1791049105176535600,109.84853564453125,21.50534595379577
1791049105186493700,109.85849365234375,22.97054085278098
1791049105196450600,109.86845043945313,23.08848822501782
1791049105206408400,109.87840844726563,22.23540637240908
1791049105216365600,109.88836547851562,23.050839557261355
1791049105226323700,109.89832373046875,23.658593809517427
1791049105236281600,109.90828149414062,23.85111090557761
1791049105246238500,109.91823852539062,24.316903381211528
1791049105256196600,109.92819653320312,24.816271570826466
1791049105266153500,109.93815356445313,24.599439436595702
1791049105276111600,109.94811157226563,25.137228394670277
1791049105286069500,109.95806958007813,25.17398814526667
1791049105296026400,109.9680263671875,28.26461790699908
1791049105305984500,109.97798461914063,28.527349051321885
1791049105315941600,109.98794165039062,29.050264434023156
1791049105325899500,109.9978994140625,29.741035109234257
1791049105335857700,110.00785766601562,30.182177494310753
1791049105345814500,110.017814453125,30.062055423410023
1791049105355772400,110.0277724609375,29.525416254368487
1791049105365730300,110.03773022460938,29.404431356569287
1791049105375688200,110.04768823242188,29.102187752813656
1791049105385645300,110.05764526367187,29.860391364700696
1791049105395603500,110.067603515625,30.35057708379427
1791049105405561000,110.07756103515625,30.58557029415299
1791049105415518200,110.08751831054687,31.52102458561841
1791049105425476400,110.09747631835937,31.21515027246709
1791049105435433500,110.10743359375,31.25682018526103
1791049105445391400,110.11739135742188,30.301172189562028
1791049105455349200,110.12734936523438,25.45278542172165
1791049105465306400,110.13730639648438,26.146232034873314
1791049105475264300,110.14726416015625,26.299614504218894
1791049105485221400,110.15722143554687,26.94029468347477
1791049105495179500,110.16717944335937,26.731010059135855
1791049105505137200,110.17713720703125,26.482164622711498
1791049105515094300,110.18709423828125,26.24816924548444
1791049105525052400,110.19705249023437,26.870758467370905
1791049105535009300,110.20700927734374,26.473310855601365
1791049105544967400,110.21696752929688,26.863312487251264
1791049105554924300,110.22692431640625,27.301163100623707
1791049105564882200,110.23688208007812,27.050358279690883
1791049105574840300,110.24684033203125,27.142259833985626
1791049105584797400,110.25679736328125,26.42483613659324
1791049105594755300,110.26675537109375,27.096393503834843
1791049105604712200,110.27671215820313,27.82452459142798
1791049105614670300,110.28667041015625,27.133028760292174
1791049105624628200,110.29662817382813,26.359781149963368
1791049105634585300,110.30658544921874,26.830850921785515
1791049105644543500,110.31654345703124,26.946477778962162
1791049105654500400,110.32650024414062,27.385129826766146
1791049105664458200,110.33645825195312,27.230690372209395
1791049105674416400,110.34641650390626,27.572332020980067
1791049105684373500,110.35637353515625,27.807973137528087
1791049105694331400,110.36633129882813,27.788101744615478
1791049105704288300,110.37628833007813,28.15888286743702
1791049105714246400,110.38624633789063,28.457455878608556
1791049105724203300,110.39620336914062,28.56174597954765
1791049105734161400,110.40616137695312,29.10754362490817
1791049105744119300,110.41611938476562,29.56337838116265
1791049105754076200,110.426076171875,33.79552866943588
1791049105764034300,110.43603442382812,34.037729819348044
1791049105773991400,110.44599145507813,33.26336686704108
1791049105783949300,110.45594921875,34.59644036794464
1791049105793907500,110.46590747070313,34.907798409192495
1791049105803864300,110.4758642578125,34.509596357068496
1791049105813822200,110.485822265625,35.08579255431053
1791049105823779300,110.495779296875,35.11125682001144
1791049105833737500,110.50573754882812,35.6166809127103
1791049105843695400,110.5156953125,35.019999369276455
1791049105853652200,110.52565234375,34.763784496149604
1791049105863610400,110.5356103515625,35.051858442472884
1791049105873567200,110.54556713867187,34.34436308586417
1791049105883525400,110.555525390625,34.919736787970294
1791049105893482200,110.56548217773438,30.427557049429147
1791049105903440100,110.57544018554688,31.1337663625023
1791049105913398300,110.58539819335938,30.599577206275548
1791049105923355400,110.59535546875,30.093156405842986
1791049105933313300,110.60531323242188,30.930256762252323
1791049105943270100,110.61527026367187,30.278053827564673
1791049105953228300,110.62522827148437,30.874091434004637
1791049105963186200,110.63518627929687,30.84108625847437
1791049105973143300,110.64514331054687,30.38331395933103
1791049105983101400,110.65510131835937,31.388385398358704
1791049105993058300,110.66505834960938,31.77918341017702
1791049106003016200,110.67501611328125,31.965911652310353
1791049106012974300,110.68497436523438,31.561983932453
1791049106022931500,110.69493139648438,31.508368420245702
1791049106032889300,110.70488940429688,29.53141924879077
1791049106042846200,110.71484619140625,28.795308413659594
1791049106052804400,110.72480444335937,29.614670549531997
1791049106062761200,110.73476123046875,29.48260518949867
1791049106072719400,110.74471923828125,29.293246231147748
1791049106082677200,110.75467724609375,29.07580245410041
1791049106092634000,110.76463403320312,29.253864029258423
1791049106102592300,110.77459228515625,29.902859080906115
1791049106112549400,110.78454931640626,30.118161393297314
1791049106122507300,110.79450732421876,29.214448111178324
1791049106132465400,110.80446533203126,29.421546778418694
1791049106142422300,110.81442236328125,30.000951026088607
1791049106152380200,110.82438012695313,28.59453853198943
1791049106162337300,110.83433715820313,30.07833930789023
1791049106172295400,110.84429541015625,31.65925576006256
1791049106182252300,110.85425219726562,33.07300181057702
1791049106192210200,110.86421020507812,32.659899402628525
1791049106202168300,110.87416821289062,33.16740471914553
1791049106212125200,110.88412524414062,33.682364750169725
1791049106222083300,110.89408325195312,33.43379843333784
1791049106232040400,110.90404052734375,34.63116836328745
1791049106241998000,110.913998046875,34.23720873821071
1791049106251956200,110.92395629882813,33.928783737759915
1791049106261913300,110.93391333007813,34.48075513387974
1791049106271871200,110.94387133789063,34.07251799971425
1791049106281828400,110.95382836914062,34.83812970165728
1791049106291786200,110.9637861328125,38.014458309140636
1791049106301744000,110.973744140625,37.9112923373144
1791049106311701200,110.983701171875,38.07014350543639
1791049106321659400,110.99365942382812,37.59382205412101
1791049106331616500,111.00361645507813,37.980460722824795
1791049106341574100,111.01357421875,37.622356658850556
1791049106351531300,111.02353125,37.638401972655984
1791049106361489400,111.03348950195313,38.36502730824381
1791049106371446500,111.04344653320312,37.482803411420576
1791049106381403600,111.05340356445312,38.18131526537531
1791049106391361800,111.06336181640626,37.669045432240274
1791049106401318700,111.07331860351563,37.50209419004118
1791049106411276500,111.08327661132813,38.15460988460159
1791049106421234700,111.09323461914063,38.61552016061655
1791049106431191800,111.10319189453125,37.835820200265275
1791049106441149700,111.11314965820313,37.0789203575746
1791049106451106600,111.1231064453125,37.24041599699156
1791049106461064700,111.13306469726562,38.140060927000675
1791049106471021600,111.143021484375,37.560007130816345
1791049106480979700,111.15297973632812,38.60529467639698
1791049106490937600,111.1629375,38.959496948241224
1791049106500894500,111.17289453125,39.18856030378615
1791049106510852600,111.1828525390625,38.7434657076601
1791049106520809700,111.19280981445313,36.719336348551394
1791049106530767600,111.202767578125,37.69323944692083
1791049106540725800,111.21272583007813,37.59701076190943
1791049106550682600,111.2226826171875,38.78206559482351
1791049106560640500,111.232640625,39.29192368111918
1791049106570597600,111.24259765625,39.0875288964387
1791049106580555800,111.2525556640625,39.08821054083257
1791049106590513700,111.262513671875,39.403843625738595
1791049106600470500,111.27247045898437,39.3478248471072
1791049106610428700,111.2824287109375,40.07301324122884
1791049106620385500,111.29238549804687,40.35936037398206
1791049106630343700,111.30234375,40.71430176585082
1791049106640300800,111.31230078125,39.638228150266364
1791049106650258400,111.32225854492188,39.71987202279362
1791049106660216600,111.33221655273438,40.819161290200356
1791049106670173700,111.34217358398438,42.75508181526765
1791049106680131600,111.35213159179688,42.36540912091949
1791049106690088700,111.36208862304687,42.44701889235536
1791049106700046600,111.37204663085937,41.99044559936444
1791049106710004500,111.38200439453125,42.27077711599039
1791049106719961600,111.39196166992187,42.0120646513957
1791049106729919700,111.40191967773437,42.0120646513957
1791049106739876900,111.411876953125,42.71821717930361
1791049106749834500,111.42183447265624,42.54150084629748
1791049106759791600,111.43179150390625,42.2437504963755
1791049106769749800,111.44174975585938,40.606405277377576
1791049106779707600,111.45170776367188,41.04728567959689
1791049106789664800,111.46166479492187,41.1730203135197
1791049106799622700,111.47162255859375,41.02345296589097
1791049106809579500,111.48157958984375,40.79018458605736
1791049106819537700,111.49153759765625,42.26349814655781
1791049106829495600,111.50149560546875,42.09986526594354
1791049106839452700,111.51145263671874,41.2144652011019
1791049106849410600,111.52141064453124,41.93220200826129
1791049106859367700,111.53136767578125,42.0303457829635
1791049106869325600,111.54132568359375,42.58930879290927
1791049106879282700,111.55128271484375,42.196038165271595
1791049106889240800,111.56124072265625,43.07765420229743
1791049106899198500,111.57119848632813,42.779857345323855
1791049106909155600,111.58115551757813,42.67051647641995
1791049106919113700,111.59111376953125,43.39305881853065
1791049106929070600,111.60107055664062,43.280456961458015
1791049106939028700,111.61102880859374,44.12169448618512
1791049106948985600,111.62098559570312,44.20290292836217
1791049106958943500,111.63094360351562,44.371594885598164
1791049106968901600,111.64090161132812,43.81317543612401
1791049106978858800,111.65085864257813,42.95655414824731
1791049106988816600,111.66081665039063,43.64593836043705
1791049106998773500,111.6707734375,44.45886600960021
1791049107008731600,111.68073168945313,44.28761339293188
1791049107018689500,111.690689453125,44.266761975843636
1791049107028646700,111.70064672851562,44.14025056046308
1791049107038604800,111.71060473632812,44.22671082871929
1791049107048561700,111.72056176757812,43.13719011152595
1791049107058519600,111.73051953125,43.998194022026915
1791049107068476700,111.7404765625,45.07578569459295
1791049107078434800,111.75043481445313,44.66628516327359
1791049107088392700,111.76039282226563,44.66143951063548
1791049107098349600,111.770349609375,45.03055205432524
1791049107108307700,111.7803076171875,44.335314970758326
1791049107118264600,111.7902646484375,44.482368546235776
1791049107128222700,111.80022265625,44.53344520956504
1791049107138180600,111.8101806640625,44.337720649777765
1791049107148137500,111.82013745117187,43.92410021492696
1791049107158095600,111.830095703125,43.554757616342684
1791049107168052700,111.840052734375,44.07837410114421
1791049107178010600,111.8500107421875,44.16696812897007
1791049107187967500,111.85996752929688,44.34426866458393
1791049107197925600,111.86992553710938,44.82495199681443
1791049107207883500,111.87988354492188,43.38189365885332
1791049107217840600,111.88984057617188,43.97198243481858
1791049107227798800,111.899798828125,43.67637971658155
1791049107237755600,111.90975561523437,43.706547924137205
1791049107247713500,111.91971362304687,43.68023965945028
1791049107257671700,111.92967163085937,44.22059174060954
1791049107267628500,111.93962866210937,44.93488114765429
1791049107277586700,111.94958666992187,44.66143273266951
1791049107287543600,111.95954345703124,44.92449555001682
1791049107297501400,111.96950146484374,44.82167109492875
1791049107307458600,111.97945849609376,44.914881409481104
1791049107317416700,111.98941674804688,45.13226354831281
1791049107327374600,111.99937451171876,45.39012240976885
1791049107337331500,112.00933154296875,45.62462199496933
1791049107347289600,112.01928955078125,45.306144942277676
1791049107357246700,112.02924682617187,44.553147997741526
1791049107367205400,112.03920532226563,44.35623274915614
1791049107377163300,112.04916333007813,44.74471642807531
1791049107387120000,112.0591201171875,45.41292542884812
1791049107397078300,112.06907836914063,46.83489057650609
1791049107407035400,112.07903540039062,46.42984132336306
1791049107416993300,112.0889931640625,46.78844177574146
1791049107426950100,112.0989501953125,46.160860080178125
1791049107436908300,112.108908203125,45.53535503996892
1791049107446866200,112.1188662109375,46.18288794476218
1791049107456823300,112.1288232421875,46.621766449724134
1791049107466781400,112.13878149414063,47.29516262121502
1791049107476738300,112.14873828125,47.334411411936635
1791049107486696200,112.1586962890625,47.415213359933496
1791049107496653300,112.1686533203125,47.34954452403973
1791049107506611500,112.17861157226562,47.54490551206602
1791049107516569300,112.1885693359375,48.75360818795659
1791049107526526200,112.19852612304688,47.76388351048073
1791049107536484400,112.208484375,48.44586936072308
1791049107546441200,112.21844116210937,48.528477340600844
1791049107556399400,112.2283994140625,48.52226689395669
1791049107566357200,112.23835717773437,48.409181708392275
1791049107576314000,112.24831420898437,48.56113355262601
1791049107586272300,112.25827221679687,48.776526097672196
1791049107596229400,112.2682294921875,48.61820785734163
1791049107606187300,112.27818725585938,48.61758967059058
1791049107616144100,112.28814404296875,48.31816118572211
1791049107626102300,112.29810229492188,47.90616056293339
1791049107636060200,112.30806005859375,47.17172544668143
1791049107646017300,112.31801733398437,47.568668973858834
1791049107655975400,112.32797534179687,47.4021602819948
1791049107665932300,112.33793237304687,47.72364204220546
1791049107675890200,112.34789013671875,46.98924307791009
1791049107685847300,112.35784741210938,45.61429745371176
1791049107695805200,112.36780517578126,47.036505254756214
1791049107705763300,112.37776342773438,47.22398895262236
1791049107715720200,112.38772021484375,47.64201302195188
1791049107725678000,112.39767797851563,47.844539646061385
1791049107735635200,112.40763525390625,47.543798359848985
1791049107745593300,112.41759326171875,47.260451953609135
1791049107755551200,112.42755126953125,47.53724309596954
1791049107765508000,112.43750805664062,47.01597820156955
1791049107775466200,112.44746630859375,46.78705497924191
1791049107785423400,112.45742333984376,47.79673349963496
1791049107795381200,112.46738134765624,48.00247779957653
1791049107805338400,112.47733837890625,47.96565360612673
1791049107815296300,112.48729614257813,48.188090255038915
1791049107825254100,112.49725415039063,48.30319121127581
1791049107835211300,112.50721118164063,49.257754080446055
1791049107845169400,112.51716943359375,48.27473345584671
1791049107855126300,112.52712622070312,48.848556318747654
1791049107865084200,112.53708422851562,48.966871216233926
1791049107875041300,112.54704125976562,48.96285172537439
1791049107884999200,112.55699926757812,49.23369646307975
1791049107894957300,112.56695727539062,49.2958926745994
1791049107904914400,112.57691455078125,49.79821612581242
1791049107914872000,112.5868720703125,50.04751313183329
1791049107924829200,112.5968291015625,49.8536664654163
1791049107934787300,112.60678735351563,48.75584081141557
1791049107944745200,112.6167451171875,48.8241386385677
1791049107954702300,112.62670239257812,48.4155487069917
1791049107964660200,112.63666015625,49.04720677529616
1791049107974617300,112.64661743164062,48.624357930008706
1791049107984575200,112.6565751953125,49.333347476940176
1791049107994532400,112.66653247070313,48.53528440608279
1791049108004490500,112.67649047851563,46.928298923712205
1791049108014448000,112.6864482421875,48.16421585704338
1791049108024405200,112.6964052734375,48.26491639593417
1791049108034363400,112.70636328125,48.617762123990936
1791049108044320300,112.7163203125,48.591486822178254
1791049108054278400,112.7262783203125,48.39865577923809
1791049108064235300,112.7362353515625,48.11452411941098
1791049108074193200,112.74619311523438,46.723645721191694
1791049108084151300,112.7561513671875,47.47862823595507
1791049108094108400,112.7661083984375,47.95114821582499
1791049108104066300,112.77606640625,48.60288375837468
1791049108114023200,112.78602319335937,49.19110997843001
1791049108123981300,112.79598120117187,48.78593650217717
1791049108133938400,112.8059384765625,48.44251886521885
1791049108143896300,112.81589624023438,49.05725586646717
1791049108153854500,112.8258544921875,48.16246915521404
1791049108163811300,112.83581127929688,48.08054726138309
1791049108173769200,112.84576928710938,48.2318319543862
1791049108183726300,112.85572631835937,48.99658117134545
1791049108193684200,112.86568432617187,48.59864049226083
1791049108203642400,112.87564233398437,48.576529554394355
1791049108213599200,112.88559912109375,48.8939664617803
1791049108223557000,112.89555712890625,48.64811299292514
1791049108233514200,112.90551416015624,47.355648800716004
1791049108243472400,112.91547241210938,48.702328576401584
1791049108253429200,112.92542919921875,49.02751308941258
1791049108263387100,112.93538720703125,49.168666933887266
1791049108273345300,112.94534521484375,48.98125480493292
1791049108283302400,112.95530249023437,48.8785702218109
1791049108293260300,112.96526025390625,48.96498072726705
1791049108303217200,112.97521704101563,49.46509078248085
1791049108313175300,112.98517529296875,49.195730545257064
1791049108323132200,112.99513208007812,47.907867570378755
1791049108333090300,113.00509033203124,50.33407419150515
1791049108343048400,113.01504833984374,51.065344973718176
1791049108353005000,113.02500512695312,50.809843990022884
1791049108362963200,113.03496313476562,50.89773322179844
1791049108372920600,113.04492065429687,51.05900571152018
1791049108382878500,113.05487841796875,50.63303073536211
1791049108392835300,113.06483544921875,49.19431541711359
1791049108402793500,113.07479345703125,49.96751599776447
1791049108412751400,113.08475146484375,50.396959273624795
1791049108422708500,113.09470849609374,50.57266473526
1791049108432666600,113.10466650390624,50.02101803473523
1791049108442623500,113.11462353515626,50.08005304395999
1791049108452581400,113.12458129882812,49.73241683727354
1791049108462538500,113.13453857421875,49.564108183937606
1791049108472496400,113.14449633789063,49.09975757331979
1791049108482454500,113.15445458984375,49.029727192696065
1791049108492411400,113.16441137695313,49.51523125377228
1791049108502369300,113.17436938476563,49.4902597749284
1791049108512326400,113.18432641601562,49.77880763784502
1791049108522284500,113.19428442382812,49.605234691039215
1791049108532241400,113.20424145507812,48.82703427520951
1791049108542199300,113.21419921875,49.079149663952464
1791049108552157400,113.22415747070312,49.70090115187898
1791049108562114600,113.23411450195313,49.72098222973998
1791049108572072400,113.24407250976563,49.40474940847281
1791049108582029300,113.254029296875,49.23521731773997
1791049108591987500,113.26398754882813,49.16153408237048
1791049108601944300,113.2739443359375,49.60704656434973
1791049108611902500,113.28390234375,49.301976993468195
1791049108621860600,113.29386059570312,49.533598902765625
1791049108631817200,113.30381713867187,49.800069959583226
1791049108641775400,113.313775390625,48.463245986787136
1791049108651732500,113.323732421875,48.934505764465854
1791049108661690400,113.3336904296875,49.102817052918276
1791049108671647500,113.3436474609375,49.5531146983627
1791049108681605400,113.35360546875,49.220290196406665
1791049108691563300,113.36356323242188,49.15952563037272
1791049108701520400,113.37352026367188,49.00437342134625
1791049108711478500,113.383478515625,49.458207194151804
1791049108721435600,113.393435546875,49.23432442822916
1791049108731393300,113.40339331054687,48.49600000475827
1791049108741350400,113.41335034179687,49.802363393956654
1791049108751308500,113.42330859375,50.2894307179272
1791049108761266400,113.43326635742187,50.06304114475968
1791049108771223600,113.4432236328125,49.88846219641658
1791049108781181400,113.45318139648438,50.01311490260395
1791049108791138300,113.46313818359376,50.08090084574356
1791049108801096400,113.47309643554688,50.130460259347466
1791049108811054600,113.4830546875,49.58431329108842
1791049108821011500,113.49301147460938,48.77465536103715
1791049108830969300,113.50296923828125,50.33392379225763
1791049108840926500,113.51292651367187,50.338773680880884
1791049108850884400,113.52288427734375,50.833663791511974
1791049108860841500,113.53284155273437,50.387493360729835
1791049108870799600,113.54279956054687,50.334502666845104
1791049108880757200,113.55275732421875,49.78615726448439
1791049108890714400,113.56271435546876,50.16189958846196
1791049108900672500,113.57267260742188,49.96247258488647
1791049108910629600,113.58262963867188,49.505400788918394
1791049108920587500,113.59258740234375,49.563170793199056
1791049108930544400,113.60254443359375,48.486750201411155
1791049108940502500,113.61250244140625,48.63378043302311
1791049108950460400,113.62246044921875,48.33243731491985
1791049108960417500,113.63241748046875,48.453519264445305
1791049108970375400,113.64237548828125,48.158339947067006
1791049108980332300,113.65233227539062,49.209922546918584
1791049108990290400,113.66229052734376,49.057456247821705
1791049109000247600,113.67224755859375,48.20259988049091
1791049109010205400,113.68220532226563,48.39557857726214
1791049109020162300,113.69216235351563,48.454895001042914
1791049109030120400,113.70212036132813,48.792102589035586
1791049109040078300,113.71207836914063,48.84014382886575
1791049109050035500,113.72203540039062,49.225286340073595
1791049109059993600,113.73199365234375,49.36143694459712
1791049109069950500,113.74195043945312,50.21459441352278
1791049109079908400,113.75190844726562,49.174024934160286
1791049109089866500,113.76186645507812,48.3234929427304
1791049109099823400,113.7718232421875,48.79975341033298
1791049109109781500,113.78178149414063,48.942361325021864
1791049109119738400,113.79173828125,49.19647537118712
1791049109129696300,113.8016962890625,49.23595603230341
1791049109139653400,113.8116533203125,49.25879793873232
1791049109149611500,113.82161157226562,48.9826212789504
1791049109159568600,113.83156860351562,49.31372197469237
1791049109169526300,113.8415263671875,49.54111438624483
1791049109179484400,113.851484375,48.97683825779365
1791049109189441500,113.86144165039063,49.38262920800933
1791049109199399400,113.8713994140625,49.6586805326424
1791049109209356500,113.8813564453125,49.66410618866786
1791049109219314400,113.891314453125,49.66410618866786
1791049109229271300,113.90127124023438,49.17910851188967
1791049109239229400,113.9112294921875,49.367057551315156
1791049109249187600,113.9211875,49.24194075024076
1791049109259144400,113.93114453125,48.636604616918625
1791049109269102300,113.94110229492188,48.14511789505289
1791049109279059500,113.9510595703125,47.92556719628746
1791049109289017300,113.96101733398437,48.433425320588555
1791049109298974500,113.97097436523437,48.66557381840635
1791049109308932600,113.9809326171875,48.21840984696414
1791049109318890200,113.99089013671875,48.34187685003486
1791049109328847400,114.00084741210938,48.00829039669966
1791049109338805500,114.01080541992188,47.52397398613783
1791049109348762600,114.0207626953125,47.68318521213515
1791049109358720500,114.03072045898438,48.487400211222784
1791049109368677400,114.04067749023437,48.92524641388096
1791049109378635300,114.05063525390625,49.38504537875062
1791049109388593200,114.06059326171875,49.44430614562848
1791049109398550300,114.07055029296875,49.6926952889736
1791049109408508400,114.08050830078125,49.30263429627774
1791049109418465300,114.09046533203124,49.80494729906508
1791049109428423200,114.10042309570312,49.75178767568844
1791049109438380300,114.11038037109375,48.68168449605811
1791049109448338200,114.12033813476563,49.092725441907895
1791049109458296300,114.13029638671875,49.10162947216298
1791049109468253400,114.14025341796875,48.12380494586728
1791049109478211000,114.15021118164063,48.07110914554719
1791049109488168200,114.16016821289062,48.195408110088714
1791049109498126300,114.17012622070312,48.078331779193455
1791049109508083500,114.18008349609374,48.40512141781603
1791049109518041300,114.19004125976562,48.16960564103897
1791049109527999200,114.19999926757812,47.09123866387242
1791049109537956400,114.20995629882813,47.11220271843788
1791049109547914200,114.21991430664062,47.332098779120344
1791049109557871400,114.22987133789063,47.36534089925254
1791049109567829200,114.23982934570313,47.58877316881002
1791049109577786000,114.2497861328125,47.91271754749348
1791049109587744300,114.259744140625,47.57582535118564
1791049109597702100,114.2697021484375,46.81657640280546
1791049109607659300,114.2796591796875,47.665207956562874
1791049109617617400,114.28961743164062,47.57884742999113
1791049109627574300,114.29957421875,47.62033043780252
1791049109637532200,114.3095322265625,47.5979604021349
1791049109647489300,114.3194892578125,47.63287239135461
1791049109657447400,114.32944750976563,47.57586247811969
1791049109667405300,114.3394052734375,47.66068581214641
1791049109677362200,114.34936206054688,47.71732580506553
1791049109687320300,114.3593203125,46.4040343349304
1791049109697277200,114.36927709960938,47.71534888349694
1791049109707235300,114.3792353515625,47.2182654584805
1791049109717192200,114.38919213867187,47.30583634315758
1791049109727150000,114.39915014648437,47.09013195613276
1791049109737107200,114.40910717773437,47.237529935774745
1791049109747065300,114.4190654296875,47.419692395632836
1791049109757023200,114.42902319335937,47.621114827493756
1791049109766980000,114.43897998046874,47.05460676590336
1791049109776938200,114.44893823242188,46.21668801567631
1791049109786895400,114.45889526367188,47.08856526484142
1791049109796853200,114.46885327148438,47.277290904179424
1791049109806810400,114.47881030273437,47.5632199407187
1791049109816768300,114.48876831054687,47.307107313133244
1791049109826726100,114.49872607421875,47.32638519155015
1791049109836683300,114.50868334960937,47.450688329973715
1791049109846641400,114.51864135742187,47.617516525131585
1791049109856598300,114.52859838867188,46.77037000445058
1791049109866556200,114.53855615234374,45.75410065753543
1791049109876513300,114.54851318359376,46.23370574363848
1791049109886471200,114.55847119140626,46.11079449415142
1791049109896429300,114.56842919921876,46.40659466711317
1791049109906386400,114.57838647460937,46.12891070940799
1791049109916344000,114.58834399414063,46.81777174891444
1791049109926301200,114.59830126953125,46.48426076707177
1791049109936259300,114.60825927734375,46.14450915724956
1791049109946216400,114.61821655273438,46.03530902030727
1791049109956174300,114.62817431640624,45.63179176834771
1791049109966132200,114.63813232421874,46.20641599217917
1791049109976089300,114.64808935546876,46.838868578881204
1791049109986047200,114.65804711914062,47.064574342315794
1791049109996004400,114.66800439453125,46.71156517482588
1791049110005962500,114.67796240234375,46.75947292507245
1791049110015919000,114.68791918945313,46.50383786909566
1791049110025877200,114.69787719726563,45.67088549464455
1791049110035834400,114.70783447265624,46.26426936166055
1791049110045792300,114.71779223632812,46.53722219821976
1791049110055750400,114.72775048828125,46.97039055388735
1791049110065707300,114.73770727539062,46.747811510879615
1791049110075665200,114.7476650390625,46.52793521362478
1791049110085622300,114.75762231445313,46.3384354010623
1791049110095580400,114.76758032226563,46.58212770840014
1791049110105537300,114.77753735351563,46.05697015190569
1791049110115495200,114.7874951171875,44.99277438646607
1791049110125453300,114.79745336914063,45.55498097420484
1791049110135410400,114.80741040039062,45.15443706433643
1791049110145368300,114.81736840820312,45.21475142953388
1791049110155325200,114.8273251953125,44.88789607759704
1791049110165283300,114.83728344726562,45.02987137211396
1791049110175240200,114.847240234375,45.46950830456769
1791049110185198300,114.8571982421875,45.38428824656516
1791049110195156200,114.86715625,45.12266148019706
1791049110205113000,114.87711303710938,44.17765564382843
1791049110215071200,114.8870712890625,45.08426250824163
1791049110225028400,114.8970283203125,45.416905384786084
1791049110234986200,114.906986328125,45.6412441565163
1791049110244943400,114.916943359375,45.50874322385324
1791049110254901200,114.9269013671875,45.362609599596915
1791049110264858400,114.9368583984375,45.529187564728545
1791049110274816300,114.94681616210937,45.57383417285109
1791049110284774400,114.9567744140625,45.60683336852874
1791049110294731300,114.96673120117188,44.76639759198553
1791049110304689200,114.97668920898437,45.20835834339304
1791049110314646300,114.98664624023438,45.12409636787321
1791049110324604200,114.99660424804688,45.065281099239265
1791049110334561300,115.00656127929688,45.33319378859452
1791049110344519400,115.01651953125,45.92531194633433
1791049110354477000,115.02647705078125,45.78782356934317
1791049110364434200,115.03643408203125,45.630979087360544
1791049110374392300,115.04639233398437,45.31976279748709
1791049110384349400,115.05634936523437,45.42042161879561
1791049110394307300,115.06630737304687,45.70308330822415
1791049110404264200,115.07626416015626,45.24550674860948
1791049110414222300,115.08622241210938,45.72155950421076
1791049110424179200,115.09617919921875,45.96774096513514
1791049110434137300,115.10613745117188,45.7941480013211
1791049110444095500,115.11609545898438,45.51856424384207
1791049110454052000,115.12605200195313,45.57601020180951
1791049110464010200,115.13601025390625,45.302663314063565
1791049110473967400,115.14596728515625,45.6701610618724
1791049110483925200,115.15592529296875,45.35748699561435
1791049110493882000,115.16588208007812,44.24026187202504
1791049110503840300,115.17584033203126,44.77860272266405
1791049110513798100,115.18579809570312,44.94254512720758
1791049110523755300,115.19575537109375,45.11024293908376
1791049110533713400,115.20571337890625,44.60071027663846
1791049110543670300,115.21567016601563,44.764535520357455
1791049110553628200,115.22562817382813,44.50786238285197
1791049110563585300,115.23558520507812,44.758485082667086
1791049110573543400,115.24554345703125,44.56851781710095
1791049110583501300,115.25550122070312,43.762904499828885
1791049110593458200,115.26545825195312,44.863999836673365
1791049110603416300,115.27541625976562,45.42158862227569
1791049110613373200,115.28537329101563,45.022355256771135
1791049110623331300,115.29533129882813,45.19803255235959
1791049110633288400,115.30528833007813,45.33444928647392
1791049110643246000,115.31524609375,45.06857273345521
1791049110653203200,115.325203125,45.48465146145538
1791049110663161300,115.33516137695312,45.285996802003424
1791049110673119200,115.345119140625,44.483356416380786
1791049110683076400,115.35507641601562,44.88522191959186
1791049110693034200,115.3650341796875,45.26471822805708
1791049110702991400,115.37499145507813,45.44659039983131
1791049110712949200,115.38494921875,45.447409216274586
1791049110722906400,115.39490625,45.92119844410861
1791049110732864300,115.4048642578125,46.01257187656169
1791049110742821000,115.41482104492188,45.931887548787245
1791049110752779300,115.424779296875,45.52056731287356
1791049110762737200,115.43473706054688,44.413761927376065
1791049110772694300,115.4446943359375,45.98560216884851
1791049110782652400,115.45465234375,45.91491272565542
1791049110792609300,115.464609375,45.882248375536456
1791049110802567200,115.47456713867187,45.92165671116151
1791049110812524300,115.48452416992187,46.29664313665128
1791049110822482400,115.494482421875,46.45928904686732
1791049110832440300,115.5044404296875,46.77030464587182
1791049110842397200,115.51439721679688,46.49489457027851
1791049110852355300,115.52435522460938,45.19038184168873
1791049110862312200,115.53431225585938,46.05420648438736
1791049110872270300,115.54427026367188,46.52919283758233
1791049110882227200,115.55422729492187,46.639296841176446
1791049110892185000,115.56418505859375,46.84223134428719
1791049110902142200,115.57414208984375,47.337087988828046
1791049110912100400,115.58410034179687,47.175613416190345
1791049110922058200,115.59405834960937,47.709551770334656
1791049110932015000,115.60401513671874,47.0603169471356
1791049110941973200,115.61397314453124,46.22321874204579
1791049110951930400,115.62393041992188,46.73672185189935
1791049110961888300,115.63388818359375,47.42420609481448
1791049110971845400,115.64384545898437,47.45590306030901
1791049110981803300,115.65380322265625,47.655151196120116
1791049110991761200,115.66376123046875,47.845910478439755
1791049111001718300,115.67371826171875,48.18574387899013
1791049111011676400,115.68367651367187,48.883547197826005
1791049111021633300,115.69363330078124,48.81694840295015
1791049111031591200,115.70359106445312,47.822431625487944
1791049111041548300,115.71354833984375,48.88068447370758
1791049111051506200,115.72350610351563,49.14043665806103
1791049111061463300,115.73346337890625,49.075827958219435
1791049111071421400,115.74342138671875,49.47413031616041
1791049111081379000,115.75337915039063,49.9438414785001
1791049111091336200,115.76333618164062,49.793639409599386
1791049111101294300,115.77329443359375,50.144381397668624
1791049111111251500,115.78325146484374,49.8780361151675
1791049111121209300,115.79320922851562,48.948461032749506
1791049111131166200,115.80316625976562,50.142236618008994
1791049111141124400,115.81312426757812,49.96008472389575
1791049111151081200,115.82308129882813,50.32400912050885
1791049111161039400,115.83303930664063,50.24703709982383
1791049111170997500,115.84299755859375,50.89129537859638
1791049111180954000,115.8529541015625,51.023536336887084
1791049111190912300,115.86291235351563,52.06352537430944
1791049111200869400,115.87286938476562,52.37658591947807
1791049111210827300,115.8828271484375,52.662763165975505
1791049111220784000,115.8927841796875,52.37550289924008
1791049111230742300,115.9027421875,51.957817623645404
1791049111240700200,115.9127001953125,52.43232029979922
1791049111250657300,115.9226572265625,52.467866525170315
1791049111260615400,115.93261547851563,52.70597712463198
1791049111270572300,115.942572265625,53.40397023110822
1791049111280530200,115.9525302734375,52.94239287806388
1791049111290487300,115.9624873046875,52.63731970873138
1791049111300445400,115.97244555664062,52.70880621980409
1791049111310402000,115.98240209960937,52.25933015215421
1791049111320360200,115.99236010742187,52.694790249242885
1791049111330318300,116.002318359375,52.51732010244009
1791049111340275200,116.01227514648437,52.64484384198934
1791049111350233300,116.0222333984375,52.571184053967166
1791049111360190200,116.03219018554688,51.642522411282805
1791049111370147600,116.04214770507812,51.93296573982846
1791049111380104700,116.05210473632812,51.368985557323384
1791049111390062800,116.06206274414062,51.98086519761121
1791049111400020000,116.07202001953125,51.82094015325998
1791049111409977900,116.08197778320313,51.649096780473506
1791049111419935700,116.09193579101563,51.673909927669484
1791049111429892900,116.10189282226563,51.338571223406895
1791049111439850800,116.11185083007813,51.37483584553364
1791049111449808000,116.12180786132812,51.311566225944375
1791049111459766000,116.13176611328124,51.05508287398951
1791049111469722600,116.14172265625,51.474551366457156
1791049111479680800,116.1516806640625,50.80783446099653
1791049111489638000,116.16163793945313,50.578327156388404
1791049111499595800,116.171595703125,49.921522574106994
1791049111509554000,116.18155395507813,48.911419033730866
1791049111519510800,116.1915107421875,50.12633327449677
1791049111529468700,116.20146875,49.37160801229357
1791049111539425800,116.21142578125,49.56264731972566
1791049111549384000,116.22138403320312,49.206733823991115
1791049111559340800,116.2313408203125,49.382855109058525
1791049111569298700,116.24129858398437,48.77973885941983
1791049111579255800,116.251255859375,48.593938165155635
1791049111589214000,116.2612138671875,48.34134097945501
1791049111599171800,116.271171875,48.59846057529397
1791049111609128700,116.28112866210938,48.473509647741324
1791049111619086800,116.2910869140625,48.98038680904306
1791049111629043700,116.30104370117188,48.263800643360646
1791049111639001900,116.311001953125,48.11631506797531
1791049111648959000,116.320958984375,47.97335542576272
1791049111658916600,116.33091650390625,47.951966469046695
1791049111668873700,116.34087377929687,48.03129120174228
1791049111678831900,116.35083178710937,48.007512387676655
1791049111688789800,116.36078979492187,47.772436077300874
1791049111698747000,116.37074682617188,47.78311909339652
1791049111708704800,116.38070483398438,46.96840129051982
1791049111718662000,116.39066186523438,46.96840129051982
1791049111728619800,116.40061987304688,47.10819971690708
1791049111738577000,116.41057690429687,46.5060889288637
1791049111748535000,116.42053515625,45.29903480724782
1791049111758491600,116.43049169921875,45.574796795953596
1791049111768449800,116.44044970703125,44.858979475408766
1791049111778408000,116.45040795898437,45.566792446226714
1791049111788364800,116.46036474609375,45.45316552111879
1791049111798323000,116.47032299804688,46.12076465021907
1791049111808279800,116.48027978515626,45.835491840182094
1791049111818237700,116.49023779296876,46.02657189782911
1791049111828194800,116.50019482421875,45.98005888647709
1791049111838153000,116.51015307617187,46.04954743132155
1791049111848109800,116.52010986328125,45.68779904186611
1791049111858067700,116.53006762695313,45.82349480153222
1791049111868025900,116.54002587890625,45.28725816161337
1791049111877983000,116.54998291015625,45.7324613468122
1791049111887940900,116.55994091796875,46.262651435541
1791049111897897700,116.56989770507812,45.93096410670714
1791049111907856000,116.57985595703126,45.684265036794585
1791049111917812700,116.58981274414063,45.82158253028004
1791049111927771000,116.59977099609375,46.06322202350453
1791049111937728000,116.60972802734375,45.81559827482546
1791049111947685600,116.619685546875,45.37338154204523
1791049111957643800,116.62964379882813,45.67186228441876
1791049111967601000,116.63960083007812,45.86156923023179
1791049111977558800,116.64955883789062,45.3155078547532
1791049111987516000,116.65951586914062,45.135207249381295
1791049111997473800,116.66947387695312,45.26305813477558
1791049112007431000,116.67943090820313,44.99521911973616
1791049112017388800,116.68938891601563,45.20940832814952
1791049112027346000,116.69934594726563,45.25634570437934
1791049112037303800,116.7093037109375,45.50153572316463
1791049112047261700,116.71926171875,45.5674646955679
1791049112057218800,116.72921875,45.48007109426425
1791049112067176700,116.7391767578125,45.10922203654113
1791049112077133800,116.7491337890625,45.0460708219658
1791049112087092000,116.75909204101562,44.493565610615555
1791049112097048800,116.769048828125,44.59969041007651
1791049112107006700,116.7790068359375,44.363581920671606
1791049112116963800,116.7889638671875,44.65668305820849
1791049112126922000,116.798921875,44.1944768529581
1791049112136879900,116.8088798828125,43.57537811735105
1791049112146836700,116.81883666992188,43.15622867651996
1791049112156795000,116.828794921875,44.036368707287615
1791049112166751700,116.83875170898438,43.496398639102786
1791049112176710000,116.8487099609375,43.23954859166728
1791049112186666800,116.85866674804687,43.716274539037386
1791049112196624600,116.86862475585937,42.94617599132752
1791049112206581800,116.87858178710937,43.39927389874682
1791049112216540000,116.88853979492187,42.3749418938367
1791049112226497800,116.89849780273437,43.28316915778904
1791049112236454700,116.90845458984376,42.835079205081314
1791049112246412800,116.91841284179688,43.568138980443464
1791049112256370000,116.92836987304688,43.61750538932461
1791049112266327800,116.93832788085938,44.40144535428413
1791049112276284700,116.94828466796875,43.90808147301684
1791049112286242800,116.95824291992187,44.3576690463407
1791049112296199700,116.96819970703125,43.57351802267943
1791049112306157800,116.97815771484375,44.1765109420011
1791049112316115000,116.98811499023438,43.44094101503035
1791049112326072600,116.99807250976562,43.92338450982442
1791049112336030700,117.00803076171874,43.39008680978233
1791049112345987800,117.01798779296875,44.24257660226455
1791049112355945700,117.02794580078125,43.840068474378164
1791049112365902800,117.03790283203125,44.504965379387016
1791049112375861800,117.04786181640625,43.87891426468299
1791049112385818600,117.05781860351563,44.52064257520519
1791049112395776800,117.06777685546875,44.57518787845538
1791049112405733600,117.07773364257812,44.97411848090977
1791049112415691500,117.08769140625,44.27919102623865
1791049112425649700,117.09764965820312,44.687423104576425
1791049112435606800,117.10760668945312,44.74494242915011
1791049112445564700,117.11756469726562,44.823430624296016
1791049112455521500,117.127521484375,44.619240087052326
1791049112465479700,117.13747973632813,44.19850474356243
1791049112475436800,117.14743676757813,44.42052361766088
1791049112485394700,117.15739477539063,43.8760799821974
1791049112495351800,117.16735180664062,43.67976565609422
1791049112505309700,117.17730981445312,43.67441071803992
1791049112515267600,117.187267578125,43.44100329083675
1791049112525224700,117.197224609375,43.64845753871863
1791049112535182600,117.2071826171875,43.43877690810514
1791049112545139700,117.2171396484375,43.47111909638709
1791049112555097600,117.22709765625,42.97185187260594
1791049112565054700,117.2370546875,42.955428927343775
1791049112575012600,117.2470126953125,43.029180136522214
1791049112584969700,117.2569697265625,43.272974868962315
1791049112594927900,117.26692797851562,43.412172579484526
1791049112604884700,117.276884765625,44.25819270359596
1791049112614842600,117.28684252929688,44.176826229637534
1791049112624800800,117.29680078125,44.31224990056844
1791049112634757600,117.30675756835937,43.891832356077
1791049112644715800,117.3167158203125,44.41237476844687
1791049112654672600,117.32667260742187,44.179995070678665
1791049112664630500,117.33663061523437,43.826010446215705
1791049112674587600,117.34658764648438,43.958263409339
1791049112684545800,117.3565458984375,44.05336634462476
1791049112694502700,117.36650268554688,44.2881329788272
1791049112704460500,117.37646044921875,43.96311934017146
1791049112714418700,117.38641870117188,43.64479749322221
1791049112724375800,117.39637573242187,44.41020824751646
1791049112734333700,117.40633374023437,44.212895636868744
1791049112744290600,117.41629052734375,44.78837379470987
1791049112754248700,117.42624877929687,44.683616729303665
1791049112764205600,117.43620556640624,44.90992191839349
1791049112774163700,117.44616381835938,44.93959156265115
1791049112784120800,117.45612084960938,45.14651482649106
1791049112794078500,117.46607836914062,44.96013407928185
1791049112804035600,117.47603564453125,45.06391462828203
1791049112813993700,117.48599365234375,44.8912655940459
1791049112823951600,117.49595166015625,45.2239472491671
1791049112833908700,117.50590869140625,44.9846591805837
1791049112843866600,117.51586669921875,44.54253963539825
1791049112853823700,117.52582373046874,44.436283557153736
1791049112863781600,117.53578173828124,44.73621258363119
1791049112873738800,117.54573876953125,44.8099114634451
1791049112883697000,117.55569677734375,45.00140390687716
1791049112893653500,117.56565356445313,44.36575883614605
1791049112903611600,117.57561157226563,44.90125311571685
1791049112913568800,117.58556884765625,44.35970142223666
1791049112923526700,117.59552661132813,44.3397175487403
1791049112933484800,117.60548486328125,44.09692455056355
1791049112943441700,117.61544165039062,44.34301407264139
1791049112953399600,117.62539965820312,44.71041106732299
1791049112963356700,117.63535668945312,44.85565757738599
1791049112973314800,117.64531469726562,44.992165897093415
1791049112983271700,117.65527172851563,45.368131878106595
1791049112993229600,117.6652294921875,45.427436242220914
1791049113003186700,117.67518676757813,45.36246642751968
1791049113013144800,117.68514477539063,45.22526772752901
1791049113023102700,117.69510278320313,45.11509549401629
1791049113033059600,117.7050595703125,45.25293163139706
1791049113043017700,117.71501782226562,45.19318315868175
1791049113052974600,117.724974609375,44.92559061198804
1791049113062932700,117.7349326171875,44.4980572727918
1791049113072889900,117.74488989257813,44.93304527255405
1791049113082847500,117.75484741210937,45.03754574722874
1791049113092804600,117.7648046875,45.256083632234606
1791049113102762800,117.7747626953125,45.34785947025665
1791049113112720000,117.78471997070312,45.25686191414262
1791049113122677800,117.794677734375,45.28195762467197
1791049113132635600,117.8046357421875,44.69091759472209
1791049113142592800,117.8145927734375,44.62278159089115
1791049113152550700,117.82455053710937,44.802269930613775
1791049113162507800,117.8345078125,44.93242737082096
1791049113172466000,117.8444658203125,45.18995367876459
1791049113182422500,117.85442260742188,45.56440911284474
1791049113192380700,117.86438061523438,45.40258800508303
1791049113202337800,117.874337890625,45.577875200988856
1791049113212295700,117.88429565429688,45.36632708318454
1791049113222252500,117.89425244140625,45.631796478096064
1791049113232210700,117.90421069335937,45.21919143228077
1791049113242168600,117.91416845703125,45.348777503077926
1791049113252125700,117.92412573242187,45.207261828661515
1791049113262083800,117.93408374023437,44.955937695900694
1791049113272040700,117.94404077148438,44.6241259186778
1791049113281998600,117.95399853515624,44.367806404340634
1791049113291955700,117.96395581054688,44.311685642592785
1791049113301913900,117.97391381835938,44.547016605458786
1791049113311870500,117.98387036132813,44.95260836087225
1791049113321828600,117.99382861328125,45.48858750334621
1791049113331785700,118.00378564453125,45.16080450904999
1791049113341743600,118.01374365234375,45.52484961819136
1791049113351701800,118.02370166015625,45.51177480516726
1791049113361658600,118.03365869140625,45.64856844937043
1791049113371616800,118.04361669921875,45.73615228912359
1791049113381573600,118.05357373046876,45.79454613938041
1791049113391531800,118.06353173828126,45.82386046708971
1791049113401489000,118.07348901367187,45.684763795642674
1791049113411446800,118.08344677734375,45.42967769218445
1791049113421404000,118.09340380859375,45.418518246130354
1791049113431361800,118.10336181640625,44.763075111732626
1791049113441318700,118.11331860351562,44.722971562055555
1791049113451276800,118.12327685546875,45.65517189293611
1791049113461234700,118.13323461914062,45.154565993786605
1791049113471191800,118.14319189453126,45.096966157993364
1791049113481149700,118.15314965820312,44.9252733438013
1791049113491106800,118.16310693359375,44.6618742193842
1791049113501064700,118.17306469726563,45.547361681614404
1791049113511021800,118.18302172851563,44.844906262982384
1791049113520980000,118.19297998046875,44.902404362153945
1791049113530936800,118.20293676757812,44.76481558289362
1791049113540894700,118.21289477539062,44.548837887263126
1791049113550851800,118.22285180664062,44.842613699953674
1791049113560809700,118.23280981445312,44.634867523111225
1791049113570768000,118.24276782226562,44.74721110212955
1791049113580724700,118.25272485351563,44.909049644392454
1791049113590682600,118.2626826171875,44.71406830658249
1791049113600639700,118.2726396484375,44.64107271085735
1791049113610598000,118.28259790039063,44.123603538626035
1791049113620554800,118.2925546875,44.540303874793125
1791049113630512600,118.3025126953125,44.013595915354706
1791049113640469800,118.3124697265625,44.04698996724646
1791049113650428000,118.32242797851562,44.16761053933683
1791049113660384800,118.332384765625,44.18104147442223
1791049113670342700,118.3423427734375,43.958052792494115
1791049113680300800,118.35230078125,43.89289070586777
1791049113690257700,118.36225756835937,43.54712585492367
1791049113700215800,118.3722158203125,43.71790719806333
1791049113710172700,118.38217260742188,43.925914818531034
1791049113720130600,118.39213061523438,44.32195439642654
1791049113730087700,118.40208764648438,44.01821013002571
1791049113740045800,118.4120458984375,43.6294614210963
1791049113750003000,118.4220029296875,43.927644524724755
1791049113759960600,118.43196069335937,43.51028505074453
1791049113769917700,118.44191772460937,43.99072094001411
1791049113779875800,118.45187573242187,43.66675562240173
1791049113789833700,118.46183374023437,43.33176401563156
1791049113799790800,118.47179077148438,43.6968344943561
1791049113809749000,118.4817490234375,42.57546463938583
1791049113819705600,118.49170556640625,42.583241813093835
1791049113829663700,118.50166381835938,42.394752328660424
1791049113839620900,118.51162084960937,42.13905073386183
1791049113849578800,118.52157885742187,42.13539296290832
1791049113859535600,118.53153564453125,41.71301204471776
1791049113869493800,118.54149365234375,41.9500630147095
1791049113879451000,118.55145092773438,41.90289489883434
1791049113889408800,118.56140869140626,41.53566032198649
1791049113899365600,118.57136572265625,42.282917964125836
1791049113909323800,118.58132373046875,41.79905968130379
1791049113919281700,118.59128173828125,42.100122717839646
1791049113929238800,118.60123876953125,41.41602542808083
1791049113939197000,118.61119702148437,40.525073328638506
1791049113949153500,118.62115356445312,41.87432864950113
1791049113959111700,118.63111157226562,42.146120367012195
1791049113969068800,118.64106884765626,41.89053637375087
1791049113979026700,118.65102661132812,41.4128649880698
1791049113988983800,118.66098388671875,41.42648049237301
1791049113998941700,118.67094165039063,41.59906203723686
1791049114008898800,118.68089892578125,41.56527072697936
1791049114018856700,118.69085668945313,41.70361415499932
1791049114028814800,118.70081494140625,41.348063619873344
1791049114038772000,118.71077197265625,41.769395020355695
1791049114048729600,118.7207294921875,41.79716610658957
1791049114058686700,118.73068676757812,41.81491038973515
1791049114068644900,118.74064477539062,41.53538659091535
1791049114078601700,118.75060180664063,42.41145059882985
1791049114088559900,118.76055981445313,42.22127522379134
1791049114098516700,118.77051684570313,42.90218096813683
1791049114108474600,118.780474609375,42.890766468761605
1791049114118431700,118.790431640625,43.03519007624489
1791049114128390000,118.80038989257812,42.844869224881144
1791049114138346800,118.8103466796875,42.24862648440315
1791049114148304600,118.8203046875,42.0529695089698
1791049114158262800,118.8302626953125,43.58537818085227
1791049114168220000,118.84021997070313,43.634266303887486
1791049114178177800,118.850177734375,44.05893312544562
1791049114188134700,118.860134765625,44.38757920116298
1791049114198092800,118.8700927734375,44.44649917168334
1791049114208049700,118.88004956054688,44.44541728410723
1791049114218007800,118.8900078125,44.44541728410723
1791049114227965000,118.89996484375,44.90511810570445
1791049114237922600,118.90992260742188,45.04327756319911
1791049114247879700,118.91987963867187,45.019620204792076
1791049114257837800,118.929837890625,46.41001431897066
1791049114267795700,118.93979565429687,46.66125764232324
1791049114277752800,118.9497529296875,46.63924548620655
1791049114287710700,118.95971069335937,46.42026733120606
1791049114297667800,118.96966772460938,46.43897116623284
1791049114307625700,118.97962573242188,46.50569099296463
1791049114317582800,118.98958276367188,46.64026073681337
1791049114327541000,118.999541015625,46.889148956160035
1791049114337497600,119.00949755859375,47.192029086975744
1791049114347455700,119.01945581054687,47.498398712950696
1791049114357412900,119.02941284179687,47.260251688143846
1791049114367370800,119.03937084960937,46.85423973517715
1791049114377326800,119.04932690429688,47.12743139753313
1791049114387285000,119.05928491210938,47.00922446873349
1791049114397243100,119.0692431640625,47.83335666214023
1791049114407200000,119.07919995117187,48.1364330350487
1791049114417158100,119.089158203125,48.50644797008254
1791049114427115000,119.09911499023437,48.36612012343167
1791049114437073000,119.10907299804687,48.63364420339416
1791049114447030000,119.11903002929688,48.86578080337028
1791049114456988200,119.12898828125,49.2403451378034
1791049114466945000,119.13894506835938,49.253990354137116
1791049114476903000,119.14890283203125,48.06552119947438
1791049114486860000,119.15886010742187,48.888762333697635
1791049114496818200,119.16881811523437,49.51228586901802
1791049114506774800,119.17877490234375,49.51545494753952
1791049114516733000,119.18873291015625,49.55667509913044
1791049114526691000,119.19869116210937,49.38862178085826
1791049114536648000,119.20864794921874,49.21541458694201
1791049114546606000,119.21860620117188,49.56384244649913
1791049114556563000,119.22856298828125,49.310464675754915
1791049114566520800,119.23852075195313,49.303305892189464
1791049114576478000,119.24847802734375,49.430802026462366
1791049114586436000,119.25843603515625,49.044735413754864
1791049114596393200,119.26839331054687,49.12583984767528
1791049114606351000,119.27835107421875,49.03989169176342
1791049114616308000,119.28830786132812,49.219601787978135
1791049114626266000,119.29826611328124,49.296453638145195
1791049114636223000,119.30822290039063,50.25640634423919
1791049114646181000,119.31818115234375,50.00086206758764
1791049114656139000,119.32813891601562,50.00748764924131
1791049114666095900,119.33809594726563,49.87753942683649
1791049114676054000,119.34805395507813,49.14427926755965
1791049114686011100,119.35801123046875,49.82738642676985
1791049114695969000,119.36796899414063,49.62660884396964
1791049114705926000,119.37792578125,49.597928896277416
1791049114715884000,119.38788403320312,49.48996282676493
1791049114725841200,119.39784106445312,49.65215896714245
1791049114735799000,119.40779907226562,49.44145995232425
1791049114745756000,119.417755859375,48.52363432900763
1791049114755714000,119.42771411132813,48.8161563369931
1791049114765671000,119.4376708984375,49.75073060919701
1791049114775629000,119.44762915039063,49.81091317648475
1791049114785587200,119.45758715820313,49.71430059553148
1791049114795543800,119.46754370117188,49.41888084834453
1791049114805502000,119.477501953125,49.134674739824966
1791049114815459000,119.487458984375,49.543233477371864
1791049114825417000,119.4974169921875,49.51891140186243
1791049114835374000,119.5073740234375,49.45527002972491
1791049114845332000,119.51733203125,48.29948163524102
1791049114855289000,119.5272890625,48.812371736278166
1791049114865247000,119.5372470703125,49.395631874558056
1791049114875204000,119.5472041015625,49.576448537044705
1791049114885162200,119.55716235351562,49.900728988438594
1791049114895118800,119.56711889648437,49.49357618835265
1791049114905077000,119.57707690429687,49.50840026110909
1791049114915035100,119.58703515625,49.35116435221721
1791049114924992000,119.59699194335937,48.13361383853753
1791049114934950100,119.6069501953125,48.56858245892676
1791049114944907000,119.61690698242188,48.83471635785151
1791049114954865000,119.62686499023438,48.08335294408774
1791049114964822000,119.63682202148438,48.90431614093512
1791049114974780200,119.6467802734375,48.61941323716468
1791049114984737000,119.65673706054687,49.025678049024044
1791049114994695000,119.66669482421875,48.979189213934845
1791049115004652000,119.67665209960937,48.679354946314234
1791049115014610200,119.68661010742187,48.354658339523915
1791049115024567000,119.69656713867188,48.68070154899367
1791049115034525000,119.70652490234374,48.37936076075191
1791049115044482000,119.71648193359376,48.44790927963285
1791049115054440000,119.72643994140626,47.32805282559528
1791049115064398000,119.73639819335938,47.637553802491105
1791049115074355200,119.74635522460937,47.73011335203403
1791049115084312800,119.75631274414063,48.30011559550425
1791049115094270000,119.76627001953125,48.81886032713345
1791049115104228000,119.77622802734375,48.053399541971125
1791049115114185200,119.78618530273438,48.1127465951268
1791049115124143000,119.79614306640624,48.170255901762395
1791049115134100000,119.80609985351562,47.89111462644359
1791049115144058000,119.81605810546876,47.18285079727267
1791049115154015000,119.82601489257813,46.49880129481805
1791049115163973000,119.83597314453125,46.996029808144385
1791049115173930000,119.84592993164063,47.39248743444126
1791049115183888000,119.85588793945313,47.46985250537373
1791049115193846000,119.86584594726563,47.425625659166684
1791049115203803100,119.87580322265624,46.93860038536368
1791049115213761000,119.88576098632812,47.16521047113545
1791049115223718000,119.8957177734375,47.016288923910444
1791049115233676000,119.90567602539062,47.152745683476525
1791049115243633200,119.91563305664063,46.752207442879744
1791049115253591000,119.92559106445313,46.28110722253927
1791049115263548200,119.93554809570313,46.73508143888822
1791049115273506000,119.94550610351563,46.595685911188866
1791049115283463000,119.955462890625,46.319713550759296
1791049115293421000,119.96542114257812,45.0998277078824
1791049115303378200,119.97537817382812,45.40411850347227
1791049115313336000,119.98533618164062,45.2680396615505
1791049115323294000,119.9952939453125,45.92933598702089
1791049115333251000,120.0052509765625,46.53599452144645
1791049115343209000,120.015208984375,46.0872355841719
1791049115353166000,120.025166015625,46.04963376288756
1791049115363124200,120.03512426757813,46.49857376567838
1791049115373081000,120.0450810546875,46.09874073695682
1791049115383039000,120.0550390625,46.065835500928564
1791049115392995800,120.06499584960937,45.29741586319068
1791049115402954000,120.0749541015625,45.20263915699039
1791049115412910800,120.08491088867187,40.07634217408229
1791049115422869000,120.09486889648437,36.19312015559786
1791049115432825900,120.10482592773438,35.98871265830247
1791049115442783700,120.11478369140625,36.429687043561074
1791049115452740900,120.12474096679688,36.74661303029325
1791049115462699000,120.13469897460938,36.85586018507578
1791049115472657000,120.14465698242188,37.98865324451496
1791049115482613800,120.15461376953125,38.01121154509354
1791049115492572000,120.16457202148437,38.45355949551324
1791049115502529000,120.17452905273437,37.960383256612566
1791049115512487000,120.18448681640625,38.1130816795182
1791049115522444000,120.19444409179688,38.369816651230146
1791049115532402000,120.20440185546875,38.72322407600179
1791049115542358800,120.21435888671876,38.204934783746324
1791049115552317000,120.22431689453126,38.234898200619064
1791049115562274000,120.23427416992187,38.19343655051627
1791049115572232000,120.24423193359375,38.0048147113627
1791049115582188800,120.25418872070313,38.40331115321025
1791049115592147000,120.26414697265625,39.10092489143128
1791049115602104000,120.27410400390625,39.08566898989258
1791049115612062000,120.28406201171875,38.91396322089449
1791049115622018800,120.29401879882812,38.92311797043906
1791049115631977000,120.30397705078126,39.39777316034088
1791049115641934800,120.31393481445312,39.18907970641077
1791049115651892000,120.32389208984375,38.83246060011132
1791049115661849900,120.33384985351563,38.517687842479525
1791049115671806700,120.343806640625,38.89886460168557
1791049115681764900,120.35376489257813,39.04154727278611
1791049115691722000,120.36372192382812,39.08813837255799
1791049115701679900,120.37367993164062,38.99462891843084
1791049115711636700,120.38363671875,39.15833371220165
1791049115721595000,120.39359497070312,39.25193913350728
1791049115731552000,120.40355200195313,39.35132884729376
1791049115741510000,120.41351000976563,39.14210147601882
1791049115751467000,120.42346704101563,38.993713609775995
1791049115761425000,120.4334248046875,39.60264347985927
1791049115771381800,120.4433818359375,39.890863236237394
1791049115781340000,120.45333984375,40.05399084909215
1791049115791297800,120.4632978515625,40.79731407082568
1791049115801255000,120.4732548828125,40.17869115786021
1791049115811212800,120.483212890625,40.03203256382542
1791049115821170000,120.493169921875,40.20891321189645
1791049115831127800,120.5031279296875,40.51062560751198
1791049115841085000,120.5130849609375,40.946368914620805
1791049115851043000,120.52304296875,40.73549582261609
1791049115861000000,120.533,41.011929653139866
1791049115870957800,120.54295776367188,40.40657293993393
1791049115880915000,120.5529150390625,41.12072773592415
1791049115890872800,120.56287280273438,41.18697959795902
1791049115900829700,120.57282958984375,40.56382329374521
1791049115910787800,120.58278784179687,40.85790219121866
1791049115920745000,120.59274487304687,40.89577720283688
1791049115930702800,120.60270288085937,40.81560140578755
1791049115940660000,120.61265991210938,41.285222715893
1791049115950617900,120.62261791992188,41.72733857491087
1791049115960575700,120.63257568359376,41.56647437055242
1791049115970532900,120.64253295898438,41.52422061255574
1791049115980491000,120.65249096679688,41.5113755533725
1791049115990447900,120.66244775390625,42.079128517260074
1791049116000405800,120.67240576171875,41.41903568975589
1791049116010363000,120.68236279296875,41.92898842367283
1791049116020320800,120.69232080078125,41.92798796333447
1791049116030278000,120.70227783203126,42.46422437952159
1791049116040236000,120.71223608398438,42.146949225829346
1791049116050193000,120.72219287109375,41.91799810362186
1791049116060150800,120.73215087890625,41.62551762888333
1791049116070108000,120.74210791015625,41.66040976691782
1791049116080066000,120.75206616210937,42.51051094082963
1791049116090023000,120.76202294921875,42.00790849833204
1791049116099980800,120.77198071289062,41.714559216881575
1791049116109939000,120.78193896484375,41.79057370057185
1791049116119895800,120.79189575195312,41.61088322418265
1791049116129854000,120.80185400390624,41.71910988497171
1791049116139810800,120.81181079101563,41.38919510300621
1791049116149768700,120.82176879882813,41.28166963016684
1791049116159725800,120.83172583007813,40.984655676159996
1791049116169684000,120.84168408203125,41.42369145279499
1791049116179641000,120.85164111328125,40.14237238619283
1791049116189598700,120.8615986328125,40.77789195546249
1791049116199555800,120.87155590820312,40.530491645136934
1791049116209514000,120.88151391601562,40.07433847555576
1791049116219471000,120.89147119140625,40.269032239975516
1791049116229429000,120.90142895507813,39.887970553665
1791049116239385900,120.9113857421875,39.813671879176304
1791049116249344000,120.92134399414063,40.08986132818145
1791049116259300900,120.93130078125,39.37621359023515
1791049116269259000,120.94125903320312,39.42416683492022
1791049116279217000,120.951216796875,38.98439081270443
1791049116289173800,120.961173828125,38.54896304665587
1791049116299132000,120.9711318359375,38.292139611580644
1791049116309089000,120.98108911132813,37.81187474443745
1791049116319047000,120.991046875,38.753614120754065
1791049116329003800,121.00100366210937,38.14352577757593
1791049116338962000,121.0109619140625,38.419241922436285
1791049116348919000,121.0209189453125,38.35442013359923
1791049116358877000,121.030876953125,38.3099537450319
1791049116368833800,121.04083374023438,37.4538708123638
1791049116378792700,121.05079272460938,37.607238094613045
1791049116388749600,121.06074951171875,37.391774829751895
1791049116398707700,121.07070776367188,37.266702305017894
1791049116408664600,121.08066455078125,36.87694788290557
1791049116418622700,121.09062280273437,37.20151121639945
1791049116428579600,121.10057958984375,36.69928921146517
1791049116438537500,121.11053735351562,37.07670988240642
1791049116448495600,121.12049560546875,37.2585940320295
1791049116458452700,121.13045263671874,36.95748348024157
1791049116468410600,121.14041064453124,37.0621824769607
1791049116478367500,121.15036743164063,36.835990336695666
1791049116488325600,121.16032568359375,36.724658239505494
1791049116498282800,121.17028271484375,36.85309458126115
1791049116508240600,121.18024072265625,36.14005776268047
1791049116518197500,121.19019750976562,36.172237027993226
1791049116528155600,121.20015576171875,36.18728279293589
1791049116538112800,121.21011279296874,36.875778337142044
1791049116548070700,121.22007055664062,36.95596815691654
1791049116558027800,121.23002783203125,37.05084993659437
1791049116567985400,121.2399853515625,36.386456351845005
1791049116577942500,121.24994262695313,37.23156789675181
1791049116587900700,121.25990063476563,37.201555879379036
1791049116597857800,121.26985791015625,36.952309480867505
1791049116607815700,121.27981567382812,37.21469049567396
1791049116617773600,121.28977368164063,37.172343936336325
1791049116627730700,121.29973071289062,37.00774301864392
1791049116637688600,121.3096884765625,37.1847573986042
1791049116647645700,121.31964575195312,37.31406377860121
1791049116657603800,121.32960375976562,37.33614269732934
1791049116667560700,121.33956079101563,37.00187030487427
1791049116677518600,121.3495185546875,37.00187030487427
1791049116687475700,121.35947583007813,36.434532290113886
1791049116697433600,121.36943359375,36.88410014324967
1791049116707390500,121.37939038085938,36.3333393473247
1791049116717348600,121.3893486328125,36.518216463713266
1791049116727305700,121.3993056640625,36.390216247732745
1791049116737263600,121.409263671875,36.371662612488635
1791049116747220700,121.419220703125,36.05445715952049
1791049116757178600,121.4291787109375,34.749615996748474
1791049116767135700,121.4391357421875,35.51469290680578
1791049116777093600,121.44909375,35.50689713876031
1791049116787050800,121.45905078125,35.98096629704266
1791049116797008600,121.46900854492188,36.099044364332656
1791049116806966500,121.47896655273438,35.76310876425454
1791049116816923600,121.48892358398437,35.98707519827899
1791049116826881500,121.49888159179687,36.775894827132284
1791049116836838700,121.50883862304687,36.28471073370925
1791049116846796800,121.518796875,36.27293612774606
1791049116856753700,121.52875366210938,36.03083657485091
1791049116866711600,121.53871166992188,36.13353331737639
1791049116876668700,121.54866870117188,36.05865129695627
1791049116886626800,121.55862670898438,36.09077029826898
1791049116896583700,121.56858374023437,36.53836130517427
1791049116906541600,121.57854150390625,36.50746144467341
1791049116916498700,121.58849877929687,36.35829349150197
1791049116926456600,121.59845654296875,35.76037954512767
1791049116936413400,121.60841333007812,35.66777491575366
1791049116946371600,121.61837158203124,35.259839833368204
1791049116956328700,121.62832861328125,35.47009008179709
1791049116966286600,121.63828662109376,35.618421174279035
1791049116976243700,121.64824365234375,34.712869268782164
1791049116986201900,121.65820190429687,34.979437206269736
1791049116996159500,121.66815942382813,35.658595897124776
1791049117006116600,121.67811669921875,36.19151144666473
1791049117016074800,121.68807470703125,35.70473861024141
1791049117026031600,121.69803149414062,35.68186583191202
1791049117035989800,121.70798974609374,36.47594539373399
1791049117045946600,121.71794653320312,36.42760323878247
1791049117055904500,121.72790454101562,35.87185672631626
1791049117065861600,121.73786157226563,35.73372358461651
1791049117075819800,121.74781982421875,35.710382251626434
1791049117085776600,121.75777661132813,35.8489640794662
1791049117095734500,121.76773461914063,36.20694667280512
1791049117105691600,121.77769165039062,35.86897126353387
1791049117115649800,121.78764990234374,36.01041113963638
1791049117125606700,121.79760668945312,35.612841655642214
1791049117135564500,121.807564453125,34.959399458856566
1791049117145521700,121.81752172851563,34.548302558377415
1791049117155479600,121.8274794921875,34.63922896523574
1791049117165437700,121.83743774414063,34.77319675288789
1791049117175394600,121.84739453125,35.14801602687542
1791049117185352400,121.8573525390625,34.4447551649335
1791049117195309600,121.8673095703125,34.19445139605993
1791049117205267700,121.87726782226562,34.099018451061376
1791049117215224800,121.88722485351562,34.75236649244688
1791049117225182500,121.89718237304687,34.66359603756136
1791049117235139600,121.9071396484375,34.338848409769966
1791049117245097700,121.91709765625,34.94359391195603
1791049117255054600,121.9270546875,33.936463258233296
1791049117265012700,121.9370126953125,33.796476616918426
1791049117274969600,121.94696948242188,33.77565712725049
1791049117284927500,121.95692749023438,33.55165204421958
1791049117294884600,121.96688452148437,33.61588307087856
1791049117304842800,121.9768427734375,33.524521435713055
1791049117314799600,121.98679956054687,34.43511542060556
1791049117324757500,121.99675756835937,34.65750558655856
1791049117334714600,122.00671459960938,34.42422079714197
1791049117344672800,122.0166728515625,34.74765990120263
1791049117354629600,122.02662963867188,34.603126371059666
1791049117364587500,122.03658740234376,34.83025716835186
1791049117374545400,122.04654541015626,34.414712490721854
1791049117384502500,122.05650244140625,33.68761177362699
1791049117394460400,122.06646044921875,35.079370734720555
1791049117404417300,122.07641723632813,35.39775971767685
1791049117414375400,122.08637548828125,35.66222024749443
1791049117424332300,122.09633227539062,35.2419669790775
1791049117434290400,122.10629052734375,34.7575066445401
1791049117444247600,122.11624755859376,35.85018695018804
1791049117454205400,122.12620532226562,36.5599371566085
1791049117464162300,122.13616235351563,36.98617126118113
1791049117474120400,122.14612036132813,37.20997959128298
1791049117484077600,122.15607763671875,37.333661736374
1791049117494035500,122.16603540039063,38.10205947538108
1791049117503992300,122.17599243164062,38.187424415504736
1791049117513950500,122.18595043945312,38.220096643619115
1791049117523907300,122.1959072265625,38.2828232906616
1791049117533865500,122.20586547851562,38.50766590011823
1791049117543822300,122.215822265625,38.97703588055652
1791049117553780200,122.2257802734375,39.441523885416366
1791049117563738400,122.23573828125,39.11020340506291
1791049117573695500,122.24569555664063,41.02361310556896
1791049117583653400,122.2556533203125,41.02095366560137
1791049117593610200,122.2656103515625,41.6344783403051
1791049117603568400,122.275568359375,41.8403760698535
1791049117613525500,122.285525390625,41.88748335772429
1791049117623483400,122.2954833984375,41.8724258502782
1791049117633440500,122.3054404296875,41.805732838504596
1791049117643398400,122.3153984375,42.940656999469205
1791049117653355300,122.32535522460938,42.98895077690031
1791049117663313400,122.3353134765625,42.921795307618005
1791049117673270500,122.3452705078125,43.762337172418164
1791049117683228400,122.355228515625,43.57440250419697
1791049117693185300,122.36518530273437,44.12235462278274
1791049117703143400,122.37514331054687,44.58959365165624
1791049117713100500,122.3851005859375,45.03230757658155
1791049117723058400,122.39505834960937,44.9298871621789
1791049117733015300,122.40501538085938,44.62955079867433
1791049117742973400,122.41497338867188,44.5181098782092
1791049117752930300,122.42493041992188,45.12851019725193
1791049117762888400,122.43488842773438,44.765232596774545
1791049117772845600,122.44484545898437,45.10658656016161
1791049117782803200,122.45480322265625,45.63554720867207
1791049117792761300,122.46476123046875,46.10171476324581
1791049117802718500,122.47471850585937,45.6009666091176
1791049117812676400,122.48467626953125,45.89814928626301
1791049117822633500,122.49463354492187,46.171829215030805
1791049117832591400,122.50459130859375,46.10599486799918
1791049117842548500,122.51454858398438,45.99622234818509
1791049117852506400,122.52450634765626,44.67002596523285
1791049117862463500,122.53446337890625,45.50824602865276
1791049117872421400,122.54442138671875,46.31939148241844
1791049117882378200,122.55437817382813,46.511429698406744
1791049117892336400,122.56433642578125,47.22926252480532
1791049117902293500,122.57429345703125,46.58963887724946
1791049117912251400,122.58425146484375,46.67409315398152
1791049117922208300,122.59420825195312,47.25035027937824
1791049117932166400,122.60416650390626,47.54298533451251
1791049117942123500,122.61412353515625,47.16911807429489
1791049117952081400,122.62408129882813,47.27917356736545
1791049117962038300,122.63403833007813,46.455853692578074
1791049117971996400,122.64399633789063,47.41340967667941
1791049117981954300,122.65395434570313,46.87377145428382
1791049117991911400,122.66391137695312,47.15000230378605
1791049118001869600,122.67386962890625,47.184973095298695
1791049118011826200,122.683826171875,47.003596352200184
1791049118021784300,122.69378442382812,47.35737894051722
1791049118031741400,122.70374145507813,47.144239269001346
1791049118041699300,122.71369921875,47.25149992299607
1791049118051656400,122.72365649414063,46.99509243505576
1791049118061614600,122.73361450195313,46.70020182816227
1791049118071571500,122.74357153320312,47.06249731427013
1791049118081529300,122.753529296875,46.75463355495301
1791049118091486500,122.76348657226562,46.69038718809983
1791049118101444600,122.77344458007812,46.63944600988481
1791049118111401200,122.78340112304687,46.135182432148554
1791049118121359400,122.793359375,46.609472374325286
1791049118131316500,122.80331640625,46.21256042479364
1791049118141274400,122.8132744140625,46.40290199182331
1791049118151231200,122.82323120117188,47.21609398933156
1791049118161189400,122.833189453125,47.50640894164183
1791049118171146500,122.843146484375,47.45422595663926
1791049118181104400,122.8531044921875,47.33380900102825
1791049118191061500,122.8630615234375,48.13813664423633
1791049118201019400,122.87301928710937,47.721529257392625
1791049118210977300,122.88297729492187,47.611092977084844
1791049118220934400,122.89293432617187,47.79278290422423
1791049118230892500,122.902892578125,47.899538462733325
1791049118240849400,122.91284936523438,47.733083855600206
1791049118250807300,122.92280737304688,47.352602175747315
1791049118260764400,122.93276440429688,47.18549910926482
1791049118270722300,122.94272241210938,47.18736091638992
1791049118280679400,122.95267944335937,46.95351288560071
1791049118290637600,122.96263745117187,47.32820576710905
1791049118300594400,122.97259448242187,46.56628237853718
1791049118310552300,122.98255224609375,46.87382912360909
1791049118320509400,122.99250952148438,47.23870553645861
1791049118330467600,123.00246752929688,47.03911271274629
1791049118340424200,123.01242407226563,46.026419015965885
1791049118350382300,123.02238232421875,46.249562447477125
1791049118360339500,123.03233935546875,46.63727526291789
1791049118370297300,123.04229736328125,47.14505985144377
1791049118380253400,123.05225341796876,46.26698514351616
1791049118390211600,123.06221166992188,47.203315790107354
1791049118400168700,123.07216870117188,47.37360802159765
1791049118410126300,123.08212622070313,47.51089008318629
1791049118420083500,123.09208349609375,47.672560068218885
1791049118430041600,123.10204150390625,50.47806990681229
1791049118439998700,123.11199877929687,51.69584978907792
1791049118449956600,123.12195654296875,52.31416242188969
1791049118459914500,123.13191455078125,51.71921901250991
1791049118469871600,123.14187158203126,52.58094759296337
1791049118479829500,123.15182958984374,52.74459487412382
1791049118489786600,123.16178662109375,53.292042261665344
1791049118499744800,123.17174487304688,53.38054817598519
1791049118509701400,123.18170141601563,53.08157288848647
1791049118519659500,123.19165942382813,53.00877510114282
1791049118529616600,123.20161669921875,52.70961954934099
1791049118539574500,123.21157446289062,53.58103128950962
1791049118549531400,123.22153149414062,53.716716127095665
1791049118559489500,123.23148950195312,53.51329882066205
1791049118569446700,123.24144677734375,53.44028990575622
1791049118579404500,123.25140454101563,53.30897757937171
1791049118589361700,123.26136157226563,53.569575907774805
1791049118599319600,123.27131958007813,53.792916804649145
1791049118609276400,123.2812763671875,54.154498249397946
1791049118619234600,123.29123461914062,54.58381338723782
1791049118629191700,123.30119165039062,54.246182082217175
1791049118639149600,123.31114965820312,53.99100962262122
1791049118649106400,123.3211064453125,54.289726187060985
1791049118659064600,123.33106469726563,55.04658909869443
1791049118669021700,123.34102172851563,54.793555390361604
1791049118678979600,123.3509794921875,54.516398939023716
1791049118688937700,123.36093774414063,54.99020636090478
1791049118698894600,123.37089453125,55.36950508180486
1791049118708852500,123.3808525390625,54.85367120473322
1791049118718809600,123.3908095703125,54.90995894419882
1791049118728767700,123.40076782226562,55.41724830687981
1791049118738724400,123.41072436523437,55.851785813310734
1791049118748682500,123.4206826171875,55.70770774761472
1791049118758639600,123.4306396484375,55.44628388180628
1791049118768597500,123.44059741210937,55.67365893997533
1791049118778554600,123.4505546875,55.88064275870749
1791049118788512500,123.46051245117188,55.91155991993358
1791049118798469600,123.4704697265625,55.671506673778694
1791049118808427500,123.48042749023438,55.311821411174556
1791049118818384600,123.49038452148437,56.905478831849145
1791049118828342800,123.5003427734375,56.82624901614563
1791049118838299400,123.51029931640625,56.88905795848408
1791049118848257500,123.52025756835937,55.52550233082716
1791049118858214700,123.53021459960938,56.51592328570372
1791049118868172500,123.54017260742188,56.99967970731396
1791049118878129400,123.55012939453125,57.168073047017806
1791049118888087600,123.56008764648438,57.89236905980485
1791049118898044700,123.57004467773437,57.536156054831544
1791049118908002600,123.58000244140625,57.38977443610146
1791049118917959400,123.58995947265625,58.278581717492806
1791049118927917600,123.59991748046875,57.80309598105716
1791049118937874400,123.60987451171874,57.31658428119905
1791049118947832600,123.61983251953124,57.448374709934114
1791049118957790700,123.62979077148438,57.83816503239364
1791049118967747300,123.63974731445313,57.9249075357738
1791049118977705500,123.64970556640625,57.306376612601106
1791049118987662600,123.65966259765625,57.67484563790498
1791049118997620500,123.66962036132813,56.72055248897975
1791049119007577600,123.67957763671875,57.252634454549515
1791049119017535500,123.68953540039062,57.07145173347658
1791049119027492600,123.69949267578124,57.06464003628407
1791049119037450500,123.70945043945312,57.91581291455311
1791049119047407600,123.71940771484375,57.65328535317199
1791049119057365800,123.72936572265625,57.7393612323504
1791049119067322400,123.739322265625,58.14807898679026
1791049119077280500,123.74928051757813,58.066043316873525
1791049119087237600,123.75923754882812,57.71106786508044
1791049119097195500,123.76919555664062,57.53073545766272
1791049119107152400,123.77915234375,57.11712296667347
1791049119117110500,123.78911059570312,57.70316229620788
1791049119127067600,123.79906762695313,57.5347064927089
1791049119137025500,123.80902563476562,57.2209746624523
1791049119146982700,123.81898266601563,57.43570572508342
1791049119156940500,123.8289404296875,57.22088765296845
1791049119166897400,123.8388974609375,57.22088765296845
1791049119176855600,123.84885546875,57.120685979931885
1791049119186812700,123.85881274414062,57.17052214654847
1791049119196770600,123.8687705078125,57.66453937364761
1791049119206727400,123.8787275390625,57.39597526436897
1791049119216685600,123.888685546875,57.45015835342558
1791049119226642700,123.898642578125,55.09736313436624
1791049119236600600,123.9086005859375,54.75421417732705
1791049119246558700,123.91855883789063,54.88594014607204
1791049119256515600,123.928515625,54.76689113077335
1791049119266473500,123.93847338867188,54.915801551323426
1791049119276430600,123.9484306640625,55.36879104012026
1791049119286388700,123.958388671875,55.11973109999399
1791049119296345600,123.968345703125,54.76539965908415
1791049119306303500,123.97830346679687,55.12933728639924
1791049119316260600,123.98826049804687,54.95200288664526
1791049119326218500,123.99821850585937,54.99650193678142
1791049119336175600,124.00817553710938,54.66956475498993
1791049119346133500,124.01813354492188,54.676283703607936
1791049119356090600,124.02809057617188,54.49120410402568
1791049119366048500,124.03804858398438,54.12236793070089
1791049119376006000,124.048005859375,52.959369590052454
1791049119385963800,124.0579638671875,53.63234994789242
1791049119395920600,124.06792065429687,53.74989805735949
1791049119405878800,124.07787866210937,53.82954065500216
1791049119415836000,124.0878359375,54.08218995085647
1791049119425793800,124.09779370117188,53.547654355607165
1791049119435750700,124.10775073242188,53.159018748339015
1791049119445708800,124.11770874023438,52.90570464722104
1791049119455666000,124.127666015625,53.215274902391194
1791049119465623800,124.13762377929687,52.959289493665416
1791049119475580700,124.14758056640625,52.898338921327664
1791049119485538800,124.15753881835937,52.66833497436621
1791049119495495700,124.16749560546874,52.81024843302249
1791049119505453800,124.17745385742188,52.713421101658504
1791049119515410700,124.18741064453125,53.964141203355844
1791049119525368600,124.19736865234376,53.15275882216437
1791049119535325700,124.20732568359375,52.751073732603324
1791049119545283800,124.21728393554687,51.7430883868559
1791049119555241000,124.22724096679687,52.55660261716888
1791049119565198600,124.23719848632813,52.22951964494901
1791049119575155700,124.24715576171874,52.028361898772545
1791049119585113900,124.25711376953124,52.21136146967966
1791049119595071700,124.26707177734374,52.49999504161145
1791049119605028900,124.27702880859376,52.2259112160779
1791049119614986800,124.28698681640626,51.600182825464955
1791049119624943600,124.29694360351563,51.96359366382241
1791049119634901800,124.30690185546875,51.78148049359275
1791049119644859000,124.31685888671875,51.856802650606255
1791049119654816800,124.32681665039063,51.44838816905916
1791049119664773600,124.33677368164062,51.49046271592865
1791049119674731800,124.34673168945312,51.732555613499784
1791049119684689000,124.35668896484376,51.25112008045
1791049119694646800,124.36664672851562,49.418056478449
1791049119704603600,124.37660375976563,50.26677915214229
1791049119714561800,124.38656176757813,50.46695439718224
1791049119724518700,124.3965185546875,51.08340210919277
1791049119734476800,124.40647680664063,50.844924707763745
1791049119744434000,124.41643383789062,50.91588686613875
1791049119754391600,124.4263916015625,50.925999259925526
1791049119764348700,124.4363486328125,50.82147910409077
1791049119774306800,124.44630688476562,50.21267400626622
1791049119784264000,124.45626391601563,50.52972377413079
1791049119794221800,124.46622192382813,50.562669850073775
1791049119804178700,124.4761787109375,50.04295688726683
1791049119814136800,124.48613671875,49.27840064152026
1791049119824093700,124.49609375,49.47782362030122
1791049119834051800,124.5060517578125,49.82286182701721
1791049119844008700,124.5160087890625,49.60324400464934
1791049119853966600,124.52596655273437,48.854242809228815
1791049119863923700,124.535923828125,48.719162321835924
1791049119873881900,124.5458818359375,48.841026227664514
1791049119883838700,124.55583862304688,48.73104767723298
1791049119893796600,124.56579663085938,48.08358460968735
1791049119903753700,124.57575366210938,47.687254439729735
1791049119913711900,124.5857119140625,47.37226681649357
1791049119923668700,124.59566870117187,47.05367858849854
1791049119933626600,124.60562670898437,47.31957086513764
1791049119943584800,124.61558471679687,47.04156690881652
1791049119953541600,124.62554174804687,47.08759844830042
1791049119963499800,124.63549975585937,46.707842880733786
1791049119973457000,124.64545678710938,46.11612724033551
1791049119983414800,124.65541479492188,46.69459303553259
1791049119993371600,124.66537158203126,47.16788895597301
1791049120003329800,124.67532983398438,47.69312525634412
1791049120013287000,124.68528686523437,47.525459151071644
1791049120023244800,124.69524487304687,47.20058464435035
1791049120033201700,124.70520166015625,45.759392249946266
1791049120043159800,124.71515991210937,46.30417672176057
1791049120053116700,124.72511669921874,46.33718585864437
1791049120063074800,124.73507470703125,45.85958350084847
1791049120073031700,124.74503173828126,45.92641422242188
1791049120082989600,124.75498950195312,46.27660250612095
1791049120092946700,124.76494677734375,45.601481925838414
1791049120102904800,124.77490478515625,46.02669939910284
1791049120112862000,124.78486206054687,45.982849970931056
1791049120122819600,124.79481958007813,45.35867479304032
1791049120132776700,124.80477661132812,45.62560296179079
1791049120142734800,124.81473486328125,45.69620656271061
1791049120152692000,124.82469189453126,44.87082030836525
1791049120162649900,124.83464990234376,44.34545324259545
1791049120172606700,124.84460668945313,44.591721346380524
1791049120182564600,124.85456469726563,44.78667406156093
1791049120192521700,124.86452172851563,45.26498453811943
1791049120202479900,124.87447998046875,45.08105267294716
1791049120212436700,124.88443676757812,45.451766341863916
1791049120222394600,124.89439453125,44.808795429180556
1791049120232351700,124.90435180664062,44.305186051522774
1791049120242310000,124.91430981445312,44.859402200936024
1791049120252267000,124.92426708984375,45.01288640838606
1791049120262224600,124.934224609375,45.84745566524523
1791049120272181800,124.944181640625,46.03354216907106
1791049120282140000,124.95413989257813,45.913651477365775
1791049120292096800,124.9640966796875,45.874566446304925
1791049120302055000,124.97405493164062,46.29322692960955
1791049120312011800,124.98401171875,46.27686141637446
1791049120321969700,124.9939697265625,45.31359262336883
1791049120331926800,125.0039267578125,45.810148203051156
1791049120341885000,125.01388500976563,45.28577234612185
1791049120351842800,125.0238427734375,46.29663826498547
1791049120361799700,125.03379956054688,45.63612419873879
1791049120371757800,125.0437578125,46.445434652756454
1791049120381715000,125.05371484375,45.947287787932524
1791049120391672800,125.0636728515625,46.97738355404521
1791049120401629700,125.07362963867187,46.45868766803081
1791049120411587800,125.083587890625,47.53622140370463
1791049120421544700,125.09354467773437,46.997490626700746
1791049120431502800,125.1035029296875,47.779489880860254
1791049120441459700,125.11345971679688,47.02120411188319
1791049120451417600,125.12341748046875,47.746559710050555
1791049120461374700,125.13337475585938,48.13353691455956
1791049120471332900,125.14333276367188,48.177445162640744
1791049120481290000,125.1532900390625,48.0703576465016
1791049120491247600,125.16324755859375,48.27989539614515
1791049120501204700,125.17320483398437,48.58464118086222
1791049120511163000,125.18316284179687,48.57319258562027
1791049120521119700,125.19311962890625,48.10615556236347
1791049120531078000,125.20307788085937,47.78412135069419
1791049120541034800,125.21303466796876,47.77180817914582
1791049120550992600,125.22299267578126,46.7069231887478
1791049120560949800,125.23294970703125,47.64291852488399
1791049120570908000,125.24290795898438,48.07429113725308
1791049120580864800,125.25286474609375,48.05130470538383
1791049120590822700,125.26282275390625,48.227218446273206
1791049120600779800,125.27277978515625,47.54393702971365
1791049120610738000,125.28273803710937,47.39194628673695
1791049120620694800,125.29269482421876,47.10967793460439
1791049120630652700,125.30265258789062,47.64368420353509
1791049120640609800,125.31260986328125,46.88606318395212
1791049120650567700,125.32256762695313,47.772961853258316
1791049120660524800,125.33252490234375,48.42361938314136
1791049120670483000,125.34248291015625,48.07975498353372
1791049120680439800,125.35243969726562,48.94146242373449
1791049120690397700,125.36239770507812,48.279678317428846
1791049120700354800,125.37235473632812,48.39221633481214
1791049120710313000,125.38231298828126,48.231945348147356
1791049120720269600,125.39226953125,48.783881599636196
1791049120730227700,125.40222778320313,47.69871973458141
1791049120740184800,125.41218481445313,47.901716439919014
1791049120750142700,125.42214282226563,48.816154294864724
1791049120760099800,125.43209985351562,48.8004970937074
1791049120770057700,125.4420576171875,48.91716420331527
1791049120780014800,125.45201489257812,48.61986205242924
1791049120789972700,125.46197265625,48.95925901524147
1791049120799929900,125.47192993164063,47.94598111448052
1791049120809888000,125.48188793945313,49.10401290600289
1791049120819844600,125.4918447265625,49.53204982811334
1791049120829802800,125.501802734375,49.16989873358929
1791049120839760000,125.511759765625,49.24498876993058
1791049120849717800,125.5217177734375,48.763888755945324
1791049120859674600,125.53167456054688,48.74163678185866
1791049120869632800,125.5416328125,47.91683006144737
1791049120879590000,125.55158984375,48.310477534860574
1791049120889547800,125.5615478515625,47.3693343198335
1791049120899506000,125.571505859375,47.79909802060073
1791049120909462800,125.581462890625,48.49882260114062
1791049120919420700,125.59142065429687,47.827683197609495
1791049120929377800,125.60137768554688,48.33615896875304
1791049120939336000,125.6113359375,48.325354844989455
1791049120949292500,125.62129248046875,47.89047463001478
1791049120959250700,125.63125073242188,46.92475544418239
1791049120969207800,125.64120776367187,47.1601667459213
1791049120979165700,125.65116577148437,47.554801320543405
1791049120989122800,125.66112280273437,47.53725276719792
1791049120999080700,125.67108081054687,48.02774499438889
1791049121009037800,125.68103784179688,48.24962339869657
1791049121018995700,125.69099560546876,48.16976115536965
1791049121028952800,125.70095288085938,47.24826657239293
1791049121038911000,125.71091088867188,47.92568015735735
1791049121048867600,125.72086767578125,48.25424352878181
1791049121058825700,125.73082568359375,48.30941408576589
1791049121068782800,125.74078295898437,48.07681252100647
1791049121078740700,125.75074072265625,48.11130194266318
1791049121088697600,125.76069750976562,48.26073803501569
1791049121098655700,125.77065576171876,47.11866964051856
1791049121108612900,125.78061279296875,47.700153135574105
1791049121118570800,125.79057080078125,47.96912803199276
1791049121128528000,125.80052783203125,47.15738910003362
1791049121138485800,125.81048583984375,47.232623684364654
1791049121148442600,125.82044262695312,46.81325056935732
1791049121158400800,125.83040087890625,47.11723269416863
1791049121168358000,125.84035791015626,45.90982806669102
1791049121178315800,125.85031567382812,46.532973571688274
1791049121188272600,125.86027270507813,47.23100968918571
1791049121198230800,125.87023071289063,46.746017030225794
1791049121208188000,125.88018798828125,46.81801484045097
1791049121218145800,125.89014575195313,46.2264951125108
1791049121228102700,125.9001025390625,46.210305877546084
1791049121238060800,125.91006079101562,45.117327320641856
1791049121248017700,125.920017578125,45.108203129715605
1791049121257975800,125.92997583007812,45.57726803483856
1791049121267932700,125.9399326171875,45.503071599507635
1791049121277890600,125.949890625,45.356529902567075
1791049121287847700,125.95984765625,44.831540771100585
1791049121297805800,125.96980590820313,45.024924172614064
1791049121307763000,125.97976293945312,45.45345801607234
1791049121317720600,125.98972045898438,44.54203836759382
1791049121327677700,125.999677734375,44.207505978961365
1791049121337635800,126.0096357421875,44.70652247133541
1791049121347592700,126.0195927734375,44.90556002553453
1791049121357550800,126.02955078125,43.858260033857654
1791049121367507700,126.0395078125,44.814460885986804
1791049121377466600,126.04946655273437,44.9482834212078
1791049121387423700,126.059423828125,45.345363476975116
1791049121397382000,126.0693818359375,45.13991194004186
1791049121407338500,126.07933837890624,44.60770060745913
1791049121417296600,126.08929663085938,44.83423880286656
1791049121427253800,126.09925366210938,45.458004643618146
1791049121437211600,126.10921166992188,45.16678870425171
1791049121447168500,126.11916845703125,44.626447675756516
1791049121457126700,126.12912670898437,44.090252735393456
1791049121467083800,126.13908374023437,44.29557343919685
1791049121477041700,126.14904174804687,43.476435903805324
1791049121486998800,126.15899877929688,44.02529557854642
1791049121496956700,126.16895678710938,44.08809903664431
1791049121506913500,126.17891357421875,43.789587438719366
1791049121516871700,126.18887158203125,43.65833143055695
1791049121526828800,126.19882885742187,42.29157363408306
1791049121536786700,126.20878662109375,42.506316788945554
1791049121546743600,126.21874365234375,42.89907052304566
1791049121556701700,126.22870166015625,42.57903084413833
1791049121566658800,126.23865893554688,42.8778612519672
1791049121576616700,126.24861669921874,42.219758818138224
1791049121586573600,126.25857348632813,42.24903285992863
1791049121596531700,126.26853173828125,42.14356389559558
1791049121606488800,126.27848876953125,42.14356389559558
1791049121616446700,126.28844677734375,42.04953984782622
1791049121626403600,126.29840356445312,42.17772305379302
1791049121636361500,126.30836157226562,42.165601924891476
1791049121646318600,126.31831860351562,42.118594068297284
1791049121656276700,126.32827685546874,41.02776773081478
1791049121666233900,126.33823388671875,41.22920622256337
1791049121676191500,126.34819140625,41.944542606819184
1791049121686148600,126.35814868164063,41.729301001144904
1791049121696106800,126.36810668945313,41.79202202371254
1791049121706064000,126.37806396484375,41.96021941192594
1791049121716021800,126.38802172851562,42.39694456031285
1791049121725978600,126.397978515625,42.789736966768245
1791049121735936800,126.40793676757812,42.090265272790674
1791049121745893600,126.4178935546875,41.90975540854835
1791049121755851800,126.42785180664063,41.908877193117426
1791049121765808600,126.43780859375,42.134515816585264
1791049121775766500,126.4477666015625,41.14011419661764
1791049121785723600,126.4577236328125,41.043947907802504
1791049121795681800,126.46768188476562,41.14665669202361
1791049121805639000,126.47763891601562,40.950715641932526
1791049121815596500,126.48759643554688,41.14682504633241
1791049121825553700,126.4975537109375,40.43845283269282
1791049121835511800,126.50751171875,40.94429958121714
1791049121845468700,126.51746875,40.89132501216471
1791049121855426800,126.5274267578125,40.79572488827184
1791049121865383700,126.5373837890625,40.37391203415425
1791049121875341600,126.54734155273438,40.58480127635413
1791049121885298700,126.55729858398438,40.59832096684165
1791049121895256800,126.5672568359375,38.95555047612213
1791049121905213700,126.57721362304687,39.55639933052744
1791049121915171600,126.58717163085937,39.797914246833685
1791049121925129700,126.59712963867187,40.22093762475268
1791049121935086800,126.6070869140625,40.18757779556752
1791049121945043700,126.61704370117188,39.584272379369715
1791049121955001600,126.62700170898438,39.69404511198552
1791049121964958700,126.63695874023438,39.99803677800083
1791049121974916600,126.64691650390625,39.41008561297644
1791049121984874800,126.65687475585938,39.50360030419229
1791049121994832000,126.66683178710937,39.467581032688464
1791049122004788700,126.67678881835937,40.07205232424956
1791049122014746600,126.68674658203125,40.05018103345956
1791049122024703700,126.69670385742188,40.402646493363235
1791049122034662000,126.70666186523438,40.21094351061016
1791049122044619800,126.71661987304688,39.75849461340183
1791049122054576600,126.72657666015625,39.74759705854535
1791049122064534800,126.73653466796875,39.347492349080795
1791049122074491600,126.74649169921875,40.02755833995908
1791049122084449800,126.75644970703125,39.930513634585886
1791049122094406700,126.76640673828125,39.411840963120724
1791049122104363800,126.77636376953124,39.66851373778661
1791049122114321700,126.78632177734374,39.14152817856835
1791049122124279800,126.79627978515624,40.199778720639785
1791049122134236700,126.80623657226562,41.18788537869042
1791049122144194600,126.81619458007812,40.318339915740765
1791049122154151700,126.82615161132813,39.972153701392024
1791049122164108800,126.83610888671875,39.97391701545141
1791049122174066700,126.84606665039063,40.601874980607406
1791049122184024600,126.85602465820313,39.958516978850284
1791049122193981700,126.86598168945312,41.02816122306891
1791049122203939600,126.87593969726562,41.27443374002837
1791049122213896700,126.88589672851562,40.81191772325838
1791049122223854800,126.89585473632812,41.290945887652505
1791049122233811700,126.90581176757813,40.73709387094887
1791049122243768600,126.9157685546875,41.33119683400598
1791049122253726700,126.92572680664063,40.919194054180906
1791049122263684900,126.93568481445313,41.07661371366669
1791049122273641500,126.94564135742188,41.25798651581704
1791049122283599600,126.955599609375,40.92572679136763
1791049122293556700,126.965556640625,41.05420400112837
1791049122303514600,126.9755146484375,40.99635643823411
1791049122313471700,126.9854716796875,41.471896922058015
1791049122323429600,126.9954296875,41.8502133568884
1791049122333386800,127.00538671875,41.24812981794847
1791049122343344600,127.0153447265625,41.23908236901418
1791049122353301800,127.0253017578125,41.45785281224271
1791049122363258600,127.03525854492187,41.2175673986406
1791049122373216500,127.04521655273437,40.61009129212066
1791049122383173600,127.05517358398437,40.751579620778834
1791049122393130500,127.06513061523438,40.235472772518484
1791049122403088600,127.07508862304688,40.67541672778398
1791049122413045800,127.08504565429688,40.690939465468546
1791049122423002600,127.09500268554687,40.29881065775525
1791049122432960800,127.10496069335937,41.501995996294774
1791049122442917600,127.11491772460937,41.7507219158409
1791049122452875500,127.12487548828125,41.67434730260803
1791049122462833700,127.13483374023437,41.55212761281843
1791049122472790800,127.14479077148438,41.08721445524741
1791049122482747600,127.15474755859375,41.2942996116358
1791049122492705500,127.16470556640625,41.651687646921864
1791049122502662700,127.17466259765625,41.288808293580466
1791049122512620800,127.18462084960937,41.27047118824574
1791049122522578700,127.19457861328125,41.295746809595656
1791049122532535600,127.20453564453125,41.74393510118296
1791049122542492700,127.21449267578124,40.957510790425964
1791049122552450600,127.22445043945312,40.90271892424436
1791049122562408700,127.23440869140624,41.5520913641878
1791049122572365800,127.24436572265626,41.588722149740676
1791049122582323500,127.25432348632812,41.95885855652033
1791049122592280600,127.26428051757813,41.43000398322881
1791049122602237700,127.27423779296875,42.171894780903884
1791049122612195800,127.28419580078125,42.63128178847183
1791049122622152400,127.29415234375,42.05972019232066
1791049122632110600,127.30411059570312,42.18652066170898
1791049122642067700,127.31406762695312,42.335719434693424
1791049122652025600,127.32402563476562,42.564606087085885
1791049122661982500,127.333982421875,42.489926103203736
1791049122671940600,127.34394067382813,42.50088276416363
1791049122681897700,127.35389770507813,42.21925552431219
1791049122691855600,127.36385571289063,42.64520430128671
1791049122701812700,127.37381274414062,42.266634071113444
1791049122711770600,127.3837705078125,42.96519153917865
1791049122721727500,127.3937275390625,41.90087709774813
1791049122731685600,127.403685546875,42.68152197175564
1791049122741642800,127.41364282226563,41.89217539128013
1791049122751600600,127.4236005859375,42.85624215172719
1791049122761557500,127.4335576171875,42.07455514438991
1791049122771515600,127.443515625,42.57001578202039
1791049122781472800,127.45347265625,41.854946351407484
1791049122791430700,127.4634306640625,42.14211714679884
1791049122801387500,127.47338745117187,42.00292854164895
1791049122811345700,127.483345703125,42.03030024029871
1791049122821302500,127.49330249023437,41.73420273285594
1791049122831260700,127.5032607421875,41.73210632752348
1791049122841217800,127.5132177734375,40.836447868238096
1791049122851175400,127.52317553710938,40.34206929826329
1791049122861132500,127.53313256835938,39.70505946607802
1791049122871090700,127.54309057617188,40.36396926782434
1791049122881047800,127.5530478515625,41.26835915066219
1791049122891005700,127.56300561523437,41.50952145346382
1791049122900962600,127.57296264648437,41.88062332225912
1791049122910920700,127.58292065429687,42.0717932461567
1791049122920877600,127.59287768554688,41.32921942079897
1791049122930835700,127.60283569335938,41.32921942079897
1791049122940792600,127.61279248046876,41.44502437576251
1791049122950749700,127.62274975585937,41.56701960108007
1791049122960707600,127.63270751953125,42.545502817258246
1791049122970664700,127.64266479492187,42.1443295903198
1791049122980622600,127.65262255859375,42.507834229352476
1791049122990579700,127.66257983398438,41.88719436174814
1791049123000537600,127.67253759765624,41.961923620574595
1791049123010494700,127.68249462890626,42.07800687848536
1791049123020452900,127.69245288085938,42.3466126581734
1791049123030409500,127.70240942382813,42.49384054615091
1791049123040367600,127.71236767578125,41.5963587457909
1791049123050324700,127.72232470703125,41.80428156335938
1791049123060282600,127.73228271484375,41.445932669725444
1791049123070239500,127.74223950195312,41.037573931730954
1791049123080197600,127.75219775390624,41.80442997676556
1791049123090154800,127.76215478515626,41.23536132023926
1791049123100112600,127.77211254882812,41.40980636343287
1791049123110069800,127.78206982421875,41.52979327332618
1791049123120027600,127.79202758789063,41.20618707863286
1791049123129984500,127.80198461914063,41.55214828881908
1791049123139942700,127.81194262695313,41.23849748311184
1791049123149899800,127.82189965820312,41.4509611569082
1791049123159857700,127.83185766601562,41.08290089975753
1791049123169814500,127.841814453125,40.74041572946693
1791049123179772700,127.85177270507812,40.85588271004862
1791049123189729800,127.86172973632813,40.79891354930955
1791049123199687700,127.87168774414063,41.566045631069194
1791049123209644500,127.88164453125,41.33175638000675
1791049123219602700,127.89160278320313,41.13271759672825
1791049123229559600,127.9015595703125,41.509289857032726
1791049123239517700,127.911517578125,41.76747954790996
1791049123249474600,127.921474609375,42.49820275771878
1791049123259432400,127.93143237304687,42.635123051340315
1791049123269389600,127.9413896484375,42.609803731269345
1791049123279347700,127.95134765625,42.94840857979392
1791049123289304800,127.96130493164063,42.58220744912339
1791049123299262700,127.9712626953125,42.29516996922509
1791049123309219600,127.98121948242188,42.17410936811709
1791049123319177700,127.991177734375,42.19924444950727
1791049123329134600,128.00113452148437,41.87903654872926
1791049123339092700,128.0110927734375,41.87903654872926
1791049123349049600,128.02104956054689,41.63409454528688
1791049123359007500,128.03100756835937,41.98519211577648
1791049123368964600,128.04096459960937,41.74011406787366
1791049123378922800,128.0509228515625,41.32773098450004
1791049123388880100,128.06088012695312,41.38868706852586
1791049123398838000,128.07083813476564,41.129164386675974
1791049123408795100,128.08079516601563,41.97060666134617
1791049123418753000,128.0907529296875,42.04096510395989
1791049123428710100,128.10071020507812,42.42761242154859
1791049123438668300,128.11066821289063,42.397393357652014
1791049123448625200,128.12062524414063,42.40378332592252
1791049123458583000,128.1305830078125,42.05941707218008
1791049123468540200,128.1405400390625,41.53272872070239
1791049123478498300,128.15049829101562,41.48758144310261
1791049123488455200,128.160455078125,41.60521851605452
1791049123498413000,128.1704130859375,40.87610926967977
1791049123508370200,128.1803701171875,41.62411068339331
1791049123518328000,128.190328125,41.411347910223455
1791049123528285000,128.20028491210937,41.22253201601035
1791049123538243000,128.2102431640625,40.96722367128374
1791049123548200200,128.2202001953125,41.011215735419874
1791049123558158000,128.23015795898436,40.84071823627784
1791049123568115200,128.240115234375,40.98718279646554
1791049123578073300,128.2500732421875,41.074520588156346
1791049123588030200,128.2600302734375,41.55369990889469
1791049123597988000,128.26998803710939,40.796880743582804
1791049123607945200,128.2799453125,40.98343686078087
1791049123617903400,128.2899033203125,40.2133741483186
1791049123627860000,128.29985986328126,40.49978343175007
1791049123637818000,128.30981811523438,40.33521874436419
1791049123647775200,128.31977514648437,40.67392579627726
1791049123657733000,128.3297331542969,40.454077341532894
1791049123667690000,128.33968994140625,40.641998637488285
1791049123677648100,128.34964819335937,40.652587094078214
1791049123687605200,128.35960522460937,41.6330090550636
1791049123697563100,128.36956323242188,40.75953204909334
1791049123707520300,128.37952026367188,41.05262874861207
1791049123717478100,128.38947802734376,40.5717461945203
1791049123727435000,128.39943505859375,40.409110652958
1791049123737393200,128.40939306640624,40.625032964314684
1791049123747350300,128.41935034179687,40.754629511817484
1791049123757308200,128.42930810546875,40.46893838607738
1791049123767265000,128.43926513671875,40.613070370777336
1791049123777223200,128.44922314453126,39.24245797660866
1791049123787180300,128.45918017578126,39.7038585721924
1791049123797138200,128.46913818359374,39.24962836745148
1791049123807095000,128.47909497070313,39.75945291550576
1791049123817053200,128.48905322265625,39.40384727104076
1791049123827010000,128.4990100097656,39.02807189767241
1791049123836968200,128.50896826171876,39.86425369163218
1791049123846925300,128.51892529296876,39.78957562352287
1791049123856883000,128.52888305664064,40.427385868055744
1791049123866841000,128.53884106445312,39.899786336208074
1791049123876798200,128.54879809570312,39.15458197147635
1791049123886755300,128.55875537109375,39.66664890752625
1791049123896713200,128.56871313476563,39.64444608621944
1791049123906670000,128.57867016601563,39.65418207796792
1791049123916628200,128.5886281738281,39.302853247904004
1791049123926585000,128.59858520507814,39.40958041375896
1791049123936543200,128.60854321289062,39.20641707510284
1791049123946501400,128.61850146484375,39.089117909690614
1791049123956458000,128.6284580078125,38.77781269819802
1791049123966416100,128.638416015625,38.539320813149544
1791049123976373200,128.64837329101562,37.75167937760601
1791049123986331100,128.6583310546875,38.80387384120457
1791049123996288000,128.6682880859375,38.295074839580124
1791049124006246100,128.67824609375,38.73036139273011
1791049124016203300,128.68820336914064,37.98144666399519
1791049124026161200,128.6981611328125,37.693676679116734
1791049124036118000,128.70811791992188,38.23951350557539
1791049124046076200,128.718076171875,37.917188184703804
1791049124056033000,128.7280329589844,38.100781766407586
1791049124065991200,128.7379912109375,37.992716181317974
1791049124075948300,128.7479482421875,38.540120170809885
1791049124085906000,128.75790600585938,39.00001350080503
1791049124095863000,128.76786303710938,38.49854723379015
1791049124105821200,128.7778212890625,38.88156710725054
1791049124115778300,128.7877783203125,38.876338641985924
1791049124125736200,128.79773608398438,38.87917609275234
1791049124135693000,128.80769311523437,38.6669734061101
1791049124145651200,128.8176511230469,38.39153338395669
1791049124155608000,128.82760815429688,38.57278106603603
1791049124165566200,128.83756616210937,38.480120675102036
1791049124175523000,128.84752319335936,37.953484475865686
1791049124185481000,128.85748095703124,38.193580303638605
1791049124195438000,128.86743798828124,37.25598765529636
1791049124205396200,128.87739624023436,38.03128912066659
1791049124215353300,128.8873532714844,37.33159839249034
1791049124225311000,128.89731103515626,37.79323035243961
1791049124235268000,128.90726806640626,36.975859347645866
1791049124245226200,128.91722631835938,37.379739392820596
1791049124255183000,128.92718310546874,37.499778021964595
1791049124265141200,128.93714135742186,36.8577977411334
1791049124275098000,128.94709814453125,36.916249325966895
1791049124285056000,128.95705590820313,37.37820015718471
1791049124295013000,128.96701318359376,36.71957857695352
1791049124304971300,128.97697119140625,37.621913280735015
1791049124314928000,128.98692822265625,36.43259318570609
1791049124324886000,128.99688598632812,36.025716952847986
1791049124334843100,129.00684301757812,36.331682082352486
1791049124344801300,129.01680126953124,36.515292785127436
1791049124354758100,129.02675805664063,37.20156777314654
1791049124364716000,129.03671606445312,37.369592215780735
1791049124374673200,129.0466730957031,37.341273066995676
1791049124384631600,129.05663159179687,36.55903479174965
1791049124394588400,129.06658837890626,36.05682157772933
1791049124404546600,129.07654663085938,36.06250616581195
1791049124414503700,129.08650366210938,35.660624851517426
1791049124424461600,129.09646166992187,35.55780951117313
1791049124434418400,129.10641845703125,35.63392540433554
1791049124444376600,129.11637646484374,36.34121176775025
1791049124454333400,129.12633349609376,36.47681235575773
1791049124464291600,129.13629150390625,36.89599026025218
1791049124474248400,129.14624853515625,36.81695080076695
1791049124484206300,129.15620629882812,37.20642832052149
1791049124494163500,129.16616357421876,36.00150118966493
1791049124504121600,129.17612158203124,36.98397262216541
1791049124514078700,129.18607861328124,37.46247935637909
1791049124524036400,129.19603637695312,36.200061434198304
1791049124533993500,129.2059934082031,37.24733863974419
1791049124543951600,129.21595166015624,36.59610070166842
1791049124553908500,129.22590844726562,36.796544097944306
1791049124563866600,129.23586669921875,37.56299914928968
1791049124573823500,129.24582348632813,37.74412599596748
1791049124583781400,129.25578149414062,37.56606681890289
1791049124593739500,129.26573950195314,37.76794478802755
1791049124603696600,129.27569653320313,37.20730840812843
1791049124613653500,129.28565356445313,37.67006560354047
1791049124623611400,129.295611328125,37.54976124159131
1791049124633569500,129.30556958007813,37.716364238341235
1791049124643526700,129.31552661132812,37.17170714702845
1791049124653484500,129.32548461914064,35.537160442127664
1791049124663441400,129.33544140625,36.45958586550695
1791049124673399600,129.34539965820312,36.84855380368941
1791049124683356400,129.3553564453125,36.64500601974882
1791049124693314600,129.365314453125,37.036637928230626
1791049124703271700,129.37527172851563,37.337656376543976
1791049124713229300,129.38522924804687,36.73811155474964
1791049124723186400,129.3951865234375,36.56345182558181
1791049124733144600,129.40514453125,36.81646318171707
1791049124743101700,129.41510180664062,36.19406104720702
1791049124753059600,129.4250595703125,36.60662490831052
1791049124763016400,129.4350163574219,37.29632952155694
1791049124772974600,129.444974609375,37.82242825719518
1791049124782931500,129.45493139648437,38.01968148427737
1791049124792889600,129.4648896484375,38.318934110017466
1791049124802846500,129.47484643554688,37.553467083268295
1791049124812804400,129.48480444335937,38.60385616105829
1791049124822761500,129.49476147460936,38.573772961177994
1791049124832719600,129.5047197265625,38.29839422153296
1791049124842676500,129.51467651367187,38.2662928891785
1791049124852634400,129.52463427734375,37.811537473668324
1791049124862591500,129.53459155273438,38.752723993523134
1791049124872549600,129.54454956054687,38.904917121829655
1791049124882506500,129.55450659179687,39.63224178796906
1791049124892464600,129.56446459960938,39.159323314415495
1791049124902421500,129.57442138671874,38.91922607480768
1791049124912379400,129.58437939453125,39.427569205208414
1791049124922336500,129.59433642578125,39.87554256489374
1791049124932294700,129.60429467773437,39.913680823396795
1791049124942251500,129.61425146484376,39.837549900400184
1791049124952209400,129.62420947265625,38.801262279974665
1791049124962166500,129.63416650390624,40.34300819973038
1791049124972124700,129.64412475585937,40.87008026543762
1791049124982082600,129.65408251953124,40.86759276590882
1791049124992039400,129.66403930664063,40.62294470675562
1791049125001997600,129.67399755859375,40.224303970601994
1791049125011954400,129.6839543457031,40.850853719437794
1791049125021912600,129.69391259765624,41.34072287239489
1791049125031869400,129.70386938476562,41.30590803173916
1791049125041827300,129.71382739257814,41.16083619545636
1791049125051784400,129.72378442382814,41.33318053294367
1791049125061742600,129.73374267578126,41.78708166693625
1791049125071699700,129.74369970703125,41.88609003124074
1791049125081657300,129.7536572265625,42.003157606890056
1791049125091614500,129.76361450195313,41.811821957820456
1791049125101572600,129.77357250976561,42.48684973364263
1791049125111529500,129.78352954101564,42.647520485235034
1791049125121487600,129.79348754882812,42.66883462181039
1791049125131444500,129.80344458007812,43.07858554017626
1791049125141402400,129.81340234375,42.803873502406795
1791049125151359500,129.823359375,42.85240594584653
1791049125161317600,129.83331762695312,43.194687258910335
1791049125171274500,129.8432744140625,42.95092497415198
1791049125181232400,129.853232421875,43.88880092090841
1791049125191189500,129.863189453125,43.83541482346572
1791049125201147600,129.8731477050781,44.37008681442931
1791049125211104500,129.8831044921875,43.83517582286017
1791049125221062400,129.8930625,43.75593521767546
1791049125231019500,129.90301953125,44.05089866544107
1791049125240977400,129.9129772949219,44.0532464915474
1791049125250934500,129.9229345703125,43.30154246703351
1791049125260892700,129.932892578125,43.035091264535716
1791049125270850300,129.94285034179688,43.044730856314075
1791049125280807400,129.95280737304688,42.91950183920441
1791049125290765600,129.962765625,43.350255036503775
1791049125300722700,129.97272265625,43.31149799363679
1791049125310680600,129.9826806640625,44.83941461889496
1791049125320637400,129.99263745117187,44.87469829329743
1791049125330595600,130.002595703125,45.34179736929538
1791049125340552400,130.01255249023438,46.24904163961453
1791049125350510600,130.02251049804687,45.96477812491555
1791049125360467500,130.03246752929687,46.47453209524185
1791049125370425300,130.04242529296874,45.75710993721663
1791049125380382500,130.05238256835938,46.53671244402663
1791049125390339600,130.06233959960937,46.47724316078627
1791049125400296700,130.07229663085937,46.471270990323745
1791049125410254600,130.08225463867188,46.916946980324546
1791049125420211500,130.09221142578124,47.892630831936664
1791049125430169600,130.10216967773437,47.375745127071376
1791049125440126700,130.11212670898436,47.056160250604755
1791049125450084600,130.12208471679688,46.44160135907496
1791049125460041700,130.13204174804687,46.437166381449316
1791049125469999600,130.14199951171875,47.1743069775303
1791049125479956700,130.15195678710938,46.8632717009678
1791049125489914600,130.16191455078126,45.54757885993222
1791049125499871700,130.17187182617187,45.35048927830206
1791049125509829600,130.18182958984374,45.613544605819875
1791049125519786500,130.19178637695313,46.42642790291031
1791049125529744600,130.20174462890625,46.58140644528147
1791049125539702500,130.21170263671874,46.42764531023944
1791049125549659600,130.22165966796874,45.72361804732954
1791049125559617800,130.23161767578125,44.59807663556024
1791049125569574700,130.24157470703125,44.89252951708999
1791049125579532500,130.25153247070313,44.597474082942284
1791049125589489700,130.26148974609376,45.06710877227817
1791049125599447800,130.27144775390624,45.057482686651845
1791049125609404700,130.28140478515624,45.142720945773284
1791049125619362600,130.29136254882812,44.56015339796188
1791049125629319700,130.30131958007811,43.34911804942865
1791049125639277800,130.31127783203124,43.6032571429482
1791049125649234400,130.321234375,43.302819099096354
1791049125659192600,130.3311926269531,43.149822441641746
1791049125669149700,130.34114965820314,42.5606850144898
1791049125679107600,130.35110766601562,42.463992254384145
1791049125689064700,130.36106469726562,41.71691333357279
1791049125699022600,130.37102270507813,41.65159086501314
1791049125708979700,130.38097973632813,41.733790722384754
1791049125718937600,130.3909375,41.71726028768648
1791049125728894700,130.4008947753906,41.012760695351794
1791049125738852900,130.41085278320313,40.87938155122869
1791049125748810500,130.420810546875,41.07580466559939
1791049125758767600,130.430767578125,41.07580466559939
1791049125768725800,130.44072583007812,40.52081373645124
1791049125778682600,130.4506826171875,40.752176896911365
1791049125788640800,130.46064086914063,40.3547374169018
1791049125798597600,130.47059765625,40.309797479632955
1791049125808555500,130.48055541992187,40.047369714114026
1791049125818512600,130.4905126953125,38.95785406683333
1791049125828470800,130.500470703125,40.38605629139256
1791049125838427600,130.510427734375,39.58851617526686
1791049125848385500,130.52038549804686,39.561096963029335
1791049125858342700,130.5303427734375,39.498965038229144
1791049125868300800,130.54030078125,39.307506993384216
1791049125878257700,130.55025756835937,40.13819404836028
1791049125888215600,130.56021557617188,40.375588916570955
1791049125898172700,130.57017260742188,39.916164234380915
1791049125908130600,130.58013061523437,39.65337276983344
1791049125918088700,130.59008862304688,39.199778381573715
1791049125928045800,130.6000458984375,38.8858133796381
1791049125938003500,130.61000341796876,39.87576164903389
1791049125947960600,130.6199606933594,39.344717111592445
1791049125957918700,130.62991870117187,39.54058276306997
1791049125967875800,130.63987573242187,39.350374207917454
1791049125977833700,130.64983374023439,40.00356248743063
1791049125987790600,130.65979052734374,40.04023577899553
1791049125997748700,130.66974877929687,40.02110165421014
1791049126007705600,130.67970556640626,39.47211448835769
1791049126017663700,130.68966381835938,39.871010647588456
1791049126027620600,130.69962060546874,39.7371256854291
1791049126037578500,130.70957861328125,39.05503045817142
1791049126047535600,130.71953564453125,39.25960276592898
1791049126057493800,130.72949365234376,39.43540462752688
1791049126067451600,130.73945166015625,39.75350182471603
1791049126077408500,130.74940844726564,40.04606041533479
1791049126087366700,130.75936669921876,39.58559877756308
1791049126097323800,130.76932373046876,38.95175868640412
1791049126107281700,130.77928173828124,39.24892628633966
1791049126117238800,130.78923876953124,39.51866963021515
1791049126127196700,130.79919677734375,39.03986884607021
1791049126137153500,130.8091535644531,40.02512269567066
1791049126147111700,130.81911157226563,39.56165686190085
1791049126157068800,130.82906884765626,39.44232561933795
1791049126167026700,130.83902661132814,39.279358582216005
1791049126176984600,130.84898461914062,39.24491564322254
1791049126186941700,130.85894165039062,40.16276139509163
1791049126196899600,130.86889965820313,40.55135357882723
1791049126206856700,130.87885668945313,40.20408640219613
1791049126216814800,130.88881494140625,40.300707864589306
1791049126226771700,130.8987717285156,40.5369334077554
1791049126236729600,130.9087294921875,39.50983899958243
1791049126246686700,130.91868676757812,39.84331967136045
1791049126256644600,130.92864453125,39.657035351053956
1791049126266601500,130.9386015625,39.752519799629546
1791049126276559600,130.9485595703125,39.618096056215066
1791049126286517500,130.958517578125,39.4195341935364
1791049126296474600,130.968474609375,39.15045992466625
1791049126306432800,130.97843286132812,38.91659715306405
1791049126316389600,130.9883896484375,38.58001708028866
1791049126326347500,130.99834741210938,38.87631517647074
1791049126336304600,131.0083046875,38.49886783654756
1791049126346262800,131.0182626953125,37.79042107211214
1791049126356219600,131.0282197265625,38.29673165369052
1791049126366177500,131.03817749023438,38.10997989362499
1791049126376134700,131.048134765625,38.092584330942366
1791049126386092500,131.05809252929689,38.46748596184838
1791049126396050700,131.06805078125,38.78452815810572
1791049126406007600,131.07800756835937,39.52903026735568
1791049126415965400,131.08796533203125,39.22868546813975
1791049126425922600,131.09792260742188,38.889618115686034
1791049126435880700,131.10788061523436,38.936567185561174
1791049126445837800,131.117837890625,38.58931924937216
1791049126455795500,131.12779541015624,38.400673897628934
1791049126465752600,131.13775268554687,38.280639156967844
1791049126475710700,131.1477106933594,37.6159030703462
1791049126485668600,131.15766870117187,38.34875915040579
1791049126495625700,131.16762573242187,38.6825990165903
1791049126505583900,131.177583984375,38.82102318666952
1791049126515540500,131.18754052734374,38.648402084149375
1791049126525498600,131.19749853515626,38.46141995428955
1791049126535455700,131.20745581054686,38.30688715088218
1791049126545413600,131.21741357421874,38.54187578958342
1791049126555370500,131.22737060546876,38.77782335066992
1791049126565328600,131.23732861328125,38.67601460863155
1791049126575286500,131.24728662109376,38.5969497891509
1791049126585243600,131.25724365234376,37.709827159955275
1791049126595201800,131.26720190429688,38.41620045124831
1791049126605158700,131.27715869140624,38.12400096197979
1791049126615116500,131.28711645507812,38.95496566138128
1791049126625073700,131.29707373046875,38.78803356975597
1791049126635031800,131.30703173828124,38.97274734804854
1791049126644989700,131.31698974609375,38.854733020393326
1791049126654946600,131.3269465332031,38.47752188096862
1791049126664904700,131.33690478515626,38.66097074505505
1791049126674861600,131.34686157226562,39.309065454768096
1791049126684819700,131.35681982421875,38.98130189601635
1791049126694776600,131.36677661132813,39.1277511417122
1791049126704734500,131.376734375,38.0570323403745
1791049126714691600,131.38669165039062,37.97709465196676
1791049126724649700,131.39664965820313,37.68563058768696
1791049126734607600,131.40660766601562,37.803196172049674
1791049126744564500,131.416564453125,37.830068020404475
1791049126754522600,131.42652270507813,37.67456109271872
1791049126764479700,131.43647973632812,38.10246479150494
1791049126774437600,131.44643774414064,37.743553447891
1791049126784394800,131.45639477539063,38.002175915770636
1791049126794352600,131.4663525390625,37.357728296860266
1791049126804310500,131.476310546875,37.86424084638813
1791049126814267600,131.486267578125,37.896757785423
1791049126824225800,131.49622583007812,37.084121390441965
1791049126834182700,131.5061826171875,37.23594596998649
1791049126844141800,131.51614184570312,36.649376244600816
1791049126854098400,131.52609838867187,36.58426225199417
1791049126864056600,131.536056640625,37.0193399825723
1791049126874014700,131.5460146484375,36.86150973571668
1791049126883971600,131.5559716796875,36.60423162048046
1791049126893929700,131.5659296875,37.20345350052586
1791049126903886600,131.57588647460938,36.232122229742956
1791049126913844500,131.58584448242186,36.57799967904877
1791049126923801600,131.5958015136719,35.889198201275335
1791049126933759700,131.605759765625,36.477706583648235
1791049126943717600,131.6157175292969,36.66797547627818
1791049126953674500,131.62567456054688,36.457441833747566
1791049126963632600,131.63563256835937,36.87310692421857
1791049126973589800,131.64558984375,35.65632417410729
1791049126983547600,131.65554760742188,36.52797545460351
1791049126993504800,131.6655048828125,36.47644308361173
1791049127003462700,131.67546264648436,36.39573376075901
1791049127013420500,131.68542065429688,36.520020511963025
1791049127023377700,131.69537768554687,36.31938997075199
1791049127033335800,131.7053356933594,35.90008437674059
1791049127043292700,131.71529272460938,36.19601947481606
1791049127053250600,131.72525048828126,35.73044835773432
1791049127063208700,131.73520874023438,36.23057455066358
1791049127073165600,131.74516552734374,36.080901451063006
1791049127083123700,131.75512377929687,35.92821671629418
1791049127093080800,131.76508081054686,35.50185540461288
1791049127103038500,131.77503857421874,35.33670461217856
1791049127112995600,131.78499560546874,34.74505390846558
1791049127122953700,131.79495361328125,33.566381199150634
1791049127132911600,131.80491162109374,33.537259403819604
1791049127142868700,131.81486865234376,34.06601534890907
1791049127152826600,131.82482666015625,33.51453813750224
1791049127162783700,131.83478369140624,33.50623910551977
1791049127172741600,131.84474169921876,33.99997214140223
1791049127182698800,131.85469873046875,33.28031707596895
1791049127192656600,131.86465673828124,33.37296526527411
1791049127202614500,131.87461450195312,33.22747012558953
1791049127212571600,131.88457153320311,33.72079915381371
1791049127222529500,131.89452954101563,33.94292957390739
1791049127232486700,131.90448657226563,34.08268896004949
1791049127242444800,131.91444482421875,34.015169734939825
1791049127252402400,131.92440234375,33.609675540344924
1791049127262359600,131.93435961914062,33.44543374488279
1791049127272317700,131.94431762695314,33.513953898044704
1791049127282274800,131.95427490234374,32.998184355477
1791049127292232700,131.96423266601562,32.72993423771853
1791049127302189600,131.974189453125,32.38702406039364
1791049127312147700,131.98414770507813,32.033241271590356
1791049127322105600,131.99410571289062,32.42928272526356
1791049127332062700,132.0040627441406,31.948082083465454
1791049127342020900,132.01402075195313,32.949787757589476
1791049127351977500,132.0239775390625,32.489380147705596
1791049127361935600,132.033935546875,32.219146112824774
1791049127371893800,132.04389379882812,32.20238785394236
1791049127381851400,132.05385131835936,32.024946601592504
1791049127391809500,132.0638095703125,32.52870842682163
1791049127401766700,132.0737666015625,32.766449329267466
1791049127411724500,132.083724609375,32.56016262509304
1791049127421681400,132.09368139648439,32.76468191396769
1791049127431639600,132.1036396484375,32.65992007394866
1791049127441597400,132.11359741210939,33.01346515139518
1791049127451554600,132.12355444335938,33.04147370946527
1791049127461512400,132.13351245117187,32.61045808691407
1791049127471469300,132.14346923828126,32.425817920174616
1791049127481427500,132.15342749023438,31.656806457205505
1791049127491385300,132.16338525390626,32.746297129377304
1791049127501342500,132.1733425292969,32.31331798697803
1791049127511300600,132.18330053710937,33.29362054370663
1791049127521257500,132.19325756835937,32.62625758266789
1791049127531215400,132.20321533203125,32.30952898034346
1791049127541173500,132.21317358398437,33.090435766323296
1791049127551130600,132.22313061523437,33.06954494402492
1791049127561088500,132.23308862304688,33.306894198426974
1791049127571045600,132.24304565429688,33.656459659290036
1791049127581003500,132.25300341796876,33.010611666877566
1791049127590961400,132.26296142578124,32.69563104412899
1791049127600918500,132.27291845703124,32.733189436347274
1791049127610876700,132.28287670898436,33.432459994266
1791049127620833500,132.29283349609375,33.138731195557874
1791049127630791400,132.30279150390626,33.11470462767348
1791049127640749600,132.31274951171875,32.77125457050499
1791049127650706400,132.32270654296875,33.65161421568155
1791049127660664600,132.33266455078126,33.43544768492772
1791049127670621700,132.34262158203126,32.43499240956796
1791049127680579300,132.35257934570313,33.010521671402074
1791049127690536400,132.36253637695313,32.4946956385963
1791049127700494600,132.37249462890625,33.24747383675797
1791049127710452500,132.38245239257813,33.4771611530704
1791049127720409600,132.39240966796876,33.44722669968241
1791049127730367500,132.4023674316406,33.34706419772344
1791049127740324600,132.41232470703125,33.87193018158931
1791049127750282500,132.42228247070312,33.74042598106272
1791049127760240600,132.43224072265625,34.15441047636959
1791049127770197500,132.44219750976563,34.63898295537109
1791049127780155400,132.4521552734375,34.780139038405196
1791049127790112500,132.46211254882812,35.02257966667932
1791049127800070400,132.4720703125,35.25235395601963
1791049127810028500,132.48202856445312,35.5890660171418
1791049127819985700,132.4919855957031,35.63077587008061
1791049127829943300,132.501943359375,35.312090896778784
1791049127839900400,132.511900390625,35.84382095483507
1791049127849858600,132.52185864257814,35.82006403380802
1791049127859816400,132.53181640625,36.35927480196475
1791049127869773600,132.54177368164062,36.15176410954568
1791049127879731500,132.5517314453125,36.09438940430122
1791049127889688600,132.5616884765625,36.128509473070835
1791049127899646500,132.571646484375,36.963542704405526
1791049127909604600,132.5816044921875,36.593112629593435
1791049127919561700,132.59156176757813,35.33625818807367
1791049127929519400,132.60151928710937,35.8081939513815
1791049127939476500,132.6114765625,34.59153334780106
1791049127949434600,132.6214345703125,34.879422282886125
1791049127959392500,132.631392578125,34.706241423748786
1791049127969349600,132.641349609375,35.43746898602454
1791049127979307500,132.6513076171875,35.01878983280552
1791049127989265400,132.66126538085936,35.88769619567857
1791049127999222500,132.6712224121094,36.03964544909986
1791049128009180700,132.6811806640625,36.348029545858836
1791049128019137500,132.69113745117187,36.77855679045592
1791049128029095400,132.70109545898438,36.76689766149483
1791049128039053600,132.71105346679687,36.1017840781488
1791049128049010400,132.72101049804687,36.17159433492919
1791049128058968600,132.73096850585938,36.331041989796184
1791049128068925700,132.74092578125,37.00895956668885
1791049128078883300,132.75088330078125,37.35245935350246
1791049128088841500,132.76084155273438,37.205639528095546
1791049128098798600,132.77079858398437,37.34247876116634
1791049128108756500,132.7807565917969,37.269188670836215
1791049128118713600,132.79071362304688,36.852154370016066
1791049128128671500,132.80067138671876,37.135740303601395
1791049128138629400,132.81062939453125,37.063566827724024
1791049128148586500,132.82058642578124,36.83999925491508
1791049128158544600,132.83054467773437,36.645728887845756
1791049128168501500,132.84050146484375,36.52671862400458
1791049128178459400,132.85045947265624,37.05249717584338
1791049128188417500,132.86041748046875,37.839187005499646
1791049128198374400,132.87037451171875,37.46817315410651
1791049128208332500,132.88033251953124,37.88148350407657
1791049128218289700,132.89028955078126,37.23242966148851
1791049128228247300,132.9002473144531,37.063637021214795
1791049128238205400,132.91020532226563,37.26764973256846
1791049128248162600,132.92016259765626,36.80725139392538
1791049128258120400,132.93012036132814,37.110642439920184
1791049128268078600,132.94007861328126,36.732459698177436
1791049128278035500,132.95003540039062,37.73712417529864
1791049128287993300,132.95999340820313,37.4470681320981
1791049128297950500,132.96995043945313,37.53920204139832
1791049128307908600,132.97990869140625,37.683135347969575
1791049128317866500,132.98986645507813,37.39656301087855
1791049128327823400,132.9998232421875,37.861412215840524
1791049128337781500,133.0097814941406,37.923326978467806
1791049128347738600,133.01973852539064,37.70097802632203
1791049128357696500,133.02969653320312,37.9633966169407
1791049128367654700,133.03965454101564,37.49956847777742
1791049128377611500,133.04961157226563,37.85671458613297
1791049128387569200,133.05956909179687,37.34620651695961
1791049128397526300,133.0695263671875,37.79668595631091
1791049128407484400,133.079484375,37.647445073662354
1791049128417442000,133.08944213867187,36.470235566527556
1791049128427399200,133.09939916992187,37.34001216943618
1791049128437357300,133.109357421875,37.438551843226534
1791049128447315200,133.11931518554687,37.20798924282364
1791049128457272300,133.12927221679686,37.06021495948809
1791049128467230200,133.13923022460938,36.991778369158034
1791049128477187000,133.14918701171874,37.3191552703037
1791049128487145200,133.1591452636719,37.49807679345328
1791049128497103000,133.16910302734374,37.33851121713289
1791049128507060200,133.17906030273437,37.41229382071507
1791049128517018000,133.18901806640625,36.42631547238861
1791049128526975200,133.19897534179688,35.76159950075631
1791049128536933000,133.20893310546876,36.35033326945837
1791049128546891300,133.21889135742188,36.00919747644432
1791049128556848400,133.22884838867188,36.65201585460259
1791049128566806000,133.23880590820312,35.51392106185338
1791049128576764200,133.24876416015624,36.225092601002316
1791049128586721300,133.25872119140624,36.00047991018117
1791049128596679200,133.26867919921875,36.654288476281394
1791049128606636300,133.27863623046875,36.76909877564624
1791049128616594200,133.28859423828126,36.73426093821623
1791049128626552000,133.2985520019531,36.885236262444856
1791049128636509200,133.30850927734375,35.607733023811164
1791049128646467300,133.31846728515626,36.092690882271846
1791049128656425200,133.32842529296875,36.74564126397837
1791049128666382000,133.33838208007813,36.20238778281665
1791049128676340200,133.34834033203126,36.16062293849985
1791049128686297000,133.35829711914062,36.02727856686218
1791049128696255200,133.36825512695313,35.691650685569165
1791049128706213000,133.37821313476562,36.25538048397727
1791049128716170000,133.388169921875,35.77117926747987
1791049128726128000,133.39812817382813,36.004540228581256
1791049128736086000,133.4080859375,35.70805616493132
1791049128746043100,133.41804321289064,34.889750818013354
1791049128756001300,133.42800122070312,35.64142559214894
1791049128765958100,133.43795825195312,35.04415635073961
1791049128775916000,133.447916015625,35.560858754952626
1791049128785874200,133.45787426757812,36.00764065952399
1791049128795831300,133.46783129882812,35.89279326306545
1791049128805789200,133.4777890625,35.954811738434984
1791049128815746000,133.48774609375,35.40318873432369
1791049128825704200,133.4977041015625,35.6721251320902
1791049128835662000,133.507662109375,35.682671906488025
1791049128845619200,133.517619140625,34.87591601585576
1791049128855577300,133.52757739257814,35.36968591586169
1791049128865535200,133.53753515625,34.6454633091669
1791049128875492000,133.5474921875,34.47963388045488
1791049128885450200,133.5574501953125,35.291092853426726
1791049128895407000,133.5674069824219,35.0443984392336
1791049128905365200,133.577365234375,35.38532080446988
1791049128915323100,133.5873232421875,34.827288243165086
1791049128925280000,133.59728002929688,34.92825109270347
1791049128935238100,133.60723803710937,35.24697727600872
1791049128945196000,133.61719604492188,35.077784333901214
1791049128955153200,133.62715307617188,35.29173453730556
1791049128965111300,133.637111328125,35.196985800168285
1791049128975068200,133.64706811523436,35.168598797040595
1791049128985026000,133.65702612304688,36.05783679746803
1791049128994984200,133.66698413085936,35.45103007268758
1791049129004941300,133.67694140625,36.17334858739231
1791049129014899200,133.68689916992187,34.92932158074842
1791049129024857300,133.696857421875,34.153375422032596
1791049129034814200,133.70681420898438,35.36046218498641
1791049129044772000,133.71677221679687,34.81480924297532
1791049129054729200,133.72672924804687,35.15466759021429
1791049129064687400,133.73668725585938,34.49386862551042
1791049129074645200,133.74664526367187,34.85766104640364
1791049129084602000,133.75660205078125,35.19663594216657
1791049129094560300,133.76656030273438,34.78258833730322
1791049129104518100,133.77651806640625,35.04955073862559
1791049129114475300,133.7864753417969,33.91647661315714
1791049129124433200,133.79643310546874,33.91647661315714
1791049129134391000,133.80639111328125,33.891237860471186
1791049129144348200,133.81634814453125,33.660634070716746
1791049129154306000,133.82630615234376,34.47628646994206
1791049129164263200,133.83626318359376,34.22819412335631
1791049129174221300,133.84622119140624,33.34380673451987
1791049129184179000,133.85617895507812,34.86414803925905
1791049129194136000,133.86613598632812,34.86414803925905
1791049129204094200,133.87609423828124,33.858926748904906
1791049129214052000,133.88605200195312,34.96628737387406
1791049129224009200,133.89600927734375,34.42164151681605
1791049129233967400,133.90596728515624,34.24845375747544
1791049129243924200,133.91592431640626,34.19998170682432
1791049129253882000,133.9258820800781,34.117857911046706
1791049129263840300,133.93584033203126,34.24985329574341
1791049129273797400,133.94579736328126,34.112144936199975
1791049129283755300,133.95575537109374,33.984316539977854
1791049129293713200,133.96571313476562,33.50790168077926
1791049129303670300,133.97567016601562,33.78012545925466
1791049129313628200,133.98562817382813,33.85564435735452
1791049129323585300,133.99558520507813,33.29326169164543
1791049129333543400,134.00554345703125,33.75114941262589
1791049129343501000,134.0155009765625,33.878599671398476
1791049129353458200,134.02545825195313,32.70914583311296
1791049129363416300,134.0354162597656,32.69395582452099
1791049129373374200,134.04537426757813,32.24553586970792
1791049129383331800,134.05533178710937,32.675633676978364
1791049129393289700,134.06528979492188,33.145803982394376
1791049129403247900,134.07524780273437,32.72108196089465
1791049129413204700,134.08520483398436,33.075796852564196
1791049129423162600,134.09516259765624,33.093336712287304
1791049129433119700,134.10511962890624,33.286274145964846
1791049129443078000,134.1150778808594,34.03161922370975
1791049129453035800,134.12503588867187,33.43433741741295
1791049129462992600,134.13499267578126,34.00733112132012
1791049129472950800,134.14495068359375,33.47012925385768
1791049129482908700,134.15490869140626,33.77399279435857
1791049129492865800,134.16486572265626,33.83228622680008
1791049129502824000,134.17482397460938,32.621493541180854
1791049129512781800,134.18478173828126,33.033096158590396
1791049129522738700,134.19473876953126,32.57417812066255
1791049129532696800,134.20469677734374,33.596874486476345
1791049129542653700,134.21465380859374,33.21549530849422
1791049129552611800,134.22461181640625,33.72884453847748
1791049129562570000,134.23457006835937,33.52506899443366
1791049129572526600,134.24452661132813,33.277552785838175
1791049129582484700,134.2544846191406,33.27880174466063
1791049129592442600,134.26444262695313,33.415986404277724
1791049129602399700,134.27439965820312,32.788457476035525
1791049129612358000,134.28435791015625,33.31876393292636
1791049129622315800,134.29431567382812,32.996613088211156
1791049129632272600,134.30427270507812,33.62589509818481
1791049129642230800,134.31423071289063,33.18672018839456
1791049129652188000,134.32418798828124,31.84260391720842
1791049129662145800,134.33414575195312,32.489596229610264
1791049129672104000,134.34410400390624,31.823780157775037
1791049129682060800,134.35406079101563,32.23447348036533
1791049129692018700,134.3640187988281,31.329572165872985
1791049129701976800,134.37397680664063,31.103676000464944
1791049129711934000,134.38393383789062,30.669752625032384
1791049129721891800,134.39389184570314,30.737320656640588
1791049129731849700,134.403849609375,30.93466284919076
1791049129741806800,134.41380688476562,31.764795929324286
1791049129751764700,134.4237646484375,31.13646964451618
1791049129761721900,134.43372192382813,31.429954813564688
1791049129771680000,134.44367993164062,30.697495409995284
1791049129781637600,134.4536376953125,30.296895248900842
1791049129791594800,134.4635947265625,30.859558840079046
1791049129801553000,134.4735529785156,30.5122624122725
1791049129811510800,134.4835107421875,31.34643267695951
1791049129821468000,134.49346801757812,30.660326719273794
1791049129831425800,134.50342578125,30.91971414290819
1791049129841383700,134.5133837890625,30.84187031381213
1791049129851340800,134.5233408203125,31.312255093748906
1791049129861298700,134.53329858398436,31.00485960174192
1791049129871255800,134.543255859375,30.90224317220184
1791049129881213700,134.55321362304687,30.38954388417125
1791049129891171600,134.5631716308594,29.55567679244034
1791049129901128700,134.57312866210938,30.34518613975368
1791049129911086800,134.5830869140625,30.052959317246057
1791049129921044700,134.59304467773438,29.699974348024917
1791049129931001600,134.60300170898438,29.371007369115517
1791049129940959700,134.61295971679687,29.918438879338495
1791049129950917600,134.62291772460938,29.566738943507332
1791049129960874800,134.63287475585938,29.816768076101212
1791049129970833000,134.6428330078125,29.511959132898166
1791049129980790800,134.65279077148438,29.794097807125503
1791049129990747600,134.66274755859374,29.51918195077717
1791049130000705800,134.6727058105469,29.498858165145677
1791049130010663000,134.68266284179688,29.369178498912422
1791049130020620800,134.69262084960937,28.36846868829137
1791049130030579000,134.70257885742188,28.669862918050857
1791049130040535800,134.71253588867188,28.709215470328203
1791049130050493700,134.72249365234376,28.914643224870353
1791049130060451800,134.73245190429688,29.15611841331054
1791049130070408700,134.74240869140624,29.460472502580522
1791049130080366800,134.75236694335936,29.816154638977583
1791049130090325000,134.76232495117188,29.960249611074193
1791049130100281600,134.77228149414063,28.9103793591449
1791049130110239700,134.78223974609375,29.3000608641575
1791049130120198000,134.79219799804687,28.297441434859845
1791049130130154800,134.80215478515626,27.75061215292633
1791049130140113000,134.81211279296875,28.37452824136719
1791049130150069800,134.82206982421874,27.521225500666347
1791049130160027600,134.83202758789062,27.65914715826246
1791049130169985800,134.84198583984374,28.025000249735793
1791049130179943000,134.85194287109374,28.248663822299722
1791049130189900800,134.86190087890625,28.130113423903072
1791049130199858700,134.87185864257813,28.530478458470213
1791049130209815800,134.88181591796874,28.632416249716414
1791049130219773700,134.89177368164061,29.1105732600049
1791049130229731800,134.90173193359374,29.013425446689613
1791049130239689000,134.91168896484376,27.53869098492333
1791049130249646600,134.921646484375,28.23092983848954
1791049130259604700,134.93160473632813,28.267952559566815
1791049130269561900,134.94156176757812,27.708757224489336
1791049130279519700,134.95151977539064,27.574860984862713
1791049130289478000,134.96147778320312,27.631794078627586
1791049130299434800,134.97143481445312,27.669474695014415
1791049130309392600,134.981392578125,28.092647150383637
1791049130319349800,134.99134985351563,27.162126749788932
1791049130329308000,135.00130786132812,27.30384877134175
1791049130339265800,135.01126586914063,27.070093840473714
1791049130349222700,135.02122265625,27.31493107373545
1791049130359180800,135.0311809082031,26.66943764030553
1791049130369138700,135.041138671875,25.964117897431095
1791049130379095800,135.051095703125,25.986586773977283
1791049130389053400,135.06105346679686,25.987992357803964
1791049130399011300,135.07101123046874,25.729163334019763
1791049130408968400,135.08096850585937,25.702652998902405
1791049130418926600,135.0909265136719,25.877423479506405
1791049130428884500,135.10088452148437,26.033302509944278
1791049130438841300,135.11084130859376,25.750652050491496
1791049130448799500,135.12079956054689,25.31918359037605
1791049130458757400,135.13075732421876,26.224969119475276
1791049130468714500,135.14071459960937,25.958768698259735
1791049130478672400,135.15067236328125,25.789294998834077
1791049130488630300,135.16063037109376,25.491617511061804
1791049130498587400,135.17058740234376,24.345440545887612
1791049130508545300,135.18054516601563,25.073711666566464
1791049130518502400,135.19050244140624,25.189018443784864
1791049130528460500,135.20046044921875,25.509835291927843
1791049130538418200,135.21041821289063,24.27871764422333
1791049130548375300,135.22037524414063,24.475223892572696
1791049130558333400,135.23033349609375,24.722538735300972
1791049130568291300,135.24029125976563,24.585450570484614
1791049130578248400,135.25024853515626,25.088972582835062
1791049130588206300,135.26020629882814,25.57862784415064
1791049130598164200,135.27016430664062,25.195327330615168
1791049130608121300,135.28012133789062,25.641655233680297
1791049130618079500,135.29007958984374,25.205130382020215
1791049130628037400,135.30003735351562,24.569916708405337
1791049130637994200,135.309994140625,25.008744803286625
1791049130647952400,135.31995239257813,24.78500003678509
1791049130657910300,135.32991015625,24.534327317999736
1791049130667867400,135.3398674316406,24.869051422763235
1791049130677825500,135.34982543945313,25.109483486650053
1791049130687783400,135.3597834472656,24.45340657374018
1791049130697740300,135.369740234375,24.26879751301624
1791049130707698400,135.37969848632812,24.22549552605698
1791049130717655300,135.3896552734375,23.818274220367293
1791049130727613400,135.39961352539063,24.10171814760646
1791049130737571600,135.40957153320312,23.911880086430475
1791049130747528200,135.41952807617187,24.096892180562445
1791049130757486300,135.429486328125,23.50813993880725
1791049130767444500,135.43944458007812,23.521697042681772
1791049130777401300,135.4494013671875,24.200019050301343
1791049130787359500,135.459359375,23.71794674616782
1791049130797317600,135.4693176269531,23.1645000744655
1791049130807274200,135.47927416992187,22.997851819396033
1791049130817232400,135.489232421875,23.03382452966118
1791049130827190300,135.49919018554687,23.516515138880386
1791049130837147400,135.5091474609375,23.483295394389096
1791049130847105500,135.51910546875,22.93056893101211
1791049130857063200,135.52906323242186,22.54413383699613
1791049130867020300,135.5390202636719,21.951384931748844
1791049130876978400,135.548978515625,22.25536952884835
1791049130886936300,135.5589362792969,21.977542024949575
1791049130896893400,135.5688935546875,21.671861614245604
1791049130906851300,135.57885131835937,22.400962148400897
1791049130916809200,135.58880932617188,21.9790647753867
1791049130926766300,135.59876635742188,22.275699014705005
1791049130936724500,135.60872436523437,22.410856969049224
1791049130946681600,135.618681640625,22.152095176195846
1791049130956639200,135.62863916015624,22.33010772201517
1791049130966597400,135.63859741210936,22.332574441015662
1791049130976554500,135.6485544433594,23.144381576692595
1791049130986512400,135.65851245117187,23.342237144286358
1791049130996470500,135.6684704589844,22.859468276250418
1791049131006427400,135.67842749023438,23.135647827079293
1791049131016385300,135.68838525390626,22.680100731882284
1791049131026343400,135.69834350585938,22.97648122815955
1791049131036300500,135.70830053710938,23.114271299224697
1791049131046258400,135.71825854492187,23.056668491797367
1791049131056216600,135.72821655273438,23.05913984227105
1791049131066173400,135.73817333984374,22.622367819298532
1791049131076131300,135.74813134765625,22.746129471689144
1791049131086089500,135.75808935546874,22.794190658302448
1791049131096046300,135.76804638671874,22.192346723829964
1791049131106004500,135.77800439453125,21.62851567554889
1791049131115962600,135.78796264648437,21.209334981888855
1791049131125919200,135.79791918945313,21.242111281228063
1791049131135877400,135.80787744140625,21.75948964020159
1791049131145835500,135.81783544921876,20.67078891101118
1791049131155792400,135.82779248046876,20.756562251096685
1791049131165750500,135.83775048828124,20.085447413603944
1791049131175708400,135.84770849609376,20.42790300983647
1791049131185665300,135.85766528320312,20.79293523577052
1791049131195623400,135.86762353515624,20.34368329163992
1791049131205581300,135.87758129882812,19.840054301300267
1791049131215538400,135.88753833007812,19.741391204459937
1791049131225496300,135.89749633789063,19.829002955133678
1791049131235453400,135.90745336914063,19.489116857215265
1791049131245411300,135.9174113769531,19.904519604262713
1791049131255369500,135.92736938476563,20.380675655070316
1791049131265326600,135.93732666015626,20.108425160520067
1791049131275284200,135.9472841796875,19.78918239368213
1791049131285242400,135.95724243164062,19.73369705217213
1791049131295199500,135.96719946289062,18.85054899869489
1791049131305157400,135.97715747070313,19.55679045224849
1791049131315115500,135.98711547851562,19.581817490205307
1791049131325072400,135.997072265625,18.967998507242783
1791049131335030300,136.0070302734375,19.534453031724752
1791049131344988400,136.01698852539062,19.30266178103394
1791049131354945500,136.0269455566406,19.789937845806342
1791049131364903400,136.0369033203125,19.12738210780783
1791049131374861600,136.0468615722656,19.360670371234647
1791049131384817700,136.05681762695312,19.392759480131758
1791049131394775600,136.06677563476563,19.392759480131758
1791049131404732700,136.07673266601563,18.868831891914795
1791049131414689800,136.08668969726563,19.069708134837658
1791049131424647700,136.0966477050781,19.263795220594808
1791049131434605600,136.10660546875,19.38468197690419
1791049131444562700,136.11656274414062,19.573369765007996
1791049131454520600,136.1265205078125,19.068028578958145
1791049131464478700,136.13647875976562,19.02115945250027
1791049131474435600,136.146435546875,18.47515661397534
1791049131484393500,136.1563935546875,18.46088688268582
1791049131494350600,136.1663505859375,18.557241888068102
1791049131504308700,136.17630883789062,18.141904293605204
1791049131514266600,136.1862666015625,18.471042416708183
1791049131524223700,136.1962236328125,18.103372757600006
1791049131534181600,136.206181640625,18.40245978507861
1791049131544139500,136.21613940429688,19.549676200930573
1791049131554096600,136.2260966796875,18.301404135546846
1791049131564054800,136.2360546875,18.303767610136724
1791049131574012700,136.2460126953125,18.620587673746506
1791049131583969500,136.25596948242188,19.118198053297643
1791049131593927700,136.265927734375,19.253446067584996
1791049131603885600,136.27588549804688,18.680308597827494
1791049131613842700,136.2858427734375,18.835089671655485
1791049131623800800,136.29580078125,18.36219754613437
1791049131633758700,136.3057587890625,18.092944490873663
1791049131643715600,136.31571557617187,18.064877872076636
1791049131653673700,136.325673828125,17.462243539114553
1791049131663631600,136.33563159179687,18.237017165041213
1791049131673588700,136.34558862304686,17.72172952617573
1791049131683547000,136.355546875,18.342053625773048
1791049131693504500,136.36550439453126,18.119867588575755
1791049131703461600,136.37546166992186,18.209295821701982
1791049131713420500,136.38542065429687,18.500905783489998
1791049131723378700,136.39537866210938,17.9920643164096
1791049131733335800,136.40533569335938,18.76569768802565
1791049131743293700,136.41529370117186,19.41770633757269
1791049131753251800,136.425251953125,19.177139345754803
1791049131763208700,136.43520874023437,19.372824506500336
1791049131773166600,136.44516650390625,19.078851495805058
1791049131783124700,136.45512475585937,19.120031989438694
1791049131793081900,136.46508178710937,18.61537878435256
1791049131803039700,136.47503979492188,18.663537217146654
1791049131812997600,136.48499755859376,19.00167617335252
1791049131822954800,136.49495483398437,19.152442198025152
1791049131832912600,136.50491259765624,18.984497353844443
1791049131842870800,136.51487084960937,19.085472025433717
1791049131852828000,136.52482788085936,18.636078531304808
1791049131862785500,136.53478564453124,18.7906156250384
1791049131872743700,136.54474365234375,18.119043699451947
1791049131882700800,136.55470068359375,18.175597468227632
1791049131892658700,136.56465869140624,18.27361204270276
1791049131902616800,136.5746169433594,17.40040881878062
1791049131912573700,136.58457373046875,17.973000953930278
1791049131922531600,136.59453149414063,17.89615638384422
1791049131932489700,136.60448974609375,18.027965981411217
1791049131942446600,136.61444653320314,17.282936222668713
1791049131952404700,136.62440478515626,17.268316206752555
1791049131962363000,136.63436279296874,17.506781676347813
1791049131972319500,136.64431958007813,17.583557831873676
1791049131982277600,136.65427758789062,17.783427356591094
1791049131992235800,136.66423583984374,17.498876606464666
1791049132002192600,136.67419262695313,16.730215167358008
1791049132012150800,136.68415087890625,16.55748373886471
1791049132022108700,136.69410864257813,17.5144349364158
1791049132032065500,136.7040654296875,17.362927617134655
1791049132042023700,136.7140236816406,17.211048873931745
1791049132051981600,136.72398168945313,16.715828798342706
1791049132061938700,136.73393872070312,16.990471835595237
1791049132071896800,136.74389672851564,16.983518614289142
1791049132081854500,136.7538544921875,17.09650194991297
1791049132091811600,136.7638115234375,16.764026821350033
1791049132101769700,136.77376977539063,17.214151109669125
1791049132111727600,136.7837275390625,16.97034837731572
1791049132121684700,136.79368481445312,17.282544082891448
1791049132131642600,136.803642578125,16.63142150238332
1791049132141600500,136.8136005859375,16.388015116306782
1791049132151557600,136.8235576171875,16.582929640166956
1791049132161515800,136.83351586914063,16.484366730721458
1791049132171473700,136.8434736328125,17.34785463744881
1791049132181430500,136.85343041992186,16.640864260727817
1791049132191388700,136.863388671875,17.12681587596926
1791049132201346600,136.8733466796875,16.571547288183176
1791049132211303700,136.8833037109375,16.90734443729629
1791049132221261800,136.89326171875,16.836525269247716
1791049132231219700,136.9032197265625,16.79101273265136
1791049132241176600,136.91317651367189,17.076020908863075
1791049132251134700,136.923134765625,17.36284232438581
1791049132261092600,136.93309252929689,17.161643025647763
1791049132271049700,136.9430498046875,16.771817494237816
1791049132281007900,136.9530078125,16.654633005663225
1791049132290965800,136.9629658203125,17.20816286251382
1791049132300922600,136.97292260742188,17.45586655478329
1791049132310880800,136.982880859375,17.886593800900112
1791049132320838700,136.99283862304688,17.751398009749874
1791049132330795800,137.00279565429688,17.982201661729196
1791049132340754000,137.01275390625,18.34858682055826
1791049132350711600,137.02271166992188,18.224622761966835
1791049132360668700,137.03266870117187,18.07250674512584
1791049132370626800,137.0426267089844,17.926516697694552
1791049132380584700,137.05258471679687,18.354859463811355
1791049132390541800,137.06254174804687,18.72108587004263
1791049132400499500,137.07249951171875,18.357587925813757
1791049132410457600,137.08245751953126,18.498914651186656
1791049132420414700,137.09241479492186,18.072529297365268
1791049132430372600,137.10237255859374,17.651449802782547
1791049132440330800,137.11233081054687,17.989676126518557
1791049132450289000,137.12228881835938,17.3141586871393
1791049132460245500,137.13224560546874,17.897437990219224
1791049132470203600,137.14220361328125,17.20789594374957
1791049132480160800,137.1521608886719,17.68352526977845
1791049132490118700,137.16211865234374,17.50351666267232
1791049132500076800,137.1720769042969,18.26914481299967
1791049132510033700,137.18203369140625,18.407237802574333
1791049132519991600,137.19199145507812,19.128544466885167
1791049132529949700,137.20194970703125,19.34849658490164
1791049132539907600,137.21190747070312,19.34738612627755
1791049132549864700,137.22186474609376,19.08271957523959
1791049132559822800,137.23182275390624,19.678851998056334
1791049132569780500,137.24178051757812,19.221728084815343
1791049132579737600,137.25173754882812,19.557665814103263
1791049132589695700,137.26169580078124,18.872144495267342
1791049132599653600,137.27165356445312,18.796204182784564
1791049132609610800,137.28161083984375,19.18909784292247
1791049132619568600,137.29156860351563,19.008740981985042
1791049132629526500,137.30152661132811,18.399204398339677
1791049132639483600,137.31148364257814,18.375545737477946
1791049132649441800,137.32144189453126,18.05240709339947
1791049132659399700,137.3313996582031,18.13128571410752
1791049132669356500,137.3413564453125,18.33618135588517
1791049132679314700,137.35131469726562,18.181411258463626
1791049132689272600,137.3612724609375,18.057261198566597
1791049132699229700,137.37122973632813,18.004433391208266
1791049132709187800,137.38118774414062,17.59045904133721
1791049132719145700,137.39114575195313,17.913541199591407
1791049132729102600,137.4011025390625,18.156363781122483
1791049132739060700,137.41106079101561,18.236570345708568
1791049132749018600,137.4210185546875,17.78732991748783
1791049132758975700,137.43097583007813,17.907254011028428
1791049132768934000,137.4409338378906,17.474111926866186
1791049132778891800,137.45089184570313,17.697637901935266
1791049132788848600,137.4608486328125,17.46927792771591
1791049132798806800,137.47080688476564,17.320321194542625
1791049132808764700,137.4807646484375,17.37851324889455
1791049132818721800,137.4907216796875,17.802407289751333
1791049132828679700,137.5006796875,17.68744896225141
1791049132838637600,137.51063745117187,17.828219389372304
1791049132848594700,137.5205947265625,18.027923523043977
1791049132858552600,137.53055249023438,18.224362709253253
1791049132868510700,137.5405107421875,17.870449093730876
1791049132878467800,137.5504677734375,18.44550556834121
1791049132888425500,137.56042553710938,18.501392961263797
1791049132898383600,137.57038354492187,18.261724296876046
1791049132908340700,137.5803408203125,18.84208147296478
1791049132918298600,137.59029858398438,18.029243617553586
1791049132928256800,137.6002568359375,18.444964684042606
1791049132938213600,137.6102136230469,18.49017716252731
1791049132948171500,137.62017163085937,18.649052035585633
1791049132958129700,137.6301296386719,18.406219147587127
1791049132968086800,137.64008666992189,18.546325855768533
1791049132978044700,137.65004467773437,18.289331421931013
1791049132988002800,137.6600029296875,18.457655964633343
1791049132997960400,137.66996044921876,18.28987970500027
1791049133007917600,137.67991748046876,18.520003473277736
1791049133017875700,137.68987573242188,18.110084101660956
1791049133027833600,137.69983349609376,18.28303347126638
1791049133037790700,137.70979077148436,18.319043260329494
1791049133047748900,137.71974877929688,18.457150379665705
1791049133057706500,137.72970654296876,19.10170005808963
1791049133067663600,137.73966357421875,19.82914579512555
1791049133077621800,137.74962182617188,19.824626080306587
1791049133087579600,137.75957958984375,19.838767421446587
1791049133097536800,137.7695368652344,20.096372169770206
1791049133107494700,137.77949462890626,20.11576904800868
1791049133117452500,137.78945263671875,20.345764363996558
1791049133127409700,137.79940966796875,20.40463181904086
1791049133137367800,137.80936791992187,20.307306053009125
1791049133147325700,137.81932568359375,20.32440612366019
1791049133157282600,137.82928247070313,19.966809596852418
1791049133167240700,137.83924072265626,20.058874845503453
1791049133177198600,137.84919848632813,20.191395630531982
1791049133187155700,137.85915576171874,19.538524623516082
1791049133197113900,137.86911376953125,19.399677887890316
1791049133207071700,137.87907177734374,19.238525548384054
1791049133217028600,137.88902856445313,19.495611387341043
1791049133226986800,137.89898681640625,19.684711155220278
1791049133236944600,137.90894458007813,19.34690654627022
1791049133246901800,137.91890185546876,18.836374753177637
1791049133256860000,137.92885986328125,18.591883760365004
1791049133266817500,137.93881762695312,18.820163775896333
1791049133276774700,137.94877465820312,18.78256155610191
1791049133286732800,137.95873291015624,18.333966958576532
1791049133296690700,137.96869067382812,18.247632166549334
1791049133306648800,137.97864892578124,17.99377132803196
1791049133316605400,137.98860546875,17.508914647593258
1791049133326563600,137.9985634765625,17.636882947511406
1791049133336521700,138.00852172851563,17.465898907559062
1791049133346478600,138.018478515625,17.42264457174471
1791049133356436700,138.0284367675781,17.65388863718931
1791049133366395000,138.03839477539063,17.407472804310466
1791049133376351500,138.0483515625,17.063329405504426
1791049133386310100,138.05831005859375,17.308029144516006
1791049133396268000,138.06826806640626,17.39668279889282
1791049133406225200,138.07822509765626,17.58123760442564
1791049133416183300,138.08818334960938,16.914848080815982
1791049133426141200,138.09814111328126,17.109536296455094
1791049133436098000,138.10809814453125,17.47492973957885
1791049133446056200,138.11805615234374,17.382138212896503
1791049133456014000,138.12801416015625,17.53103400529937
1791049133465971200,138.13797119140625,17.083372287520863
1791049133475929300,138.14792944335937,17.65817788640565
1791049133485887200,138.15788720703125,17.455110311541393
1791049133495844000,138.1678439941406,17.091344477222535
1791049133505802200,138.17780224609376,17.221329988857118
1791049133515760000,138.1877600097656,16.78485862116406
1791049133525717200,138.19771728515624,17.05776717994429
1791049133535675400,138.20767529296876,16.587379703765187
1791049133545633000,138.21763305664064,16.87267573345274
1791049133555590100,138.22759008789063,17.32472417585315
1791049133565548300,138.23754833984376,17.344099998974517
1791049133575506200,138.24750610351563,17.63516693295838
1791049133585464300,138.25746435546876,17.7578857232402
1791049133595421200,138.26742114257812,17.620998522910885
1791049133605379000,138.27737915039063,18.302867193077798
1791049133615337200,138.28733715820312,18.045738455127047
1791049133625294300,138.29729443359375,18.576232279754713
1791049133635252200,138.30725219726563,18.659006914912545
1791049133645210400,138.31721044921875,17.882532239036358
1791049133655167000,138.3271669921875,18.662006680578422
1791049133665125000,138.337125,18.167447090852022
1791049133675083300,138.34708325195314,18.624034412423377
1791049133685040000,138.3570400390625,18.180498435115233
1791049133694998300,138.36699829101562,17.99416348863277
1791049133704956400,138.37695629882813,18.37327134228867
1791049133714913000,138.3869130859375,17.88011855981811
1791049133724871200,138.39687109375,18.33505413335611
1791049133734829300,138.40682934570313,18.403509401517137
1791049133744786200,138.4167861328125,18.4354053412655
1791049133754744300,138.4267443847656,19.36102330891675
1791049133764702200,138.4367021484375,18.441153748273667
1791049133774659000,138.4466591796875,18.444078622999466
1791049133784617200,138.4566171875,18.399052777959874
1791049133794575000,138.4665751953125,18.44146154696685
1791049133804533200,138.476533203125,19.233410996133774
1791049133814490000,138.48648999023436,19.344770396598488
1791049133824448000,138.49644799804688,19.345183256729367
1791049133834406100,138.50640625,19.33549343885108
1791049133844363300,138.51636328125,18.79271657754138
1791049133854321200,138.52632104492187,18.96459783785711
1791049133864279300,138.536279296875,18.09407688473243
1791049133874236200,138.54623608398438,18.39458751237129
1791049133884194000,138.55619409179687,18.528115208439257
1791049133894152200,138.56615209960938,18.35738811169666
1791049133904109300,138.576109375,18.821767743956112
1791049133914067200,138.58606713867186,19.027829802269334
1791049133924025300,138.596025390625,18.823008766800534
1791049133933982200,138.60598217773438,20.001645327062782
1791049133943940000,138.61594018554686,19.565776237551535
1791049133953898200,138.62589819335938,19.131693871049006
1791049133963855400,138.63585546875,18.950243142502327
1791049133973813200,138.6458132324219,19.09928615872179
1791049133983771100,138.65577124023437,19.528252712550994
1791049133993729000,138.66572900390625,18.966185430721232
1791049134003686100,138.67568603515625,19.138338598965746
1791049134013644300,138.68564428710937,19.13928824433921
1791049134023602200,138.69560229492188,19.173313312281238
1791049134033559000,138.70555908203124,19.52569503316724
1791049134043517200,138.71551708984376,18.499771235947854
1791049134053475000,138.72547509765624,19.19992444485381
1791049134063432200,138.73543212890624,19.277638053838604
1791049134073390300,138.74539038085936,19.396022809345737
1791049134083348200,138.75534814453124,19.280084456240374
1791049134093305000,138.76530517578124,18.755011566398377
1791049134103263200,138.77526318359375,19.440849915470537
1791049134113221000,138.78522119140624,19.087147053210693
1791049134123178200,138.79517822265626,19.087147053210693
1791049134133136400,138.80513647460938,19.58725055585784
1791049134143094300,138.81509423828126,19.424383515922045
1791049134153052200,138.82505224609375,17.85546796863031
1791049134163009300,138.83500927734374,19.04538433697101
1791049134172967200,138.84496728515626,18.46662702753214
1791049134182925300,138.85492529296874,18.8565076711447
1791049134192882200,138.86488208007813,18.98673984432821
1791049134202840000,138.87484008789062,18.914013401273948
1791049134212798200,138.88479809570313,19.17556727210703
1791049134222755000,138.89475512695313,18.92429651582692
1791049134232713200,138.90471313476561,18.550982458930868
1791049134242671400,138.91467138671874,18.803110116850164
1791049134252628000,138.9246279296875,18.237470648436503
1791049134262586000,138.9345861816406,18.4887833595872
1791049134272544300,138.94454418945313,18.703813493075888
1791049134282501000,138.95450122070312,18.363427163234007
1791049134292459300,138.96445922851564,19.21160832664469
1791049134302417200,138.97441723632812,19.021171479079623
1791049134312374000,138.9843740234375,19.200951678232165
1791049134322332200,138.99433227539063,18.906504594911883
1791049134332290000,139.0042900390625,19.293008049748632
1791049134342248200,139.01424829101563,18.863494941286184
1791049134352205300,139.02420532226563,19.16474204940879
1791049134362163000,139.03416284179687,19.936915542588004
1791049134372121000,139.04412109375,19.760222947987877
1791049134382078200,139.054078125,19.788566330167665
1791049134392035800,139.06403588867187,19.580444705453722
1791049134401993700,139.07399365234374,18.99614200065929
1791049134411950800,139.08395092773438,18.906719789425804
1791049134421908700,139.09390869140626,18.8397118883247
1791049134431867000,139.10386694335938,18.802379843409728
1791049134441823700,139.11382373046874,18.433759025082765
1791049134451781600,139.12378173828125,18.219368687684476
1791049134461739800,139.13373974609374,18.199933154856943
1791049134471698000,139.1436979980469,18.575962493753956
1791049134481654800,139.15365478515625,19.22168271179138
1791049134491612700,139.16361279296876,19.056322339236573
1791049134501570800,139.17357080078125,18.01051438337509
1791049134511527700,139.18352758789064,18.88003959082775
1791049134521485800,139.19348583984376,19.073489822787913
1791049134531443700,139.20344360351564,18.82412063573091
1791049134541400600,139.21340063476563,18.48119483620155
1791049134551358700,139.22335864257812,18.26060416437496
1791049134561316600,139.23331665039063,18.549469773455918
1791049134571273700,139.24327368164063,18.87486719562169
1791049134581231900,139.25323193359375,18.568982199125234
1791049134591189800,139.26318969726563,18.86125697737365
1791049134601146600,139.27314672851563,18.10267988082171
1791049134611104800,139.2831047363281,17.82291204139105
1791049134621062700,139.29306274414063,17.56586067525957
1791049134631020800,139.3030207519531,17.748486010027747
1791049134640978000,139.31297802734375,18.068441198430392
1791049134650935800,139.32293579101562,17.28622543005985
1791049134660893700,139.33289379882814,18.058885495513763
1791049134670850800,139.34285083007813,18.036730591786164
1791049134680808700,139.35280859375,17.96095553495867
1791049134690766800,139.36276684570313,19.12450065533568
1791049134700724000,139.37272387695313,18.74065456761476
1791049134710681600,139.382681640625,18.815842935237594
1791049134720639700,139.3926396484375,19.085886368883102
1791049134730597600,139.40259765625,18.84814036788258
1791049134740554800,139.4125546875,18.729935186237352
1791049134750513000,139.42251293945313,18.758397181183334
1791049134760470800,139.432470703125,18.66510230797915
1791049134770427600,139.442427734375,18.68715915791303
1791049134780385800,139.4523857421875,18.962163904613984
1791049134790343700,139.46234375,18.638158105848508
1791049134800300800,139.47230078125,18.389179478642077
1791049134810259000,139.48225903320312,18.19553992979881
1791049134820216600,139.49221655273436,17.919903708554322
1791049134830173700,139.5021735839844,17.665654963962275
1791049134840131800,139.5121318359375,17.58929306719055
1791049134850089700,139.52208984375,17.610725751212065
1791049134860046800,139.532046875,17.562080566188037
1791049134870004700,139.54200463867187,17.82256034072998
1791049134879962600,139.55196264648438,17.679325495838693
1791049134889920800,139.56192065429687,17.792820447173
1791049134899878000,139.5718779296875,17.46505660596123
1791049134909835800,139.58183569335938,18.084004820413686
1791049134919794000,139.5917939453125,17.57683993036772
1791049134929750800,139.60175073242186,17.668632759688027
1791049134939708700,139.61170874023438,17.997673866070112
1791049134949666800,139.62166674804686,17.874235706846804
1791049134959624000,139.6316240234375,17.825931631546972
1791049134969581800,139.64158178710937,17.772824731465256
1791049134979540000,139.6515400390625,17.694894198142393
1791049134989497600,139.66149755859374,17.56300032759788
1791049134999454700,139.67145483398437,17.333416991385068
1791049135009412900,139.68141284179688,17.52770915775661
1791049135019370800,139.69137084960937,17.537618326209145
1791049135029328000,139.70132788085937,17.717669247251404
1791049135039285800,139.71128564453124,17.552870625488406
1791049135049243600,139.72124365234376,17.725514093273546
1791049135059200800,139.73120068359376,17.318153423295534
1791049135069159000,139.74115893554688,17.842355941938777
1791049135079116800,139.75111669921876,17.899564830964557
1791049135089073700,139.76107373046875,18.048658735821697
1791049135099031800,139.77103173828124,18.315693587259823
1791049135108989700,139.78098974609375,18.712240294768034
1791049135118947800,139.79094775390624,18.32839087451511
1791049135128904700,139.80090478515626,18.503334037696025
1791049135138862800,139.81086279296875,18.301796624303467
1791049135148821000,139.82082104492187,18.562467661467597
1791049135158777600,139.83077758789062,18.643204708398308
1791049135168735700,139.84073583984375,17.670565915738134
1791049135178694000,139.85069384765626,17.605934791268037
1791049135188650800,139.86065063476562,17.367536872260292
1791049135198609000,139.87060888671874,17.434053505248823
1791049135208566800,139.88056689453126,17.550547688226555
1791049135218524700,139.89052465820313,17.223721622246277
1791049135228481800,139.90048168945313,17.899220967914925
1791049135238439700,139.91043969726562,17.797784234991354
1791049135248397800,139.92039770507813,17.621418191191143
1791049135258354700,139.93035473632813,17.366159662539392
1791049135268312600,139.9403125,17.196965007955768
1791049135278270700,139.95027075195313,17.43475603372207
1791049135288227800,139.96022778320312,17.499790134306163
1791049135298185700,139.97018579101564,16.995867406455073
1791049135308143900,139.98014379882812,17.02177228063359
1791049135318100700,139.99010083007812,16.437331524766392
1791049135328058600,140.00005859375,17.336120752396653
1791049135338016800,140.01001684570312,17.365372752772764
1791049135347974700,140.019974609375,17.527602240226255
1791049135357931800,140.02993188476563,17.157480363703378
1791049135367890000,140.03988989257812,16.46064994671788
1791049135377847600,140.04984765625,17.02883655472676
1791049135387805200,140.05980517578126,17.035394504785078
1791049135397763300,140.0697634277344,16.741805728741472
1791049135407721000,140.07972094726563,17.391498270798312
1791049135417678000,140.08967797851562,17.17725707971752
1791049135427636200,140.09963623046875,17.523604066966445
1791049135437594000,140.10959399414062,17.59169464254889
1791049135447552300,140.11955224609375,17.43281825405606
1791049135457509000,140.12950903320314,17.942935299008088
1791049135467467000,140.13946704101562,17.606222947538953
1791049135477425200,140.14942504882814,17.814769529631455
1791049135487382300,140.15938232421874,13.11773627067617
1791049135497340200,140.16934008789062,11.967249896203523
1791049135507298300,140.17929833984374,12.197362316283346
1791049135517255200,140.18925512695313,11.807356095916822
1791049135527213000,140.1992131347656,13.048529740540163
1791049135537171200,140.20917114257813,13.451468705783498
1791049135547129000,140.21912915039061,13.574911157672028
1791049135557086200,140.22908618164064,13.905945886231802
1791049135567044400,140.23904443359376,12.79497288165765
1791049135577002000,140.249001953125,13.37443488623602
1791049135586959000,140.258958984375,13.342785051055627
1791049135596917200,140.26891723632812,13.056691371824305
1791049135606875100,140.27887524414064,13.289049015504782
1791049135616832300,140.28883227539063,13.230365391811066
1791049135626790100,140.2987900390625,13.78934236596626
1791049135636748000,140.308748046875,13.601512282764018
1791049135646706200,140.3187060546875,13.195282788692591
1791049135656663300,140.32866333007811,13.309362733369683
1791049135666621200,140.33862109375,13.040385199672718
1791049135676579300,140.34857934570311,13.721761162802391
1791049135686536200,140.3585361328125,13.133903330972517
1791049135696494000,140.368494140625,13.41148235276917
1791049135706452200,140.3784521484375,13.680974330406237
1791049135716409000,140.3884091796875,13.009447128940064
1791049135726367200,140.3983671875,13.141519912662504
1791049135736325000,140.4083251953125,13.460771793843872
1791049135746283000,140.41828295898438,13.206799689713295
1791049135756240100,140.428240234375,13.649048618163997
1791049135766198300,140.4381982421875,13.48990355872159
1791049135776156200,140.44815625,13.658902594584118
1791049135786113300,140.45811328125,13.761014852446205
1791049135796071200,140.4680712890625,13.781100165785027
1791049135806029000,140.47802905273437,14.003783222659472
1791049135815986200,140.48798608398437,13.68076999372124
1791049135825944000,140.49794409179688,14.20676052270656
1791049135835902200,140.50790209960937,14.338871258486014
1791049135845860400,140.5178603515625,13.818273743608469
1791049135855817000,140.52781689453124,14.0155242283871
1791049135865775000,140.53777514648436,13.737864983262986
1791049135875733200,140.54773315429688,14.41865712220091
1791049135885690000,140.55769018554687,14.51784843901203
1791049135895648300,140.5676481933594,14.297116264272203
1791049135905606100,140.57760620117188,14.146404337744384
1791049135915563000,140.58756298828126,13.550124694528371
1791049135925521200,140.59752124023439,12.933829440440228
1791049135935479000,140.60747900390626,13.216699987801384
1791049135945437200,140.6174372558594,13.175772056004957
1791049135955394000,140.62739404296875,13.368022675413801
1791049135965352000,140.63735205078126,13.366298275364697
1791049135975310000,140.64731005859375,13.306301689051438
1791049135985267200,140.65726708984374,13.26093362668863
1791049135995225000,140.66722509765626,12.585409697858918
1791049136005183200,140.67718334960938,12.873352991313483
1791049136015140000,140.68714013671874,12.709804353138317
1791049136025098000,140.69709790039062,13.02816110695225
1791049136035056000,140.70705615234374,13.588514268230009
1791049136045014000,140.71701391601562,12.953753978476813
1791049136054971100,140.72697119140625,12.88038092129634
1791049136064929300,140.73692919921876,12.103749006289485
1791049136074887000,140.7468869628906,12.67399402308137
1791049136084844000,140.75684399414064,12.72863094612305
1791049136094802200,140.76680224609376,12.881780451508893
1791049136104760000,140.77676000976564,13.133422843265416
1791049136114718200,140.78671826171876,12.516113602164125
1791049136124675000,140.79667504882812,11.909640901076505
1791049136134633000,140.80663305664064,11.808334962861595
1791049136144591000,140.81659106445312,11.703982407971674
1791049136154548200,140.82654833984375,12.340981074816487
1791049136164506000,140.83650610351563,11.92436925120508
1791049136174464300,140.84646435546875,12.517996324734524
1791049136184421000,140.8564211425781,12.436084313229628
1791049136194379000,140.86637890625,12.07577803647624
1791049136204337200,140.8763371582031,12.502690847607333
1791049136214295000,140.886294921875,12.725776549719988
1791049136224252200,140.89625219726562,12.952666802635923
1791049136234210300,140.90621020507814,13.179055368332254
1791049136244168000,140.91616796875,13.354780220218645
1791049136254125000,140.926125,12.996019169320899
1791049136264083200,140.93608325195314,12.369680744823778
1791049136274041000,140.946041015625,11.80233541188254
1791049136283998200,140.95599829101562,12.056784622862446
1791049136293956000,140.9659560546875,12.142857981944248
1791049136303914000,140.9759140625,12.308002206590833
1791049136313872100,140.9858720703125,12.109943931128635
1791049136323829200,140.99582934570313,12.080562243366662
1791049136333787100,141.005787109375,11.872582214465547
1791049136343745300,141.01574536132813,11.417594623434882
1791049136353702100,141.0257021484375,11.142577542596754
1791049136363660000,141.03565991210937,10.78047897473768
1791049136373618200,141.0456181640625,10.741015853333101
1791049136383576000,141.055576171875,10.909953848528474
1791049136393533000,141.06553295898436,10.383777860238041
1791049136403490800,141.07549072265624,9.94295469665582
1791049136413448700,141.08544873046876,10.140465722658208
1791049136423405800,141.09540576171875,10.314150600002614
1791049136433364000,141.10536401367187,9.978241999425084
1791049136443321900,141.11532177734375,9.70703060081036
1791049136453278700,141.12527880859375,9.62178171094739
1791049136463236900,141.13523681640626,9.948400149203742
1791049136473194800,141.14519482421875,10.237398223411109
1791049136483153000,141.15515283203126,9.837553054647504
1791049136493110000,141.16511010742187,9.819892593737219
1791049136503068000,141.17506787109374,9.308224334707202
1791049136513026000,141.18502612304687,9.308224334707202
1791049136522983000,141.19498291015626,8.90738861047232
1791049136532940800,141.20494091796874,8.90738861047232
1791049136542899000,141.21489892578126,8.701691410687086
1791049136552856800,141.22485693359374,8.701691410687086
1791049136562814000,141.23481396484374,8.5982565056328
1791049136572771800,141.24477172851562,8.5982565056328
1791049136582729700,141.25472973632813,8.492722498935047
1791049136592686800,141.26468676757813,8.444719169083893
1791049136602645000,141.27464501953125,8.617551197086478
1791049136612603000,141.28460278320313,9.274085283810845
1791049136622561000,141.29456103515625,9.67858999495171
1791049136632518000,141.30451782226564,9.064939539472473
1791049136642475800,141.31447583007812,8.949996435025005
1791049136652434000,141.32443383789064,9.903861584780604
1791049136662391000,141.33439111328124,10.145570042589048
1791049136672349000,141.34434887695312,10.422604842824185
1791049136682307000,141.35430712890624,10.416203924905732
1791049136692264000,141.36426391601563,10.389787464916177
1791049136702221800,141.37422192382812,10.23421997693396
1791049136712180000,141.38417993164063,10.233199945463237
1791049136722137900,141.39413793945312,10.384609195694637
1791049136732095000,141.4040949707031,10.885167071381344
1791049136742052900,141.41405297851563,10.605635614859343
1791049136752010800,141.4240107421875,11.009022205413782
1791049136761967900,141.4339677734375,10.980784837730631
1791049136771926000,141.44392602539062,11.109592805722105
1791049136781884000,141.4538837890625,11.26432550336277
1791049136791842000,141.46384204101562,10.901365503294103
1791049136801799000,141.473798828125,11.370362167779282
1791049136811756800,141.4837568359375,11.715185187830938
1791049136821715000,141.49371484375,11.865721813478217
1791049136831672000,141.50367211914062,12.257637828475309
1791049136841630000,141.5136298828125,11.753566067977815
1791049136851588000,141.52358813476562,11.98210394541604
1791049136861545700,141.5335456542969,12.225646606408079
1791049136871502800,141.5435029296875,12.232169384075272
1791049136881461000,141.5534609375,12.722610410095058
1791049136891419000,141.5634189453125,12.583160820024176
1791049136901376000,141.5733759765625,12.85174504802264
1791049136911334000,141.583333984375,12.899184238554843
1791049136921291800,141.59329174804688,13.442112570090924
1791049136931250000,141.60325,13.147054002257505
1791049136941207000,141.61320703125,12.954480496546836
1791049136951165000,141.6231650390625,13.610012822199714
1791049136961123000,141.633123046875,13.785417741390287
1791049136971080000,141.6430798339844,14.186434951291647
1791049136981037800,141.65303784179687,14.706320834781803
1791049136990996000,141.6629958496094,14.500393645879813
1791049137000952800,141.67295288085938,14.399643457047278
1791049137010911000,141.68291088867187,14.888126374114558
1791049137020868900,141.69286889648438,14.949670142592053
1791049137030826800,141.70282666015626,15.426883841548213
1791049137040784000,141.71278393554687,16.098340117365716
1791049137050742000,141.72274194335938,16.478092670420065
1791049137060700000,141.73269995117187,16.587041470189476
1791049137070656800,141.74265673828126,16.354330593365887
1791049137080615000,141.75261499023438,16.68570069059401
1791049137090572800,141.76257275390626,16.719825975524536
1791049137100531000,141.77253100585938,17.32318214469452
1791049137110488000,141.78248803710937,17.917248991833436
1791049137120446000,141.7924460449219,17.863184266587428
1791049137130404000,141.80240405273437,17.929499690837392
1791049137140361000,141.81236083984376,18.003975612316648
1791049137150318800,141.82231884765625,17.698903553143108
1791049137160277000,141.83227709960937,18.32837754525581
1791049137170235000,141.84223486328125,17.28788949088913
1791049137180192000,141.85219189453124,18.08529703176229
1791049137190150000,141.86214990234376,18.148081878561584
1791049137200107800,141.87210766601564,18.891753214064874
1791049137210065000,141.88206494140624,18.30227577611704
1791049137220023000,141.89202294921876,18.007800756721995
1791049137229981000,141.90198095703124,18.607225754688262
1791049137239939000,141.91193896484376,18.098473390372252
1791049137249896000,141.92189599609375,17.77348507100774
1791049137259853800,141.93185375976563,18.2550165327221
1791049137269812000,141.94181201171875,17.93032935521454
1791049137279768800,141.9517687988281,18.22416030291956
1791049137289727000,141.96172705078126,17.838939447274143
1791049137299685000,141.97168505859375,18.411095953975128
1791049137309642800,141.98164282226563,18.29040863965035
1791049137319599900,141.99159985351562,18.158529035468085
1791049137329558000,142.00155810546875,18.909770516587503
1791049137339516000,142.01151586914062,18.92194882023361
1791049137349473000,142.02147314453126,18.810606823890904
1791049137359431000,142.03143090820313,18.563433675752048
1791049137369388800,142.04138891601562,18.205266594192572
1791049137379347000,142.05134692382813,18.884618827500187
1791049137389304000,142.06130395507813,18.556438252277623
1791049137399262200,142.07126220703125,18.30593684977737
1791049137409220000,142.08122021484374,18.404621796914377
1791049137419177000,142.09117700195313,18.383822106780478
1791049137429135000,142.1011350097656,18.63451112316919
1791049137439093000,142.11109301757813,17.595073607495575
1791049137449051100,142.1210510253906,17.716717600552755
1791049137459008300,142.13100830078125,18.17716276118454
1791049137468966100,142.14096606445312,18.122685965134817
1791049137478924000,142.15092407226564,18.2711965009014
1791049137488881200,142.16088110351564,17.99671047595239
1791049137498839000,142.17083911132812,18.265119172902242
1791049137508797200,142.18079711914064,18.543734799843822
1791049137518755000,142.19075512695312,18.67316687146989
1791049137528712000,142.2007119140625,18.93438560324313
1791049137538670000,142.21067016601563,18.182107113547996
1791049137548628000,142.2206279296875,18.586600562593695
1791049137558585000,142.2305852050781,18.977754808485866
1791049137568543200,142.24054321289063,18.570493551420615
1791049137578501000,142.25050122070311,18.857380137203744
1791049137588459300,142.26045922851563,19.175141205629828
1791049137598416100,142.270416015625,19.4588525215206
1791049137608374000,142.2803740234375,19.53355014225909
1791049137618332200,142.29033227539063,18.94186831936621
1791049137628289300,142.30028930664062,18.755137714794653
1791049137638247200,142.3102470703125,18.83665697856471
1791049137648205000,142.320205078125,19.00066489505816
1791049137658163000,142.33016284179686,18.961820860523417
1791049137668120000,142.3401201171875,18.580370174711426
1791049137678078200,142.350078125,19.01252209938155
1791049137688036000,142.3600361328125,18.055793975593854
1791049137697994200,142.369994140625,18.080066371855203
1791049137707951000,142.379951171875,18.7860378297488
1791049137717909000,142.38990893554688,18.320455804017584
1791049137727867100,142.3998671875,19.02527834199005
1791049137737824300,142.40982421875,18.12499268915539
1791049137747782100,142.4197822265625,18.021841389530284
1791049137757740300,142.429740234375,17.871914141532358
1791049137767698200,142.4396982421875,17.02893232451079
1791049137777655000,142.44965502929688,18.16336263812505
1791049137787613200,142.45961328125,17.789758575121102
1791049137797571000,142.46957104492188,17.442825516384417
1791049137807528200,142.47952807617187,17.818151411074698
1791049137817486000,142.4894860839844,17.534953692911053
1791049137827444000,142.49944384765624,17.915618921659707
1791049137837402000,142.5094020996094,17.57658519555632
1791049137847359200,142.51935913085939,17.091938196234235
1791049137857317000,142.52931713867187,17.49411943492063
1791049137867275300,142.53927514648439,17.29317017008886
1791049137877232000,142.54923217773438,17.193865336295918
1791049137887190000,142.55918994140626,17.08407561756546
1791049137897148200,142.56914819335938,17.178397977542897
1791049137907106000,142.57910595703126,17.508626767464488
1791049137917063200,142.58906323242186,17.170002463703295
1791049137927021000,142.59902099609374,17.55839982750753
1791049137936979000,142.60897900390626,17.084840856702375
1791049137946936000,142.61893603515625,16.612449788734672
1791049137956894200,142.62889428710938,17.050269316353496
1791049137966852000,142.63885205078125,16.75836932379621
1791049137976810200,142.64881030273438,16.839994855733313
1791049137986767000,142.65876708984376,16.424259965701413
1791049137996725000,142.66872509765625,16.12183036066729
1791049138006683100,142.67868310546876,16.69127655310537
1791049138016641000,142.68864111328125,16.19060994149231
1791049138026598100,142.69859814453125,15.857217170104432
1791049138036556300,142.70855639648437,15.376119611476016
1791049138046514000,142.71851391601564,15.64757147393078
1791049138056471000,142.72847094726563,15.960901040941309
1791049138066429200,142.73842919921876,15.400028363908875
1791049138076387000,142.74838696289063,15.432280240851092
1791049138086345200,142.75834521484376,15.810234481623567
1791049138096302000,142.76830200195312,15.909084472153406
1791049138106260000,142.77826000976563,15.59109673674781
1791049138116218000,142.78821801757812,15.703626603871049
1791049138126175200,142.79817529296875,15.779587748325307
1791049138136133000,142.80813305664063,15.56624449754361
1791049138146091300,142.81809130859375,15.293634065193915
1791049138156049200,142.82804907226563,15.687726939266064
1791049138166006000,142.83800610351562,15.282492603490105
1791049138175964200,142.84796411132814,15.217155137158032
1791049138185922000,142.85792211914062,15.383684663618324
1791049138195880200,142.86788012695314,15.19365076403819
1791049138205837300,142.87783740234374,15.75041945714236
1791049138215795000,142.887794921875,15.753200511300282
1791049138225753000,142.89775317382814,15.689760656193894
1791049138235710200,142.90771020507813,15.370022318065892
1791049138245668000,142.91766821289062,15.103481810465551
1791049138255626200,142.92762622070313,15.330514258217104
1791049138265584000,142.93758422851562,14.486083840341223
1791049138275541000,142.947541015625,15.49818112182384
1791049138285499100,142.9574990234375,15.32179115973638
1791049138295457000,142.96745703125,15.208836218271447
1791049138305414100,142.9774140625,15.378431467876654
1791049138315372300,142.98737231445313,14.760561664793432
1791049138325330200,142.997330078125,14.692078405025214
1791049138335288000,143.0072880859375,14.186312024672851
1791049138345245200,143.0172451171875,14.136016546541587
1791049138355203000,143.027203125,14.65217500965716
1791049138365161200,143.0371611328125,14.103148334828933
1791049138375118300,143.04711840820312,14.064794273164638
1791049138385076000,143.0570759277344,14.43151374942846
1791049138395034000,143.0670341796875,13.819763545024163
1791049138404992000,143.0769919433594,14.184738914989952
1791049138414948900,143.08694897460938,13.884301102982315
1791049138424907000,143.09690698242187,14.241709703510677
1791049138434865000,143.10686499023439,14.383911064667789
1791049138444823000,143.11682299804687,14.052841486857309
1791049138454780200,143.1267802734375,14.194841693943037
1791049138464738000,143.13673803710938,14.2634341178394
1791049138474696000,143.14669604492187,14.31368485699494
1791049138484653000,143.15665307617186,13.605353310419208
1791049138494611000,143.16661083984374,13.366921847187012
1791049138504569000,143.17656909179686,13.748725876178623
1791049138514527000,143.18652685546874,13.765328039129017
1791049138524483800,143.19648388671874,13.931273699737922
1791049138534442000,143.20644189453125,13.587576059043315
1791049138544400000,143.21639990234374,13.726865071347849
1791049138554357000,143.22635693359376,14.992692089774179
1791049138564315100,143.23631518554689,15.206817340335933
1791049138574273000,143.24627294921876,15.53108612289998
1791049138584231200,143.2562312011719,16.328704349668925
1791049138594188000,143.26618798828125,16.176258231586427
1791049138604146000,143.27614599609376,16.477781714143603
1791049138614104000,143.28610400390625,15.575523017306065
1791049138624062000,143.29606201171876,15.742333126847905
1791049138634019000,143.30601904296876,15.64792092461361
1791049138643977000,143.31597705078124,15.654252476838602
1791049138653934800,143.32593481445312,16.700485549341366
1791049138663893000,143.33589306640624,16.25652190802488
1791049138673850000,143.34585009765624,16.306422958402994
1791049138683808000,143.35580810546875,16.105104364239335
1791049138693766100,143.36576611328124,15.722369363988834
1791049138703723000,143.37572290039063,15.600879324376756
1791049138713681000,143.3856809082031,15.683478833036812
1791049138723639000,143.39563916015624,16.07514973015887
1791049138733597000,143.4055969238281,16.089598778854427
1791049138743554000,143.41555395507814,16.14807315657699
1791049138753512000,143.42551196289062,15.790976083217641
1791049138763469800,143.4354697265625,16.474074195646704
1791049138773427000,143.44542700195314,16.226859101265582
1791049138783385000,143.45538500976562,16.02373231746986
1791049138793343000,143.46534301757814,15.655580116286972
1791049138803301000,143.47530102539062,16.591424366234513
1791049138813258000,143.48525805664062,16.521652674731587
1791049138823215900,143.4952158203125,16.513478443581707
1791049138833174000,143.50517407226562,16.395970815968177
1791049138843132000,143.5151318359375,16.42262444136794
1791049138853089000,143.52508911132813,16.40998796622179
1791049138863047200,143.53504711914061,16.90105633076171
1791049138873004800,143.5450048828125,16.302665641925834
1791049138882962000,143.5549619140625,16.453416885565062
1791049138892920000,143.5649201660156,16.85365678954665
1791049138902878000,143.5748779296875,17.527421759081975
1791049138912836000,143.5848361816406,17.12531466533179
1791049138922793000,143.59479296875,17.30688408198809
1791049138932750800,143.60475073242188,16.89686314685455
1791049138942709000,143.614708984375,17.195598445939748
1791049138952667000,143.6246669921875,17.33799918676136
1791049138962624000,143.6346240234375,17.27683341662369
1791049138972582100,143.64458203125,17.27683341662369
1791049138982540000,143.6545400390625,17.046206693827802
1791049138992497000,143.66449682617187,16.63296742581981
1791049139002455000,143.674455078125,17.102645001274922
1791049139012413000,143.68441284179687,17.09866577012043
1791049139022371000,143.69437109375,17.061686734285484
1791049139032328200,143.704328125,16.999476542195243
1791049139042285800,143.71428588867187,17.348090945075906
1791049139052244000,143.72424389648438,16.97040985600227
1791049139062201900,143.73420190429687,16.97040985600227
1791049139072159000,143.74415893554686,16.953098734416923
1791049139082117000,143.7541171875,17.063854003016914
1791049139092075000,143.76407495117186,16.831271987741232
1791049139102032000,143.7740319824219,16.621424308291093
1791049139111990000,143.78398999023437,16.89755524353551
1791049139121948000,143.7939479980469,16.957551137224886
1791049139131906000,143.80390600585937,16.54268425212364
1791049139141863200,143.81386328125,16.702698478197416
1791049139151821000,143.82382104492189,16.511960558079362
1791049139161779000,143.83377905273437,16.15790308235634
1791049139171736800,143.84373681640625,15.804734191217578
1791049139181694000,143.85369384765625,16.027980381828026
1791049139191652000,143.86365209960937,15.833179761262674
1791049139201610000,143.87360986328125,16.466424580487658
1791049139211566800,143.88356689453124,16.395005930866237
1791049139221525000,143.89352490234376,16.130746483596344
1791049139231483000,143.90348291015624,16.167497227935232
1791049139241441000,143.91344091796876,15.765699664665256
1791049139251398100,143.92339819335936,16.038169706085796
1791049139261356000,143.93335595703124,16.137148909721226
1791049139271314000,143.94331396484375,16.092395526803514
1791049139281271800,143.95327172851563,16.310172639957337
1791049139291229000,143.96322900390626,16.112119355560093
1791049139301187000,143.97318701171875,16.2948742288608
1791049139311145000,143.98314501953126,15.980319133970838
1791049139321101800,143.99310180664062,16.189177043751226
1791049139331060000,144.00306005859375,15.656406358683832
1791049139341017900,144.01301782226562,15.301196654671788
1791049139350976000,144.02297607421875,15.563735017188378
1791049139362177000,144.0341770019531,15.992227660135386
1791049139372135000,144.04413500976563,15.521628897130755
1791049139382092000,144.05409204101562,15.211610558346996
1791049139392050000,144.0640498046875,14.427812953592364
1791049139402007300,144.07400732421874,14.721191927050073
1791049139411965400,144.08396533203126,15.081513120171998
1791049139421922600,144.0939226074219,15.141291978392047
1791049139431880400,144.10388037109374,15.622090634617331
1791049139441838600,144.1138386230469,15.316732531869553
1791049139451796500,144.12379638671874,15.50973652731696
1791049139461753300,144.13375341796876,15.377293708959881
1791049139471711500,144.14371142578125,15.185532859614042
1791049139481669400,144.15366943359376,15.496830000287401
1791049139491626500,144.16362646484376,15.10371717289426
1791049139501584600,144.17358471679688,16.027540946017897
1791049139511542300,144.18354223632812,16.407778018096312
1791049139521500400,144.19350048828124,15.844458021267089
1791049139531457500,144.20345751953124,15.65745021699747
1791049139541415400,144.21341552734376,16.015970354700944
1791049139551373600,144.22337353515624,16.15015928440534
1791049139561331500,144.23333154296876,16.253884031576543
1791049139571288300,144.24328833007812,15.948195705622618
1791049139581246500,144.25324658203124,16.08772861238902
1791049139591204400,144.26320434570312,16.212250670028094
1791049139601162500,144.27316259765624,16.573222870164994
1791049139611119600,144.28311962890626,16.76350886651761
1791049139621077500,144.2930773925781,16.79095076201603
1791049139631035400,144.30303540039063,16.90638194432022
1791049139640992500,144.31299243164062,16.259892578078002
1791049139650950400,144.32295043945314,16.929702658565677
1791049139660908500,144.33290844726562,16.642322149804926
1791049139670866400,144.34286645507814,16.73675020105952
1791049139680823300,144.3528232421875,17.05102884260003
1791049139690782500,144.36278247070314,16.655529514495544
1791049139700740400,144.372740234375,17.469546169079013
1791049139710698200,144.3826982421875,17.54433779600643
1791049139720655400,144.3926552734375,17.048537657635627
1791049139730613500,144.40261352539062,16.974068858559928
1791049139740571400,144.4125712890625,16.938379678003603
1791049139750529500,144.42252954101562,17.60876165364795
1791049139760486400,144.432486328125,17.8903795962234
1791049139770444300,144.4424443359375,17.725316843031433
1791049139780402400,144.45240234375,17.92994445043164
1791049139790360600,144.46236059570313,17.17585125800552
1791049139800317400,144.4723173828125,17.488214096131387
1791049139810275600,144.4822756347656,17.660556017033976
1791049139820233500,144.4922333984375,17.39917056992131
1791049139830190300,144.5021904296875,18.144867251072718
1791049139840148500,144.5121484375,17.04340177642579
1791049139850106400,144.5221064453125,17.00944215260112
1791049139860064500,144.532064453125,17.166143006067003
1791049139870021400,144.542021484375,17.19401580273033
1791049139879979300,144.55197924804688,17.674015692473528
1791049139889937400,144.5619375,16.9421828477363
1791049139899895600,144.5718955078125,17.059415441525932
1791049139909852400,144.58185229492187,17.17421147794608
1791049139919810600,144.591810546875,17.05742054276758
1791049139929768400,144.6017685546875,17.13097226179023
1791049139939725300,144.61172534179687,16.760830940515472
1791049139949683500,144.62168334960938,17.29956425880472
1791049139959641300,144.63164135742187,17.41621258360357
1791049139969599500,144.641599609375,16.910264053948715
1791049139979556400,144.65155639648438,17.057873434277095
1791049139989514200,144.66151416015626,16.90252142022284
1791049139999472400,144.67147241210938,17.429298641365424
1791049140009430500,144.68143041992187,17.278581931895843
1791049140019387400,144.69138745117186,17.321374151278825
1791049140029345500,144.70134545898438,17.104276889420124
1791049140039303400,144.71130346679686,16.746151367077136
1791049140049261300,144.72126123046874,17.21468274984876
1791049140059218400,144.73121850585937,17.26832174201348
1791049140069176300,144.74117626953125,16.731184967062447
1791049140079134500,144.75113452148437,17.241936829517094
1791049140089092600,144.7610925292969,16.774390199714055
1791049140099049200,144.77104931640625,17.111389320955272
1791049140109007400,144.78100732421876,17.72174162464217
1791049140118965500,144.79096557617189,17.527465363834
1791049140128922400,144.80092236328124,17.357922436228904
1791049140138880500,144.81088061523437,17.281453875211106
1791049140148838400,144.82083837890625,17.27008867087443
1791049140158796500,144.83079663085937,17.730199655966434
1791049140168753400,144.84075341796876,17.465215082437297
1791049140178711300,144.85071118164063,17.440774147014633
1791049140188669400,144.86066943359376,17.247390882918154
1791049140198627600,144.87062768554688,17.62084098273475
1791049140208584400,144.88058447265624,18.154505481559486
1791049140218542300,144.89054223632812,17.51486550380648
1791049140228500500,144.90050048828124,17.74548154764337
1791049140238458400,144.91045825195312,17.214652470063292
1791049140248415500,144.92041552734375,17.05427355545224
1791049140258373400,144.93037329101563,17.603106232546352
1791049140268331500,144.94033154296875,17.117587235794552
1791049140278288400,144.95028833007814,17.910237721702305
1791049140288246300,144.96024633789062,17.13079157527268
1791049140298204400,144.97020434570314,17.67475336319964
1791049140308162600,144.98016259765626,17.935320770473602
1791049140318119400,144.99011938476562,17.176301688056526
1791049140328077600,145.00007763671874,17.656817690149552
1791049140338035500,145.01003540039062,17.13070385737494
1791049140347993300,145.01999340820313,17.554865128903597
1791049140357950500,145.02995043945313,17.52989919124842
1791049140367908400,145.03990844726562,16.71197318688696
1791049140377866500,145.04986645507813,17.83910172565968
1791049140387824600,145.05982470703125,17.38087517577757
1791049140397782500,145.06978247070313,17.91074014241254
1791049140407740700,145.07974072265625,18.164167598209186
1791049140417698600,145.08969848632813,18.436655996630215
1791049140427655700,145.09965576171874,18.1621391578285
1791049140437613800,145.10961376953125,17.403170326419993
1791049140447571700,145.11957177734374,18.163723525785485
1791049140457529600,145.12952954101561,18.63392347362303
1791049140467486700,145.13948681640625,18.54659586434915
1791049140477444600,145.14944458007812,18.620072075048746
1791049140487402800,145.15940283203125,18.741116314764657
1791049140497360600,145.16936059570313,18.299315491323007
1791049140507317500,145.1793173828125,18.939807667163127
1791049140517275600,145.18927563476564,18.664165748231706
1791049140527233500,145.19923364257812,19.280938875759652
1791049140537191700,145.20919165039064,19.11551662516298
1791049140547148800,145.21914868164063,19.691780509657534
1791049140557106700,145.22910668945312,20.210578618819905
1791049140567064800,145.23906494140624,19.667867032503665
1791049140577021700,145.24902172851563,19.168969642070095
1791049140586979600,145.2589794921875,19.514921928626194
1791049140596937700,145.26893774414063,19.955779200366745
1791049140606895600,145.2788955078125,19.96988525386572
1791049140616852700,145.2888527832031,19.29699119322586
1791049140626810600,145.298810546875,19.65959953350386
1791049140636768500,145.3087685546875,19.464849234940957
1791049140646726700,145.3187265625,20.10807657756546
1791049140656683800,145.32868383789062,19.760509496553414
1791049140666641700,145.3386416015625,19.021894260772477
1791049140676599800,145.34859985351562,19.473861651586386
1791049140686557400,145.35855737304686,18.85878808119086
1791049140696514600,145.3685146484375,19.42181619938299
1791049140706472700,145.37847265625,19.19152138498702
1791049140716430600,145.3884306640625,18.77597005792544
1791049140726388700,145.398388671875,18.767747053651
1791049140736345600,145.408345703125,18.414835773249926
1791049140746303500,145.41830346679689,18.967830706694528
1791049140756261600,145.42826171875,19.192170082847433
1791049140766218800,145.43821875,19.007555633778136
1791049140776176600,145.4481767578125,18.715341800766204
1791049140786134800,145.458134765625,19.03746171523323
1791049140796092700,145.4680927734375,18.74011726187599
1791049140806049500,145.47804956054688,19.255370066488616
1791049140816007700,145.48800756835936,19.20481402308733
1791049140825965600,145.49796557617188,18.876843168060518
1791049140835923700,145.507923828125,18.944603921032318
1791049140845880800,145.517880859375,18.570392706731326
1791049140855838500,145.52783837890624,19.040572845038664
1791049140865796600,145.53779663085936,18.940741029606812
1791049140875754500,145.54775439453124,18.638034464757848
1791049140885711600,145.55771166992187,19.029851864315066
1791049140895669800,145.5676696777344,19.086994694400175
1791049140905627600,145.57762768554687,19.488804838595723
1791049140915585800,145.5875856933594,19.516474601079107
1791049140925542700,145.59754272460938,18.871507773875656
1791049140935500500,145.60750048828126,18.831275270201942
1791049140945458700,145.61745874023438,19.31435323718041
1791049140955415800,145.62741577148438,19.31340329720645
1791049140965373700,145.63737377929687,18.781306801016974
1791049140975331600,145.64733154296874,19.03819556450018
1791049140985289500,145.65728955078126,18.598366086263365
1791049140995246600,145.66724658203125,18.96588062848283
1791049141005204700,145.67720483398438,18.599303682400706
1791049141015162600,145.68716259765625,17.875447122069133
1791049141025120800,145.69712084960938,17.83216794071766
1791049141035077600,145.70707763671874,18.090650332828197
1791049141045035500,145.7170354003906,18.107287040348616
1791049141054993700,145.72699365234374,17.913518734248456
1791049141064951600,145.73695166015625,18.740533506397835
1791049141074908700,145.74690869140625,18.08831342077035
1791049141084866800,145.75686669921876,18.776992021503244
1791049141094824400,145.7668244628906,18.0242819178443
1791049141104781600,145.77678149414064,18.44388846996306
1791049141114739700,145.78673974609376,18.492498100403466
1791049141124697600,145.79669750976564,18.463734077151905
1791049141134655700,145.80665576171876,18.50121958871327
1791049141144612600,145.81661254882812,18.844572852879367
1791049141154570500,145.82657055664063,18.428489160134056
1791049141164528600,145.83652856445312,18.7885878603591
1791049141174486500,145.84648657226563,18.065657888395418
1791049141184443600,145.85644360351563,18.929183011400916
1791049141194401800,145.86640185546875,19.282942132411684
1791049141204359400,145.876359375,19.816591886257154
1791049141214317600,145.88631762695312,19.301701638372208
1791049141224274700,145.8962746582031,19.518278843700642
1791049141234232600,145.90623266601563,19.385344677317875
1791049141244190700,145.9161906738281,20.13071059924215
1791049141254148600,145.92614868164063,19.740876298330516
1791049141264105500,145.93610546875,19.842029102584664
1791049141274063600,145.94606372070314,19.806244550802134
1791049141284021500,145.956021484375,20.167281632268693
1791049141293979600,145.96597973632814,19.639391835761586
1791049141303936800,145.97593676757813,19.850746351753582
1791049141313894700,145.98589477539062,19.44204402793401
1791049141323852500,145.9958525390625,20.286162712199975
1791049141333809700,146.0058095703125,20.225703845694287
1791049141343767600,146.015767578125,20.491736975689026
1791049141353725700,146.0257255859375,20.18911512708649
1791049141363683600,146.03568359375,20.46236681920794
1791049141373640400,146.04564038085937,20.786597953562495
1791049141383598600,146.0555986328125,21.038542402461083
1791049141393556500,146.06555639648437,20.932271549306996
1791049141403514600,146.0755146484375,20.322217072163852
1791049141413471700,146.0854716796875,20.491377372980494
1791049141423429600,146.0954296875,20.212188688910924
1791049141433387800,146.1053876953125,20.543305019777133
1791049141443345700,146.115345703125,20.343808493538052
1791049141453302500,146.12530249023436,20.044203480329482
1791049141463260700,146.1352607421875,19.887939695260172
1791049141473218600,146.14521850585936,20.099004987625403
1791049141483176700,146.1551767578125,19.601143257043088
1791049141493133800,146.1651337890625,19.75568540415121
1791049141503091500,146.1750915527344,19.742153598004283
1791049141513049600,146.18504956054687,19.552499441678865
1791049141523007700,146.1950078125,19.599886220155568
1791049141532964600,146.20496459960938,19.737018660516696
1791049141542922800,146.2149228515625,19.446835378446227
1791049141552880600,146.22488061523438,19.01517694518636
1791049141562838800,146.2348388671875,19.315182468702762
1791049141572795600,146.24479565429687,18.9983849799615
1791049141582753500,146.25475341796874,19.25131593035604
1791049141592711700,146.26471166992187,19.240045692119242
1791049141602668800,146.27466870117186,19.216257474275256
1791049141612626700,146.28462670898438,19.294952338457573
1791049141622584600,146.29458447265625,18.2663919973965
1791049141632542700,146.30454272460938,18.175021599874214
1791049141642499600,146.31449951171874,18.424598842311266
1791049141652457700,146.3244577636719,18.474307871211735
1791049141662415600,146.33441552734374,18.53626747722999
1791049141672373800,146.3443737792969,19.215466756907784
1791049141682330600,146.35433056640625,18.279509011101663
1791049141692288500,146.36428857421876,18.9072641898438
1791049141702246700,146.37424658203125,19.24853606486483
1791049141712204800,146.38420483398437,18.816400568770906
1791049141722161700,146.39416162109376,19.26482107663981
1791049141732119800,146.40411987304688,18.736107671676564
1791049141742077700,146.41407763671876,18.76133550012788
1791049141752035600,146.42403564453124,18.40225080923216
1791049141761992700,146.43399267578124,18.06165273351415
1791049141771950800,146.44395092773436,17.923328655997203
1791049141781908700,146.45390869140624,18.255544237355643
1791049141791867000,146.46386694335936,18.582359348717496
1791049141801823700,146.47382373046875,18.269523387255873
1791049141811781600,146.48378173828124,18.735619455909905
1791049141821739800,146.49373974609375,18.172237203722016
1791049141831696600,146.5036965332031,18.399381488435765
1791049141841654800,146.51365478515626,19.270627870316154
1791049141851612700,146.52361279296875,18.729429667002805
1791049141861570600,146.53357055664063,18.641903441502944
1791049141871527700,146.54352758789062,18.402407737310828
1791049141881485800,146.55348583984374,18.304178085184798
1791049141891443700,146.56344360351562,18.304178085184798
1791049141901401900,146.57340185546875,18.743425048186758
1791049141911358700,146.58335864257813,18.420880463994813
1791049141921316600,146.59331665039062,17.704643055370322
1791049141931274800,146.60327465820313,18.41042836475362
1791049141941232600,146.61323266601562,17.942651784124372
1791049141951189800,146.62318969726562,18.758064761133756
1791049141961148000,146.63314794921874,18.084658679846857
1791049141971105500,146.64310546875,18.36391487777742
1791049141981063700,146.65306372070313,19.039023510318877
1791049141991020800,146.66302075195313,18.69922483242968
1791049142000978700,146.6729787597656,19.358286688067455
1791049142010936800,146.68293676757813,18.9358543986739
1791049142020894700,146.6928947753906,18.878825539153254
1791049142030851600,146.7028515625,18.72621776728476
1791049142040809700,146.71280981445312,18.594881068128473
1791049142050767600,146.722767578125,18.67876151071513
1791049142060725800,146.73272583007812,18.689115015314453
1791049142070683000,146.74268286132812,18.501143669681213
1791049142080640800,146.75264086914063,18.413543145863105
1791049142090598700,146.7625986328125,18.003069164571183
1791049142100556500,146.772556640625,18.79055729887834
1791049142110513700,146.782513671875,18.027781877178285
1791049142120471800,146.79247192382812,17.482021395534556
1791049142130429700,146.8024296875,17.54916860368826
1791049142140387800,146.81238793945312,17.260056223830002
1791049142150344700,146.8223447265625,17.32322430467645
1791049142160302600,146.83230249023438,17.150504074888435
1791049142170260700,146.8422607421875,16.77731872337332
1791049142180218600,146.85221850585938,17.17797804981861
1791049142190175700,146.86217578125,16.982952635706695
1791049142200134000,146.8721337890625,17.413967394155655
1791049142210091500,146.88209155273438,17.947472411661135
1791049142220049700,146.89204956054687,17.62328602633799
1791049142230006800,146.9020068359375,18.086865849594528
1791049142239964700,146.91196459960938,17.614424554213002
1791049142249922800,146.9219228515625,18.142985365088904
1791049142259880700,146.93188061523438,18.130054604058376
1791049142269837600,146.94183764648437,18.2113821012475
1791049142279795700,146.9517956542969,18.113758047878527
1791049142289753600,146.96175366210937,17.641973514938435
1791049142299711700,146.9717116699219,17.941834689310003
1791049142309668900,146.9816689453125,17.191467524334684
1791049142319626500,146.99162646484376,16.76978490409281
1791049142329584600,147.00158471679688,17.080882176122657
1791049142339542500,147.01154248046876,16.263211155366616
1791049142349499600,147.02149975585937,16.5062395174956
1791049142359457800,147.03145776367188,16.533110328768796
1791049142369415700,147.04141577148437,15.831798846275127
1791049142379373800,147.05137377929688,15.788855402642147
1791049142389330700,147.06133056640624,16.06710905075657
1791049142399288000,147.0712880859375,16.123754549524335
1791049142409246000,147.0812458496094,16.46323590690031
1791049142419204000,147.0912041015625,16.47407965507635
1791049142429161000,147.10116088867187,16.35094884210523
1791049142439118800,147.11111889648438,16.771809452898957
1791049142449077000,147.12107690429687,16.582937396518087
1791049142459035000,147.13103491210939,16.990282679656573
1791049142468992000,147.14099194335938,16.89402771369691
1791049142478950000,147.15094995117187,16.844796008230745
1791049142488907800,147.16090771484374,16.880115054372833
1791049142498866000,147.17086596679687,16.96223474449689
1791049142508823000,147.18082299804686,17.2981970548803
1791049142518781000,147.19078100585938,16.969694254950802
1791049142528739000,147.20073901367186,16.94991664798729
1791049142538697000,147.21069702148438,17.020204996306912
1791049142548654800,147.22065478515626,16.87145566963474
1791049142558612000,147.2306120605469,17.078268311929428
1791049142568569900,147.24056982421874,16.840661034565862
1791049142578528000,147.25052807617186,17.1140528495812
1791049142588486000,147.26048583984374,16.389559318192358
1791049142598442800,147.27044287109376,16.694801358588325
1791049142608401000,147.28040087890625,16.77752584706176
1791049142618358800,147.29035888671876,16.639549452453494
1791049142628317000,147.30031689453125,16.748676057641095
1791049142638274000,147.31027416992188,15.811812363996479
1791049142648232000,147.32023193359376,16.253032989645998
1791049142658190000,147.33019018554688,16.555021330062495
1791049142668147700,147.34014770507812,16.009126658772296
1791049142678104800,147.35010473632812,16.429918743041892
1791049142688063000,147.36006298828124,16.390854638176705
1791049142698020900,147.37002075195312,15.437028905731895
1791049142707979000,147.37997900390624,15.975748140268685
1791049142717935900,147.38993579101563,15.836538531476041
1791049142727893800,147.39989379882812,16.369518450738777
1791049142737852000,147.40985180664063,16.072459586188923
1791049142747809800,147.41980981445312,16.16003675542146
1791049142757767000,147.4297668457031,15.671110978818835
1791049142767725000,147.43972509765624,16.361235126274778
1791049142777682700,147.4496826171875,17.123224876842006
1791049142787640800,147.45964086914063,16.56240296000906
1791049142797598000,147.46959790039062,16.81424487574033
1791049142807555800,147.47955590820314,16.577622788235647
1791049142817514000,147.48951391601562,16.433068652377507
1791049142827472000,147.49947192382814,16.7267756383432
1791049142837428700,147.5094287109375,16.641358293155886
1791049142847387000,147.51938696289062,16.39627025960953
1791049142857344800,147.5293447265625,16.33962441684429
1791049142867303000,147.53930297851562,16.25224935472707
1791049142877260800,147.5492607421875,16.45855533622361
1791049142887218000,147.55921801757813,16.513761338325594
1791049142897175800,147.56917578125,15.945437395224257
1791049142907133700,147.5791337890625,15.727299715133782
1791049142917091800,147.589091796875,16.077383590068955
1791049142927049000,147.59904907226561,16.069814092437095
1791049142937006800,147.6090068359375,16.397184290854696
1791049142946965000,147.61896508789061,16.42095672291133
1791049142956923000,147.6289228515625,16.201948793592138
1791049142966879700,147.63887963867188,16.778287116752182
1791049142976838000,147.648837890625,17.356849644755037
1791049142986795800,147.65879565429688,18.203470989039136
1791049142996754000,147.66875390625,18.166826998834974
1791049143006711000,147.6787109375,18.073617554838822
1791049143016668700,147.68866870117188,18.12087689125073
1791049143026626800,147.69862670898436,17.440173285298815
1791049143036585000,147.7085849609375,17.50430614804587
1791049143046541800,147.71854174804687,17.612621430716942
1791049143056500000,147.7285,17.69142080529944
1791049143066458000,147.7384580078125,17.743382526144757
1791049143076415700,147.7484157714844,17.91961443446653
1791049143086374000,147.75837377929687,18.225839201329684
1791049143096331000,147.7683310546875,18.70225985753925
1791049143106289000,147.77828881835939,18.00474705755113
1791049143116247000,147.7882470703125,18.032592763619352
1791049143126205000,147.79820483398439,17.9447234204613
1791049143136161800,147.80816186523438,18.544565666947154
1791049143146120000,147.81811987304687,18.07366700426406
1791049143156077800,147.82807788085938,18.012646313423513
1791049143166036000,147.83803588867187,17.69582686769012
1791049143175993000,147.8479931640625,17.072904002606656
1791049143185951000,147.85795092773438,17.880517321984918
1791049143195908900,147.86790893554686,17.77822030549804
1791049143205866800,147.87786669921874,17.7340106508593
1791049143215824000,147.88782397460938,17.92961875954249
1791049143225782000,147.89778198242186,17.505759889521418
1791049143235740000,147.90773999023438,17.823647662212363
1791049143245698000,147.91769799804686,17.78016904149167
1791049143255655000,147.9276550292969,17.464918042331973
1791049143265612800,147.93761279296876,17.94137523801448
1791049143275571000,147.9475710449219,18.07400630669638
1791049143285528800,147.95752880859374,17.559570168877254
1791049143295487000,147.9674870605469,17.626195755508423
1791049143305444000,147.97744409179688,17.480981812654026
1791049143315401700,147.98740161132812,17.259689589882004
1791049143325359900,147.99735986328125,16.94577893450815
1791049143335317800,148.00731787109376,17.112794430015086
1791049143345275000,148.01727490234376,17.48535003521067
1791049143355233000,148.02723291015624,17.136887689182274
1791049143365191000,148.03719091796876,17.161382033381845
1791049143375149000,148.04714916992188,16.181122164694628
1791049143385106000,148.05710595703124,16.357344780183695
1791049143395063800,148.06706372070312,16.373407397552942
1791049143405021700,148.07702172851563,16.55271755761043
1791049143414979600,148.0869794921875,16.54570920593449
1791049143424936700,148.09693676757811,16.599499597113645
1791049143434894800,148.10689477539063,16.50462737118365
1791049143444852700,148.11685278320311,16.249862600005923
1791049143454811000,148.12681079101563,15.869951385721867
1791049143464768800,148.13676879882811,15.29431299809422
1791049143474725600,148.1467255859375,15.494874296498294
1791049143484683800,148.15668383789063,15.906575503680852
1791049143494641700,148.1666416015625,16.11725342170142
1791049143504599800,148.17659985351563,15.408509305705778
1791049143514557000,148.18655688476562,15.585519793434433
1791049143524514600,148.1965146484375,15.719492983274042
1791049143534472700,148.20647265625,15.698295423231091
1791049143544430800,148.21643090820314,15.667878123468702
1791049143554387700,148.2263876953125,14.973833763511621
1791049143564345900,148.23634594726562,15.89590126951873
1791049143574303700,148.2463037109375,15.766095497784438
1791049143584261600,148.25626171875,15.83289936685895
1791049143594218800,148.26621875,16.022837155565753
1791049143604176600,148.2761767578125,16.130626726972956
1791049143614134800,148.286134765625,16.347211267961494
1791049143624093000,148.29609301757813,17.014349136819124
1791049143634050800,148.30605078125,16.31007208327733
1791049143644007700,148.31600756835937,16.665740218317612
1791049143653965800,148.3259658203125,16.093197913708995
1791049143663923700,148.335923828125,16.64676688315532
1791049143673881900,148.3458818359375,16.867790132412743
1791049143683838700,148.35583862304688,17.217791990274183
1791049143693796900,148.365796875,17.315848557111472
1791049143703754800,148.37575463867188,16.412467273135874
1791049143713712600,148.38571264648436,16.21713421971999
1791049143723669800,148.39566967773436,15.90229413063045
1791049143733628000,148.4056279296875,16.515288744315562
1791049143743585800,148.41558569335936,16.040276735152588
1791049143753544000,148.4255439453125,16.399423000249662
1791049143763501800,148.43550170898436,16.304290799977448
1791049143773458700,148.4454587402344,16.33949842435876
1791049143783416800,148.45541674804687,16.223090344568668
1791049143793374700,148.4653747558594,11.920421626804467
1791049143803332900,148.47533276367187,11.64956138406871
1791049143813290000,148.4852900390625,11.761918782104585
1791049143823247600,148.49524755859375,11.947518389693803
1791049143833205800,148.50520581054687,12.70113374076908
1791049143843163600,148.51516357421875,13.027456811594037
1791049143853120800,148.52512084960938,13.29462285537654
1791049143863079000,148.53507885742187,13.192279490573696
1791049143873036800,148.54503686523438,12.980263761765983
1791049143882994700,148.55499462890626,13.45529919038811
1791049143892952600,148.56495263671874,13.613495958522964
1791049143902909700,148.57490966796874,13.985999896260445
1791049143912867800,148.58486791992186,13.996131095332178
1791049143922825700,148.59482568359374,13.887509639030082
1791049143932783900,148.60478393554686,14.008417292370872
1791049143942740700,148.61474072265625,14.280564289934558
1791049143952698600,148.62469873046874,13.885397958142445
1791049143962656800,148.63465673828125,14.250640375698286
1791049143972614700,148.64461474609374,14.049985688517982
1791049143982571800,148.65457177734376,14.092391538149895
1791049143992530000,148.66453002929688,13.811243683271154
1791049144002487600,148.67448754882813,13.839815583859288
1791049144012445700,148.68444580078125,13.525283944913657
1791049144022403800,148.69440380859376,13.566578575671977
1791049144032360700,148.70436059570312,13.766242617093814
1791049144042318800,148.71431884765624,14.036069704782218
1791049144052276700,148.72427685546876,13.47324930733509
1791049144062235000,148.73423486328124,13.398066577816335
1791049144072191700,148.74419165039063,13.67488856994028
1791049144082149600,148.75414965820312,13.884237275255908
1791049144092107800,148.76410766601563,14.141058566837877
1791049144102066000,148.77406591796876,14.482018308671975
1791049144112022800,148.78402270507812,14.199832843375862
1791049144121980700,148.79398071289063,14.571734044101598
1791049144131938800,148.80393872070312,14.48380626499831
1791049144141896700,148.81389672851563,14.574871396342232
1791049144151854800,148.82385473632812,14.879247486875538
1791049144161811700,148.8338117675781,14.600999244121338
1791049144171769900,148.84376977539063,14.449990003098328
1791049144181728000,148.85372802734375,15.272035021361198
1791049144191685600,148.863685546875,15.101932890932405
1791049144201642800,148.87364282226562,15.19561704295327
1791049144211601000,148.88360083007814,15.284692194205736
1791049144221558800,148.89355883789062,15.105069568199466
1791049144231517000,148.90351684570314,15.00985935008871
1791049144241473800,148.91347387695313,15.125562005987753
1791049144251431700,148.923431640625,14.750582559949562
1791049144261389800,148.93338989257813,14.16447667658824
1791049144271347700,148.94334765625,14.485695083279111
1791049144281305900,148.95330590820313,14.235383156670688
1791049144291263000,148.96326293945313,13.962794094325293
1791049144301220600,148.973220703125,13.809024101114492
1791049144311178800,148.9831787109375,13.948032480459693
1791049144321136600,148.99313671875,14.03212865673942
1791049144331093800,149.00309375,13.73387281309697
1791049144341052000,149.01305200195313,12.959436681256848
1791049144351009800,149.023009765625,13.299566329618893
1791049144360968000,149.03296801757813,13.410923690533773
1791049144370925600,149.04292553710937,13.632449424727154
1791049144380882700,149.05288256835937,13.908309795642085
1791049144390840800,149.0628408203125,13.908309795642085
1791049144400798500,149.07279858398437,13.898243073522726
1791049144410756600,149.08275659179688,13.970723053022713
1791049144420713700,149.09271362304688,14.410205217845242
1791049144430671600,149.10267163085936,13.951886889190579
1791049144440629800,149.11262963867188,13.97208850318303
1791049144450587600,149.12258764648436,13.710394683664225
1791049144460544500,149.13254443359375,13.596606046608779
1791049144470502700,149.14250268554687,14.009070917705897
1791049144480460500,149.15246044921875,13.783721720092021
1791049144490418700,149.16241870117187,13.628163825637085
1791049144500376600,149.17237646484375,13.963993664010946
1791049144510333400,149.18233349609375,14.784243388786455
1791049144520291600,149.19229150390626,14.126241649355157
1791049144530249500,149.20224951171875,13.734762789749725
1791049144540207600,149.21220751953126,13.937347833349508
1791049144550164700,149.22216479492187,13.603501372333765
1791049144560122600,149.23212255859374,13.416997891913047
1791049144570080800,149.24208081054687,13.001528859984896
1791049144580038700,149.25203857421874,13.237813877058109
1791049144589995500,149.26199560546874,13.285657958970143
1791049144599953700,149.27195361328126,13.267777968613734
1791049144609911800,149.28191186523438,13.355264741499015
1791049144619869700,149.29186962890626,12.76545246903742
1791049144629827800,149.30182788085938,11.92851597075773
1791049144639784400,149.31178442382813,12.979513124226798
1791049144649742600,149.32174267578125,13.075502868510114
1791049144659700700,149.33170068359374,13.405184142712699
1791049144669658600,149.34165869140625,13.48351193796228
1791049144679615700,149.35161572265625,13.465197371662812
1791049144689573600,149.36157373046876,13.324322985489442
1791049144699531500,149.3715314941406,13.290361425780182
1791049144709489700,149.38148974609376,13.771658430456593
1791049144719446800,149.39144677734376,14.198965489494555
1791049144729404700,149.40140478515625,14.20726948159523
1791049144739362800,149.41136279296876,14.018626444966937
1791049144749320700,149.42132080078125,13.979217682115952
1791049144759278600,149.43127856445312,14.13704090150443
1791049144769235700,149.44123559570312,14.213886806881865
1791049144779193600,149.45119360351563,13.962604634210711
1791049144789151700,149.46115185546876,14.2387767139782
1791049144799109600,149.47110961914063,14.17305903548679
1791049144809066500,149.48106640625,14.841697012575413
1791049144819024600,149.49102465820312,14.540626643645814
1791049144828982500,149.500982421875,14.247832541353585
1791049144838940700,149.51094067382812,14.04868649276797
1791049144848897800,149.5208977050781,14.264648582805272
1791049144858855700,149.53085571289063,14.221552371847526
1791049144868813800,149.5408137207031,14.441053170365398
1791049144878771500,149.550771484375,16.5289164189959
1791049144888729600,149.5607294921875,16.743505285574283
1791049144898686700,149.57068676757814,16.41950226997598
1791049144908644600,149.58064453125,16.003693316721417
1791049144918602800,149.59060278320314,16.385453514348406
1791049144928560600,149.600560546875,16.217676811341
1791049144938517500,149.610517578125,16.806153477469074
1791049144948475600,149.6204755859375,16.984605557579282
1791049144958433500,149.63043359375,17.084500302320656
1791049144968391700,149.6403916015625,16.843280693479052
1791049144978349600,149.650349609375,16.577841240475315
1791049144988306700,149.660306640625,16.431705905085387
1791049144998264600,149.6702646484375,15.997324078961883
1791049145008222500,149.68022241210937,15.603360551080804
1791049145018180600,149.6901806640625,17.235880567338995
1791049145028137700,149.7001376953125,17.04314506928026
1791049145038095600,149.710095703125,17.11417598054966
1791049145048053800,149.7200537109375,16.820715830506707
1791049145058011600,149.73001171875,16.639755516637294
1791049145067968500,149.73996850585937,16.936813353491548
1791049145077926700,149.7499267578125,16.398452620061025
1791049145087884500,149.75988452148437,16.618762900927994
1791049145097842700,149.7698427734375,16.636424478014224
1791049145107800800,149.77980078125,16.25514395449178
1791049145117757400,149.78975732421875,16.500971107389756
1791049145127715600,149.79971557617188,15.880978212350014
1791049145137673700,149.809673828125,16.14263297724829
1791049145147631600,149.81963159179688,16.340979113440945
1791049145157588700,149.82958862304687,15.561889993873312
1791049145167546600,149.8395466308594,16.288886171699424
1791049145177504500,149.84950439453124,16.01636528695583
1791049145187462700,149.8594626464844,15.874267057900745
1791049145197419500,149.86941943359375,16.756284353243785
1791049145207377700,149.87937768554687,16.51574925225888
1791049145217335800,149.88933569335939,16.697136695629265
1791049145227293700,149.89929370117187,16.06981566974234
1791049145237251800,149.909251953125,16.521225263953703
1791049145247208700,149.91920874023438,16.672731307979074
1791049145257166600,149.92916650390626,16.0686405043084
1791049145267124700,149.93912475585938,17.103510456738967
1791049145277082600,149.94908251953126,16.546394819702066
1791049145287039700,149.95903979492186,16.918346429677367
1791049145296997600,149.96899755859374,16.722212936785127
1791049145306955500,149.97895556640626,17.212226403619827
1791049145316913700,149.98891357421874,17.230335186270906
1791049145326870800,149.99887084960938,17.09726938637243
1791049145336828700,150.00882861328125,17.5307705441593
1791049145346786800,150.01878686523438,17.10754219070519
1791049145356744400,150.02874438476562,17.085021431120353
1791049145366702600,150.03870263671874,18.017102099154492
1791049145376659700,150.04865966796876,17.79858332174656
1791049145386617600,150.05861767578125,17.450844066467223
1791049145396576000,150.06857592773437,16.92333730559303
1791049145406534000,150.0785339355469,17.286810733711622
1791049145416490800,150.08849072265625,17.219351285017872
1791049145426449000,150.09844897460937,16.784002065383074
1791049145436406800,150.10840673828125,17.729738424623978
1791049145446365000,150.11836499023437,18.552100110407547
1791049145456322800,150.12832275390625,18.237158039137864
1791049145466280000,150.13828002929688,17.96793551435112
1791049145476238000,150.14823803710937,17.60816307983593
1791049145486195700,150.15819580078124,17.40226353876063
1791049145496153900,150.16815380859376,17.766243665637035
1791049145506111000,150.17811108398436,17.595315174050032
1791049145516068900,150.18806884765624,17.619149299801148
1791049145526027000,150.19802709960936,17.108667969940313
1791049145535985000,150.20798486328124,17.434350436945614
1791049145545941800,150.21794165039063,17.7621484622627
1791049145555900000,150.22789990234375,17.643584435081372
1791049145565857800,150.23785791015624,17.499072952701844
1791049145575816000,150.24781591796875,17.265075860031782
1791049145585773800,150.25777392578124,17.52999757446413
1791049145595730700,150.26773071289062,17.304534235373062
1791049145605688800,150.2776887207031,16.428461168323686
1791049145615646700,150.28764672851563,16.724220506897694
1791049145625604900,150.29760498046875,16.895156617798516
1791049145635562000,150.30756201171874,16.50719462141787
1791049145645520000,150.31751977539062,16.613092777551007
1791049145655478000,150.32747802734374,16.846435167715082
1791049145665436000,150.33743579101562,15.967034889776592
1791049145675393800,150.34739379882814,16.586349775014018
1791049145685351000,150.35735083007813,16.280312631859363
1791049145695308800,150.36730883789062,16.617900092008597
1791049145705267000,150.37726684570313,16.382612096396787
1791049145715225000,150.38722509765626,16.82068552209111
1791049145725181700,150.397181640625,16.57449400457143
1791049145735139800,150.40713989257813,16.857177730730182
1791049145745098000,150.41709790039062,17.13573401816066
1791049145755055900,150.42705590820313,16.561981785312287
1791049145765013000,150.43701293945313,17.209881728268908
1791049145774971100,150.44697119140625,17.14519451594319
1791049145784928800,150.4569287109375,16.762488089211267
1791049145794887000,150.4668869628906,17.644116428300617
1791049145804844800,150.4768447265625,17.491338263738353
1791049145814802000,150.48680200195312,17.453245580048904
1791049145824760000,150.49676000976564,17.01913115542743
1791049145834718000,150.50671801757812,16.928087101723026
1791049145844675800,150.51667578125,17.138778339410873
1791049145854633000,150.52663305664063,17.321722880593562
1791049145864590800,150.5365908203125,17.214831763483943
1791049145874549000,150.54654907226563,17.12839874160032
1791049145884507000,150.5565068359375,17.315709009405335
1791049145894465000,150.56646508789063,17.097642020546896
1791049145904422000,150.576421875,17.235231911160636
1791049145914379800,150.5863798828125,17.43226465487669
1791049145924338000,150.596337890625,17.515072068895293
1791049145934295800,150.6062958984375,17.46188360212711
1791049145944253000,150.6162529296875,17.06325744442235
1791049145954211000,150.62621118164063,17.13006593132861
1791049145964168700,150.63616870117187,17.769587261373243
1791049145974126800,150.646126953125,17.558371950659495
1791049145984084000,150.656083984375,16.72510023124278
1791049145994041900,150.66604174804687,17.426924948492736
1791049146004000000,150.676,17.35265316773628
1791049146013958000,150.6859580078125,17.7694008898755
1791049146023916000,150.695916015625,17.551569243513633
1791049146033873000,150.70587280273438,17.21648848102713
1791049146043830800,150.71583081054686,17.300078769086298
1791049146053789000,150.72578881835938,17.225955604540594
1791049146063746800,150.73574682617186,17.132842994097356
1791049146073704000,150.7457038574219,16.786168303088502
1791049146083661800,150.75566186523437,16.528553957799616
1791049146093619700,150.76561962890625,16.19433014393856
1791049146103577900,150.77557788085937,15.914468175935312
1791049146113535000,150.78553491210937,16.643906417346994
1791049146123492900,150.79549291992188,16.75370754082209
1791049146133451000,150.80545092773437,16.12227191328957
1791049146143409000,150.81540893554688,16.34359670345809
1791049146153366800,150.82536669921876,15.491142850436114
1791049146163324000,150.83532397460937,15.852061965689284
1791049146173281800,150.84528173828124,16.029084162734552
1791049146183240000,150.85523999023437,15.409140011578586
1791049146193198000,150.86519799804688,15.729777271280211
1791049146203154700,150.87515478515624,15.836077758503118
1791049146213112800,150.88511279296876,15.511327579645068
1791049146223071000,150.89507104492188,15.456121855906321
1791049146233028900,150.90502880859376,15.047144301562566
1791049146242987000,150.91498706054688,15.436388504355545
1791049146252944000,150.92494384765624,15.559725104260249
1791049146262901800,150.93490185546875,14.990134014884898
1791049146272860000,150.94485986328124,15.616321114857882
1791049146282817800,150.95481787109375,15.719904264918473
1791049146292775000,150.96477490234375,15.323146060762209
1791049146302733000,150.97473315429687,15.072408293833407
1791049146312691000,150.98469091796875,15.65362347058231
1791049146322649000,150.99464916992187,15.468548776343418
1791049146332606700,151.0046066894531,14.537761536955399
1791049146342563800,151.01456372070314,14.584692454447513
1791049146352522000,151.02452197265626,14.828974393499209
1791049146362479900,151.03447998046875,14.54212600122676
1791049146372438000,151.04443798828126,14.24307531020263
1791049146382395000,151.05439477539062,14.427235287490788
1791049146392352800,151.06435278320313,14.050825533594328
1791049146402311400,151.0743115234375,14.2809629334353
1791049146412269300,151.08426928710938,14.037123811213226
1791049146422226400,151.09422631835938,13.990497545744189
1791049146432184300,151.10418432617186,12.980334566914111
1791049146442142200,151.11414208984374,13.111972662467181
1791049146452100400,151.12410034179686,13.603129386350242
1791049146462058200,151.13405834960938,13.969491582251948
1791049146472015400,151.14401538085937,13.903920745169014
1791049146481973500,151.1539733886719,13.85308496550713
1791049146491931100,151.16393115234376,13.972227667058922
1791049146501889300,151.17388916015625,13.475817374422027
1791049146511846400,151.18384643554688,13.304570829066446
1791049146521804300,151.19380419921876,13.781667555161842
1791049146531762400,151.20376245117188,13.661299654876476
1791049146541720300,151.21372021484376,14.118262714507352
1791049146551677200,151.22367724609376,14.060244332570779
1791049146561635300,151.23363525390624,13.768939547065486
1791049146571593200,151.24359326171876,13.78295857657782
1791049146581551400,151.25355126953124,14.270857730125368
1791049146591509200,151.26350927734376,14.185494466240483
1791049146601466400,151.27346630859375,14.117559641296705
1791049146611424300,151.28342431640624,13.976755124238219
1791049146621382100,151.29338208007812,14.196116436378247
1791049146631340300,151.30334033203124,13.492334521612577
1791049146641297400,151.31329736328124,13.799489260968269
1791049146651255300,151.32325537109375,14.078860821853501
1791049146661213400,151.33321337890624,13.87276756846552
1791049146671171300,151.34317138671875,13.702384699680794
1791049146681129200,151.35312915039063,13.465914253024238
1791049146691086300,151.36308642578126,12.904871024112408
1791049146701044200,151.3730441894531,13.07813661109972
1791049146711002400,151.38300244140626,12.917962839614134
1791049146720960300,151.3929602050781,13.129973981654887
1791049146730917000,151.40291723632814,13.097119555811599
1791049146740875300,151.41287524414062,12.360137929261972
1791049146750833200,151.42283325195314,11.999564219475834
1791049146760791300,151.43279125976562,11.606402321723104
1791049146770749400,151.44274951171874,12.202934667264085
1791049146780706300,151.45270629882813,11.476512091912653
1791049146790664200,151.46266430664062,11.322995904290202
1791049146800622300,151.47262231445313,11.440517299034674
1791049146810580200,151.48258032226562,11.556315111221544
1791049146820537300,151.49253735351562,11.230502331953968
1791049146830495200,151.5024951171875,10.298886468038013
1791049146840453400,151.51245336914062,10.67096667597288
1791049146850411500,151.52241162109374,11.205906573040357
1791049146860368100,151.5323681640625,11.145183080145536
1791049146870326300,151.542326171875,11.12733237136581
1791049146880284400,151.55228442382813,10.962349987817475
1791049146890242300,151.5622421875,10.472174676256069
1791049146900200400,151.57220043945313,10.308152589892154
1791049146910157300,151.5821572265625,10.308152589892154
1791049146920115200,151.592115234375,10.29293164975099
1791049146930073300,151.6020732421875,10.29315681058961
1791049146940031200,151.61203125,6.758461553743099
1791049146950003500,151.62200341796876,6.594835935213808
1791049146959945200,151.6319453125,7.2187253406442915
1791049146969903000,151.64190307617187,7.275786238435391
1791049146979861200,151.651861328125,6.97708104672984
1791049146989818400,151.661818359375,7.362533103364607
1791049146999776300,151.6717763671875,7.5019035687050755
1791049147009734400,151.681734375,7.3451577065491165
1791049147019692500,151.6916926269531,7.730504637251327
1791049147029649200,151.70164916992186,7.734641893820983
1791049147039607300,151.71160717773438,8.528713316510295
1791049147049565400,151.7215654296875,8.718345965561369
1791049147059523300,151.7315234375,9.278928856549538
1791049147069481500,151.7414814453125,9.370147898434503
1791049147079438300,151.75143823242186,9.070200169077342
1791049147089396200,151.76139624023438,9.677889791287464
1791049147099354400,151.77135424804686,9.943503773525268
1791049147109312300,151.78131225585938,9.743560142315188
1791049147119269400,151.79126928710937,9.921150033528829
1791049147129227500,151.8012275390625,10.065965784765664
1791049147139185400,151.81118530273437,10.284376070128529
1791049147149143300,151.8211433105469,10.344817270714014
1791049147159100400,151.83110034179688,10.555754365064894
1791049147169058300,151.84105834960937,11.124191777103107
1791049147179016400,151.85101635742188,11.491271861517749
1791049147188974300,151.86097436523437,11.783770841243403
1791049147198932500,151.87093237304688,12.358489931235878
1791049147208889300,151.88088940429688,12.381180898811284
1791049147218847200,151.89084716796876,12.441065393175618
1791049147228805400,151.90080541992188,12.403835766003514
1791049147238763300,151.91076318359376,12.659145337601974
1791049147248720400,151.92072045898436,13.096448059055303
1791049147258678300,151.93067822265624,13.50382834492953
1791049147268636200,151.94063623046875,14.015589048801624
1791049147278594300,151.95059423828124,14.37734695017443
1791049147288552200,151.96055224609376,14.593141931077549
1791049147298510300,151.97051025390624,15.214546561595244
1791049147308468200,151.98046826171876,15.198407461522518
1791049147318425300,151.99042529296875,15.21205327682712
1791049147328383200,152.00038330078124,14.944207525003996
1791049147338341000,152.01034106445312,14.697745331638814
1791049147348299300,152.02029931640624,15.333729788108407
1791049147358256400,152.03025634765626,15.877187695031928
1791049147368214300,152.04021435546875,16.44828152894275
1791049147378172400,152.05017236328126,15.954836140238614
1791049147388130300,152.06013037109375,16.455804196922323
1791049147398087200,152.07008715820314,16.904756759525426
1791049147408045300,152.08004541015626,16.925937616443402
1791049147418003200,152.09000317382814,17.005506480152864
1791049147427961300,152.09996142578126,16.718136507569568
1791049147437919500,152.10991943359375,17.06305904738109
1791049147447876000,152.1198759765625,16.902125316040976
1791049147457834200,152.12983422851562,17.037292645413586
1791049147467792400,152.13979248046874,16.915265985005572
1791049147477750300,152.14975024414062,16.774823695832673
1791049147487707400,152.15970727539062,16.763991132523337
1791049147497665300,152.16966528320313,16.99145060134275
1791049147507623200,152.179623046875,17.44532782130928
1791049147517581300,152.18958129882813,17.431583895508727
1791049147527539200,152.19953930664062,17.712167095334166
1791049147537496300,152.2094963378906,17.922383017780177
1791049147547454500,152.21945434570313,17.956507745869892
1791049147557412400,152.2294123535156,17.99770121394722
1791049147567370200,152.23937036132813,18.32590118667714
1791049147577327400,152.24932739257812,18.398371797563513
